SCLK,PRESSURE,sol,time,gt_fwhm,gt_vortex_ind,gt_detection_win,gt_4xfwhm,PRESSURE_MA_500,autoencoder_window_hits,autoencoder_positive_hit,window_id,event_sclk,split,label
668287995,723.17,15,16:16:24,False,,False,False,723.25,6,0,0,668288145,train,True
668287996,723.16,15,16:16:25,False,,False,False,723.25,5,0,0,668288145,train,True
668287997,723.19,15,16:16:26,False,,False,False,723.25,5,1,0,668288145,train,True
668287998,723.06,15,16:16:27,False,,False,False,723.25,5,1,0,668288145,train,True
668287999,723.07,15,16:16:28,False,,False,False,723.25,5,1,0,668288145,train,True
668288000,723.08,15,16:16:29,False,,False,False,723.25,6,1,0,668288145,train,True
668288001,723.17,15,16:16:30,False,,False,False,723.25,7,1,0,668288145,train,True
668288002,723.17,15,16:16:31,False,,False,False,723.25,8,1,0,668288145,train,True
668288003,723.17,15,16:16:32,False,,False,False,723.25,8,1,0,668288145,train,True
668288004,723.15,15,16:16:33,False,,False,False,723.25,9,1,0,668288145,train,True
668288005,723.22,15,16:16:34,False,,False,False,723.25,10,1,0,668288145,train,True
668288006,723.17,15,16:16:35,False,,False,False,723.25,11,1,0,668288145,train,True
668288007,723.15,15,16:16:36,False,,False,False,723.25,11,1,0,668288145,train,True
668288008,723.18,15,16:16:37,False,,False,False,723.25,12,1,0,668288145,train,True
668288009,723.14,15,16:16:38,False,,False,False,723.24,13,1,0,668288145,train,True
668288010,723.11,15,16:16:39,False,,False,False,723.24,14,1,0,668288145,train,True
668288011,723.2,15,16:16:40,False,,False,False,723.24,15,1,0,668288145,train,True
668288012,723.17,15,16:16:40,False,,False,False,723.24,16,1,0,668288145,train,True
668288013,723.16,15,16:16:41,False,,False,False,723.24,17,1,0,668288145,train,True
668288014,723.18,15,16:16:42,False,,False,False,723.24,18,1,0,668288145,train,True
668288015,723.23,15,16:16:43,False,,False,False,723.24,19,1,0,668288145,train,True
668288016,723.18,15,16:16:44,False,,False,False,723.24,20,1,0,668288145,train,True
668288017,723.21,15,16:16:45,False,,False,False,723.24,21,1,0,668288145,train,True
668288018,723.2,15,16:16:46,False,,False,False,723.24,22,1,0,668288145,train,True
668288019,723.18,15,16:16:47,False,,False,False,723.24,23,1,0,668288145,train,True
668288020,723.2,15,16:16:48,False,,False,False,723.24,24,1,0,668288145,train,True
668288021,723.19,15,16:16:49,False,,False,False,723.24,25,1,0,668288145,train,True
668288022,723.18,15,16:16:50,False,,False,False,723.24,26,1,0,668288145,train,True
668288023,723.23,15,16:16:51,False,,False,True,723.24,27,1,0,668288145,train,True
668288024,723.12,15,16:16:52,False,,False,True,723.24,28,1,0,668288145,train,True
668288025,723.21,15,16:16:53,False,,False,True,723.24,29,1,0,668288145,train,True
668288026,723.17,15,16:16:54,False,,False,True,723.24,30,1,0,668288145,train,True
668288027,723.13,15,16:16:55,False,,False,True,723.24,31,1,0,668288145,train,True
668288028,723.19,15,16:16:56,False,,False,True,723.24,32,1,0,668288145,train,True
668288029,723.17,15,16:16:57,False,,False,True,723.23,33,1,0,668288145,train,True
668288030,723.15,15,16:16:58,False,,False,True,723.23,34,1,0,668288145,train,True
668288031,723.22,15,16:16:59,False,,False,True,723.23,35,1,0,668288145,train,True
668288032,723.13,15,16:17:00,False,,False,True,723.23,36,1,0,668288145,train,True
668288033,723.15,15,16:17:01,False,,False,True,723.23,37,1,0,668288145,train,True
668288034,723.13,15,16:17:02,False,,False,True,723.23,38,1,0,668288145,train,True
668288035,723.13,15,16:17:03,False,,False,True,723.23,39,1,0,668288145,train,True
668288036,723.11,15,16:17:04,False,,False,True,723.23,40,1,0,668288145,train,True
668288037,723.2,15,16:17:05,False,,False,True,723.23,41,1,0,668288145,train,True
668288038,723.13,15,16:17:06,False,,False,True,723.23,42,1,0,668288145,train,True
668288039,723.11,15,16:17:07,False,,False,True,723.23,43,1,0,668288145,train,True
668288040,723.07,15,16:17:08,False,,False,True,723.23,44,1,0,668288145,train,True
668288041,723.09,15,16:17:09,False,,False,True,723.23,45,1,0,668288145,train,True
668288042,723.22,15,16:17:10,False,,False,True,723.23,46,1,0,668288145,train,True
668288043,723.23,15,16:17:11,False,,False,True,723.23,47,1,0,668288145,train,True
668288044,723.16,15,16:17:12,False,,False,True,723.22,48,1,0,668288145,train,True
668288045,723.19,15,16:17:13,False,,False,True,723.22,49,1,0,668288145,train,True
668288046,723.14,15,16:17:14,False,,False,True,723.22,50,1,0,668288145,train,True
668288047,723.1,15,16:17:15,False,,False,True,723.22,51,1,0,668288145,train,True
668288048,723.21,15,16:17:16,False,,False,True,723.22,52,1,0,668288145,train,True
668288049,723.1,15,16:17:17,False,,False,True,723.22,53,1,0,668288145,train,True
668288050,723.1,15,16:17:17,False,,False,True,723.22,54,1,0,668288145,train,True
668288051,723.15,15,16:17:18,False,,False,True,723.22,55,1,0,668288145,train,True
668288052,723.17,15,16:17:19,False,,False,True,723.22,56,1,0,668288145,train,True
668288053,723.17,15,16:17:20,False,,False,True,723.22,57,1,0,668288145,train,True
668288054,723.08,15,16:17:21,False,,False,True,723.22,58,1,0,668288145,train,True
668287995,723.17,15,16:16:24,False,,False,False,723.25,6,0,1,668288356,train,True
668287996,723.16,15,16:16:25,False,,False,False,723.25,5,0,1,668288356,train,True
668287997,723.19,15,16:16:26,False,,False,False,723.25,5,1,1,668288356,train,True
668287998,723.06,15,16:16:27,False,,False,False,723.25,5,1,1,668288356,train,True
668287999,723.07,15,16:16:28,False,,False,False,723.25,5,1,1,668288356,train,True
668288000,723.08,15,16:16:29,False,,False,False,723.25,6,1,1,668288356,train,True
668288001,723.17,15,16:16:30,False,,False,False,723.25,7,1,1,668288356,train,True
668288002,723.17,15,16:16:31,False,,False,False,723.25,8,1,1,668288356,train,True
668288003,723.17,15,16:16:32,False,,False,False,723.25,8,1,1,668288356,train,True
668288004,723.15,15,16:16:33,False,,False,False,723.25,9,1,1,668288356,train,True
668288005,723.22,15,16:16:34,False,,False,False,723.25,10,1,1,668288356,train,True
668288006,723.17,15,16:16:35,False,,False,False,723.25,11,1,1,668288356,train,True
668288007,723.15,15,16:16:36,False,,False,False,723.25,11,1,1,668288356,train,True
668288008,723.18,15,16:16:37,False,,False,False,723.25,12,1,1,668288356,train,True
668288009,723.14,15,16:16:38,False,,False,False,723.24,13,1,1,668288356,train,True
668288010,723.11,15,16:16:39,False,,False,False,723.24,14,1,1,668288356,train,True
668288011,723.2,15,16:16:40,False,,False,False,723.24,15,1,1,668288356,train,True
668288012,723.17,15,16:16:40,False,,False,False,723.24,16,1,1,668288356,train,True
668288013,723.16,15,16:16:41,False,,False,False,723.24,17,1,1,668288356,train,True
668288014,723.18,15,16:16:42,False,,False,False,723.24,18,1,1,668288356,train,True
668288015,723.23,15,16:16:43,False,,False,False,723.24,19,1,1,668288356,train,True
668288016,723.18,15,16:16:44,False,,False,False,723.24,20,1,1,668288356,train,True
668288017,723.21,15,16:16:45,False,,False,False,723.24,21,1,1,668288356,train,True
668288018,723.2,15,16:16:46,False,,False,False,723.24,22,1,1,668288356,train,True
668288019,723.18,15,16:16:47,False,,False,False,723.24,23,1,1,668288356,train,True
668288020,723.2,15,16:16:48,False,,False,False,723.24,24,1,1,668288356,train,True
668288021,723.19,15,16:16:49,False,,False,False,723.24,25,1,1,668288356,train,True
668288022,723.18,15,16:16:50,False,,False,False,723.24,26,1,1,668288356,train,True
668288023,723.23,15,16:16:51,False,,False,True,723.24,27,1,1,668288356,train,True
668288024,723.12,15,16:16:52,False,,False,True,723.24,28,1,1,668288356,train,True
668288025,723.21,15,16:16:53,False,,False,True,723.24,29,1,1,668288356,train,True
668288026,723.17,15,16:16:54,False,,False,True,723.24,30,1,1,668288356,train,True
668288027,723.13,15,16:16:55,False,,False,True,723.24,31,1,1,668288356,train,True
668288028,723.19,15,16:16:56,False,,False,True,723.24,32,1,1,668288356,train,True
668288029,723.17,15,16:16:57,False,,False,True,723.23,33,1,1,668288356,train,True
668288030,723.15,15,16:16:58,False,,False,True,723.23,34,1,1,668288356,train,True
668288031,723.22,15,16:16:59,False,,False,True,723.23,35,1,1,668288356,train,True
668288032,723.13,15,16:17:00,False,,False,True,723.23,36,1,1,668288356,train,True
668288033,723.15,15,16:17:01,False,,False,True,723.23,37,1,1,668288356,train,True
668288034,723.13,15,16:17:02,False,,False,True,723.23,38,1,1,668288356,train,True
668288035,723.13,15,16:17:03,False,,False,True,723.23,39,1,1,668288356,train,True
668288036,723.11,15,16:17:04,False,,False,True,723.23,40,1,1,668288356,train,True
668288037,723.2,15,16:17:05,False,,False,True,723.23,41,1,1,668288356,train,True
668288038,723.13,15,16:17:06,False,,False,True,723.23,42,1,1,668288356,train,True
668288039,723.11,15,16:17:07,False,,False,True,723.23,43,1,1,668288356,train,True
668288040,723.07,15,16:17:08,False,,False,True,723.23,44,1,1,668288356,train,True
668288041,723.09,15,16:17:09,False,,False,True,723.23,45,1,1,668288356,train,True
668288042,723.22,15,16:17:10,False,,False,True,723.23,46,1,1,668288356,train,True
668288043,723.23,15,16:17:11,False,,False,True,723.23,47,1,1,668288356,train,True
668288044,723.16,15,16:17:12,False,,False,True,723.22,48,1,1,668288356,train,True
668288045,723.19,15,16:17:13,False,,False,True,723.22,49,1,1,668288356,train,True
668288046,723.14,15,16:17:14,False,,False,True,723.22,50,1,1,668288356,train,True
668288047,723.1,15,16:17:15,False,,False,True,723.22,51,1,1,668288356,train,True
668288048,723.21,15,16:17:16,False,,False,True,723.22,52,1,1,668288356,train,True
668288049,723.1,15,16:17:17,False,,False,True,723.22,53,1,1,668288356,train,True
668288050,723.1,15,16:17:17,False,,False,True,723.22,54,1,1,668288356,train,True
668288051,723.15,15,16:17:18,False,,False,True,723.22,55,1,1,668288356,train,True
668288052,723.17,15,16:17:19,False,,False,True,723.22,56,1,1,668288356,train,True
668288053,723.17,15,16:17:20,False,,False,True,723.22,57,1,1,668288356,train,True
668288054,723.08,15,16:17:21,False,,False,True,723.22,58,1,1,668288356,train,True
668287995,723.17,15,16:16:24,False,,False,False,723.25,6,0,2,668363851,train,True
668287996,723.16,15,16:16:25,False,,False,False,723.25,5,0,2,668363851,train,True
668287997,723.19,15,16:16:26,False,,False,False,723.25,5,1,2,668363851,train,True
668287998,723.06,15,16:16:27,False,,False,False,723.25,5,1,2,668363851,train,True
668287999,723.07,15,16:16:28,False,,False,False,723.25,5,1,2,668363851,train,True
668288000,723.08,15,16:16:29,False,,False,False,723.25,6,1,2,668363851,train,True
668288001,723.17,15,16:16:30,False,,False,False,723.25,7,1,2,668363851,train,True
668288002,723.17,15,16:16:31,False,,False,False,723.25,8,1,2,668363851,train,True
668288003,723.17,15,16:16:32,False,,False,False,723.25,8,1,2,668363851,train,True
668288004,723.15,15,16:16:33,False,,False,False,723.25,9,1,2,668363851,train,True
668288005,723.22,15,16:16:34,False,,False,False,723.25,10,1,2,668363851,train,True
668288006,723.17,15,16:16:35,False,,False,False,723.25,11,1,2,668363851,train,True
668288007,723.15,15,16:16:36,False,,False,False,723.25,11,1,2,668363851,train,True
668288008,723.18,15,16:16:37,False,,False,False,723.25,12,1,2,668363851,train,True
668288009,723.14,15,16:16:38,False,,False,False,723.24,13,1,2,668363851,train,True
668288010,723.11,15,16:16:39,False,,False,False,723.24,14,1,2,668363851,train,True
668288011,723.2,15,16:16:40,False,,False,False,723.24,15,1,2,668363851,train,True
668288012,723.17,15,16:16:40,False,,False,False,723.24,16,1,2,668363851,train,True
668288013,723.16,15,16:16:41,False,,False,False,723.24,17,1,2,668363851,train,True
668288014,723.18,15,16:16:42,False,,False,False,723.24,18,1,2,668363851,train,True
668288015,723.23,15,16:16:43,False,,False,False,723.24,19,1,2,668363851,train,True
668288016,723.18,15,16:16:44,False,,False,False,723.24,20,1,2,668363851,train,True
668288017,723.21,15,16:16:45,False,,False,False,723.24,21,1,2,668363851,train,True
668288018,723.2,15,16:16:46,False,,False,False,723.24,22,1,2,668363851,train,True
668288019,723.18,15,16:16:47,False,,False,False,723.24,23,1,2,668363851,train,True
668288020,723.2,15,16:16:48,False,,False,False,723.24,24,1,2,668363851,train,True
668288021,723.19,15,16:16:49,False,,False,False,723.24,25,1,2,668363851,train,True
668288022,723.18,15,16:16:50,False,,False,False,723.24,26,1,2,668363851,train,True
668288023,723.23,15,16:16:51,False,,False,True,723.24,27,1,2,668363851,train,True
668288024,723.12,15,16:16:52,False,,False,True,723.24,28,1,2,668363851,train,True
668288025,723.21,15,16:16:53,False,,False,True,723.24,29,1,2,668363851,train,True
668288026,723.17,15,16:16:54,False,,False,True,723.24,30,1,2,668363851,train,True
668288027,723.13,15,16:16:55,False,,False,True,723.24,31,1,2,668363851,train,True
668288028,723.19,15,16:16:56,False,,False,True,723.24,32,1,2,668363851,train,True
668288029,723.17,15,16:16:57,False,,False,True,723.23,33,1,2,668363851,train,True
668288030,723.15,15,16:16:58,False,,False,True,723.23,34,1,2,668363851,train,True
668288031,723.22,15,16:16:59,False,,False,True,723.23,35,1,2,668363851,train,True
668288032,723.13,15,16:17:00,False,,False,True,723.23,36,1,2,668363851,train,True
668288033,723.15,15,16:17:01,False,,False,True,723.23,37,1,2,668363851,train,True
668288034,723.13,15,16:17:02,False,,False,True,723.23,38,1,2,668363851,train,True
668288035,723.13,15,16:17:03,False,,False,True,723.23,39,1,2,668363851,train,True
668288036,723.11,15,16:17:04,False,,False,True,723.23,40,1,2,668363851,train,True
668288037,723.2,15,16:17:05,False,,False,True,723.23,41,1,2,668363851,train,True
668288038,723.13,15,16:17:06,False,,False,True,723.23,42,1,2,668363851,train,True
668288039,723.11,15,16:17:07,False,,False,True,723.23,43,1,2,668363851,train,True
668288040,723.07,15,16:17:08,False,,False,True,723.23,44,1,2,668363851,train,True
668288041,723.09,15,16:17:09,False,,False,True,723.23,45,1,2,668363851,train,True
668288042,723.22,15,16:17:10,False,,False,True,723.23,46,1,2,668363851,train,True
668288043,723.23,15,16:17:11,False,,False,True,723.23,47,1,2,668363851,train,True
668288044,723.16,15,16:17:12,False,,False,True,723.22,48,1,2,668363851,train,True
668288045,723.19,15,16:17:13,False,,False,True,723.22,49,1,2,668363851,train,True
668288046,723.14,15,16:17:14,False,,False,True,723.22,50,1,2,668363851,train,True
668288047,723.1,15,16:17:15,False,,False,True,723.22,51,1,2,668363851,train,True
668288048,723.21,15,16:17:16,False,,False,True,723.22,52,1,2,668363851,train,True
668288049,723.1,15,16:17:17,False,,False,True,723.22,53,1,2,668363851,train,True
668288050,723.1,15,16:17:17,False,,False,True,723.22,54,1,2,668363851,train,True
668288051,723.15,15,16:17:18,False,,False,True,723.22,55,1,2,668363851,train,True
668288052,723.17,15,16:17:19,False,,False,True,723.22,56,1,2,668363851,train,True
668288053,723.17,15,16:17:20,False,,False,True,723.22,57,1,2,668363851,train,True
668288054,723.08,15,16:17:21,False,,False,True,723.22,58,1,2,668363851,train,True
668287995,723.17,15,16:16:24,False,,False,False,723.25,6,0,3,668370696,train,True
668287996,723.16,15,16:16:25,False,,False,False,723.25,5,0,3,668370696,train,True
668287997,723.19,15,16:16:26,False,,False,False,723.25,5,1,3,668370696,train,True
668287998,723.06,15,16:16:27,False,,False,False,723.25,5,1,3,668370696,train,True
668287999,723.07,15,16:16:28,False,,False,False,723.25,5,1,3,668370696,train,True
668288000,723.08,15,16:16:29,False,,False,False,723.25,6,1,3,668370696,train,True
668288001,723.17,15,16:16:30,False,,False,False,723.25,7,1,3,668370696,train,True
668288002,723.17,15,16:16:31,False,,False,False,723.25,8,1,3,668370696,train,True
668288003,723.17,15,16:16:32,False,,False,False,723.25,8,1,3,668370696,train,True
668288004,723.15,15,16:16:33,False,,False,False,723.25,9,1,3,668370696,train,True
668288005,723.22,15,16:16:34,False,,False,False,723.25,10,1,3,668370696,train,True
668288006,723.17,15,16:16:35,False,,False,False,723.25,11,1,3,668370696,train,True
668288007,723.15,15,16:16:36,False,,False,False,723.25,11,1,3,668370696,train,True
668288008,723.18,15,16:16:37,False,,False,False,723.25,12,1,3,668370696,train,True
668288009,723.14,15,16:16:38,False,,False,False,723.24,13,1,3,668370696,train,True
668288010,723.11,15,16:16:39,False,,False,False,723.24,14,1,3,668370696,train,True
668288011,723.2,15,16:16:40,False,,False,False,723.24,15,1,3,668370696,train,True
668288012,723.17,15,16:16:40,False,,False,False,723.24,16,1,3,668370696,train,True
668288013,723.16,15,16:16:41,False,,False,False,723.24,17,1,3,668370696,train,True
668288014,723.18,15,16:16:42,False,,False,False,723.24,18,1,3,668370696,train,True
668288015,723.23,15,16:16:43,False,,False,False,723.24,19,1,3,668370696,train,True
668288016,723.18,15,16:16:44,False,,False,False,723.24,20,1,3,668370696,train,True
668288017,723.21,15,16:16:45,False,,False,False,723.24,21,1,3,668370696,train,True
668288018,723.2,15,16:16:46,False,,False,False,723.24,22,1,3,668370696,train,True
668288019,723.18,15,16:16:47,False,,False,False,723.24,23,1,3,668370696,train,True
668288020,723.2,15,16:16:48,False,,False,False,723.24,24,1,3,668370696,train,True
668288021,723.19,15,16:16:49,False,,False,False,723.24,25,1,3,668370696,train,True
668288022,723.18,15,16:16:50,False,,False,False,723.24,26,1,3,668370696,train,True
668288023,723.23,15,16:16:51,False,,False,True,723.24,27,1,3,668370696,train,True
668288024,723.12,15,16:16:52,False,,False,True,723.24,28,1,3,668370696,train,True
668288025,723.21,15,16:16:53,False,,False,True,723.24,29,1,3,668370696,train,True
668288026,723.17,15,16:16:54,False,,False,True,723.24,30,1,3,668370696,train,True
668288027,723.13,15,16:16:55,False,,False,True,723.24,31,1,3,668370696,train,True
668288028,723.19,15,16:16:56,False,,False,True,723.24,32,1,3,668370696,train,True
668288029,723.17,15,16:16:57,False,,False,True,723.23,33,1,3,668370696,train,True
668288030,723.15,15,16:16:58,False,,False,True,723.23,34,1,3,668370696,train,True
668288031,723.22,15,16:16:59,False,,False,True,723.23,35,1,3,668370696,train,True
668288032,723.13,15,16:17:00,False,,False,True,723.23,36,1,3,668370696,train,True
668288033,723.15,15,16:17:01,False,,False,True,723.23,37,1,3,668370696,train,True
668288034,723.13,15,16:17:02,False,,False,True,723.23,38,1,3,668370696,train,True
668288035,723.13,15,16:17:03,False,,False,True,723.23,39,1,3,668370696,train,True
668288036,723.11,15,16:17:04,False,,False,True,723.23,40,1,3,668370696,train,True
668288037,723.2,15,16:17:05,False,,False,True,723.23,41,1,3,668370696,train,True
668288038,723.13,15,16:17:06,False,,False,True,723.23,42,1,3,668370696,train,True
668288039,723.11,15,16:17:07,False,,False,True,723.23,43,1,3,668370696,train,True
668288040,723.07,15,16:17:08,False,,False,True,723.23,44,1,3,668370696,train,True
668288041,723.09,15,16:17:09,False,,False,True,723.23,45,1,3,668370696,train,True
668288042,723.22,15,16:17:10,False,,False,True,723.23,46,1,3,668370696,train,True
668288043,723.23,15,16:17:11,False,,False,True,723.23,47,1,3,668370696,train,True
668288044,723.16,15,16:17:12,False,,False,True,723.22,48,1,3,668370696,train,True
668288045,723.19,15,16:17:13,False,,False,True,723.22,49,1,3,668370696,train,True
668288046,723.14,15,16:17:14,False,,False,True,723.22,50,1,3,668370696,train,True
668288047,723.1,15,16:17:15,False,,False,True,723.22,51,1,3,668370696,train,True
668288048,723.21,15,16:17:16,False,,False,True,723.22,52,1,3,668370696,train,True
668288049,723.1,15,16:17:17,False,,False,True,723.22,53,1,3,668370696,train,True
668288050,723.1,15,16:17:17,False,,False,True,723.22,54,1,3,668370696,train,True
668288051,723.15,15,16:17:18,False,,False,True,723.22,55,1,3,668370696,train,True
668288052,723.17,15,16:17:19,False,,False,True,723.22,56,1,3,668370696,train,True
668288053,723.17,15,16:17:20,False,,False,True,723.22,57,1,3,668370696,train,True
668288054,723.08,15,16:17:21,False,,False,True,723.22,58,1,3,668370696,train,True
668287995,723.17,15,16:16:24,False,,False,False,723.25,6,0,4,668373458,train,True
668287996,723.16,15,16:16:25,False,,False,False,723.25,5,0,4,668373458,train,True
668287997,723.19,15,16:16:26,False,,False,False,723.25,5,1,4,668373458,train,True
668287998,723.06,15,16:16:27,False,,False,False,723.25,5,1,4,668373458,train,True
668287999,723.07,15,16:16:28,False,,False,False,723.25,5,1,4,668373458,train,True
668288000,723.08,15,16:16:29,False,,False,False,723.25,6,1,4,668373458,train,True
668288001,723.17,15,16:16:30,False,,False,False,723.25,7,1,4,668373458,train,True
668288002,723.17,15,16:16:31,False,,False,False,723.25,8,1,4,668373458,train,True
668288003,723.17,15,16:16:32,False,,False,False,723.25,8,1,4,668373458,train,True
668288004,723.15,15,16:16:33,False,,False,False,723.25,9,1,4,668373458,train,True
668288005,723.22,15,16:16:34,False,,False,False,723.25,10,1,4,668373458,train,True
668288006,723.17,15,16:16:35,False,,False,False,723.25,11,1,4,668373458,train,True
668288007,723.15,15,16:16:36,False,,False,False,723.25,11,1,4,668373458,train,True
668288008,723.18,15,16:16:37,False,,False,False,723.25,12,1,4,668373458,train,True
668288009,723.14,15,16:16:38,False,,False,False,723.24,13,1,4,668373458,train,True
668288010,723.11,15,16:16:39,False,,False,False,723.24,14,1,4,668373458,train,True
668288011,723.2,15,16:16:40,False,,False,False,723.24,15,1,4,668373458,train,True
668288012,723.17,15,16:16:40,False,,False,False,723.24,16,1,4,668373458,train,True
668288013,723.16,15,16:16:41,False,,False,False,723.24,17,1,4,668373458,train,True
668288014,723.18,15,16:16:42,False,,False,False,723.24,18,1,4,668373458,train,True
668288015,723.23,15,16:16:43,False,,False,False,723.24,19,1,4,668373458,train,True
668288016,723.18,15,16:16:44,False,,False,False,723.24,20,1,4,668373458,train,True
668288017,723.21,15,16:16:45,False,,False,False,723.24,21,1,4,668373458,train,True
668288018,723.2,15,16:16:46,False,,False,False,723.24,22,1,4,668373458,train,True
668288019,723.18,15,16:16:47,False,,False,False,723.24,23,1,4,668373458,train,True
668288020,723.2,15,16:16:48,False,,False,False,723.24,24,1,4,668373458,train,True
668288021,723.19,15,16:16:49,False,,False,False,723.24,25,1,4,668373458,train,True
668288022,723.18,15,16:16:50,False,,False,False,723.24,26,1,4,668373458,train,True
668288023,723.23,15,16:16:51,False,,False,True,723.24,27,1,4,668373458,train,True
668288024,723.12,15,16:16:52,False,,False,True,723.24,28,1,4,668373458,train,True
668288025,723.21,15,16:16:53,False,,False,True,723.24,29,1,4,668373458,train,True
668288026,723.17,15,16:16:54,False,,False,True,723.24,30,1,4,668373458,train,True
668288027,723.13,15,16:16:55,False,,False,True,723.24,31,1,4,668373458,train,True
668288028,723.19,15,16:16:56,False,,False,True,723.24,32,1,4,668373458,train,True
668288029,723.17,15,16:16:57,False,,False,True,723.23,33,1,4,668373458,train,True
668288030,723.15,15,16:16:58,False,,False,True,723.23,34,1,4,668373458,train,True
668288031,723.22,15,16:16:59,False,,False,True,723.23,35,1,4,668373458,train,True
668288032,723.13,15,16:17:00,False,,False,True,723.23,36,1,4,668373458,train,True
668288033,723.15,15,16:17:01,False,,False,True,723.23,37,1,4,668373458,train,True
668288034,723.13,15,16:17:02,False,,False,True,723.23,38,1,4,668373458,train,True
668288035,723.13,15,16:17:03,False,,False,True,723.23,39,1,4,668373458,train,True
668288036,723.11,15,16:17:04,False,,False,True,723.23,40,1,4,668373458,train,True
668288037,723.2,15,16:17:05,False,,False,True,723.23,41,1,4,668373458,train,True
668288038,723.13,15,16:17:06,False,,False,True,723.23,42,1,4,668373458,train,True
668288039,723.11,15,16:17:07,False,,False,True,723.23,43,1,4,668373458,train,True
668288040,723.07,15,16:17:08,False,,False,True,723.23,44,1,4,668373458,train,True
668288041,723.09,15,16:17:09,False,,False,True,723.23,45,1,4,668373458,train,True
668288042,723.22,15,16:17:10,False,,False,True,723.23,46,1,4,668373458,train,True
668288043,723.23,15,16:17:11,False,,False,True,723.23,47,1,4,668373458,train,True
668288044,723.16,15,16:17:12,False,,False,True,723.22,48,1,4,668373458,train,True
668288045,723.19,15,16:17:13,False,,False,True,723.22,49,1,4,668373458,train,True
668288046,723.14,15,16:17:14,False,,False,True,723.22,50,1,4,668373458,train,True
668288047,723.1,15,16:17:15,False,,False,True,723.22,51,1,4,668373458,train,True
668288048,723.21,15,16:17:16,False,,False,True,723.22,52,1,4,668373458,train,True
668288049,723.1,15,16:17:17,False,,False,True,723.22,53,1,4,668373458,train,True
668288050,723.1,15,16:17:17,False,,False,True,723.22,54,1,4,668373458,train,True
668288051,723.15,15,16:17:18,False,,False,True,723.22,55,1,4,668373458,train,True
668288052,723.17,15,16:17:19,False,,False,True,723.22,56,1,4,668373458,train,True
668288053,723.17,15,16:17:20,False,,False,True,723.22,57,1,4,668373458,train,True
668288054,723.08,15,16:17:21,False,,False,True,723.22,58,1,4,668373458,train,True
668287995,723.17,15,16:16:24,False,,False,False,723.25,6,0,5,668450709,train,True
668287996,723.16,15,16:16:25,False,,False,False,723.25,5,0,5,668450709,train,True
668287997,723.19,15,16:16:26,False,,False,False,723.25,5,1,5,668450709,train,True
668287998,723.06,15,16:16:27,False,,False,False,723.25,5,1,5,668450709,train,True
668287999,723.07,15,16:16:28,False,,False,False,723.25,5,1,5,668450709,train,True
668288000,723.08,15,16:16:29,False,,False,False,723.25,6,1,5,668450709,train,True
668288001,723.17,15,16:16:30,False,,False,False,723.25,7,1,5,668450709,train,True
668288002,723.17,15,16:16:31,False,,False,False,723.25,8,1,5,668450709,train,True
668288003,723.17,15,16:16:32,False,,False,False,723.25,8,1,5,668450709,train,True
668288004,723.15,15,16:16:33,False,,False,False,723.25,9,1,5,668450709,train,True
668288005,723.22,15,16:16:34,False,,False,False,723.25,10,1,5,668450709,train,True
668288006,723.17,15,16:16:35,False,,False,False,723.25,11,1,5,668450709,train,True
668288007,723.15,15,16:16:36,False,,False,False,723.25,11,1,5,668450709,train,True
668288008,723.18,15,16:16:37,False,,False,False,723.25,12,1,5,668450709,train,True
668288009,723.14,15,16:16:38,False,,False,False,723.24,13,1,5,668450709,train,True
668288010,723.11,15,16:16:39,False,,False,False,723.24,14,1,5,668450709,train,True
668288011,723.2,15,16:16:40,False,,False,False,723.24,15,1,5,668450709,train,True
668288012,723.17,15,16:16:40,False,,False,False,723.24,16,1,5,668450709,train,True
668288013,723.16,15,16:16:41,False,,False,False,723.24,17,1,5,668450709,train,True
668288014,723.18,15,16:16:42,False,,False,False,723.24,18,1,5,668450709,train,True
668288015,723.23,15,16:16:43,False,,False,False,723.24,19,1,5,668450709,train,True
668288016,723.18,15,16:16:44,False,,False,False,723.24,20,1,5,668450709,train,True
668288017,723.21,15,16:16:45,False,,False,False,723.24,21,1,5,668450709,train,True
668288018,723.2,15,16:16:46,False,,False,False,723.24,22,1,5,668450709,train,True
668288019,723.18,15,16:16:47,False,,False,False,723.24,23,1,5,668450709,train,True
668288020,723.2,15,16:16:48,False,,False,False,723.24,24,1,5,668450709,train,True
668288021,723.19,15,16:16:49,False,,False,False,723.24,25,1,5,668450709,train,True
668288022,723.18,15,16:16:50,False,,False,False,723.24,26,1,5,668450709,train,True
668288023,723.23,15,16:16:51,False,,False,True,723.24,27,1,5,668450709,train,True
668288024,723.12,15,16:16:52,False,,False,True,723.24,28,1,5,668450709,train,True
668288025,723.21,15,16:16:53,False,,False,True,723.24,29,1,5,668450709,train,True
668288026,723.17,15,16:16:54,False,,False,True,723.24,30,1,5,668450709,train,True
668288027,723.13,15,16:16:55,False,,False,True,723.24,31,1,5,668450709,train,True
668288028,723.19,15,16:16:56,False,,False,True,723.24,32,1,5,668450709,train,True
668288029,723.17,15,16:16:57,False,,False,True,723.23,33,1,5,668450709,train,True
668288030,723.15,15,16:16:58,False,,False,True,723.23,34,1,5,668450709,train,True
668288031,723.22,15,16:16:59,False,,False,True,723.23,35,1,5,668450709,train,True
668288032,723.13,15,16:17:00,False,,False,True,723.23,36,1,5,668450709,train,True
668288033,723.15,15,16:17:01,False,,False,True,723.23,37,1,5,668450709,train,True
668288034,723.13,15,16:17:02,False,,False,True,723.23,38,1,5,668450709,train,True
668288035,723.13,15,16:17:03,False,,False,True,723.23,39,1,5,668450709,train,True
668288036,723.11,15,16:17:04,False,,False,True,723.23,40,1,5,668450709,train,True
668288037,723.2,15,16:17:05,False,,False,True,723.23,41,1,5,668450709,train,True
668288038,723.13,15,16:17:06,False,,False,True,723.23,42,1,5,668450709,train,True
668288039,723.11,15,16:17:07,False,,False,True,723.23,43,1,5,668450709,train,True
668288040,723.07,15,16:17:08,False,,False,True,723.23,44,1,5,668450709,train,True
668288041,723.09,15,16:17:09,False,,False,True,723.23,45,1,5,668450709,train,True
668288042,723.22,15,16:17:10,False,,False,True,723.23,46,1,5,668450709,train,True
668288043,723.23,15,16:17:11,False,,False,True,723.23,47,1,5,668450709,train,True
668288044,723.16,15,16:17:12,False,,False,True,723.22,48,1,5,668450709,train,True
668288045,723.19,15,16:17:13,False,,False,True,723.22,49,1,5,668450709,train,True
668288046,723.14,15,16:17:14,False,,False,True,723.22,50,1,5,668450709,train,True
668288047,723.1,15,16:17:15,False,,False,True,723.22,51,1,5,668450709,train,True
668288048,723.21,15,16:17:16,False,,False,True,723.22,52,1,5,668450709,train,True
668288049,723.1,15,16:17:17,False,,False,True,723.22,53,1,5,668450709,train,True
668288050,723.1,15,16:17:17,False,,False,True,723.22,54,1,5,668450709,train,True
668288051,723.15,15,16:17:18,False,,False,True,723.22,55,1,5,668450709,train,True
668288052,723.17,15,16:17:19,False,,False,True,723.22,56,1,5,668450709,train,True
668288053,723.17,15,16:17:20,False,,False,True,723.22,57,1,5,668450709,train,True
668288054,723.08,15,16:17:21,False,,False,True,723.22,58,1,5,668450709,train,True
668287995,723.17,15,16:16:24,False,,False,False,723.25,6,0,6,668451679,train,True
668287996,723.16,15,16:16:25,False,,False,False,723.25,5,0,6,668451679,train,True
668287997,723.19,15,16:16:26,False,,False,False,723.25,5,1,6,668451679,train,True
668287998,723.06,15,16:16:27,False,,False,False,723.25,5,1,6,668451679,train,True
668287999,723.07,15,16:16:28,False,,False,False,723.25,5,1,6,668451679,train,True
668288000,723.08,15,16:16:29,False,,False,False,723.25,6,1,6,668451679,train,True
668288001,723.17,15,16:16:30,False,,False,False,723.25,7,1,6,668451679,train,True
668288002,723.17,15,16:16:31,False,,False,False,723.25,8,1,6,668451679,train,True
668288003,723.17,15,16:16:32,False,,False,False,723.25,8,1,6,668451679,train,True
668288004,723.15,15,16:16:33,False,,False,False,723.25,9,1,6,668451679,train,True
668288005,723.22,15,16:16:34,False,,False,False,723.25,10,1,6,668451679,train,True
668288006,723.17,15,16:16:35,False,,False,False,723.25,11,1,6,668451679,train,True
668288007,723.15,15,16:16:36,False,,False,False,723.25,11,1,6,668451679,train,True
668288008,723.18,15,16:16:37,False,,False,False,723.25,12,1,6,668451679,train,True
668288009,723.14,15,16:16:38,False,,False,False,723.24,13,1,6,668451679,train,True
668288010,723.11,15,16:16:39,False,,False,False,723.24,14,1,6,668451679,train,True
668288011,723.2,15,16:16:40,False,,False,False,723.24,15,1,6,668451679,train,True
668288012,723.17,15,16:16:40,False,,False,False,723.24,16,1,6,668451679,train,True
668288013,723.16,15,16:16:41,False,,False,False,723.24,17,1,6,668451679,train,True
668288014,723.18,15,16:16:42,False,,False,False,723.24,18,1,6,668451679,train,True
668288015,723.23,15,16:16:43,False,,False,False,723.24,19,1,6,668451679,train,True
668288016,723.18,15,16:16:44,False,,False,False,723.24,20,1,6,668451679,train,True
668288017,723.21,15,16:16:45,False,,False,False,723.24,21,1,6,668451679,train,True
668288018,723.2,15,16:16:46,False,,False,False,723.24,22,1,6,668451679,train,True
668288019,723.18,15,16:16:47,False,,False,False,723.24,23,1,6,668451679,train,True
668288020,723.2,15,16:16:48,False,,False,False,723.24,24,1,6,668451679,train,True
668288021,723.19,15,16:16:49,False,,False,False,723.24,25,1,6,668451679,train,True
668288022,723.18,15,16:16:50,False,,False,False,723.24,26,1,6,668451679,train,True
668288023,723.23,15,16:16:51,False,,False,True,723.24,27,1,6,668451679,train,True
668288024,723.12,15,16:16:52,False,,False,True,723.24,28,1,6,668451679,train,True
668288025,723.21,15,16:16:53,False,,False,True,723.24,29,1,6,668451679,train,True
668288026,723.17,15,16:16:54,False,,False,True,723.24,30,1,6,668451679,train,True
668288027,723.13,15,16:16:55,False,,False,True,723.24,31,1,6,668451679,train,True
668288028,723.19,15,16:16:56,False,,False,True,723.24,32,1,6,668451679,train,True
668288029,723.17,15,16:16:57,False,,False,True,723.23,33,1,6,668451679,train,True
668288030,723.15,15,16:16:58,False,,False,True,723.23,34,1,6,668451679,train,True
668288031,723.22,15,16:16:59,False,,False,True,723.23,35,1,6,668451679,train,True
668288032,723.13,15,16:17:00,False,,False,True,723.23,36,1,6,668451679,train,True
668288033,723.15,15,16:17:01,False,,False,True,723.23,37,1,6,668451679,train,True
668288034,723.13,15,16:17:02,False,,False,True,723.23,38,1,6,668451679,train,True
668288035,723.13,15,16:17:03,False,,False,True,723.23,39,1,6,668451679,train,True
668288036,723.11,15,16:17:04,False,,False,True,723.23,40,1,6,668451679,train,True
668288037,723.2,15,16:17:05,False,,False,True,723.23,41,1,6,668451679,train,True
668288038,723.13,15,16:17:06,False,,False,True,723.23,42,1,6,668451679,train,True
668288039,723.11,15,16:17:07,False,,False,True,723.23,43,1,6,668451679,train,True
668288040,723.07,15,16:17:08,False,,False,True,723.23,44,1,6,668451679,train,True
668288041,723.09,15,16:17:09,False,,False,True,723.23,45,1,6,668451679,train,True
668288042,723.22,15,16:17:10,False,,False,True,723.23,46,1,6,668451679,train,True
668288043,723.23,15,16:17:11,False,,False,True,723.23,47,1,6,668451679,train,True
668288044,723.16,15,16:17:12,False,,False,True,723.22,48,1,6,668451679,train,True
668288045,723.19,15,16:17:13,False,,False,True,723.22,49,1,6,668451679,train,True
668288046,723.14,15,16:17:14,False,,False,True,723.22,50,1,6,668451679,train,True
668288047,723.1,15,16:17:15,False,,False,True,723.22,51,1,6,668451679,train,True
668288048,723.21,15,16:17:16,False,,False,True,723.22,52,1,6,668451679,train,True
668288049,723.1,15,16:17:17,False,,False,True,723.22,53,1,6,668451679,train,True
668288050,723.1,15,16:17:17,False,,False,True,723.22,54,1,6,668451679,train,True
668288051,723.15,15,16:17:18,False,,False,True,723.22,55,1,6,668451679,train,True
668288052,723.17,15,16:17:19,False,,False,True,723.22,56,1,6,668451679,train,True
668288053,723.17,15,16:17:20,False,,False,True,723.22,57,1,6,668451679,train,True
668288054,723.08,15,16:17:21,False,,False,True,723.22,58,1,6,668451679,train,True
668287995,723.17,15,16:16:24,False,,False,False,723.25,6,0,7,668465594,train,True
668287996,723.16,15,16:16:25,False,,False,False,723.25,5,0,7,668465594,train,True
668287997,723.19,15,16:16:26,False,,False,False,723.25,5,1,7,668465594,train,True
668287998,723.06,15,16:16:27,False,,False,False,723.25,5,1,7,668465594,train,True
668287999,723.07,15,16:16:28,False,,False,False,723.25,5,1,7,668465594,train,True
668288000,723.08,15,16:16:29,False,,False,False,723.25,6,1,7,668465594,train,True
668288001,723.17,15,16:16:30,False,,False,False,723.25,7,1,7,668465594,train,True
668288002,723.17,15,16:16:31,False,,False,False,723.25,8,1,7,668465594,train,True
668288003,723.17,15,16:16:32,False,,False,False,723.25,8,1,7,668465594,train,True
668288004,723.15,15,16:16:33,False,,False,False,723.25,9,1,7,668465594,train,True
668288005,723.22,15,16:16:34,False,,False,False,723.25,10,1,7,668465594,train,True
668288006,723.17,15,16:16:35,False,,False,False,723.25,11,1,7,668465594,train,True
668288007,723.15,15,16:16:36,False,,False,False,723.25,11,1,7,668465594,train,True
668288008,723.18,15,16:16:37,False,,False,False,723.25,12,1,7,668465594,train,True
668288009,723.14,15,16:16:38,False,,False,False,723.24,13,1,7,668465594,train,True
668288010,723.11,15,16:16:39,False,,False,False,723.24,14,1,7,668465594,train,True
668288011,723.2,15,16:16:40,False,,False,False,723.24,15,1,7,668465594,train,True
668288012,723.17,15,16:16:40,False,,False,False,723.24,16,1,7,668465594,train,True
668288013,723.16,15,16:16:41,False,,False,False,723.24,17,1,7,668465594,train,True
668288014,723.18,15,16:16:42,False,,False,False,723.24,18,1,7,668465594,train,True
668288015,723.23,15,16:16:43,False,,False,False,723.24,19,1,7,668465594,train,True
668288016,723.18,15,16:16:44,False,,False,False,723.24,20,1,7,668465594,train,True
668288017,723.21,15,16:16:45,False,,False,False,723.24,21,1,7,668465594,train,True
668288018,723.2,15,16:16:46,False,,False,False,723.24,22,1,7,668465594,train,True
668288019,723.18,15,16:16:47,False,,False,False,723.24,23,1,7,668465594,train,True
668288020,723.2,15,16:16:48,False,,False,False,723.24,24,1,7,668465594,train,True
668288021,723.19,15,16:16:49,False,,False,False,723.24,25,1,7,668465594,train,True
668288022,723.18,15,16:16:50,False,,False,False,723.24,26,1,7,668465594,train,True
668288023,723.23,15,16:16:51,False,,False,True,723.24,27,1,7,668465594,train,True
668288024,723.12,15,16:16:52,False,,False,True,723.24,28,1,7,668465594,train,True
668288025,723.21,15,16:16:53,False,,False,True,723.24,29,1,7,668465594,train,True
668288026,723.17,15,16:16:54,False,,False,True,723.24,30,1,7,668465594,train,True
668288027,723.13,15,16:16:55,False,,False,True,723.24,31,1,7,668465594,train,True
668288028,723.19,15,16:16:56,False,,False,True,723.24,32,1,7,668465594,train,True
668288029,723.17,15,16:16:57,False,,False,True,723.23,33,1,7,668465594,train,True
668288030,723.15,15,16:16:58,False,,False,True,723.23,34,1,7,668465594,train,True
668288031,723.22,15,16:16:59,False,,False,True,723.23,35,1,7,668465594,train,True
668288032,723.13,15,16:17:00,False,,False,True,723.23,36,1,7,668465594,train,True
668288033,723.15,15,16:17:01,False,,False,True,723.23,37,1,7,668465594,train,True
668288034,723.13,15,16:17:02,False,,False,True,723.23,38,1,7,668465594,train,True
668288035,723.13,15,16:17:03,False,,False,True,723.23,39,1,7,668465594,train,True
668288036,723.11,15,16:17:04,False,,False,True,723.23,40,1,7,668465594,train,True
668288037,723.2,15,16:17:05,False,,False,True,723.23,41,1,7,668465594,train,True
668288038,723.13,15,16:17:06,False,,False,True,723.23,42,1,7,668465594,train,True
668288039,723.11,15,16:17:07,False,,False,True,723.23,43,1,7,668465594,train,True
668288040,723.07,15,16:17:08,False,,False,True,723.23,44,1,7,668465594,train,True
668288041,723.09,15,16:17:09,False,,False,True,723.23,45,1,7,668465594,train,True
668288042,723.22,15,16:17:10,False,,False,True,723.23,46,1,7,668465594,train,True
668288043,723.23,15,16:17:11,False,,False,True,723.23,47,1,7,668465594,train,True
668288044,723.16,15,16:17:12,False,,False,True,723.22,48,1,7,668465594,train,True
668288045,723.19,15,16:17:13,False,,False,True,723.22,49,1,7,668465594,train,True
668288046,723.14,15,16:17:14,False,,False,True,723.22,50,1,7,668465594,train,True
668288047,723.1,15,16:17:15,False,,False,True,723.22,51,1,7,668465594,train,True
668288048,723.21,15,16:17:16,False,,False,True,723.22,52,1,7,668465594,train,True
668288049,723.1,15,16:17:17,False,,False,True,723.22,53,1,7,668465594,train,True
668288050,723.1,15,16:17:17,False,,False,True,723.22,54,1,7,668465594,train,True
668288051,723.15,15,16:17:18,False,,False,True,723.22,55,1,7,668465594,train,True
668288052,723.17,15,16:17:19,False,,False,True,723.22,56,1,7,668465594,train,True
668288053,723.17,15,16:17:20,False,,False,True,723.22,57,1,7,668465594,train,True
668288054,723.08,15,16:17:21,False,,False,True,723.22,58,1,7,668465594,train,True
668287995,723.17,15,16:16:24,False,,False,False,723.25,6,0,8,668471362,train,True
668287996,723.16,15,16:16:25,False,,False,False,723.25,5,0,8,668471362,train,True
668287997,723.19,15,16:16:26,False,,False,False,723.25,5,1,8,668471362,train,True
668287998,723.06,15,16:16:27,False,,False,False,723.25,5,1,8,668471362,train,True
668287999,723.07,15,16:16:28,False,,False,False,723.25,5,1,8,668471362,train,True
668288000,723.08,15,16:16:29,False,,False,False,723.25,6,1,8,668471362,train,True
668288001,723.17,15,16:16:30,False,,False,False,723.25,7,1,8,668471362,train,True
668288002,723.17,15,16:16:31,False,,False,False,723.25,8,1,8,668471362,train,True
668288003,723.17,15,16:16:32,False,,False,False,723.25,8,1,8,668471362,train,True
668288004,723.15,15,16:16:33,False,,False,False,723.25,9,1,8,668471362,train,True
668288005,723.22,15,16:16:34,False,,False,False,723.25,10,1,8,668471362,train,True
668288006,723.17,15,16:16:35,False,,False,False,723.25,11,1,8,668471362,train,True
668288007,723.15,15,16:16:36,False,,False,False,723.25,11,1,8,668471362,train,True
668288008,723.18,15,16:16:37,False,,False,False,723.25,12,1,8,668471362,train,True
668288009,723.14,15,16:16:38,False,,False,False,723.24,13,1,8,668471362,train,True
668288010,723.11,15,16:16:39,False,,False,False,723.24,14,1,8,668471362,train,True
668288011,723.2,15,16:16:40,False,,False,False,723.24,15,1,8,668471362,train,True
668288012,723.17,15,16:16:40,False,,False,False,723.24,16,1,8,668471362,train,True
668288013,723.16,15,16:16:41,False,,False,False,723.24,17,1,8,668471362,train,True
668288014,723.18,15,16:16:42,False,,False,False,723.24,18,1,8,668471362,train,True
668288015,723.23,15,16:16:43,False,,False,False,723.24,19,1,8,668471362,train,True
668288016,723.18,15,16:16:44,False,,False,False,723.24,20,1,8,668471362,train,True
668288017,723.21,15,16:16:45,False,,False,False,723.24,21,1,8,668471362,train,True
668288018,723.2,15,16:16:46,False,,False,False,723.24,22,1,8,668471362,train,True
668288019,723.18,15,16:16:47,False,,False,False,723.24,23,1,8,668471362,train,True
668288020,723.2,15,16:16:48,False,,False,False,723.24,24,1,8,668471362,train,True
668288021,723.19,15,16:16:49,False,,False,False,723.24,25,1,8,668471362,train,True
668288022,723.18,15,16:16:50,False,,False,False,723.24,26,1,8,668471362,train,True
668288023,723.23,15,16:16:51,False,,False,True,723.24,27,1,8,668471362,train,True
668288024,723.12,15,16:16:52,False,,False,True,723.24,28,1,8,668471362,train,True
668288025,723.21,15,16:16:53,False,,False,True,723.24,29,1,8,668471362,train,True
668288026,723.17,15,16:16:54,False,,False,True,723.24,30,1,8,668471362,train,True
668288027,723.13,15,16:16:55,False,,False,True,723.24,31,1,8,668471362,train,True
668288028,723.19,15,16:16:56,False,,False,True,723.24,32,1,8,668471362,train,True
668288029,723.17,15,16:16:57,False,,False,True,723.23,33,1,8,668471362,train,True
668288030,723.15,15,16:16:58,False,,False,True,723.23,34,1,8,668471362,train,True
668288031,723.22,15,16:16:59,False,,False,True,723.23,35,1,8,668471362,train,True
668288032,723.13,15,16:17:00,False,,False,True,723.23,36,1,8,668471362,train,True
668288033,723.15,15,16:17:01,False,,False,True,723.23,37,1,8,668471362,train,True
668288034,723.13,15,16:17:02,False,,False,True,723.23,38,1,8,668471362,train,True
668288035,723.13,15,16:17:03,False,,False,True,723.23,39,1,8,668471362,train,True
668288036,723.11,15,16:17:04,False,,False,True,723.23,40,1,8,668471362,train,True
668288037,723.2,15,16:17:05,False,,False,True,723.23,41,1,8,668471362,train,True
668288038,723.13,15,16:17:06,False,,False,True,723.23,42,1,8,668471362,train,True
668288039,723.11,15,16:17:07,False,,False,True,723.23,43,1,8,668471362,train,True
668288040,723.07,15,16:17:08,False,,False,True,723.23,44,1,8,668471362,train,True
668288041,723.09,15,16:17:09,False,,False,True,723.23,45,1,8,668471362,train,True
668288042,723.22,15,16:17:10,False,,False,True,723.23,46,1,8,668471362,train,True
668288043,723.23,15,16:17:11,False,,False,True,723.23,47,1,8,668471362,train,True
668288044,723.16,15,16:17:12,False,,False,True,723.22,48,1,8,668471362,train,True
668288045,723.19,15,16:17:13,False,,False,True,723.22,49,1,8,668471362,train,True
668288046,723.14,15,16:17:14,False,,False,True,723.22,50,1,8,668471362,train,True
668288047,723.1,15,16:17:15,False,,False,True,723.22,51,1,8,668471362,train,True
668288048,723.21,15,16:17:16,False,,False,True,723.22,52,1,8,668471362,train,True
668288049,723.1,15,16:17:17,False,,False,True,723.22,53,1,8,668471362,train,True
668288050,723.1,15,16:17:17,False,,False,True,723.22,54,1,8,668471362,train,True
668288051,723.15,15,16:17:18,False,,False,True,723.22,55,1,8,668471362,train,True
668288052,723.17,15,16:17:19,False,,False,True,723.22,56,1,8,668471362,train,True
668288053,723.17,15,16:17:20,False,,False,True,723.22,57,1,8,668471362,train,True
668288054,723.08,15,16:17:21,False,,False,True,723.22,58,1,8,668471362,train,True
668287995,723.17,15,16:16:24,False,,False,False,723.25,6,0,9,668534767,train,True
668287996,723.16,15,16:16:25,False,,False,False,723.25,5,0,9,668534767,train,True
668287997,723.19,15,16:16:26,False,,False,False,723.25,5,1,9,668534767,train,True
668287998,723.06,15,16:16:27,False,,False,False,723.25,5,1,9,668534767,train,True
668287999,723.07,15,16:16:28,False,,False,False,723.25,5,1,9,668534767,train,True
668288000,723.08,15,16:16:29,False,,False,False,723.25,6,1,9,668534767,train,True
668288001,723.17,15,16:16:30,False,,False,False,723.25,7,1,9,668534767,train,True
668288002,723.17,15,16:16:31,False,,False,False,723.25,8,1,9,668534767,train,True
668288003,723.17,15,16:16:32,False,,False,False,723.25,8,1,9,668534767,train,True
668288004,723.15,15,16:16:33,False,,False,False,723.25,9,1,9,668534767,train,True
668288005,723.22,15,16:16:34,False,,False,False,723.25,10,1,9,668534767,train,True
668288006,723.17,15,16:16:35,False,,False,False,723.25,11,1,9,668534767,train,True
668288007,723.15,15,16:16:36,False,,False,False,723.25,11,1,9,668534767,train,True
668288008,723.18,15,16:16:37,False,,False,False,723.25,12,1,9,668534767,train,True
668288009,723.14,15,16:16:38,False,,False,False,723.24,13,1,9,668534767,train,True
668288010,723.11,15,16:16:39,False,,False,False,723.24,14,1,9,668534767,train,True
668288011,723.2,15,16:16:40,False,,False,False,723.24,15,1,9,668534767,train,True
668288012,723.17,15,16:16:40,False,,False,False,723.24,16,1,9,668534767,train,True
668288013,723.16,15,16:16:41,False,,False,False,723.24,17,1,9,668534767,train,True
668288014,723.18,15,16:16:42,False,,False,False,723.24,18,1,9,668534767,train,True
668288015,723.23,15,16:16:43,False,,False,False,723.24,19,1,9,668534767,train,True
668288016,723.18,15,16:16:44,False,,False,False,723.24,20,1,9,668534767,train,True
668288017,723.21,15,16:16:45,False,,False,False,723.24,21,1,9,668534767,train,True
668288018,723.2,15,16:16:46,False,,False,False,723.24,22,1,9,668534767,train,True
668288019,723.18,15,16:16:47,False,,False,False,723.24,23,1,9,668534767,train,True
668288020,723.2,15,16:16:48,False,,False,False,723.24,24,1,9,668534767,train,True
668288021,723.19,15,16:16:49,False,,False,False,723.24,25,1,9,668534767,train,True
668288022,723.18,15,16:16:50,False,,False,False,723.24,26,1,9,668534767,train,True
668288023,723.23,15,16:16:51,False,,False,True,723.24,27,1,9,668534767,train,True
668288024,723.12,15,16:16:52,False,,False,True,723.24,28,1,9,668534767,train,True
668288025,723.21,15,16:16:53,False,,False,True,723.24,29,1,9,668534767,train,True
668288026,723.17,15,16:16:54,False,,False,True,723.24,30,1,9,668534767,train,True
668288027,723.13,15,16:16:55,False,,False,True,723.24,31,1,9,668534767,train,True
668288028,723.19,15,16:16:56,False,,False,True,723.24,32,1,9,668534767,train,True
668288029,723.17,15,16:16:57,False,,False,True,723.23,33,1,9,668534767,train,True
668288030,723.15,15,16:16:58,False,,False,True,723.23,34,1,9,668534767,train,True
668288031,723.22,15,16:16:59,False,,False,True,723.23,35,1,9,668534767,train,True
668288032,723.13,15,16:17:00,False,,False,True,723.23,36,1,9,668534767,train,True
668288033,723.15,15,16:17:01,False,,False,True,723.23,37,1,9,668534767,train,True
668288034,723.13,15,16:17:02,False,,False,True,723.23,38,1,9,668534767,train,True
668288035,723.13,15,16:17:03,False,,False,True,723.23,39,1,9,668534767,train,True
668288036,723.11,15,16:17:04,False,,False,True,723.23,40,1,9,668534767,train,True
668288037,723.2,15,16:17:05,False,,False,True,723.23,41,1,9,668534767,train,True
668288038,723.13,15,16:17:06,False,,False,True,723.23,42,1,9,668534767,train,True
668288039,723.11,15,16:17:07,False,,False,True,723.23,43,1,9,668534767,train,True
668288040,723.07,15,16:17:08,False,,False,True,723.23,44,1,9,668534767,train,True
668288041,723.09,15,16:17:09,False,,False,True,723.23,45,1,9,668534767,train,True
668288042,723.22,15,16:17:10,False,,False,True,723.23,46,1,9,668534767,train,True
668288043,723.23,15,16:17:11,False,,False,True,723.23,47,1,9,668534767,train,True
668288044,723.16,15,16:17:12,False,,False,True,723.22,48,1,9,668534767,train,True
668288045,723.19,15,16:17:13,False,,False,True,723.22,49,1,9,668534767,train,True
668288046,723.14,15,16:17:14,False,,False,True,723.22,50,1,9,668534767,train,True
668288047,723.1,15,16:17:15,False,,False,True,723.22,51,1,9,668534767,train,True
668288048,723.21,15,16:17:16,False,,False,True,723.22,52,1,9,668534767,train,True
668288049,723.1,15,16:17:17,False,,False,True,723.22,53,1,9,668534767,train,True
668288050,723.1,15,16:17:17,False,,False,True,723.22,54,1,9,668534767,train,True
668288051,723.15,15,16:17:18,False,,False,True,723.22,55,1,9,668534767,train,True
668288052,723.17,15,16:17:19,False,,False,True,723.22,56,1,9,668534767,train,True
668288053,723.17,15,16:17:20,False,,False,True,723.22,57,1,9,668534767,train,True
668288054,723.08,15,16:17:21,False,,False,True,723.22,58,1,9,668534767,train,True
668287995,723.17,15,16:16:24,False,,False,False,723.25,6,0,10,668540964,train,True
668287996,723.16,15,16:16:25,False,,False,False,723.25,5,0,10,668540964,train,True
668287997,723.19,15,16:16:26,False,,False,False,723.25,5,1,10,668540964,train,True
668287998,723.06,15,16:16:27,False,,False,False,723.25,5,1,10,668540964,train,True
668287999,723.07,15,16:16:28,False,,False,False,723.25,5,1,10,668540964,train,True
668288000,723.08,15,16:16:29,False,,False,False,723.25,6,1,10,668540964,train,True
668288001,723.17,15,16:16:30,False,,False,False,723.25,7,1,10,668540964,train,True
668288002,723.17,15,16:16:31,False,,False,False,723.25,8,1,10,668540964,train,True
668288003,723.17,15,16:16:32,False,,False,False,723.25,8,1,10,668540964,train,True
668288004,723.15,15,16:16:33,False,,False,False,723.25,9,1,10,668540964,train,True
668288005,723.22,15,16:16:34,False,,False,False,723.25,10,1,10,668540964,train,True
668288006,723.17,15,16:16:35,False,,False,False,723.25,11,1,10,668540964,train,True
668288007,723.15,15,16:16:36,False,,False,False,723.25,11,1,10,668540964,train,True
668288008,723.18,15,16:16:37,False,,False,False,723.25,12,1,10,668540964,train,True
668288009,723.14,15,16:16:38,False,,False,False,723.24,13,1,10,668540964,train,True
668288010,723.11,15,16:16:39,False,,False,False,723.24,14,1,10,668540964,train,True
668288011,723.2,15,16:16:40,False,,False,False,723.24,15,1,10,668540964,train,True
668288012,723.17,15,16:16:40,False,,False,False,723.24,16,1,10,668540964,train,True
668288013,723.16,15,16:16:41,False,,False,False,723.24,17,1,10,668540964,train,True
668288014,723.18,15,16:16:42,False,,False,False,723.24,18,1,10,668540964,train,True
668288015,723.23,15,16:16:43,False,,False,False,723.24,19,1,10,668540964,train,True
668288016,723.18,15,16:16:44,False,,False,False,723.24,20,1,10,668540964,train,True
668288017,723.21,15,16:16:45,False,,False,False,723.24,21,1,10,668540964,train,True
668288018,723.2,15,16:16:46,False,,False,False,723.24,22,1,10,668540964,train,True
668288019,723.18,15,16:16:47,False,,False,False,723.24,23,1,10,668540964,train,True
668288020,723.2,15,16:16:48,False,,False,False,723.24,24,1,10,668540964,train,True
668288021,723.19,15,16:16:49,False,,False,False,723.24,25,1,10,668540964,train,True
668288022,723.18,15,16:16:50,False,,False,False,723.24,26,1,10,668540964,train,True
668288023,723.23,15,16:16:51,False,,False,True,723.24,27,1,10,668540964,train,True
668288024,723.12,15,16:16:52,False,,False,True,723.24,28,1,10,668540964,train,True
668288025,723.21,15,16:16:53,False,,False,True,723.24,29,1,10,668540964,train,True
668288026,723.17,15,16:16:54,False,,False,True,723.24,30,1,10,668540964,train,True
668288027,723.13,15,16:16:55,False,,False,True,723.24,31,1,10,668540964,train,True
668288028,723.19,15,16:16:56,False,,False,True,723.24,32,1,10,668540964,train,True
668288029,723.17,15,16:16:57,False,,False,True,723.23,33,1,10,668540964,train,True
668288030,723.15,15,16:16:58,False,,False,True,723.23,34,1,10,668540964,train,True
668288031,723.22,15,16:16:59,False,,False,True,723.23,35,1,10,668540964,train,True
668288032,723.13,15,16:17:00,False,,False,True,723.23,36,1,10,668540964,train,True
668288033,723.15,15,16:17:01,False,,False,True,723.23,37,1,10,668540964,train,True
668288034,723.13,15,16:17:02,False,,False,True,723.23,38,1,10,668540964,train,True
668288035,723.13,15,16:17:03,False,,False,True,723.23,39,1,10,668540964,train,True
668288036,723.11,15,16:17:04,False,,False,True,723.23,40,1,10,668540964,train,True
668288037,723.2,15,16:17:05,False,,False,True,723.23,41,1,10,668540964,train,True
668288038,723.13,15,16:17:06,False,,False,True,723.23,42,1,10,668540964,train,True
668288039,723.11,15,16:17:07,False,,False,True,723.23,43,1,10,668540964,train,True
668288040,723.07,15,16:17:08,False,,False,True,723.23,44,1,10,668540964,train,True
668288041,723.09,15,16:17:09,False,,False,True,723.23,45,1,10,668540964,train,True
668288042,723.22,15,16:17:10,False,,False,True,723.23,46,1,10,668540964,train,True
668288043,723.23,15,16:17:11,False,,False,True,723.23,47,1,10,668540964,train,True
668288044,723.16,15,16:17:12,False,,False,True,723.22,48,1,10,668540964,train,True
668288045,723.19,15,16:17:13,False,,False,True,723.22,49,1,10,668540964,train,True
668288046,723.14,15,16:17:14,False,,False,True,723.22,50,1,10,668540964,train,True
668288047,723.1,15,16:17:15,False,,False,True,723.22,51,1,10,668540964,train,True
668288048,723.21,15,16:17:16,False,,False,True,723.22,52,1,10,668540964,train,True
668288049,723.1,15,16:17:17,False,,False,True,723.22,53,1,10,668540964,train,True
668288050,723.1,15,16:17:17,False,,False,True,723.22,54,1,10,668540964,train,True
668288051,723.15,15,16:17:18,False,,False,True,723.22,55,1,10,668540964,train,True
668288052,723.17,15,16:17:19,False,,False,True,723.22,56,1,10,668540964,train,True
668288053,723.17,15,16:17:20,False,,False,True,723.22,57,1,10,668540964,train,True
668288054,723.08,15,16:17:21,False,,False,True,723.22,58,1,10,668540964,train,True
668287995,723.17,15,16:16:24,False,,False,False,723.25,6,0,11,668541515,train,True
668287996,723.16,15,16:16:25,False,,False,False,723.25,5,0,11,668541515,train,True
668287997,723.19,15,16:16:26,False,,False,False,723.25,5,1,11,668541515,train,True
668287998,723.06,15,16:16:27,False,,False,False,723.25,5,1,11,668541515,train,True
668287999,723.07,15,16:16:28,False,,False,False,723.25,5,1,11,668541515,train,True
668288000,723.08,15,16:16:29,False,,False,False,723.25,6,1,11,668541515,train,True
668288001,723.17,15,16:16:30,False,,False,False,723.25,7,1,11,668541515,train,True
668288002,723.17,15,16:16:31,False,,False,False,723.25,8,1,11,668541515,train,True
668288003,723.17,15,16:16:32,False,,False,False,723.25,8,1,11,668541515,train,True
668288004,723.15,15,16:16:33,False,,False,False,723.25,9,1,11,668541515,train,True
668288005,723.22,15,16:16:34,False,,False,False,723.25,10,1,11,668541515,train,True
668288006,723.17,15,16:16:35,False,,False,False,723.25,11,1,11,668541515,train,True
668288007,723.15,15,16:16:36,False,,False,False,723.25,11,1,11,668541515,train,True
668288008,723.18,15,16:16:37,False,,False,False,723.25,12,1,11,668541515,train,True
668288009,723.14,15,16:16:38,False,,False,False,723.24,13,1,11,668541515,train,True
668288010,723.11,15,16:16:39,False,,False,False,723.24,14,1,11,668541515,train,True
668288011,723.2,15,16:16:40,False,,False,False,723.24,15,1,11,668541515,train,True
668288012,723.17,15,16:16:40,False,,False,False,723.24,16,1,11,668541515,train,True
668288013,723.16,15,16:16:41,False,,False,False,723.24,17,1,11,668541515,train,True
668288014,723.18,15,16:16:42,False,,False,False,723.24,18,1,11,668541515,train,True
668288015,723.23,15,16:16:43,False,,False,False,723.24,19,1,11,668541515,train,True
668288016,723.18,15,16:16:44,False,,False,False,723.24,20,1,11,668541515,train,True
668288017,723.21,15,16:16:45,False,,False,False,723.24,21,1,11,668541515,train,True
668288018,723.2,15,16:16:46,False,,False,False,723.24,22,1,11,668541515,train,True
668288019,723.18,15,16:16:47,False,,False,False,723.24,23,1,11,668541515,train,True
668288020,723.2,15,16:16:48,False,,False,False,723.24,24,1,11,668541515,train,True
668288021,723.19,15,16:16:49,False,,False,False,723.24,25,1,11,668541515,train,True
668288022,723.18,15,16:16:50,False,,False,False,723.24,26,1,11,668541515,train,True
668288023,723.23,15,16:16:51,False,,False,True,723.24,27,1,11,668541515,train,True
668288024,723.12,15,16:16:52,False,,False,True,723.24,28,1,11,668541515,train,True
668288025,723.21,15,16:16:53,False,,False,True,723.24,29,1,11,668541515,train,True
668288026,723.17,15,16:16:54,False,,False,True,723.24,30,1,11,668541515,train,True
668288027,723.13,15,16:16:55,False,,False,True,723.24,31,1,11,668541515,train,True
668288028,723.19,15,16:16:56,False,,False,True,723.24,32,1,11,668541515,train,True
668288029,723.17,15,16:16:57,False,,False,True,723.23,33,1,11,668541515,train,True
668288030,723.15,15,16:16:58,False,,False,True,723.23,34,1,11,668541515,train,True
668288031,723.22,15,16:16:59,False,,False,True,723.23,35,1,11,668541515,train,True
668288032,723.13,15,16:17:00,False,,False,True,723.23,36,1,11,668541515,train,True
668288033,723.15,15,16:17:01,False,,False,True,723.23,37,1,11,668541515,train,True
668288034,723.13,15,16:17:02,False,,False,True,723.23,38,1,11,668541515,train,True
668288035,723.13,15,16:17:03,False,,False,True,723.23,39,1,11,668541515,train,True
668288036,723.11,15,16:17:04,False,,False,True,723.23,40,1,11,668541515,train,True
668288037,723.2,15,16:17:05,False,,False,True,723.23,41,1,11,668541515,train,True
668288038,723.13,15,16:17:06,False,,False,True,723.23,42,1,11,668541515,train,True
668288039,723.11,15,16:17:07,False,,False,True,723.23,43,1,11,668541515,train,True
668288040,723.07,15,16:17:08,False,,False,True,723.23,44,1,11,668541515,train,True
668288041,723.09,15,16:17:09,False,,False,True,723.23,45,1,11,668541515,train,True
668288042,723.22,15,16:17:10,False,,False,True,723.23,46,1,11,668541515,train,True
668288043,723.23,15,16:17:11,False,,False,True,723.23,47,1,11,668541515,train,True
668288044,723.16,15,16:17:12,False,,False,True,723.22,48,1,11,668541515,train,True
668288045,723.19,15,16:17:13,False,,False,True,723.22,49,1,11,668541515,train,True
668288046,723.14,15,16:17:14,False,,False,True,723.22,50,1,11,668541515,train,True
668288047,723.1,15,16:17:15,False,,False,True,723.22,51,1,11,668541515,train,True
668288048,723.21,15,16:17:16,False,,False,True,723.22,52,1,11,668541515,train,True
668288049,723.1,15,16:17:17,False,,False,True,723.22,53,1,11,668541515,train,True
668288050,723.1,15,16:17:17,False,,False,True,723.22,54,1,11,668541515,train,True
668288051,723.15,15,16:17:18,False,,False,True,723.22,55,1,11,668541515,train,True
668288052,723.17,15,16:17:19,False,,False,True,723.22,56,1,11,668541515,train,True
668288053,723.17,15,16:17:20,False,,False,True,723.22,57,1,11,668541515,train,True
668288054,723.08,15,16:17:21,False,,False,True,723.22,58,1,11,668541515,train,True
668287995,723.17,15,16:16:24,False,,False,False,723.25,6,0,12,668542064,train,True
668287996,723.16,15,16:16:25,False,,False,False,723.25,5,0,12,668542064,train,True
668287997,723.19,15,16:16:26,False,,False,False,723.25,5,1,12,668542064,train,True
668287998,723.06,15,16:16:27,False,,False,False,723.25,5,1,12,668542064,train,True
668287999,723.07,15,16:16:28,False,,False,False,723.25,5,1,12,668542064,train,True
668288000,723.08,15,16:16:29,False,,False,False,723.25,6,1,12,668542064,train,True
668288001,723.17,15,16:16:30,False,,False,False,723.25,7,1,12,668542064,train,True
668288002,723.17,15,16:16:31,False,,False,False,723.25,8,1,12,668542064,train,True
668288003,723.17,15,16:16:32,False,,False,False,723.25,8,1,12,668542064,train,True
668288004,723.15,15,16:16:33,False,,False,False,723.25,9,1,12,668542064,train,True
668288005,723.22,15,16:16:34,False,,False,False,723.25,10,1,12,668542064,train,True
668288006,723.17,15,16:16:35,False,,False,False,723.25,11,1,12,668542064,train,True
668288007,723.15,15,16:16:36,False,,False,False,723.25,11,1,12,668542064,train,True
668288008,723.18,15,16:16:37,False,,False,False,723.25,12,1,12,668542064,train,True
668288009,723.14,15,16:16:38,False,,False,False,723.24,13,1,12,668542064,train,True
668288010,723.11,15,16:16:39,False,,False,False,723.24,14,1,12,668542064,train,True
668288011,723.2,15,16:16:40,False,,False,False,723.24,15,1,12,668542064,train,True
668288012,723.17,15,16:16:40,False,,False,False,723.24,16,1,12,668542064,train,True
668288013,723.16,15,16:16:41,False,,False,False,723.24,17,1,12,668542064,train,True
668288014,723.18,15,16:16:42,False,,False,False,723.24,18,1,12,668542064,train,True
668288015,723.23,15,16:16:43,False,,False,False,723.24,19,1,12,668542064,train,True
668288016,723.18,15,16:16:44,False,,False,False,723.24,20,1,12,668542064,train,True
668288017,723.21,15,16:16:45,False,,False,False,723.24,21,1,12,668542064,train,True
668288018,723.2,15,16:16:46,False,,False,False,723.24,22,1,12,668542064,train,True
668288019,723.18,15,16:16:47,False,,False,False,723.24,23,1,12,668542064,train,True
668288020,723.2,15,16:16:48,False,,False,False,723.24,24,1,12,668542064,train,True
668288021,723.19,15,16:16:49,False,,False,False,723.24,25,1,12,668542064,train,True
668288022,723.18,15,16:16:50,False,,False,False,723.24,26,1,12,668542064,train,True
668288023,723.23,15,16:16:51,False,,False,True,723.24,27,1,12,668542064,train,True
668288024,723.12,15,16:16:52,False,,False,True,723.24,28,1,12,668542064,train,True
668288025,723.21,15,16:16:53,False,,False,True,723.24,29,1,12,668542064,train,True
668288026,723.17,15,16:16:54,False,,False,True,723.24,30,1,12,668542064,train,True
668288027,723.13,15,16:16:55,False,,False,True,723.24,31,1,12,668542064,train,True
668288028,723.19,15,16:16:56,False,,False,True,723.24,32,1,12,668542064,train,True
668288029,723.17,15,16:16:57,False,,False,True,723.23,33,1,12,668542064,train,True
668288030,723.15,15,16:16:58,False,,False,True,723.23,34,1,12,668542064,train,True
668288031,723.22,15,16:16:59,False,,False,True,723.23,35,1,12,668542064,train,True
668288032,723.13,15,16:17:00,False,,False,True,723.23,36,1,12,668542064,train,True
668288033,723.15,15,16:17:01,False,,False,True,723.23,37,1,12,668542064,train,True
668288034,723.13,15,16:17:02,False,,False,True,723.23,38,1,12,668542064,train,True
668288035,723.13,15,16:17:03,False,,False,True,723.23,39,1,12,668542064,train,True
668288036,723.11,15,16:17:04,False,,False,True,723.23,40,1,12,668542064,train,True
668288037,723.2,15,16:17:05,False,,False,True,723.23,41,1,12,668542064,train,True
668288038,723.13,15,16:17:06,False,,False,True,723.23,42,1,12,668542064,train,True
668288039,723.11,15,16:17:07,False,,False,True,723.23,43,1,12,668542064,train,True
668288040,723.07,15,16:17:08,False,,False,True,723.23,44,1,12,668542064,train,True
668288041,723.09,15,16:17:09,False,,False,True,723.23,45,1,12,668542064,train,True
668288042,723.22,15,16:17:10,False,,False,True,723.23,46,1,12,668542064,train,True
668288043,723.23,15,16:17:11,False,,False,True,723.23,47,1,12,668542064,train,True
668288044,723.16,15,16:17:12,False,,False,True,723.22,48,1,12,668542064,train,True
668288045,723.19,15,16:17:13,False,,False,True,723.22,49,1,12,668542064,train,True
668288046,723.14,15,16:17:14,False,,False,True,723.22,50,1,12,668542064,train,True
668288047,723.1,15,16:17:15,False,,False,True,723.22,51,1,12,668542064,train,True
668288048,723.21,15,16:17:16,False,,False,True,723.22,52,1,12,668542064,train,True
668288049,723.1,15,16:17:17,False,,False,True,723.22,53,1,12,668542064,train,True
668288050,723.1,15,16:17:17,False,,False,True,723.22,54,1,12,668542064,train,True
668288051,723.15,15,16:17:18,False,,False,True,723.22,55,1,12,668542064,train,True
668288052,723.17,15,16:17:19,False,,False,True,723.22,56,1,12,668542064,train,True
668288053,723.17,15,16:17:20,False,,False,True,723.22,57,1,12,668542064,train,True
668288054,723.08,15,16:17:21,False,,False,True,723.22,58,1,12,668542064,train,True
668287995,723.17,15,16:16:24,False,,False,False,723.25,6,0,13,668542340,train,True
668287996,723.16,15,16:16:25,False,,False,False,723.25,5,0,13,668542340,train,True
668287997,723.19,15,16:16:26,False,,False,False,723.25,5,1,13,668542340,train,True
668287998,723.06,15,16:16:27,False,,False,False,723.25,5,1,13,668542340,train,True
668287999,723.07,15,16:16:28,False,,False,False,723.25,5,1,13,668542340,train,True
668288000,723.08,15,16:16:29,False,,False,False,723.25,6,1,13,668542340,train,True
668288001,723.17,15,16:16:30,False,,False,False,723.25,7,1,13,668542340,train,True
668288002,723.17,15,16:16:31,False,,False,False,723.25,8,1,13,668542340,train,True
668288003,723.17,15,16:16:32,False,,False,False,723.25,8,1,13,668542340,train,True
668288004,723.15,15,16:16:33,False,,False,False,723.25,9,1,13,668542340,train,True
668288005,723.22,15,16:16:34,False,,False,False,723.25,10,1,13,668542340,train,True
668288006,723.17,15,16:16:35,False,,False,False,723.25,11,1,13,668542340,train,True
668288007,723.15,15,16:16:36,False,,False,False,723.25,11,1,13,668542340,train,True
668288008,723.18,15,16:16:37,False,,False,False,723.25,12,1,13,668542340,train,True
668288009,723.14,15,16:16:38,False,,False,False,723.24,13,1,13,668542340,train,True
668288010,723.11,15,16:16:39,False,,False,False,723.24,14,1,13,668542340,train,True
668288011,723.2,15,16:16:40,False,,False,False,723.24,15,1,13,668542340,train,True
668288012,723.17,15,16:16:40,False,,False,False,723.24,16,1,13,668542340,train,True
668288013,723.16,15,16:16:41,False,,False,False,723.24,17,1,13,668542340,train,True
668288014,723.18,15,16:16:42,False,,False,False,723.24,18,1,13,668542340,train,True
668288015,723.23,15,16:16:43,False,,False,False,723.24,19,1,13,668542340,train,True
668288016,723.18,15,16:16:44,False,,False,False,723.24,20,1,13,668542340,train,True
668288017,723.21,15,16:16:45,False,,False,False,723.24,21,1,13,668542340,train,True
668288018,723.2,15,16:16:46,False,,False,False,723.24,22,1,13,668542340,train,True
668288019,723.18,15,16:16:47,False,,False,False,723.24,23,1,13,668542340,train,True
668288020,723.2,15,16:16:48,False,,False,False,723.24,24,1,13,668542340,train,True
668288021,723.19,15,16:16:49,False,,False,False,723.24,25,1,13,668542340,train,True
668288022,723.18,15,16:16:50,False,,False,False,723.24,26,1,13,668542340,train,True
668288023,723.23,15,16:16:51,False,,False,True,723.24,27,1,13,668542340,train,True
668288024,723.12,15,16:16:52,False,,False,True,723.24,28,1,13,668542340,train,True
668288025,723.21,15,16:16:53,False,,False,True,723.24,29,1,13,668542340,train,True
668288026,723.17,15,16:16:54,False,,False,True,723.24,30,1,13,668542340,train,True
668288027,723.13,15,16:16:55,False,,False,True,723.24,31,1,13,668542340,train,True
668288028,723.19,15,16:16:56,False,,False,True,723.24,32,1,13,668542340,train,True
668288029,723.17,15,16:16:57,False,,False,True,723.23,33,1,13,668542340,train,True
668288030,723.15,15,16:16:58,False,,False,True,723.23,34,1,13,668542340,train,True
668288031,723.22,15,16:16:59,False,,False,True,723.23,35,1,13,668542340,train,True
668288032,723.13,15,16:17:00,False,,False,True,723.23,36,1,13,668542340,train,True
668288033,723.15,15,16:17:01,False,,False,True,723.23,37,1,13,668542340,train,True
668288034,723.13,15,16:17:02,False,,False,True,723.23,38,1,13,668542340,train,True
668288035,723.13,15,16:17:03,False,,False,True,723.23,39,1,13,668542340,train,True
668288036,723.11,15,16:17:04,False,,False,True,723.23,40,1,13,668542340,train,True
668288037,723.2,15,16:17:05,False,,False,True,723.23,41,1,13,668542340,train,True
668288038,723.13,15,16:17:06,False,,False,True,723.23,42,1,13,668542340,train,True
668288039,723.11,15,16:17:07,False,,False,True,723.23,43,1,13,668542340,train,True
668288040,723.07,15,16:17:08,False,,False,True,723.23,44,1,13,668542340,train,True
668288041,723.09,15,16:17:09,False,,False,True,723.23,45,1,13,668542340,train,True
668288042,723.22,15,16:17:10,False,,False,True,723.23,46,1,13,668542340,train,True
668288043,723.23,15,16:17:11,False,,False,True,723.23,47,1,13,668542340,train,True
668288044,723.16,15,16:17:12,False,,False,True,723.22,48,1,13,668542340,train,True
668288045,723.19,15,16:17:13,False,,False,True,723.22,49,1,13,668542340,train,True
668288046,723.14,15,16:17:14,False,,False,True,723.22,50,1,13,668542340,train,True
668288047,723.1,15,16:17:15,False,,False,True,723.22,51,1,13,668542340,train,True
668288048,723.21,15,16:17:16,False,,False,True,723.22,52,1,13,668542340,train,True
668288049,723.1,15,16:17:17,False,,False,True,723.22,53,1,13,668542340,train,True
668288050,723.1,15,16:17:17,False,,False,True,723.22,54,1,13,668542340,train,True
668288051,723.15,15,16:17:18,False,,False,True,723.22,55,1,13,668542340,train,True
668288052,723.17,15,16:17:19,False,,False,True,723.22,56,1,13,668542340,train,True
668288053,723.17,15,16:17:20,False,,False,True,723.22,57,1,13,668542340,train,True
668288054,723.08,15,16:17:21,False,,False,True,723.22,58,1,13,668542340,train,True
668287995,723.17,15,16:16:24,False,,False,False,723.25,6,0,14,668551101,train,True
668287996,723.16,15,16:16:25,False,,False,False,723.25,5,0,14,668551101,train,True
668287997,723.19,15,16:16:26,False,,False,False,723.25,5,1,14,668551101,train,True
668287998,723.06,15,16:16:27,False,,False,False,723.25,5,1,14,668551101,train,True
668287999,723.07,15,16:16:28,False,,False,False,723.25,5,1,14,668551101,train,True
668288000,723.08,15,16:16:29,False,,False,False,723.25,6,1,14,668551101,train,True
668288001,723.17,15,16:16:30,False,,False,False,723.25,7,1,14,668551101,train,True
668288002,723.17,15,16:16:31,False,,False,False,723.25,8,1,14,668551101,train,True
668288003,723.17,15,16:16:32,False,,False,False,723.25,8,1,14,668551101,train,True
668288004,723.15,15,16:16:33,False,,False,False,723.25,9,1,14,668551101,train,True
668288005,723.22,15,16:16:34,False,,False,False,723.25,10,1,14,668551101,train,True
668288006,723.17,15,16:16:35,False,,False,False,723.25,11,1,14,668551101,train,True
668288007,723.15,15,16:16:36,False,,False,False,723.25,11,1,14,668551101,train,True
668288008,723.18,15,16:16:37,False,,False,False,723.25,12,1,14,668551101,train,True
668288009,723.14,15,16:16:38,False,,False,False,723.24,13,1,14,668551101,train,True
668288010,723.11,15,16:16:39,False,,False,False,723.24,14,1,14,668551101,train,True
668288011,723.2,15,16:16:40,False,,False,False,723.24,15,1,14,668551101,train,True
668288012,723.17,15,16:16:40,False,,False,False,723.24,16,1,14,668551101,train,True
668288013,723.16,15,16:16:41,False,,False,False,723.24,17,1,14,668551101,train,True
668288014,723.18,15,16:16:42,False,,False,False,723.24,18,1,14,668551101,train,True
668288015,723.23,15,16:16:43,False,,False,False,723.24,19,1,14,668551101,train,True
668288016,723.18,15,16:16:44,False,,False,False,723.24,20,1,14,668551101,train,True
668288017,723.21,15,16:16:45,False,,False,False,723.24,21,1,14,668551101,train,True
668288018,723.2,15,16:16:46,False,,False,False,723.24,22,1,14,668551101,train,True
668288019,723.18,15,16:16:47,False,,False,False,723.24,23,1,14,668551101,train,True
668288020,723.2,15,16:16:48,False,,False,False,723.24,24,1,14,668551101,train,True
668288021,723.19,15,16:16:49,False,,False,False,723.24,25,1,14,668551101,train,True
668288022,723.18,15,16:16:50,False,,False,False,723.24,26,1,14,668551101,train,True
668288023,723.23,15,16:16:51,False,,False,True,723.24,27,1,14,668551101,train,True
668288024,723.12,15,16:16:52,False,,False,True,723.24,28,1,14,668551101,train,True
668288025,723.21,15,16:16:53,False,,False,True,723.24,29,1,14,668551101,train,True
668288026,723.17,15,16:16:54,False,,False,True,723.24,30,1,14,668551101,train,True
668288027,723.13,15,16:16:55,False,,False,True,723.24,31,1,14,668551101,train,True
668288028,723.19,15,16:16:56,False,,False,True,723.24,32,1,14,668551101,train,True
668288029,723.17,15,16:16:57,False,,False,True,723.23,33,1,14,668551101,train,True
668288030,723.15,15,16:16:58,False,,False,True,723.23,34,1,14,668551101,train,True
668288031,723.22,15,16:16:59,False,,False,True,723.23,35,1,14,668551101,train,True
668288032,723.13,15,16:17:00,False,,False,True,723.23,36,1,14,668551101,train,True
668288033,723.15,15,16:17:01,False,,False,True,723.23,37,1,14,668551101,train,True
668288034,723.13,15,16:17:02,False,,False,True,723.23,38,1,14,668551101,train,True
668288035,723.13,15,16:17:03,False,,False,True,723.23,39,1,14,668551101,train,True
668288036,723.11,15,16:17:04,False,,False,True,723.23,40,1,14,668551101,train,True
668288037,723.2,15,16:17:05,False,,False,True,723.23,41,1,14,668551101,train,True
668288038,723.13,15,16:17:06,False,,False,True,723.23,42,1,14,668551101,train,True
668288039,723.11,15,16:17:07,False,,False,True,723.23,43,1,14,668551101,train,True
668288040,723.07,15,16:17:08,False,,False,True,723.23,44,1,14,668551101,train,True
668288041,723.09,15,16:17:09,False,,False,True,723.23,45,1,14,668551101,train,True
668288042,723.22,15,16:17:10,False,,False,True,723.23,46,1,14,668551101,train,True
668288043,723.23,15,16:17:11,False,,False,True,723.23,47,1,14,668551101,train,True
668288044,723.16,15,16:17:12,False,,False,True,723.22,48,1,14,668551101,train,True
668288045,723.19,15,16:17:13,False,,False,True,723.22,49,1,14,668551101,train,True
668288046,723.14,15,16:17:14,False,,False,True,723.22,50,1,14,668551101,train,True
668288047,723.1,15,16:17:15,False,,False,True,723.22,51,1,14,668551101,train,True
668288048,723.21,15,16:17:16,False,,False,True,723.22,52,1,14,668551101,train,True
668288049,723.1,15,16:17:17,False,,False,True,723.22,53,1,14,668551101,train,True
668288050,723.1,15,16:17:17,False,,False,True,723.22,54,1,14,668551101,train,True
668288051,723.15,15,16:17:18,False,,False,True,723.22,55,1,14,668551101,train,True
668288052,723.17,15,16:17:19,False,,False,True,723.22,56,1,14,668551101,train,True
668288053,723.17,15,16:17:20,False,,False,True,723.22,57,1,14,668551101,train,True
668288054,723.08,15,16:17:21,False,,False,True,723.22,58,1,14,668551101,train,True
668287995,723.17,15,16:16:24,False,,False,False,723.25,6,0,15,668555682,train,True
668287996,723.16,15,16:16:25,False,,False,False,723.25,5,0,15,668555682,train,True
668287997,723.19,15,16:16:26,False,,False,False,723.25,5,1,15,668555682,train,True
668287998,723.06,15,16:16:27,False,,False,False,723.25,5,1,15,668555682,train,True
668287999,723.07,15,16:16:28,False,,False,False,723.25,5,1,15,668555682,train,True
668288000,723.08,15,16:16:29,False,,False,False,723.25,6,1,15,668555682,train,True
668288001,723.17,15,16:16:30,False,,False,False,723.25,7,1,15,668555682,train,True
668288002,723.17,15,16:16:31,False,,False,False,723.25,8,1,15,668555682,train,True
668288003,723.17,15,16:16:32,False,,False,False,723.25,8,1,15,668555682,train,True
668288004,723.15,15,16:16:33,False,,False,False,723.25,9,1,15,668555682,train,True
668288005,723.22,15,16:16:34,False,,False,False,723.25,10,1,15,668555682,train,True
668288006,723.17,15,16:16:35,False,,False,False,723.25,11,1,15,668555682,train,True
668288007,723.15,15,16:16:36,False,,False,False,723.25,11,1,15,668555682,train,True
668288008,723.18,15,16:16:37,False,,False,False,723.25,12,1,15,668555682,train,True
668288009,723.14,15,16:16:38,False,,False,False,723.24,13,1,15,668555682,train,True
668288010,723.11,15,16:16:39,False,,False,False,723.24,14,1,15,668555682,train,True
668288011,723.2,15,16:16:40,False,,False,False,723.24,15,1,15,668555682,train,True
668288012,723.17,15,16:16:40,False,,False,False,723.24,16,1,15,668555682,train,True
668288013,723.16,15,16:16:41,False,,False,False,723.24,17,1,15,668555682,train,True
668288014,723.18,15,16:16:42,False,,False,False,723.24,18,1,15,668555682,train,True
668288015,723.23,15,16:16:43,False,,False,False,723.24,19,1,15,668555682,train,True
668288016,723.18,15,16:16:44,False,,False,False,723.24,20,1,15,668555682,train,True
668288017,723.21,15,16:16:45,False,,False,False,723.24,21,1,15,668555682,train,True
668288018,723.2,15,16:16:46,False,,False,False,723.24,22,1,15,668555682,train,True
668288019,723.18,15,16:16:47,False,,False,False,723.24,23,1,15,668555682,train,True
668288020,723.2,15,16:16:48,False,,False,False,723.24,24,1,15,668555682,train,True
668288021,723.19,15,16:16:49,False,,False,False,723.24,25,1,15,668555682,train,True
668288022,723.18,15,16:16:50,False,,False,False,723.24,26,1,15,668555682,train,True
668288023,723.23,15,16:16:51,False,,False,True,723.24,27,1,15,668555682,train,True
668288024,723.12,15,16:16:52,False,,False,True,723.24,28,1,15,668555682,train,True
668288025,723.21,15,16:16:53,False,,False,True,723.24,29,1,15,668555682,train,True
668288026,723.17,15,16:16:54,False,,False,True,723.24,30,1,15,668555682,train,True
668288027,723.13,15,16:16:55,False,,False,True,723.24,31,1,15,668555682,train,True
668288028,723.19,15,16:16:56,False,,False,True,723.24,32,1,15,668555682,train,True
668288029,723.17,15,16:16:57,False,,False,True,723.23,33,1,15,668555682,train,True
668288030,723.15,15,16:16:58,False,,False,True,723.23,34,1,15,668555682,train,True
668288031,723.22,15,16:16:59,False,,False,True,723.23,35,1,15,668555682,train,True
668288032,723.13,15,16:17:00,False,,False,True,723.23,36,1,15,668555682,train,True
668288033,723.15,15,16:17:01,False,,False,True,723.23,37,1,15,668555682,train,True
668288034,723.13,15,16:17:02,False,,False,True,723.23,38,1,15,668555682,train,True
668288035,723.13,15,16:17:03,False,,False,True,723.23,39,1,15,668555682,train,True
668288036,723.11,15,16:17:04,False,,False,True,723.23,40,1,15,668555682,train,True
668288037,723.2,15,16:17:05,False,,False,True,723.23,41,1,15,668555682,train,True
668288038,723.13,15,16:17:06,False,,False,True,723.23,42,1,15,668555682,train,True
668288039,723.11,15,16:17:07,False,,False,True,723.23,43,1,15,668555682,train,True
668288040,723.07,15,16:17:08,False,,False,True,723.23,44,1,15,668555682,train,True
668288041,723.09,15,16:17:09,False,,False,True,723.23,45,1,15,668555682,train,True
668288042,723.22,15,16:17:10,False,,False,True,723.23,46,1,15,668555682,train,True
668288043,723.23,15,16:17:11,False,,False,True,723.23,47,1,15,668555682,train,True
668288044,723.16,15,16:17:12,False,,False,True,723.22,48,1,15,668555682,train,True
668288045,723.19,15,16:17:13,False,,False,True,723.22,49,1,15,668555682,train,True
668288046,723.14,15,16:17:14,False,,False,True,723.22,50,1,15,668555682,train,True
668288047,723.1,15,16:17:15,False,,False,True,723.22,51,1,15,668555682,train,True
668288048,723.21,15,16:17:16,False,,False,True,723.22,52,1,15,668555682,train,True
668288049,723.1,15,16:17:17,False,,False,True,723.22,53,1,15,668555682,train,True
668288050,723.1,15,16:17:17,False,,False,True,723.22,54,1,15,668555682,train,True
668288051,723.15,15,16:17:18,False,,False,True,723.22,55,1,15,668555682,train,True
668288052,723.17,15,16:17:19,False,,False,True,723.22,56,1,15,668555682,train,True
668288053,723.17,15,16:17:20,False,,False,True,723.22,57,1,15,668555682,train,True
668288054,723.08,15,16:17:21,False,,False,True,723.22,58,1,15,668555682,train,True
668287995,723.17,15,16:16:24,False,,False,False,723.25,6,0,16,668556124,train,True
668287996,723.16,15,16:16:25,False,,False,False,723.25,5,0,16,668556124,train,True
668287997,723.19,15,16:16:26,False,,False,False,723.25,5,1,16,668556124,train,True
668287998,723.06,15,16:16:27,False,,False,False,723.25,5,1,16,668556124,train,True
668287999,723.07,15,16:16:28,False,,False,False,723.25,5,1,16,668556124,train,True
668288000,723.08,15,16:16:29,False,,False,False,723.25,6,1,16,668556124,train,True
668288001,723.17,15,16:16:30,False,,False,False,723.25,7,1,16,668556124,train,True
668288002,723.17,15,16:16:31,False,,False,False,723.25,8,1,16,668556124,train,True
668288003,723.17,15,16:16:32,False,,False,False,723.25,8,1,16,668556124,train,True
668288004,723.15,15,16:16:33,False,,False,False,723.25,9,1,16,668556124,train,True
668288005,723.22,15,16:16:34,False,,False,False,723.25,10,1,16,668556124,train,True
668288006,723.17,15,16:16:35,False,,False,False,723.25,11,1,16,668556124,train,True
668288007,723.15,15,16:16:36,False,,False,False,723.25,11,1,16,668556124,train,True
668288008,723.18,15,16:16:37,False,,False,False,723.25,12,1,16,668556124,train,True
668288009,723.14,15,16:16:38,False,,False,False,723.24,13,1,16,668556124,train,True
668288010,723.11,15,16:16:39,False,,False,False,723.24,14,1,16,668556124,train,True
668288011,723.2,15,16:16:40,False,,False,False,723.24,15,1,16,668556124,train,True
668288012,723.17,15,16:16:40,False,,False,False,723.24,16,1,16,668556124,train,True
668288013,723.16,15,16:16:41,False,,False,False,723.24,17,1,16,668556124,train,True
668288014,723.18,15,16:16:42,False,,False,False,723.24,18,1,16,668556124,train,True
668288015,723.23,15,16:16:43,False,,False,False,723.24,19,1,16,668556124,train,True
668288016,723.18,15,16:16:44,False,,False,False,723.24,20,1,16,668556124,train,True
668288017,723.21,15,16:16:45,False,,False,False,723.24,21,1,16,668556124,train,True
668288018,723.2,15,16:16:46,False,,False,False,723.24,22,1,16,668556124,train,True
668288019,723.18,15,16:16:47,False,,False,False,723.24,23,1,16,668556124,train,True
668288020,723.2,15,16:16:48,False,,False,False,723.24,24,1,16,668556124,train,True
668288021,723.19,15,16:16:49,False,,False,False,723.24,25,1,16,668556124,train,True
668288022,723.18,15,16:16:50,False,,False,False,723.24,26,1,16,668556124,train,True
668288023,723.23,15,16:16:51,False,,False,True,723.24,27,1,16,668556124,train,True
668288024,723.12,15,16:16:52,False,,False,True,723.24,28,1,16,668556124,train,True
668288025,723.21,15,16:16:53,False,,False,True,723.24,29,1,16,668556124,train,True
668288026,723.17,15,16:16:54,False,,False,True,723.24,30,1,16,668556124,train,True
668288027,723.13,15,16:16:55,False,,False,True,723.24,31,1,16,668556124,train,True
668288028,723.19,15,16:16:56,False,,False,True,723.24,32,1,16,668556124,train,True
668288029,723.17,15,16:16:57,False,,False,True,723.23,33,1,16,668556124,train,True
668288030,723.15,15,16:16:58,False,,False,True,723.23,34,1,16,668556124,train,True
668288031,723.22,15,16:16:59,False,,False,True,723.23,35,1,16,668556124,train,True
668288032,723.13,15,16:17:00,False,,False,True,723.23,36,1,16,668556124,train,True
668288033,723.15,15,16:17:01,False,,False,True,723.23,37,1,16,668556124,train,True
668288034,723.13,15,16:17:02,False,,False,True,723.23,38,1,16,668556124,train,True
668288035,723.13,15,16:17:03,False,,False,True,723.23,39,1,16,668556124,train,True
668288036,723.11,15,16:17:04,False,,False,True,723.23,40,1,16,668556124,train,True
668288037,723.2,15,16:17:05,False,,False,True,723.23,41,1,16,668556124,train,True
668288038,723.13,15,16:17:06,False,,False,True,723.23,42,1,16,668556124,train,True
668288039,723.11,15,16:17:07,False,,False,True,723.23,43,1,16,668556124,train,True
668288040,723.07,15,16:17:08,False,,False,True,723.23,44,1,16,668556124,train,True
668288041,723.09,15,16:17:09,False,,False,True,723.23,45,1,16,668556124,train,True
668288042,723.22,15,16:17:10,False,,False,True,723.23,46,1,16,668556124,train,True
668288043,723.23,15,16:17:11,False,,False,True,723.23,47,1,16,668556124,train,True
668288044,723.16,15,16:17:12,False,,False,True,723.22,48,1,16,668556124,train,True
668288045,723.19,15,16:17:13,False,,False,True,723.22,49,1,16,668556124,train,True
668288046,723.14,15,16:17:14,False,,False,True,723.22,50,1,16,668556124,train,True
668288047,723.1,15,16:17:15,False,,False,True,723.22,51,1,16,668556124,train,True
668288048,723.21,15,16:17:16,False,,False,True,723.22,52,1,16,668556124,train,True
668288049,723.1,15,16:17:17,False,,False,True,723.22,53,1,16,668556124,train,True
668288050,723.1,15,16:17:17,False,,False,True,723.22,54,1,16,668556124,train,True
668288051,723.15,15,16:17:18,False,,False,True,723.22,55,1,16,668556124,train,True
668288052,723.17,15,16:17:19,False,,False,True,723.22,56,1,16,668556124,train,True
668288053,723.17,15,16:17:20,False,,False,True,723.22,57,1,16,668556124,train,True
668288054,723.08,15,16:17:21,False,,False,True,723.22,58,1,16,668556124,train,True
668287995,723.17,15,16:16:24,False,,False,False,723.25,6,0,17,668557517,train,True
668287996,723.16,15,16:16:25,False,,False,False,723.25,5,0,17,668557517,train,True
668287997,723.19,15,16:16:26,False,,False,False,723.25,5,1,17,668557517,train,True
668287998,723.06,15,16:16:27,False,,False,False,723.25,5,1,17,668557517,train,True
668287999,723.07,15,16:16:28,False,,False,False,723.25,5,1,17,668557517,train,True
668288000,723.08,15,16:16:29,False,,False,False,723.25,6,1,17,668557517,train,True
668288001,723.17,15,16:16:30,False,,False,False,723.25,7,1,17,668557517,train,True
668288002,723.17,15,16:16:31,False,,False,False,723.25,8,1,17,668557517,train,True
668288003,723.17,15,16:16:32,False,,False,False,723.25,8,1,17,668557517,train,True
668288004,723.15,15,16:16:33,False,,False,False,723.25,9,1,17,668557517,train,True
668288005,723.22,15,16:16:34,False,,False,False,723.25,10,1,17,668557517,train,True
668288006,723.17,15,16:16:35,False,,False,False,723.25,11,1,17,668557517,train,True
668288007,723.15,15,16:16:36,False,,False,False,723.25,11,1,17,668557517,train,True
668288008,723.18,15,16:16:37,False,,False,False,723.25,12,1,17,668557517,train,True
668288009,723.14,15,16:16:38,False,,False,False,723.24,13,1,17,668557517,train,True
668288010,723.11,15,16:16:39,False,,False,False,723.24,14,1,17,668557517,train,True
668288011,723.2,15,16:16:40,False,,False,False,723.24,15,1,17,668557517,train,True
668288012,723.17,15,16:16:40,False,,False,False,723.24,16,1,17,668557517,train,True
668288013,723.16,15,16:16:41,False,,False,False,723.24,17,1,17,668557517,train,True
668288014,723.18,15,16:16:42,False,,False,False,723.24,18,1,17,668557517,train,True
668288015,723.23,15,16:16:43,False,,False,False,723.24,19,1,17,668557517,train,True
668288016,723.18,15,16:16:44,False,,False,False,723.24,20,1,17,668557517,train,True
668288017,723.21,15,16:16:45,False,,False,False,723.24,21,1,17,668557517,train,True
668288018,723.2,15,16:16:46,False,,False,False,723.24,22,1,17,668557517,train,True
668288019,723.18,15,16:16:47,False,,False,False,723.24,23,1,17,668557517,train,True
668288020,723.2,15,16:16:48,False,,False,False,723.24,24,1,17,668557517,train,True
668288021,723.19,15,16:16:49,False,,False,False,723.24,25,1,17,668557517,train,True
668288022,723.18,15,16:16:50,False,,False,False,723.24,26,1,17,668557517,train,True
668288023,723.23,15,16:16:51,False,,False,True,723.24,27,1,17,668557517,train,True
668288024,723.12,15,16:16:52,False,,False,True,723.24,28,1,17,668557517,train,True
668288025,723.21,15,16:16:53,False,,False,True,723.24,29,1,17,668557517,train,True
668288026,723.17,15,16:16:54,False,,False,True,723.24,30,1,17,668557517,train,True
668288027,723.13,15,16:16:55,False,,False,True,723.24,31,1,17,668557517,train,True
668288028,723.19,15,16:16:56,False,,False,True,723.24,32,1,17,668557517,train,True
668288029,723.17,15,16:16:57,False,,False,True,723.23,33,1,17,668557517,train,True
668288030,723.15,15,16:16:58,False,,False,True,723.23,34,1,17,668557517,train,True
668288031,723.22,15,16:16:59,False,,False,True,723.23,35,1,17,668557517,train,True
668288032,723.13,15,16:17:00,False,,False,True,723.23,36,1,17,668557517,train,True
668288033,723.15,15,16:17:01,False,,False,True,723.23,37,1,17,668557517,train,True
668288034,723.13,15,16:17:02,False,,False,True,723.23,38,1,17,668557517,train,True
668288035,723.13,15,16:17:03,False,,False,True,723.23,39,1,17,668557517,train,True
668288036,723.11,15,16:17:04,False,,False,True,723.23,40,1,17,668557517,train,True
668288037,723.2,15,16:17:05,False,,False,True,723.23,41,1,17,668557517,train,True
668288038,723.13,15,16:17:06,False,,False,True,723.23,42,1,17,668557517,train,True
668288039,723.11,15,16:17:07,False,,False,True,723.23,43,1,17,668557517,train,True
668288040,723.07,15,16:17:08,False,,False,True,723.23,44,1,17,668557517,train,True
668288041,723.09,15,16:17:09,False,,False,True,723.23,45,1,17,668557517,train,True
668288042,723.22,15,16:17:10,False,,False,True,723.23,46,1,17,668557517,train,True
668288043,723.23,15,16:17:11,False,,False,True,723.23,47,1,17,668557517,train,True
668288044,723.16,15,16:17:12,False,,False,True,723.22,48,1,17,668557517,train,True
668288045,723.19,15,16:17:13,False,,False,True,723.22,49,1,17,668557517,train,True
668288046,723.14,15,16:17:14,False,,False,True,723.22,50,1,17,668557517,train,True
668288047,723.1,15,16:17:15,False,,False,True,723.22,51,1,17,668557517,train,True
668288048,723.21,15,16:17:16,False,,False,True,723.22,52,1,17,668557517,train,True
668288049,723.1,15,16:17:17,False,,False,True,723.22,53,1,17,668557517,train,True
668288050,723.1,15,16:17:17,False,,False,True,723.22,54,1,17,668557517,train,True
668288051,723.15,15,16:17:18,False,,False,True,723.22,55,1,17,668557517,train,True
668288052,723.17,15,16:17:19,False,,False,True,723.22,56,1,17,668557517,train,True
668288053,723.17,15,16:17:20,False,,False,True,723.22,57,1,17,668557517,train,True
668288054,723.08,15,16:17:21,False,,False,True,723.22,58,1,17,668557517,train,True
668287995,723.17,15,16:16:24,False,,False,False,723.25,6,0,18,668716847,train,True
668287996,723.16,15,16:16:25,False,,False,False,723.25,5,0,18,668716847,train,True
668287997,723.19,15,16:16:26,False,,False,False,723.25,5,1,18,668716847,train,True
668287998,723.06,15,16:16:27,False,,False,False,723.25,5,1,18,668716847,train,True
668287999,723.07,15,16:16:28,False,,False,False,723.25,5,1,18,668716847,train,True
668288000,723.08,15,16:16:29,False,,False,False,723.25,6,1,18,668716847,train,True
668288001,723.17,15,16:16:30,False,,False,False,723.25,7,1,18,668716847,train,True
668288002,723.17,15,16:16:31,False,,False,False,723.25,8,1,18,668716847,train,True
668288003,723.17,15,16:16:32,False,,False,False,723.25,8,1,18,668716847,train,True
668288004,723.15,15,16:16:33,False,,False,False,723.25,9,1,18,668716847,train,True
668288005,723.22,15,16:16:34,False,,False,False,723.25,10,1,18,668716847,train,True
668288006,723.17,15,16:16:35,False,,False,False,723.25,11,1,18,668716847,train,True
668288007,723.15,15,16:16:36,False,,False,False,723.25,11,1,18,668716847,train,True
668288008,723.18,15,16:16:37,False,,False,False,723.25,12,1,18,668716847,train,True
668288009,723.14,15,16:16:38,False,,False,False,723.24,13,1,18,668716847,train,True
668288010,723.11,15,16:16:39,False,,False,False,723.24,14,1,18,668716847,train,True
668288011,723.2,15,16:16:40,False,,False,False,723.24,15,1,18,668716847,train,True
668288012,723.17,15,16:16:40,False,,False,False,723.24,16,1,18,668716847,train,True
668288013,723.16,15,16:16:41,False,,False,False,723.24,17,1,18,668716847,train,True
668288014,723.18,15,16:16:42,False,,False,False,723.24,18,1,18,668716847,train,True
668288015,723.23,15,16:16:43,False,,False,False,723.24,19,1,18,668716847,train,True
668288016,723.18,15,16:16:44,False,,False,False,723.24,20,1,18,668716847,train,True
668288017,723.21,15,16:16:45,False,,False,False,723.24,21,1,18,668716847,train,True
668288018,723.2,15,16:16:46,False,,False,False,723.24,22,1,18,668716847,train,True
668288019,723.18,15,16:16:47,False,,False,False,723.24,23,1,18,668716847,train,True
668288020,723.2,15,16:16:48,False,,False,False,723.24,24,1,18,668716847,train,True
668288021,723.19,15,16:16:49,False,,False,False,723.24,25,1,18,668716847,train,True
668288022,723.18,15,16:16:50,False,,False,False,723.24,26,1,18,668716847,train,True
668288023,723.23,15,16:16:51,False,,False,True,723.24,27,1,18,668716847,train,True
668288024,723.12,15,16:16:52,False,,False,True,723.24,28,1,18,668716847,train,True
668288025,723.21,15,16:16:53,False,,False,True,723.24,29,1,18,668716847,train,True
668288026,723.17,15,16:16:54,False,,False,True,723.24,30,1,18,668716847,train,True
668288027,723.13,15,16:16:55,False,,False,True,723.24,31,1,18,668716847,train,True
668288028,723.19,15,16:16:56,False,,False,True,723.24,32,1,18,668716847,train,True
668288029,723.17,15,16:16:57,False,,False,True,723.23,33,1,18,668716847,train,True
668288030,723.15,15,16:16:58,False,,False,True,723.23,34,1,18,668716847,train,True
668288031,723.22,15,16:16:59,False,,False,True,723.23,35,1,18,668716847,train,True
668288032,723.13,15,16:17:00,False,,False,True,723.23,36,1,18,668716847,train,True
668288033,723.15,15,16:17:01,False,,False,True,723.23,37,1,18,668716847,train,True
668288034,723.13,15,16:17:02,False,,False,True,723.23,38,1,18,668716847,train,True
668288035,723.13,15,16:17:03,False,,False,True,723.23,39,1,18,668716847,train,True
668288036,723.11,15,16:17:04,False,,False,True,723.23,40,1,18,668716847,train,True
668288037,723.2,15,16:17:05,False,,False,True,723.23,41,1,18,668716847,train,True
668288038,723.13,15,16:17:06,False,,False,True,723.23,42,1,18,668716847,train,True
668288039,723.11,15,16:17:07,False,,False,True,723.23,43,1,18,668716847,train,True
668288040,723.07,15,16:17:08,False,,False,True,723.23,44,1,18,668716847,train,True
668288041,723.09,15,16:17:09,False,,False,True,723.23,45,1,18,668716847,train,True
668288042,723.22,15,16:17:10,False,,False,True,723.23,46,1,18,668716847,train,True
668288043,723.23,15,16:17:11,False,,False,True,723.23,47,1,18,668716847,train,True
668288044,723.16,15,16:17:12,False,,False,True,723.22,48,1,18,668716847,train,True
668288045,723.19,15,16:17:13,False,,False,True,723.22,49,1,18,668716847,train,True
668288046,723.14,15,16:17:14,False,,False,True,723.22,50,1,18,668716847,train,True
668288047,723.1,15,16:17:15,False,,False,True,723.22,51,1,18,668716847,train,True
668288048,723.21,15,16:17:16,False,,False,True,723.22,52,1,18,668716847,train,True
668288049,723.1,15,16:17:17,False,,False,True,723.22,53,1,18,668716847,train,True
668288050,723.1,15,16:17:17,False,,False,True,723.22,54,1,18,668716847,train,True
668288051,723.15,15,16:17:18,False,,False,True,723.22,55,1,18,668716847,train,True
668288052,723.17,15,16:17:19,False,,False,True,723.22,56,1,18,668716847,train,True
668288053,723.17,15,16:17:20,False,,False,True,723.22,57,1,18,668716847,train,True
668288054,723.08,15,16:17:21,False,,False,True,723.22,58,1,18,668716847,train,True
668287995,723.17,15,16:16:24,False,,False,False,723.25,6,0,19,668723694,train,True
668287996,723.16,15,16:16:25,False,,False,False,723.25,5,0,19,668723694,train,True
668287997,723.19,15,16:16:26,False,,False,False,723.25,5,1,19,668723694,train,True
668287998,723.06,15,16:16:27,False,,False,False,723.25,5,1,19,668723694,train,True
668287999,723.07,15,16:16:28,False,,False,False,723.25,5,1,19,668723694,train,True
668288000,723.08,15,16:16:29,False,,False,False,723.25,6,1,19,668723694,train,True
668288001,723.17,15,16:16:30,False,,False,False,723.25,7,1,19,668723694,train,True
668288002,723.17,15,16:16:31,False,,False,False,723.25,8,1,19,668723694,train,True
668288003,723.17,15,16:16:32,False,,False,False,723.25,8,1,19,668723694,train,True
668288004,723.15,15,16:16:33,False,,False,False,723.25,9,1,19,668723694,train,True
668288005,723.22,15,16:16:34,False,,False,False,723.25,10,1,19,668723694,train,True
668288006,723.17,15,16:16:35,False,,False,False,723.25,11,1,19,668723694,train,True
668288007,723.15,15,16:16:36,False,,False,False,723.25,11,1,19,668723694,train,True
668288008,723.18,15,16:16:37,False,,False,False,723.25,12,1,19,668723694,train,True
668288009,723.14,15,16:16:38,False,,False,False,723.24,13,1,19,668723694,train,True
668288010,723.11,15,16:16:39,False,,False,False,723.24,14,1,19,668723694,train,True
668288011,723.2,15,16:16:40,False,,False,False,723.24,15,1,19,668723694,train,True
668288012,723.17,15,16:16:40,False,,False,False,723.24,16,1,19,668723694,train,True
668288013,723.16,15,16:16:41,False,,False,False,723.24,17,1,19,668723694,train,True
668288014,723.18,15,16:16:42,False,,False,False,723.24,18,1,19,668723694,train,True
668288015,723.23,15,16:16:43,False,,False,False,723.24,19,1,19,668723694,train,True
668288016,723.18,15,16:16:44,False,,False,False,723.24,20,1,19,668723694,train,True
668288017,723.21,15,16:16:45,False,,False,False,723.24,21,1,19,668723694,train,True
668288018,723.2,15,16:16:46,False,,False,False,723.24,22,1,19,668723694,train,True
668288019,723.18,15,16:16:47,False,,False,False,723.24,23,1,19,668723694,train,True
668288020,723.2,15,16:16:48,False,,False,False,723.24,24,1,19,668723694,train,True
668288021,723.19,15,16:16:49,False,,False,False,723.24,25,1,19,668723694,train,True
668288022,723.18,15,16:16:50,False,,False,False,723.24,26,1,19,668723694,train,True
668288023,723.23,15,16:16:51,False,,False,True,723.24,27,1,19,668723694,train,True
668288024,723.12,15,16:16:52,False,,False,True,723.24,28,1,19,668723694,train,True
668288025,723.21,15,16:16:53,False,,False,True,723.24,29,1,19,668723694,train,True
668288026,723.17,15,16:16:54,False,,False,True,723.24,30,1,19,668723694,train,True
668288027,723.13,15,16:16:55,False,,False,True,723.24,31,1,19,668723694,train,True
668288028,723.19,15,16:16:56,False,,False,True,723.24,32,1,19,668723694,train,True
668288029,723.17,15,16:16:57,False,,False,True,723.23,33,1,19,668723694,train,True
668288030,723.15,15,16:16:58,False,,False,True,723.23,34,1,19,668723694,train,True
668288031,723.22,15,16:16:59,False,,False,True,723.23,35,1,19,668723694,train,True
668288032,723.13,15,16:17:00,False,,False,True,723.23,36,1,19,668723694,train,True
668288033,723.15,15,16:17:01,False,,False,True,723.23,37,1,19,668723694,train,True
668288034,723.13,15,16:17:02,False,,False,True,723.23,38,1,19,668723694,train,True
668288035,723.13,15,16:17:03,False,,False,True,723.23,39,1,19,668723694,train,True
668288036,723.11,15,16:17:04,False,,False,True,723.23,40,1,19,668723694,train,True
668288037,723.2,15,16:17:05,False,,False,True,723.23,41,1,19,668723694,train,True
668288038,723.13,15,16:17:06,False,,False,True,723.23,42,1,19,668723694,train,True
668288039,723.11,15,16:17:07,False,,False,True,723.23,43,1,19,668723694,train,True
668288040,723.07,15,16:17:08,False,,False,True,723.23,44,1,19,668723694,train,True
668288041,723.09,15,16:17:09,False,,False,True,723.23,45,1,19,668723694,train,True
668288042,723.22,15,16:17:10,False,,False,True,723.23,46,1,19,668723694,train,True
668288043,723.23,15,16:17:11,False,,False,True,723.23,47,1,19,668723694,train,True
668288044,723.16,15,16:17:12,False,,False,True,723.22,48,1,19,668723694,train,True
668288045,723.19,15,16:17:13,False,,False,True,723.22,49,1,19,668723694,train,True
668288046,723.14,15,16:17:14,False,,False,True,723.22,50,1,19,668723694,train,True
668288047,723.1,15,16:17:15,False,,False,True,723.22,51,1,19,668723694,train,True
668288048,723.21,15,16:17:16,False,,False,True,723.22,52,1,19,668723694,train,True
668288049,723.1,15,16:17:17,False,,False,True,723.22,53,1,19,668723694,train,True
668288050,723.1,15,16:17:17,False,,False,True,723.22,54,1,19,668723694,train,True
668288051,723.15,15,16:17:18,False,,False,True,723.22,55,1,19,668723694,train,True
668288052,723.17,15,16:17:19,False,,False,True,723.22,56,1,19,668723694,train,True
668288053,723.17,15,16:17:20,False,,False,True,723.22,57,1,19,668723694,train,True
668288054,723.08,15,16:17:21,False,,False,True,723.22,58,1,19,668723694,train,True
668287995,723.17,15,16:16:24,False,,False,False,723.25,6,0,20,668801790,train,True
668287996,723.16,15,16:16:25,False,,False,False,723.25,5,0,20,668801790,train,True
668287997,723.19,15,16:16:26,False,,False,False,723.25,5,1,20,668801790,train,True
668287998,723.06,15,16:16:27,False,,False,False,723.25,5,1,20,668801790,train,True
668287999,723.07,15,16:16:28,False,,False,False,723.25,5,1,20,668801790,train,True
668288000,723.08,15,16:16:29,False,,False,False,723.25,6,1,20,668801790,train,True
668288001,723.17,15,16:16:30,False,,False,False,723.25,7,1,20,668801790,train,True
668288002,723.17,15,16:16:31,False,,False,False,723.25,8,1,20,668801790,train,True
668288003,723.17,15,16:16:32,False,,False,False,723.25,8,1,20,668801790,train,True
668288004,723.15,15,16:16:33,False,,False,False,723.25,9,1,20,668801790,train,True
668288005,723.22,15,16:16:34,False,,False,False,723.25,10,1,20,668801790,train,True
668288006,723.17,15,16:16:35,False,,False,False,723.25,11,1,20,668801790,train,True
668288007,723.15,15,16:16:36,False,,False,False,723.25,11,1,20,668801790,train,True
668288008,723.18,15,16:16:37,False,,False,False,723.25,12,1,20,668801790,train,True
668288009,723.14,15,16:16:38,False,,False,False,723.24,13,1,20,668801790,train,True
668288010,723.11,15,16:16:39,False,,False,False,723.24,14,1,20,668801790,train,True
668288011,723.2,15,16:16:40,False,,False,False,723.24,15,1,20,668801790,train,True
668288012,723.17,15,16:16:40,False,,False,False,723.24,16,1,20,668801790,train,True
668288013,723.16,15,16:16:41,False,,False,False,723.24,17,1,20,668801790,train,True
668288014,723.18,15,16:16:42,False,,False,False,723.24,18,1,20,668801790,train,True
668288015,723.23,15,16:16:43,False,,False,False,723.24,19,1,20,668801790,train,True
668288016,723.18,15,16:16:44,False,,False,False,723.24,20,1,20,668801790,train,True
668288017,723.21,15,16:16:45,False,,False,False,723.24,21,1,20,668801790,train,True
668288018,723.2,15,16:16:46,False,,False,False,723.24,22,1,20,668801790,train,True
668288019,723.18,15,16:16:47,False,,False,False,723.24,23,1,20,668801790,train,True
668288020,723.2,15,16:16:48,False,,False,False,723.24,24,1,20,668801790,train,True
668288021,723.19,15,16:16:49,False,,False,False,723.24,25,1,20,668801790,train,True
668288022,723.18,15,16:16:50,False,,False,False,723.24,26,1,20,668801790,train,True
668288023,723.23,15,16:16:51,False,,False,True,723.24,27,1,20,668801790,train,True
668288024,723.12,15,16:16:52,False,,False,True,723.24,28,1,20,668801790,train,True
668288025,723.21,15,16:16:53,False,,False,True,723.24,29,1,20,668801790,train,True
668288026,723.17,15,16:16:54,False,,False,True,723.24,30,1,20,668801790,train,True
668288027,723.13,15,16:16:55,False,,False,True,723.24,31,1,20,668801790,train,True
668288028,723.19,15,16:16:56,False,,False,True,723.24,32,1,20,668801790,train,True
668288029,723.17,15,16:16:57,False,,False,True,723.23,33,1,20,668801790,train,True
668288030,723.15,15,16:16:58,False,,False,True,723.23,34,1,20,668801790,train,True
668288031,723.22,15,16:16:59,False,,False,True,723.23,35,1,20,668801790,train,True
668288032,723.13,15,16:17:00,False,,False,True,723.23,36,1,20,668801790,train,True
668288033,723.15,15,16:17:01,False,,False,True,723.23,37,1,20,668801790,train,True
668288034,723.13,15,16:17:02,False,,False,True,723.23,38,1,20,668801790,train,True
668288035,723.13,15,16:17:03,False,,False,True,723.23,39,1,20,668801790,train,True
668288036,723.11,15,16:17:04,False,,False,True,723.23,40,1,20,668801790,train,True
668288037,723.2,15,16:17:05,False,,False,True,723.23,41,1,20,668801790,train,True
668288038,723.13,15,16:17:06,False,,False,True,723.23,42,1,20,668801790,train,True
668288039,723.11,15,16:17:07,False,,False,True,723.23,43,1,20,668801790,train,True
668288040,723.07,15,16:17:08,False,,False,True,723.23,44,1,20,668801790,train,True
668288041,723.09,15,16:17:09,False,,False,True,723.23,45,1,20,668801790,train,True
668288042,723.22,15,16:17:10,False,,False,True,723.23,46,1,20,668801790,train,True
668288043,723.23,15,16:17:11,False,,False,True,723.23,47,1,20,668801790,train,True
668288044,723.16,15,16:17:12,False,,False,True,723.22,48,1,20,668801790,train,True
668288045,723.19,15,16:17:13,False,,False,True,723.22,49,1,20,668801790,train,True
668288046,723.14,15,16:17:14,False,,False,True,723.22,50,1,20,668801790,train,True
668288047,723.1,15,16:17:15,False,,False,True,723.22,51,1,20,668801790,train,True
668288048,723.21,15,16:17:16,False,,False,True,723.22,52,1,20,668801790,train,True
668288049,723.1,15,16:17:17,False,,False,True,723.22,53,1,20,668801790,train,True
668288050,723.1,15,16:17:17,False,,False,True,723.22,54,1,20,668801790,train,True
668288051,723.15,15,16:17:18,False,,False,True,723.22,55,1,20,668801790,train,True
668288052,723.17,15,16:17:19,False,,False,True,723.22,56,1,20,668801790,train,True
668288053,723.17,15,16:17:20,False,,False,True,723.22,57,1,20,668801790,train,True
668288054,723.08,15,16:17:21,False,,False,True,723.22,58,1,20,668801790,train,True
668287995,723.17,15,16:16:24,False,,False,False,723.25,6,0,21,668808927,train,True
668287996,723.16,15,16:16:25,False,,False,False,723.25,5,0,21,668808927,train,True
668287997,723.19,15,16:16:26,False,,False,False,723.25,5,1,21,668808927,train,True
668287998,723.06,15,16:16:27,False,,False,False,723.25,5,1,21,668808927,train,True
668287999,723.07,15,16:16:28,False,,False,False,723.25,5,1,21,668808927,train,True
668288000,723.08,15,16:16:29,False,,False,False,723.25,6,1,21,668808927,train,True
668288001,723.17,15,16:16:30,False,,False,False,723.25,7,1,21,668808927,train,True
668288002,723.17,15,16:16:31,False,,False,False,723.25,8,1,21,668808927,train,True
668288003,723.17,15,16:16:32,False,,False,False,723.25,8,1,21,668808927,train,True
668288004,723.15,15,16:16:33,False,,False,False,723.25,9,1,21,668808927,train,True
668288005,723.22,15,16:16:34,False,,False,False,723.25,10,1,21,668808927,train,True
668288006,723.17,15,16:16:35,False,,False,False,723.25,11,1,21,668808927,train,True
668288007,723.15,15,16:16:36,False,,False,False,723.25,11,1,21,668808927,train,True
668288008,723.18,15,16:16:37,False,,False,False,723.25,12,1,21,668808927,train,True
668288009,723.14,15,16:16:38,False,,False,False,723.24,13,1,21,668808927,train,True
668288010,723.11,15,16:16:39,False,,False,False,723.24,14,1,21,668808927,train,True
668288011,723.2,15,16:16:40,False,,False,False,723.24,15,1,21,668808927,train,True
668288012,723.17,15,16:16:40,False,,False,False,723.24,16,1,21,668808927,train,True
668288013,723.16,15,16:16:41,False,,False,False,723.24,17,1,21,668808927,train,True
668288014,723.18,15,16:16:42,False,,False,False,723.24,18,1,21,668808927,train,True
668288015,723.23,15,16:16:43,False,,False,False,723.24,19,1,21,668808927,train,True
668288016,723.18,15,16:16:44,False,,False,False,723.24,20,1,21,668808927,train,True
668288017,723.21,15,16:16:45,False,,False,False,723.24,21,1,21,668808927,train,True
668288018,723.2,15,16:16:46,False,,False,False,723.24,22,1,21,668808927,train,True
668288019,723.18,15,16:16:47,False,,False,False,723.24,23,1,21,668808927,train,True
668288020,723.2,15,16:16:48,False,,False,False,723.24,24,1,21,668808927,train,True
668288021,723.19,15,16:16:49,False,,False,False,723.24,25,1,21,668808927,train,True
668288022,723.18,15,16:16:50,False,,False,False,723.24,26,1,21,668808927,train,True
668288023,723.23,15,16:16:51,False,,False,True,723.24,27,1,21,668808927,train,True
668288024,723.12,15,16:16:52,False,,False,True,723.24,28,1,21,668808927,train,True
668288025,723.21,15,16:16:53,False,,False,True,723.24,29,1,21,668808927,train,True
668288026,723.17,15,16:16:54,False,,False,True,723.24,30,1,21,668808927,train,True
668288027,723.13,15,16:16:55,False,,False,True,723.24,31,1,21,668808927,train,True
668288028,723.19,15,16:16:56,False,,False,True,723.24,32,1,21,668808927,train,True
668288029,723.17,15,16:16:57,False,,False,True,723.23,33,1,21,668808927,train,True
668288030,723.15,15,16:16:58,False,,False,True,723.23,34,1,21,668808927,train,True
668288031,723.22,15,16:16:59,False,,False,True,723.23,35,1,21,668808927,train,True
668288032,723.13,15,16:17:00,False,,False,True,723.23,36,1,21,668808927,train,True
668288033,723.15,15,16:17:01,False,,False,True,723.23,37,1,21,668808927,train,True
668288034,723.13,15,16:17:02,False,,False,True,723.23,38,1,21,668808927,train,True
668288035,723.13,15,16:17:03,False,,False,True,723.23,39,1,21,668808927,train,True
668288036,723.11,15,16:17:04,False,,False,True,723.23,40,1,21,668808927,train,True
668288037,723.2,15,16:17:05,False,,False,True,723.23,41,1,21,668808927,train,True
668288038,723.13,15,16:17:06,False,,False,True,723.23,42,1,21,668808927,train,True
668288039,723.11,15,16:17:07,False,,False,True,723.23,43,1,21,668808927,train,True
668288040,723.07,15,16:17:08,False,,False,True,723.23,44,1,21,668808927,train,True
668288041,723.09,15,16:17:09,False,,False,True,723.23,45,1,21,668808927,train,True
668288042,723.22,15,16:17:10,False,,False,True,723.23,46,1,21,668808927,train,True
668288043,723.23,15,16:17:11,False,,False,True,723.23,47,1,21,668808927,train,True
668288044,723.16,15,16:17:12,False,,False,True,723.22,48,1,21,668808927,train,True
668288045,723.19,15,16:17:13,False,,False,True,723.22,49,1,21,668808927,train,True
668288046,723.14,15,16:17:14,False,,False,True,723.22,50,1,21,668808927,train,True
668288047,723.1,15,16:17:15,False,,False,True,723.22,51,1,21,668808927,train,True
668288048,723.21,15,16:17:16,False,,False,True,723.22,52,1,21,668808927,train,True
668288049,723.1,15,16:17:17,False,,False,True,723.22,53,1,21,668808927,train,True
668288050,723.1,15,16:17:17,False,,False,True,723.22,54,1,21,668808927,train,True
668288051,723.15,15,16:17:18,False,,False,True,723.22,55,1,21,668808927,train,True
668288052,723.17,15,16:17:19,False,,False,True,723.22,56,1,21,668808927,train,True
668288053,723.17,15,16:17:20,False,,False,True,723.22,57,1,21,668808927,train,True
668288054,723.08,15,16:17:21,False,,False,True,723.22,58,1,21,668808927,train,True
668287995,723.17,15,16:16:24,False,,False,False,723.25,6,0,22,668810541,train,True
668287996,723.16,15,16:16:25,False,,False,False,723.25,5,0,22,668810541,train,True
668287997,723.19,15,16:16:26,False,,False,False,723.25,5,1,22,668810541,train,True
668287998,723.06,15,16:16:27,False,,False,False,723.25,5,1,22,668810541,train,True
668287999,723.07,15,16:16:28,False,,False,False,723.25,5,1,22,668810541,train,True
668288000,723.08,15,16:16:29,False,,False,False,723.25,6,1,22,668810541,train,True
668288001,723.17,15,16:16:30,False,,False,False,723.25,7,1,22,668810541,train,True
668288002,723.17,15,16:16:31,False,,False,False,723.25,8,1,22,668810541,train,True
668288003,723.17,15,16:16:32,False,,False,False,723.25,8,1,22,668810541,train,True
668288004,723.15,15,16:16:33,False,,False,False,723.25,9,1,22,668810541,train,True
668288005,723.22,15,16:16:34,False,,False,False,723.25,10,1,22,668810541,train,True
668288006,723.17,15,16:16:35,False,,False,False,723.25,11,1,22,668810541,train,True
668288007,723.15,15,16:16:36,False,,False,False,723.25,11,1,22,668810541,train,True
668288008,723.18,15,16:16:37,False,,False,False,723.25,12,1,22,668810541,train,True
668288009,723.14,15,16:16:38,False,,False,False,723.24,13,1,22,668810541,train,True
668288010,723.11,15,16:16:39,False,,False,False,723.24,14,1,22,668810541,train,True
668288011,723.2,15,16:16:40,False,,False,False,723.24,15,1,22,668810541,train,True
668288012,723.17,15,16:16:40,False,,False,False,723.24,16,1,22,668810541,train,True
668288013,723.16,15,16:16:41,False,,False,False,723.24,17,1,22,668810541,train,True
668288014,723.18,15,16:16:42,False,,False,False,723.24,18,1,22,668810541,train,True
668288015,723.23,15,16:16:43,False,,False,False,723.24,19,1,22,668810541,train,True
668288016,723.18,15,16:16:44,False,,False,False,723.24,20,1,22,668810541,train,True
668288017,723.21,15,16:16:45,False,,False,False,723.24,21,1,22,668810541,train,True
668288018,723.2,15,16:16:46,False,,False,False,723.24,22,1,22,668810541,train,True
668288019,723.18,15,16:16:47,False,,False,False,723.24,23,1,22,668810541,train,True
668288020,723.2,15,16:16:48,False,,False,False,723.24,24,1,22,668810541,train,True
668288021,723.19,15,16:16:49,False,,False,False,723.24,25,1,22,668810541,train,True
668288022,723.18,15,16:16:50,False,,False,False,723.24,26,1,22,668810541,train,True
668288023,723.23,15,16:16:51,False,,False,True,723.24,27,1,22,668810541,train,True
668288024,723.12,15,16:16:52,False,,False,True,723.24,28,1,22,668810541,train,True
668288025,723.21,15,16:16:53,False,,False,True,723.24,29,1,22,668810541,train,True
668288026,723.17,15,16:16:54,False,,False,True,723.24,30,1,22,668810541,train,True
668288027,723.13,15,16:16:55,False,,False,True,723.24,31,1,22,668810541,train,True
668288028,723.19,15,16:16:56,False,,False,True,723.24,32,1,22,668810541,train,True
668288029,723.17,15,16:16:57,False,,False,True,723.23,33,1,22,668810541,train,True
668288030,723.15,15,16:16:58,False,,False,True,723.23,34,1,22,668810541,train,True
668288031,723.22,15,16:16:59,False,,False,True,723.23,35,1,22,668810541,train,True
668288032,723.13,15,16:17:00,False,,False,True,723.23,36,1,22,668810541,train,True
668288033,723.15,15,16:17:01,False,,False,True,723.23,37,1,22,668810541,train,True
668288034,723.13,15,16:17:02,False,,False,True,723.23,38,1,22,668810541,train,True
668288035,723.13,15,16:17:03,False,,False,True,723.23,39,1,22,668810541,train,True
668288036,723.11,15,16:17:04,False,,False,True,723.23,40,1,22,668810541,train,True
668288037,723.2,15,16:17:05,False,,False,True,723.23,41,1,22,668810541,train,True
668288038,723.13,15,16:17:06,False,,False,True,723.23,42,1,22,668810541,train,True
668288039,723.11,15,16:17:07,False,,False,True,723.23,43,1,22,668810541,train,True
668288040,723.07,15,16:17:08,False,,False,True,723.23,44,1,22,668810541,train,True
668288041,723.09,15,16:17:09,False,,False,True,723.23,45,1,22,668810541,train,True
668288042,723.22,15,16:17:10,False,,False,True,723.23,46,1,22,668810541,train,True
668288043,723.23,15,16:17:11,False,,False,True,723.23,47,1,22,668810541,train,True
668288044,723.16,15,16:17:12,False,,False,True,723.22,48,1,22,668810541,train,True
668288045,723.19,15,16:17:13,False,,False,True,723.22,49,1,22,668810541,train,True
668288046,723.14,15,16:17:14,False,,False,True,723.22,50,1,22,668810541,train,True
668288047,723.1,15,16:17:15,False,,False,True,723.22,51,1,22,668810541,train,True
668288048,723.21,15,16:17:16,False,,False,True,723.22,52,1,22,668810541,train,True
668288049,723.1,15,16:17:17,False,,False,True,723.22,53,1,22,668810541,train,True
668288050,723.1,15,16:17:17,False,,False,True,723.22,54,1,22,668810541,train,True
668288051,723.15,15,16:17:18,False,,False,True,723.22,55,1,22,668810541,train,True
668288052,723.17,15,16:17:19,False,,False,True,723.22,56,1,22,668810541,train,True
668288053,723.17,15,16:17:20,False,,False,True,723.22,57,1,22,668810541,train,True
668288054,723.08,15,16:17:21,False,,False,True,723.22,58,1,22,668810541,train,True
668287995,723.17,15,16:16:24,False,,False,False,723.25,6,0,23,668811652,train,True
668287996,723.16,15,16:16:25,False,,False,False,723.25,5,0,23,668811652,train,True
668287997,723.19,15,16:16:26,False,,False,False,723.25,5,1,23,668811652,train,True
668287998,723.06,15,16:16:27,False,,False,False,723.25,5,1,23,668811652,train,True
668287999,723.07,15,16:16:28,False,,False,False,723.25,5,1,23,668811652,train,True
668288000,723.08,15,16:16:29,False,,False,False,723.25,6,1,23,668811652,train,True
668288001,723.17,15,16:16:30,False,,False,False,723.25,7,1,23,668811652,train,True
668288002,723.17,15,16:16:31,False,,False,False,723.25,8,1,23,668811652,train,True
668288003,723.17,15,16:16:32,False,,False,False,723.25,8,1,23,668811652,train,True
668288004,723.15,15,16:16:33,False,,False,False,723.25,9,1,23,668811652,train,True
668288005,723.22,15,16:16:34,False,,False,False,723.25,10,1,23,668811652,train,True
668288006,723.17,15,16:16:35,False,,False,False,723.25,11,1,23,668811652,train,True
668288007,723.15,15,16:16:36,False,,False,False,723.25,11,1,23,668811652,train,True
668288008,723.18,15,16:16:37,False,,False,False,723.25,12,1,23,668811652,train,True
668288009,723.14,15,16:16:38,False,,False,False,723.24,13,1,23,668811652,train,True
668288010,723.11,15,16:16:39,False,,False,False,723.24,14,1,23,668811652,train,True
668288011,723.2,15,16:16:40,False,,False,False,723.24,15,1,23,668811652,train,True
668288012,723.17,15,16:16:40,False,,False,False,723.24,16,1,23,668811652,train,True
668288013,723.16,15,16:16:41,False,,False,False,723.24,17,1,23,668811652,train,True
668288014,723.18,15,16:16:42,False,,False,False,723.24,18,1,23,668811652,train,True
668288015,723.23,15,16:16:43,False,,False,False,723.24,19,1,23,668811652,train,True
668288016,723.18,15,16:16:44,False,,False,False,723.24,20,1,23,668811652,train,True
668288017,723.21,15,16:16:45,False,,False,False,723.24,21,1,23,668811652,train,True
668288018,723.2,15,16:16:46,False,,False,False,723.24,22,1,23,668811652,train,True
668288019,723.18,15,16:16:47,False,,False,False,723.24,23,1,23,668811652,train,True
668288020,723.2,15,16:16:48,False,,False,False,723.24,24,1,23,668811652,train,True
668288021,723.19,15,16:16:49,False,,False,False,723.24,25,1,23,668811652,train,True
668288022,723.18,15,16:16:50,False,,False,False,723.24,26,1,23,668811652,train,True
668288023,723.23,15,16:16:51,False,,False,True,723.24,27,1,23,668811652,train,True
668288024,723.12,15,16:16:52,False,,False,True,723.24,28,1,23,668811652,train,True
668288025,723.21,15,16:16:53,False,,False,True,723.24,29,1,23,668811652,train,True
668288026,723.17,15,16:16:54,False,,False,True,723.24,30,1,23,668811652,train,True
668288027,723.13,15,16:16:55,False,,False,True,723.24,31,1,23,668811652,train,True
668288028,723.19,15,16:16:56,False,,False,True,723.24,32,1,23,668811652,train,True
668288029,723.17,15,16:16:57,False,,False,True,723.23,33,1,23,668811652,train,True
668288030,723.15,15,16:16:58,False,,False,True,723.23,34,1,23,668811652,train,True
668288031,723.22,15,16:16:59,False,,False,True,723.23,35,1,23,668811652,train,True
668288032,723.13,15,16:17:00,False,,False,True,723.23,36,1,23,668811652,train,True
668288033,723.15,15,16:17:01,False,,False,True,723.23,37,1,23,668811652,train,True
668288034,723.13,15,16:17:02,False,,False,True,723.23,38,1,23,668811652,train,True
668288035,723.13,15,16:17:03,False,,False,True,723.23,39,1,23,668811652,train,True
668288036,723.11,15,16:17:04,False,,False,True,723.23,40,1,23,668811652,train,True
668288037,723.2,15,16:17:05,False,,False,True,723.23,41,1,23,668811652,train,True
668288038,723.13,15,16:17:06,False,,False,True,723.23,42,1,23,668811652,train,True
668288039,723.11,15,16:17:07,False,,False,True,723.23,43,1,23,668811652,train,True
668288040,723.07,15,16:17:08,False,,False,True,723.23,44,1,23,668811652,train,True
668288041,723.09,15,16:17:09,False,,False,True,723.23,45,1,23,668811652,train,True
668288042,723.22,15,16:17:10,False,,False,True,723.23,46,1,23,668811652,train,True
668288043,723.23,15,16:17:11,False,,False,True,723.23,47,1,23,668811652,train,True
668288044,723.16,15,16:17:12,False,,False,True,723.22,48,1,23,668811652,train,True
668288045,723.19,15,16:17:13,False,,False,True,723.22,49,1,23,668811652,train,True
668288046,723.14,15,16:17:14,False,,False,True,723.22,50,1,23,668811652,train,True
668288047,723.1,15,16:17:15,False,,False,True,723.22,51,1,23,668811652,train,True
668288048,723.21,15,16:17:16,False,,False,True,723.22,52,1,23,668811652,train,True
668288049,723.1,15,16:17:17,False,,False,True,723.22,53,1,23,668811652,train,True
668288050,723.1,15,16:17:17,False,,False,True,723.22,54,1,23,668811652,train,True
668288051,723.15,15,16:17:18,False,,False,True,723.22,55,1,23,668811652,train,True
668288052,723.17,15,16:17:19,False,,False,True,723.22,56,1,23,668811652,train,True
668288053,723.17,15,16:17:20,False,,False,True,723.22,57,1,23,668811652,train,True
668288054,723.08,15,16:17:21,False,,False,True,723.22,58,1,23,668811652,train,True
668287995,723.17,15,16:16:24,False,,False,False,723.25,6,0,24,668816129,train,True
668287996,723.16,15,16:16:25,False,,False,False,723.25,5,0,24,668816129,train,True
668287997,723.19,15,16:16:26,False,,False,False,723.25,5,1,24,668816129,train,True
668287998,723.06,15,16:16:27,False,,False,False,723.25,5,1,24,668816129,train,True
668287999,723.07,15,16:16:28,False,,False,False,723.25,5,1,24,668816129,train,True
668288000,723.08,15,16:16:29,False,,False,False,723.25,6,1,24,668816129,train,True
668288001,723.17,15,16:16:30,False,,False,False,723.25,7,1,24,668816129,train,True
668288002,723.17,15,16:16:31,False,,False,False,723.25,8,1,24,668816129,train,True
668288003,723.17,15,16:16:32,False,,False,False,723.25,8,1,24,668816129,train,True
668288004,723.15,15,16:16:33,False,,False,False,723.25,9,1,24,668816129,train,True
668288005,723.22,15,16:16:34,False,,False,False,723.25,10,1,24,668816129,train,True
668288006,723.17,15,16:16:35,False,,False,False,723.25,11,1,24,668816129,train,True
668288007,723.15,15,16:16:36,False,,False,False,723.25,11,1,24,668816129,train,True
668288008,723.18,15,16:16:37,False,,False,False,723.25,12,1,24,668816129,train,True
668288009,723.14,15,16:16:38,False,,False,False,723.24,13,1,24,668816129,train,True
668288010,723.11,15,16:16:39,False,,False,False,723.24,14,1,24,668816129,train,True
668288011,723.2,15,16:16:40,False,,False,False,723.24,15,1,24,668816129,train,True
668288012,723.17,15,16:16:40,False,,False,False,723.24,16,1,24,668816129,train,True
668288013,723.16,15,16:16:41,False,,False,False,723.24,17,1,24,668816129,train,True
668288014,723.18,15,16:16:42,False,,False,False,723.24,18,1,24,668816129,train,True
668288015,723.23,15,16:16:43,False,,False,False,723.24,19,1,24,668816129,train,True
668288016,723.18,15,16:16:44,False,,False,False,723.24,20,1,24,668816129,train,True
668288017,723.21,15,16:16:45,False,,False,False,723.24,21,1,24,668816129,train,True
668288018,723.2,15,16:16:46,False,,False,False,723.24,22,1,24,668816129,train,True
668288019,723.18,15,16:16:47,False,,False,False,723.24,23,1,24,668816129,train,True
668288020,723.2,15,16:16:48,False,,False,False,723.24,24,1,24,668816129,train,True
668288021,723.19,15,16:16:49,False,,False,False,723.24,25,1,24,668816129,train,True
668288022,723.18,15,16:16:50,False,,False,False,723.24,26,1,24,668816129,train,True
668288023,723.23,15,16:16:51,False,,False,True,723.24,27,1,24,668816129,train,True
668288024,723.12,15,16:16:52,False,,False,True,723.24,28,1,24,668816129,train,True
668288025,723.21,15,16:16:53,False,,False,True,723.24,29,1,24,668816129,train,True
668288026,723.17,15,16:16:54,False,,False,True,723.24,30,1,24,668816129,train,True
668288027,723.13,15,16:16:55,False,,False,True,723.24,31,1,24,668816129,train,True
668288028,723.19,15,16:16:56,False,,False,True,723.24,32,1,24,668816129,train,True
668288029,723.17,15,16:16:57,False,,False,True,723.23,33,1,24,668816129,train,True
668288030,723.15,15,16:16:58,False,,False,True,723.23,34,1,24,668816129,train,True
668288031,723.22,15,16:16:59,False,,False,True,723.23,35,1,24,668816129,train,True
668288032,723.13,15,16:17:00,False,,False,True,723.23,36,1,24,668816129,train,True
668288033,723.15,15,16:17:01,False,,False,True,723.23,37,1,24,668816129,train,True
668288034,723.13,15,16:17:02,False,,False,True,723.23,38,1,24,668816129,train,True
668288035,723.13,15,16:17:03,False,,False,True,723.23,39,1,24,668816129,train,True
668288036,723.11,15,16:17:04,False,,False,True,723.23,40,1,24,668816129,train,True
668288037,723.2,15,16:17:05,False,,False,True,723.23,41,1,24,668816129,train,True
668288038,723.13,15,16:17:06,False,,False,True,723.23,42,1,24,668816129,train,True
668288039,723.11,15,16:17:07,False,,False,True,723.23,43,1,24,668816129,train,True
668288040,723.07,15,16:17:08,False,,False,True,723.23,44,1,24,668816129,train,True
668288041,723.09,15,16:17:09,False,,False,True,723.23,45,1,24,668816129,train,True
668288042,723.22,15,16:17:10,False,,False,True,723.23,46,1,24,668816129,train,True
668288043,723.23,15,16:17:11,False,,False,True,723.23,47,1,24,668816129,train,True
668288044,723.16,15,16:17:12,False,,False,True,723.22,48,1,24,668816129,train,True
668288045,723.19,15,16:17:13,False,,False,True,723.22,49,1,24,668816129,train,True
668288046,723.14,15,16:17:14,False,,False,True,723.22,50,1,24,668816129,train,True
668288047,723.1,15,16:17:15,False,,False,True,723.22,51,1,24,668816129,train,True
668288048,723.21,15,16:17:16,False,,False,True,723.22,52,1,24,668816129,train,True
668288049,723.1,15,16:17:17,False,,False,True,723.22,53,1,24,668816129,train,True
668288050,723.1,15,16:17:17,False,,False,True,723.22,54,1,24,668816129,train,True
668288051,723.15,15,16:17:18,False,,False,True,723.22,55,1,24,668816129,train,True
668288052,723.17,15,16:17:19,False,,False,True,723.22,56,1,24,668816129,train,True
668288053,723.17,15,16:17:20,False,,False,True,723.22,57,1,24,668816129,train,True
668288054,723.08,15,16:17:21,False,,False,True,723.22,58,1,24,668816129,train,True
668287995,723.17,15,16:16:24,False,,False,False,723.25,6,0,25,669426485,train,True
668287996,723.16,15,16:16:25,False,,False,False,723.25,5,0,25,669426485,train,True
668287997,723.19,15,16:16:26,False,,False,False,723.25,5,1,25,669426485,train,True
668287998,723.06,15,16:16:27,False,,False,False,723.25,5,1,25,669426485,train,True
668287999,723.07,15,16:16:28,False,,False,False,723.25,5,1,25,669426485,train,True
668288000,723.08,15,16:16:29,False,,False,False,723.25,6,1,25,669426485,train,True
668288001,723.17,15,16:16:30,False,,False,False,723.25,7,1,25,669426485,train,True
668288002,723.17,15,16:16:31,False,,False,False,723.25,8,1,25,669426485,train,True
668288003,723.17,15,16:16:32,False,,False,False,723.25,8,1,25,669426485,train,True
668288004,723.15,15,16:16:33,False,,False,False,723.25,9,1,25,669426485,train,True
668288005,723.22,15,16:16:34,False,,False,False,723.25,10,1,25,669426485,train,True
668288006,723.17,15,16:16:35,False,,False,False,723.25,11,1,25,669426485,train,True
668288007,723.15,15,16:16:36,False,,False,False,723.25,11,1,25,669426485,train,True
668288008,723.18,15,16:16:37,False,,False,False,723.25,12,1,25,669426485,train,True
668288009,723.14,15,16:16:38,False,,False,False,723.24,13,1,25,669426485,train,True
668288010,723.11,15,16:16:39,False,,False,False,723.24,14,1,25,669426485,train,True
668288011,723.2,15,16:16:40,False,,False,False,723.24,15,1,25,669426485,train,True
668288012,723.17,15,16:16:40,False,,False,False,723.24,16,1,25,669426485,train,True
668288013,723.16,15,16:16:41,False,,False,False,723.24,17,1,25,669426485,train,True
668288014,723.18,15,16:16:42,False,,False,False,723.24,18,1,25,669426485,train,True
668288015,723.23,15,16:16:43,False,,False,False,723.24,19,1,25,669426485,train,True
668288016,723.18,15,16:16:44,False,,False,False,723.24,20,1,25,669426485,train,True
668288017,723.21,15,16:16:45,False,,False,False,723.24,21,1,25,669426485,train,True
668288018,723.2,15,16:16:46,False,,False,False,723.24,22,1,25,669426485,train,True
668288019,723.18,15,16:16:47,False,,False,False,723.24,23,1,25,669426485,train,True
668288020,723.2,15,16:16:48,False,,False,False,723.24,24,1,25,669426485,train,True
668288021,723.19,15,16:16:49,False,,False,False,723.24,25,1,25,669426485,train,True
668288022,723.18,15,16:16:50,False,,False,False,723.24,26,1,25,669426485,train,True
668288023,723.23,15,16:16:51,False,,False,True,723.24,27,1,25,669426485,train,True
668288024,723.12,15,16:16:52,False,,False,True,723.24,28,1,25,669426485,train,True
668288025,723.21,15,16:16:53,False,,False,True,723.24,29,1,25,669426485,train,True
668288026,723.17,15,16:16:54,False,,False,True,723.24,30,1,25,669426485,train,True
668288027,723.13,15,16:16:55,False,,False,True,723.24,31,1,25,669426485,train,True
668288028,723.19,15,16:16:56,False,,False,True,723.24,32,1,25,669426485,train,True
668288029,723.17,15,16:16:57,False,,False,True,723.23,33,1,25,669426485,train,True
668288030,723.15,15,16:16:58,False,,False,True,723.23,34,1,25,669426485,train,True
668288031,723.22,15,16:16:59,False,,False,True,723.23,35,1,25,669426485,train,True
668288032,723.13,15,16:17:00,False,,False,True,723.23,36,1,25,669426485,train,True
668288033,723.15,15,16:17:01,False,,False,True,723.23,37,1,25,669426485,train,True
668288034,723.13,15,16:17:02,False,,False,True,723.23,38,1,25,669426485,train,True
668288035,723.13,15,16:17:03,False,,False,True,723.23,39,1,25,669426485,train,True
668288036,723.11,15,16:17:04,False,,False,True,723.23,40,1,25,669426485,train,True
668288037,723.2,15,16:17:05,False,,False,True,723.23,41,1,25,669426485,train,True
668288038,723.13,15,16:17:06,False,,False,True,723.23,42,1,25,669426485,train,True
668288039,723.11,15,16:17:07,False,,False,True,723.23,43,1,25,669426485,train,True
668288040,723.07,15,16:17:08,False,,False,True,723.23,44,1,25,669426485,train,True
668288041,723.09,15,16:17:09,False,,False,True,723.23,45,1,25,669426485,train,True
668288042,723.22,15,16:17:10,False,,False,True,723.23,46,1,25,669426485,train,True
668288043,723.23,15,16:17:11,False,,False,True,723.23,47,1,25,669426485,train,True
668288044,723.16,15,16:17:12,False,,False,True,723.22,48,1,25,669426485,train,True
668288045,723.19,15,16:17:13,False,,False,True,723.22,49,1,25,669426485,train,True
668288046,723.14,15,16:17:14,False,,False,True,723.22,50,1,25,669426485,train,True
668288047,723.1,15,16:17:15,False,,False,True,723.22,51,1,25,669426485,train,True
668288048,723.21,15,16:17:16,False,,False,True,723.22,52,1,25,669426485,train,True
668288049,723.1,15,16:17:17,False,,False,True,723.22,53,1,25,669426485,train,True
668288050,723.1,15,16:17:17,False,,False,True,723.22,54,1,25,669426485,train,True
668288051,723.15,15,16:17:18,False,,False,True,723.22,55,1,25,669426485,train,True
668288052,723.17,15,16:17:19,False,,False,True,723.22,56,1,25,669426485,train,True
668288053,723.17,15,16:17:20,False,,False,True,723.22,57,1,25,669426485,train,True
668288054,723.08,15,16:17:21,False,,False,True,723.22,58,1,25,669426485,train,True
668287995,723.17,15,16:16:24,False,,False,False,723.25,6,0,26,669427340,train,True
668287996,723.16,15,16:16:25,False,,False,False,723.25,5,0,26,669427340,train,True
668287997,723.19,15,16:16:26,False,,False,False,723.25,5,1,26,669427340,train,True
668287998,723.06,15,16:16:27,False,,False,False,723.25,5,1,26,669427340,train,True
668287999,723.07,15,16:16:28,False,,False,False,723.25,5,1,26,669427340,train,True
668288000,723.08,15,16:16:29,False,,False,False,723.25,6,1,26,669427340,train,True
668288001,723.17,15,16:16:30,False,,False,False,723.25,7,1,26,669427340,train,True
668288002,723.17,15,16:16:31,False,,False,False,723.25,8,1,26,669427340,train,True
668288003,723.17,15,16:16:32,False,,False,False,723.25,8,1,26,669427340,train,True
668288004,723.15,15,16:16:33,False,,False,False,723.25,9,1,26,669427340,train,True
668288005,723.22,15,16:16:34,False,,False,False,723.25,10,1,26,669427340,train,True
668288006,723.17,15,16:16:35,False,,False,False,723.25,11,1,26,669427340,train,True
668288007,723.15,15,16:16:36,False,,False,False,723.25,11,1,26,669427340,train,True
668288008,723.18,15,16:16:37,False,,False,False,723.25,12,1,26,669427340,train,True
668288009,723.14,15,16:16:38,False,,False,False,723.24,13,1,26,669427340,train,True
668288010,723.11,15,16:16:39,False,,False,False,723.24,14,1,26,669427340,train,True
668288011,723.2,15,16:16:40,False,,False,False,723.24,15,1,26,669427340,train,True
668288012,723.17,15,16:16:40,False,,False,False,723.24,16,1,26,669427340,train,True
668288013,723.16,15,16:16:41,False,,False,False,723.24,17,1,26,669427340,train,True
668288014,723.18,15,16:16:42,False,,False,False,723.24,18,1,26,669427340,train,True
668288015,723.23,15,16:16:43,False,,False,False,723.24,19,1,26,669427340,train,True
668288016,723.18,15,16:16:44,False,,False,False,723.24,20,1,26,669427340,train,True
668288017,723.21,15,16:16:45,False,,False,False,723.24,21,1,26,669427340,train,True
668288018,723.2,15,16:16:46,False,,False,False,723.24,22,1,26,669427340,train,True
668288019,723.18,15,16:16:47,False,,False,False,723.24,23,1,26,669427340,train,True
668288020,723.2,15,16:16:48,False,,False,False,723.24,24,1,26,669427340,train,True
668288021,723.19,15,16:16:49,False,,False,False,723.24,25,1,26,669427340,train,True
668288022,723.18,15,16:16:50,False,,False,False,723.24,26,1,26,669427340,train,True
668288023,723.23,15,16:16:51,False,,False,True,723.24,27,1,26,669427340,train,True
668288024,723.12,15,16:16:52,False,,False,True,723.24,28,1,26,669427340,train,True
668288025,723.21,15,16:16:53,False,,False,True,723.24,29,1,26,669427340,train,True
668288026,723.17,15,16:16:54,False,,False,True,723.24,30,1,26,669427340,train,True
668288027,723.13,15,16:16:55,False,,False,True,723.24,31,1,26,669427340,train,True
668288028,723.19,15,16:16:56,False,,False,True,723.24,32,1,26,669427340,train,True
668288029,723.17,15,16:16:57,False,,False,True,723.23,33,1,26,669427340,train,True
668288030,723.15,15,16:16:58,False,,False,True,723.23,34,1,26,669427340,train,True
668288031,723.22,15,16:16:59,False,,False,True,723.23,35,1,26,669427340,train,True
668288032,723.13,15,16:17:00,False,,False,True,723.23,36,1,26,669427340,train,True
668288033,723.15,15,16:17:01,False,,False,True,723.23,37,1,26,669427340,train,True
668288034,723.13,15,16:17:02,False,,False,True,723.23,38,1,26,669427340,train,True
668288035,723.13,15,16:17:03,False,,False,True,723.23,39,1,26,669427340,train,True
668288036,723.11,15,16:17:04,False,,False,True,723.23,40,1,26,669427340,train,True
668288037,723.2,15,16:17:05,False,,False,True,723.23,41,1,26,669427340,train,True
668288038,723.13,15,16:17:06,False,,False,True,723.23,42,1,26,669427340,train,True
668288039,723.11,15,16:17:07,False,,False,True,723.23,43,1,26,669427340,train,True
668288040,723.07,15,16:17:08,False,,False,True,723.23,44,1,26,669427340,train,True
668288041,723.09,15,16:17:09,False,,False,True,723.23,45,1,26,669427340,train,True
668288042,723.22,15,16:17:10,False,,False,True,723.23,46,1,26,669427340,train,True
668288043,723.23,15,16:17:11,False,,False,True,723.23,47,1,26,669427340,train,True
668288044,723.16,15,16:17:12,False,,False,True,723.22,48,1,26,669427340,train,True
668288045,723.19,15,16:17:13,False,,False,True,723.22,49,1,26,669427340,train,True
668288046,723.14,15,16:17:14,False,,False,True,723.22,50,1,26,669427340,train,True
668288047,723.1,15,16:17:15,False,,False,True,723.22,51,1,26,669427340,train,True
668288048,723.21,15,16:17:16,False,,False,True,723.22,52,1,26,669427340,train,True
668288049,723.1,15,16:17:17,False,,False,True,723.22,53,1,26,669427340,train,True
668288050,723.1,15,16:17:17,False,,False,True,723.22,54,1,26,669427340,train,True
668288051,723.15,15,16:17:18,False,,False,True,723.22,55,1,26,669427340,train,True
668288052,723.17,15,16:17:19,False,,False,True,723.22,56,1,26,669427340,train,True
668288053,723.17,15,16:17:20,False,,False,True,723.22,57,1,26,669427340,train,True
668288054,723.08,15,16:17:21,False,,False,True,723.22,58,1,26,669427340,train,True
668287995,723.17,15,16:16:24,False,,False,False,723.25,6,0,27,669434405,train,True
668287996,723.16,15,16:16:25,False,,False,False,723.25,5,0,27,669434405,train,True
668287997,723.19,15,16:16:26,False,,False,False,723.25,5,1,27,669434405,train,True
668287998,723.06,15,16:16:27,False,,False,False,723.25,5,1,27,669434405,train,True
668287999,723.07,15,16:16:28,False,,False,False,723.25,5,1,27,669434405,train,True
668288000,723.08,15,16:16:29,False,,False,False,723.25,6,1,27,669434405,train,True
668288001,723.17,15,16:16:30,False,,False,False,723.25,7,1,27,669434405,train,True
668288002,723.17,15,16:16:31,False,,False,False,723.25,8,1,27,669434405,train,True
668288003,723.17,15,16:16:32,False,,False,False,723.25,8,1,27,669434405,train,True
668288004,723.15,15,16:16:33,False,,False,False,723.25,9,1,27,669434405,train,True
668288005,723.22,15,16:16:34,False,,False,False,723.25,10,1,27,669434405,train,True
668288006,723.17,15,16:16:35,False,,False,False,723.25,11,1,27,669434405,train,True
668288007,723.15,15,16:16:36,False,,False,False,723.25,11,1,27,669434405,train,True
668288008,723.18,15,16:16:37,False,,False,False,723.25,12,1,27,669434405,train,True
668288009,723.14,15,16:16:38,False,,False,False,723.24,13,1,27,669434405,train,True
668288010,723.11,15,16:16:39,False,,False,False,723.24,14,1,27,669434405,train,True
668288011,723.2,15,16:16:40,False,,False,False,723.24,15,1,27,669434405,train,True
668288012,723.17,15,16:16:40,False,,False,False,723.24,16,1,27,669434405,train,True
668288013,723.16,15,16:16:41,False,,False,False,723.24,17,1,27,669434405,train,True
668288014,723.18,15,16:16:42,False,,False,False,723.24,18,1,27,669434405,train,True
668288015,723.23,15,16:16:43,False,,False,False,723.24,19,1,27,669434405,train,True
668288016,723.18,15,16:16:44,False,,False,False,723.24,20,1,27,669434405,train,True
668288017,723.21,15,16:16:45,False,,False,False,723.24,21,1,27,669434405,train,True
668288018,723.2,15,16:16:46,False,,False,False,723.24,22,1,27,669434405,train,True
668288019,723.18,15,16:16:47,False,,False,False,723.24,23,1,27,669434405,train,True
668288020,723.2,15,16:16:48,False,,False,False,723.24,24,1,27,669434405,train,True
668288021,723.19,15,16:16:49,False,,False,False,723.24,25,1,27,669434405,train,True
668288022,723.18,15,16:16:50,False,,False,False,723.24,26,1,27,669434405,train,True
668288023,723.23,15,16:16:51,False,,False,True,723.24,27,1,27,669434405,train,True
668288024,723.12,15,16:16:52,False,,False,True,723.24,28,1,27,669434405,train,True
668288025,723.21,15,16:16:53,False,,False,True,723.24,29,1,27,669434405,train,True
668288026,723.17,15,16:16:54,False,,False,True,723.24,30,1,27,669434405,train,True
668288027,723.13,15,16:16:55,False,,False,True,723.24,31,1,27,669434405,train,True
668288028,723.19,15,16:16:56,False,,False,True,723.24,32,1,27,669434405,train,True
668288029,723.17,15,16:16:57,False,,False,True,723.23,33,1,27,669434405,train,True
668288030,723.15,15,16:16:58,False,,False,True,723.23,34,1,27,669434405,train,True
668288031,723.22,15,16:16:59,False,,False,True,723.23,35,1,27,669434405,train,True
668288032,723.13,15,16:17:00,False,,False,True,723.23,36,1,27,669434405,train,True
668288033,723.15,15,16:17:01,False,,False,True,723.23,37,1,27,669434405,train,True
668288034,723.13,15,16:17:02,False,,False,True,723.23,38,1,27,669434405,train,True
668288035,723.13,15,16:17:03,False,,False,True,723.23,39,1,27,669434405,train,True
668288036,723.11,15,16:17:04,False,,False,True,723.23,40,1,27,669434405,train,True
668288037,723.2,15,16:17:05,False,,False,True,723.23,41,1,27,669434405,train,True
668288038,723.13,15,16:17:06,False,,False,True,723.23,42,1,27,669434405,train,True
668288039,723.11,15,16:17:07,False,,False,True,723.23,43,1,27,669434405,train,True
668288040,723.07,15,16:17:08,False,,False,True,723.23,44,1,27,669434405,train,True
668288041,723.09,15,16:17:09,False,,False,True,723.23,45,1,27,669434405,train,True
668288042,723.22,15,16:17:10,False,,False,True,723.23,46,1,27,669434405,train,True
668288043,723.23,15,16:17:11,False,,False,True,723.23,47,1,27,669434405,train,True
668288044,723.16,15,16:17:12,False,,False,True,723.22,48,1,27,669434405,train,True
668288045,723.19,15,16:17:13,False,,False,True,723.22,49,1,27,669434405,train,True
668288046,723.14,15,16:17:14,False,,False,True,723.22,50,1,27,669434405,train,True
668288047,723.1,15,16:17:15,False,,False,True,723.22,51,1,27,669434405,train,True
668288048,723.21,15,16:17:16,False,,False,True,723.22,52,1,27,669434405,train,True
668288049,723.1,15,16:17:17,False,,False,True,723.22,53,1,27,669434405,train,True
668288050,723.1,15,16:17:17,False,,False,True,723.22,54,1,27,669434405,train,True
668288051,723.15,15,16:17:18,False,,False,True,723.22,55,1,27,669434405,train,True
668288052,723.17,15,16:17:19,False,,False,True,723.22,56,1,27,669434405,train,True
668288053,723.17,15,16:17:20,False,,False,True,723.22,57,1,27,669434405,train,True
668288054,723.08,15,16:17:21,False,,False,True,723.22,58,1,27,669434405,train,True
668287995,723.17,15,16:16:24,False,,False,False,723.25,6,0,28,669434703,train,True
668287996,723.16,15,16:16:25,False,,False,False,723.25,5,0,28,669434703,train,True
668287997,723.19,15,16:16:26,False,,False,False,723.25,5,1,28,669434703,train,True
668287998,723.06,15,16:16:27,False,,False,False,723.25,5,1,28,669434703,train,True
668287999,723.07,15,16:16:28,False,,False,False,723.25,5,1,28,669434703,train,True
668288000,723.08,15,16:16:29,False,,False,False,723.25,6,1,28,669434703,train,True
668288001,723.17,15,16:16:30,False,,False,False,723.25,7,1,28,669434703,train,True
668288002,723.17,15,16:16:31,False,,False,False,723.25,8,1,28,669434703,train,True
668288003,723.17,15,16:16:32,False,,False,False,723.25,8,1,28,669434703,train,True
668288004,723.15,15,16:16:33,False,,False,False,723.25,9,1,28,669434703,train,True
668288005,723.22,15,16:16:34,False,,False,False,723.25,10,1,28,669434703,train,True
668288006,723.17,15,16:16:35,False,,False,False,723.25,11,1,28,669434703,train,True
668288007,723.15,15,16:16:36,False,,False,False,723.25,11,1,28,669434703,train,True
668288008,723.18,15,16:16:37,False,,False,False,723.25,12,1,28,669434703,train,True
668288009,723.14,15,16:16:38,False,,False,False,723.24,13,1,28,669434703,train,True
668288010,723.11,15,16:16:39,False,,False,False,723.24,14,1,28,669434703,train,True
668288011,723.2,15,16:16:40,False,,False,False,723.24,15,1,28,669434703,train,True
668288012,723.17,15,16:16:40,False,,False,False,723.24,16,1,28,669434703,train,True
668288013,723.16,15,16:16:41,False,,False,False,723.24,17,1,28,669434703,train,True
668288014,723.18,15,16:16:42,False,,False,False,723.24,18,1,28,669434703,train,True
668288015,723.23,15,16:16:43,False,,False,False,723.24,19,1,28,669434703,train,True
668288016,723.18,15,16:16:44,False,,False,False,723.24,20,1,28,669434703,train,True
668288017,723.21,15,16:16:45,False,,False,False,723.24,21,1,28,669434703,train,True
668288018,723.2,15,16:16:46,False,,False,False,723.24,22,1,28,669434703,train,True
668288019,723.18,15,16:16:47,False,,False,False,723.24,23,1,28,669434703,train,True
668288020,723.2,15,16:16:48,False,,False,False,723.24,24,1,28,669434703,train,True
668288021,723.19,15,16:16:49,False,,False,False,723.24,25,1,28,669434703,train,True
668288022,723.18,15,16:16:50,False,,False,False,723.24,26,1,28,669434703,train,True
668288023,723.23,15,16:16:51,False,,False,True,723.24,27,1,28,669434703,train,True
668288024,723.12,15,16:16:52,False,,False,True,723.24,28,1,28,669434703,train,True
668288025,723.21,15,16:16:53,False,,False,True,723.24,29,1,28,669434703,train,True
668288026,723.17,15,16:16:54,False,,False,True,723.24,30,1,28,669434703,train,True
668288027,723.13,15,16:16:55,False,,False,True,723.24,31,1,28,669434703,train,True
668288028,723.19,15,16:16:56,False,,False,True,723.24,32,1,28,669434703,train,True
668288029,723.17,15,16:16:57,False,,False,True,723.23,33,1,28,669434703,train,True
668288030,723.15,15,16:16:58,False,,False,True,723.23,34,1,28,669434703,train,True
668288031,723.22,15,16:16:59,False,,False,True,723.23,35,1,28,669434703,train,True
668288032,723.13,15,16:17:00,False,,False,True,723.23,36,1,28,669434703,train,True
668288033,723.15,15,16:17:01,False,,False,True,723.23,37,1,28,669434703,train,True
668288034,723.13,15,16:17:02,False,,False,True,723.23,38,1,28,669434703,train,True
668288035,723.13,15,16:17:03,False,,False,True,723.23,39,1,28,669434703,train,True
668288036,723.11,15,16:17:04,False,,False,True,723.23,40,1,28,669434703,train,True
668288037,723.2,15,16:17:05,False,,False,True,723.23,41,1,28,669434703,train,True
668288038,723.13,15,16:17:06,False,,False,True,723.23,42,1,28,669434703,train,True
668288039,723.11,15,16:17:07,False,,False,True,723.23,43,1,28,669434703,train,True
668288040,723.07,15,16:17:08,False,,False,True,723.23,44,1,28,669434703,train,True
668288041,723.09,15,16:17:09,False,,False,True,723.23,45,1,28,669434703,train,True
668288042,723.22,15,16:17:10,False,,False,True,723.23,46,1,28,669434703,train,True
668288043,723.23,15,16:17:11,False,,False,True,723.23,47,1,28,669434703,train,True
668288044,723.16,15,16:17:12,False,,False,True,723.22,48,1,28,669434703,train,True
668288045,723.19,15,16:17:13,False,,False,True,723.22,49,1,28,669434703,train,True
668288046,723.14,15,16:17:14,False,,False,True,723.22,50,1,28,669434703,train,True
668288047,723.1,15,16:17:15,False,,False,True,723.22,51,1,28,669434703,train,True
668288048,723.21,15,16:17:16,False,,False,True,723.22,52,1,28,669434703,train,True
668288049,723.1,15,16:17:17,False,,False,True,723.22,53,1,28,669434703,train,True
668288050,723.1,15,16:17:17,False,,False,True,723.22,54,1,28,669434703,train,True
668288051,723.15,15,16:17:18,False,,False,True,723.22,55,1,28,669434703,train,True
668288052,723.17,15,16:17:19,False,,False,True,723.22,56,1,28,669434703,train,True
668288053,723.17,15,16:17:20,False,,False,True,723.22,57,1,28,669434703,train,True
668288054,723.08,15,16:17:21,False,,False,True,723.22,58,1,28,669434703,train,True
668287995,723.17,15,16:16:24,False,,False,False,723.25,6,0,29,669518763,train,True
668287996,723.16,15,16:16:25,False,,False,False,723.25,5,0,29,669518763,train,True
668287997,723.19,15,16:16:26,False,,False,False,723.25,5,1,29,669518763,train,True
668287998,723.06,15,16:16:27,False,,False,False,723.25,5,1,29,669518763,train,True
668287999,723.07,15,16:16:28,False,,False,False,723.25,5,1,29,669518763,train,True
668288000,723.08,15,16:16:29,False,,False,False,723.25,6,1,29,669518763,train,True
668288001,723.17,15,16:16:30,False,,False,False,723.25,7,1,29,669518763,train,True
668288002,723.17,15,16:16:31,False,,False,False,723.25,8,1,29,669518763,train,True
668288003,723.17,15,16:16:32,False,,False,False,723.25,8,1,29,669518763,train,True
668288004,723.15,15,16:16:33,False,,False,False,723.25,9,1,29,669518763,train,True
668288005,723.22,15,16:16:34,False,,False,False,723.25,10,1,29,669518763,train,True
668288006,723.17,15,16:16:35,False,,False,False,723.25,11,1,29,669518763,train,True
668288007,723.15,15,16:16:36,False,,False,False,723.25,11,1,29,669518763,train,True
668288008,723.18,15,16:16:37,False,,False,False,723.25,12,1,29,669518763,train,True
668288009,723.14,15,16:16:38,False,,False,False,723.24,13,1,29,669518763,train,True
668288010,723.11,15,16:16:39,False,,False,False,723.24,14,1,29,669518763,train,True
668288011,723.2,15,16:16:40,False,,False,False,723.24,15,1,29,669518763,train,True
668288012,723.17,15,16:16:40,False,,False,False,723.24,16,1,29,669518763,train,True
668288013,723.16,15,16:16:41,False,,False,False,723.24,17,1,29,669518763,train,True
668288014,723.18,15,16:16:42,False,,False,False,723.24,18,1,29,669518763,train,True
668288015,723.23,15,16:16:43,False,,False,False,723.24,19,1,29,669518763,train,True
668288016,723.18,15,16:16:44,False,,False,False,723.24,20,1,29,669518763,train,True
668288017,723.21,15,16:16:45,False,,False,False,723.24,21,1,29,669518763,train,True
668288018,723.2,15,16:16:46,False,,False,False,723.24,22,1,29,669518763,train,True
668288019,723.18,15,16:16:47,False,,False,False,723.24,23,1,29,669518763,train,True
668288020,723.2,15,16:16:48,False,,False,False,723.24,24,1,29,669518763,train,True
668288021,723.19,15,16:16:49,False,,False,False,723.24,25,1,29,669518763,train,True
668288022,723.18,15,16:16:50,False,,False,False,723.24,26,1,29,669518763,train,True
668288023,723.23,15,16:16:51,False,,False,True,723.24,27,1,29,669518763,train,True
668288024,723.12,15,16:16:52,False,,False,True,723.24,28,1,29,669518763,train,True
668288025,723.21,15,16:16:53,False,,False,True,723.24,29,1,29,669518763,train,True
668288026,723.17,15,16:16:54,False,,False,True,723.24,30,1,29,669518763,train,True
668288027,723.13,15,16:16:55,False,,False,True,723.24,31,1,29,669518763,train,True
668288028,723.19,15,16:16:56,False,,False,True,723.24,32,1,29,669518763,train,True
668288029,723.17,15,16:16:57,False,,False,True,723.23,33,1,29,669518763,train,True
668288030,723.15,15,16:16:58,False,,False,True,723.23,34,1,29,669518763,train,True
668288031,723.22,15,16:16:59,False,,False,True,723.23,35,1,29,669518763,train,True
668288032,723.13,15,16:17:00,False,,False,True,723.23,36,1,29,669518763,train,True
668288033,723.15,15,16:17:01,False,,False,True,723.23,37,1,29,669518763,train,True
668288034,723.13,15,16:17:02,False,,False,True,723.23,38,1,29,669518763,train,True
668288035,723.13,15,16:17:03,False,,False,True,723.23,39,1,29,669518763,train,True
668288036,723.11,15,16:17:04,False,,False,True,723.23,40,1,29,669518763,train,True
668288037,723.2,15,16:17:05,False,,False,True,723.23,41,1,29,669518763,train,True
668288038,723.13,15,16:17:06,False,,False,True,723.23,42,1,29,669518763,train,True
668288039,723.11,15,16:17:07,False,,False,True,723.23,43,1,29,669518763,train,True
668288040,723.07,15,16:17:08,False,,False,True,723.23,44,1,29,669518763,train,True
668288041,723.09,15,16:17:09,False,,False,True,723.23,45,1,29,669518763,train,True
668288042,723.22,15,16:17:10,False,,False,True,723.23,46,1,29,669518763,train,True
668288043,723.23,15,16:17:11,False,,False,True,723.23,47,1,29,669518763,train,True
668288044,723.16,15,16:17:12,False,,False,True,723.22,48,1,29,669518763,train,True
668288045,723.19,15,16:17:13,False,,False,True,723.22,49,1,29,669518763,train,True
668288046,723.14,15,16:17:14,False,,False,True,723.22,50,1,29,669518763,train,True
668288047,723.1,15,16:17:15,False,,False,True,723.22,51,1,29,669518763,train,True
668288048,723.21,15,16:17:16,False,,False,True,723.22,52,1,29,669518763,train,True
668288049,723.1,15,16:17:17,False,,False,True,723.22,53,1,29,669518763,train,True
668288050,723.1,15,16:17:17,False,,False,True,723.22,54,1,29,669518763,train,True
668288051,723.15,15,16:17:18,False,,False,True,723.22,55,1,29,669518763,train,True
668288052,723.17,15,16:17:19,False,,False,True,723.22,56,1,29,669518763,train,True
668288053,723.17,15,16:17:20,False,,False,True,723.22,57,1,29,669518763,train,True
668288054,723.08,15,16:17:21,False,,False,True,723.22,58,1,29,669518763,train,True
668287995,723.17,15,16:16:24,False,,False,False,723.25,6,0,30,669519478,train,True
668287996,723.16,15,16:16:25,False,,False,False,723.25,5,0,30,669519478,train,True
668287997,723.19,15,16:16:26,False,,False,False,723.25,5,1,30,669519478,train,True
668287998,723.06,15,16:16:27,False,,False,False,723.25,5,1,30,669519478,train,True
668287999,723.07,15,16:16:28,False,,False,False,723.25,5,1,30,669519478,train,True
668288000,723.08,15,16:16:29,False,,False,False,723.25,6,1,30,669519478,train,True
668288001,723.17,15,16:16:30,False,,False,False,723.25,7,1,30,669519478,train,True
668288002,723.17,15,16:16:31,False,,False,False,723.25,8,1,30,669519478,train,True
668288003,723.17,15,16:16:32,False,,False,False,723.25,8,1,30,669519478,train,True
668288004,723.15,15,16:16:33,False,,False,False,723.25,9,1,30,669519478,train,True
668288005,723.22,15,16:16:34,False,,False,False,723.25,10,1,30,669519478,train,True
668288006,723.17,15,16:16:35,False,,False,False,723.25,11,1,30,669519478,train,True
668288007,723.15,15,16:16:36,False,,False,False,723.25,11,1,30,669519478,train,True
668288008,723.18,15,16:16:37,False,,False,False,723.25,12,1,30,669519478,train,True
668288009,723.14,15,16:16:38,False,,False,False,723.24,13,1,30,669519478,train,True
668288010,723.11,15,16:16:39,False,,False,False,723.24,14,1,30,669519478,train,True
668288011,723.2,15,16:16:40,False,,False,False,723.24,15,1,30,669519478,train,True
668288012,723.17,15,16:16:40,False,,False,False,723.24,16,1,30,669519478,train,True
668288013,723.16,15,16:16:41,False,,False,False,723.24,17,1,30,669519478,train,True
668288014,723.18,15,16:16:42,False,,False,False,723.24,18,1,30,669519478,train,True
668288015,723.23,15,16:16:43,False,,False,False,723.24,19,1,30,669519478,train,True
668288016,723.18,15,16:16:44,False,,False,False,723.24,20,1,30,669519478,train,True
668288017,723.21,15,16:16:45,False,,False,False,723.24,21,1,30,669519478,train,True
668288018,723.2,15,16:16:46,False,,False,False,723.24,22,1,30,669519478,train,True
668288019,723.18,15,16:16:47,False,,False,False,723.24,23,1,30,669519478,train,True
668288020,723.2,15,16:16:48,False,,False,False,723.24,24,1,30,669519478,train,True
668288021,723.19,15,16:16:49,False,,False,False,723.24,25,1,30,669519478,train,True
668288022,723.18,15,16:16:50,False,,False,False,723.24,26,1,30,669519478,train,True
668288023,723.23,15,16:16:51,False,,False,True,723.24,27,1,30,669519478,train,True
668288024,723.12,15,16:16:52,False,,False,True,723.24,28,1,30,669519478,train,True
668288025,723.21,15,16:16:53,False,,False,True,723.24,29,1,30,669519478,train,True
668288026,723.17,15,16:16:54,False,,False,True,723.24,30,1,30,669519478,train,True
668288027,723.13,15,16:16:55,False,,False,True,723.24,31,1,30,669519478,train,True
668288028,723.19,15,16:16:56,False,,False,True,723.24,32,1,30,669519478,train,True
668288029,723.17,15,16:16:57,False,,False,True,723.23,33,1,30,669519478,train,True
668288030,723.15,15,16:16:58,False,,False,True,723.23,34,1,30,669519478,train,True
668288031,723.22,15,16:16:59,False,,False,True,723.23,35,1,30,669519478,train,True
668288032,723.13,15,16:17:00,False,,False,True,723.23,36,1,30,669519478,train,True
668288033,723.15,15,16:17:01,False,,False,True,723.23,37,1,30,669519478,train,True
668288034,723.13,15,16:17:02,False,,False,True,723.23,38,1,30,669519478,train,True
668288035,723.13,15,16:17:03,False,,False,True,723.23,39,1,30,669519478,train,True
668288036,723.11,15,16:17:04,False,,False,True,723.23,40,1,30,669519478,train,True
668288037,723.2,15,16:17:05,False,,False,True,723.23,41,1,30,669519478,train,True
668288038,723.13,15,16:17:06,False,,False,True,723.23,42,1,30,669519478,train,True
668288039,723.11,15,16:17:07,False,,False,True,723.23,43,1,30,669519478,train,True
668288040,723.07,15,16:17:08,False,,False,True,723.23,44,1,30,669519478,train,True
668288041,723.09,15,16:17:09,False,,False,True,723.23,45,1,30,669519478,train,True
668288042,723.22,15,16:17:10,False,,False,True,723.23,46,1,30,669519478,train,True
668288043,723.23,15,16:17:11,False,,False,True,723.23,47,1,30,669519478,train,True
668288044,723.16,15,16:17:12,False,,False,True,723.22,48,1,30,669519478,train,True
668288045,723.19,15,16:17:13,False,,False,True,723.22,49,1,30,669519478,train,True
668288046,723.14,15,16:17:14,False,,False,True,723.22,50,1,30,669519478,train,True
668288047,723.1,15,16:17:15,False,,False,True,723.22,51,1,30,669519478,train,True
668288048,723.21,15,16:17:16,False,,False,True,723.22,52,1,30,669519478,train,True
668288049,723.1,15,16:17:17,False,,False,True,723.22,53,1,30,669519478,train,True
668288050,723.1,15,16:17:17,False,,False,True,723.22,54,1,30,669519478,train,True
668288051,723.15,15,16:17:18,False,,False,True,723.22,55,1,30,669519478,train,True
668288052,723.17,15,16:17:19,False,,False,True,723.22,56,1,30,669519478,train,True
668288053,723.17,15,16:17:20,False,,False,True,723.22,57,1,30,669519478,train,True
668288054,723.08,15,16:17:21,False,,False,True,723.22,58,1,30,669519478,train,True
668287995,723.17,15,16:16:24,False,,False,False,723.25,6,0,31,669531860,train,True
668287996,723.16,15,16:16:25,False,,False,False,723.25,5,0,31,669531860,train,True
668287997,723.19,15,16:16:26,False,,False,False,723.25,5,1,31,669531860,train,True
668287998,723.06,15,16:16:27,False,,False,False,723.25,5,1,31,669531860,train,True
668287999,723.07,15,16:16:28,False,,False,False,723.25,5,1,31,669531860,train,True
668288000,723.08,15,16:16:29,False,,False,False,723.25,6,1,31,669531860,train,True
668288001,723.17,15,16:16:30,False,,False,False,723.25,7,1,31,669531860,train,True
668288002,723.17,15,16:16:31,False,,False,False,723.25,8,1,31,669531860,train,True
668288003,723.17,15,16:16:32,False,,False,False,723.25,8,1,31,669531860,train,True
668288004,723.15,15,16:16:33,False,,False,False,723.25,9,1,31,669531860,train,True
668288005,723.22,15,16:16:34,False,,False,False,723.25,10,1,31,669531860,train,True
668288006,723.17,15,16:16:35,False,,False,False,723.25,11,1,31,669531860,train,True
668288007,723.15,15,16:16:36,False,,False,False,723.25,11,1,31,669531860,train,True
668288008,723.18,15,16:16:37,False,,False,False,723.25,12,1,31,669531860,train,True
668288009,723.14,15,16:16:38,False,,False,False,723.24,13,1,31,669531860,train,True
668288010,723.11,15,16:16:39,False,,False,False,723.24,14,1,31,669531860,train,True
668288011,723.2,15,16:16:40,False,,False,False,723.24,15,1,31,669531860,train,True
668288012,723.17,15,16:16:40,False,,False,False,723.24,16,1,31,669531860,train,True
668288013,723.16,15,16:16:41,False,,False,False,723.24,17,1,31,669531860,train,True
668288014,723.18,15,16:16:42,False,,False,False,723.24,18,1,31,669531860,train,True
668288015,723.23,15,16:16:43,False,,False,False,723.24,19,1,31,669531860,train,True
668288016,723.18,15,16:16:44,False,,False,False,723.24,20,1,31,669531860,train,True
668288017,723.21,15,16:16:45,False,,False,False,723.24,21,1,31,669531860,train,True
668288018,723.2,15,16:16:46,False,,False,False,723.24,22,1,31,669531860,train,True
668288019,723.18,15,16:16:47,False,,False,False,723.24,23,1,31,669531860,train,True
668288020,723.2,15,16:16:48,False,,False,False,723.24,24,1,31,669531860,train,True
668288021,723.19,15,16:16:49,False,,False,False,723.24,25,1,31,669531860,train,True
668288022,723.18,15,16:16:50,False,,False,False,723.24,26,1,31,669531860,train,True
668288023,723.23,15,16:16:51,False,,False,True,723.24,27,1,31,669531860,train,True
668288024,723.12,15,16:16:52,False,,False,True,723.24,28,1,31,669531860,train,True
668288025,723.21,15,16:16:53,False,,False,True,723.24,29,1,31,669531860,train,True
668288026,723.17,15,16:16:54,False,,False,True,723.24,30,1,31,669531860,train,True
668288027,723.13,15,16:16:55,False,,False,True,723.24,31,1,31,669531860,train,True
668288028,723.19,15,16:16:56,False,,False,True,723.24,32,1,31,669531860,train,True
668288029,723.17,15,16:16:57,False,,False,True,723.23,33,1,31,669531860,train,True
668288030,723.15,15,16:16:58,False,,False,True,723.23,34,1,31,669531860,train,True
668288031,723.22,15,16:16:59,False,,False,True,723.23,35,1,31,669531860,train,True
668288032,723.13,15,16:17:00,False,,False,True,723.23,36,1,31,669531860,train,True
668288033,723.15,15,16:17:01,False,,False,True,723.23,37,1,31,669531860,train,True
668288034,723.13,15,16:17:02,False,,False,True,723.23,38,1,31,669531860,train,True
668288035,723.13,15,16:17:03,False,,False,True,723.23,39,1,31,669531860,train,True
668288036,723.11,15,16:17:04,False,,False,True,723.23,40,1,31,669531860,train,True
668288037,723.2,15,16:17:05,False,,False,True,723.23,41,1,31,669531860,train,True
668288038,723.13,15,16:17:06,False,,False,True,723.23,42,1,31,669531860,train,True
668288039,723.11,15,16:17:07,False,,False,True,723.23,43,1,31,669531860,train,True
668288040,723.07,15,16:17:08,False,,False,True,723.23,44,1,31,669531860,train,True
668288041,723.09,15,16:17:09,False,,False,True,723.23,45,1,31,669531860,train,True
668288042,723.22,15,16:17:10,False,,False,True,723.23,46,1,31,669531860,train,True
668288043,723.23,15,16:17:11,False,,False,True,723.23,47,1,31,669531860,train,True
668288044,723.16,15,16:17:12,False,,False,True,723.22,48,1,31,669531860,train,True
668288045,723.19,15,16:17:13,False,,False,True,723.22,49,1,31,669531860,train,True
668288046,723.14,15,16:17:14,False,,False,True,723.22,50,1,31,669531860,train,True
668288047,723.1,15,16:17:15,False,,False,True,723.22,51,1,31,669531860,train,True
668288048,723.21,15,16:17:16,False,,False,True,723.22,52,1,31,669531860,train,True
668288049,723.1,15,16:17:17,False,,False,True,723.22,53,1,31,669531860,train,True
668288050,723.1,15,16:17:17,False,,False,True,723.22,54,1,31,669531860,train,True
668288051,723.15,15,16:17:18,False,,False,True,723.22,55,1,31,669531860,train,True
668288052,723.17,15,16:17:19,False,,False,True,723.22,56,1,31,669531860,train,True
668288053,723.17,15,16:17:20,False,,False,True,723.22,57,1,31,669531860,train,True
668288054,723.08,15,16:17:21,False,,False,True,723.22,58,1,31,669531860,train,True
668287995,723.17,15,16:16:24,False,,False,False,723.25,6,0,32,669626803,train,True
668287996,723.16,15,16:16:25,False,,False,False,723.25,5,0,32,669626803,train,True
668287997,723.19,15,16:16:26,False,,False,False,723.25,5,1,32,669626803,train,True
668287998,723.06,15,16:16:27,False,,False,False,723.25,5,1,32,669626803,train,True
668287999,723.07,15,16:16:28,False,,False,False,723.25,5,1,32,669626803,train,True
668288000,723.08,15,16:16:29,False,,False,False,723.25,6,1,32,669626803,train,True
668288001,723.17,15,16:16:30,False,,False,False,723.25,7,1,32,669626803,train,True
668288002,723.17,15,16:16:31,False,,False,False,723.25,8,1,32,669626803,train,True
668288003,723.17,15,16:16:32,False,,False,False,723.25,8,1,32,669626803,train,True
668288004,723.15,15,16:16:33,False,,False,False,723.25,9,1,32,669626803,train,True
668288005,723.22,15,16:16:34,False,,False,False,723.25,10,1,32,669626803,train,True
668288006,723.17,15,16:16:35,False,,False,False,723.25,11,1,32,669626803,train,True
668288007,723.15,15,16:16:36,False,,False,False,723.25,11,1,32,669626803,train,True
668288008,723.18,15,16:16:37,False,,False,False,723.25,12,1,32,669626803,train,True
668288009,723.14,15,16:16:38,False,,False,False,723.24,13,1,32,669626803,train,True
668288010,723.11,15,16:16:39,False,,False,False,723.24,14,1,32,669626803,train,True
668288011,723.2,15,16:16:40,False,,False,False,723.24,15,1,32,669626803,train,True
668288012,723.17,15,16:16:40,False,,False,False,723.24,16,1,32,669626803,train,True
668288013,723.16,15,16:16:41,False,,False,False,723.24,17,1,32,669626803,train,True
668288014,723.18,15,16:16:42,False,,False,False,723.24,18,1,32,669626803,train,True
668288015,723.23,15,16:16:43,False,,False,False,723.24,19,1,32,669626803,train,True
668288016,723.18,15,16:16:44,False,,False,False,723.24,20,1,32,669626803,train,True
668288017,723.21,15,16:16:45,False,,False,False,723.24,21,1,32,669626803,train,True
668288018,723.2,15,16:16:46,False,,False,False,723.24,22,1,32,669626803,train,True
668288019,723.18,15,16:16:47,False,,False,False,723.24,23,1,32,669626803,train,True
668288020,723.2,15,16:16:48,False,,False,False,723.24,24,1,32,669626803,train,True
668288021,723.19,15,16:16:49,False,,False,False,723.24,25,1,32,669626803,train,True
668288022,723.18,15,16:16:50,False,,False,False,723.24,26,1,32,669626803,train,True
668288023,723.23,15,16:16:51,False,,False,True,723.24,27,1,32,669626803,train,True
668288024,723.12,15,16:16:52,False,,False,True,723.24,28,1,32,669626803,train,True
668288025,723.21,15,16:16:53,False,,False,True,723.24,29,1,32,669626803,train,True
668288026,723.17,15,16:16:54,False,,False,True,723.24,30,1,32,669626803,train,True
668288027,723.13,15,16:16:55,False,,False,True,723.24,31,1,32,669626803,train,True
668288028,723.19,15,16:16:56,False,,False,True,723.24,32,1,32,669626803,train,True
668288029,723.17,15,16:16:57,False,,False,True,723.23,33,1,32,669626803,train,True
668288030,723.15,15,16:16:58,False,,False,True,723.23,34,1,32,669626803,train,True
668288031,723.22,15,16:16:59,False,,False,True,723.23,35,1,32,669626803,train,True
668288032,723.13,15,16:17:00,False,,False,True,723.23,36,1,32,669626803,train,True
668288033,723.15,15,16:17:01,False,,False,True,723.23,37,1,32,669626803,train,True
668288034,723.13,15,16:17:02,False,,False,True,723.23,38,1,32,669626803,train,True
668288035,723.13,15,16:17:03,False,,False,True,723.23,39,1,32,669626803,train,True
668288036,723.11,15,16:17:04,False,,False,True,723.23,40,1,32,669626803,train,True
668288037,723.2,15,16:17:05,False,,False,True,723.23,41,1,32,669626803,train,True
668288038,723.13,15,16:17:06,False,,False,True,723.23,42,1,32,669626803,train,True
668288039,723.11,15,16:17:07,False,,False,True,723.23,43,1,32,669626803,train,True
668288040,723.07,15,16:17:08,False,,False,True,723.23,44,1,32,669626803,train,True
668288041,723.09,15,16:17:09,False,,False,True,723.23,45,1,32,669626803,train,True
668288042,723.22,15,16:17:10,False,,False,True,723.23,46,1,32,669626803,train,True
668288043,723.23,15,16:17:11,False,,False,True,723.23,47,1,32,669626803,train,True
668288044,723.16,15,16:17:12,False,,False,True,723.22,48,1,32,669626803,train,True
668288045,723.19,15,16:17:13,False,,False,True,723.22,49,1,32,669626803,train,True
668288046,723.14,15,16:17:14,False,,False,True,723.22,50,1,32,669626803,train,True
668288047,723.1,15,16:17:15,False,,False,True,723.22,51,1,32,669626803,train,True
668288048,723.21,15,16:17:16,False,,False,True,723.22,52,1,32,669626803,train,True
668288049,723.1,15,16:17:17,False,,False,True,723.22,53,1,32,669626803,train,True
668288050,723.1,15,16:17:17,False,,False,True,723.22,54,1,32,669626803,train,True
668288051,723.15,15,16:17:18,False,,False,True,723.22,55,1,32,669626803,train,True
668288052,723.17,15,16:17:19,False,,False,True,723.22,56,1,32,669626803,train,True
668288053,723.17,15,16:17:20,False,,False,True,723.22,57,1,32,669626803,train,True
668288054,723.08,15,16:17:21,False,,False,True,723.22,58,1,32,669626803,train,True
668287995,723.17,15,16:16:24,False,,False,False,723.25,6,0,33,669688619,train,True
668287996,723.16,15,16:16:25,False,,False,False,723.25,5,0,33,669688619,train,True
668287997,723.19,15,16:16:26,False,,False,False,723.25,5,1,33,669688619,train,True
668287998,723.06,15,16:16:27,False,,False,False,723.25,5,1,33,669688619,train,True
668287999,723.07,15,16:16:28,False,,False,False,723.25,5,1,33,669688619,train,True
668288000,723.08,15,16:16:29,False,,False,False,723.25,6,1,33,669688619,train,True
668288001,723.17,15,16:16:30,False,,False,False,723.25,7,1,33,669688619,train,True
668288002,723.17,15,16:16:31,False,,False,False,723.25,8,1,33,669688619,train,True
668288003,723.17,15,16:16:32,False,,False,False,723.25,8,1,33,669688619,train,True
668288004,723.15,15,16:16:33,False,,False,False,723.25,9,1,33,669688619,train,True
668288005,723.22,15,16:16:34,False,,False,False,723.25,10,1,33,669688619,train,True
668288006,723.17,15,16:16:35,False,,False,False,723.25,11,1,33,669688619,train,True
668288007,723.15,15,16:16:36,False,,False,False,723.25,11,1,33,669688619,train,True
668288008,723.18,15,16:16:37,False,,False,False,723.25,12,1,33,669688619,train,True
668288009,723.14,15,16:16:38,False,,False,False,723.24,13,1,33,669688619,train,True
668288010,723.11,15,16:16:39,False,,False,False,723.24,14,1,33,669688619,train,True
668288011,723.2,15,16:16:40,False,,False,False,723.24,15,1,33,669688619,train,True
668288012,723.17,15,16:16:40,False,,False,False,723.24,16,1,33,669688619,train,True
668288013,723.16,15,16:16:41,False,,False,False,723.24,17,1,33,669688619,train,True
668288014,723.18,15,16:16:42,False,,False,False,723.24,18,1,33,669688619,train,True
668288015,723.23,15,16:16:43,False,,False,False,723.24,19,1,33,669688619,train,True
668288016,723.18,15,16:16:44,False,,False,False,723.24,20,1,33,669688619,train,True
668288017,723.21,15,16:16:45,False,,False,False,723.24,21,1,33,669688619,train,True
668288018,723.2,15,16:16:46,False,,False,False,723.24,22,1,33,669688619,train,True
668288019,723.18,15,16:16:47,False,,False,False,723.24,23,1,33,669688619,train,True
668288020,723.2,15,16:16:48,False,,False,False,723.24,24,1,33,669688619,train,True
668288021,723.19,15,16:16:49,False,,False,False,723.24,25,1,33,669688619,train,True
668288022,723.18,15,16:16:50,False,,False,False,723.24,26,1,33,669688619,train,True
668288023,723.23,15,16:16:51,False,,False,True,723.24,27,1,33,669688619,train,True
668288024,723.12,15,16:16:52,False,,False,True,723.24,28,1,33,669688619,train,True
668288025,723.21,15,16:16:53,False,,False,True,723.24,29,1,33,669688619,train,True
668288026,723.17,15,16:16:54,False,,False,True,723.24,30,1,33,669688619,train,True
668288027,723.13,15,16:16:55,False,,False,True,723.24,31,1,33,669688619,train,True
668288028,723.19,15,16:16:56,False,,False,True,723.24,32,1,33,669688619,train,True
668288029,723.17,15,16:16:57,False,,False,True,723.23,33,1,33,669688619,train,True
668288030,723.15,15,16:16:58,False,,False,True,723.23,34,1,33,669688619,train,True
668288031,723.22,15,16:16:59,False,,False,True,723.23,35,1,33,669688619,train,True
668288032,723.13,15,16:17:00,False,,False,True,723.23,36,1,33,669688619,train,True
668288033,723.15,15,16:17:01,False,,False,True,723.23,37,1,33,669688619,train,True
668288034,723.13,15,16:17:02,False,,False,True,723.23,38,1,33,669688619,train,True
668288035,723.13,15,16:17:03,False,,False,True,723.23,39,1,33,669688619,train,True
668288036,723.11,15,16:17:04,False,,False,True,723.23,40,1,33,669688619,train,True
668288037,723.2,15,16:17:05,False,,False,True,723.23,41,1,33,669688619,train,True
668288038,723.13,15,16:17:06,False,,False,True,723.23,42,1,33,669688619,train,True
668288039,723.11,15,16:17:07,False,,False,True,723.23,43,1,33,669688619,train,True
668288040,723.07,15,16:17:08,False,,False,True,723.23,44,1,33,669688619,train,True
668288041,723.09,15,16:17:09,False,,False,True,723.23,45,1,33,669688619,train,True
668288042,723.22,15,16:17:10,False,,False,True,723.23,46,1,33,669688619,train,True
668288043,723.23,15,16:17:11,False,,False,True,723.23,47,1,33,669688619,train,True
668288044,723.16,15,16:17:12,False,,False,True,723.22,48,1,33,669688619,train,True
668288045,723.19,15,16:17:13,False,,False,True,723.22,49,1,33,669688619,train,True
668288046,723.14,15,16:17:14,False,,False,True,723.22,50,1,33,669688619,train,True
668288047,723.1,15,16:17:15,False,,False,True,723.22,51,1,33,669688619,train,True
668288048,723.21,15,16:17:16,False,,False,True,723.22,52,1,33,669688619,train,True
668288049,723.1,15,16:17:17,False,,False,True,723.22,53,1,33,669688619,train,True
668288050,723.1,15,16:17:17,False,,False,True,723.22,54,1,33,669688619,train,True
668288051,723.15,15,16:17:18,False,,False,True,723.22,55,1,33,669688619,train,True
668288052,723.17,15,16:17:19,False,,False,True,723.22,56,1,33,669688619,train,True
668288053,723.17,15,16:17:20,False,,False,True,723.22,57,1,33,669688619,train,True
668288054,723.08,15,16:17:21,False,,False,True,723.22,58,1,33,669688619,train,True
668287995,723.17,15,16:16:24,False,,False,False,723.25,6,0,34,669690018,train,True
668287996,723.16,15,16:16:25,False,,False,False,723.25,5,0,34,669690018,train,True
668287997,723.19,15,16:16:26,False,,False,False,723.25,5,1,34,669690018,train,True
668287998,723.06,15,16:16:27,False,,False,False,723.25,5,1,34,669690018,train,True
668287999,723.07,15,16:16:28,False,,False,False,723.25,5,1,34,669690018,train,True
668288000,723.08,15,16:16:29,False,,False,False,723.25,6,1,34,669690018,train,True
668288001,723.17,15,16:16:30,False,,False,False,723.25,7,1,34,669690018,train,True
668288002,723.17,15,16:16:31,False,,False,False,723.25,8,1,34,669690018,train,True
668288003,723.17,15,16:16:32,False,,False,False,723.25,8,1,34,669690018,train,True
668288004,723.15,15,16:16:33,False,,False,False,723.25,9,1,34,669690018,train,True
668288005,723.22,15,16:16:34,False,,False,False,723.25,10,1,34,669690018,train,True
668288006,723.17,15,16:16:35,False,,False,False,723.25,11,1,34,669690018,train,True
668288007,723.15,15,16:16:36,False,,False,False,723.25,11,1,34,669690018,train,True
668288008,723.18,15,16:16:37,False,,False,False,723.25,12,1,34,669690018,train,True
668288009,723.14,15,16:16:38,False,,False,False,723.24,13,1,34,669690018,train,True
668288010,723.11,15,16:16:39,False,,False,False,723.24,14,1,34,669690018,train,True
668288011,723.2,15,16:16:40,False,,False,False,723.24,15,1,34,669690018,train,True
668288012,723.17,15,16:16:40,False,,False,False,723.24,16,1,34,669690018,train,True
668288013,723.16,15,16:16:41,False,,False,False,723.24,17,1,34,669690018,train,True
668288014,723.18,15,16:16:42,False,,False,False,723.24,18,1,34,669690018,train,True
668288015,723.23,15,16:16:43,False,,False,False,723.24,19,1,34,669690018,train,True
668288016,723.18,15,16:16:44,False,,False,False,723.24,20,1,34,669690018,train,True
668288017,723.21,15,16:16:45,False,,False,False,723.24,21,1,34,669690018,train,True
668288018,723.2,15,16:16:46,False,,False,False,723.24,22,1,34,669690018,train,True
668288019,723.18,15,16:16:47,False,,False,False,723.24,23,1,34,669690018,train,True
668288020,723.2,15,16:16:48,False,,False,False,723.24,24,1,34,669690018,train,True
668288021,723.19,15,16:16:49,False,,False,False,723.24,25,1,34,669690018,train,True
668288022,723.18,15,16:16:50,False,,False,False,723.24,26,1,34,669690018,train,True
668288023,723.23,15,16:16:51,False,,False,True,723.24,27,1,34,669690018,train,True
668288024,723.12,15,16:16:52,False,,False,True,723.24,28,1,34,669690018,train,True
668288025,723.21,15,16:16:53,False,,False,True,723.24,29,1,34,669690018,train,True
668288026,723.17,15,16:16:54,False,,False,True,723.24,30,1,34,669690018,train,True
668288027,723.13,15,16:16:55,False,,False,True,723.24,31,1,34,669690018,train,True
668288028,723.19,15,16:16:56,False,,False,True,723.24,32,1,34,669690018,train,True
668288029,723.17,15,16:16:57,False,,False,True,723.23,33,1,34,669690018,train,True
668288030,723.15,15,16:16:58,False,,False,True,723.23,34,1,34,669690018,train,True
668288031,723.22,15,16:16:59,False,,False,True,723.23,35,1,34,669690018,train,True
668288032,723.13,15,16:17:00,False,,False,True,723.23,36,1,34,669690018,train,True
668288033,723.15,15,16:17:01,False,,False,True,723.23,37,1,34,669690018,train,True
668288034,723.13,15,16:17:02,False,,False,True,723.23,38,1,34,669690018,train,True
668288035,723.13,15,16:17:03,False,,False,True,723.23,39,1,34,669690018,train,True
668288036,723.11,15,16:17:04,False,,False,True,723.23,40,1,34,669690018,train,True
668288037,723.2,15,16:17:05,False,,False,True,723.23,41,1,34,669690018,train,True
668288038,723.13,15,16:17:06,False,,False,True,723.23,42,1,34,669690018,train,True
668288039,723.11,15,16:17:07,False,,False,True,723.23,43,1,34,669690018,train,True
668288040,723.07,15,16:17:08,False,,False,True,723.23,44,1,34,669690018,train,True
668288041,723.09,15,16:17:09,False,,False,True,723.23,45,1,34,669690018,train,True
668288042,723.22,15,16:17:10,False,,False,True,723.23,46,1,34,669690018,train,True
668288043,723.23,15,16:17:11,False,,False,True,723.23,47,1,34,669690018,train,True
668288044,723.16,15,16:17:12,False,,False,True,723.22,48,1,34,669690018,train,True
668288045,723.19,15,16:17:13,False,,False,True,723.22,49,1,34,669690018,train,True
668288046,723.14,15,16:17:14,False,,False,True,723.22,50,1,34,669690018,train,True
668288047,723.1,15,16:17:15,False,,False,True,723.22,51,1,34,669690018,train,True
668288048,723.21,15,16:17:16,False,,False,True,723.22,52,1,34,669690018,train,True
668288049,723.1,15,16:17:17,False,,False,True,723.22,53,1,34,669690018,train,True
668288050,723.1,15,16:17:17,False,,False,True,723.22,54,1,34,669690018,train,True
668288051,723.15,15,16:17:18,False,,False,True,723.22,55,1,34,669690018,train,True
668288052,723.17,15,16:17:19,False,,False,True,723.22,56,1,34,669690018,train,True
668288053,723.17,15,16:17:20,False,,False,True,723.22,57,1,34,669690018,train,True
668288054,723.08,15,16:17:21,False,,False,True,723.22,58,1,34,669690018,train,True
668287995,723.17,15,16:16:24,False,,False,False,723.25,6,0,35,669690620,train,True
668287996,723.16,15,16:16:25,False,,False,False,723.25,5,0,35,669690620,train,True
668287997,723.19,15,16:16:26,False,,False,False,723.25,5,1,35,669690620,train,True
668287998,723.06,15,16:16:27,False,,False,False,723.25,5,1,35,669690620,train,True
668287999,723.07,15,16:16:28,False,,False,False,723.25,5,1,35,669690620,train,True
668288000,723.08,15,16:16:29,False,,False,False,723.25,6,1,35,669690620,train,True
668288001,723.17,15,16:16:30,False,,False,False,723.25,7,1,35,669690620,train,True
668288002,723.17,15,16:16:31,False,,False,False,723.25,8,1,35,669690620,train,True
668288003,723.17,15,16:16:32,False,,False,False,723.25,8,1,35,669690620,train,True
668288004,723.15,15,16:16:33,False,,False,False,723.25,9,1,35,669690620,train,True
668288005,723.22,15,16:16:34,False,,False,False,723.25,10,1,35,669690620,train,True
668288006,723.17,15,16:16:35,False,,False,False,723.25,11,1,35,669690620,train,True
668288007,723.15,15,16:16:36,False,,False,False,723.25,11,1,35,669690620,train,True
668288008,723.18,15,16:16:37,False,,False,False,723.25,12,1,35,669690620,train,True
668288009,723.14,15,16:16:38,False,,False,False,723.24,13,1,35,669690620,train,True
668288010,723.11,15,16:16:39,False,,False,False,723.24,14,1,35,669690620,train,True
668288011,723.2,15,16:16:40,False,,False,False,723.24,15,1,35,669690620,train,True
668288012,723.17,15,16:16:40,False,,False,False,723.24,16,1,35,669690620,train,True
668288013,723.16,15,16:16:41,False,,False,False,723.24,17,1,35,669690620,train,True
668288014,723.18,15,16:16:42,False,,False,False,723.24,18,1,35,669690620,train,True
668288015,723.23,15,16:16:43,False,,False,False,723.24,19,1,35,669690620,train,True
668288016,723.18,15,16:16:44,False,,False,False,723.24,20,1,35,669690620,train,True
668288017,723.21,15,16:16:45,False,,False,False,723.24,21,1,35,669690620,train,True
668288018,723.2,15,16:16:46,False,,False,False,723.24,22,1,35,669690620,train,True
668288019,723.18,15,16:16:47,False,,False,False,723.24,23,1,35,669690620,train,True
668288020,723.2,15,16:16:48,False,,False,False,723.24,24,1,35,669690620,train,True
668288021,723.19,15,16:16:49,False,,False,False,723.24,25,1,35,669690620,train,True
668288022,723.18,15,16:16:50,False,,False,False,723.24,26,1,35,669690620,train,True
668288023,723.23,15,16:16:51,False,,False,True,723.24,27,1,35,669690620,train,True
668288024,723.12,15,16:16:52,False,,False,True,723.24,28,1,35,669690620,train,True
668288025,723.21,15,16:16:53,False,,False,True,723.24,29,1,35,669690620,train,True
668288026,723.17,15,16:16:54,False,,False,True,723.24,30,1,35,669690620,train,True
668288027,723.13,15,16:16:55,False,,False,True,723.24,31,1,35,669690620,train,True
668288028,723.19,15,16:16:56,False,,False,True,723.24,32,1,35,669690620,train,True
668288029,723.17,15,16:16:57,False,,False,True,723.23,33,1,35,669690620,train,True
668288030,723.15,15,16:16:58,False,,False,True,723.23,34,1,35,669690620,train,True
668288031,723.22,15,16:16:59,False,,False,True,723.23,35,1,35,669690620,train,True
668288032,723.13,15,16:17:00,False,,False,True,723.23,36,1,35,669690620,train,True
668288033,723.15,15,16:17:01,False,,False,True,723.23,37,1,35,669690620,train,True
668288034,723.13,15,16:17:02,False,,False,True,723.23,38,1,35,669690620,train,True
668288035,723.13,15,16:17:03,False,,False,True,723.23,39,1,35,669690620,train,True
668288036,723.11,15,16:17:04,False,,False,True,723.23,40,1,35,669690620,train,True
668288037,723.2,15,16:17:05,False,,False,True,723.23,41,1,35,669690620,train,True
668288038,723.13,15,16:17:06,False,,False,True,723.23,42,1,35,669690620,train,True
668288039,723.11,15,16:17:07,False,,False,True,723.23,43,1,35,669690620,train,True
668288040,723.07,15,16:17:08,False,,False,True,723.23,44,1,35,669690620,train,True
668288041,723.09,15,16:17:09,False,,False,True,723.23,45,1,35,669690620,train,True
668288042,723.22,15,16:17:10,False,,False,True,723.23,46,1,35,669690620,train,True
668288043,723.23,15,16:17:11,False,,False,True,723.23,47,1,35,669690620,train,True
668288044,723.16,15,16:17:12,False,,False,True,723.22,48,1,35,669690620,train,True
668288045,723.19,15,16:17:13,False,,False,True,723.22,49,1,35,669690620,train,True
668288046,723.14,15,16:17:14,False,,False,True,723.22,50,1,35,669690620,train,True
668288047,723.1,15,16:17:15,False,,False,True,723.22,51,1,35,669690620,train,True
668288048,723.21,15,16:17:16,False,,False,True,723.22,52,1,35,669690620,train,True
668288049,723.1,15,16:17:17,False,,False,True,723.22,53,1,35,669690620,train,True
668288050,723.1,15,16:17:17,False,,False,True,723.22,54,1,35,669690620,train,True
668288051,723.15,15,16:17:18,False,,False,True,723.22,55,1,35,669690620,train,True
668288052,723.17,15,16:17:19,False,,False,True,723.22,56,1,35,669690620,train,True
668288053,723.17,15,16:17:20,False,,False,True,723.22,57,1,35,669690620,train,True
668288054,723.08,15,16:17:21,False,,False,True,723.22,58,1,35,669690620,train,True
668287995,723.17,15,16:16:24,False,,False,False,723.25,6,0,36,669704197,train,True
668287996,723.16,15,16:16:25,False,,False,False,723.25,5,0,36,669704197,train,True
668287997,723.19,15,16:16:26,False,,False,False,723.25,5,1,36,669704197,train,True
668287998,723.06,15,16:16:27,False,,False,False,723.25,5,1,36,669704197,train,True
668287999,723.07,15,16:16:28,False,,False,False,723.25,5,1,36,669704197,train,True
668288000,723.08,15,16:16:29,False,,False,False,723.25,6,1,36,669704197,train,True
668288001,723.17,15,16:16:30,False,,False,False,723.25,7,1,36,669704197,train,True
668288002,723.17,15,16:16:31,False,,False,False,723.25,8,1,36,669704197,train,True
668288003,723.17,15,16:16:32,False,,False,False,723.25,8,1,36,669704197,train,True
668288004,723.15,15,16:16:33,False,,False,False,723.25,9,1,36,669704197,train,True
668288005,723.22,15,16:16:34,False,,False,False,723.25,10,1,36,669704197,train,True
668288006,723.17,15,16:16:35,False,,False,False,723.25,11,1,36,669704197,train,True
668288007,723.15,15,16:16:36,False,,False,False,723.25,11,1,36,669704197,train,True
668288008,723.18,15,16:16:37,False,,False,False,723.25,12,1,36,669704197,train,True
668288009,723.14,15,16:16:38,False,,False,False,723.24,13,1,36,669704197,train,True
668288010,723.11,15,16:16:39,False,,False,False,723.24,14,1,36,669704197,train,True
668288011,723.2,15,16:16:40,False,,False,False,723.24,15,1,36,669704197,train,True
668288012,723.17,15,16:16:40,False,,False,False,723.24,16,1,36,669704197,train,True
668288013,723.16,15,16:16:41,False,,False,False,723.24,17,1,36,669704197,train,True
668288014,723.18,15,16:16:42,False,,False,False,723.24,18,1,36,669704197,train,True
668288015,723.23,15,16:16:43,False,,False,False,723.24,19,1,36,669704197,train,True
668288016,723.18,15,16:16:44,False,,False,False,723.24,20,1,36,669704197,train,True
668288017,723.21,15,16:16:45,False,,False,False,723.24,21,1,36,669704197,train,True
668288018,723.2,15,16:16:46,False,,False,False,723.24,22,1,36,669704197,train,True
668288019,723.18,15,16:16:47,False,,False,False,723.24,23,1,36,669704197,train,True
668288020,723.2,15,16:16:48,False,,False,False,723.24,24,1,36,669704197,train,True
668288021,723.19,15,16:16:49,False,,False,False,723.24,25,1,36,669704197,train,True
668288022,723.18,15,16:16:50,False,,False,False,723.24,26,1,36,669704197,train,True
668288023,723.23,15,16:16:51,False,,False,True,723.24,27,1,36,669704197,train,True
668288024,723.12,15,16:16:52,False,,False,True,723.24,28,1,36,669704197,train,True
668288025,723.21,15,16:16:53,False,,False,True,723.24,29,1,36,669704197,train,True
668288026,723.17,15,16:16:54,False,,False,True,723.24,30,1,36,669704197,train,True
668288027,723.13,15,16:16:55,False,,False,True,723.24,31,1,36,669704197,train,True
668288028,723.19,15,16:16:56,False,,False,True,723.24,32,1,36,669704197,train,True
668288029,723.17,15,16:16:57,False,,False,True,723.23,33,1,36,669704197,train,True
668288030,723.15,15,16:16:58,False,,False,True,723.23,34,1,36,669704197,train,True
668288031,723.22,15,16:16:59,False,,False,True,723.23,35,1,36,669704197,train,True
668288032,723.13,15,16:17:00,False,,False,True,723.23,36,1,36,669704197,train,True
668288033,723.15,15,16:17:01,False,,False,True,723.23,37,1,36,669704197,train,True
668288034,723.13,15,16:17:02,False,,False,True,723.23,38,1,36,669704197,train,True
668288035,723.13,15,16:17:03,False,,False,True,723.23,39,1,36,669704197,train,True
668288036,723.11,15,16:17:04,False,,False,True,723.23,40,1,36,669704197,train,True
668288037,723.2,15,16:17:05,False,,False,True,723.23,41,1,36,669704197,train,True
668288038,723.13,15,16:17:06,False,,False,True,723.23,42,1,36,669704197,train,True
668288039,723.11,15,16:17:07,False,,False,True,723.23,43,1,36,669704197,train,True
668288040,723.07,15,16:17:08,False,,False,True,723.23,44,1,36,669704197,train,True
668288041,723.09,15,16:17:09,False,,False,True,723.23,45,1,36,669704197,train,True
668288042,723.22,15,16:17:10,False,,False,True,723.23,46,1,36,669704197,train,True
668288043,723.23,15,16:17:11,False,,False,True,723.23,47,1,36,669704197,train,True
668288044,723.16,15,16:17:12,False,,False,True,723.22,48,1,36,669704197,train,True
668288045,723.19,15,16:17:13,False,,False,True,723.22,49,1,36,669704197,train,True
668288046,723.14,15,16:17:14,False,,False,True,723.22,50,1,36,669704197,train,True
668288047,723.1,15,16:17:15,False,,False,True,723.22,51,1,36,669704197,train,True
668288048,723.21,15,16:17:16,False,,False,True,723.22,52,1,36,669704197,train,True
668288049,723.1,15,16:17:17,False,,False,True,723.22,53,1,36,669704197,train,True
668288050,723.1,15,16:17:17,False,,False,True,723.22,54,1,36,669704197,train,True
668288051,723.15,15,16:17:18,False,,False,True,723.22,55,1,36,669704197,train,True
668288052,723.17,15,16:17:19,False,,False,True,723.22,56,1,36,669704197,train,True
668288053,723.17,15,16:17:20,False,,False,True,723.22,57,1,36,669704197,train,True
668288054,723.08,15,16:17:21,False,,False,True,723.22,58,1,36,669704197,train,True
668287995,723.17,15,16:16:24,False,,False,False,723.25,6,0,37,669779409,train,True
668287996,723.16,15,16:16:25,False,,False,False,723.25,5,0,37,669779409,train,True
668287997,723.19,15,16:16:26,False,,False,False,723.25,5,1,37,669779409,train,True
668287998,723.06,15,16:16:27,False,,False,False,723.25,5,1,37,669779409,train,True
668287999,723.07,15,16:16:28,False,,False,False,723.25,5,1,37,669779409,train,True
668288000,723.08,15,16:16:29,False,,False,False,723.25,6,1,37,669779409,train,True
668288001,723.17,15,16:16:30,False,,False,False,723.25,7,1,37,669779409,train,True
668288002,723.17,15,16:16:31,False,,False,False,723.25,8,1,37,669779409,train,True
668288003,723.17,15,16:16:32,False,,False,False,723.25,8,1,37,669779409,train,True
668288004,723.15,15,16:16:33,False,,False,False,723.25,9,1,37,669779409,train,True
668288005,723.22,15,16:16:34,False,,False,False,723.25,10,1,37,669779409,train,True
668288006,723.17,15,16:16:35,False,,False,False,723.25,11,1,37,669779409,train,True
668288007,723.15,15,16:16:36,False,,False,False,723.25,11,1,37,669779409,train,True
668288008,723.18,15,16:16:37,False,,False,False,723.25,12,1,37,669779409,train,True
668288009,723.14,15,16:16:38,False,,False,False,723.24,13,1,37,669779409,train,True
668288010,723.11,15,16:16:39,False,,False,False,723.24,14,1,37,669779409,train,True
668288011,723.2,15,16:16:40,False,,False,False,723.24,15,1,37,669779409,train,True
668288012,723.17,15,16:16:40,False,,False,False,723.24,16,1,37,669779409,train,True
668288013,723.16,15,16:16:41,False,,False,False,723.24,17,1,37,669779409,train,True
668288014,723.18,15,16:16:42,False,,False,False,723.24,18,1,37,669779409,train,True
668288015,723.23,15,16:16:43,False,,False,False,723.24,19,1,37,669779409,train,True
668288016,723.18,15,16:16:44,False,,False,False,723.24,20,1,37,669779409,train,True
668288017,723.21,15,16:16:45,False,,False,False,723.24,21,1,37,669779409,train,True
668288018,723.2,15,16:16:46,False,,False,False,723.24,22,1,37,669779409,train,True
668288019,723.18,15,16:16:47,False,,False,False,723.24,23,1,37,669779409,train,True
668288020,723.2,15,16:16:48,False,,False,False,723.24,24,1,37,669779409,train,True
668288021,723.19,15,16:16:49,False,,False,False,723.24,25,1,37,669779409,train,True
668288022,723.18,15,16:16:50,False,,False,False,723.24,26,1,37,669779409,train,True
668288023,723.23,15,16:16:51,False,,False,True,723.24,27,1,37,669779409,train,True
668288024,723.12,15,16:16:52,False,,False,True,723.24,28,1,37,669779409,train,True
668288025,723.21,15,16:16:53,False,,False,True,723.24,29,1,37,669779409,train,True
668288026,723.17,15,16:16:54,False,,False,True,723.24,30,1,37,669779409,train,True
668288027,723.13,15,16:16:55,False,,False,True,723.24,31,1,37,669779409,train,True
668288028,723.19,15,16:16:56,False,,False,True,723.24,32,1,37,669779409,train,True
668288029,723.17,15,16:16:57,False,,False,True,723.23,33,1,37,669779409,train,True
668288030,723.15,15,16:16:58,False,,False,True,723.23,34,1,37,669779409,train,True
668288031,723.22,15,16:16:59,False,,False,True,723.23,35,1,37,669779409,train,True
668288032,723.13,15,16:17:00,False,,False,True,723.23,36,1,37,669779409,train,True
668288033,723.15,15,16:17:01,False,,False,True,723.23,37,1,37,669779409,train,True
668288034,723.13,15,16:17:02,False,,False,True,723.23,38,1,37,669779409,train,True
668288035,723.13,15,16:17:03,False,,False,True,723.23,39,1,37,669779409,train,True
668288036,723.11,15,16:17:04,False,,False,True,723.23,40,1,37,669779409,train,True
668288037,723.2,15,16:17:05,False,,False,True,723.23,41,1,37,669779409,train,True
668288038,723.13,15,16:17:06,False,,False,True,723.23,42,1,37,669779409,train,True
668288039,723.11,15,16:17:07,False,,False,True,723.23,43,1,37,669779409,train,True
668288040,723.07,15,16:17:08,False,,False,True,723.23,44,1,37,669779409,train,True
668288041,723.09,15,16:17:09,False,,False,True,723.23,45,1,37,669779409,train,True
668288042,723.22,15,16:17:10,False,,False,True,723.23,46,1,37,669779409,train,True
668288043,723.23,15,16:17:11,False,,False,True,723.23,47,1,37,669779409,train,True
668288044,723.16,15,16:17:12,False,,False,True,723.22,48,1,37,669779409,train,True
668288045,723.19,15,16:17:13,False,,False,True,723.22,49,1,37,669779409,train,True
668288046,723.14,15,16:17:14,False,,False,True,723.22,50,1,37,669779409,train,True
668288047,723.1,15,16:17:15,False,,False,True,723.22,51,1,37,669779409,train,True
668288048,723.21,15,16:17:16,False,,False,True,723.22,52,1,37,669779409,train,True
668288049,723.1,15,16:17:17,False,,False,True,723.22,53,1,37,669779409,train,True
668288050,723.1,15,16:17:17,False,,False,True,723.22,54,1,37,669779409,train,True
668288051,723.15,15,16:17:18,False,,False,True,723.22,55,1,37,669779409,train,True
668288052,723.17,15,16:17:19,False,,False,True,723.22,56,1,37,669779409,train,True
668288053,723.17,15,16:17:20,False,,False,True,723.22,57,1,37,669779409,train,True
668288054,723.08,15,16:17:21,False,,False,True,723.22,58,1,37,669779409,train,True
668287995,723.17,15,16:16:24,False,,False,False,723.25,6,0,38,669780445,train,True
668287996,723.16,15,16:16:25,False,,False,False,723.25,5,0,38,669780445,train,True
668287997,723.19,15,16:16:26,False,,False,False,723.25,5,1,38,669780445,train,True
668287998,723.06,15,16:16:27,False,,False,False,723.25,5,1,38,669780445,train,True
668287999,723.07,15,16:16:28,False,,False,False,723.25,5,1,38,669780445,train,True
668288000,723.08,15,16:16:29,False,,False,False,723.25,6,1,38,669780445,train,True
668288001,723.17,15,16:16:30,False,,False,False,723.25,7,1,38,669780445,train,True
668288002,723.17,15,16:16:31,False,,False,False,723.25,8,1,38,669780445,train,True
668288003,723.17,15,16:16:32,False,,False,False,723.25,8,1,38,669780445,train,True
668288004,723.15,15,16:16:33,False,,False,False,723.25,9,1,38,669780445,train,True
668288005,723.22,15,16:16:34,False,,False,False,723.25,10,1,38,669780445,train,True
668288006,723.17,15,16:16:35,False,,False,False,723.25,11,1,38,669780445,train,True
668288007,723.15,15,16:16:36,False,,False,False,723.25,11,1,38,669780445,train,True
668288008,723.18,15,16:16:37,False,,False,False,723.25,12,1,38,669780445,train,True
668288009,723.14,15,16:16:38,False,,False,False,723.24,13,1,38,669780445,train,True
668288010,723.11,15,16:16:39,False,,False,False,723.24,14,1,38,669780445,train,True
668288011,723.2,15,16:16:40,False,,False,False,723.24,15,1,38,669780445,train,True
668288012,723.17,15,16:16:40,False,,False,False,723.24,16,1,38,669780445,train,True
668288013,723.16,15,16:16:41,False,,False,False,723.24,17,1,38,669780445,train,True
668288014,723.18,15,16:16:42,False,,False,False,723.24,18,1,38,669780445,train,True
668288015,723.23,15,16:16:43,False,,False,False,723.24,19,1,38,669780445,train,True
668288016,723.18,15,16:16:44,False,,False,False,723.24,20,1,38,669780445,train,True
668288017,723.21,15,16:16:45,False,,False,False,723.24,21,1,38,669780445,train,True
668288018,723.2,15,16:16:46,False,,False,False,723.24,22,1,38,669780445,train,True
668288019,723.18,15,16:16:47,False,,False,False,723.24,23,1,38,669780445,train,True
668288020,723.2,15,16:16:48,False,,False,False,723.24,24,1,38,669780445,train,True
668288021,723.19,15,16:16:49,False,,False,False,723.24,25,1,38,669780445,train,True
668288022,723.18,15,16:16:50,False,,False,False,723.24,26,1,38,669780445,train,True
668288023,723.23,15,16:16:51,False,,False,True,723.24,27,1,38,669780445,train,True
668288024,723.12,15,16:16:52,False,,False,True,723.24,28,1,38,669780445,train,True
668288025,723.21,15,16:16:53,False,,False,True,723.24,29,1,38,669780445,train,True
668288026,723.17,15,16:16:54,False,,False,True,723.24,30,1,38,669780445,train,True
668288027,723.13,15,16:16:55,False,,False,True,723.24,31,1,38,669780445,train,True
668288028,723.19,15,16:16:56,False,,False,True,723.24,32,1,38,669780445,train,True
668288029,723.17,15,16:16:57,False,,False,True,723.23,33,1,38,669780445,train,True
668288030,723.15,15,16:16:58,False,,False,True,723.23,34,1,38,669780445,train,True
668288031,723.22,15,16:16:59,False,,False,True,723.23,35,1,38,669780445,train,True
668288032,723.13,15,16:17:00,False,,False,True,723.23,36,1,38,669780445,train,True
668288033,723.15,15,16:17:01,False,,False,True,723.23,37,1,38,669780445,train,True
668288034,723.13,15,16:17:02,False,,False,True,723.23,38,1,38,669780445,train,True
668288035,723.13,15,16:17:03,False,,False,True,723.23,39,1,38,669780445,train,True
668288036,723.11,15,16:17:04,False,,False,True,723.23,40,1,38,669780445,train,True
668288037,723.2,15,16:17:05,False,,False,True,723.23,41,1,38,669780445,train,True
668288038,723.13,15,16:17:06,False,,False,True,723.23,42,1,38,669780445,train,True
668288039,723.11,15,16:17:07,False,,False,True,723.23,43,1,38,669780445,train,True
668288040,723.07,15,16:17:08,False,,False,True,723.23,44,1,38,669780445,train,True
668288041,723.09,15,16:17:09,False,,False,True,723.23,45,1,38,669780445,train,True
668288042,723.22,15,16:17:10,False,,False,True,723.23,46,1,38,669780445,train,True
668288043,723.23,15,16:17:11,False,,False,True,723.23,47,1,38,669780445,train,True
668288044,723.16,15,16:17:12,False,,False,True,723.22,48,1,38,669780445,train,True
668288045,723.19,15,16:17:13,False,,False,True,723.22,49,1,38,669780445,train,True
668288046,723.14,15,16:17:14,False,,False,True,723.22,50,1,38,669780445,train,True
668288047,723.1,15,16:17:15,False,,False,True,723.22,51,1,38,669780445,train,True
668288048,723.21,15,16:17:16,False,,False,True,723.22,52,1,38,669780445,train,True
668288049,723.1,15,16:17:17,False,,False,True,723.22,53,1,38,669780445,train,True
668288050,723.1,15,16:17:17,False,,False,True,723.22,54,1,38,669780445,train,True
668288051,723.15,15,16:17:18,False,,False,True,723.22,55,1,38,669780445,train,True
668288052,723.17,15,16:17:19,False,,False,True,723.22,56,1,38,669780445,train,True
668288053,723.17,15,16:17:20,False,,False,True,723.22,57,1,38,669780445,train,True
668288054,723.08,15,16:17:21,False,,False,True,723.22,58,1,38,669780445,train,True
668287995,723.17,15,16:16:24,False,,False,False,723.25,6,0,39,669787866,train,True
668287996,723.16,15,16:16:25,False,,False,False,723.25,5,0,39,669787866,train,True
668287997,723.19,15,16:16:26,False,,False,False,723.25,5,1,39,669787866,train,True
668287998,723.06,15,16:16:27,False,,False,False,723.25,5,1,39,669787866,train,True
668287999,723.07,15,16:16:28,False,,False,False,723.25,5,1,39,669787866,train,True
668288000,723.08,15,16:16:29,False,,False,False,723.25,6,1,39,669787866,train,True
668288001,723.17,15,16:16:30,False,,False,False,723.25,7,1,39,669787866,train,True
668288002,723.17,15,16:16:31,False,,False,False,723.25,8,1,39,669787866,train,True
668288003,723.17,15,16:16:32,False,,False,False,723.25,8,1,39,669787866,train,True
668288004,723.15,15,16:16:33,False,,False,False,723.25,9,1,39,669787866,train,True
668288005,723.22,15,16:16:34,False,,False,False,723.25,10,1,39,669787866,train,True
668288006,723.17,15,16:16:35,False,,False,False,723.25,11,1,39,669787866,train,True
668288007,723.15,15,16:16:36,False,,False,False,723.25,11,1,39,669787866,train,True
668288008,723.18,15,16:16:37,False,,False,False,723.25,12,1,39,669787866,train,True
668288009,723.14,15,16:16:38,False,,False,False,723.24,13,1,39,669787866,train,True
668288010,723.11,15,16:16:39,False,,False,False,723.24,14,1,39,669787866,train,True
668288011,723.2,15,16:16:40,False,,False,False,723.24,15,1,39,669787866,train,True
668288012,723.17,15,16:16:40,False,,False,False,723.24,16,1,39,669787866,train,True
668288013,723.16,15,16:16:41,False,,False,False,723.24,17,1,39,669787866,train,True
668288014,723.18,15,16:16:42,False,,False,False,723.24,18,1,39,669787866,train,True
668288015,723.23,15,16:16:43,False,,False,False,723.24,19,1,39,669787866,train,True
668288016,723.18,15,16:16:44,False,,False,False,723.24,20,1,39,669787866,train,True
668288017,723.21,15,16:16:45,False,,False,False,723.24,21,1,39,669787866,train,True
668288018,723.2,15,16:16:46,False,,False,False,723.24,22,1,39,669787866,train,True
668288019,723.18,15,16:16:47,False,,False,False,723.24,23,1,39,669787866,train,True
668288020,723.2,15,16:16:48,False,,False,False,723.24,24,1,39,669787866,train,True
668288021,723.19,15,16:16:49,False,,False,False,723.24,25,1,39,669787866,train,True
668288022,723.18,15,16:16:50,False,,False,False,723.24,26,1,39,669787866,train,True
668288023,723.23,15,16:16:51,False,,False,True,723.24,27,1,39,669787866,train,True
668288024,723.12,15,16:16:52,False,,False,True,723.24,28,1,39,669787866,train,True
668288025,723.21,15,16:16:53,False,,False,True,723.24,29,1,39,669787866,train,True
668288026,723.17,15,16:16:54,False,,False,True,723.24,30,1,39,669787866,train,True
668288027,723.13,15,16:16:55,False,,False,True,723.24,31,1,39,669787866,train,True
668288028,723.19,15,16:16:56,False,,False,True,723.24,32,1,39,669787866,train,True
668288029,723.17,15,16:16:57,False,,False,True,723.23,33,1,39,669787866,train,True
668288030,723.15,15,16:16:58,False,,False,True,723.23,34,1,39,669787866,train,True
668288031,723.22,15,16:16:59,False,,False,True,723.23,35,1,39,669787866,train,True
668288032,723.13,15,16:17:00,False,,False,True,723.23,36,1,39,669787866,train,True
668288033,723.15,15,16:17:01,False,,False,True,723.23,37,1,39,669787866,train,True
668288034,723.13,15,16:17:02,False,,False,True,723.23,38,1,39,669787866,train,True
668288035,723.13,15,16:17:03,False,,False,True,723.23,39,1,39,669787866,train,True
668288036,723.11,15,16:17:04,False,,False,True,723.23,40,1,39,669787866,train,True
668288037,723.2,15,16:17:05,False,,False,True,723.23,41,1,39,669787866,train,True
668288038,723.13,15,16:17:06,False,,False,True,723.23,42,1,39,669787866,train,True
668288039,723.11,15,16:17:07,False,,False,True,723.23,43,1,39,669787866,train,True
668288040,723.07,15,16:17:08,False,,False,True,723.23,44,1,39,669787866,train,True
668288041,723.09,15,16:17:09,False,,False,True,723.23,45,1,39,669787866,train,True
668288042,723.22,15,16:17:10,False,,False,True,723.23,46,1,39,669787866,train,True
668288043,723.23,15,16:17:11,False,,False,True,723.23,47,1,39,669787866,train,True
668288044,723.16,15,16:17:12,False,,False,True,723.22,48,1,39,669787866,train,True
668288045,723.19,15,16:17:13,False,,False,True,723.22,49,1,39,669787866,train,True
668288046,723.14,15,16:17:14,False,,False,True,723.22,50,1,39,669787866,train,True
668288047,723.1,15,16:17:15,False,,False,True,723.22,51,1,39,669787866,train,True
668288048,723.21,15,16:17:16,False,,False,True,723.22,52,1,39,669787866,train,True
668288049,723.1,15,16:17:17,False,,False,True,723.22,53,1,39,669787866,train,True
668288050,723.1,15,16:17:17,False,,False,True,723.22,54,1,39,669787866,train,True
668288051,723.15,15,16:17:18,False,,False,True,723.22,55,1,39,669787866,train,True
668288052,723.17,15,16:17:19,False,,False,True,723.22,56,1,39,669787866,train,True
668288053,723.17,15,16:17:20,False,,False,True,723.22,57,1,39,669787866,train,True
668288054,723.08,15,16:17:21,False,,False,True,723.22,58,1,39,669787866,train,True
668287995,723.17,15,16:16:24,False,,False,False,723.25,6,0,40,669787881,train,True
668287996,723.16,15,16:16:25,False,,False,False,723.25,5,0,40,669787881,train,True
668287997,723.19,15,16:16:26,False,,False,False,723.25,5,1,40,669787881,train,True
668287998,723.06,15,16:16:27,False,,False,False,723.25,5,1,40,669787881,train,True
668287999,723.07,15,16:16:28,False,,False,False,723.25,5,1,40,669787881,train,True
668288000,723.08,15,16:16:29,False,,False,False,723.25,6,1,40,669787881,train,True
668288001,723.17,15,16:16:30,False,,False,False,723.25,7,1,40,669787881,train,True
668288002,723.17,15,16:16:31,False,,False,False,723.25,8,1,40,669787881,train,True
668288003,723.17,15,16:16:32,False,,False,False,723.25,8,1,40,669787881,train,True
668288004,723.15,15,16:16:33,False,,False,False,723.25,9,1,40,669787881,train,True
668288005,723.22,15,16:16:34,False,,False,False,723.25,10,1,40,669787881,train,True
668288006,723.17,15,16:16:35,False,,False,False,723.25,11,1,40,669787881,train,True
668288007,723.15,15,16:16:36,False,,False,False,723.25,11,1,40,669787881,train,True
668288008,723.18,15,16:16:37,False,,False,False,723.25,12,1,40,669787881,train,True
668288009,723.14,15,16:16:38,False,,False,False,723.24,13,1,40,669787881,train,True
668288010,723.11,15,16:16:39,False,,False,False,723.24,14,1,40,669787881,train,True
668288011,723.2,15,16:16:40,False,,False,False,723.24,15,1,40,669787881,train,True
668288012,723.17,15,16:16:40,False,,False,False,723.24,16,1,40,669787881,train,True
668288013,723.16,15,16:16:41,False,,False,False,723.24,17,1,40,669787881,train,True
668288014,723.18,15,16:16:42,False,,False,False,723.24,18,1,40,669787881,train,True
668288015,723.23,15,16:16:43,False,,False,False,723.24,19,1,40,669787881,train,True
668288016,723.18,15,16:16:44,False,,False,False,723.24,20,1,40,669787881,train,True
668288017,723.21,15,16:16:45,False,,False,False,723.24,21,1,40,669787881,train,True
668288018,723.2,15,16:16:46,False,,False,False,723.24,22,1,40,669787881,train,True
668288019,723.18,15,16:16:47,False,,False,False,723.24,23,1,40,669787881,train,True
668288020,723.2,15,16:16:48,False,,False,False,723.24,24,1,40,669787881,train,True
668288021,723.19,15,16:16:49,False,,False,False,723.24,25,1,40,669787881,train,True
668288022,723.18,15,16:16:50,False,,False,False,723.24,26,1,40,669787881,train,True
668288023,723.23,15,16:16:51,False,,False,True,723.24,27,1,40,669787881,train,True
668288024,723.12,15,16:16:52,False,,False,True,723.24,28,1,40,669787881,train,True
668288025,723.21,15,16:16:53,False,,False,True,723.24,29,1,40,669787881,train,True
668288026,723.17,15,16:16:54,False,,False,True,723.24,30,1,40,669787881,train,True
668288027,723.13,15,16:16:55,False,,False,True,723.24,31,1,40,669787881,train,True
668288028,723.19,15,16:16:56,False,,False,True,723.24,32,1,40,669787881,train,True
668288029,723.17,15,16:16:57,False,,False,True,723.23,33,1,40,669787881,train,True
668288030,723.15,15,16:16:58,False,,False,True,723.23,34,1,40,669787881,train,True
668288031,723.22,15,16:16:59,False,,False,True,723.23,35,1,40,669787881,train,True
668288032,723.13,15,16:17:00,False,,False,True,723.23,36,1,40,669787881,train,True
668288033,723.15,15,16:17:01,False,,False,True,723.23,37,1,40,669787881,train,True
668288034,723.13,15,16:17:02,False,,False,True,723.23,38,1,40,669787881,train,True
668288035,723.13,15,16:17:03,False,,False,True,723.23,39,1,40,669787881,train,True
668288036,723.11,15,16:17:04,False,,False,True,723.23,40,1,40,669787881,train,True
668288037,723.2,15,16:17:05,False,,False,True,723.23,41,1,40,669787881,train,True
668288038,723.13,15,16:17:06,False,,False,True,723.23,42,1,40,669787881,train,True
668288039,723.11,15,16:17:07,False,,False,True,723.23,43,1,40,669787881,train,True
668288040,723.07,15,16:17:08,False,,False,True,723.23,44,1,40,669787881,train,True
668288041,723.09,15,16:17:09,False,,False,True,723.23,45,1,40,669787881,train,True
668288042,723.22,15,16:17:10,False,,False,True,723.23,46,1,40,669787881,train,True
668288043,723.23,15,16:17:11,False,,False,True,723.23,47,1,40,669787881,train,True
668288044,723.16,15,16:17:12,False,,False,True,723.22,48,1,40,669787881,train,True
668288045,723.19,15,16:17:13,False,,False,True,723.22,49,1,40,669787881,train,True
668288046,723.14,15,16:17:14,False,,False,True,723.22,50,1,40,669787881,train,True
668288047,723.1,15,16:17:15,False,,False,True,723.22,51,1,40,669787881,train,True
668288048,723.21,15,16:17:16,False,,False,True,723.22,52,1,40,669787881,train,True
668288049,723.1,15,16:17:17,False,,False,True,723.22,53,1,40,669787881,train,True
668288050,723.1,15,16:17:17,False,,False,True,723.22,54,1,40,669787881,train,True
668288051,723.15,15,16:17:18,False,,False,True,723.22,55,1,40,669787881,train,True
668288052,723.17,15,16:17:19,False,,False,True,723.22,56,1,40,669787881,train,True
668288053,723.17,15,16:17:20,False,,False,True,723.22,57,1,40,669787881,train,True
668288054,723.08,15,16:17:21,False,,False,True,723.22,58,1,40,669787881,train,True
668287995,723.17,15,16:16:24,False,,False,False,723.25,6,0,41,669870405,train,True
668287996,723.16,15,16:16:25,False,,False,False,723.25,5,0,41,669870405,train,True
668287997,723.19,15,16:16:26,False,,False,False,723.25,5,1,41,669870405,train,True
668287998,723.06,15,16:16:27,False,,False,False,723.25,5,1,41,669870405,train,True
668287999,723.07,15,16:16:28,False,,False,False,723.25,5,1,41,669870405,train,True
668288000,723.08,15,16:16:29,False,,False,False,723.25,6,1,41,669870405,train,True
668288001,723.17,15,16:16:30,False,,False,False,723.25,7,1,41,669870405,train,True
668288002,723.17,15,16:16:31,False,,False,False,723.25,8,1,41,669870405,train,True
668288003,723.17,15,16:16:32,False,,False,False,723.25,8,1,41,669870405,train,True
668288004,723.15,15,16:16:33,False,,False,False,723.25,9,1,41,669870405,train,True
668288005,723.22,15,16:16:34,False,,False,False,723.25,10,1,41,669870405,train,True
668288006,723.17,15,16:16:35,False,,False,False,723.25,11,1,41,669870405,train,True
668288007,723.15,15,16:16:36,False,,False,False,723.25,11,1,41,669870405,train,True
668288008,723.18,15,16:16:37,False,,False,False,723.25,12,1,41,669870405,train,True
668288009,723.14,15,16:16:38,False,,False,False,723.24,13,1,41,669870405,train,True
668288010,723.11,15,16:16:39,False,,False,False,723.24,14,1,41,669870405,train,True
668288011,723.2,15,16:16:40,False,,False,False,723.24,15,1,41,669870405,train,True
668288012,723.17,15,16:16:40,False,,False,False,723.24,16,1,41,669870405,train,True
668288013,723.16,15,16:16:41,False,,False,False,723.24,17,1,41,669870405,train,True
668288014,723.18,15,16:16:42,False,,False,False,723.24,18,1,41,669870405,train,True
668288015,723.23,15,16:16:43,False,,False,False,723.24,19,1,41,669870405,train,True
668288016,723.18,15,16:16:44,False,,False,False,723.24,20,1,41,669870405,train,True
668288017,723.21,15,16:16:45,False,,False,False,723.24,21,1,41,669870405,train,True
668288018,723.2,15,16:16:46,False,,False,False,723.24,22,1,41,669870405,train,True
668288019,723.18,15,16:16:47,False,,False,False,723.24,23,1,41,669870405,train,True
668288020,723.2,15,16:16:48,False,,False,False,723.24,24,1,41,669870405,train,True
668288021,723.19,15,16:16:49,False,,False,False,723.24,25,1,41,669870405,train,True
668288022,723.18,15,16:16:50,False,,False,False,723.24,26,1,41,669870405,train,True
668288023,723.23,15,16:16:51,False,,False,True,723.24,27,1,41,669870405,train,True
668288024,723.12,15,16:16:52,False,,False,True,723.24,28,1,41,669870405,train,True
668288025,723.21,15,16:16:53,False,,False,True,723.24,29,1,41,669870405,train,True
668288026,723.17,15,16:16:54,False,,False,True,723.24,30,1,41,669870405,train,True
668288027,723.13,15,16:16:55,False,,False,True,723.24,31,1,41,669870405,train,True
668288028,723.19,15,16:16:56,False,,False,True,723.24,32,1,41,669870405,train,True
668288029,723.17,15,16:16:57,False,,False,True,723.23,33,1,41,669870405,train,True
668288030,723.15,15,16:16:58,False,,False,True,723.23,34,1,41,669870405,train,True
668288031,723.22,15,16:16:59,False,,False,True,723.23,35,1,41,669870405,train,True
668288032,723.13,15,16:17:00,False,,False,True,723.23,36,1,41,669870405,train,True
668288033,723.15,15,16:17:01,False,,False,True,723.23,37,1,41,669870405,train,True
668288034,723.13,15,16:17:02,False,,False,True,723.23,38,1,41,669870405,train,True
668288035,723.13,15,16:17:03,False,,False,True,723.23,39,1,41,669870405,train,True
668288036,723.11,15,16:17:04,False,,False,True,723.23,40,1,41,669870405,train,True
668288037,723.2,15,16:17:05,False,,False,True,723.23,41,1,41,669870405,train,True
668288038,723.13,15,16:17:06,False,,False,True,723.23,42,1,41,669870405,train,True
668288039,723.11,15,16:17:07,False,,False,True,723.23,43,1,41,669870405,train,True
668288040,723.07,15,16:17:08,False,,False,True,723.23,44,1,41,669870405,train,True
668288041,723.09,15,16:17:09,False,,False,True,723.23,45,1,41,669870405,train,True
668288042,723.22,15,16:17:10,False,,False,True,723.23,46,1,41,669870405,train,True
668288043,723.23,15,16:17:11,False,,False,True,723.23,47,1,41,669870405,train,True
668288044,723.16,15,16:17:12,False,,False,True,723.22,48,1,41,669870405,train,True
668288045,723.19,15,16:17:13,False,,False,True,723.22,49,1,41,669870405,train,True
668288046,723.14,15,16:17:14,False,,False,True,723.22,50,1,41,669870405,train,True
668288047,723.1,15,16:17:15,False,,False,True,723.22,51,1,41,669870405,train,True
668288048,723.21,15,16:17:16,False,,False,True,723.22,52,1,41,669870405,train,True
668288049,723.1,15,16:17:17,False,,False,True,723.22,53,1,41,669870405,train,True
668288050,723.1,15,16:17:17,False,,False,True,723.22,54,1,41,669870405,train,True
668288051,723.15,15,16:17:18,False,,False,True,723.22,55,1,41,669870405,train,True
668288052,723.17,15,16:17:19,False,,False,True,723.22,56,1,41,669870405,train,True
668288053,723.17,15,16:17:20,False,,False,True,723.22,57,1,41,669870405,train,True
668288054,723.08,15,16:17:21,False,,False,True,723.22,58,1,41,669870405,train,True
668287995,723.17,15,16:16:24,False,,False,False,723.25,6,0,42,669873580,train,True
668287996,723.16,15,16:16:25,False,,False,False,723.25,5,0,42,669873580,train,True
668287997,723.19,15,16:16:26,False,,False,False,723.25,5,1,42,669873580,train,True
668287998,723.06,15,16:16:27,False,,False,False,723.25,5,1,42,669873580,train,True
668287999,723.07,15,16:16:28,False,,False,False,723.25,5,1,42,669873580,train,True
668288000,723.08,15,16:16:29,False,,False,False,723.25,6,1,42,669873580,train,True
668288001,723.17,15,16:16:30,False,,False,False,723.25,7,1,42,669873580,train,True
668288002,723.17,15,16:16:31,False,,False,False,723.25,8,1,42,669873580,train,True
668288003,723.17,15,16:16:32,False,,False,False,723.25,8,1,42,669873580,train,True
668288004,723.15,15,16:16:33,False,,False,False,723.25,9,1,42,669873580,train,True
668288005,723.22,15,16:16:34,False,,False,False,723.25,10,1,42,669873580,train,True
668288006,723.17,15,16:16:35,False,,False,False,723.25,11,1,42,669873580,train,True
668288007,723.15,15,16:16:36,False,,False,False,723.25,11,1,42,669873580,train,True
668288008,723.18,15,16:16:37,False,,False,False,723.25,12,1,42,669873580,train,True
668288009,723.14,15,16:16:38,False,,False,False,723.24,13,1,42,669873580,train,True
668288010,723.11,15,16:16:39,False,,False,False,723.24,14,1,42,669873580,train,True
668288011,723.2,15,16:16:40,False,,False,False,723.24,15,1,42,669873580,train,True
668288012,723.17,15,16:16:40,False,,False,False,723.24,16,1,42,669873580,train,True
668288013,723.16,15,16:16:41,False,,False,False,723.24,17,1,42,669873580,train,True
668288014,723.18,15,16:16:42,False,,False,False,723.24,18,1,42,669873580,train,True
668288015,723.23,15,16:16:43,False,,False,False,723.24,19,1,42,669873580,train,True
668288016,723.18,15,16:16:44,False,,False,False,723.24,20,1,42,669873580,train,True
668288017,723.21,15,16:16:45,False,,False,False,723.24,21,1,42,669873580,train,True
668288018,723.2,15,16:16:46,False,,False,False,723.24,22,1,42,669873580,train,True
668288019,723.18,15,16:16:47,False,,False,False,723.24,23,1,42,669873580,train,True
668288020,723.2,15,16:16:48,False,,False,False,723.24,24,1,42,669873580,train,True
668288021,723.19,15,16:16:49,False,,False,False,723.24,25,1,42,669873580,train,True
668288022,723.18,15,16:16:50,False,,False,False,723.24,26,1,42,669873580,train,True
668288023,723.23,15,16:16:51,False,,False,True,723.24,27,1,42,669873580,train,True
668288024,723.12,15,16:16:52,False,,False,True,723.24,28,1,42,669873580,train,True
668288025,723.21,15,16:16:53,False,,False,True,723.24,29,1,42,669873580,train,True
668288026,723.17,15,16:16:54,False,,False,True,723.24,30,1,42,669873580,train,True
668288027,723.13,15,16:16:55,False,,False,True,723.24,31,1,42,669873580,train,True
668288028,723.19,15,16:16:56,False,,False,True,723.24,32,1,42,669873580,train,True
668288029,723.17,15,16:16:57,False,,False,True,723.23,33,1,42,669873580,train,True
668288030,723.15,15,16:16:58,False,,False,True,723.23,34,1,42,669873580,train,True
668288031,723.22,15,16:16:59,False,,False,True,723.23,35,1,42,669873580,train,True
668288032,723.13,15,16:17:00,False,,False,True,723.23,36,1,42,669873580,train,True
668288033,723.15,15,16:17:01,False,,False,True,723.23,37,1,42,669873580,train,True
668288034,723.13,15,16:17:02,False,,False,True,723.23,38,1,42,669873580,train,True
668288035,723.13,15,16:17:03,False,,False,True,723.23,39,1,42,669873580,train,True
668288036,723.11,15,16:17:04,False,,False,True,723.23,40,1,42,669873580,train,True
668288037,723.2,15,16:17:05,False,,False,True,723.23,41,1,42,669873580,train,True
668288038,723.13,15,16:17:06,False,,False,True,723.23,42,1,42,669873580,train,True
668288039,723.11,15,16:17:07,False,,False,True,723.23,43,1,42,669873580,train,True
668288040,723.07,15,16:17:08,False,,False,True,723.23,44,1,42,669873580,train,True
668288041,723.09,15,16:17:09,False,,False,True,723.23,45,1,42,669873580,train,True
668288042,723.22,15,16:17:10,False,,False,True,723.23,46,1,42,669873580,train,True
668288043,723.23,15,16:17:11,False,,False,True,723.23,47,1,42,669873580,train,True
668288044,723.16,15,16:17:12,False,,False,True,723.22,48,1,42,669873580,train,True
668288045,723.19,15,16:17:13,False,,False,True,723.22,49,1,42,669873580,train,True
668288046,723.14,15,16:17:14,False,,False,True,723.22,50,1,42,669873580,train,True
668288047,723.1,15,16:17:15,False,,False,True,723.22,51,1,42,669873580,train,True
668288048,723.21,15,16:17:16,False,,False,True,723.22,52,1,42,669873580,train,True
668288049,723.1,15,16:17:17,False,,False,True,723.22,53,1,42,669873580,train,True
668288050,723.1,15,16:17:17,False,,False,True,723.22,54,1,42,669873580,train,True
668288051,723.15,15,16:17:18,False,,False,True,723.22,55,1,42,669873580,train,True
668288052,723.17,15,16:17:19,False,,False,True,723.22,56,1,42,669873580,train,True
668288053,723.17,15,16:17:20,False,,False,True,723.22,57,1,42,669873580,train,True
668288054,723.08,15,16:17:21,False,,False,True,723.22,58,1,42,669873580,train,True
668287995,723.17,15,16:16:24,False,,False,False,723.25,6,0,43,669882031,train,True
668287996,723.16,15,16:16:25,False,,False,False,723.25,5,0,43,669882031,train,True
668287997,723.19,15,16:16:26,False,,False,False,723.25,5,1,43,669882031,train,True
668287998,723.06,15,16:16:27,False,,False,False,723.25,5,1,43,669882031,train,True
668287999,723.07,15,16:16:28,False,,False,False,723.25,5,1,43,669882031,train,True
668288000,723.08,15,16:16:29,False,,False,False,723.25,6,1,43,669882031,train,True
668288001,723.17,15,16:16:30,False,,False,False,723.25,7,1,43,669882031,train,True
668288002,723.17,15,16:16:31,False,,False,False,723.25,8,1,43,669882031,train,True
668288003,723.17,15,16:16:32,False,,False,False,723.25,8,1,43,669882031,train,True
668288004,723.15,15,16:16:33,False,,False,False,723.25,9,1,43,669882031,train,True
668288005,723.22,15,16:16:34,False,,False,False,723.25,10,1,43,669882031,train,True
668288006,723.17,15,16:16:35,False,,False,False,723.25,11,1,43,669882031,train,True
668288007,723.15,15,16:16:36,False,,False,False,723.25,11,1,43,669882031,train,True
668288008,723.18,15,16:16:37,False,,False,False,723.25,12,1,43,669882031,train,True
668288009,723.14,15,16:16:38,False,,False,False,723.24,13,1,43,669882031,train,True
668288010,723.11,15,16:16:39,False,,False,False,723.24,14,1,43,669882031,train,True
668288011,723.2,15,16:16:40,False,,False,False,723.24,15,1,43,669882031,train,True
668288012,723.17,15,16:16:40,False,,False,False,723.24,16,1,43,669882031,train,True
668288013,723.16,15,16:16:41,False,,False,False,723.24,17,1,43,669882031,train,True
668288014,723.18,15,16:16:42,False,,False,False,723.24,18,1,43,669882031,train,True
668288015,723.23,15,16:16:43,False,,False,False,723.24,19,1,43,669882031,train,True
668288016,723.18,15,16:16:44,False,,False,False,723.24,20,1,43,669882031,train,True
668288017,723.21,15,16:16:45,False,,False,False,723.24,21,1,43,669882031,train,True
668288018,723.2,15,16:16:46,False,,False,False,723.24,22,1,43,669882031,train,True
668288019,723.18,15,16:16:47,False,,False,False,723.24,23,1,43,669882031,train,True
668288020,723.2,15,16:16:48,False,,False,False,723.24,24,1,43,669882031,train,True
668288021,723.19,15,16:16:49,False,,False,False,723.24,25,1,43,669882031,train,True
668288022,723.18,15,16:16:50,False,,False,False,723.24,26,1,43,669882031,train,True
668288023,723.23,15,16:16:51,False,,False,True,723.24,27,1,43,669882031,train,True
668288024,723.12,15,16:16:52,False,,False,True,723.24,28,1,43,669882031,train,True
668288025,723.21,15,16:16:53,False,,False,True,723.24,29,1,43,669882031,train,True
668288026,723.17,15,16:16:54,False,,False,True,723.24,30,1,43,669882031,train,True
668288027,723.13,15,16:16:55,False,,False,True,723.24,31,1,43,669882031,train,True
668288028,723.19,15,16:16:56,False,,False,True,723.24,32,1,43,669882031,train,True
668288029,723.17,15,16:16:57,False,,False,True,723.23,33,1,43,669882031,train,True
668288030,723.15,15,16:16:58,False,,False,True,723.23,34,1,43,669882031,train,True
668288031,723.22,15,16:16:59,False,,False,True,723.23,35,1,43,669882031,train,True
668288032,723.13,15,16:17:00,False,,False,True,723.23,36,1,43,669882031,train,True
668288033,723.15,15,16:17:01,False,,False,True,723.23,37,1,43,669882031,train,True
668288034,723.13,15,16:17:02,False,,False,True,723.23,38,1,43,669882031,train,True
668288035,723.13,15,16:17:03,False,,False,True,723.23,39,1,43,669882031,train,True
668288036,723.11,15,16:17:04,False,,False,True,723.23,40,1,43,669882031,train,True
668288037,723.2,15,16:17:05,False,,False,True,723.23,41,1,43,669882031,train,True
668288038,723.13,15,16:17:06,False,,False,True,723.23,42,1,43,669882031,train,True
668288039,723.11,15,16:17:07,False,,False,True,723.23,43,1,43,669882031,train,True
668288040,723.07,15,16:17:08,False,,False,True,723.23,44,1,43,669882031,train,True
668288041,723.09,15,16:17:09,False,,False,True,723.23,45,1,43,669882031,train,True
668288042,723.22,15,16:17:10,False,,False,True,723.23,46,1,43,669882031,train,True
668288043,723.23,15,16:17:11,False,,False,True,723.23,47,1,43,669882031,train,True
668288044,723.16,15,16:17:12,False,,False,True,723.22,48,1,43,669882031,train,True
668288045,723.19,15,16:17:13,False,,False,True,723.22,49,1,43,669882031,train,True
668288046,723.14,15,16:17:14,False,,False,True,723.22,50,1,43,669882031,train,True
668288047,723.1,15,16:17:15,False,,False,True,723.22,51,1,43,669882031,train,True
668288048,723.21,15,16:17:16,False,,False,True,723.22,52,1,43,669882031,train,True
668288049,723.1,15,16:17:17,False,,False,True,723.22,53,1,43,669882031,train,True
668288050,723.1,15,16:17:17,False,,False,True,723.22,54,1,43,669882031,train,True
668288051,723.15,15,16:17:18,False,,False,True,723.22,55,1,43,669882031,train,True
668288052,723.17,15,16:17:19,False,,False,True,723.22,56,1,43,669882031,train,True
668288053,723.17,15,16:17:20,False,,False,True,723.22,57,1,43,669882031,train,True
668288054,723.08,15,16:17:21,False,,False,True,723.22,58,1,43,669882031,train,True
668287995,723.17,15,16:16:24,False,,False,False,723.25,6,0,44,669886865,train,True
668287996,723.16,15,16:16:25,False,,False,False,723.25,5,0,44,669886865,train,True
668287997,723.19,15,16:16:26,False,,False,False,723.25,5,1,44,669886865,train,True
668287998,723.06,15,16:16:27,False,,False,False,723.25,5,1,44,669886865,train,True
668287999,723.07,15,16:16:28,False,,False,False,723.25,5,1,44,669886865,train,True
668288000,723.08,15,16:16:29,False,,False,False,723.25,6,1,44,669886865,train,True
668288001,723.17,15,16:16:30,False,,False,False,723.25,7,1,44,669886865,train,True
668288002,723.17,15,16:16:31,False,,False,False,723.25,8,1,44,669886865,train,True
668288003,723.17,15,16:16:32,False,,False,False,723.25,8,1,44,669886865,train,True
668288004,723.15,15,16:16:33,False,,False,False,723.25,9,1,44,669886865,train,True
668288005,723.22,15,16:16:34,False,,False,False,723.25,10,1,44,669886865,train,True
668288006,723.17,15,16:16:35,False,,False,False,723.25,11,1,44,669886865,train,True
668288007,723.15,15,16:16:36,False,,False,False,723.25,11,1,44,669886865,train,True
668288008,723.18,15,16:16:37,False,,False,False,723.25,12,1,44,669886865,train,True
668288009,723.14,15,16:16:38,False,,False,False,723.24,13,1,44,669886865,train,True
668288010,723.11,15,16:16:39,False,,False,False,723.24,14,1,44,669886865,train,True
668288011,723.2,15,16:16:40,False,,False,False,723.24,15,1,44,669886865,train,True
668288012,723.17,15,16:16:40,False,,False,False,723.24,16,1,44,669886865,train,True
668288013,723.16,15,16:16:41,False,,False,False,723.24,17,1,44,669886865,train,True
668288014,723.18,15,16:16:42,False,,False,False,723.24,18,1,44,669886865,train,True
668288015,723.23,15,16:16:43,False,,False,False,723.24,19,1,44,669886865,train,True
668288016,723.18,15,16:16:44,False,,False,False,723.24,20,1,44,669886865,train,True
668288017,723.21,15,16:16:45,False,,False,False,723.24,21,1,44,669886865,train,True
668288018,723.2,15,16:16:46,False,,False,False,723.24,22,1,44,669886865,train,True
668288019,723.18,15,16:16:47,False,,False,False,723.24,23,1,44,669886865,train,True
668288020,723.2,15,16:16:48,False,,False,False,723.24,24,1,44,669886865,train,True
668288021,723.19,15,16:16:49,False,,False,False,723.24,25,1,44,669886865,train,True
668288022,723.18,15,16:16:50,False,,False,False,723.24,26,1,44,669886865,train,True
668288023,723.23,15,16:16:51,False,,False,True,723.24,27,1,44,669886865,train,True
668288024,723.12,15,16:16:52,False,,False,True,723.24,28,1,44,669886865,train,True
668288025,723.21,15,16:16:53,False,,False,True,723.24,29,1,44,669886865,train,True
668288026,723.17,15,16:16:54,False,,False,True,723.24,30,1,44,669886865,train,True
668288027,723.13,15,16:16:55,False,,False,True,723.24,31,1,44,669886865,train,True
668288028,723.19,15,16:16:56,False,,False,True,723.24,32,1,44,669886865,train,True
668288029,723.17,15,16:16:57,False,,False,True,723.23,33,1,44,669886865,train,True
668288030,723.15,15,16:16:58,False,,False,True,723.23,34,1,44,669886865,train,True
668288031,723.22,15,16:16:59,False,,False,True,723.23,35,1,44,669886865,train,True
668288032,723.13,15,16:17:00,False,,False,True,723.23,36,1,44,669886865,train,True
668288033,723.15,15,16:17:01,False,,False,True,723.23,37,1,44,669886865,train,True
668288034,723.13,15,16:17:02,False,,False,True,723.23,38,1,44,669886865,train,True
668288035,723.13,15,16:17:03,False,,False,True,723.23,39,1,44,669886865,train,True
668288036,723.11,15,16:17:04,False,,False,True,723.23,40,1,44,669886865,train,True
668288037,723.2,15,16:17:05,False,,False,True,723.23,41,1,44,669886865,train,True
668288038,723.13,15,16:17:06,False,,False,True,723.23,42,1,44,669886865,train,True
668288039,723.11,15,16:17:07,False,,False,True,723.23,43,1,44,669886865,train,True
668288040,723.07,15,16:17:08,False,,False,True,723.23,44,1,44,669886865,train,True
668288041,723.09,15,16:17:09,False,,False,True,723.23,45,1,44,669886865,train,True
668288042,723.22,15,16:17:10,False,,False,True,723.23,46,1,44,669886865,train,True
668288043,723.23,15,16:17:11,False,,False,True,723.23,47,1,44,669886865,train,True
668288044,723.16,15,16:17:12,False,,False,True,723.22,48,1,44,669886865,train,True
668288045,723.19,15,16:17:13,False,,False,True,723.22,49,1,44,669886865,train,True
668288046,723.14,15,16:17:14,False,,False,True,723.22,50,1,44,669886865,train,True
668288047,723.1,15,16:17:15,False,,False,True,723.22,51,1,44,669886865,train,True
668288048,723.21,15,16:17:16,False,,False,True,723.22,52,1,44,669886865,train,True
668288049,723.1,15,16:17:17,False,,False,True,723.22,53,1,44,669886865,train,True
668288050,723.1,15,16:17:17,False,,False,True,723.22,54,1,44,669886865,train,True
668288051,723.15,15,16:17:18,False,,False,True,723.22,55,1,44,669886865,train,True
668288052,723.17,15,16:17:19,False,,False,True,723.22,56,1,44,669886865,train,True
668288053,723.17,15,16:17:20,False,,False,True,723.22,57,1,44,669886865,train,True
668288054,723.08,15,16:17:21,False,,False,True,723.22,58,1,44,669886865,train,True
668287995,723.17,15,16:16:24,False,,False,False,723.25,6,0,45,669958088,train,True
668287996,723.16,15,16:16:25,False,,False,False,723.25,5,0,45,669958088,train,True
668287997,723.19,15,16:16:26,False,,False,False,723.25,5,1,45,669958088,train,True
668287998,723.06,15,16:16:27,False,,False,False,723.25,5,1,45,669958088,train,True
668287999,723.07,15,16:16:28,False,,False,False,723.25,5,1,45,669958088,train,True
668288000,723.08,15,16:16:29,False,,False,False,723.25,6,1,45,669958088,train,True
668288001,723.17,15,16:16:30,False,,False,False,723.25,7,1,45,669958088,train,True
668288002,723.17,15,16:16:31,False,,False,False,723.25,8,1,45,669958088,train,True
668288003,723.17,15,16:16:32,False,,False,False,723.25,8,1,45,669958088,train,True
668288004,723.15,15,16:16:33,False,,False,False,723.25,9,1,45,669958088,train,True
668288005,723.22,15,16:16:34,False,,False,False,723.25,10,1,45,669958088,train,True
668288006,723.17,15,16:16:35,False,,False,False,723.25,11,1,45,669958088,train,True
668288007,723.15,15,16:16:36,False,,False,False,723.25,11,1,45,669958088,train,True
668288008,723.18,15,16:16:37,False,,False,False,723.25,12,1,45,669958088,train,True
668288009,723.14,15,16:16:38,False,,False,False,723.24,13,1,45,669958088,train,True
668288010,723.11,15,16:16:39,False,,False,False,723.24,14,1,45,669958088,train,True
668288011,723.2,15,16:16:40,False,,False,False,723.24,15,1,45,669958088,train,True
668288012,723.17,15,16:16:40,False,,False,False,723.24,16,1,45,669958088,train,True
668288013,723.16,15,16:16:41,False,,False,False,723.24,17,1,45,669958088,train,True
668288014,723.18,15,16:16:42,False,,False,False,723.24,18,1,45,669958088,train,True
668288015,723.23,15,16:16:43,False,,False,False,723.24,19,1,45,669958088,train,True
668288016,723.18,15,16:16:44,False,,False,False,723.24,20,1,45,669958088,train,True
668288017,723.21,15,16:16:45,False,,False,False,723.24,21,1,45,669958088,train,True
668288018,723.2,15,16:16:46,False,,False,False,723.24,22,1,45,669958088,train,True
668288019,723.18,15,16:16:47,False,,False,False,723.24,23,1,45,669958088,train,True
668288020,723.2,15,16:16:48,False,,False,False,723.24,24,1,45,669958088,train,True
668288021,723.19,15,16:16:49,False,,False,False,723.24,25,1,45,669958088,train,True
668288022,723.18,15,16:16:50,False,,False,False,723.24,26,1,45,669958088,train,True
668288023,723.23,15,16:16:51,False,,False,True,723.24,27,1,45,669958088,train,True
668288024,723.12,15,16:16:52,False,,False,True,723.24,28,1,45,669958088,train,True
668288025,723.21,15,16:16:53,False,,False,True,723.24,29,1,45,669958088,train,True
668288026,723.17,15,16:16:54,False,,False,True,723.24,30,1,45,669958088,train,True
668288027,723.13,15,16:16:55,False,,False,True,723.24,31,1,45,669958088,train,True
668288028,723.19,15,16:16:56,False,,False,True,723.24,32,1,45,669958088,train,True
668288029,723.17,15,16:16:57,False,,False,True,723.23,33,1,45,669958088,train,True
668288030,723.15,15,16:16:58,False,,False,True,723.23,34,1,45,669958088,train,True
668288031,723.22,15,16:16:59,False,,False,True,723.23,35,1,45,669958088,train,True
668288032,723.13,15,16:17:00,False,,False,True,723.23,36,1,45,669958088,train,True
668288033,723.15,15,16:17:01,False,,False,True,723.23,37,1,45,669958088,train,True
668288034,723.13,15,16:17:02,False,,False,True,723.23,38,1,45,669958088,train,True
668288035,723.13,15,16:17:03,False,,False,True,723.23,39,1,45,669958088,train,True
668288036,723.11,15,16:17:04,False,,False,True,723.23,40,1,45,669958088,train,True
668288037,723.2,15,16:17:05,False,,False,True,723.23,41,1,45,669958088,train,True
668288038,723.13,15,16:17:06,False,,False,True,723.23,42,1,45,669958088,train,True
668288039,723.11,15,16:17:07,False,,False,True,723.23,43,1,45,669958088,train,True
668288040,723.07,15,16:17:08,False,,False,True,723.23,44,1,45,669958088,train,True
668288041,723.09,15,16:17:09,False,,False,True,723.23,45,1,45,669958088,train,True
668288042,723.22,15,16:17:10,False,,False,True,723.23,46,1,45,669958088,train,True
668288043,723.23,15,16:17:11,False,,False,True,723.23,47,1,45,669958088,train,True
668288044,723.16,15,16:17:12,False,,False,True,723.22,48,1,45,669958088,train,True
668288045,723.19,15,16:17:13,False,,False,True,723.22,49,1,45,669958088,train,True
668288046,723.14,15,16:17:14,False,,False,True,723.22,50,1,45,669958088,train,True
668288047,723.1,15,16:17:15,False,,False,True,723.22,51,1,45,669958088,train,True
668288048,723.21,15,16:17:16,False,,False,True,723.22,52,1,45,669958088,train,True
668288049,723.1,15,16:17:17,False,,False,True,723.22,53,1,45,669958088,train,True
668288050,723.1,15,16:17:17,False,,False,True,723.22,54,1,45,669958088,train,True
668288051,723.15,15,16:17:18,False,,False,True,723.22,55,1,45,669958088,train,True
668288052,723.17,15,16:17:19,False,,False,True,723.22,56,1,45,669958088,train,True
668288053,723.17,15,16:17:20,False,,False,True,723.22,57,1,45,669958088,train,True
668288054,723.08,15,16:17:21,False,,False,True,723.22,58,1,45,669958088,train,True
668287995,723.17,15,16:16:24,False,,False,False,723.25,6,0,46,669959376,train,True
668287996,723.16,15,16:16:25,False,,False,False,723.25,5,0,46,669959376,train,True
668287997,723.19,15,16:16:26,False,,False,False,723.25,5,1,46,669959376,train,True
668287998,723.06,15,16:16:27,False,,False,False,723.25,5,1,46,669959376,train,True
668287999,723.07,15,16:16:28,False,,False,False,723.25,5,1,46,669959376,train,True
668288000,723.08,15,16:16:29,False,,False,False,723.25,6,1,46,669959376,train,True
668288001,723.17,15,16:16:30,False,,False,False,723.25,7,1,46,669959376,train,True
668288002,723.17,15,16:16:31,False,,False,False,723.25,8,1,46,669959376,train,True
668288003,723.17,15,16:16:32,False,,False,False,723.25,8,1,46,669959376,train,True
668288004,723.15,15,16:16:33,False,,False,False,723.25,9,1,46,669959376,train,True
668288005,723.22,15,16:16:34,False,,False,False,723.25,10,1,46,669959376,train,True
668288006,723.17,15,16:16:35,False,,False,False,723.25,11,1,46,669959376,train,True
668288007,723.15,15,16:16:36,False,,False,False,723.25,11,1,46,669959376,train,True
668288008,723.18,15,16:16:37,False,,False,False,723.25,12,1,46,669959376,train,True
668288009,723.14,15,16:16:38,False,,False,False,723.24,13,1,46,669959376,train,True
668288010,723.11,15,16:16:39,False,,False,False,723.24,14,1,46,669959376,train,True
668288011,723.2,15,16:16:40,False,,False,False,723.24,15,1,46,669959376,train,True
668288012,723.17,15,16:16:40,False,,False,False,723.24,16,1,46,669959376,train,True
668288013,723.16,15,16:16:41,False,,False,False,723.24,17,1,46,669959376,train,True
668288014,723.18,15,16:16:42,False,,False,False,723.24,18,1,46,669959376,train,True
668288015,723.23,15,16:16:43,False,,False,False,723.24,19,1,46,669959376,train,True
668288016,723.18,15,16:16:44,False,,False,False,723.24,20,1,46,669959376,train,True
668288017,723.21,15,16:16:45,False,,False,False,723.24,21,1,46,669959376,train,True
668288018,723.2,15,16:16:46,False,,False,False,723.24,22,1,46,669959376,train,True
668288019,723.18,15,16:16:47,False,,False,False,723.24,23,1,46,669959376,train,True
668288020,723.2,15,16:16:48,False,,False,False,723.24,24,1,46,669959376,train,True
668288021,723.19,15,16:16:49,False,,False,False,723.24,25,1,46,669959376,train,True
668288022,723.18,15,16:16:50,False,,False,False,723.24,26,1,46,669959376,train,True
668288023,723.23,15,16:16:51,False,,False,True,723.24,27,1,46,669959376,train,True
668288024,723.12,15,16:16:52,False,,False,True,723.24,28,1,46,669959376,train,True
668288025,723.21,15,16:16:53,False,,False,True,723.24,29,1,46,669959376,train,True
668288026,723.17,15,16:16:54,False,,False,True,723.24,30,1,46,669959376,train,True
668288027,723.13,15,16:16:55,False,,False,True,723.24,31,1,46,669959376,train,True
668288028,723.19,15,16:16:56,False,,False,True,723.24,32,1,46,669959376,train,True
668288029,723.17,15,16:16:57,False,,False,True,723.23,33,1,46,669959376,train,True
668288030,723.15,15,16:16:58,False,,False,True,723.23,34,1,46,669959376,train,True
668288031,723.22,15,16:16:59,False,,False,True,723.23,35,1,46,669959376,train,True
668288032,723.13,15,16:17:00,False,,False,True,723.23,36,1,46,669959376,train,True
668288033,723.15,15,16:17:01,False,,False,True,723.23,37,1,46,669959376,train,True
668288034,723.13,15,16:17:02,False,,False,True,723.23,38,1,46,669959376,train,True
668288035,723.13,15,16:17:03,False,,False,True,723.23,39,1,46,669959376,train,True
668288036,723.11,15,16:17:04,False,,False,True,723.23,40,1,46,669959376,train,True
668288037,723.2,15,16:17:05,False,,False,True,723.23,41,1,46,669959376,train,True
668288038,723.13,15,16:17:06,False,,False,True,723.23,42,1,46,669959376,train,True
668288039,723.11,15,16:17:07,False,,False,True,723.23,43,1,46,669959376,train,True
668288040,723.07,15,16:17:08,False,,False,True,723.23,44,1,46,669959376,train,True
668288041,723.09,15,16:17:09,False,,False,True,723.23,45,1,46,669959376,train,True
668288042,723.22,15,16:17:10,False,,False,True,723.23,46,1,46,669959376,train,True
668288043,723.23,15,16:17:11,False,,False,True,723.23,47,1,46,669959376,train,True
668288044,723.16,15,16:17:12,False,,False,True,723.22,48,1,46,669959376,train,True
668288045,723.19,15,16:17:13,False,,False,True,723.22,49,1,46,669959376,train,True
668288046,723.14,15,16:17:14,False,,False,True,723.22,50,1,46,669959376,train,True
668288047,723.1,15,16:17:15,False,,False,True,723.22,51,1,46,669959376,train,True
668288048,723.21,15,16:17:16,False,,False,True,723.22,52,1,46,669959376,train,True
668288049,723.1,15,16:17:17,False,,False,True,723.22,53,1,46,669959376,train,True
668288050,723.1,15,16:17:17,False,,False,True,723.22,54,1,46,669959376,train,True
668288051,723.15,15,16:17:18,False,,False,True,723.22,55,1,46,669959376,train,True
668288052,723.17,15,16:17:19,False,,False,True,723.22,56,1,46,669959376,train,True
668288053,723.17,15,16:17:20,False,,False,True,723.22,57,1,46,669959376,train,True
668288054,723.08,15,16:17:21,False,,False,True,723.22,58,1,46,669959376,train,True
668287995,723.17,15,16:16:24,False,,False,False,723.25,6,0,47,669959712,train,True
668287996,723.16,15,16:16:25,False,,False,False,723.25,5,0,47,669959712,train,True
668287997,723.19,15,16:16:26,False,,False,False,723.25,5,1,47,669959712,train,True
668287998,723.06,15,16:16:27,False,,False,False,723.25,5,1,47,669959712,train,True
668287999,723.07,15,16:16:28,False,,False,False,723.25,5,1,47,669959712,train,True
668288000,723.08,15,16:16:29,False,,False,False,723.25,6,1,47,669959712,train,True
668288001,723.17,15,16:16:30,False,,False,False,723.25,7,1,47,669959712,train,True
668288002,723.17,15,16:16:31,False,,False,False,723.25,8,1,47,669959712,train,True
668288003,723.17,15,16:16:32,False,,False,False,723.25,8,1,47,669959712,train,True
668288004,723.15,15,16:16:33,False,,False,False,723.25,9,1,47,669959712,train,True
668288005,723.22,15,16:16:34,False,,False,False,723.25,10,1,47,669959712,train,True
668288006,723.17,15,16:16:35,False,,False,False,723.25,11,1,47,669959712,train,True
668288007,723.15,15,16:16:36,False,,False,False,723.25,11,1,47,669959712,train,True
668288008,723.18,15,16:16:37,False,,False,False,723.25,12,1,47,669959712,train,True
668288009,723.14,15,16:16:38,False,,False,False,723.24,13,1,47,669959712,train,True
668288010,723.11,15,16:16:39,False,,False,False,723.24,14,1,47,669959712,train,True
668288011,723.2,15,16:16:40,False,,False,False,723.24,15,1,47,669959712,train,True
668288012,723.17,15,16:16:40,False,,False,False,723.24,16,1,47,669959712,train,True
668288013,723.16,15,16:16:41,False,,False,False,723.24,17,1,47,669959712,train,True
668288014,723.18,15,16:16:42,False,,False,False,723.24,18,1,47,669959712,train,True
668288015,723.23,15,16:16:43,False,,False,False,723.24,19,1,47,669959712,train,True
668288016,723.18,15,16:16:44,False,,False,False,723.24,20,1,47,669959712,train,True
668288017,723.21,15,16:16:45,False,,False,False,723.24,21,1,47,669959712,train,True
668288018,723.2,15,16:16:46,False,,False,False,723.24,22,1,47,669959712,train,True
668288019,723.18,15,16:16:47,False,,False,False,723.24,23,1,47,669959712,train,True
668288020,723.2,15,16:16:48,False,,False,False,723.24,24,1,47,669959712,train,True
668288021,723.19,15,16:16:49,False,,False,False,723.24,25,1,47,669959712,train,True
668288022,723.18,15,16:16:50,False,,False,False,723.24,26,1,47,669959712,train,True
668288023,723.23,15,16:16:51,False,,False,True,723.24,27,1,47,669959712,train,True
668288024,723.12,15,16:16:52,False,,False,True,723.24,28,1,47,669959712,train,True
668288025,723.21,15,16:16:53,False,,False,True,723.24,29,1,47,669959712,train,True
668288026,723.17,15,16:16:54,False,,False,True,723.24,30,1,47,669959712,train,True
668288027,723.13,15,16:16:55,False,,False,True,723.24,31,1,47,669959712,train,True
668288028,723.19,15,16:16:56,False,,False,True,723.24,32,1,47,669959712,train,True
668288029,723.17,15,16:16:57,False,,False,True,723.23,33,1,47,669959712,train,True
668288030,723.15,15,16:16:58,False,,False,True,723.23,34,1,47,669959712,train,True
668288031,723.22,15,16:16:59,False,,False,True,723.23,35,1,47,669959712,train,True
668288032,723.13,15,16:17:00,False,,False,True,723.23,36,1,47,669959712,train,True
668288033,723.15,15,16:17:01,False,,False,True,723.23,37,1,47,669959712,train,True
668288034,723.13,15,16:17:02,False,,False,True,723.23,38,1,47,669959712,train,True
668288035,723.13,15,16:17:03,False,,False,True,723.23,39,1,47,669959712,train,True
668288036,723.11,15,16:17:04,False,,False,True,723.23,40,1,47,669959712,train,True
668288037,723.2,15,16:17:05,False,,False,True,723.23,41,1,47,669959712,train,True
668288038,723.13,15,16:17:06,False,,False,True,723.23,42,1,47,669959712,train,True
668288039,723.11,15,16:17:07,False,,False,True,723.23,43,1,47,669959712,train,True
668288040,723.07,15,16:17:08,False,,False,True,723.23,44,1,47,669959712,train,True
668288041,723.09,15,16:17:09,False,,False,True,723.23,45,1,47,669959712,train,True
668288042,723.22,15,16:17:10,False,,False,True,723.23,46,1,47,669959712,train,True
668288043,723.23,15,16:17:11,False,,False,True,723.23,47,1,47,669959712,train,True
668288044,723.16,15,16:17:12,False,,False,True,723.22,48,1,47,669959712,train,True
668288045,723.19,15,16:17:13,False,,False,True,723.22,49,1,47,669959712,train,True
668288046,723.14,15,16:17:14,False,,False,True,723.22,50,1,47,669959712,train,True
668288047,723.1,15,16:17:15,False,,False,True,723.22,51,1,47,669959712,train,True
668288048,723.21,15,16:17:16,False,,False,True,723.22,52,1,47,669959712,train,True
668288049,723.1,15,16:17:17,False,,False,True,723.22,53,1,47,669959712,train,True
668288050,723.1,15,16:17:17,False,,False,True,723.22,54,1,47,669959712,train,True
668288051,723.15,15,16:17:18,False,,False,True,723.22,55,1,47,669959712,train,True
668288052,723.17,15,16:17:19,False,,False,True,723.22,56,1,47,669959712,train,True
668288053,723.17,15,16:17:20,False,,False,True,723.22,57,1,47,669959712,train,True
668288054,723.08,15,16:17:21,False,,False,True,723.22,58,1,47,669959712,train,True
668287995,723.17,15,16:16:24,False,,False,False,723.25,6,0,48,669960008,train,True
668287996,723.16,15,16:16:25,False,,False,False,723.25,5,0,48,669960008,train,True
668287997,723.19,15,16:16:26,False,,False,False,723.25,5,1,48,669960008,train,True
668287998,723.06,15,16:16:27,False,,False,False,723.25,5,1,48,669960008,train,True
668287999,723.07,15,16:16:28,False,,False,False,723.25,5,1,48,669960008,train,True
668288000,723.08,15,16:16:29,False,,False,False,723.25,6,1,48,669960008,train,True
668288001,723.17,15,16:16:30,False,,False,False,723.25,7,1,48,669960008,train,True
668288002,723.17,15,16:16:31,False,,False,False,723.25,8,1,48,669960008,train,True
668288003,723.17,15,16:16:32,False,,False,False,723.25,8,1,48,669960008,train,True
668288004,723.15,15,16:16:33,False,,False,False,723.25,9,1,48,669960008,train,True
668288005,723.22,15,16:16:34,False,,False,False,723.25,10,1,48,669960008,train,True
668288006,723.17,15,16:16:35,False,,False,False,723.25,11,1,48,669960008,train,True
668288007,723.15,15,16:16:36,False,,False,False,723.25,11,1,48,669960008,train,True
668288008,723.18,15,16:16:37,False,,False,False,723.25,12,1,48,669960008,train,True
668288009,723.14,15,16:16:38,False,,False,False,723.24,13,1,48,669960008,train,True
668288010,723.11,15,16:16:39,False,,False,False,723.24,14,1,48,669960008,train,True
668288011,723.2,15,16:16:40,False,,False,False,723.24,15,1,48,669960008,train,True
668288012,723.17,15,16:16:40,False,,False,False,723.24,16,1,48,669960008,train,True
668288013,723.16,15,16:16:41,False,,False,False,723.24,17,1,48,669960008,train,True
668288014,723.18,15,16:16:42,False,,False,False,723.24,18,1,48,669960008,train,True
668288015,723.23,15,16:16:43,False,,False,False,723.24,19,1,48,669960008,train,True
668288016,723.18,15,16:16:44,False,,False,False,723.24,20,1,48,669960008,train,True
668288017,723.21,15,16:16:45,False,,False,False,723.24,21,1,48,669960008,train,True
668288018,723.2,15,16:16:46,False,,False,False,723.24,22,1,48,669960008,train,True
668288019,723.18,15,16:16:47,False,,False,False,723.24,23,1,48,669960008,train,True
668288020,723.2,15,16:16:48,False,,False,False,723.24,24,1,48,669960008,train,True
668288021,723.19,15,16:16:49,False,,False,False,723.24,25,1,48,669960008,train,True
668288022,723.18,15,16:16:50,False,,False,False,723.24,26,1,48,669960008,train,True
668288023,723.23,15,16:16:51,False,,False,True,723.24,27,1,48,669960008,train,True
668288024,723.12,15,16:16:52,False,,False,True,723.24,28,1,48,669960008,train,True
668288025,723.21,15,16:16:53,False,,False,True,723.24,29,1,48,669960008,train,True
668288026,723.17,15,16:16:54,False,,False,True,723.24,30,1,48,669960008,train,True
668288027,723.13,15,16:16:55,False,,False,True,723.24,31,1,48,669960008,train,True
668288028,723.19,15,16:16:56,False,,False,True,723.24,32,1,48,669960008,train,True
668288029,723.17,15,16:16:57,False,,False,True,723.23,33,1,48,669960008,train,True
668288030,723.15,15,16:16:58,False,,False,True,723.23,34,1,48,669960008,train,True
668288031,723.22,15,16:16:59,False,,False,True,723.23,35,1,48,669960008,train,True
668288032,723.13,15,16:17:00,False,,False,True,723.23,36,1,48,669960008,train,True
668288033,723.15,15,16:17:01,False,,False,True,723.23,37,1,48,669960008,train,True
668288034,723.13,15,16:17:02,False,,False,True,723.23,38,1,48,669960008,train,True
668288035,723.13,15,16:17:03,False,,False,True,723.23,39,1,48,669960008,train,True
668288036,723.11,15,16:17:04,False,,False,True,723.23,40,1,48,669960008,train,True
668288037,723.2,15,16:17:05,False,,False,True,723.23,41,1,48,669960008,train,True
668288038,723.13,15,16:17:06,False,,False,True,723.23,42,1,48,669960008,train,True
668288039,723.11,15,16:17:07,False,,False,True,723.23,43,1,48,669960008,train,True
668288040,723.07,15,16:17:08,False,,False,True,723.23,44,1,48,669960008,train,True
668288041,723.09,15,16:17:09,False,,False,True,723.23,45,1,48,669960008,train,True
668288042,723.22,15,16:17:10,False,,False,True,723.23,46,1,48,669960008,train,True
668288043,723.23,15,16:17:11,False,,False,True,723.23,47,1,48,669960008,train,True
668288044,723.16,15,16:17:12,False,,False,True,723.22,48,1,48,669960008,train,True
668288045,723.19,15,16:17:13,False,,False,True,723.22,49,1,48,669960008,train,True
668288046,723.14,15,16:17:14,False,,False,True,723.22,50,1,48,669960008,train,True
668288047,723.1,15,16:17:15,False,,False,True,723.22,51,1,48,669960008,train,True
668288048,723.21,15,16:17:16,False,,False,True,723.22,52,1,48,669960008,train,True
668288049,723.1,15,16:17:17,False,,False,True,723.22,53,1,48,669960008,train,True
668288050,723.1,15,16:17:17,False,,False,True,723.22,54,1,48,669960008,train,True
668288051,723.15,15,16:17:18,False,,False,True,723.22,55,1,48,669960008,train,True
668288052,723.17,15,16:17:19,False,,False,True,723.22,56,1,48,669960008,train,True
668288053,723.17,15,16:17:20,False,,False,True,723.22,57,1,48,669960008,train,True
668288054,723.08,15,16:17:21,False,,False,True,723.22,58,1,48,669960008,train,True
668287995,723.17,15,16:16:24,False,,False,False,723.25,6,0,49,669960347,train,True
668287996,723.16,15,16:16:25,False,,False,False,723.25,5,0,49,669960347,train,True
668287997,723.19,15,16:16:26,False,,False,False,723.25,5,1,49,669960347,train,True
668287998,723.06,15,16:16:27,False,,False,False,723.25,5,1,49,669960347,train,True
668287999,723.07,15,16:16:28,False,,False,False,723.25,5,1,49,669960347,train,True
668288000,723.08,15,16:16:29,False,,False,False,723.25,6,1,49,669960347,train,True
668288001,723.17,15,16:16:30,False,,False,False,723.25,7,1,49,669960347,train,True
668288002,723.17,15,16:16:31,False,,False,False,723.25,8,1,49,669960347,train,True
668288003,723.17,15,16:16:32,False,,False,False,723.25,8,1,49,669960347,train,True
668288004,723.15,15,16:16:33,False,,False,False,723.25,9,1,49,669960347,train,True
668288005,723.22,15,16:16:34,False,,False,False,723.25,10,1,49,669960347,train,True
668288006,723.17,15,16:16:35,False,,False,False,723.25,11,1,49,669960347,train,True
668288007,723.15,15,16:16:36,False,,False,False,723.25,11,1,49,669960347,train,True
668288008,723.18,15,16:16:37,False,,False,False,723.25,12,1,49,669960347,train,True
668288009,723.14,15,16:16:38,False,,False,False,723.24,13,1,49,669960347,train,True
668288010,723.11,15,16:16:39,False,,False,False,723.24,14,1,49,669960347,train,True
668288011,723.2,15,16:16:40,False,,False,False,723.24,15,1,49,669960347,train,True
668288012,723.17,15,16:16:40,False,,False,False,723.24,16,1,49,669960347,train,True
668288013,723.16,15,16:16:41,False,,False,False,723.24,17,1,49,669960347,train,True
668288014,723.18,15,16:16:42,False,,False,False,723.24,18,1,49,669960347,train,True
668288015,723.23,15,16:16:43,False,,False,False,723.24,19,1,49,669960347,train,True
668288016,723.18,15,16:16:44,False,,False,False,723.24,20,1,49,669960347,train,True
668288017,723.21,15,16:16:45,False,,False,False,723.24,21,1,49,669960347,train,True
668288018,723.2,15,16:16:46,False,,False,False,723.24,22,1,49,669960347,train,True
668288019,723.18,15,16:16:47,False,,False,False,723.24,23,1,49,669960347,train,True
668288020,723.2,15,16:16:48,False,,False,False,723.24,24,1,49,669960347,train,True
668288021,723.19,15,16:16:49,False,,False,False,723.24,25,1,49,669960347,train,True
668288022,723.18,15,16:16:50,False,,False,False,723.24,26,1,49,669960347,train,True
668288023,723.23,15,16:16:51,False,,False,True,723.24,27,1,49,669960347,train,True
668288024,723.12,15,16:16:52,False,,False,True,723.24,28,1,49,669960347,train,True
668288025,723.21,15,16:16:53,False,,False,True,723.24,29,1,49,669960347,train,True
668288026,723.17,15,16:16:54,False,,False,True,723.24,30,1,49,669960347,train,True
668288027,723.13,15,16:16:55,False,,False,True,723.24,31,1,49,669960347,train,True
668288028,723.19,15,16:16:56,False,,False,True,723.24,32,1,49,669960347,train,True
668288029,723.17,15,16:16:57,False,,False,True,723.23,33,1,49,669960347,train,True
668288030,723.15,15,16:16:58,False,,False,True,723.23,34,1,49,669960347,train,True
668288031,723.22,15,16:16:59,False,,False,True,723.23,35,1,49,669960347,train,True
668288032,723.13,15,16:17:00,False,,False,True,723.23,36,1,49,669960347,train,True
668288033,723.15,15,16:17:01,False,,False,True,723.23,37,1,49,669960347,train,True
668288034,723.13,15,16:17:02,False,,False,True,723.23,38,1,49,669960347,train,True
668288035,723.13,15,16:17:03,False,,False,True,723.23,39,1,49,669960347,train,True
668288036,723.11,15,16:17:04,False,,False,True,723.23,40,1,49,669960347,train,True
668288037,723.2,15,16:17:05,False,,False,True,723.23,41,1,49,669960347,train,True
668288038,723.13,15,16:17:06,False,,False,True,723.23,42,1,49,669960347,train,True
668288039,723.11,15,16:17:07,False,,False,True,723.23,43,1,49,669960347,train,True
668288040,723.07,15,16:17:08,False,,False,True,723.23,44,1,49,669960347,train,True
668288041,723.09,15,16:17:09,False,,False,True,723.23,45,1,49,669960347,train,True
668288042,723.22,15,16:17:10,False,,False,True,723.23,46,1,49,669960347,train,True
668288043,723.23,15,16:17:11,False,,False,True,723.23,47,1,49,669960347,train,True
668288044,723.16,15,16:17:12,False,,False,True,723.22,48,1,49,669960347,train,True
668288045,723.19,15,16:17:13,False,,False,True,723.22,49,1,49,669960347,train,True
668288046,723.14,15,16:17:14,False,,False,True,723.22,50,1,49,669960347,train,True
668288047,723.1,15,16:17:15,False,,False,True,723.22,51,1,49,669960347,train,True
668288048,723.21,15,16:17:16,False,,False,True,723.22,52,1,49,669960347,train,True
668288049,723.1,15,16:17:17,False,,False,True,723.22,53,1,49,669960347,train,True
668288050,723.1,15,16:17:17,False,,False,True,723.22,54,1,49,669960347,train,True
668288051,723.15,15,16:17:18,False,,False,True,723.22,55,1,49,669960347,train,True
668288052,723.17,15,16:17:19,False,,False,True,723.22,56,1,49,669960347,train,True
668288053,723.17,15,16:17:20,False,,False,True,723.22,57,1,49,669960347,train,True
668288054,723.08,15,16:17:21,False,,False,True,723.22,58,1,49,669960347,train,True
668287995,723.17,15,16:16:24,False,,False,False,723.25,6,0,50,669962940,train,True
668287996,723.16,15,16:16:25,False,,False,False,723.25,5,0,50,669962940,train,True
668287997,723.19,15,16:16:26,False,,False,False,723.25,5,1,50,669962940,train,True
668287998,723.06,15,16:16:27,False,,False,False,723.25,5,1,50,669962940,train,True
668287999,723.07,15,16:16:28,False,,False,False,723.25,5,1,50,669962940,train,True
668288000,723.08,15,16:16:29,False,,False,False,723.25,6,1,50,669962940,train,True
668288001,723.17,15,16:16:30,False,,False,False,723.25,7,1,50,669962940,train,True
668288002,723.17,15,16:16:31,False,,False,False,723.25,8,1,50,669962940,train,True
668288003,723.17,15,16:16:32,False,,False,False,723.25,8,1,50,669962940,train,True
668288004,723.15,15,16:16:33,False,,False,False,723.25,9,1,50,669962940,train,True
668288005,723.22,15,16:16:34,False,,False,False,723.25,10,1,50,669962940,train,True
668288006,723.17,15,16:16:35,False,,False,False,723.25,11,1,50,669962940,train,True
668288007,723.15,15,16:16:36,False,,False,False,723.25,11,1,50,669962940,train,True
668288008,723.18,15,16:16:37,False,,False,False,723.25,12,1,50,669962940,train,True
668288009,723.14,15,16:16:38,False,,False,False,723.24,13,1,50,669962940,train,True
668288010,723.11,15,16:16:39,False,,False,False,723.24,14,1,50,669962940,train,True
668288011,723.2,15,16:16:40,False,,False,False,723.24,15,1,50,669962940,train,True
668288012,723.17,15,16:16:40,False,,False,False,723.24,16,1,50,669962940,train,True
668288013,723.16,15,16:16:41,False,,False,False,723.24,17,1,50,669962940,train,True
668288014,723.18,15,16:16:42,False,,False,False,723.24,18,1,50,669962940,train,True
668288015,723.23,15,16:16:43,False,,False,False,723.24,19,1,50,669962940,train,True
668288016,723.18,15,16:16:44,False,,False,False,723.24,20,1,50,669962940,train,True
668288017,723.21,15,16:16:45,False,,False,False,723.24,21,1,50,669962940,train,True
668288018,723.2,15,16:16:46,False,,False,False,723.24,22,1,50,669962940,train,True
668288019,723.18,15,16:16:47,False,,False,False,723.24,23,1,50,669962940,train,True
668288020,723.2,15,16:16:48,False,,False,False,723.24,24,1,50,669962940,train,True
668288021,723.19,15,16:16:49,False,,False,False,723.24,25,1,50,669962940,train,True
668288022,723.18,15,16:16:50,False,,False,False,723.24,26,1,50,669962940,train,True
668288023,723.23,15,16:16:51,False,,False,True,723.24,27,1,50,669962940,train,True
668288024,723.12,15,16:16:52,False,,False,True,723.24,28,1,50,669962940,train,True
668288025,723.21,15,16:16:53,False,,False,True,723.24,29,1,50,669962940,train,True
668288026,723.17,15,16:16:54,False,,False,True,723.24,30,1,50,669962940,train,True
668288027,723.13,15,16:16:55,False,,False,True,723.24,31,1,50,669962940,train,True
668288028,723.19,15,16:16:56,False,,False,True,723.24,32,1,50,669962940,train,True
668288029,723.17,15,16:16:57,False,,False,True,723.23,33,1,50,669962940,train,True
668288030,723.15,15,16:16:58,False,,False,True,723.23,34,1,50,669962940,train,True
668288031,723.22,15,16:16:59,False,,False,True,723.23,35,1,50,669962940,train,True
668288032,723.13,15,16:17:00,False,,False,True,723.23,36,1,50,669962940,train,True
668288033,723.15,15,16:17:01,False,,False,True,723.23,37,1,50,669962940,train,True
668288034,723.13,15,16:17:02,False,,False,True,723.23,38,1,50,669962940,train,True
668288035,723.13,15,16:17:03,False,,False,True,723.23,39,1,50,669962940,train,True
668288036,723.11,15,16:17:04,False,,False,True,723.23,40,1,50,669962940,train,True
668288037,723.2,15,16:17:05,False,,False,True,723.23,41,1,50,669962940,train,True
668288038,723.13,15,16:17:06,False,,False,True,723.23,42,1,50,669962940,train,True
668288039,723.11,15,16:17:07,False,,False,True,723.23,43,1,50,669962940,train,True
668288040,723.07,15,16:17:08,False,,False,True,723.23,44,1,50,669962940,train,True
668288041,723.09,15,16:17:09,False,,False,True,723.23,45,1,50,669962940,train,True
668288042,723.22,15,16:17:10,False,,False,True,723.23,46,1,50,669962940,train,True
668288043,723.23,15,16:17:11,False,,False,True,723.23,47,1,50,669962940,train,True
668288044,723.16,15,16:17:12,False,,False,True,723.22,48,1,50,669962940,train,True
668288045,723.19,15,16:17:13,False,,False,True,723.22,49,1,50,669962940,train,True
668288046,723.14,15,16:17:14,False,,False,True,723.22,50,1,50,669962940,train,True
668288047,723.1,15,16:17:15,False,,False,True,723.22,51,1,50,669962940,train,True
668288048,723.21,15,16:17:16,False,,False,True,723.22,52,1,50,669962940,train,True
668288049,723.1,15,16:17:17,False,,False,True,723.22,53,1,50,669962940,train,True
668288050,723.1,15,16:17:17,False,,False,True,723.22,54,1,50,669962940,train,True
668288051,723.15,15,16:17:18,False,,False,True,723.22,55,1,50,669962940,train,True
668288052,723.17,15,16:17:19,False,,False,True,723.22,56,1,50,669962940,train,True
668288053,723.17,15,16:17:20,False,,False,True,723.22,57,1,50,669962940,train,True
668288054,723.08,15,16:17:21,False,,False,True,723.22,58,1,50,669962940,train,True
668287995,723.17,15,16:16:24,False,,False,False,723.25,6,0,51,669964312,train,True
668287996,723.16,15,16:16:25,False,,False,False,723.25,5,0,51,669964312,train,True
668287997,723.19,15,16:16:26,False,,False,False,723.25,5,1,51,669964312,train,True
668287998,723.06,15,16:16:27,False,,False,False,723.25,5,1,51,669964312,train,True
668287999,723.07,15,16:16:28,False,,False,False,723.25,5,1,51,669964312,train,True
668288000,723.08,15,16:16:29,False,,False,False,723.25,6,1,51,669964312,train,True
668288001,723.17,15,16:16:30,False,,False,False,723.25,7,1,51,669964312,train,True
668288002,723.17,15,16:16:31,False,,False,False,723.25,8,1,51,669964312,train,True
668288003,723.17,15,16:16:32,False,,False,False,723.25,8,1,51,669964312,train,True
668288004,723.15,15,16:16:33,False,,False,False,723.25,9,1,51,669964312,train,True
668288005,723.22,15,16:16:34,False,,False,False,723.25,10,1,51,669964312,train,True
668288006,723.17,15,16:16:35,False,,False,False,723.25,11,1,51,669964312,train,True
668288007,723.15,15,16:16:36,False,,False,False,723.25,11,1,51,669964312,train,True
668288008,723.18,15,16:16:37,False,,False,False,723.25,12,1,51,669964312,train,True
668288009,723.14,15,16:16:38,False,,False,False,723.24,13,1,51,669964312,train,True
668288010,723.11,15,16:16:39,False,,False,False,723.24,14,1,51,669964312,train,True
668288011,723.2,15,16:16:40,False,,False,False,723.24,15,1,51,669964312,train,True
668288012,723.17,15,16:16:40,False,,False,False,723.24,16,1,51,669964312,train,True
668288013,723.16,15,16:16:41,False,,False,False,723.24,17,1,51,669964312,train,True
668288014,723.18,15,16:16:42,False,,False,False,723.24,18,1,51,669964312,train,True
668288015,723.23,15,16:16:43,False,,False,False,723.24,19,1,51,669964312,train,True
668288016,723.18,15,16:16:44,False,,False,False,723.24,20,1,51,669964312,train,True
668288017,723.21,15,16:16:45,False,,False,False,723.24,21,1,51,669964312,train,True
668288018,723.2,15,16:16:46,False,,False,False,723.24,22,1,51,669964312,train,True
668288019,723.18,15,16:16:47,False,,False,False,723.24,23,1,51,669964312,train,True
668288020,723.2,15,16:16:48,False,,False,False,723.24,24,1,51,669964312,train,True
668288021,723.19,15,16:16:49,False,,False,False,723.24,25,1,51,669964312,train,True
668288022,723.18,15,16:16:50,False,,False,False,723.24,26,1,51,669964312,train,True
668288023,723.23,15,16:16:51,False,,False,True,723.24,27,1,51,669964312,train,True
668288024,723.12,15,16:16:52,False,,False,True,723.24,28,1,51,669964312,train,True
668288025,723.21,15,16:16:53,False,,False,True,723.24,29,1,51,669964312,train,True
668288026,723.17,15,16:16:54,False,,False,True,723.24,30,1,51,669964312,train,True
668288027,723.13,15,16:16:55,False,,False,True,723.24,31,1,51,669964312,train,True
668288028,723.19,15,16:16:56,False,,False,True,723.24,32,1,51,669964312,train,True
668288029,723.17,15,16:16:57,False,,False,True,723.23,33,1,51,669964312,train,True
668288030,723.15,15,16:16:58,False,,False,True,723.23,34,1,51,669964312,train,True
668288031,723.22,15,16:16:59,False,,False,True,723.23,35,1,51,669964312,train,True
668288032,723.13,15,16:17:00,False,,False,True,723.23,36,1,51,669964312,train,True
668288033,723.15,15,16:17:01,False,,False,True,723.23,37,1,51,669964312,train,True
668288034,723.13,15,16:17:02,False,,False,True,723.23,38,1,51,669964312,train,True
668288035,723.13,15,16:17:03,False,,False,True,723.23,39,1,51,669964312,train,True
668288036,723.11,15,16:17:04,False,,False,True,723.23,40,1,51,669964312,train,True
668288037,723.2,15,16:17:05,False,,False,True,723.23,41,1,51,669964312,train,True
668288038,723.13,15,16:17:06,False,,False,True,723.23,42,1,51,669964312,train,True
668288039,723.11,15,16:17:07,False,,False,True,723.23,43,1,51,669964312,train,True
668288040,723.07,15,16:17:08,False,,False,True,723.23,44,1,51,669964312,train,True
668288041,723.09,15,16:17:09,False,,False,True,723.23,45,1,51,669964312,train,True
668288042,723.22,15,16:17:10,False,,False,True,723.23,46,1,51,669964312,train,True
668288043,723.23,15,16:17:11,False,,False,True,723.23,47,1,51,669964312,train,True
668288044,723.16,15,16:17:12,False,,False,True,723.22,48,1,51,669964312,train,True
668288045,723.19,15,16:17:13,False,,False,True,723.22,49,1,51,669964312,train,True
668288046,723.14,15,16:17:14,False,,False,True,723.22,50,1,51,669964312,train,True
668288047,723.1,15,16:17:15,False,,False,True,723.22,51,1,51,669964312,train,True
668288048,723.21,15,16:17:16,False,,False,True,723.22,52,1,51,669964312,train,True
668288049,723.1,15,16:17:17,False,,False,True,723.22,53,1,51,669964312,train,True
668288050,723.1,15,16:17:17,False,,False,True,723.22,54,1,51,669964312,train,True
668288051,723.15,15,16:17:18,False,,False,True,723.22,55,1,51,669964312,train,True
668288052,723.17,15,16:17:19,False,,False,True,723.22,56,1,51,669964312,train,True
668288053,723.17,15,16:17:20,False,,False,True,723.22,57,1,51,669964312,train,True
668288054,723.08,15,16:17:21,False,,False,True,723.22,58,1,51,669964312,train,True
668287995,723.17,15,16:16:24,False,,False,False,723.25,6,0,52,669965150,train,True
668287996,723.16,15,16:16:25,False,,False,False,723.25,5,0,52,669965150,train,True
668287997,723.19,15,16:16:26,False,,False,False,723.25,5,1,52,669965150,train,True
668287998,723.06,15,16:16:27,False,,False,False,723.25,5,1,52,669965150,train,True
668287999,723.07,15,16:16:28,False,,False,False,723.25,5,1,52,669965150,train,True
668288000,723.08,15,16:16:29,False,,False,False,723.25,6,1,52,669965150,train,True
668288001,723.17,15,16:16:30,False,,False,False,723.25,7,1,52,669965150,train,True
668288002,723.17,15,16:16:31,False,,False,False,723.25,8,1,52,669965150,train,True
668288003,723.17,15,16:16:32,False,,False,False,723.25,8,1,52,669965150,train,True
668288004,723.15,15,16:16:33,False,,False,False,723.25,9,1,52,669965150,train,True
668288005,723.22,15,16:16:34,False,,False,False,723.25,10,1,52,669965150,train,True
668288006,723.17,15,16:16:35,False,,False,False,723.25,11,1,52,669965150,train,True
668288007,723.15,15,16:16:36,False,,False,False,723.25,11,1,52,669965150,train,True
668288008,723.18,15,16:16:37,False,,False,False,723.25,12,1,52,669965150,train,True
668288009,723.14,15,16:16:38,False,,False,False,723.24,13,1,52,669965150,train,True
668288010,723.11,15,16:16:39,False,,False,False,723.24,14,1,52,669965150,train,True
668288011,723.2,15,16:16:40,False,,False,False,723.24,15,1,52,669965150,train,True
668288012,723.17,15,16:16:40,False,,False,False,723.24,16,1,52,669965150,train,True
668288013,723.16,15,16:16:41,False,,False,False,723.24,17,1,52,669965150,train,True
668288014,723.18,15,16:16:42,False,,False,False,723.24,18,1,52,669965150,train,True
668288015,723.23,15,16:16:43,False,,False,False,723.24,19,1,52,669965150,train,True
668288016,723.18,15,16:16:44,False,,False,False,723.24,20,1,52,669965150,train,True
668288017,723.21,15,16:16:45,False,,False,False,723.24,21,1,52,669965150,train,True
668288018,723.2,15,16:16:46,False,,False,False,723.24,22,1,52,669965150,train,True
668288019,723.18,15,16:16:47,False,,False,False,723.24,23,1,52,669965150,train,True
668288020,723.2,15,16:16:48,False,,False,False,723.24,24,1,52,669965150,train,True
668288021,723.19,15,16:16:49,False,,False,False,723.24,25,1,52,669965150,train,True
668288022,723.18,15,16:16:50,False,,False,False,723.24,26,1,52,669965150,train,True
668288023,723.23,15,16:16:51,False,,False,True,723.24,27,1,52,669965150,train,True
668288024,723.12,15,16:16:52,False,,False,True,723.24,28,1,52,669965150,train,True
668288025,723.21,15,16:16:53,False,,False,True,723.24,29,1,52,669965150,train,True
668288026,723.17,15,16:16:54,False,,False,True,723.24,30,1,52,669965150,train,True
668288027,723.13,15,16:16:55,False,,False,True,723.24,31,1,52,669965150,train,True
668288028,723.19,15,16:16:56,False,,False,True,723.24,32,1,52,669965150,train,True
668288029,723.17,15,16:16:57,False,,False,True,723.23,33,1,52,669965150,train,True
668288030,723.15,15,16:16:58,False,,False,True,723.23,34,1,52,669965150,train,True
668288031,723.22,15,16:16:59,False,,False,True,723.23,35,1,52,669965150,train,True
668288032,723.13,15,16:17:00,False,,False,True,723.23,36,1,52,669965150,train,True
668288033,723.15,15,16:17:01,False,,False,True,723.23,37,1,52,669965150,train,True
668288034,723.13,15,16:17:02,False,,False,True,723.23,38,1,52,669965150,train,True
668288035,723.13,15,16:17:03,False,,False,True,723.23,39,1,52,669965150,train,True
668288036,723.11,15,16:17:04,False,,False,True,723.23,40,1,52,669965150,train,True
668288037,723.2,15,16:17:05,False,,False,True,723.23,41,1,52,669965150,train,True
668288038,723.13,15,16:17:06,False,,False,True,723.23,42,1,52,669965150,train,True
668288039,723.11,15,16:17:07,False,,False,True,723.23,43,1,52,669965150,train,True
668288040,723.07,15,16:17:08,False,,False,True,723.23,44,1,52,669965150,train,True
668288041,723.09,15,16:17:09,False,,False,True,723.23,45,1,52,669965150,train,True
668288042,723.22,15,16:17:10,False,,False,True,723.23,46,1,52,669965150,train,True
668288043,723.23,15,16:17:11,False,,False,True,723.23,47,1,52,669965150,train,True
668288044,723.16,15,16:17:12,False,,False,True,723.22,48,1,52,669965150,train,True
668288045,723.19,15,16:17:13,False,,False,True,723.22,49,1,52,669965150,train,True
668288046,723.14,15,16:17:14,False,,False,True,723.22,50,1,52,669965150,train,True
668288047,723.1,15,16:17:15,False,,False,True,723.22,51,1,52,669965150,train,True
668288048,723.21,15,16:17:16,False,,False,True,723.22,52,1,52,669965150,train,True
668288049,723.1,15,16:17:17,False,,False,True,723.22,53,1,52,669965150,train,True
668288050,723.1,15,16:17:17,False,,False,True,723.22,54,1,52,669965150,train,True
668288051,723.15,15,16:17:18,False,,False,True,723.22,55,1,52,669965150,train,True
668288052,723.17,15,16:17:19,False,,False,True,723.22,56,1,52,669965150,train,True
668288053,723.17,15,16:17:20,False,,False,True,723.22,57,1,52,669965150,train,True
668288054,723.08,15,16:17:21,False,,False,True,723.22,58,1,52,669965150,train,True
668287995,723.17,15,16:16:24,False,,False,False,723.25,6,0,53,669971696,train,True
668287996,723.16,15,16:16:25,False,,False,False,723.25,5,0,53,669971696,train,True
668287997,723.19,15,16:16:26,False,,False,False,723.25,5,1,53,669971696,train,True
668287998,723.06,15,16:16:27,False,,False,False,723.25,5,1,53,669971696,train,True
668287999,723.07,15,16:16:28,False,,False,False,723.25,5,1,53,669971696,train,True
668288000,723.08,15,16:16:29,False,,False,False,723.25,6,1,53,669971696,train,True
668288001,723.17,15,16:16:30,False,,False,False,723.25,7,1,53,669971696,train,True
668288002,723.17,15,16:16:31,False,,False,False,723.25,8,1,53,669971696,train,True
668288003,723.17,15,16:16:32,False,,False,False,723.25,8,1,53,669971696,train,True
668288004,723.15,15,16:16:33,False,,False,False,723.25,9,1,53,669971696,train,True
668288005,723.22,15,16:16:34,False,,False,False,723.25,10,1,53,669971696,train,True
668288006,723.17,15,16:16:35,False,,False,False,723.25,11,1,53,669971696,train,True
668288007,723.15,15,16:16:36,False,,False,False,723.25,11,1,53,669971696,train,True
668288008,723.18,15,16:16:37,False,,False,False,723.25,12,1,53,669971696,train,True
668288009,723.14,15,16:16:38,False,,False,False,723.24,13,1,53,669971696,train,True
668288010,723.11,15,16:16:39,False,,False,False,723.24,14,1,53,669971696,train,True
668288011,723.2,15,16:16:40,False,,False,False,723.24,15,1,53,669971696,train,True
668288012,723.17,15,16:16:40,False,,False,False,723.24,16,1,53,669971696,train,True
668288013,723.16,15,16:16:41,False,,False,False,723.24,17,1,53,669971696,train,True
668288014,723.18,15,16:16:42,False,,False,False,723.24,18,1,53,669971696,train,True
668288015,723.23,15,16:16:43,False,,False,False,723.24,19,1,53,669971696,train,True
668288016,723.18,15,16:16:44,False,,False,False,723.24,20,1,53,669971696,train,True
668288017,723.21,15,16:16:45,False,,False,False,723.24,21,1,53,669971696,train,True
668288018,723.2,15,16:16:46,False,,False,False,723.24,22,1,53,669971696,train,True
668288019,723.18,15,16:16:47,False,,False,False,723.24,23,1,53,669971696,train,True
668288020,723.2,15,16:16:48,False,,False,False,723.24,24,1,53,669971696,train,True
668288021,723.19,15,16:16:49,False,,False,False,723.24,25,1,53,669971696,train,True
668288022,723.18,15,16:16:50,False,,False,False,723.24,26,1,53,669971696,train,True
668288023,723.23,15,16:16:51,False,,False,True,723.24,27,1,53,669971696,train,True
668288024,723.12,15,16:16:52,False,,False,True,723.24,28,1,53,669971696,train,True
668288025,723.21,15,16:16:53,False,,False,True,723.24,29,1,53,669971696,train,True
668288026,723.17,15,16:16:54,False,,False,True,723.24,30,1,53,669971696,train,True
668288027,723.13,15,16:16:55,False,,False,True,723.24,31,1,53,669971696,train,True
668288028,723.19,15,16:16:56,False,,False,True,723.24,32,1,53,669971696,train,True
668288029,723.17,15,16:16:57,False,,False,True,723.23,33,1,53,669971696,train,True
668288030,723.15,15,16:16:58,False,,False,True,723.23,34,1,53,669971696,train,True
668288031,723.22,15,16:16:59,False,,False,True,723.23,35,1,53,669971696,train,True
668288032,723.13,15,16:17:00,False,,False,True,723.23,36,1,53,669971696,train,True
668288033,723.15,15,16:17:01,False,,False,True,723.23,37,1,53,669971696,train,True
668288034,723.13,15,16:17:02,False,,False,True,723.23,38,1,53,669971696,train,True
668288035,723.13,15,16:17:03,False,,False,True,723.23,39,1,53,669971696,train,True
668288036,723.11,15,16:17:04,False,,False,True,723.23,40,1,53,669971696,train,True
668288037,723.2,15,16:17:05,False,,False,True,723.23,41,1,53,669971696,train,True
668288038,723.13,15,16:17:06,False,,False,True,723.23,42,1,53,669971696,train,True
668288039,723.11,15,16:17:07,False,,False,True,723.23,43,1,53,669971696,train,True
668288040,723.07,15,16:17:08,False,,False,True,723.23,44,1,53,669971696,train,True
668288041,723.09,15,16:17:09,False,,False,True,723.23,45,1,53,669971696,train,True
668288042,723.22,15,16:17:10,False,,False,True,723.23,46,1,53,669971696,train,True
668288043,723.23,15,16:17:11,False,,False,True,723.23,47,1,53,669971696,train,True
668288044,723.16,15,16:17:12,False,,False,True,723.22,48,1,53,669971696,train,True
668288045,723.19,15,16:17:13,False,,False,True,723.22,49,1,53,669971696,train,True
668288046,723.14,15,16:17:14,False,,False,True,723.22,50,1,53,669971696,train,True
668288047,723.1,15,16:17:15,False,,False,True,723.22,51,1,53,669971696,train,True
668288048,723.21,15,16:17:16,False,,False,True,723.22,52,1,53,669971696,train,True
668288049,723.1,15,16:17:17,False,,False,True,723.22,53,1,53,669971696,train,True
668288050,723.1,15,16:17:17,False,,False,True,723.22,54,1,53,669971696,train,True
668288051,723.15,15,16:17:18,False,,False,True,723.22,55,1,53,669971696,train,True
668288052,723.17,15,16:17:19,False,,False,True,723.22,56,1,53,669971696,train,True
668288053,723.17,15,16:17:20,False,,False,True,723.22,57,1,53,669971696,train,True
668288054,723.08,15,16:17:21,False,,False,True,723.22,58,1,53,669971696,train,True
668287995,723.17,15,16:16:24,False,,False,False,723.25,6,0,54,670046942,train,True
668287996,723.16,15,16:16:25,False,,False,False,723.25,5,0,54,670046942,train,True
668287997,723.19,15,16:16:26,False,,False,False,723.25,5,1,54,670046942,train,True
668287998,723.06,15,16:16:27,False,,False,False,723.25,5,1,54,670046942,train,True
668287999,723.07,15,16:16:28,False,,False,False,723.25,5,1,54,670046942,train,True
668288000,723.08,15,16:16:29,False,,False,False,723.25,6,1,54,670046942,train,True
668288001,723.17,15,16:16:30,False,,False,False,723.25,7,1,54,670046942,train,True
668288002,723.17,15,16:16:31,False,,False,False,723.25,8,1,54,670046942,train,True
668288003,723.17,15,16:16:32,False,,False,False,723.25,8,1,54,670046942,train,True
668288004,723.15,15,16:16:33,False,,False,False,723.25,9,1,54,670046942,train,True
668288005,723.22,15,16:16:34,False,,False,False,723.25,10,1,54,670046942,train,True
668288006,723.17,15,16:16:35,False,,False,False,723.25,11,1,54,670046942,train,True
668288007,723.15,15,16:16:36,False,,False,False,723.25,11,1,54,670046942,train,True
668288008,723.18,15,16:16:37,False,,False,False,723.25,12,1,54,670046942,train,True
668288009,723.14,15,16:16:38,False,,False,False,723.24,13,1,54,670046942,train,True
668288010,723.11,15,16:16:39,False,,False,False,723.24,14,1,54,670046942,train,True
668288011,723.2,15,16:16:40,False,,False,False,723.24,15,1,54,670046942,train,True
668288012,723.17,15,16:16:40,False,,False,False,723.24,16,1,54,670046942,train,True
668288013,723.16,15,16:16:41,False,,False,False,723.24,17,1,54,670046942,train,True
668288014,723.18,15,16:16:42,False,,False,False,723.24,18,1,54,670046942,train,True
668288015,723.23,15,16:16:43,False,,False,False,723.24,19,1,54,670046942,train,True
668288016,723.18,15,16:16:44,False,,False,False,723.24,20,1,54,670046942,train,True
668288017,723.21,15,16:16:45,False,,False,False,723.24,21,1,54,670046942,train,True
668288018,723.2,15,16:16:46,False,,False,False,723.24,22,1,54,670046942,train,True
668288019,723.18,15,16:16:47,False,,False,False,723.24,23,1,54,670046942,train,True
668288020,723.2,15,16:16:48,False,,False,False,723.24,24,1,54,670046942,train,True
668288021,723.19,15,16:16:49,False,,False,False,723.24,25,1,54,670046942,train,True
668288022,723.18,15,16:16:50,False,,False,False,723.24,26,1,54,670046942,train,True
668288023,723.23,15,16:16:51,False,,False,True,723.24,27,1,54,670046942,train,True
668288024,723.12,15,16:16:52,False,,False,True,723.24,28,1,54,670046942,train,True
668288025,723.21,15,16:16:53,False,,False,True,723.24,29,1,54,670046942,train,True
668288026,723.17,15,16:16:54,False,,False,True,723.24,30,1,54,670046942,train,True
668288027,723.13,15,16:16:55,False,,False,True,723.24,31,1,54,670046942,train,True
668288028,723.19,15,16:16:56,False,,False,True,723.24,32,1,54,670046942,train,True
668288029,723.17,15,16:16:57,False,,False,True,723.23,33,1,54,670046942,train,True
668288030,723.15,15,16:16:58,False,,False,True,723.23,34,1,54,670046942,train,True
668288031,723.22,15,16:16:59,False,,False,True,723.23,35,1,54,670046942,train,True
668288032,723.13,15,16:17:00,False,,False,True,723.23,36,1,54,670046942,train,True
668288033,723.15,15,16:17:01,False,,False,True,723.23,37,1,54,670046942,train,True
668288034,723.13,15,16:17:02,False,,False,True,723.23,38,1,54,670046942,train,True
668288035,723.13,15,16:17:03,False,,False,True,723.23,39,1,54,670046942,train,True
668288036,723.11,15,16:17:04,False,,False,True,723.23,40,1,54,670046942,train,True
668288037,723.2,15,16:17:05,False,,False,True,723.23,41,1,54,670046942,train,True
668288038,723.13,15,16:17:06,False,,False,True,723.23,42,1,54,670046942,train,True
668288039,723.11,15,16:17:07,False,,False,True,723.23,43,1,54,670046942,train,True
668288040,723.07,15,16:17:08,False,,False,True,723.23,44,1,54,670046942,train,True
668288041,723.09,15,16:17:09,False,,False,True,723.23,45,1,54,670046942,train,True
668288042,723.22,15,16:17:10,False,,False,True,723.23,46,1,54,670046942,train,True
668288043,723.23,15,16:17:11,False,,False,True,723.23,47,1,54,670046942,train,True
668288044,723.16,15,16:17:12,False,,False,True,723.22,48,1,54,670046942,train,True
668288045,723.19,15,16:17:13,False,,False,True,723.22,49,1,54,670046942,train,True
668288046,723.14,15,16:17:14,False,,False,True,723.22,50,1,54,670046942,train,True
668288047,723.1,15,16:17:15,False,,False,True,723.22,51,1,54,670046942,train,True
668288048,723.21,15,16:17:16,False,,False,True,723.22,52,1,54,670046942,train,True
668288049,723.1,15,16:17:17,False,,False,True,723.22,53,1,54,670046942,train,True
668288050,723.1,15,16:17:17,False,,False,True,723.22,54,1,54,670046942,train,True
668288051,723.15,15,16:17:18,False,,False,True,723.22,55,1,54,670046942,train,True
668288052,723.17,15,16:17:19,False,,False,True,723.22,56,1,54,670046942,train,True
668288053,723.17,15,16:17:20,False,,False,True,723.22,57,1,54,670046942,train,True
668288054,723.08,15,16:17:21,False,,False,True,723.22,58,1,54,670046942,train,True
668287995,723.17,15,16:16:24,False,,False,False,723.25,6,0,55,670047546,train,True
668287996,723.16,15,16:16:25,False,,False,False,723.25,5,0,55,670047546,train,True
668287997,723.19,15,16:16:26,False,,False,False,723.25,5,1,55,670047546,train,True
668287998,723.06,15,16:16:27,False,,False,False,723.25,5,1,55,670047546,train,True
668287999,723.07,15,16:16:28,False,,False,False,723.25,5,1,55,670047546,train,True
668288000,723.08,15,16:16:29,False,,False,False,723.25,6,1,55,670047546,train,True
668288001,723.17,15,16:16:30,False,,False,False,723.25,7,1,55,670047546,train,True
668288002,723.17,15,16:16:31,False,,False,False,723.25,8,1,55,670047546,train,True
668288003,723.17,15,16:16:32,False,,False,False,723.25,8,1,55,670047546,train,True
668288004,723.15,15,16:16:33,False,,False,False,723.25,9,1,55,670047546,train,True
668288005,723.22,15,16:16:34,False,,False,False,723.25,10,1,55,670047546,train,True
668288006,723.17,15,16:16:35,False,,False,False,723.25,11,1,55,670047546,train,True
668288007,723.15,15,16:16:36,False,,False,False,723.25,11,1,55,670047546,train,True
668288008,723.18,15,16:16:37,False,,False,False,723.25,12,1,55,670047546,train,True
668288009,723.14,15,16:16:38,False,,False,False,723.24,13,1,55,670047546,train,True
668288010,723.11,15,16:16:39,False,,False,False,723.24,14,1,55,670047546,train,True
668288011,723.2,15,16:16:40,False,,False,False,723.24,15,1,55,670047546,train,True
668288012,723.17,15,16:16:40,False,,False,False,723.24,16,1,55,670047546,train,True
668288013,723.16,15,16:16:41,False,,False,False,723.24,17,1,55,670047546,train,True
668288014,723.18,15,16:16:42,False,,False,False,723.24,18,1,55,670047546,train,True
668288015,723.23,15,16:16:43,False,,False,False,723.24,19,1,55,670047546,train,True
668288016,723.18,15,16:16:44,False,,False,False,723.24,20,1,55,670047546,train,True
668288017,723.21,15,16:16:45,False,,False,False,723.24,21,1,55,670047546,train,True
668288018,723.2,15,16:16:46,False,,False,False,723.24,22,1,55,670047546,train,True
668288019,723.18,15,16:16:47,False,,False,False,723.24,23,1,55,670047546,train,True
668288020,723.2,15,16:16:48,False,,False,False,723.24,24,1,55,670047546,train,True
668288021,723.19,15,16:16:49,False,,False,False,723.24,25,1,55,670047546,train,True
668288022,723.18,15,16:16:50,False,,False,False,723.24,26,1,55,670047546,train,True
668288023,723.23,15,16:16:51,False,,False,True,723.24,27,1,55,670047546,train,True
668288024,723.12,15,16:16:52,False,,False,True,723.24,28,1,55,670047546,train,True
668288025,723.21,15,16:16:53,False,,False,True,723.24,29,1,55,670047546,train,True
668288026,723.17,15,16:16:54,False,,False,True,723.24,30,1,55,670047546,train,True
668288027,723.13,15,16:16:55,False,,False,True,723.24,31,1,55,670047546,train,True
668288028,723.19,15,16:16:56,False,,False,True,723.24,32,1,55,670047546,train,True
668288029,723.17,15,16:16:57,False,,False,True,723.23,33,1,55,670047546,train,True
668288030,723.15,15,16:16:58,False,,False,True,723.23,34,1,55,670047546,train,True
668288031,723.22,15,16:16:59,False,,False,True,723.23,35,1,55,670047546,train,True
668288032,723.13,15,16:17:00,False,,False,True,723.23,36,1,55,670047546,train,True
668288033,723.15,15,16:17:01,False,,False,True,723.23,37,1,55,670047546,train,True
668288034,723.13,15,16:17:02,False,,False,True,723.23,38,1,55,670047546,train,True
668288035,723.13,15,16:17:03,False,,False,True,723.23,39,1,55,670047546,train,True
668288036,723.11,15,16:17:04,False,,False,True,723.23,40,1,55,670047546,train,True
668288037,723.2,15,16:17:05,False,,False,True,723.23,41,1,55,670047546,train,True
668288038,723.13,15,16:17:06,False,,False,True,723.23,42,1,55,670047546,train,True
668288039,723.11,15,16:17:07,False,,False,True,723.23,43,1,55,670047546,train,True
668288040,723.07,15,16:17:08,False,,False,True,723.23,44,1,55,670047546,train,True
668288041,723.09,15,16:17:09,False,,False,True,723.23,45,1,55,670047546,train,True
668288042,723.22,15,16:17:10,False,,False,True,723.23,46,1,55,670047546,train,True
668288043,723.23,15,16:17:11,False,,False,True,723.23,47,1,55,670047546,train,True
668288044,723.16,15,16:17:12,False,,False,True,723.22,48,1,55,670047546,train,True
668288045,723.19,15,16:17:13,False,,False,True,723.22,49,1,55,670047546,train,True
668288046,723.14,15,16:17:14,False,,False,True,723.22,50,1,55,670047546,train,True
668288047,723.1,15,16:17:15,False,,False,True,723.22,51,1,55,670047546,train,True
668288048,723.21,15,16:17:16,False,,False,True,723.22,52,1,55,670047546,train,True
668288049,723.1,15,16:17:17,False,,False,True,723.22,53,1,55,670047546,train,True
668288050,723.1,15,16:17:17,False,,False,True,723.22,54,1,55,670047546,train,True
668288051,723.15,15,16:17:18,False,,False,True,723.22,55,1,55,670047546,train,True
668288052,723.17,15,16:17:19,False,,False,True,723.22,56,1,55,670047546,train,True
668288053,723.17,15,16:17:20,False,,False,True,723.22,57,1,55,670047546,train,True
668288054,723.08,15,16:17:21,False,,False,True,723.22,58,1,55,670047546,train,True
668287995,723.17,15,16:16:24,False,,False,False,723.25,6,0,56,670055611,train,True
668287996,723.16,15,16:16:25,False,,False,False,723.25,5,0,56,670055611,train,True
668287997,723.19,15,16:16:26,False,,False,False,723.25,5,1,56,670055611,train,True
668287998,723.06,15,16:16:27,False,,False,False,723.25,5,1,56,670055611,train,True
668287999,723.07,15,16:16:28,False,,False,False,723.25,5,1,56,670055611,train,True
668288000,723.08,15,16:16:29,False,,False,False,723.25,6,1,56,670055611,train,True
668288001,723.17,15,16:16:30,False,,False,False,723.25,7,1,56,670055611,train,True
668288002,723.17,15,16:16:31,False,,False,False,723.25,8,1,56,670055611,train,True
668288003,723.17,15,16:16:32,False,,False,False,723.25,8,1,56,670055611,train,True
668288004,723.15,15,16:16:33,False,,False,False,723.25,9,1,56,670055611,train,True
668288005,723.22,15,16:16:34,False,,False,False,723.25,10,1,56,670055611,train,True
668288006,723.17,15,16:16:35,False,,False,False,723.25,11,1,56,670055611,train,True
668288007,723.15,15,16:16:36,False,,False,False,723.25,11,1,56,670055611,train,True
668288008,723.18,15,16:16:37,False,,False,False,723.25,12,1,56,670055611,train,True
668288009,723.14,15,16:16:38,False,,False,False,723.24,13,1,56,670055611,train,True
668288010,723.11,15,16:16:39,False,,False,False,723.24,14,1,56,670055611,train,True
668288011,723.2,15,16:16:40,False,,False,False,723.24,15,1,56,670055611,train,True
668288012,723.17,15,16:16:40,False,,False,False,723.24,16,1,56,670055611,train,True
668288013,723.16,15,16:16:41,False,,False,False,723.24,17,1,56,670055611,train,True
668288014,723.18,15,16:16:42,False,,False,False,723.24,18,1,56,670055611,train,True
668288015,723.23,15,16:16:43,False,,False,False,723.24,19,1,56,670055611,train,True
668288016,723.18,15,16:16:44,False,,False,False,723.24,20,1,56,670055611,train,True
668288017,723.21,15,16:16:45,False,,False,False,723.24,21,1,56,670055611,train,True
668288018,723.2,15,16:16:46,False,,False,False,723.24,22,1,56,670055611,train,True
668288019,723.18,15,16:16:47,False,,False,False,723.24,23,1,56,670055611,train,True
668288020,723.2,15,16:16:48,False,,False,False,723.24,24,1,56,670055611,train,True
668288021,723.19,15,16:16:49,False,,False,False,723.24,25,1,56,670055611,train,True
668288022,723.18,15,16:16:50,False,,False,False,723.24,26,1,56,670055611,train,True
668288023,723.23,15,16:16:51,False,,False,True,723.24,27,1,56,670055611,train,True
668288024,723.12,15,16:16:52,False,,False,True,723.24,28,1,56,670055611,train,True
668288025,723.21,15,16:16:53,False,,False,True,723.24,29,1,56,670055611,train,True
668288026,723.17,15,16:16:54,False,,False,True,723.24,30,1,56,670055611,train,True
668288027,723.13,15,16:16:55,False,,False,True,723.24,31,1,56,670055611,train,True
668288028,723.19,15,16:16:56,False,,False,True,723.24,32,1,56,670055611,train,True
668288029,723.17,15,16:16:57,False,,False,True,723.23,33,1,56,670055611,train,True
668288030,723.15,15,16:16:58,False,,False,True,723.23,34,1,56,670055611,train,True
668288031,723.22,15,16:16:59,False,,False,True,723.23,35,1,56,670055611,train,True
668288032,723.13,15,16:17:00,False,,False,True,723.23,36,1,56,670055611,train,True
668288033,723.15,15,16:17:01,False,,False,True,723.23,37,1,56,670055611,train,True
668288034,723.13,15,16:17:02,False,,False,True,723.23,38,1,56,670055611,train,True
668288035,723.13,15,16:17:03,False,,False,True,723.23,39,1,56,670055611,train,True
668288036,723.11,15,16:17:04,False,,False,True,723.23,40,1,56,670055611,train,True
668288037,723.2,15,16:17:05,False,,False,True,723.23,41,1,56,670055611,train,True
668288038,723.13,15,16:17:06,False,,False,True,723.23,42,1,56,670055611,train,True
668288039,723.11,15,16:17:07,False,,False,True,723.23,43,1,56,670055611,train,True
668288040,723.07,15,16:17:08,False,,False,True,723.23,44,1,56,670055611,train,True
668288041,723.09,15,16:17:09,False,,False,True,723.23,45,1,56,670055611,train,True
668288042,723.22,15,16:17:10,False,,False,True,723.23,46,1,56,670055611,train,True
668288043,723.23,15,16:17:11,False,,False,True,723.23,47,1,56,670055611,train,True
668288044,723.16,15,16:17:12,False,,False,True,723.22,48,1,56,670055611,train,True
668288045,723.19,15,16:17:13,False,,False,True,723.22,49,1,56,670055611,train,True
668288046,723.14,15,16:17:14,False,,False,True,723.22,50,1,56,670055611,train,True
668288047,723.1,15,16:17:15,False,,False,True,723.22,51,1,56,670055611,train,True
668288048,723.21,15,16:17:16,False,,False,True,723.22,52,1,56,670055611,train,True
668288049,723.1,15,16:17:17,False,,False,True,723.22,53,1,56,670055611,train,True
668288050,723.1,15,16:17:17,False,,False,True,723.22,54,1,56,670055611,train,True
668288051,723.15,15,16:17:18,False,,False,True,723.22,55,1,56,670055611,train,True
668288052,723.17,15,16:17:19,False,,False,True,723.22,56,1,56,670055611,train,True
668288053,723.17,15,16:17:20,False,,False,True,723.22,57,1,56,670055611,train,True
668288054,723.08,15,16:17:21,False,,False,True,723.22,58,1,56,670055611,train,True
668287995,723.17,15,16:16:24,False,,False,False,723.25,6,0,57,670129653,train,True
668287996,723.16,15,16:16:25,False,,False,False,723.25,5,0,57,670129653,train,True
668287997,723.19,15,16:16:26,False,,False,False,723.25,5,1,57,670129653,train,True
668287998,723.06,15,16:16:27,False,,False,False,723.25,5,1,57,670129653,train,True
668287999,723.07,15,16:16:28,False,,False,False,723.25,5,1,57,670129653,train,True
668288000,723.08,15,16:16:29,False,,False,False,723.25,6,1,57,670129653,train,True
668288001,723.17,15,16:16:30,False,,False,False,723.25,7,1,57,670129653,train,True
668288002,723.17,15,16:16:31,False,,False,False,723.25,8,1,57,670129653,train,True
668288003,723.17,15,16:16:32,False,,False,False,723.25,8,1,57,670129653,train,True
668288004,723.15,15,16:16:33,False,,False,False,723.25,9,1,57,670129653,train,True
668288005,723.22,15,16:16:34,False,,False,False,723.25,10,1,57,670129653,train,True
668288006,723.17,15,16:16:35,False,,False,False,723.25,11,1,57,670129653,train,True
668288007,723.15,15,16:16:36,False,,False,False,723.25,11,1,57,670129653,train,True
668288008,723.18,15,16:16:37,False,,False,False,723.25,12,1,57,670129653,train,True
668288009,723.14,15,16:16:38,False,,False,False,723.24,13,1,57,670129653,train,True
668288010,723.11,15,16:16:39,False,,False,False,723.24,14,1,57,670129653,train,True
668288011,723.2,15,16:16:40,False,,False,False,723.24,15,1,57,670129653,train,True
668288012,723.17,15,16:16:40,False,,False,False,723.24,16,1,57,670129653,train,True
668288013,723.16,15,16:16:41,False,,False,False,723.24,17,1,57,670129653,train,True
668288014,723.18,15,16:16:42,False,,False,False,723.24,18,1,57,670129653,train,True
668288015,723.23,15,16:16:43,False,,False,False,723.24,19,1,57,670129653,train,True
668288016,723.18,15,16:16:44,False,,False,False,723.24,20,1,57,670129653,train,True
668288017,723.21,15,16:16:45,False,,False,False,723.24,21,1,57,670129653,train,True
668288018,723.2,15,16:16:46,False,,False,False,723.24,22,1,57,670129653,train,True
668288019,723.18,15,16:16:47,False,,False,False,723.24,23,1,57,670129653,train,True
668288020,723.2,15,16:16:48,False,,False,False,723.24,24,1,57,670129653,train,True
668288021,723.19,15,16:16:49,False,,False,False,723.24,25,1,57,670129653,train,True
668288022,723.18,15,16:16:50,False,,False,False,723.24,26,1,57,670129653,train,True
668288023,723.23,15,16:16:51,False,,False,True,723.24,27,1,57,670129653,train,True
668288024,723.12,15,16:16:52,False,,False,True,723.24,28,1,57,670129653,train,True
668288025,723.21,15,16:16:53,False,,False,True,723.24,29,1,57,670129653,train,True
668288026,723.17,15,16:16:54,False,,False,True,723.24,30,1,57,670129653,train,True
668288027,723.13,15,16:16:55,False,,False,True,723.24,31,1,57,670129653,train,True
668288028,723.19,15,16:16:56,False,,False,True,723.24,32,1,57,670129653,train,True
668288029,723.17,15,16:16:57,False,,False,True,723.23,33,1,57,670129653,train,True
668288030,723.15,15,16:16:58,False,,False,True,723.23,34,1,57,670129653,train,True
668288031,723.22,15,16:16:59,False,,False,True,723.23,35,1,57,670129653,train,True
668288032,723.13,15,16:17:00,False,,False,True,723.23,36,1,57,670129653,train,True
668288033,723.15,15,16:17:01,False,,False,True,723.23,37,1,57,670129653,train,True
668288034,723.13,15,16:17:02,False,,False,True,723.23,38,1,57,670129653,train,True
668288035,723.13,15,16:17:03,False,,False,True,723.23,39,1,57,670129653,train,True
668288036,723.11,15,16:17:04,False,,False,True,723.23,40,1,57,670129653,train,True
668288037,723.2,15,16:17:05,False,,False,True,723.23,41,1,57,670129653,train,True
668288038,723.13,15,16:17:06,False,,False,True,723.23,42,1,57,670129653,train,True
668288039,723.11,15,16:17:07,False,,False,True,723.23,43,1,57,670129653,train,True
668288040,723.07,15,16:17:08,False,,False,True,723.23,44,1,57,670129653,train,True
668288041,723.09,15,16:17:09,False,,False,True,723.23,45,1,57,670129653,train,True
668288042,723.22,15,16:17:10,False,,False,True,723.23,46,1,57,670129653,train,True
668288043,723.23,15,16:17:11,False,,False,True,723.23,47,1,57,670129653,train,True
668288044,723.16,15,16:17:12,False,,False,True,723.22,48,1,57,670129653,train,True
668288045,723.19,15,16:17:13,False,,False,True,723.22,49,1,57,670129653,train,True
668288046,723.14,15,16:17:14,False,,False,True,723.22,50,1,57,670129653,train,True
668288047,723.1,15,16:17:15,False,,False,True,723.22,51,1,57,670129653,train,True
668288048,723.21,15,16:17:16,False,,False,True,723.22,52,1,57,670129653,train,True
668288049,723.1,15,16:17:17,False,,False,True,723.22,53,1,57,670129653,train,True
668288050,723.1,15,16:17:17,False,,False,True,723.22,54,1,57,670129653,train,True
668288051,723.15,15,16:17:18,False,,False,True,723.22,55,1,57,670129653,train,True
668288052,723.17,15,16:17:19,False,,False,True,723.22,56,1,57,670129653,train,True
668288053,723.17,15,16:17:20,False,,False,True,723.22,57,1,57,670129653,train,True
668288054,723.08,15,16:17:21,False,,False,True,723.22,58,1,57,670129653,train,True
668287995,723.17,15,16:16:24,False,,False,False,723.25,6,0,58,670136668,train,True
668287996,723.16,15,16:16:25,False,,False,False,723.25,5,0,58,670136668,train,True
668287997,723.19,15,16:16:26,False,,False,False,723.25,5,1,58,670136668,train,True
668287998,723.06,15,16:16:27,False,,False,False,723.25,5,1,58,670136668,train,True
668287999,723.07,15,16:16:28,False,,False,False,723.25,5,1,58,670136668,train,True
668288000,723.08,15,16:16:29,False,,False,False,723.25,6,1,58,670136668,train,True
668288001,723.17,15,16:16:30,False,,False,False,723.25,7,1,58,670136668,train,True
668288002,723.17,15,16:16:31,False,,False,False,723.25,8,1,58,670136668,train,True
668288003,723.17,15,16:16:32,False,,False,False,723.25,8,1,58,670136668,train,True
668288004,723.15,15,16:16:33,False,,False,False,723.25,9,1,58,670136668,train,True
668288005,723.22,15,16:16:34,False,,False,False,723.25,10,1,58,670136668,train,True
668288006,723.17,15,16:16:35,False,,False,False,723.25,11,1,58,670136668,train,True
668288007,723.15,15,16:16:36,False,,False,False,723.25,11,1,58,670136668,train,True
668288008,723.18,15,16:16:37,False,,False,False,723.25,12,1,58,670136668,train,True
668288009,723.14,15,16:16:38,False,,False,False,723.24,13,1,58,670136668,train,True
668288010,723.11,15,16:16:39,False,,False,False,723.24,14,1,58,670136668,train,True
668288011,723.2,15,16:16:40,False,,False,False,723.24,15,1,58,670136668,train,True
668288012,723.17,15,16:16:40,False,,False,False,723.24,16,1,58,670136668,train,True
668288013,723.16,15,16:16:41,False,,False,False,723.24,17,1,58,670136668,train,True
668288014,723.18,15,16:16:42,False,,False,False,723.24,18,1,58,670136668,train,True
668288015,723.23,15,16:16:43,False,,False,False,723.24,19,1,58,670136668,train,True
668288016,723.18,15,16:16:44,False,,False,False,723.24,20,1,58,670136668,train,True
668288017,723.21,15,16:16:45,False,,False,False,723.24,21,1,58,670136668,train,True
668288018,723.2,15,16:16:46,False,,False,False,723.24,22,1,58,670136668,train,True
668288019,723.18,15,16:16:47,False,,False,False,723.24,23,1,58,670136668,train,True
668288020,723.2,15,16:16:48,False,,False,False,723.24,24,1,58,670136668,train,True
668288021,723.19,15,16:16:49,False,,False,False,723.24,25,1,58,670136668,train,True
668288022,723.18,15,16:16:50,False,,False,False,723.24,26,1,58,670136668,train,True
668288023,723.23,15,16:16:51,False,,False,True,723.24,27,1,58,670136668,train,True
668288024,723.12,15,16:16:52,False,,False,True,723.24,28,1,58,670136668,train,True
668288025,723.21,15,16:16:53,False,,False,True,723.24,29,1,58,670136668,train,True
668288026,723.17,15,16:16:54,False,,False,True,723.24,30,1,58,670136668,train,True
668288027,723.13,15,16:16:55,False,,False,True,723.24,31,1,58,670136668,train,True
668288028,723.19,15,16:16:56,False,,False,True,723.24,32,1,58,670136668,train,True
668288029,723.17,15,16:16:57,False,,False,True,723.23,33,1,58,670136668,train,True
668288030,723.15,15,16:16:58,False,,False,True,723.23,34,1,58,670136668,train,True
668288031,723.22,15,16:16:59,False,,False,True,723.23,35,1,58,670136668,train,True
668288032,723.13,15,16:17:00,False,,False,True,723.23,36,1,58,670136668,train,True
668288033,723.15,15,16:17:01,False,,False,True,723.23,37,1,58,670136668,train,True
668288034,723.13,15,16:17:02,False,,False,True,723.23,38,1,58,670136668,train,True
668288035,723.13,15,16:17:03,False,,False,True,723.23,39,1,58,670136668,train,True
668288036,723.11,15,16:17:04,False,,False,True,723.23,40,1,58,670136668,train,True
668288037,723.2,15,16:17:05,False,,False,True,723.23,41,1,58,670136668,train,True
668288038,723.13,15,16:17:06,False,,False,True,723.23,42,1,58,670136668,train,True
668288039,723.11,15,16:17:07,False,,False,True,723.23,43,1,58,670136668,train,True
668288040,723.07,15,16:17:08,False,,False,True,723.23,44,1,58,670136668,train,True
668288041,723.09,15,16:17:09,False,,False,True,723.23,45,1,58,670136668,train,True
668288042,723.22,15,16:17:10,False,,False,True,723.23,46,1,58,670136668,train,True
668288043,723.23,15,16:17:11,False,,False,True,723.23,47,1,58,670136668,train,True
668288044,723.16,15,16:17:12,False,,False,True,723.22,48,1,58,670136668,train,True
668288045,723.19,15,16:17:13,False,,False,True,723.22,49,1,58,670136668,train,True
668288046,723.14,15,16:17:14,False,,False,True,723.22,50,1,58,670136668,train,True
668288047,723.1,15,16:17:15,False,,False,True,723.22,51,1,58,670136668,train,True
668288048,723.21,15,16:17:16,False,,False,True,723.22,52,1,58,670136668,train,True
668288049,723.1,15,16:17:17,False,,False,True,723.22,53,1,58,670136668,train,True
668288050,723.1,15,16:17:17,False,,False,True,723.22,54,1,58,670136668,train,True
668288051,723.15,15,16:17:18,False,,False,True,723.22,55,1,58,670136668,train,True
668288052,723.17,15,16:17:19,False,,False,True,723.22,56,1,58,670136668,train,True
668288053,723.17,15,16:17:20,False,,False,True,723.22,57,1,58,670136668,train,True
668288054,723.08,15,16:17:21,False,,False,True,723.22,58,1,58,670136668,train,True
668287995,723.17,15,16:16:24,False,,False,False,723.25,6,0,59,670138695,train,True
668287996,723.16,15,16:16:25,False,,False,False,723.25,5,0,59,670138695,train,True
668287997,723.19,15,16:16:26,False,,False,False,723.25,5,1,59,670138695,train,True
668287998,723.06,15,16:16:27,False,,False,False,723.25,5,1,59,670138695,train,True
668287999,723.07,15,16:16:28,False,,False,False,723.25,5,1,59,670138695,train,True
668288000,723.08,15,16:16:29,False,,False,False,723.25,6,1,59,670138695,train,True
668288001,723.17,15,16:16:30,False,,False,False,723.25,7,1,59,670138695,train,True
668288002,723.17,15,16:16:31,False,,False,False,723.25,8,1,59,670138695,train,True
668288003,723.17,15,16:16:32,False,,False,False,723.25,8,1,59,670138695,train,True
668288004,723.15,15,16:16:33,False,,False,False,723.25,9,1,59,670138695,train,True
668288005,723.22,15,16:16:34,False,,False,False,723.25,10,1,59,670138695,train,True
668288006,723.17,15,16:16:35,False,,False,False,723.25,11,1,59,670138695,train,True
668288007,723.15,15,16:16:36,False,,False,False,723.25,11,1,59,670138695,train,True
668288008,723.18,15,16:16:37,False,,False,False,723.25,12,1,59,670138695,train,True
668288009,723.14,15,16:16:38,False,,False,False,723.24,13,1,59,670138695,train,True
668288010,723.11,15,16:16:39,False,,False,False,723.24,14,1,59,670138695,train,True
668288011,723.2,15,16:16:40,False,,False,False,723.24,15,1,59,670138695,train,True
668288012,723.17,15,16:16:40,False,,False,False,723.24,16,1,59,670138695,train,True
668288013,723.16,15,16:16:41,False,,False,False,723.24,17,1,59,670138695,train,True
668288014,723.18,15,16:16:42,False,,False,False,723.24,18,1,59,670138695,train,True
668288015,723.23,15,16:16:43,False,,False,False,723.24,19,1,59,670138695,train,True
668288016,723.18,15,16:16:44,False,,False,False,723.24,20,1,59,670138695,train,True
668288017,723.21,15,16:16:45,False,,False,False,723.24,21,1,59,670138695,train,True
668288018,723.2,15,16:16:46,False,,False,False,723.24,22,1,59,670138695,train,True
668288019,723.18,15,16:16:47,False,,False,False,723.24,23,1,59,670138695,train,True
668288020,723.2,15,16:16:48,False,,False,False,723.24,24,1,59,670138695,train,True
668288021,723.19,15,16:16:49,False,,False,False,723.24,25,1,59,670138695,train,True
668288022,723.18,15,16:16:50,False,,False,False,723.24,26,1,59,670138695,train,True
668288023,723.23,15,16:16:51,False,,False,True,723.24,27,1,59,670138695,train,True
668288024,723.12,15,16:16:52,False,,False,True,723.24,28,1,59,670138695,train,True
668288025,723.21,15,16:16:53,False,,False,True,723.24,29,1,59,670138695,train,True
668288026,723.17,15,16:16:54,False,,False,True,723.24,30,1,59,670138695,train,True
668288027,723.13,15,16:16:55,False,,False,True,723.24,31,1,59,670138695,train,True
668288028,723.19,15,16:16:56,False,,False,True,723.24,32,1,59,670138695,train,True
668288029,723.17,15,16:16:57,False,,False,True,723.23,33,1,59,670138695,train,True
668288030,723.15,15,16:16:58,False,,False,True,723.23,34,1,59,670138695,train,True
668288031,723.22,15,16:16:59,False,,False,True,723.23,35,1,59,670138695,train,True
668288032,723.13,15,16:17:00,False,,False,True,723.23,36,1,59,670138695,train,True
668288033,723.15,15,16:17:01,False,,False,True,723.23,37,1,59,670138695,train,True
668288034,723.13,15,16:17:02,False,,False,True,723.23,38,1,59,670138695,train,True
668288035,723.13,15,16:17:03,False,,False,True,723.23,39,1,59,670138695,train,True
668288036,723.11,15,16:17:04,False,,False,True,723.23,40,1,59,670138695,train,True
668288037,723.2,15,16:17:05,False,,False,True,723.23,41,1,59,670138695,train,True
668288038,723.13,15,16:17:06,False,,False,True,723.23,42,1,59,670138695,train,True
668288039,723.11,15,16:17:07,False,,False,True,723.23,43,1,59,670138695,train,True
668288040,723.07,15,16:17:08,False,,False,True,723.23,44,1,59,670138695,train,True
668288041,723.09,15,16:17:09,False,,False,True,723.23,45,1,59,670138695,train,True
668288042,723.22,15,16:17:10,False,,False,True,723.23,46,1,59,670138695,train,True
668288043,723.23,15,16:17:11,False,,False,True,723.23,47,1,59,670138695,train,True
668288044,723.16,15,16:17:12,False,,False,True,723.22,48,1,59,670138695,train,True
668288045,723.19,15,16:17:13,False,,False,True,723.22,49,1,59,670138695,train,True
668288046,723.14,15,16:17:14,False,,False,True,723.22,50,1,59,670138695,train,True
668288047,723.1,15,16:17:15,False,,False,True,723.22,51,1,59,670138695,train,True
668288048,723.21,15,16:17:16,False,,False,True,723.22,52,1,59,670138695,train,True
668288049,723.1,15,16:17:17,False,,False,True,723.22,53,1,59,670138695,train,True
668288050,723.1,15,16:17:17,False,,False,True,723.22,54,1,59,670138695,train,True
668288051,723.15,15,16:17:18,False,,False,True,723.22,55,1,59,670138695,train,True
668288052,723.17,15,16:17:19,False,,False,True,723.22,56,1,59,670138695,train,True
668288053,723.17,15,16:17:20,False,,False,True,723.22,57,1,59,670138695,train,True
668288054,723.08,15,16:17:21,False,,False,True,723.22,58,1,59,670138695,train,True
668287995,723.17,15,16:16:24,False,,False,False,723.25,6,0,60,670225439,train,True
668287996,723.16,15,16:16:25,False,,False,False,723.25,5,0,60,670225439,train,True
668287997,723.19,15,16:16:26,False,,False,False,723.25,5,1,60,670225439,train,True
668287998,723.06,15,16:16:27,False,,False,False,723.25,5,1,60,670225439,train,True
668287999,723.07,15,16:16:28,False,,False,False,723.25,5,1,60,670225439,train,True
668288000,723.08,15,16:16:29,False,,False,False,723.25,6,1,60,670225439,train,True
668288001,723.17,15,16:16:30,False,,False,False,723.25,7,1,60,670225439,train,True
668288002,723.17,15,16:16:31,False,,False,False,723.25,8,1,60,670225439,train,True
668288003,723.17,15,16:16:32,False,,False,False,723.25,8,1,60,670225439,train,True
668288004,723.15,15,16:16:33,False,,False,False,723.25,9,1,60,670225439,train,True
668288005,723.22,15,16:16:34,False,,False,False,723.25,10,1,60,670225439,train,True
668288006,723.17,15,16:16:35,False,,False,False,723.25,11,1,60,670225439,train,True
668288007,723.15,15,16:16:36,False,,False,False,723.25,11,1,60,670225439,train,True
668288008,723.18,15,16:16:37,False,,False,False,723.25,12,1,60,670225439,train,True
668288009,723.14,15,16:16:38,False,,False,False,723.24,13,1,60,670225439,train,True
668288010,723.11,15,16:16:39,False,,False,False,723.24,14,1,60,670225439,train,True
668288011,723.2,15,16:16:40,False,,False,False,723.24,15,1,60,670225439,train,True
668288012,723.17,15,16:16:40,False,,False,False,723.24,16,1,60,670225439,train,True
668288013,723.16,15,16:16:41,False,,False,False,723.24,17,1,60,670225439,train,True
668288014,723.18,15,16:16:42,False,,False,False,723.24,18,1,60,670225439,train,True
668288015,723.23,15,16:16:43,False,,False,False,723.24,19,1,60,670225439,train,True
668288016,723.18,15,16:16:44,False,,False,False,723.24,20,1,60,670225439,train,True
668288017,723.21,15,16:16:45,False,,False,False,723.24,21,1,60,670225439,train,True
668288018,723.2,15,16:16:46,False,,False,False,723.24,22,1,60,670225439,train,True
668288019,723.18,15,16:16:47,False,,False,False,723.24,23,1,60,670225439,train,True
668288020,723.2,15,16:16:48,False,,False,False,723.24,24,1,60,670225439,train,True
668288021,723.19,15,16:16:49,False,,False,False,723.24,25,1,60,670225439,train,True
668288022,723.18,15,16:16:50,False,,False,False,723.24,26,1,60,670225439,train,True
668288023,723.23,15,16:16:51,False,,False,True,723.24,27,1,60,670225439,train,True
668288024,723.12,15,16:16:52,False,,False,True,723.24,28,1,60,670225439,train,True
668288025,723.21,15,16:16:53,False,,False,True,723.24,29,1,60,670225439,train,True
668288026,723.17,15,16:16:54,False,,False,True,723.24,30,1,60,670225439,train,True
668288027,723.13,15,16:16:55,False,,False,True,723.24,31,1,60,670225439,train,True
668288028,723.19,15,16:16:56,False,,False,True,723.24,32,1,60,670225439,train,True
668288029,723.17,15,16:16:57,False,,False,True,723.23,33,1,60,670225439,train,True
668288030,723.15,15,16:16:58,False,,False,True,723.23,34,1,60,670225439,train,True
668288031,723.22,15,16:16:59,False,,False,True,723.23,35,1,60,670225439,train,True
668288032,723.13,15,16:17:00,False,,False,True,723.23,36,1,60,670225439,train,True
668288033,723.15,15,16:17:01,False,,False,True,723.23,37,1,60,670225439,train,True
668288034,723.13,15,16:17:02,False,,False,True,723.23,38,1,60,670225439,train,True
668288035,723.13,15,16:17:03,False,,False,True,723.23,39,1,60,670225439,train,True
668288036,723.11,15,16:17:04,False,,False,True,723.23,40,1,60,670225439,train,True
668288037,723.2,15,16:17:05,False,,False,True,723.23,41,1,60,670225439,train,True
668288038,723.13,15,16:17:06,False,,False,True,723.23,42,1,60,670225439,train,True
668288039,723.11,15,16:17:07,False,,False,True,723.23,43,1,60,670225439,train,True
668288040,723.07,15,16:17:08,False,,False,True,723.23,44,1,60,670225439,train,True
668288041,723.09,15,16:17:09,False,,False,True,723.23,45,1,60,670225439,train,True
668288042,723.22,15,16:17:10,False,,False,True,723.23,46,1,60,670225439,train,True
668288043,723.23,15,16:17:11,False,,False,True,723.23,47,1,60,670225439,train,True
668288044,723.16,15,16:17:12,False,,False,True,723.22,48,1,60,670225439,train,True
668288045,723.19,15,16:17:13,False,,False,True,723.22,49,1,60,670225439,train,True
668288046,723.14,15,16:17:14,False,,False,True,723.22,50,1,60,670225439,train,True
668288047,723.1,15,16:17:15,False,,False,True,723.22,51,1,60,670225439,train,True
668288048,723.21,15,16:17:16,False,,False,True,723.22,52,1,60,670225439,train,True
668288049,723.1,15,16:17:17,False,,False,True,723.22,53,1,60,670225439,train,True
668288050,723.1,15,16:17:17,False,,False,True,723.22,54,1,60,670225439,train,True
668288051,723.15,15,16:17:18,False,,False,True,723.22,55,1,60,670225439,train,True
668288052,723.17,15,16:17:19,False,,False,True,723.22,56,1,60,670225439,train,True
668288053,723.17,15,16:17:20,False,,False,True,723.22,57,1,60,670225439,train,True
668288054,723.08,15,16:17:21,False,,False,True,723.22,58,1,60,670225439,train,True
668287995,723.17,15,16:16:24,False,,False,False,723.25,6,0,61,670232335,train,True
668287996,723.16,15,16:16:25,False,,False,False,723.25,5,0,61,670232335,train,True
668287997,723.19,15,16:16:26,False,,False,False,723.25,5,1,61,670232335,train,True
668287998,723.06,15,16:16:27,False,,False,False,723.25,5,1,61,670232335,train,True
668287999,723.07,15,16:16:28,False,,False,False,723.25,5,1,61,670232335,train,True
668288000,723.08,15,16:16:29,False,,False,False,723.25,6,1,61,670232335,train,True
668288001,723.17,15,16:16:30,False,,False,False,723.25,7,1,61,670232335,train,True
668288002,723.17,15,16:16:31,False,,False,False,723.25,8,1,61,670232335,train,True
668288003,723.17,15,16:16:32,False,,False,False,723.25,8,1,61,670232335,train,True
668288004,723.15,15,16:16:33,False,,False,False,723.25,9,1,61,670232335,train,True
668288005,723.22,15,16:16:34,False,,False,False,723.25,10,1,61,670232335,train,True
668288006,723.17,15,16:16:35,False,,False,False,723.25,11,1,61,670232335,train,True
668288007,723.15,15,16:16:36,False,,False,False,723.25,11,1,61,670232335,train,True
668288008,723.18,15,16:16:37,False,,False,False,723.25,12,1,61,670232335,train,True
668288009,723.14,15,16:16:38,False,,False,False,723.24,13,1,61,670232335,train,True
668288010,723.11,15,16:16:39,False,,False,False,723.24,14,1,61,670232335,train,True
668288011,723.2,15,16:16:40,False,,False,False,723.24,15,1,61,670232335,train,True
668288012,723.17,15,16:16:40,False,,False,False,723.24,16,1,61,670232335,train,True
668288013,723.16,15,16:16:41,False,,False,False,723.24,17,1,61,670232335,train,True
668288014,723.18,15,16:16:42,False,,False,False,723.24,18,1,61,670232335,train,True
668288015,723.23,15,16:16:43,False,,False,False,723.24,19,1,61,670232335,train,True
668288016,723.18,15,16:16:44,False,,False,False,723.24,20,1,61,670232335,train,True
668288017,723.21,15,16:16:45,False,,False,False,723.24,21,1,61,670232335,train,True
668288018,723.2,15,16:16:46,False,,False,False,723.24,22,1,61,670232335,train,True
668288019,723.18,15,16:16:47,False,,False,False,723.24,23,1,61,670232335,train,True
668288020,723.2,15,16:16:48,False,,False,False,723.24,24,1,61,670232335,train,True
668288021,723.19,15,16:16:49,False,,False,False,723.24,25,1,61,670232335,train,True
668288022,723.18,15,16:16:50,False,,False,False,723.24,26,1,61,670232335,train,True
668288023,723.23,15,16:16:51,False,,False,True,723.24,27,1,61,670232335,train,True
668288024,723.12,15,16:16:52,False,,False,True,723.24,28,1,61,670232335,train,True
668288025,723.21,15,16:16:53,False,,False,True,723.24,29,1,61,670232335,train,True
668288026,723.17,15,16:16:54,False,,False,True,723.24,30,1,61,670232335,train,True
668288027,723.13,15,16:16:55,False,,False,True,723.24,31,1,61,670232335,train,True
668288028,723.19,15,16:16:56,False,,False,True,723.24,32,1,61,670232335,train,True
668288029,723.17,15,16:16:57,False,,False,True,723.23,33,1,61,670232335,train,True
668288030,723.15,15,16:16:58,False,,False,True,723.23,34,1,61,670232335,train,True
668288031,723.22,15,16:16:59,False,,False,True,723.23,35,1,61,670232335,train,True
668288032,723.13,15,16:17:00,False,,False,True,723.23,36,1,61,670232335,train,True
668288033,723.15,15,16:17:01,False,,False,True,723.23,37,1,61,670232335,train,True
668288034,723.13,15,16:17:02,False,,False,True,723.23,38,1,61,670232335,train,True
668288035,723.13,15,16:17:03,False,,False,True,723.23,39,1,61,670232335,train,True
668288036,723.11,15,16:17:04,False,,False,True,723.23,40,1,61,670232335,train,True
668288037,723.2,15,16:17:05,False,,False,True,723.23,41,1,61,670232335,train,True
668288038,723.13,15,16:17:06,False,,False,True,723.23,42,1,61,670232335,train,True
668288039,723.11,15,16:17:07,False,,False,True,723.23,43,1,61,670232335,train,True
668288040,723.07,15,16:17:08,False,,False,True,723.23,44,1,61,670232335,train,True
668288041,723.09,15,16:17:09,False,,False,True,723.23,45,1,61,670232335,train,True
668288042,723.22,15,16:17:10,False,,False,True,723.23,46,1,61,670232335,train,True
668288043,723.23,15,16:17:11,False,,False,True,723.23,47,1,61,670232335,train,True
668288044,723.16,15,16:17:12,False,,False,True,723.22,48,1,61,670232335,train,True
668288045,723.19,15,16:17:13,False,,False,True,723.22,49,1,61,670232335,train,True
668288046,723.14,15,16:17:14,False,,False,True,723.22,50,1,61,670232335,train,True
668288047,723.1,15,16:17:15,False,,False,True,723.22,51,1,61,670232335,train,True
668288048,723.21,15,16:17:16,False,,False,True,723.22,52,1,61,670232335,train,True
668288049,723.1,15,16:17:17,False,,False,True,723.22,53,1,61,670232335,train,True
668288050,723.1,15,16:17:17,False,,False,True,723.22,54,1,61,670232335,train,True
668288051,723.15,15,16:17:18,False,,False,True,723.22,55,1,61,670232335,train,True
668288052,723.17,15,16:17:19,False,,False,True,723.22,56,1,61,670232335,train,True
668288053,723.17,15,16:17:20,False,,False,True,723.22,57,1,61,670232335,train,True
668288054,723.08,15,16:17:21,False,,False,True,723.22,58,1,61,670232335,train,True
668287995,723.17,15,16:16:24,False,,False,False,723.25,6,0,62,670232986,train,True
668287996,723.16,15,16:16:25,False,,False,False,723.25,5,0,62,670232986,train,True
668287997,723.19,15,16:16:26,False,,False,False,723.25,5,1,62,670232986,train,True
668287998,723.06,15,16:16:27,False,,False,False,723.25,5,1,62,670232986,train,True
668287999,723.07,15,16:16:28,False,,False,False,723.25,5,1,62,670232986,train,True
668288000,723.08,15,16:16:29,False,,False,False,723.25,6,1,62,670232986,train,True
668288001,723.17,15,16:16:30,False,,False,False,723.25,7,1,62,670232986,train,True
668288002,723.17,15,16:16:31,False,,False,False,723.25,8,1,62,670232986,train,True
668288003,723.17,15,16:16:32,False,,False,False,723.25,8,1,62,670232986,train,True
668288004,723.15,15,16:16:33,False,,False,False,723.25,9,1,62,670232986,train,True
668288005,723.22,15,16:16:34,False,,False,False,723.25,10,1,62,670232986,train,True
668288006,723.17,15,16:16:35,False,,False,False,723.25,11,1,62,670232986,train,True
668288007,723.15,15,16:16:36,False,,False,False,723.25,11,1,62,670232986,train,True
668288008,723.18,15,16:16:37,False,,False,False,723.25,12,1,62,670232986,train,True
668288009,723.14,15,16:16:38,False,,False,False,723.24,13,1,62,670232986,train,True
668288010,723.11,15,16:16:39,False,,False,False,723.24,14,1,62,670232986,train,True
668288011,723.2,15,16:16:40,False,,False,False,723.24,15,1,62,670232986,train,True
668288012,723.17,15,16:16:40,False,,False,False,723.24,16,1,62,670232986,train,True
668288013,723.16,15,16:16:41,False,,False,False,723.24,17,1,62,670232986,train,True
668288014,723.18,15,16:16:42,False,,False,False,723.24,18,1,62,670232986,train,True
668288015,723.23,15,16:16:43,False,,False,False,723.24,19,1,62,670232986,train,True
668288016,723.18,15,16:16:44,False,,False,False,723.24,20,1,62,670232986,train,True
668288017,723.21,15,16:16:45,False,,False,False,723.24,21,1,62,670232986,train,True
668288018,723.2,15,16:16:46,False,,False,False,723.24,22,1,62,670232986,train,True
668288019,723.18,15,16:16:47,False,,False,False,723.24,23,1,62,670232986,train,True
668288020,723.2,15,16:16:48,False,,False,False,723.24,24,1,62,670232986,train,True
668288021,723.19,15,16:16:49,False,,False,False,723.24,25,1,62,670232986,train,True
668288022,723.18,15,16:16:50,False,,False,False,723.24,26,1,62,670232986,train,True
668288023,723.23,15,16:16:51,False,,False,True,723.24,27,1,62,670232986,train,True
668288024,723.12,15,16:16:52,False,,False,True,723.24,28,1,62,670232986,train,True
668288025,723.21,15,16:16:53,False,,False,True,723.24,29,1,62,670232986,train,True
668288026,723.17,15,16:16:54,False,,False,True,723.24,30,1,62,670232986,train,True
668288027,723.13,15,16:16:55,False,,False,True,723.24,31,1,62,670232986,train,True
668288028,723.19,15,16:16:56,False,,False,True,723.24,32,1,62,670232986,train,True
668288029,723.17,15,16:16:57,False,,False,True,723.23,33,1,62,670232986,train,True
668288030,723.15,15,16:16:58,False,,False,True,723.23,34,1,62,670232986,train,True
668288031,723.22,15,16:16:59,False,,False,True,723.23,35,1,62,670232986,train,True
668288032,723.13,15,16:17:00,False,,False,True,723.23,36,1,62,670232986,train,True
668288033,723.15,15,16:17:01,False,,False,True,723.23,37,1,62,670232986,train,True
668288034,723.13,15,16:17:02,False,,False,True,723.23,38,1,62,670232986,train,True
668288035,723.13,15,16:17:03,False,,False,True,723.23,39,1,62,670232986,train,True
668288036,723.11,15,16:17:04,False,,False,True,723.23,40,1,62,670232986,train,True
668288037,723.2,15,16:17:05,False,,False,True,723.23,41,1,62,670232986,train,True
668288038,723.13,15,16:17:06,False,,False,True,723.23,42,1,62,670232986,train,True
668288039,723.11,15,16:17:07,False,,False,True,723.23,43,1,62,670232986,train,True
668288040,723.07,15,16:17:08,False,,False,True,723.23,44,1,62,670232986,train,True
668288041,723.09,15,16:17:09,False,,False,True,723.23,45,1,62,670232986,train,True
668288042,723.22,15,16:17:10,False,,False,True,723.23,46,1,62,670232986,train,True
668288043,723.23,15,16:17:11,False,,False,True,723.23,47,1,62,670232986,train,True
668288044,723.16,15,16:17:12,False,,False,True,723.22,48,1,62,670232986,train,True
668288045,723.19,15,16:17:13,False,,False,True,723.22,49,1,62,670232986,train,True
668288046,723.14,15,16:17:14,False,,False,True,723.22,50,1,62,670232986,train,True
668288047,723.1,15,16:17:15,False,,False,True,723.22,51,1,62,670232986,train,True
668288048,723.21,15,16:17:16,False,,False,True,723.22,52,1,62,670232986,train,True
668288049,723.1,15,16:17:17,False,,False,True,723.22,53,1,62,670232986,train,True
668288050,723.1,15,16:17:17,False,,False,True,723.22,54,1,62,670232986,train,True
668288051,723.15,15,16:17:18,False,,False,True,723.22,55,1,62,670232986,train,True
668288052,723.17,15,16:17:19,False,,False,True,723.22,56,1,62,670232986,train,True
668288053,723.17,15,16:17:20,False,,False,True,723.22,57,1,62,670232986,train,True
668288054,723.08,15,16:17:21,False,,False,True,723.22,58,1,62,670232986,train,True
668287995,723.17,15,16:16:24,False,,False,False,723.25,6,0,63,670233871,train,True
668287996,723.16,15,16:16:25,False,,False,False,723.25,5,0,63,670233871,train,True
668287997,723.19,15,16:16:26,False,,False,False,723.25,5,1,63,670233871,train,True
668287998,723.06,15,16:16:27,False,,False,False,723.25,5,1,63,670233871,train,True
668287999,723.07,15,16:16:28,False,,False,False,723.25,5,1,63,670233871,train,True
668288000,723.08,15,16:16:29,False,,False,False,723.25,6,1,63,670233871,train,True
668288001,723.17,15,16:16:30,False,,False,False,723.25,7,1,63,670233871,train,True
668288002,723.17,15,16:16:31,False,,False,False,723.25,8,1,63,670233871,train,True
668288003,723.17,15,16:16:32,False,,False,False,723.25,8,1,63,670233871,train,True
668288004,723.15,15,16:16:33,False,,False,False,723.25,9,1,63,670233871,train,True
668288005,723.22,15,16:16:34,False,,False,False,723.25,10,1,63,670233871,train,True
668288006,723.17,15,16:16:35,False,,False,False,723.25,11,1,63,670233871,train,True
668288007,723.15,15,16:16:36,False,,False,False,723.25,11,1,63,670233871,train,True
668288008,723.18,15,16:16:37,False,,False,False,723.25,12,1,63,670233871,train,True
668288009,723.14,15,16:16:38,False,,False,False,723.24,13,1,63,670233871,train,True
668288010,723.11,15,16:16:39,False,,False,False,723.24,14,1,63,670233871,train,True
668288011,723.2,15,16:16:40,False,,False,False,723.24,15,1,63,670233871,train,True
668288012,723.17,15,16:16:40,False,,False,False,723.24,16,1,63,670233871,train,True
668288013,723.16,15,16:16:41,False,,False,False,723.24,17,1,63,670233871,train,True
668288014,723.18,15,16:16:42,False,,False,False,723.24,18,1,63,670233871,train,True
668288015,723.23,15,16:16:43,False,,False,False,723.24,19,1,63,670233871,train,True
668288016,723.18,15,16:16:44,False,,False,False,723.24,20,1,63,670233871,train,True
668288017,723.21,15,16:16:45,False,,False,False,723.24,21,1,63,670233871,train,True
668288018,723.2,15,16:16:46,False,,False,False,723.24,22,1,63,670233871,train,True
668288019,723.18,15,16:16:47,False,,False,False,723.24,23,1,63,670233871,train,True
668288020,723.2,15,16:16:48,False,,False,False,723.24,24,1,63,670233871,train,True
668288021,723.19,15,16:16:49,False,,False,False,723.24,25,1,63,670233871,train,True
668288022,723.18,15,16:16:50,False,,False,False,723.24,26,1,63,670233871,train,True
668288023,723.23,15,16:16:51,False,,False,True,723.24,27,1,63,670233871,train,True
668288024,723.12,15,16:16:52,False,,False,True,723.24,28,1,63,670233871,train,True
668288025,723.21,15,16:16:53,False,,False,True,723.24,29,1,63,670233871,train,True
668288026,723.17,15,16:16:54,False,,False,True,723.24,30,1,63,670233871,train,True
668288027,723.13,15,16:16:55,False,,False,True,723.24,31,1,63,670233871,train,True
668288028,723.19,15,16:16:56,False,,False,True,723.24,32,1,63,670233871,train,True
668288029,723.17,15,16:16:57,False,,False,True,723.23,33,1,63,670233871,train,True
668288030,723.15,15,16:16:58,False,,False,True,723.23,34,1,63,670233871,train,True
668288031,723.22,15,16:16:59,False,,False,True,723.23,35,1,63,670233871,train,True
668288032,723.13,15,16:17:00,False,,False,True,723.23,36,1,63,670233871,train,True
668288033,723.15,15,16:17:01,False,,False,True,723.23,37,1,63,670233871,train,True
668288034,723.13,15,16:17:02,False,,False,True,723.23,38,1,63,670233871,train,True
668288035,723.13,15,16:17:03,False,,False,True,723.23,39,1,63,670233871,train,True
668288036,723.11,15,16:17:04,False,,False,True,723.23,40,1,63,670233871,train,True
668288037,723.2,15,16:17:05,False,,False,True,723.23,41,1,63,670233871,train,True
668288038,723.13,15,16:17:06,False,,False,True,723.23,42,1,63,670233871,train,True
668288039,723.11,15,16:17:07,False,,False,True,723.23,43,1,63,670233871,train,True
668288040,723.07,15,16:17:08,False,,False,True,723.23,44,1,63,670233871,train,True
668288041,723.09,15,16:17:09,False,,False,True,723.23,45,1,63,670233871,train,True
668288042,723.22,15,16:17:10,False,,False,True,723.23,46,1,63,670233871,train,True
668288043,723.23,15,16:17:11,False,,False,True,723.23,47,1,63,670233871,train,True
668288044,723.16,15,16:17:12,False,,False,True,723.22,48,1,63,670233871,train,True
668288045,723.19,15,16:17:13,False,,False,True,723.22,49,1,63,670233871,train,True
668288046,723.14,15,16:17:14,False,,False,True,723.22,50,1,63,670233871,train,True
668288047,723.1,15,16:17:15,False,,False,True,723.22,51,1,63,670233871,train,True
668288048,723.21,15,16:17:16,False,,False,True,723.22,52,1,63,670233871,train,True
668288049,723.1,15,16:17:17,False,,False,True,723.22,53,1,63,670233871,train,True
668288050,723.1,15,16:17:17,False,,False,True,723.22,54,1,63,670233871,train,True
668288051,723.15,15,16:17:18,False,,False,True,723.22,55,1,63,670233871,train,True
668288052,723.17,15,16:17:19,False,,False,True,723.22,56,1,63,670233871,train,True
668288053,723.17,15,16:17:20,False,,False,True,723.22,57,1,63,670233871,train,True
668288054,723.08,15,16:17:21,False,,False,True,723.22,58,1,63,670233871,train,True
668287995,723.17,15,16:16:24,False,,False,False,723.25,6,0,64,670313772,train,True
668287996,723.16,15,16:16:25,False,,False,False,723.25,5,0,64,670313772,train,True
668287997,723.19,15,16:16:26,False,,False,False,723.25,5,1,64,670313772,train,True
668287998,723.06,15,16:16:27,False,,False,False,723.25,5,1,64,670313772,train,True
668287999,723.07,15,16:16:28,False,,False,False,723.25,5,1,64,670313772,train,True
668288000,723.08,15,16:16:29,False,,False,False,723.25,6,1,64,670313772,train,True
668288001,723.17,15,16:16:30,False,,False,False,723.25,7,1,64,670313772,train,True
668288002,723.17,15,16:16:31,False,,False,False,723.25,8,1,64,670313772,train,True
668288003,723.17,15,16:16:32,False,,False,False,723.25,8,1,64,670313772,train,True
668288004,723.15,15,16:16:33,False,,False,False,723.25,9,1,64,670313772,train,True
668288005,723.22,15,16:16:34,False,,False,False,723.25,10,1,64,670313772,train,True
668288006,723.17,15,16:16:35,False,,False,False,723.25,11,1,64,670313772,train,True
668288007,723.15,15,16:16:36,False,,False,False,723.25,11,1,64,670313772,train,True
668288008,723.18,15,16:16:37,False,,False,False,723.25,12,1,64,670313772,train,True
668288009,723.14,15,16:16:38,False,,False,False,723.24,13,1,64,670313772,train,True
668288010,723.11,15,16:16:39,False,,False,False,723.24,14,1,64,670313772,train,True
668288011,723.2,15,16:16:40,False,,False,False,723.24,15,1,64,670313772,train,True
668288012,723.17,15,16:16:40,False,,False,False,723.24,16,1,64,670313772,train,True
668288013,723.16,15,16:16:41,False,,False,False,723.24,17,1,64,670313772,train,True
668288014,723.18,15,16:16:42,False,,False,False,723.24,18,1,64,670313772,train,True
668288015,723.23,15,16:16:43,False,,False,False,723.24,19,1,64,670313772,train,True
668288016,723.18,15,16:16:44,False,,False,False,723.24,20,1,64,670313772,train,True
668288017,723.21,15,16:16:45,False,,False,False,723.24,21,1,64,670313772,train,True
668288018,723.2,15,16:16:46,False,,False,False,723.24,22,1,64,670313772,train,True
668288019,723.18,15,16:16:47,False,,False,False,723.24,23,1,64,670313772,train,True
668288020,723.2,15,16:16:48,False,,False,False,723.24,24,1,64,670313772,train,True
668288021,723.19,15,16:16:49,False,,False,False,723.24,25,1,64,670313772,train,True
668288022,723.18,15,16:16:50,False,,False,False,723.24,26,1,64,670313772,train,True
668288023,723.23,15,16:16:51,False,,False,True,723.24,27,1,64,670313772,train,True
668288024,723.12,15,16:16:52,False,,False,True,723.24,28,1,64,670313772,train,True
668288025,723.21,15,16:16:53,False,,False,True,723.24,29,1,64,670313772,train,True
668288026,723.17,15,16:16:54,False,,False,True,723.24,30,1,64,670313772,train,True
668288027,723.13,15,16:16:55,False,,False,True,723.24,31,1,64,670313772,train,True
668288028,723.19,15,16:16:56,False,,False,True,723.24,32,1,64,670313772,train,True
668288029,723.17,15,16:16:57,False,,False,True,723.23,33,1,64,670313772,train,True
668288030,723.15,15,16:16:58,False,,False,True,723.23,34,1,64,670313772,train,True
668288031,723.22,15,16:16:59,False,,False,True,723.23,35,1,64,670313772,train,True
668288032,723.13,15,16:17:00,False,,False,True,723.23,36,1,64,670313772,train,True
668288033,723.15,15,16:17:01,False,,False,True,723.23,37,1,64,670313772,train,True
668288034,723.13,15,16:17:02,False,,False,True,723.23,38,1,64,670313772,train,True
668288035,723.13,15,16:17:03,False,,False,True,723.23,39,1,64,670313772,train,True
668288036,723.11,15,16:17:04,False,,False,True,723.23,40,1,64,670313772,train,True
668288037,723.2,15,16:17:05,False,,False,True,723.23,41,1,64,670313772,train,True
668288038,723.13,15,16:17:06,False,,False,True,723.23,42,1,64,670313772,train,True
668288039,723.11,15,16:17:07,False,,False,True,723.23,43,1,64,670313772,train,True
668288040,723.07,15,16:17:08,False,,False,True,723.23,44,1,64,670313772,train,True
668288041,723.09,15,16:17:09,False,,False,True,723.23,45,1,64,670313772,train,True
668288042,723.22,15,16:17:10,False,,False,True,723.23,46,1,64,670313772,train,True
668288043,723.23,15,16:17:11,False,,False,True,723.23,47,1,64,670313772,train,True
668288044,723.16,15,16:17:12,False,,False,True,723.22,48,1,64,670313772,train,True
668288045,723.19,15,16:17:13,False,,False,True,723.22,49,1,64,670313772,train,True
668288046,723.14,15,16:17:14,False,,False,True,723.22,50,1,64,670313772,train,True
668288047,723.1,15,16:17:15,False,,False,True,723.22,51,1,64,670313772,train,True
668288048,723.21,15,16:17:16,False,,False,True,723.22,52,1,64,670313772,train,True
668288049,723.1,15,16:17:17,False,,False,True,723.22,53,1,64,670313772,train,True
668288050,723.1,15,16:17:17,False,,False,True,723.22,54,1,64,670313772,train,True
668288051,723.15,15,16:17:18,False,,False,True,723.22,55,1,64,670313772,train,True
668288052,723.17,15,16:17:19,False,,False,True,723.22,56,1,64,670313772,train,True
668288053,723.17,15,16:17:20,False,,False,True,723.22,57,1,64,670313772,train,True
668288054,723.08,15,16:17:21,False,,False,True,723.22,58,1,64,670313772,train,True
668287995,723.17,15,16:16:24,False,,False,False,723.25,6,0,65,670315385,train,True
668287996,723.16,15,16:16:25,False,,False,False,723.25,5,0,65,670315385,train,True
668287997,723.19,15,16:16:26,False,,False,False,723.25,5,1,65,670315385,train,True
668287998,723.06,15,16:16:27,False,,False,False,723.25,5,1,65,670315385,train,True
668287999,723.07,15,16:16:28,False,,False,False,723.25,5,1,65,670315385,train,True
668288000,723.08,15,16:16:29,False,,False,False,723.25,6,1,65,670315385,train,True
668288001,723.17,15,16:16:30,False,,False,False,723.25,7,1,65,670315385,train,True
668288002,723.17,15,16:16:31,False,,False,False,723.25,8,1,65,670315385,train,True
668288003,723.17,15,16:16:32,False,,False,False,723.25,8,1,65,670315385,train,True
668288004,723.15,15,16:16:33,False,,False,False,723.25,9,1,65,670315385,train,True
668288005,723.22,15,16:16:34,False,,False,False,723.25,10,1,65,670315385,train,True
668288006,723.17,15,16:16:35,False,,False,False,723.25,11,1,65,670315385,train,True
668288007,723.15,15,16:16:36,False,,False,False,723.25,11,1,65,670315385,train,True
668288008,723.18,15,16:16:37,False,,False,False,723.25,12,1,65,670315385,train,True
668288009,723.14,15,16:16:38,False,,False,False,723.24,13,1,65,670315385,train,True
668288010,723.11,15,16:16:39,False,,False,False,723.24,14,1,65,670315385,train,True
668288011,723.2,15,16:16:40,False,,False,False,723.24,15,1,65,670315385,train,True
668288012,723.17,15,16:16:40,False,,False,False,723.24,16,1,65,670315385,train,True
668288013,723.16,15,16:16:41,False,,False,False,723.24,17,1,65,670315385,train,True
668288014,723.18,15,16:16:42,False,,False,False,723.24,18,1,65,670315385,train,True
668288015,723.23,15,16:16:43,False,,False,False,723.24,19,1,65,670315385,train,True
668288016,723.18,15,16:16:44,False,,False,False,723.24,20,1,65,670315385,train,True
668288017,723.21,15,16:16:45,False,,False,False,723.24,21,1,65,670315385,train,True
668288018,723.2,15,16:16:46,False,,False,False,723.24,22,1,65,670315385,train,True
668288019,723.18,15,16:16:47,False,,False,False,723.24,23,1,65,670315385,train,True
668288020,723.2,15,16:16:48,False,,False,False,723.24,24,1,65,670315385,train,True
668288021,723.19,15,16:16:49,False,,False,False,723.24,25,1,65,670315385,train,True
668288022,723.18,15,16:16:50,False,,False,False,723.24,26,1,65,670315385,train,True
668288023,723.23,15,16:16:51,False,,False,True,723.24,27,1,65,670315385,train,True
668288024,723.12,15,16:16:52,False,,False,True,723.24,28,1,65,670315385,train,True
668288025,723.21,15,16:16:53,False,,False,True,723.24,29,1,65,670315385,train,True
668288026,723.17,15,16:16:54,False,,False,True,723.24,30,1,65,670315385,train,True
668288027,723.13,15,16:16:55,False,,False,True,723.24,31,1,65,670315385,train,True
668288028,723.19,15,16:16:56,False,,False,True,723.24,32,1,65,670315385,train,True
668288029,723.17,15,16:16:57,False,,False,True,723.23,33,1,65,670315385,train,True
668288030,723.15,15,16:16:58,False,,False,True,723.23,34,1,65,670315385,train,True
668288031,723.22,15,16:16:59,False,,False,True,723.23,35,1,65,670315385,train,True
668288032,723.13,15,16:17:00,False,,False,True,723.23,36,1,65,670315385,train,True
668288033,723.15,15,16:17:01,False,,False,True,723.23,37,1,65,670315385,train,True
668288034,723.13,15,16:17:02,False,,False,True,723.23,38,1,65,670315385,train,True
668288035,723.13,15,16:17:03,False,,False,True,723.23,39,1,65,670315385,train,True
668288036,723.11,15,16:17:04,False,,False,True,723.23,40,1,65,670315385,train,True
668288037,723.2,15,16:17:05,False,,False,True,723.23,41,1,65,670315385,train,True
668288038,723.13,15,16:17:06,False,,False,True,723.23,42,1,65,670315385,train,True
668288039,723.11,15,16:17:07,False,,False,True,723.23,43,1,65,670315385,train,True
668288040,723.07,15,16:17:08,False,,False,True,723.23,44,1,65,670315385,train,True
668288041,723.09,15,16:17:09,False,,False,True,723.23,45,1,65,670315385,train,True
668288042,723.22,15,16:17:10,False,,False,True,723.23,46,1,65,670315385,train,True
668288043,723.23,15,16:17:11,False,,False,True,723.23,47,1,65,670315385,train,True
668288044,723.16,15,16:17:12,False,,False,True,723.22,48,1,65,670315385,train,True
668288045,723.19,15,16:17:13,False,,False,True,723.22,49,1,65,670315385,train,True
668288046,723.14,15,16:17:14,False,,False,True,723.22,50,1,65,670315385,train,True
668288047,723.1,15,16:17:15,False,,False,True,723.22,51,1,65,670315385,train,True
668288048,723.21,15,16:17:16,False,,False,True,723.22,52,1,65,670315385,train,True
668288049,723.1,15,16:17:17,False,,False,True,723.22,53,1,65,670315385,train,True
668288050,723.1,15,16:17:17,False,,False,True,723.22,54,1,65,670315385,train,True
668288051,723.15,15,16:17:18,False,,False,True,723.22,55,1,65,670315385,train,True
668288052,723.17,15,16:17:19,False,,False,True,723.22,56,1,65,670315385,train,True
668288053,723.17,15,16:17:20,False,,False,True,723.22,57,1,65,670315385,train,True
668288054,723.08,15,16:17:21,False,,False,True,723.22,58,1,65,670315385,train,True
668287995,723.17,15,16:16:24,False,,False,False,723.25,6,0,66,670317790,train,True
668287996,723.16,15,16:16:25,False,,False,False,723.25,5,0,66,670317790,train,True
668287997,723.19,15,16:16:26,False,,False,False,723.25,5,1,66,670317790,train,True
668287998,723.06,15,16:16:27,False,,False,False,723.25,5,1,66,670317790,train,True
668287999,723.07,15,16:16:28,False,,False,False,723.25,5,1,66,670317790,train,True
668288000,723.08,15,16:16:29,False,,False,False,723.25,6,1,66,670317790,train,True
668288001,723.17,15,16:16:30,False,,False,False,723.25,7,1,66,670317790,train,True
668288002,723.17,15,16:16:31,False,,False,False,723.25,8,1,66,670317790,train,True
668288003,723.17,15,16:16:32,False,,False,False,723.25,8,1,66,670317790,train,True
668288004,723.15,15,16:16:33,False,,False,False,723.25,9,1,66,670317790,train,True
668288005,723.22,15,16:16:34,False,,False,False,723.25,10,1,66,670317790,train,True
668288006,723.17,15,16:16:35,False,,False,False,723.25,11,1,66,670317790,train,True
668288007,723.15,15,16:16:36,False,,False,False,723.25,11,1,66,670317790,train,True
668288008,723.18,15,16:16:37,False,,False,False,723.25,12,1,66,670317790,train,True
668288009,723.14,15,16:16:38,False,,False,False,723.24,13,1,66,670317790,train,True
668288010,723.11,15,16:16:39,False,,False,False,723.24,14,1,66,670317790,train,True
668288011,723.2,15,16:16:40,False,,False,False,723.24,15,1,66,670317790,train,True
668288012,723.17,15,16:16:40,False,,False,False,723.24,16,1,66,670317790,train,True
668288013,723.16,15,16:16:41,False,,False,False,723.24,17,1,66,670317790,train,True
668288014,723.18,15,16:16:42,False,,False,False,723.24,18,1,66,670317790,train,True
668288015,723.23,15,16:16:43,False,,False,False,723.24,19,1,66,670317790,train,True
668288016,723.18,15,16:16:44,False,,False,False,723.24,20,1,66,670317790,train,True
668288017,723.21,15,16:16:45,False,,False,False,723.24,21,1,66,670317790,train,True
668288018,723.2,15,16:16:46,False,,False,False,723.24,22,1,66,670317790,train,True
668288019,723.18,15,16:16:47,False,,False,False,723.24,23,1,66,670317790,train,True
668288020,723.2,15,16:16:48,False,,False,False,723.24,24,1,66,670317790,train,True
668288021,723.19,15,16:16:49,False,,False,False,723.24,25,1,66,670317790,train,True
668288022,723.18,15,16:16:50,False,,False,False,723.24,26,1,66,670317790,train,True
668288023,723.23,15,16:16:51,False,,False,True,723.24,27,1,66,670317790,train,True
668288024,723.12,15,16:16:52,False,,False,True,723.24,28,1,66,670317790,train,True
668288025,723.21,15,16:16:53,False,,False,True,723.24,29,1,66,670317790,train,True
668288026,723.17,15,16:16:54,False,,False,True,723.24,30,1,66,670317790,train,True
668288027,723.13,15,16:16:55,False,,False,True,723.24,31,1,66,670317790,train,True
668288028,723.19,15,16:16:56,False,,False,True,723.24,32,1,66,670317790,train,True
668288029,723.17,15,16:16:57,False,,False,True,723.23,33,1,66,670317790,train,True
668288030,723.15,15,16:16:58,False,,False,True,723.23,34,1,66,670317790,train,True
668288031,723.22,15,16:16:59,False,,False,True,723.23,35,1,66,670317790,train,True
668288032,723.13,15,16:17:00,False,,False,True,723.23,36,1,66,670317790,train,True
668288033,723.15,15,16:17:01,False,,False,True,723.23,37,1,66,670317790,train,True
668288034,723.13,15,16:17:02,False,,False,True,723.23,38,1,66,670317790,train,True
668288035,723.13,15,16:17:03,False,,False,True,723.23,39,1,66,670317790,train,True
668288036,723.11,15,16:17:04,False,,False,True,723.23,40,1,66,670317790,train,True
668288037,723.2,15,16:17:05,False,,False,True,723.23,41,1,66,670317790,train,True
668288038,723.13,15,16:17:06,False,,False,True,723.23,42,1,66,670317790,train,True
668288039,723.11,15,16:17:07,False,,False,True,723.23,43,1,66,670317790,train,True
668288040,723.07,15,16:17:08,False,,False,True,723.23,44,1,66,670317790,train,True
668288041,723.09,15,16:17:09,False,,False,True,723.23,45,1,66,670317790,train,True
668288042,723.22,15,16:17:10,False,,False,True,723.23,46,1,66,670317790,train,True
668288043,723.23,15,16:17:11,False,,False,True,723.23,47,1,66,670317790,train,True
668288044,723.16,15,16:17:12,False,,False,True,723.22,48,1,66,670317790,train,True
668288045,723.19,15,16:17:13,False,,False,True,723.22,49,1,66,670317790,train,True
668288046,723.14,15,16:17:14,False,,False,True,723.22,50,1,66,670317790,train,True
668288047,723.1,15,16:17:15,False,,False,True,723.22,51,1,66,670317790,train,True
668288048,723.21,15,16:17:16,False,,False,True,723.22,52,1,66,670317790,train,True
668288049,723.1,15,16:17:17,False,,False,True,723.22,53,1,66,670317790,train,True
668288050,723.1,15,16:17:17,False,,False,True,723.22,54,1,66,670317790,train,True
668288051,723.15,15,16:17:18,False,,False,True,723.22,55,1,66,670317790,train,True
668288052,723.17,15,16:17:19,False,,False,True,723.22,56,1,66,670317790,train,True
668288053,723.17,15,16:17:20,False,,False,True,723.22,57,1,66,670317790,train,True
668288054,723.08,15,16:17:21,False,,False,True,723.22,58,1,66,670317790,train,True
668287995,723.17,15,16:16:24,False,,False,False,723.25,6,0,67,670321691,train,True
668287996,723.16,15,16:16:25,False,,False,False,723.25,5,0,67,670321691,train,True
668287997,723.19,15,16:16:26,False,,False,False,723.25,5,1,67,670321691,train,True
668287998,723.06,15,16:16:27,False,,False,False,723.25,5,1,67,670321691,train,True
668287999,723.07,15,16:16:28,False,,False,False,723.25,5,1,67,670321691,train,True
668288000,723.08,15,16:16:29,False,,False,False,723.25,6,1,67,670321691,train,True
668288001,723.17,15,16:16:30,False,,False,False,723.25,7,1,67,670321691,train,True
668288002,723.17,15,16:16:31,False,,False,False,723.25,8,1,67,670321691,train,True
668288003,723.17,15,16:16:32,False,,False,False,723.25,8,1,67,670321691,train,True
668288004,723.15,15,16:16:33,False,,False,False,723.25,9,1,67,670321691,train,True
668288005,723.22,15,16:16:34,False,,False,False,723.25,10,1,67,670321691,train,True
668288006,723.17,15,16:16:35,False,,False,False,723.25,11,1,67,670321691,train,True
668288007,723.15,15,16:16:36,False,,False,False,723.25,11,1,67,670321691,train,True
668288008,723.18,15,16:16:37,False,,False,False,723.25,12,1,67,670321691,train,True
668288009,723.14,15,16:16:38,False,,False,False,723.24,13,1,67,670321691,train,True
668288010,723.11,15,16:16:39,False,,False,False,723.24,14,1,67,670321691,train,True
668288011,723.2,15,16:16:40,False,,False,False,723.24,15,1,67,670321691,train,True
668288012,723.17,15,16:16:40,False,,False,False,723.24,16,1,67,670321691,train,True
668288013,723.16,15,16:16:41,False,,False,False,723.24,17,1,67,670321691,train,True
668288014,723.18,15,16:16:42,False,,False,False,723.24,18,1,67,670321691,train,True
668288015,723.23,15,16:16:43,False,,False,False,723.24,19,1,67,670321691,train,True
668288016,723.18,15,16:16:44,False,,False,False,723.24,20,1,67,670321691,train,True
668288017,723.21,15,16:16:45,False,,False,False,723.24,21,1,67,670321691,train,True
668288018,723.2,15,16:16:46,False,,False,False,723.24,22,1,67,670321691,train,True
668288019,723.18,15,16:16:47,False,,False,False,723.24,23,1,67,670321691,train,True
668288020,723.2,15,16:16:48,False,,False,False,723.24,24,1,67,670321691,train,True
668288021,723.19,15,16:16:49,False,,False,False,723.24,25,1,67,670321691,train,True
668288022,723.18,15,16:16:50,False,,False,False,723.24,26,1,67,670321691,train,True
668288023,723.23,15,16:16:51,False,,False,True,723.24,27,1,67,670321691,train,True
668288024,723.12,15,16:16:52,False,,False,True,723.24,28,1,67,670321691,train,True
668288025,723.21,15,16:16:53,False,,False,True,723.24,29,1,67,670321691,train,True
668288026,723.17,15,16:16:54,False,,False,True,723.24,30,1,67,670321691,train,True
668288027,723.13,15,16:16:55,False,,False,True,723.24,31,1,67,670321691,train,True
668288028,723.19,15,16:16:56,False,,False,True,723.24,32,1,67,670321691,train,True
668288029,723.17,15,16:16:57,False,,False,True,723.23,33,1,67,670321691,train,True
668288030,723.15,15,16:16:58,False,,False,True,723.23,34,1,67,670321691,train,True
668288031,723.22,15,16:16:59,False,,False,True,723.23,35,1,67,670321691,train,True
668288032,723.13,15,16:17:00,False,,False,True,723.23,36,1,67,670321691,train,True
668288033,723.15,15,16:17:01,False,,False,True,723.23,37,1,67,670321691,train,True
668288034,723.13,15,16:17:02,False,,False,True,723.23,38,1,67,670321691,train,True
668288035,723.13,15,16:17:03,False,,False,True,723.23,39,1,67,670321691,train,True
668288036,723.11,15,16:17:04,False,,False,True,723.23,40,1,67,670321691,train,True
668288037,723.2,15,16:17:05,False,,False,True,723.23,41,1,67,670321691,train,True
668288038,723.13,15,16:17:06,False,,False,True,723.23,42,1,67,670321691,train,True
668288039,723.11,15,16:17:07,False,,False,True,723.23,43,1,67,670321691,train,True
668288040,723.07,15,16:17:08,False,,False,True,723.23,44,1,67,670321691,train,True
668288041,723.09,15,16:17:09,False,,False,True,723.23,45,1,67,670321691,train,True
668288042,723.22,15,16:17:10,False,,False,True,723.23,46,1,67,670321691,train,True
668288043,723.23,15,16:17:11,False,,False,True,723.23,47,1,67,670321691,train,True
668288044,723.16,15,16:17:12,False,,False,True,723.22,48,1,67,670321691,train,True
668288045,723.19,15,16:17:13,False,,False,True,723.22,49,1,67,670321691,train,True
668288046,723.14,15,16:17:14,False,,False,True,723.22,50,1,67,670321691,train,True
668288047,723.1,15,16:17:15,False,,False,True,723.22,51,1,67,670321691,train,True
668288048,723.21,15,16:17:16,False,,False,True,723.22,52,1,67,670321691,train,True
668288049,723.1,15,16:17:17,False,,False,True,723.22,53,1,67,670321691,train,True
668288050,723.1,15,16:17:17,False,,False,True,723.22,54,1,67,670321691,train,True
668288051,723.15,15,16:17:18,False,,False,True,723.22,55,1,67,670321691,train,True
668288052,723.17,15,16:17:19,False,,False,True,723.22,56,1,67,670321691,train,True
668288053,723.17,15,16:17:20,False,,False,True,723.22,57,1,67,670321691,train,True
668288054,723.08,15,16:17:21,False,,False,True,723.22,58,1,67,670321691,train,True
668287995,723.17,15,16:16:24,False,,False,False,723.25,6,0,68,670325686,train,True
668287996,723.16,15,16:16:25,False,,False,False,723.25,5,0,68,670325686,train,True
668287997,723.19,15,16:16:26,False,,False,False,723.25,5,1,68,670325686,train,True
668287998,723.06,15,16:16:27,False,,False,False,723.25,5,1,68,670325686,train,True
668287999,723.07,15,16:16:28,False,,False,False,723.25,5,1,68,670325686,train,True
668288000,723.08,15,16:16:29,False,,False,False,723.25,6,1,68,670325686,train,True
668288001,723.17,15,16:16:30,False,,False,False,723.25,7,1,68,670325686,train,True
668288002,723.17,15,16:16:31,False,,False,False,723.25,8,1,68,670325686,train,True
668288003,723.17,15,16:16:32,False,,False,False,723.25,8,1,68,670325686,train,True
668288004,723.15,15,16:16:33,False,,False,False,723.25,9,1,68,670325686,train,True
668288005,723.22,15,16:16:34,False,,False,False,723.25,10,1,68,670325686,train,True
668288006,723.17,15,16:16:35,False,,False,False,723.25,11,1,68,670325686,train,True
668288007,723.15,15,16:16:36,False,,False,False,723.25,11,1,68,670325686,train,True
668288008,723.18,15,16:16:37,False,,False,False,723.25,12,1,68,670325686,train,True
668288009,723.14,15,16:16:38,False,,False,False,723.24,13,1,68,670325686,train,True
668288010,723.11,15,16:16:39,False,,False,False,723.24,14,1,68,670325686,train,True
668288011,723.2,15,16:16:40,False,,False,False,723.24,15,1,68,670325686,train,True
668288012,723.17,15,16:16:40,False,,False,False,723.24,16,1,68,670325686,train,True
668288013,723.16,15,16:16:41,False,,False,False,723.24,17,1,68,670325686,train,True
668288014,723.18,15,16:16:42,False,,False,False,723.24,18,1,68,670325686,train,True
668288015,723.23,15,16:16:43,False,,False,False,723.24,19,1,68,670325686,train,True
668288016,723.18,15,16:16:44,False,,False,False,723.24,20,1,68,670325686,train,True
668288017,723.21,15,16:16:45,False,,False,False,723.24,21,1,68,670325686,train,True
668288018,723.2,15,16:16:46,False,,False,False,723.24,22,1,68,670325686,train,True
668288019,723.18,15,16:16:47,False,,False,False,723.24,23,1,68,670325686,train,True
668288020,723.2,15,16:16:48,False,,False,False,723.24,24,1,68,670325686,train,True
668288021,723.19,15,16:16:49,False,,False,False,723.24,25,1,68,670325686,train,True
668288022,723.18,15,16:16:50,False,,False,False,723.24,26,1,68,670325686,train,True
668288023,723.23,15,16:16:51,False,,False,True,723.24,27,1,68,670325686,train,True
668288024,723.12,15,16:16:52,False,,False,True,723.24,28,1,68,670325686,train,True
668288025,723.21,15,16:16:53,False,,False,True,723.24,29,1,68,670325686,train,True
668288026,723.17,15,16:16:54,False,,False,True,723.24,30,1,68,670325686,train,True
668288027,723.13,15,16:16:55,False,,False,True,723.24,31,1,68,670325686,train,True
668288028,723.19,15,16:16:56,False,,False,True,723.24,32,1,68,670325686,train,True
668288029,723.17,15,16:16:57,False,,False,True,723.23,33,1,68,670325686,train,True
668288030,723.15,15,16:16:58,False,,False,True,723.23,34,1,68,670325686,train,True
668288031,723.22,15,16:16:59,False,,False,True,723.23,35,1,68,670325686,train,True
668288032,723.13,15,16:17:00,False,,False,True,723.23,36,1,68,670325686,train,True
668288033,723.15,15,16:17:01,False,,False,True,723.23,37,1,68,670325686,train,True
668288034,723.13,15,16:17:02,False,,False,True,723.23,38,1,68,670325686,train,True
668288035,723.13,15,16:17:03,False,,False,True,723.23,39,1,68,670325686,train,True
668288036,723.11,15,16:17:04,False,,False,True,723.23,40,1,68,670325686,train,True
668288037,723.2,15,16:17:05,False,,False,True,723.23,41,1,68,670325686,train,True
668288038,723.13,15,16:17:06,False,,False,True,723.23,42,1,68,670325686,train,True
668288039,723.11,15,16:17:07,False,,False,True,723.23,43,1,68,670325686,train,True
668288040,723.07,15,16:17:08,False,,False,True,723.23,44,1,68,670325686,train,True
668288041,723.09,15,16:17:09,False,,False,True,723.23,45,1,68,670325686,train,True
668288042,723.22,15,16:17:10,False,,False,True,723.23,46,1,68,670325686,train,True
668288043,723.23,15,16:17:11,False,,False,True,723.23,47,1,68,670325686,train,True
668288044,723.16,15,16:17:12,False,,False,True,723.22,48,1,68,670325686,train,True
668288045,723.19,15,16:17:13,False,,False,True,723.22,49,1,68,670325686,train,True
668288046,723.14,15,16:17:14,False,,False,True,723.22,50,1,68,670325686,train,True
668288047,723.1,15,16:17:15,False,,False,True,723.22,51,1,68,670325686,train,True
668288048,723.21,15,16:17:16,False,,False,True,723.22,52,1,68,670325686,train,True
668288049,723.1,15,16:17:17,False,,False,True,723.22,53,1,68,670325686,train,True
668288050,723.1,15,16:17:17,False,,False,True,723.22,54,1,68,670325686,train,True
668288051,723.15,15,16:17:18,False,,False,True,723.22,55,1,68,670325686,train,True
668288052,723.17,15,16:17:19,False,,False,True,723.22,56,1,68,670325686,train,True
668288053,723.17,15,16:17:20,False,,False,True,723.22,57,1,68,670325686,train,True
668288054,723.08,15,16:17:21,False,,False,True,723.22,58,1,68,670325686,train,True
668287995,723.17,15,16:16:24,False,,False,False,723.25,6,0,69,670329256,train,True
668287996,723.16,15,16:16:25,False,,False,False,723.25,5,0,69,670329256,train,True
668287997,723.19,15,16:16:26,False,,False,False,723.25,5,1,69,670329256,train,True
668287998,723.06,15,16:16:27,False,,False,False,723.25,5,1,69,670329256,train,True
668287999,723.07,15,16:16:28,False,,False,False,723.25,5,1,69,670329256,train,True
668288000,723.08,15,16:16:29,False,,False,False,723.25,6,1,69,670329256,train,True
668288001,723.17,15,16:16:30,False,,False,False,723.25,7,1,69,670329256,train,True
668288002,723.17,15,16:16:31,False,,False,False,723.25,8,1,69,670329256,train,True
668288003,723.17,15,16:16:32,False,,False,False,723.25,8,1,69,670329256,train,True
668288004,723.15,15,16:16:33,False,,False,False,723.25,9,1,69,670329256,train,True
668288005,723.22,15,16:16:34,False,,False,False,723.25,10,1,69,670329256,train,True
668288006,723.17,15,16:16:35,False,,False,False,723.25,11,1,69,670329256,train,True
668288007,723.15,15,16:16:36,False,,False,False,723.25,11,1,69,670329256,train,True
668288008,723.18,15,16:16:37,False,,False,False,723.25,12,1,69,670329256,train,True
668288009,723.14,15,16:16:38,False,,False,False,723.24,13,1,69,670329256,train,True
668288010,723.11,15,16:16:39,False,,False,False,723.24,14,1,69,670329256,train,True
668288011,723.2,15,16:16:40,False,,False,False,723.24,15,1,69,670329256,train,True
668288012,723.17,15,16:16:40,False,,False,False,723.24,16,1,69,670329256,train,True
668288013,723.16,15,16:16:41,False,,False,False,723.24,17,1,69,670329256,train,True
668288014,723.18,15,16:16:42,False,,False,False,723.24,18,1,69,670329256,train,True
668288015,723.23,15,16:16:43,False,,False,False,723.24,19,1,69,670329256,train,True
668288016,723.18,15,16:16:44,False,,False,False,723.24,20,1,69,670329256,train,True
668288017,723.21,15,16:16:45,False,,False,False,723.24,21,1,69,670329256,train,True
668288018,723.2,15,16:16:46,False,,False,False,723.24,22,1,69,670329256,train,True
668288019,723.18,15,16:16:47,False,,False,False,723.24,23,1,69,670329256,train,True
668288020,723.2,15,16:16:48,False,,False,False,723.24,24,1,69,670329256,train,True
668288021,723.19,15,16:16:49,False,,False,False,723.24,25,1,69,670329256,train,True
668288022,723.18,15,16:16:50,False,,False,False,723.24,26,1,69,670329256,train,True
668288023,723.23,15,16:16:51,False,,False,True,723.24,27,1,69,670329256,train,True
668288024,723.12,15,16:16:52,False,,False,True,723.24,28,1,69,670329256,train,True
668288025,723.21,15,16:16:53,False,,False,True,723.24,29,1,69,670329256,train,True
668288026,723.17,15,16:16:54,False,,False,True,723.24,30,1,69,670329256,train,True
668288027,723.13,15,16:16:55,False,,False,True,723.24,31,1,69,670329256,train,True
668288028,723.19,15,16:16:56,False,,False,True,723.24,32,1,69,670329256,train,True
668288029,723.17,15,16:16:57,False,,False,True,723.23,33,1,69,670329256,train,True
668288030,723.15,15,16:16:58,False,,False,True,723.23,34,1,69,670329256,train,True
668288031,723.22,15,16:16:59,False,,False,True,723.23,35,1,69,670329256,train,True
668288032,723.13,15,16:17:00,False,,False,True,723.23,36,1,69,670329256,train,True
668288033,723.15,15,16:17:01,False,,False,True,723.23,37,1,69,670329256,train,True
668288034,723.13,15,16:17:02,False,,False,True,723.23,38,1,69,670329256,train,True
668288035,723.13,15,16:17:03,False,,False,True,723.23,39,1,69,670329256,train,True
668288036,723.11,15,16:17:04,False,,False,True,723.23,40,1,69,670329256,train,True
668288037,723.2,15,16:17:05,False,,False,True,723.23,41,1,69,670329256,train,True
668288038,723.13,15,16:17:06,False,,False,True,723.23,42,1,69,670329256,train,True
668288039,723.11,15,16:17:07,False,,False,True,723.23,43,1,69,670329256,train,True
668288040,723.07,15,16:17:08,False,,False,True,723.23,44,1,69,670329256,train,True
668288041,723.09,15,16:17:09,False,,False,True,723.23,45,1,69,670329256,train,True
668288042,723.22,15,16:17:10,False,,False,True,723.23,46,1,69,670329256,train,True
668288043,723.23,15,16:17:11,False,,False,True,723.23,47,1,69,670329256,train,True
668288044,723.16,15,16:17:12,False,,False,True,723.22,48,1,69,670329256,train,True
668288045,723.19,15,16:17:13,False,,False,True,723.22,49,1,69,670329256,train,True
668288046,723.14,15,16:17:14,False,,False,True,723.22,50,1,69,670329256,train,True
668288047,723.1,15,16:17:15,False,,False,True,723.22,51,1,69,670329256,train,True
668288048,723.21,15,16:17:16,False,,False,True,723.22,52,1,69,670329256,train,True
668288049,723.1,15,16:17:17,False,,False,True,723.22,53,1,69,670329256,train,True
668288050,723.1,15,16:17:17,False,,False,True,723.22,54,1,69,670329256,train,True
668288051,723.15,15,16:17:18,False,,False,True,723.22,55,1,69,670329256,train,True
668288052,723.17,15,16:17:19,False,,False,True,723.22,56,1,69,670329256,train,True
668288053,723.17,15,16:17:20,False,,False,True,723.22,57,1,69,670329256,train,True
668288054,723.08,15,16:17:21,False,,False,True,723.22,58,1,69,670329256,train,True
668287995,723.17,15,16:16:24,False,,False,False,723.25,6,0,70,670398725,train,True
668287996,723.16,15,16:16:25,False,,False,False,723.25,5,0,70,670398725,train,True
668287997,723.19,15,16:16:26,False,,False,False,723.25,5,1,70,670398725,train,True
668287998,723.06,15,16:16:27,False,,False,False,723.25,5,1,70,670398725,train,True
668287999,723.07,15,16:16:28,False,,False,False,723.25,5,1,70,670398725,train,True
668288000,723.08,15,16:16:29,False,,False,False,723.25,6,1,70,670398725,train,True
668288001,723.17,15,16:16:30,False,,False,False,723.25,7,1,70,670398725,train,True
668288002,723.17,15,16:16:31,False,,False,False,723.25,8,1,70,670398725,train,True
668288003,723.17,15,16:16:32,False,,False,False,723.25,8,1,70,670398725,train,True
668288004,723.15,15,16:16:33,False,,False,False,723.25,9,1,70,670398725,train,True
668288005,723.22,15,16:16:34,False,,False,False,723.25,10,1,70,670398725,train,True
668288006,723.17,15,16:16:35,False,,False,False,723.25,11,1,70,670398725,train,True
668288007,723.15,15,16:16:36,False,,False,False,723.25,11,1,70,670398725,train,True
668288008,723.18,15,16:16:37,False,,False,False,723.25,12,1,70,670398725,train,True
668288009,723.14,15,16:16:38,False,,False,False,723.24,13,1,70,670398725,train,True
668288010,723.11,15,16:16:39,False,,False,False,723.24,14,1,70,670398725,train,True
668288011,723.2,15,16:16:40,False,,False,False,723.24,15,1,70,670398725,train,True
668288012,723.17,15,16:16:40,False,,False,False,723.24,16,1,70,670398725,train,True
668288013,723.16,15,16:16:41,False,,False,False,723.24,17,1,70,670398725,train,True
668288014,723.18,15,16:16:42,False,,False,False,723.24,18,1,70,670398725,train,True
668288015,723.23,15,16:16:43,False,,False,False,723.24,19,1,70,670398725,train,True
668288016,723.18,15,16:16:44,False,,False,False,723.24,20,1,70,670398725,train,True
668288017,723.21,15,16:16:45,False,,False,False,723.24,21,1,70,670398725,train,True
668288018,723.2,15,16:16:46,False,,False,False,723.24,22,1,70,670398725,train,True
668288019,723.18,15,16:16:47,False,,False,False,723.24,23,1,70,670398725,train,True
668288020,723.2,15,16:16:48,False,,False,False,723.24,24,1,70,670398725,train,True
668288021,723.19,15,16:16:49,False,,False,False,723.24,25,1,70,670398725,train,True
668288022,723.18,15,16:16:50,False,,False,False,723.24,26,1,70,670398725,train,True
668288023,723.23,15,16:16:51,False,,False,True,723.24,27,1,70,670398725,train,True
668288024,723.12,15,16:16:52,False,,False,True,723.24,28,1,70,670398725,train,True
668288025,723.21,15,16:16:53,False,,False,True,723.24,29,1,70,670398725,train,True
668288026,723.17,15,16:16:54,False,,False,True,723.24,30,1,70,670398725,train,True
668288027,723.13,15,16:16:55,False,,False,True,723.24,31,1,70,670398725,train,True
668288028,723.19,15,16:16:56,False,,False,True,723.24,32,1,70,670398725,train,True
668288029,723.17,15,16:16:57,False,,False,True,723.23,33,1,70,670398725,train,True
668288030,723.15,15,16:16:58,False,,False,True,723.23,34,1,70,670398725,train,True
668288031,723.22,15,16:16:59,False,,False,True,723.23,35,1,70,670398725,train,True
668288032,723.13,15,16:17:00,False,,False,True,723.23,36,1,70,670398725,train,True
668288033,723.15,15,16:17:01,False,,False,True,723.23,37,1,70,670398725,train,True
668288034,723.13,15,16:17:02,False,,False,True,723.23,38,1,70,670398725,train,True
668288035,723.13,15,16:17:03,False,,False,True,723.23,39,1,70,670398725,train,True
668288036,723.11,15,16:17:04,False,,False,True,723.23,40,1,70,670398725,train,True
668288037,723.2,15,16:17:05,False,,False,True,723.23,41,1,70,670398725,train,True
668288038,723.13,15,16:17:06,False,,False,True,723.23,42,1,70,670398725,train,True
668288039,723.11,15,16:17:07,False,,False,True,723.23,43,1,70,670398725,train,True
668288040,723.07,15,16:17:08,False,,False,True,723.23,44,1,70,670398725,train,True
668288041,723.09,15,16:17:09,False,,False,True,723.23,45,1,70,670398725,train,True
668288042,723.22,15,16:17:10,False,,False,True,723.23,46,1,70,670398725,train,True
668288043,723.23,15,16:17:11,False,,False,True,723.23,47,1,70,670398725,train,True
668288044,723.16,15,16:17:12,False,,False,True,723.22,48,1,70,670398725,train,True
668288045,723.19,15,16:17:13,False,,False,True,723.22,49,1,70,670398725,train,True
668288046,723.14,15,16:17:14,False,,False,True,723.22,50,1,70,670398725,train,True
668288047,723.1,15,16:17:15,False,,False,True,723.22,51,1,70,670398725,train,True
668288048,723.21,15,16:17:16,False,,False,True,723.22,52,1,70,670398725,train,True
668288049,723.1,15,16:17:17,False,,False,True,723.22,53,1,70,670398725,train,True
668288050,723.1,15,16:17:17,False,,False,True,723.22,54,1,70,670398725,train,True
668288051,723.15,15,16:17:18,False,,False,True,723.22,55,1,70,670398725,train,True
668288052,723.17,15,16:17:19,False,,False,True,723.22,56,1,70,670398725,train,True
668288053,723.17,15,16:17:20,False,,False,True,723.22,57,1,70,670398725,train,True
668288054,723.08,15,16:17:21,False,,False,True,723.22,58,1,70,670398725,train,True
668287995,723.17,15,16:16:24,False,,False,False,723.25,6,0,71,670402854,train,True
668287996,723.16,15,16:16:25,False,,False,False,723.25,5,0,71,670402854,train,True
668287997,723.19,15,16:16:26,False,,False,False,723.25,5,1,71,670402854,train,True
668287998,723.06,15,16:16:27,False,,False,False,723.25,5,1,71,670402854,train,True
668287999,723.07,15,16:16:28,False,,False,False,723.25,5,1,71,670402854,train,True
668288000,723.08,15,16:16:29,False,,False,False,723.25,6,1,71,670402854,train,True
668288001,723.17,15,16:16:30,False,,False,False,723.25,7,1,71,670402854,train,True
668288002,723.17,15,16:16:31,False,,False,False,723.25,8,1,71,670402854,train,True
668288003,723.17,15,16:16:32,False,,False,False,723.25,8,1,71,670402854,train,True
668288004,723.15,15,16:16:33,False,,False,False,723.25,9,1,71,670402854,train,True
668288005,723.22,15,16:16:34,False,,False,False,723.25,10,1,71,670402854,train,True
668288006,723.17,15,16:16:35,False,,False,False,723.25,11,1,71,670402854,train,True
668288007,723.15,15,16:16:36,False,,False,False,723.25,11,1,71,670402854,train,True
668288008,723.18,15,16:16:37,False,,False,False,723.25,12,1,71,670402854,train,True
668288009,723.14,15,16:16:38,False,,False,False,723.24,13,1,71,670402854,train,True
668288010,723.11,15,16:16:39,False,,False,False,723.24,14,1,71,670402854,train,True
668288011,723.2,15,16:16:40,False,,False,False,723.24,15,1,71,670402854,train,True
668288012,723.17,15,16:16:40,False,,False,False,723.24,16,1,71,670402854,train,True
668288013,723.16,15,16:16:41,False,,False,False,723.24,17,1,71,670402854,train,True
668288014,723.18,15,16:16:42,False,,False,False,723.24,18,1,71,670402854,train,True
668288015,723.23,15,16:16:43,False,,False,False,723.24,19,1,71,670402854,train,True
668288016,723.18,15,16:16:44,False,,False,False,723.24,20,1,71,670402854,train,True
668288017,723.21,15,16:16:45,False,,False,False,723.24,21,1,71,670402854,train,True
668288018,723.2,15,16:16:46,False,,False,False,723.24,22,1,71,670402854,train,True
668288019,723.18,15,16:16:47,False,,False,False,723.24,23,1,71,670402854,train,True
668288020,723.2,15,16:16:48,False,,False,False,723.24,24,1,71,670402854,train,True
668288021,723.19,15,16:16:49,False,,False,False,723.24,25,1,71,670402854,train,True
668288022,723.18,15,16:16:50,False,,False,False,723.24,26,1,71,670402854,train,True
668288023,723.23,15,16:16:51,False,,False,True,723.24,27,1,71,670402854,train,True
668288024,723.12,15,16:16:52,False,,False,True,723.24,28,1,71,670402854,train,True
668288025,723.21,15,16:16:53,False,,False,True,723.24,29,1,71,670402854,train,True
668288026,723.17,15,16:16:54,False,,False,True,723.24,30,1,71,670402854,train,True
668288027,723.13,15,16:16:55,False,,False,True,723.24,31,1,71,670402854,train,True
668288028,723.19,15,16:16:56,False,,False,True,723.24,32,1,71,670402854,train,True
668288029,723.17,15,16:16:57,False,,False,True,723.23,33,1,71,670402854,train,True
668288030,723.15,15,16:16:58,False,,False,True,723.23,34,1,71,670402854,train,True
668288031,723.22,15,16:16:59,False,,False,True,723.23,35,1,71,670402854,train,True
668288032,723.13,15,16:17:00,False,,False,True,723.23,36,1,71,670402854,train,True
668288033,723.15,15,16:17:01,False,,False,True,723.23,37,1,71,670402854,train,True
668288034,723.13,15,16:17:02,False,,False,True,723.23,38,1,71,670402854,train,True
668288035,723.13,15,16:17:03,False,,False,True,723.23,39,1,71,670402854,train,True
668288036,723.11,15,16:17:04,False,,False,True,723.23,40,1,71,670402854,train,True
668288037,723.2,15,16:17:05,False,,False,True,723.23,41,1,71,670402854,train,True
668288038,723.13,15,16:17:06,False,,False,True,723.23,42,1,71,670402854,train,True
668288039,723.11,15,16:17:07,False,,False,True,723.23,43,1,71,670402854,train,True
668288040,723.07,15,16:17:08,False,,False,True,723.23,44,1,71,670402854,train,True
668288041,723.09,15,16:17:09,False,,False,True,723.23,45,1,71,670402854,train,True
668288042,723.22,15,16:17:10,False,,False,True,723.23,46,1,71,670402854,train,True
668288043,723.23,15,16:17:11,False,,False,True,723.23,47,1,71,670402854,train,True
668288044,723.16,15,16:17:12,False,,False,True,723.22,48,1,71,670402854,train,True
668288045,723.19,15,16:17:13,False,,False,True,723.22,49,1,71,670402854,train,True
668288046,723.14,15,16:17:14,False,,False,True,723.22,50,1,71,670402854,train,True
668288047,723.1,15,16:17:15,False,,False,True,723.22,51,1,71,670402854,train,True
668288048,723.21,15,16:17:16,False,,False,True,723.22,52,1,71,670402854,train,True
668288049,723.1,15,16:17:17,False,,False,True,723.22,53,1,71,670402854,train,True
668288050,723.1,15,16:17:17,False,,False,True,723.22,54,1,71,670402854,train,True
668288051,723.15,15,16:17:18,False,,False,True,723.22,55,1,71,670402854,train,True
668288052,723.17,15,16:17:19,False,,False,True,723.22,56,1,71,670402854,train,True
668288053,723.17,15,16:17:20,False,,False,True,723.22,57,1,71,670402854,train,True
668288054,723.08,15,16:17:21,False,,False,True,723.22,58,1,71,670402854,train,True
668287995,723.17,15,16:16:24,False,,False,False,723.25,6,0,72,670403870,train,True
668287996,723.16,15,16:16:25,False,,False,False,723.25,5,0,72,670403870,train,True
668287997,723.19,15,16:16:26,False,,False,False,723.25,5,1,72,670403870,train,True
668287998,723.06,15,16:16:27,False,,False,False,723.25,5,1,72,670403870,train,True
668287999,723.07,15,16:16:28,False,,False,False,723.25,5,1,72,670403870,train,True
668288000,723.08,15,16:16:29,False,,False,False,723.25,6,1,72,670403870,train,True
668288001,723.17,15,16:16:30,False,,False,False,723.25,7,1,72,670403870,train,True
668288002,723.17,15,16:16:31,False,,False,False,723.25,8,1,72,670403870,train,True
668288003,723.17,15,16:16:32,False,,False,False,723.25,8,1,72,670403870,train,True
668288004,723.15,15,16:16:33,False,,False,False,723.25,9,1,72,670403870,train,True
668288005,723.22,15,16:16:34,False,,False,False,723.25,10,1,72,670403870,train,True
668288006,723.17,15,16:16:35,False,,False,False,723.25,11,1,72,670403870,train,True
668288007,723.15,15,16:16:36,False,,False,False,723.25,11,1,72,670403870,train,True
668288008,723.18,15,16:16:37,False,,False,False,723.25,12,1,72,670403870,train,True
668288009,723.14,15,16:16:38,False,,False,False,723.24,13,1,72,670403870,train,True
668288010,723.11,15,16:16:39,False,,False,False,723.24,14,1,72,670403870,train,True
668288011,723.2,15,16:16:40,False,,False,False,723.24,15,1,72,670403870,train,True
668288012,723.17,15,16:16:40,False,,False,False,723.24,16,1,72,670403870,train,True
668288013,723.16,15,16:16:41,False,,False,False,723.24,17,1,72,670403870,train,True
668288014,723.18,15,16:16:42,False,,False,False,723.24,18,1,72,670403870,train,True
668288015,723.23,15,16:16:43,False,,False,False,723.24,19,1,72,670403870,train,True
668288016,723.18,15,16:16:44,False,,False,False,723.24,20,1,72,670403870,train,True
668288017,723.21,15,16:16:45,False,,False,False,723.24,21,1,72,670403870,train,True
668288018,723.2,15,16:16:46,False,,False,False,723.24,22,1,72,670403870,train,True
668288019,723.18,15,16:16:47,False,,False,False,723.24,23,1,72,670403870,train,True
668288020,723.2,15,16:16:48,False,,False,False,723.24,24,1,72,670403870,train,True
668288021,723.19,15,16:16:49,False,,False,False,723.24,25,1,72,670403870,train,True
668288022,723.18,15,16:16:50,False,,False,False,723.24,26,1,72,670403870,train,True
668288023,723.23,15,16:16:51,False,,False,True,723.24,27,1,72,670403870,train,True
668288024,723.12,15,16:16:52,False,,False,True,723.24,28,1,72,670403870,train,True
668288025,723.21,15,16:16:53,False,,False,True,723.24,29,1,72,670403870,train,True
668288026,723.17,15,16:16:54,False,,False,True,723.24,30,1,72,670403870,train,True
668288027,723.13,15,16:16:55,False,,False,True,723.24,31,1,72,670403870,train,True
668288028,723.19,15,16:16:56,False,,False,True,723.24,32,1,72,670403870,train,True
668288029,723.17,15,16:16:57,False,,False,True,723.23,33,1,72,670403870,train,True
668288030,723.15,15,16:16:58,False,,False,True,723.23,34,1,72,670403870,train,True
668288031,723.22,15,16:16:59,False,,False,True,723.23,35,1,72,670403870,train,True
668288032,723.13,15,16:17:00,False,,False,True,723.23,36,1,72,670403870,train,True
668288033,723.15,15,16:17:01,False,,False,True,723.23,37,1,72,670403870,train,True
668288034,723.13,15,16:17:02,False,,False,True,723.23,38,1,72,670403870,train,True
668288035,723.13,15,16:17:03,False,,False,True,723.23,39,1,72,670403870,train,True
668288036,723.11,15,16:17:04,False,,False,True,723.23,40,1,72,670403870,train,True
668288037,723.2,15,16:17:05,False,,False,True,723.23,41,1,72,670403870,train,True
668288038,723.13,15,16:17:06,False,,False,True,723.23,42,1,72,670403870,train,True
668288039,723.11,15,16:17:07,False,,False,True,723.23,43,1,72,670403870,train,True
668288040,723.07,15,16:17:08,False,,False,True,723.23,44,1,72,670403870,train,True
668288041,723.09,15,16:17:09,False,,False,True,723.23,45,1,72,670403870,train,True
668288042,723.22,15,16:17:10,False,,False,True,723.23,46,1,72,670403870,train,True
668288043,723.23,15,16:17:11,False,,False,True,723.23,47,1,72,670403870,train,True
668288044,723.16,15,16:17:12,False,,False,True,723.22,48,1,72,670403870,train,True
668288045,723.19,15,16:17:13,False,,False,True,723.22,49,1,72,670403870,train,True
668288046,723.14,15,16:17:14,False,,False,True,723.22,50,1,72,670403870,train,True
668288047,723.1,15,16:17:15,False,,False,True,723.22,51,1,72,670403870,train,True
668288048,723.21,15,16:17:16,False,,False,True,723.22,52,1,72,670403870,train,True
668288049,723.1,15,16:17:17,False,,False,True,723.22,53,1,72,670403870,train,True
668288050,723.1,15,16:17:17,False,,False,True,723.22,54,1,72,670403870,train,True
668288051,723.15,15,16:17:18,False,,False,True,723.22,55,1,72,670403870,train,True
668288052,723.17,15,16:17:19,False,,False,True,723.22,56,1,72,670403870,train,True
668288053,723.17,15,16:17:20,False,,False,True,723.22,57,1,72,670403870,train,True
668288054,723.08,15,16:17:21,False,,False,True,723.22,58,1,72,670403870,train,True
668287995,723.17,15,16:16:24,False,,False,False,723.25,6,0,73,670409834,train,True
668287996,723.16,15,16:16:25,False,,False,False,723.25,5,0,73,670409834,train,True
668287997,723.19,15,16:16:26,False,,False,False,723.25,5,1,73,670409834,train,True
668287998,723.06,15,16:16:27,False,,False,False,723.25,5,1,73,670409834,train,True
668287999,723.07,15,16:16:28,False,,False,False,723.25,5,1,73,670409834,train,True
668288000,723.08,15,16:16:29,False,,False,False,723.25,6,1,73,670409834,train,True
668288001,723.17,15,16:16:30,False,,False,False,723.25,7,1,73,670409834,train,True
668288002,723.17,15,16:16:31,False,,False,False,723.25,8,1,73,670409834,train,True
668288003,723.17,15,16:16:32,False,,False,False,723.25,8,1,73,670409834,train,True
668288004,723.15,15,16:16:33,False,,False,False,723.25,9,1,73,670409834,train,True
668288005,723.22,15,16:16:34,False,,False,False,723.25,10,1,73,670409834,train,True
668288006,723.17,15,16:16:35,False,,False,False,723.25,11,1,73,670409834,train,True
668288007,723.15,15,16:16:36,False,,False,False,723.25,11,1,73,670409834,train,True
668288008,723.18,15,16:16:37,False,,False,False,723.25,12,1,73,670409834,train,True
668288009,723.14,15,16:16:38,False,,False,False,723.24,13,1,73,670409834,train,True
668288010,723.11,15,16:16:39,False,,False,False,723.24,14,1,73,670409834,train,True
668288011,723.2,15,16:16:40,False,,False,False,723.24,15,1,73,670409834,train,True
668288012,723.17,15,16:16:40,False,,False,False,723.24,16,1,73,670409834,train,True
668288013,723.16,15,16:16:41,False,,False,False,723.24,17,1,73,670409834,train,True
668288014,723.18,15,16:16:42,False,,False,False,723.24,18,1,73,670409834,train,True
668288015,723.23,15,16:16:43,False,,False,False,723.24,19,1,73,670409834,train,True
668288016,723.18,15,16:16:44,False,,False,False,723.24,20,1,73,670409834,train,True
668288017,723.21,15,16:16:45,False,,False,False,723.24,21,1,73,670409834,train,True
668288018,723.2,15,16:16:46,False,,False,False,723.24,22,1,73,670409834,train,True
668288019,723.18,15,16:16:47,False,,False,False,723.24,23,1,73,670409834,train,True
668288020,723.2,15,16:16:48,False,,False,False,723.24,24,1,73,670409834,train,True
668288021,723.19,15,16:16:49,False,,False,False,723.24,25,1,73,670409834,train,True
668288022,723.18,15,16:16:50,False,,False,False,723.24,26,1,73,670409834,train,True
668288023,723.23,15,16:16:51,False,,False,True,723.24,27,1,73,670409834,train,True
668288024,723.12,15,16:16:52,False,,False,True,723.24,28,1,73,670409834,train,True
668288025,723.21,15,16:16:53,False,,False,True,723.24,29,1,73,670409834,train,True
668288026,723.17,15,16:16:54,False,,False,True,723.24,30,1,73,670409834,train,True
668288027,723.13,15,16:16:55,False,,False,True,723.24,31,1,73,670409834,train,True
668288028,723.19,15,16:16:56,False,,False,True,723.24,32,1,73,670409834,train,True
668288029,723.17,15,16:16:57,False,,False,True,723.23,33,1,73,670409834,train,True
668288030,723.15,15,16:16:58,False,,False,True,723.23,34,1,73,670409834,train,True
668288031,723.22,15,16:16:59,False,,False,True,723.23,35,1,73,670409834,train,True
668288032,723.13,15,16:17:00,False,,False,True,723.23,36,1,73,670409834,train,True
668288033,723.15,15,16:17:01,False,,False,True,723.23,37,1,73,670409834,train,True
668288034,723.13,15,16:17:02,False,,False,True,723.23,38,1,73,670409834,train,True
668288035,723.13,15,16:17:03,False,,False,True,723.23,39,1,73,670409834,train,True
668288036,723.11,15,16:17:04,False,,False,True,723.23,40,1,73,670409834,train,True
668288037,723.2,15,16:17:05,False,,False,True,723.23,41,1,73,670409834,train,True
668288038,723.13,15,16:17:06,False,,False,True,723.23,42,1,73,670409834,train,True
668288039,723.11,15,16:17:07,False,,False,True,723.23,43,1,73,670409834,train,True
668288040,723.07,15,16:17:08,False,,False,True,723.23,44,1,73,670409834,train,True
668288041,723.09,15,16:17:09,False,,False,True,723.23,45,1,73,670409834,train,True
668288042,723.22,15,16:17:10,False,,False,True,723.23,46,1,73,670409834,train,True
668288043,723.23,15,16:17:11,False,,False,True,723.23,47,1,73,670409834,train,True
668288044,723.16,15,16:17:12,False,,False,True,723.22,48,1,73,670409834,train,True
668288045,723.19,15,16:17:13,False,,False,True,723.22,49,1,73,670409834,train,True
668288046,723.14,15,16:17:14,False,,False,True,723.22,50,1,73,670409834,train,True
668288047,723.1,15,16:17:15,False,,False,True,723.22,51,1,73,670409834,train,True
668288048,723.21,15,16:17:16,False,,False,True,723.22,52,1,73,670409834,train,True
668288049,723.1,15,16:17:17,False,,False,True,723.22,53,1,73,670409834,train,True
668288050,723.1,15,16:17:17,False,,False,True,723.22,54,1,73,670409834,train,True
668288051,723.15,15,16:17:18,False,,False,True,723.22,55,1,73,670409834,train,True
668288052,723.17,15,16:17:19,False,,False,True,723.22,56,1,73,670409834,train,True
668288053,723.17,15,16:17:20,False,,False,True,723.22,57,1,73,670409834,train,True
668288054,723.08,15,16:17:21,False,,False,True,723.22,58,1,73,670409834,train,True
668287995,723.17,15,16:16:24,False,,False,False,723.25,6,0,74,670412275,train,True
668287996,723.16,15,16:16:25,False,,False,False,723.25,5,0,74,670412275,train,True
668287997,723.19,15,16:16:26,False,,False,False,723.25,5,1,74,670412275,train,True
668287998,723.06,15,16:16:27,False,,False,False,723.25,5,1,74,670412275,train,True
668287999,723.07,15,16:16:28,False,,False,False,723.25,5,1,74,670412275,train,True
668288000,723.08,15,16:16:29,False,,False,False,723.25,6,1,74,670412275,train,True
668288001,723.17,15,16:16:30,False,,False,False,723.25,7,1,74,670412275,train,True
668288002,723.17,15,16:16:31,False,,False,False,723.25,8,1,74,670412275,train,True
668288003,723.17,15,16:16:32,False,,False,False,723.25,8,1,74,670412275,train,True
668288004,723.15,15,16:16:33,False,,False,False,723.25,9,1,74,670412275,train,True
668288005,723.22,15,16:16:34,False,,False,False,723.25,10,1,74,670412275,train,True
668288006,723.17,15,16:16:35,False,,False,False,723.25,11,1,74,670412275,train,True
668288007,723.15,15,16:16:36,False,,False,False,723.25,11,1,74,670412275,train,True
668288008,723.18,15,16:16:37,False,,False,False,723.25,12,1,74,670412275,train,True
668288009,723.14,15,16:16:38,False,,False,False,723.24,13,1,74,670412275,train,True
668288010,723.11,15,16:16:39,False,,False,False,723.24,14,1,74,670412275,train,True
668288011,723.2,15,16:16:40,False,,False,False,723.24,15,1,74,670412275,train,True
668288012,723.17,15,16:16:40,False,,False,False,723.24,16,1,74,670412275,train,True
668288013,723.16,15,16:16:41,False,,False,False,723.24,17,1,74,670412275,train,True
668288014,723.18,15,16:16:42,False,,False,False,723.24,18,1,74,670412275,train,True
668288015,723.23,15,16:16:43,False,,False,False,723.24,19,1,74,670412275,train,True
668288016,723.18,15,16:16:44,False,,False,False,723.24,20,1,74,670412275,train,True
668288017,723.21,15,16:16:45,False,,False,False,723.24,21,1,74,670412275,train,True
668288018,723.2,15,16:16:46,False,,False,False,723.24,22,1,74,670412275,train,True
668288019,723.18,15,16:16:47,False,,False,False,723.24,23,1,74,670412275,train,True
668288020,723.2,15,16:16:48,False,,False,False,723.24,24,1,74,670412275,train,True
668288021,723.19,15,16:16:49,False,,False,False,723.24,25,1,74,670412275,train,True
668288022,723.18,15,16:16:50,False,,False,False,723.24,26,1,74,670412275,train,True
668288023,723.23,15,16:16:51,False,,False,True,723.24,27,1,74,670412275,train,True
668288024,723.12,15,16:16:52,False,,False,True,723.24,28,1,74,670412275,train,True
668288025,723.21,15,16:16:53,False,,False,True,723.24,29,1,74,670412275,train,True
668288026,723.17,15,16:16:54,False,,False,True,723.24,30,1,74,670412275,train,True
668288027,723.13,15,16:16:55,False,,False,True,723.24,31,1,74,670412275,train,True
668288028,723.19,15,16:16:56,False,,False,True,723.24,32,1,74,670412275,train,True
668288029,723.17,15,16:16:57,False,,False,True,723.23,33,1,74,670412275,train,True
668288030,723.15,15,16:16:58,False,,False,True,723.23,34,1,74,670412275,train,True
668288031,723.22,15,16:16:59,False,,False,True,723.23,35,1,74,670412275,train,True
668288032,723.13,15,16:17:00,False,,False,True,723.23,36,1,74,670412275,train,True
668288033,723.15,15,16:17:01,False,,False,True,723.23,37,1,74,670412275,train,True
668288034,723.13,15,16:17:02,False,,False,True,723.23,38,1,74,670412275,train,True
668288035,723.13,15,16:17:03,False,,False,True,723.23,39,1,74,670412275,train,True
668288036,723.11,15,16:17:04,False,,False,True,723.23,40,1,74,670412275,train,True
668288037,723.2,15,16:17:05,False,,False,True,723.23,41,1,74,670412275,train,True
668288038,723.13,15,16:17:06,False,,False,True,723.23,42,1,74,670412275,train,True
668288039,723.11,15,16:17:07,False,,False,True,723.23,43,1,74,670412275,train,True
668288040,723.07,15,16:17:08,False,,False,True,723.23,44,1,74,670412275,train,True
668288041,723.09,15,16:17:09,False,,False,True,723.23,45,1,74,670412275,train,True
668288042,723.22,15,16:17:10,False,,False,True,723.23,46,1,74,670412275,train,True
668288043,723.23,15,16:17:11,False,,False,True,723.23,47,1,74,670412275,train,True
668288044,723.16,15,16:17:12,False,,False,True,723.22,48,1,74,670412275,train,True
668288045,723.19,15,16:17:13,False,,False,True,723.22,49,1,74,670412275,train,True
668288046,723.14,15,16:17:14,False,,False,True,723.22,50,1,74,670412275,train,True
668288047,723.1,15,16:17:15,False,,False,True,723.22,51,1,74,670412275,train,True
668288048,723.21,15,16:17:16,False,,False,True,723.22,52,1,74,670412275,train,True
668288049,723.1,15,16:17:17,False,,False,True,723.22,53,1,74,670412275,train,True
668288050,723.1,15,16:17:17,False,,False,True,723.22,54,1,74,670412275,train,True
668288051,723.15,15,16:17:18,False,,False,True,723.22,55,1,74,670412275,train,True
668288052,723.17,15,16:17:19,False,,False,True,723.22,56,1,74,670412275,train,True
668288053,723.17,15,16:17:20,False,,False,True,723.22,57,1,74,670412275,train,True
668288054,723.08,15,16:17:21,False,,False,True,723.22,58,1,74,670412275,train,True
668287995,723.17,15,16:16:24,False,,False,False,723.25,6,0,75,670412326,train,True
668287996,723.16,15,16:16:25,False,,False,False,723.25,5,0,75,670412326,train,True
668287997,723.19,15,16:16:26,False,,False,False,723.25,5,1,75,670412326,train,True
668287998,723.06,15,16:16:27,False,,False,False,723.25,5,1,75,670412326,train,True
668287999,723.07,15,16:16:28,False,,False,False,723.25,5,1,75,670412326,train,True
668288000,723.08,15,16:16:29,False,,False,False,723.25,6,1,75,670412326,train,True
668288001,723.17,15,16:16:30,False,,False,False,723.25,7,1,75,670412326,train,True
668288002,723.17,15,16:16:31,False,,False,False,723.25,8,1,75,670412326,train,True
668288003,723.17,15,16:16:32,False,,False,False,723.25,8,1,75,670412326,train,True
668288004,723.15,15,16:16:33,False,,False,False,723.25,9,1,75,670412326,train,True
668288005,723.22,15,16:16:34,False,,False,False,723.25,10,1,75,670412326,train,True
668288006,723.17,15,16:16:35,False,,False,False,723.25,11,1,75,670412326,train,True
668288007,723.15,15,16:16:36,False,,False,False,723.25,11,1,75,670412326,train,True
668288008,723.18,15,16:16:37,False,,False,False,723.25,12,1,75,670412326,train,True
668288009,723.14,15,16:16:38,False,,False,False,723.24,13,1,75,670412326,train,True
668288010,723.11,15,16:16:39,False,,False,False,723.24,14,1,75,670412326,train,True
668288011,723.2,15,16:16:40,False,,False,False,723.24,15,1,75,670412326,train,True
668288012,723.17,15,16:16:40,False,,False,False,723.24,16,1,75,670412326,train,True
668288013,723.16,15,16:16:41,False,,False,False,723.24,17,1,75,670412326,train,True
668288014,723.18,15,16:16:42,False,,False,False,723.24,18,1,75,670412326,train,True
668288015,723.23,15,16:16:43,False,,False,False,723.24,19,1,75,670412326,train,True
668288016,723.18,15,16:16:44,False,,False,False,723.24,20,1,75,670412326,train,True
668288017,723.21,15,16:16:45,False,,False,False,723.24,21,1,75,670412326,train,True
668288018,723.2,15,16:16:46,False,,False,False,723.24,22,1,75,670412326,train,True
668288019,723.18,15,16:16:47,False,,False,False,723.24,23,1,75,670412326,train,True
668288020,723.2,15,16:16:48,False,,False,False,723.24,24,1,75,670412326,train,True
668288021,723.19,15,16:16:49,False,,False,False,723.24,25,1,75,670412326,train,True
668288022,723.18,15,16:16:50,False,,False,False,723.24,26,1,75,670412326,train,True
668288023,723.23,15,16:16:51,False,,False,True,723.24,27,1,75,670412326,train,True
668288024,723.12,15,16:16:52,False,,False,True,723.24,28,1,75,670412326,train,True
668288025,723.21,15,16:16:53,False,,False,True,723.24,29,1,75,670412326,train,True
668288026,723.17,15,16:16:54,False,,False,True,723.24,30,1,75,670412326,train,True
668288027,723.13,15,16:16:55,False,,False,True,723.24,31,1,75,670412326,train,True
668288028,723.19,15,16:16:56,False,,False,True,723.24,32,1,75,670412326,train,True
668288029,723.17,15,16:16:57,False,,False,True,723.23,33,1,75,670412326,train,True
668288030,723.15,15,16:16:58,False,,False,True,723.23,34,1,75,670412326,train,True
668288031,723.22,15,16:16:59,False,,False,True,723.23,35,1,75,670412326,train,True
668288032,723.13,15,16:17:00,False,,False,True,723.23,36,1,75,670412326,train,True
668288033,723.15,15,16:17:01,False,,False,True,723.23,37,1,75,670412326,train,True
668288034,723.13,15,16:17:02,False,,False,True,723.23,38,1,75,670412326,train,True
668288035,723.13,15,16:17:03,False,,False,True,723.23,39,1,75,670412326,train,True
668288036,723.11,15,16:17:04,False,,False,True,723.23,40,1,75,670412326,train,True
668288037,723.2,15,16:17:05,False,,False,True,723.23,41,1,75,670412326,train,True
668288038,723.13,15,16:17:06,False,,False,True,723.23,42,1,75,670412326,train,True
668288039,723.11,15,16:17:07,False,,False,True,723.23,43,1,75,670412326,train,True
668288040,723.07,15,16:17:08,False,,False,True,723.23,44,1,75,670412326,train,True
668288041,723.09,15,16:17:09,False,,False,True,723.23,45,1,75,670412326,train,True
668288042,723.22,15,16:17:10,False,,False,True,723.23,46,1,75,670412326,train,True
668288043,723.23,15,16:17:11,False,,False,True,723.23,47,1,75,670412326,train,True
668288044,723.16,15,16:17:12,False,,False,True,723.22,48,1,75,670412326,train,True
668288045,723.19,15,16:17:13,False,,False,True,723.22,49,1,75,670412326,train,True
668288046,723.14,15,16:17:14,False,,False,True,723.22,50,1,75,670412326,train,True
668288047,723.1,15,16:17:15,False,,False,True,723.22,51,1,75,670412326,train,True
668288048,723.21,15,16:17:16,False,,False,True,723.22,52,1,75,670412326,train,True
668288049,723.1,15,16:17:17,False,,False,True,723.22,53,1,75,670412326,train,True
668288050,723.1,15,16:17:17,False,,False,True,723.22,54,1,75,670412326,train,True
668288051,723.15,15,16:17:18,False,,False,True,723.22,55,1,75,670412326,train,True
668288052,723.17,15,16:17:19,False,,False,True,723.22,56,1,75,670412326,train,True
668288053,723.17,15,16:17:20,False,,False,True,723.22,57,1,75,670412326,train,True
668288054,723.08,15,16:17:21,False,,False,True,723.22,58,1,75,670412326,train,True
668287995,723.17,15,16:16:24,False,,False,False,723.25,6,0,76,670578458,train,True
668287996,723.16,15,16:16:25,False,,False,False,723.25,5,0,76,670578458,train,True
668287997,723.19,15,16:16:26,False,,False,False,723.25,5,1,76,670578458,train,True
668287998,723.06,15,16:16:27,False,,False,False,723.25,5,1,76,670578458,train,True
668287999,723.07,15,16:16:28,False,,False,False,723.25,5,1,76,670578458,train,True
668288000,723.08,15,16:16:29,False,,False,False,723.25,6,1,76,670578458,train,True
668288001,723.17,15,16:16:30,False,,False,False,723.25,7,1,76,670578458,train,True
668288002,723.17,15,16:16:31,False,,False,False,723.25,8,1,76,670578458,train,True
668288003,723.17,15,16:16:32,False,,False,False,723.25,8,1,76,670578458,train,True
668288004,723.15,15,16:16:33,False,,False,False,723.25,9,1,76,670578458,train,True
668288005,723.22,15,16:16:34,False,,False,False,723.25,10,1,76,670578458,train,True
668288006,723.17,15,16:16:35,False,,False,False,723.25,11,1,76,670578458,train,True
668288007,723.15,15,16:16:36,False,,False,False,723.25,11,1,76,670578458,train,True
668288008,723.18,15,16:16:37,False,,False,False,723.25,12,1,76,670578458,train,True
668288009,723.14,15,16:16:38,False,,False,False,723.24,13,1,76,670578458,train,True
668288010,723.11,15,16:16:39,False,,False,False,723.24,14,1,76,670578458,train,True
668288011,723.2,15,16:16:40,False,,False,False,723.24,15,1,76,670578458,train,True
668288012,723.17,15,16:16:40,False,,False,False,723.24,16,1,76,670578458,train,True
668288013,723.16,15,16:16:41,False,,False,False,723.24,17,1,76,670578458,train,True
668288014,723.18,15,16:16:42,False,,False,False,723.24,18,1,76,670578458,train,True
668288015,723.23,15,16:16:43,False,,False,False,723.24,19,1,76,670578458,train,True
668288016,723.18,15,16:16:44,False,,False,False,723.24,20,1,76,670578458,train,True
668288017,723.21,15,16:16:45,False,,False,False,723.24,21,1,76,670578458,train,True
668288018,723.2,15,16:16:46,False,,False,False,723.24,22,1,76,670578458,train,True
668288019,723.18,15,16:16:47,False,,False,False,723.24,23,1,76,670578458,train,True
668288020,723.2,15,16:16:48,False,,False,False,723.24,24,1,76,670578458,train,True
668288021,723.19,15,16:16:49,False,,False,False,723.24,25,1,76,670578458,train,True
668288022,723.18,15,16:16:50,False,,False,False,723.24,26,1,76,670578458,train,True
668288023,723.23,15,16:16:51,False,,False,True,723.24,27,1,76,670578458,train,True
668288024,723.12,15,16:16:52,False,,False,True,723.24,28,1,76,670578458,train,True
668288025,723.21,15,16:16:53,False,,False,True,723.24,29,1,76,670578458,train,True
668288026,723.17,15,16:16:54,False,,False,True,723.24,30,1,76,670578458,train,True
668288027,723.13,15,16:16:55,False,,False,True,723.24,31,1,76,670578458,train,True
668288028,723.19,15,16:16:56,False,,False,True,723.24,32,1,76,670578458,train,True
668288029,723.17,15,16:16:57,False,,False,True,723.23,33,1,76,670578458,train,True
668288030,723.15,15,16:16:58,False,,False,True,723.23,34,1,76,670578458,train,True
668288031,723.22,15,16:16:59,False,,False,True,723.23,35,1,76,670578458,train,True
668288032,723.13,15,16:17:00,False,,False,True,723.23,36,1,76,670578458,train,True
668288033,723.15,15,16:17:01,False,,False,True,723.23,37,1,76,670578458,train,True
668288034,723.13,15,16:17:02,False,,False,True,723.23,38,1,76,670578458,train,True
668288035,723.13,15,16:17:03,False,,False,True,723.23,39,1,76,670578458,train,True
668288036,723.11,15,16:17:04,False,,False,True,723.23,40,1,76,670578458,train,True
668288037,723.2,15,16:17:05,False,,False,True,723.23,41,1,76,670578458,train,True
668288038,723.13,15,16:17:06,False,,False,True,723.23,42,1,76,670578458,train,True
668288039,723.11,15,16:17:07,False,,False,True,723.23,43,1,76,670578458,train,True
668288040,723.07,15,16:17:08,False,,False,True,723.23,44,1,76,670578458,train,True
668288041,723.09,15,16:17:09,False,,False,True,723.23,45,1,76,670578458,train,True
668288042,723.22,15,16:17:10,False,,False,True,723.23,46,1,76,670578458,train,True
668288043,723.23,15,16:17:11,False,,False,True,723.23,47,1,76,670578458,train,True
668288044,723.16,15,16:17:12,False,,False,True,723.22,48,1,76,670578458,train,True
668288045,723.19,15,16:17:13,False,,False,True,723.22,49,1,76,670578458,train,True
668288046,723.14,15,16:17:14,False,,False,True,723.22,50,1,76,670578458,train,True
668288047,723.1,15,16:17:15,False,,False,True,723.22,51,1,76,670578458,train,True
668288048,723.21,15,16:17:16,False,,False,True,723.22,52,1,76,670578458,train,True
668288049,723.1,15,16:17:17,False,,False,True,723.22,53,1,76,670578458,train,True
668288050,723.1,15,16:17:17,False,,False,True,723.22,54,1,76,670578458,train,True
668288051,723.15,15,16:17:18,False,,False,True,723.22,55,1,76,670578458,train,True
668288052,723.17,15,16:17:19,False,,False,True,723.22,56,1,76,670578458,train,True
668288053,723.17,15,16:17:20,False,,False,True,723.22,57,1,76,670578458,train,True
668288054,723.08,15,16:17:21,False,,False,True,723.22,58,1,76,670578458,train,True
668287995,723.17,15,16:16:24,False,,False,False,723.25,6,0,77,670580613,train,True
668287996,723.16,15,16:16:25,False,,False,False,723.25,5,0,77,670580613,train,True
668287997,723.19,15,16:16:26,False,,False,False,723.25,5,1,77,670580613,train,True
668287998,723.06,15,16:16:27,False,,False,False,723.25,5,1,77,670580613,train,True
668287999,723.07,15,16:16:28,False,,False,False,723.25,5,1,77,670580613,train,True
668288000,723.08,15,16:16:29,False,,False,False,723.25,6,1,77,670580613,train,True
668288001,723.17,15,16:16:30,False,,False,False,723.25,7,1,77,670580613,train,True
668288002,723.17,15,16:16:31,False,,False,False,723.25,8,1,77,670580613,train,True
668288003,723.17,15,16:16:32,False,,False,False,723.25,8,1,77,670580613,train,True
668288004,723.15,15,16:16:33,False,,False,False,723.25,9,1,77,670580613,train,True
668288005,723.22,15,16:16:34,False,,False,False,723.25,10,1,77,670580613,train,True
668288006,723.17,15,16:16:35,False,,False,False,723.25,11,1,77,670580613,train,True
668288007,723.15,15,16:16:36,False,,False,False,723.25,11,1,77,670580613,train,True
668288008,723.18,15,16:16:37,False,,False,False,723.25,12,1,77,670580613,train,True
668288009,723.14,15,16:16:38,False,,False,False,723.24,13,1,77,670580613,train,True
668288010,723.11,15,16:16:39,False,,False,False,723.24,14,1,77,670580613,train,True
668288011,723.2,15,16:16:40,False,,False,False,723.24,15,1,77,670580613,train,True
668288012,723.17,15,16:16:40,False,,False,False,723.24,16,1,77,670580613,train,True
668288013,723.16,15,16:16:41,False,,False,False,723.24,17,1,77,670580613,train,True
668288014,723.18,15,16:16:42,False,,False,False,723.24,18,1,77,670580613,train,True
668288015,723.23,15,16:16:43,False,,False,False,723.24,19,1,77,670580613,train,True
668288016,723.18,15,16:16:44,False,,False,False,723.24,20,1,77,670580613,train,True
668288017,723.21,15,16:16:45,False,,False,False,723.24,21,1,77,670580613,train,True
668288018,723.2,15,16:16:46,False,,False,False,723.24,22,1,77,670580613,train,True
668288019,723.18,15,16:16:47,False,,False,False,723.24,23,1,77,670580613,train,True
668288020,723.2,15,16:16:48,False,,False,False,723.24,24,1,77,670580613,train,True
668288021,723.19,15,16:16:49,False,,False,False,723.24,25,1,77,670580613,train,True
668288022,723.18,15,16:16:50,False,,False,False,723.24,26,1,77,670580613,train,True
668288023,723.23,15,16:16:51,False,,False,True,723.24,27,1,77,670580613,train,True
668288024,723.12,15,16:16:52,False,,False,True,723.24,28,1,77,670580613,train,True
668288025,723.21,15,16:16:53,False,,False,True,723.24,29,1,77,670580613,train,True
668288026,723.17,15,16:16:54,False,,False,True,723.24,30,1,77,670580613,train,True
668288027,723.13,15,16:16:55,False,,False,True,723.24,31,1,77,670580613,train,True
668288028,723.19,15,16:16:56,False,,False,True,723.24,32,1,77,670580613,train,True
668288029,723.17,15,16:16:57,False,,False,True,723.23,33,1,77,670580613,train,True
668288030,723.15,15,16:16:58,False,,False,True,723.23,34,1,77,670580613,train,True
668288031,723.22,15,16:16:59,False,,False,True,723.23,35,1,77,670580613,train,True
668288032,723.13,15,16:17:00,False,,False,True,723.23,36,1,77,670580613,train,True
668288033,723.15,15,16:17:01,False,,False,True,723.23,37,1,77,670580613,train,True
668288034,723.13,15,16:17:02,False,,False,True,723.23,38,1,77,670580613,train,True
668288035,723.13,15,16:17:03,False,,False,True,723.23,39,1,77,670580613,train,True
668288036,723.11,15,16:17:04,False,,False,True,723.23,40,1,77,670580613,train,True
668288037,723.2,15,16:17:05,False,,False,True,723.23,41,1,77,670580613,train,True
668288038,723.13,15,16:17:06,False,,False,True,723.23,42,1,77,670580613,train,True
668288039,723.11,15,16:17:07,False,,False,True,723.23,43,1,77,670580613,train,True
668288040,723.07,15,16:17:08,False,,False,True,723.23,44,1,77,670580613,train,True
668288041,723.09,15,16:17:09,False,,False,True,723.23,45,1,77,670580613,train,True
668288042,723.22,15,16:17:10,False,,False,True,723.23,46,1,77,670580613,train,True
668288043,723.23,15,16:17:11,False,,False,True,723.23,47,1,77,670580613,train,True
668288044,723.16,15,16:17:12,False,,False,True,723.22,48,1,77,670580613,train,True
668288045,723.19,15,16:17:13,False,,False,True,723.22,49,1,77,670580613,train,True
668288046,723.14,15,16:17:14,False,,False,True,723.22,50,1,77,670580613,train,True
668288047,723.1,15,16:17:15,False,,False,True,723.22,51,1,77,670580613,train,True
668288048,723.21,15,16:17:16,False,,False,True,723.22,52,1,77,670580613,train,True
668288049,723.1,15,16:17:17,False,,False,True,723.22,53,1,77,670580613,train,True
668288050,723.1,15,16:17:17,False,,False,True,723.22,54,1,77,670580613,train,True
668288051,723.15,15,16:17:18,False,,False,True,723.22,55,1,77,670580613,train,True
668288052,723.17,15,16:17:19,False,,False,True,723.22,56,1,77,670580613,train,True
668288053,723.17,15,16:17:20,False,,False,True,723.22,57,1,77,670580613,train,True
668288054,723.08,15,16:17:21,False,,False,True,723.22,58,1,77,670580613,train,True
668287995,723.17,15,16:16:24,False,,False,False,723.25,6,0,78,670584569,train,True
668287996,723.16,15,16:16:25,False,,False,False,723.25,5,0,78,670584569,train,True
668287997,723.19,15,16:16:26,False,,False,False,723.25,5,1,78,670584569,train,True
668287998,723.06,15,16:16:27,False,,False,False,723.25,5,1,78,670584569,train,True
668287999,723.07,15,16:16:28,False,,False,False,723.25,5,1,78,670584569,train,True
668288000,723.08,15,16:16:29,False,,False,False,723.25,6,1,78,670584569,train,True
668288001,723.17,15,16:16:30,False,,False,False,723.25,7,1,78,670584569,train,True
668288002,723.17,15,16:16:31,False,,False,False,723.25,8,1,78,670584569,train,True
668288003,723.17,15,16:16:32,False,,False,False,723.25,8,1,78,670584569,train,True
668288004,723.15,15,16:16:33,False,,False,False,723.25,9,1,78,670584569,train,True
668288005,723.22,15,16:16:34,False,,False,False,723.25,10,1,78,670584569,train,True
668288006,723.17,15,16:16:35,False,,False,False,723.25,11,1,78,670584569,train,True
668288007,723.15,15,16:16:36,False,,False,False,723.25,11,1,78,670584569,train,True
668288008,723.18,15,16:16:37,False,,False,False,723.25,12,1,78,670584569,train,True
668288009,723.14,15,16:16:38,False,,False,False,723.24,13,1,78,670584569,train,True
668288010,723.11,15,16:16:39,False,,False,False,723.24,14,1,78,670584569,train,True
668288011,723.2,15,16:16:40,False,,False,False,723.24,15,1,78,670584569,train,True
668288012,723.17,15,16:16:40,False,,False,False,723.24,16,1,78,670584569,train,True
668288013,723.16,15,16:16:41,False,,False,False,723.24,17,1,78,670584569,train,True
668288014,723.18,15,16:16:42,False,,False,False,723.24,18,1,78,670584569,train,True
668288015,723.23,15,16:16:43,False,,False,False,723.24,19,1,78,670584569,train,True
668288016,723.18,15,16:16:44,False,,False,False,723.24,20,1,78,670584569,train,True
668288017,723.21,15,16:16:45,False,,False,False,723.24,21,1,78,670584569,train,True
668288018,723.2,15,16:16:46,False,,False,False,723.24,22,1,78,670584569,train,True
668288019,723.18,15,16:16:47,False,,False,False,723.24,23,1,78,670584569,train,True
668288020,723.2,15,16:16:48,False,,False,False,723.24,24,1,78,670584569,train,True
668288021,723.19,15,16:16:49,False,,False,False,723.24,25,1,78,670584569,train,True
668288022,723.18,15,16:16:50,False,,False,False,723.24,26,1,78,670584569,train,True
668288023,723.23,15,16:16:51,False,,False,True,723.24,27,1,78,670584569,train,True
668288024,723.12,15,16:16:52,False,,False,True,723.24,28,1,78,670584569,train,True
668288025,723.21,15,16:16:53,False,,False,True,723.24,29,1,78,670584569,train,True
668288026,723.17,15,16:16:54,False,,False,True,723.24,30,1,78,670584569,train,True
668288027,723.13,15,16:16:55,False,,False,True,723.24,31,1,78,670584569,train,True
668288028,723.19,15,16:16:56,False,,False,True,723.24,32,1,78,670584569,train,True
668288029,723.17,15,16:16:57,False,,False,True,723.23,33,1,78,670584569,train,True
668288030,723.15,15,16:16:58,False,,False,True,723.23,34,1,78,670584569,train,True
668288031,723.22,15,16:16:59,False,,False,True,723.23,35,1,78,670584569,train,True
668288032,723.13,15,16:17:00,False,,False,True,723.23,36,1,78,670584569,train,True
668288033,723.15,15,16:17:01,False,,False,True,723.23,37,1,78,670584569,train,True
668288034,723.13,15,16:17:02,False,,False,True,723.23,38,1,78,670584569,train,True
668288035,723.13,15,16:17:03,False,,False,True,723.23,39,1,78,670584569,train,True
668288036,723.11,15,16:17:04,False,,False,True,723.23,40,1,78,670584569,train,True
668288037,723.2,15,16:17:05,False,,False,True,723.23,41,1,78,670584569,train,True
668288038,723.13,15,16:17:06,False,,False,True,723.23,42,1,78,670584569,train,True
668288039,723.11,15,16:17:07,False,,False,True,723.23,43,1,78,670584569,train,True
668288040,723.07,15,16:17:08,False,,False,True,723.23,44,1,78,670584569,train,True
668288041,723.09,15,16:17:09,False,,False,True,723.23,45,1,78,670584569,train,True
668288042,723.22,15,16:17:10,False,,False,True,723.23,46,1,78,670584569,train,True
668288043,723.23,15,16:17:11,False,,False,True,723.23,47,1,78,670584569,train,True
668288044,723.16,15,16:17:12,False,,False,True,723.22,48,1,78,670584569,train,True
668288045,723.19,15,16:17:13,False,,False,True,723.22,49,1,78,670584569,train,True
668288046,723.14,15,16:17:14,False,,False,True,723.22,50,1,78,670584569,train,True
668288047,723.1,15,16:17:15,False,,False,True,723.22,51,1,78,670584569,train,True
668288048,723.21,15,16:17:16,False,,False,True,723.22,52,1,78,670584569,train,True
668288049,723.1,15,16:17:17,False,,False,True,723.22,53,1,78,670584569,train,True
668288050,723.1,15,16:17:17,False,,False,True,723.22,54,1,78,670584569,train,True
668288051,723.15,15,16:17:18,False,,False,True,723.22,55,1,78,670584569,train,True
668288052,723.17,15,16:17:19,False,,False,True,723.22,56,1,78,670584569,train,True
668288053,723.17,15,16:17:20,False,,False,True,723.22,57,1,78,670584569,train,True
668288054,723.08,15,16:17:21,False,,False,True,723.22,58,1,78,670584569,train,True
668287995,723.17,15,16:16:24,False,,False,False,723.25,6,0,79,670584657,train,True
668287996,723.16,15,16:16:25,False,,False,False,723.25,5,0,79,670584657,train,True
668287997,723.19,15,16:16:26,False,,False,False,723.25,5,1,79,670584657,train,True
668287998,723.06,15,16:16:27,False,,False,False,723.25,5,1,79,670584657,train,True
668287999,723.07,15,16:16:28,False,,False,False,723.25,5,1,79,670584657,train,True
668288000,723.08,15,16:16:29,False,,False,False,723.25,6,1,79,670584657,train,True
668288001,723.17,15,16:16:30,False,,False,False,723.25,7,1,79,670584657,train,True
668288002,723.17,15,16:16:31,False,,False,False,723.25,8,1,79,670584657,train,True
668288003,723.17,15,16:16:32,False,,False,False,723.25,8,1,79,670584657,train,True
668288004,723.15,15,16:16:33,False,,False,False,723.25,9,1,79,670584657,train,True
668288005,723.22,15,16:16:34,False,,False,False,723.25,10,1,79,670584657,train,True
668288006,723.17,15,16:16:35,False,,False,False,723.25,11,1,79,670584657,train,True
668288007,723.15,15,16:16:36,False,,False,False,723.25,11,1,79,670584657,train,True
668288008,723.18,15,16:16:37,False,,False,False,723.25,12,1,79,670584657,train,True
668288009,723.14,15,16:16:38,False,,False,False,723.24,13,1,79,670584657,train,True
668288010,723.11,15,16:16:39,False,,False,False,723.24,14,1,79,670584657,train,True
668288011,723.2,15,16:16:40,False,,False,False,723.24,15,1,79,670584657,train,True
668288012,723.17,15,16:16:40,False,,False,False,723.24,16,1,79,670584657,train,True
668288013,723.16,15,16:16:41,False,,False,False,723.24,17,1,79,670584657,train,True
668288014,723.18,15,16:16:42,False,,False,False,723.24,18,1,79,670584657,train,True
668288015,723.23,15,16:16:43,False,,False,False,723.24,19,1,79,670584657,train,True
668288016,723.18,15,16:16:44,False,,False,False,723.24,20,1,79,670584657,train,True
668288017,723.21,15,16:16:45,False,,False,False,723.24,21,1,79,670584657,train,True
668288018,723.2,15,16:16:46,False,,False,False,723.24,22,1,79,670584657,train,True
668288019,723.18,15,16:16:47,False,,False,False,723.24,23,1,79,670584657,train,True
668288020,723.2,15,16:16:48,False,,False,False,723.24,24,1,79,670584657,train,True
668288021,723.19,15,16:16:49,False,,False,False,723.24,25,1,79,670584657,train,True
668288022,723.18,15,16:16:50,False,,False,False,723.24,26,1,79,670584657,train,True
668288023,723.23,15,16:16:51,False,,False,True,723.24,27,1,79,670584657,train,True
668288024,723.12,15,16:16:52,False,,False,True,723.24,28,1,79,670584657,train,True
668288025,723.21,15,16:16:53,False,,False,True,723.24,29,1,79,670584657,train,True
668288026,723.17,15,16:16:54,False,,False,True,723.24,30,1,79,670584657,train,True
668288027,723.13,15,16:16:55,False,,False,True,723.24,31,1,79,670584657,train,True
668288028,723.19,15,16:16:56,False,,False,True,723.24,32,1,79,670584657,train,True
668288029,723.17,15,16:16:57,False,,False,True,723.23,33,1,79,670584657,train,True
668288030,723.15,15,16:16:58,False,,False,True,723.23,34,1,79,670584657,train,True
668288031,723.22,15,16:16:59,False,,False,True,723.23,35,1,79,670584657,train,True
668288032,723.13,15,16:17:00,False,,False,True,723.23,36,1,79,670584657,train,True
668288033,723.15,15,16:17:01,False,,False,True,723.23,37,1,79,670584657,train,True
668288034,723.13,15,16:17:02,False,,False,True,723.23,38,1,79,670584657,train,True
668288035,723.13,15,16:17:03,False,,False,True,723.23,39,1,79,670584657,train,True
668288036,723.11,15,16:17:04,False,,False,True,723.23,40,1,79,670584657,train,True
668288037,723.2,15,16:17:05,False,,False,True,723.23,41,1,79,670584657,train,True
668288038,723.13,15,16:17:06,False,,False,True,723.23,42,1,79,670584657,train,True
668288039,723.11,15,16:17:07,False,,False,True,723.23,43,1,79,670584657,train,True
668288040,723.07,15,16:17:08,False,,False,True,723.23,44,1,79,670584657,train,True
668288041,723.09,15,16:17:09,False,,False,True,723.23,45,1,79,670584657,train,True
668288042,723.22,15,16:17:10,False,,False,True,723.23,46,1,79,670584657,train,True
668288043,723.23,15,16:17:11,False,,False,True,723.23,47,1,79,670584657,train,True
668288044,723.16,15,16:17:12,False,,False,True,723.22,48,1,79,670584657,train,True
668288045,723.19,15,16:17:13,False,,False,True,723.22,49,1,79,670584657,train,True
668288046,723.14,15,16:17:14,False,,False,True,723.22,50,1,79,670584657,train,True
668288047,723.1,15,16:17:15,False,,False,True,723.22,51,1,79,670584657,train,True
668288048,723.21,15,16:17:16,False,,False,True,723.22,52,1,79,670584657,train,True
668288049,723.1,15,16:17:17,False,,False,True,723.22,53,1,79,670584657,train,True
668288050,723.1,15,16:17:17,False,,False,True,723.22,54,1,79,670584657,train,True
668288051,723.15,15,16:17:18,False,,False,True,723.22,55,1,79,670584657,train,True
668288052,723.17,15,16:17:19,False,,False,True,723.22,56,1,79,670584657,train,True
668288053,723.17,15,16:17:20,False,,False,True,723.22,57,1,79,670584657,train,True
668288054,723.08,15,16:17:21,False,,False,True,723.22,58,1,79,670584657,train,True
668287995,723.17,15,16:16:24,False,,False,False,723.25,6,0,80,670587674,train,True
668287996,723.16,15,16:16:25,False,,False,False,723.25,5,0,80,670587674,train,True
668287997,723.19,15,16:16:26,False,,False,False,723.25,5,1,80,670587674,train,True
668287998,723.06,15,16:16:27,False,,False,False,723.25,5,1,80,670587674,train,True
668287999,723.07,15,16:16:28,False,,False,False,723.25,5,1,80,670587674,train,True
668288000,723.08,15,16:16:29,False,,False,False,723.25,6,1,80,670587674,train,True
668288001,723.17,15,16:16:30,False,,False,False,723.25,7,1,80,670587674,train,True
668288002,723.17,15,16:16:31,False,,False,False,723.25,8,1,80,670587674,train,True
668288003,723.17,15,16:16:32,False,,False,False,723.25,8,1,80,670587674,train,True
668288004,723.15,15,16:16:33,False,,False,False,723.25,9,1,80,670587674,train,True
668288005,723.22,15,16:16:34,False,,False,False,723.25,10,1,80,670587674,train,True
668288006,723.17,15,16:16:35,False,,False,False,723.25,11,1,80,670587674,train,True
668288007,723.15,15,16:16:36,False,,False,False,723.25,11,1,80,670587674,train,True
668288008,723.18,15,16:16:37,False,,False,False,723.25,12,1,80,670587674,train,True
668288009,723.14,15,16:16:38,False,,False,False,723.24,13,1,80,670587674,train,True
668288010,723.11,15,16:16:39,False,,False,False,723.24,14,1,80,670587674,train,True
668288011,723.2,15,16:16:40,False,,False,False,723.24,15,1,80,670587674,train,True
668288012,723.17,15,16:16:40,False,,False,False,723.24,16,1,80,670587674,train,True
668288013,723.16,15,16:16:41,False,,False,False,723.24,17,1,80,670587674,train,True
668288014,723.18,15,16:16:42,False,,False,False,723.24,18,1,80,670587674,train,True
668288015,723.23,15,16:16:43,False,,False,False,723.24,19,1,80,670587674,train,True
668288016,723.18,15,16:16:44,False,,False,False,723.24,20,1,80,670587674,train,True
668288017,723.21,15,16:16:45,False,,False,False,723.24,21,1,80,670587674,train,True
668288018,723.2,15,16:16:46,False,,False,False,723.24,22,1,80,670587674,train,True
668288019,723.18,15,16:16:47,False,,False,False,723.24,23,1,80,670587674,train,True
668288020,723.2,15,16:16:48,False,,False,False,723.24,24,1,80,670587674,train,True
668288021,723.19,15,16:16:49,False,,False,False,723.24,25,1,80,670587674,train,True
668288022,723.18,15,16:16:50,False,,False,False,723.24,26,1,80,670587674,train,True
668288023,723.23,15,16:16:51,False,,False,True,723.24,27,1,80,670587674,train,True
668288024,723.12,15,16:16:52,False,,False,True,723.24,28,1,80,670587674,train,True
668288025,723.21,15,16:16:53,False,,False,True,723.24,29,1,80,670587674,train,True
668288026,723.17,15,16:16:54,False,,False,True,723.24,30,1,80,670587674,train,True
668288027,723.13,15,16:16:55,False,,False,True,723.24,31,1,80,670587674,train,True
668288028,723.19,15,16:16:56,False,,False,True,723.24,32,1,80,670587674,train,True
668288029,723.17,15,16:16:57,False,,False,True,723.23,33,1,80,670587674,train,True
668288030,723.15,15,16:16:58,False,,False,True,723.23,34,1,80,670587674,train,True
668288031,723.22,15,16:16:59,False,,False,True,723.23,35,1,80,670587674,train,True
668288032,723.13,15,16:17:00,False,,False,True,723.23,36,1,80,670587674,train,True
668288033,723.15,15,16:17:01,False,,False,True,723.23,37,1,80,670587674,train,True
668288034,723.13,15,16:17:02,False,,False,True,723.23,38,1,80,670587674,train,True
668288035,723.13,15,16:17:03,False,,False,True,723.23,39,1,80,670587674,train,True
668288036,723.11,15,16:17:04,False,,False,True,723.23,40,1,80,670587674,train,True
668288037,723.2,15,16:17:05,False,,False,True,723.23,41,1,80,670587674,train,True
668288038,723.13,15,16:17:06,False,,False,True,723.23,42,1,80,670587674,train,True
668288039,723.11,15,16:17:07,False,,False,True,723.23,43,1,80,670587674,train,True
668288040,723.07,15,16:17:08,False,,False,True,723.23,44,1,80,670587674,train,True
668288041,723.09,15,16:17:09,False,,False,True,723.23,45,1,80,670587674,train,True
668288042,723.22,15,16:17:10,False,,False,True,723.23,46,1,80,670587674,train,True
668288043,723.23,15,16:17:11,False,,False,True,723.23,47,1,80,670587674,train,True
668288044,723.16,15,16:17:12,False,,False,True,723.22,48,1,80,670587674,train,True
668288045,723.19,15,16:17:13,False,,False,True,723.22,49,1,80,670587674,train,True
668288046,723.14,15,16:17:14,False,,False,True,723.22,50,1,80,670587674,train,True
668288047,723.1,15,16:17:15,False,,False,True,723.22,51,1,80,670587674,train,True
668288048,723.21,15,16:17:16,False,,False,True,723.22,52,1,80,670587674,train,True
668288049,723.1,15,16:17:17,False,,False,True,723.22,53,1,80,670587674,train,True
668288050,723.1,15,16:17:17,False,,False,True,723.22,54,1,80,670587674,train,True
668288051,723.15,15,16:17:18,False,,False,True,723.22,55,1,80,670587674,train,True
668288052,723.17,15,16:17:19,False,,False,True,723.22,56,1,80,670587674,train,True
668288053,723.17,15,16:17:20,False,,False,True,723.22,57,1,80,670587674,train,True
668288054,723.08,15,16:17:21,False,,False,True,723.22,58,1,80,670587674,train,True
668287995,723.17,15,16:16:24,False,,False,False,723.25,6,0,81,670594461,train,True
668287996,723.16,15,16:16:25,False,,False,False,723.25,5,0,81,670594461,train,True
668287997,723.19,15,16:16:26,False,,False,False,723.25,5,1,81,670594461,train,True
668287998,723.06,15,16:16:27,False,,False,False,723.25,5,1,81,670594461,train,True
668287999,723.07,15,16:16:28,False,,False,False,723.25,5,1,81,670594461,train,True
668288000,723.08,15,16:16:29,False,,False,False,723.25,6,1,81,670594461,train,True
668288001,723.17,15,16:16:30,False,,False,False,723.25,7,1,81,670594461,train,True
668288002,723.17,15,16:16:31,False,,False,False,723.25,8,1,81,670594461,train,True
668288003,723.17,15,16:16:32,False,,False,False,723.25,8,1,81,670594461,train,True
668288004,723.15,15,16:16:33,False,,False,False,723.25,9,1,81,670594461,train,True
668288005,723.22,15,16:16:34,False,,False,False,723.25,10,1,81,670594461,train,True
668288006,723.17,15,16:16:35,False,,False,False,723.25,11,1,81,670594461,train,True
668288007,723.15,15,16:16:36,False,,False,False,723.25,11,1,81,670594461,train,True
668288008,723.18,15,16:16:37,False,,False,False,723.25,12,1,81,670594461,train,True
668288009,723.14,15,16:16:38,False,,False,False,723.24,13,1,81,670594461,train,True
668288010,723.11,15,16:16:39,False,,False,False,723.24,14,1,81,670594461,train,True
668288011,723.2,15,16:16:40,False,,False,False,723.24,15,1,81,670594461,train,True
668288012,723.17,15,16:16:40,False,,False,False,723.24,16,1,81,670594461,train,True
668288013,723.16,15,16:16:41,False,,False,False,723.24,17,1,81,670594461,train,True
668288014,723.18,15,16:16:42,False,,False,False,723.24,18,1,81,670594461,train,True
668288015,723.23,15,16:16:43,False,,False,False,723.24,19,1,81,670594461,train,True
668288016,723.18,15,16:16:44,False,,False,False,723.24,20,1,81,670594461,train,True
668288017,723.21,15,16:16:45,False,,False,False,723.24,21,1,81,670594461,train,True
668288018,723.2,15,16:16:46,False,,False,False,723.24,22,1,81,670594461,train,True
668288019,723.18,15,16:16:47,False,,False,False,723.24,23,1,81,670594461,train,True
668288020,723.2,15,16:16:48,False,,False,False,723.24,24,1,81,670594461,train,True
668288021,723.19,15,16:16:49,False,,False,False,723.24,25,1,81,670594461,train,True
668288022,723.18,15,16:16:50,False,,False,False,723.24,26,1,81,670594461,train,True
668288023,723.23,15,16:16:51,False,,False,True,723.24,27,1,81,670594461,train,True
668288024,723.12,15,16:16:52,False,,False,True,723.24,28,1,81,670594461,train,True
668288025,723.21,15,16:16:53,False,,False,True,723.24,29,1,81,670594461,train,True
668288026,723.17,15,16:16:54,False,,False,True,723.24,30,1,81,670594461,train,True
668288027,723.13,15,16:16:55,False,,False,True,723.24,31,1,81,670594461,train,True
668288028,723.19,15,16:16:56,False,,False,True,723.24,32,1,81,670594461,train,True
668288029,723.17,15,16:16:57,False,,False,True,723.23,33,1,81,670594461,train,True
668288030,723.15,15,16:16:58,False,,False,True,723.23,34,1,81,670594461,train,True
668288031,723.22,15,16:16:59,False,,False,True,723.23,35,1,81,670594461,train,True
668288032,723.13,15,16:17:00,False,,False,True,723.23,36,1,81,670594461,train,True
668288033,723.15,15,16:17:01,False,,False,True,723.23,37,1,81,670594461,train,True
668288034,723.13,15,16:17:02,False,,False,True,723.23,38,1,81,670594461,train,True
668288035,723.13,15,16:17:03,False,,False,True,723.23,39,1,81,670594461,train,True
668288036,723.11,15,16:17:04,False,,False,True,723.23,40,1,81,670594461,train,True
668288037,723.2,15,16:17:05,False,,False,True,723.23,41,1,81,670594461,train,True
668288038,723.13,15,16:17:06,False,,False,True,723.23,42,1,81,670594461,train,True
668288039,723.11,15,16:17:07,False,,False,True,723.23,43,1,81,670594461,train,True
668288040,723.07,15,16:17:08,False,,False,True,723.23,44,1,81,670594461,train,True
668288041,723.09,15,16:17:09,False,,False,True,723.23,45,1,81,670594461,train,True
668288042,723.22,15,16:17:10,False,,False,True,723.23,46,1,81,670594461,train,True
668288043,723.23,15,16:17:11,False,,False,True,723.23,47,1,81,670594461,train,True
668288044,723.16,15,16:17:12,False,,False,True,723.22,48,1,81,670594461,train,True
668288045,723.19,15,16:17:13,False,,False,True,723.22,49,1,81,670594461,train,True
668288046,723.14,15,16:17:14,False,,False,True,723.22,50,1,81,670594461,train,True
668288047,723.1,15,16:17:15,False,,False,True,723.22,51,1,81,670594461,train,True
668288048,723.21,15,16:17:16,False,,False,True,723.22,52,1,81,670594461,train,True
668288049,723.1,15,16:17:17,False,,False,True,723.22,53,1,81,670594461,train,True
668288050,723.1,15,16:17:17,False,,False,True,723.22,54,1,81,670594461,train,True
668288051,723.15,15,16:17:18,False,,False,True,723.22,55,1,81,670594461,train,True
668288052,723.17,15,16:17:19,False,,False,True,723.22,56,1,81,670594461,train,True
668288053,723.17,15,16:17:20,False,,False,True,723.22,57,1,81,670594461,train,True
668288054,723.08,15,16:17:21,False,,False,True,723.22,58,1,81,670594461,train,True
668287995,723.17,15,16:16:24,False,,False,False,723.25,6,0,82,670841835,train,True
668287996,723.16,15,16:16:25,False,,False,False,723.25,5,0,82,670841835,train,True
668287997,723.19,15,16:16:26,False,,False,False,723.25,5,1,82,670841835,train,True
668287998,723.06,15,16:16:27,False,,False,False,723.25,5,1,82,670841835,train,True
668287999,723.07,15,16:16:28,False,,False,False,723.25,5,1,82,670841835,train,True
668288000,723.08,15,16:16:29,False,,False,False,723.25,6,1,82,670841835,train,True
668288001,723.17,15,16:16:30,False,,False,False,723.25,7,1,82,670841835,train,True
668288002,723.17,15,16:16:31,False,,False,False,723.25,8,1,82,670841835,train,True
668288003,723.17,15,16:16:32,False,,False,False,723.25,8,1,82,670841835,train,True
668288004,723.15,15,16:16:33,False,,False,False,723.25,9,1,82,670841835,train,True
668288005,723.22,15,16:16:34,False,,False,False,723.25,10,1,82,670841835,train,True
668288006,723.17,15,16:16:35,False,,False,False,723.25,11,1,82,670841835,train,True
668288007,723.15,15,16:16:36,False,,False,False,723.25,11,1,82,670841835,train,True
668288008,723.18,15,16:16:37,False,,False,False,723.25,12,1,82,670841835,train,True
668288009,723.14,15,16:16:38,False,,False,False,723.24,13,1,82,670841835,train,True
668288010,723.11,15,16:16:39,False,,False,False,723.24,14,1,82,670841835,train,True
668288011,723.2,15,16:16:40,False,,False,False,723.24,15,1,82,670841835,train,True
668288012,723.17,15,16:16:40,False,,False,False,723.24,16,1,82,670841835,train,True
668288013,723.16,15,16:16:41,False,,False,False,723.24,17,1,82,670841835,train,True
668288014,723.18,15,16:16:42,False,,False,False,723.24,18,1,82,670841835,train,True
668288015,723.23,15,16:16:43,False,,False,False,723.24,19,1,82,670841835,train,True
668288016,723.18,15,16:16:44,False,,False,False,723.24,20,1,82,670841835,train,True
668288017,723.21,15,16:16:45,False,,False,False,723.24,21,1,82,670841835,train,True
668288018,723.2,15,16:16:46,False,,False,False,723.24,22,1,82,670841835,train,True
668288019,723.18,15,16:16:47,False,,False,False,723.24,23,1,82,670841835,train,True
668288020,723.2,15,16:16:48,False,,False,False,723.24,24,1,82,670841835,train,True
668288021,723.19,15,16:16:49,False,,False,False,723.24,25,1,82,670841835,train,True
668288022,723.18,15,16:16:50,False,,False,False,723.24,26,1,82,670841835,train,True
668288023,723.23,15,16:16:51,False,,False,True,723.24,27,1,82,670841835,train,True
668288024,723.12,15,16:16:52,False,,False,True,723.24,28,1,82,670841835,train,True
668288025,723.21,15,16:16:53,False,,False,True,723.24,29,1,82,670841835,train,True
668288026,723.17,15,16:16:54,False,,False,True,723.24,30,1,82,670841835,train,True
668288027,723.13,15,16:16:55,False,,False,True,723.24,31,1,82,670841835,train,True
668288028,723.19,15,16:16:56,False,,False,True,723.24,32,1,82,670841835,train,True
668288029,723.17,15,16:16:57,False,,False,True,723.23,33,1,82,670841835,train,True
668288030,723.15,15,16:16:58,False,,False,True,723.23,34,1,82,670841835,train,True
668288031,723.22,15,16:16:59,False,,False,True,723.23,35,1,82,670841835,train,True
668288032,723.13,15,16:17:00,False,,False,True,723.23,36,1,82,670841835,train,True
668288033,723.15,15,16:17:01,False,,False,True,723.23,37,1,82,670841835,train,True
668288034,723.13,15,16:17:02,False,,False,True,723.23,38,1,82,670841835,train,True
668288035,723.13,15,16:17:03,False,,False,True,723.23,39,1,82,670841835,train,True
668288036,723.11,15,16:17:04,False,,False,True,723.23,40,1,82,670841835,train,True
668288037,723.2,15,16:17:05,False,,False,True,723.23,41,1,82,670841835,train,True
668288038,723.13,15,16:17:06,False,,False,True,723.23,42,1,82,670841835,train,True
668288039,723.11,15,16:17:07,False,,False,True,723.23,43,1,82,670841835,train,True
668288040,723.07,15,16:17:08,False,,False,True,723.23,44,1,82,670841835,train,True
668288041,723.09,15,16:17:09,False,,False,True,723.23,45,1,82,670841835,train,True
668288042,723.22,15,16:17:10,False,,False,True,723.23,46,1,82,670841835,train,True
668288043,723.23,15,16:17:11,False,,False,True,723.23,47,1,82,670841835,train,True
668288044,723.16,15,16:17:12,False,,False,True,723.22,48,1,82,670841835,train,True
668288045,723.19,15,16:17:13,False,,False,True,723.22,49,1,82,670841835,train,True
668288046,723.14,15,16:17:14,False,,False,True,723.22,50,1,82,670841835,train,True
668288047,723.1,15,16:17:15,False,,False,True,723.22,51,1,82,670841835,train,True
668288048,723.21,15,16:17:16,False,,False,True,723.22,52,1,82,670841835,train,True
668288049,723.1,15,16:17:17,False,,False,True,723.22,53,1,82,670841835,train,True
668288050,723.1,15,16:17:17,False,,False,True,723.22,54,1,82,670841835,train,True
668288051,723.15,15,16:17:18,False,,False,True,723.22,55,1,82,670841835,train,True
668288052,723.17,15,16:17:19,False,,False,True,723.22,56,1,82,670841835,train,True
668288053,723.17,15,16:17:20,False,,False,True,723.22,57,1,82,670841835,train,True
668288054,723.08,15,16:17:21,False,,False,True,723.22,58,1,82,670841835,train,True
668287995,723.17,15,16:16:24,False,,False,False,723.25,6,0,83,670842459,train,True
668287996,723.16,15,16:16:25,False,,False,False,723.25,5,0,83,670842459,train,True
668287997,723.19,15,16:16:26,False,,False,False,723.25,5,1,83,670842459,train,True
668287998,723.06,15,16:16:27,False,,False,False,723.25,5,1,83,670842459,train,True
668287999,723.07,15,16:16:28,False,,False,False,723.25,5,1,83,670842459,train,True
668288000,723.08,15,16:16:29,False,,False,False,723.25,6,1,83,670842459,train,True
668288001,723.17,15,16:16:30,False,,False,False,723.25,7,1,83,670842459,train,True
668288002,723.17,15,16:16:31,False,,False,False,723.25,8,1,83,670842459,train,True
668288003,723.17,15,16:16:32,False,,False,False,723.25,8,1,83,670842459,train,True
668288004,723.15,15,16:16:33,False,,False,False,723.25,9,1,83,670842459,train,True
668288005,723.22,15,16:16:34,False,,False,False,723.25,10,1,83,670842459,train,True
668288006,723.17,15,16:16:35,False,,False,False,723.25,11,1,83,670842459,train,True
668288007,723.15,15,16:16:36,False,,False,False,723.25,11,1,83,670842459,train,True
668288008,723.18,15,16:16:37,False,,False,False,723.25,12,1,83,670842459,train,True
668288009,723.14,15,16:16:38,False,,False,False,723.24,13,1,83,670842459,train,True
668288010,723.11,15,16:16:39,False,,False,False,723.24,14,1,83,670842459,train,True
668288011,723.2,15,16:16:40,False,,False,False,723.24,15,1,83,670842459,train,True
668288012,723.17,15,16:16:40,False,,False,False,723.24,16,1,83,670842459,train,True
668288013,723.16,15,16:16:41,False,,False,False,723.24,17,1,83,670842459,train,True
668288014,723.18,15,16:16:42,False,,False,False,723.24,18,1,83,670842459,train,True
668288015,723.23,15,16:16:43,False,,False,False,723.24,19,1,83,670842459,train,True
668288016,723.18,15,16:16:44,False,,False,False,723.24,20,1,83,670842459,train,True
668288017,723.21,15,16:16:45,False,,False,False,723.24,21,1,83,670842459,train,True
668288018,723.2,15,16:16:46,False,,False,False,723.24,22,1,83,670842459,train,True
668288019,723.18,15,16:16:47,False,,False,False,723.24,23,1,83,670842459,train,True
668288020,723.2,15,16:16:48,False,,False,False,723.24,24,1,83,670842459,train,True
668288021,723.19,15,16:16:49,False,,False,False,723.24,25,1,83,670842459,train,True
668288022,723.18,15,16:16:50,False,,False,False,723.24,26,1,83,670842459,train,True
668288023,723.23,15,16:16:51,False,,False,True,723.24,27,1,83,670842459,train,True
668288024,723.12,15,16:16:52,False,,False,True,723.24,28,1,83,670842459,train,True
668288025,723.21,15,16:16:53,False,,False,True,723.24,29,1,83,670842459,train,True
668288026,723.17,15,16:16:54,False,,False,True,723.24,30,1,83,670842459,train,True
668288027,723.13,15,16:16:55,False,,False,True,723.24,31,1,83,670842459,train,True
668288028,723.19,15,16:16:56,False,,False,True,723.24,32,1,83,670842459,train,True
668288029,723.17,15,16:16:57,False,,False,True,723.23,33,1,83,670842459,train,True
668288030,723.15,15,16:16:58,False,,False,True,723.23,34,1,83,670842459,train,True
668288031,723.22,15,16:16:59,False,,False,True,723.23,35,1,83,670842459,train,True
668288032,723.13,15,16:17:00,False,,False,True,723.23,36,1,83,670842459,train,True
668288033,723.15,15,16:17:01,False,,False,True,723.23,37,1,83,670842459,train,True
668288034,723.13,15,16:17:02,False,,False,True,723.23,38,1,83,670842459,train,True
668288035,723.13,15,16:17:03,False,,False,True,723.23,39,1,83,670842459,train,True
668288036,723.11,15,16:17:04,False,,False,True,723.23,40,1,83,670842459,train,True
668288037,723.2,15,16:17:05,False,,False,True,723.23,41,1,83,670842459,train,True
668288038,723.13,15,16:17:06,False,,False,True,723.23,42,1,83,670842459,train,True
668288039,723.11,15,16:17:07,False,,False,True,723.23,43,1,83,670842459,train,True
668288040,723.07,15,16:17:08,False,,False,True,723.23,44,1,83,670842459,train,True
668288041,723.09,15,16:17:09,False,,False,True,723.23,45,1,83,670842459,train,True
668288042,723.22,15,16:17:10,False,,False,True,723.23,46,1,83,670842459,train,True
668288043,723.23,15,16:17:11,False,,False,True,723.23,47,1,83,670842459,train,True
668288044,723.16,15,16:17:12,False,,False,True,723.22,48,1,83,670842459,train,True
668288045,723.19,15,16:17:13,False,,False,True,723.22,49,1,83,670842459,train,True
668288046,723.14,15,16:17:14,False,,False,True,723.22,50,1,83,670842459,train,True
668288047,723.1,15,16:17:15,False,,False,True,723.22,51,1,83,670842459,train,True
668288048,723.21,15,16:17:16,False,,False,True,723.22,52,1,83,670842459,train,True
668288049,723.1,15,16:17:17,False,,False,True,723.22,53,1,83,670842459,train,True
668288050,723.1,15,16:17:17,False,,False,True,723.22,54,1,83,670842459,train,True
668288051,723.15,15,16:17:18,False,,False,True,723.22,55,1,83,670842459,train,True
668288052,723.17,15,16:17:19,False,,False,True,723.22,56,1,83,670842459,train,True
668288053,723.17,15,16:17:20,False,,False,True,723.22,57,1,83,670842459,train,True
668288054,723.08,15,16:17:21,False,,False,True,723.22,58,1,83,670842459,train,True
668287995,723.17,15,16:16:24,False,,False,False,723.25,6,0,84,670849047,train,True
668287996,723.16,15,16:16:25,False,,False,False,723.25,5,0,84,670849047,train,True
668287997,723.19,15,16:16:26,False,,False,False,723.25,5,1,84,670849047,train,True
668287998,723.06,15,16:16:27,False,,False,False,723.25,5,1,84,670849047,train,True
668287999,723.07,15,16:16:28,False,,False,False,723.25,5,1,84,670849047,train,True
668288000,723.08,15,16:16:29,False,,False,False,723.25,6,1,84,670849047,train,True
668288001,723.17,15,16:16:30,False,,False,False,723.25,7,1,84,670849047,train,True
668288002,723.17,15,16:16:31,False,,False,False,723.25,8,1,84,670849047,train,True
668288003,723.17,15,16:16:32,False,,False,False,723.25,8,1,84,670849047,train,True
668288004,723.15,15,16:16:33,False,,False,False,723.25,9,1,84,670849047,train,True
668288005,723.22,15,16:16:34,False,,False,False,723.25,10,1,84,670849047,train,True
668288006,723.17,15,16:16:35,False,,False,False,723.25,11,1,84,670849047,train,True
668288007,723.15,15,16:16:36,False,,False,False,723.25,11,1,84,670849047,train,True
668288008,723.18,15,16:16:37,False,,False,False,723.25,12,1,84,670849047,train,True
668288009,723.14,15,16:16:38,False,,False,False,723.24,13,1,84,670849047,train,True
668288010,723.11,15,16:16:39,False,,False,False,723.24,14,1,84,670849047,train,True
668288011,723.2,15,16:16:40,False,,False,False,723.24,15,1,84,670849047,train,True
668288012,723.17,15,16:16:40,False,,False,False,723.24,16,1,84,670849047,train,True
668288013,723.16,15,16:16:41,False,,False,False,723.24,17,1,84,670849047,train,True
668288014,723.18,15,16:16:42,False,,False,False,723.24,18,1,84,670849047,train,True
668288015,723.23,15,16:16:43,False,,False,False,723.24,19,1,84,670849047,train,True
668288016,723.18,15,16:16:44,False,,False,False,723.24,20,1,84,670849047,train,True
668288017,723.21,15,16:16:45,False,,False,False,723.24,21,1,84,670849047,train,True
668288018,723.2,15,16:16:46,False,,False,False,723.24,22,1,84,670849047,train,True
668288019,723.18,15,16:16:47,False,,False,False,723.24,23,1,84,670849047,train,True
668288020,723.2,15,16:16:48,False,,False,False,723.24,24,1,84,670849047,train,True
668288021,723.19,15,16:16:49,False,,False,False,723.24,25,1,84,670849047,train,True
668288022,723.18,15,16:16:50,False,,False,False,723.24,26,1,84,670849047,train,True
668288023,723.23,15,16:16:51,False,,False,True,723.24,27,1,84,670849047,train,True
668288024,723.12,15,16:16:52,False,,False,True,723.24,28,1,84,670849047,train,True
668288025,723.21,15,16:16:53,False,,False,True,723.24,29,1,84,670849047,train,True
668288026,723.17,15,16:16:54,False,,False,True,723.24,30,1,84,670849047,train,True
668288027,723.13,15,16:16:55,False,,False,True,723.24,31,1,84,670849047,train,True
668288028,723.19,15,16:16:56,False,,False,True,723.24,32,1,84,670849047,train,True
668288029,723.17,15,16:16:57,False,,False,True,723.23,33,1,84,670849047,train,True
668288030,723.15,15,16:16:58,False,,False,True,723.23,34,1,84,670849047,train,True
668288031,723.22,15,16:16:59,False,,False,True,723.23,35,1,84,670849047,train,True
668288032,723.13,15,16:17:00,False,,False,True,723.23,36,1,84,670849047,train,True
668288033,723.15,15,16:17:01,False,,False,True,723.23,37,1,84,670849047,train,True
668288034,723.13,15,16:17:02,False,,False,True,723.23,38,1,84,670849047,train,True
668288035,723.13,15,16:17:03,False,,False,True,723.23,39,1,84,670849047,train,True
668288036,723.11,15,16:17:04,False,,False,True,723.23,40,1,84,670849047,train,True
668288037,723.2,15,16:17:05,False,,False,True,723.23,41,1,84,670849047,train,True
668288038,723.13,15,16:17:06,False,,False,True,723.23,42,1,84,670849047,train,True
668288039,723.11,15,16:17:07,False,,False,True,723.23,43,1,84,670849047,train,True
668288040,723.07,15,16:17:08,False,,False,True,723.23,44,1,84,670849047,train,True
668288041,723.09,15,16:17:09,False,,False,True,723.23,45,1,84,670849047,train,True
668288042,723.22,15,16:17:10,False,,False,True,723.23,46,1,84,670849047,train,True
668288043,723.23,15,16:17:11,False,,False,True,723.23,47,1,84,670849047,train,True
668288044,723.16,15,16:17:12,False,,False,True,723.22,48,1,84,670849047,train,True
668288045,723.19,15,16:17:13,False,,False,True,723.22,49,1,84,670849047,train,True
668288046,723.14,15,16:17:14,False,,False,True,723.22,50,1,84,670849047,train,True
668288047,723.1,15,16:17:15,False,,False,True,723.22,51,1,84,670849047,train,True
668288048,723.21,15,16:17:16,False,,False,True,723.22,52,1,84,670849047,train,True
668288049,723.1,15,16:17:17,False,,False,True,723.22,53,1,84,670849047,train,True
668288050,723.1,15,16:17:17,False,,False,True,723.22,54,1,84,670849047,train,True
668288051,723.15,15,16:17:18,False,,False,True,723.22,55,1,84,670849047,train,True
668288052,723.17,15,16:17:19,False,,False,True,723.22,56,1,84,670849047,train,True
668288053,723.17,15,16:17:20,False,,False,True,723.22,57,1,84,670849047,train,True
668288054,723.08,15,16:17:21,False,,False,True,723.22,58,1,84,670849047,train,True
668287995,723.17,15,16:16:24,False,,False,False,723.25,6,0,85,670852738,train,True
668287996,723.16,15,16:16:25,False,,False,False,723.25,5,0,85,670852738,train,True
668287997,723.19,15,16:16:26,False,,False,False,723.25,5,1,85,670852738,train,True
668287998,723.06,15,16:16:27,False,,False,False,723.25,5,1,85,670852738,train,True
668287999,723.07,15,16:16:28,False,,False,False,723.25,5,1,85,670852738,train,True
668288000,723.08,15,16:16:29,False,,False,False,723.25,6,1,85,670852738,train,True
668288001,723.17,15,16:16:30,False,,False,False,723.25,7,1,85,670852738,train,True
668288002,723.17,15,16:16:31,False,,False,False,723.25,8,1,85,670852738,train,True
668288003,723.17,15,16:16:32,False,,False,False,723.25,8,1,85,670852738,train,True
668288004,723.15,15,16:16:33,False,,False,False,723.25,9,1,85,670852738,train,True
668288005,723.22,15,16:16:34,False,,False,False,723.25,10,1,85,670852738,train,True
668288006,723.17,15,16:16:35,False,,False,False,723.25,11,1,85,670852738,train,True
668288007,723.15,15,16:16:36,False,,False,False,723.25,11,1,85,670852738,train,True
668288008,723.18,15,16:16:37,False,,False,False,723.25,12,1,85,670852738,train,True
668288009,723.14,15,16:16:38,False,,False,False,723.24,13,1,85,670852738,train,True
668288010,723.11,15,16:16:39,False,,False,False,723.24,14,1,85,670852738,train,True
668288011,723.2,15,16:16:40,False,,False,False,723.24,15,1,85,670852738,train,True
668288012,723.17,15,16:16:40,False,,False,False,723.24,16,1,85,670852738,train,True
668288013,723.16,15,16:16:41,False,,False,False,723.24,17,1,85,670852738,train,True
668288014,723.18,15,16:16:42,False,,False,False,723.24,18,1,85,670852738,train,True
668288015,723.23,15,16:16:43,False,,False,False,723.24,19,1,85,670852738,train,True
668288016,723.18,15,16:16:44,False,,False,False,723.24,20,1,85,670852738,train,True
668288017,723.21,15,16:16:45,False,,False,False,723.24,21,1,85,670852738,train,True
668288018,723.2,15,16:16:46,False,,False,False,723.24,22,1,85,670852738,train,True
668288019,723.18,15,16:16:47,False,,False,False,723.24,23,1,85,670852738,train,True
668288020,723.2,15,16:16:48,False,,False,False,723.24,24,1,85,670852738,train,True
668288021,723.19,15,16:16:49,False,,False,False,723.24,25,1,85,670852738,train,True
668288022,723.18,15,16:16:50,False,,False,False,723.24,26,1,85,670852738,train,True
668288023,723.23,15,16:16:51,False,,False,True,723.24,27,1,85,670852738,train,True
668288024,723.12,15,16:16:52,False,,False,True,723.24,28,1,85,670852738,train,True
668288025,723.21,15,16:16:53,False,,False,True,723.24,29,1,85,670852738,train,True
668288026,723.17,15,16:16:54,False,,False,True,723.24,30,1,85,670852738,train,True
668288027,723.13,15,16:16:55,False,,False,True,723.24,31,1,85,670852738,train,True
668288028,723.19,15,16:16:56,False,,False,True,723.24,32,1,85,670852738,train,True
668288029,723.17,15,16:16:57,False,,False,True,723.23,33,1,85,670852738,train,True
668288030,723.15,15,16:16:58,False,,False,True,723.23,34,1,85,670852738,train,True
668288031,723.22,15,16:16:59,False,,False,True,723.23,35,1,85,670852738,train,True
668288032,723.13,15,16:17:00,False,,False,True,723.23,36,1,85,670852738,train,True
668288033,723.15,15,16:17:01,False,,False,True,723.23,37,1,85,670852738,train,True
668288034,723.13,15,16:17:02,False,,False,True,723.23,38,1,85,670852738,train,True
668288035,723.13,15,16:17:03,False,,False,True,723.23,39,1,85,670852738,train,True
668288036,723.11,15,16:17:04,False,,False,True,723.23,40,1,85,670852738,train,True
668288037,723.2,15,16:17:05,False,,False,True,723.23,41,1,85,670852738,train,True
668288038,723.13,15,16:17:06,False,,False,True,723.23,42,1,85,670852738,train,True
668288039,723.11,15,16:17:07,False,,False,True,723.23,43,1,85,670852738,train,True
668288040,723.07,15,16:17:08,False,,False,True,723.23,44,1,85,670852738,train,True
668288041,723.09,15,16:17:09,False,,False,True,723.23,45,1,85,670852738,train,True
668288042,723.22,15,16:17:10,False,,False,True,723.23,46,1,85,670852738,train,True
668288043,723.23,15,16:17:11,False,,False,True,723.23,47,1,85,670852738,train,True
668288044,723.16,15,16:17:12,False,,False,True,723.22,48,1,85,670852738,train,True
668288045,723.19,15,16:17:13,False,,False,True,723.22,49,1,85,670852738,train,True
668288046,723.14,15,16:17:14,False,,False,True,723.22,50,1,85,670852738,train,True
668288047,723.1,15,16:17:15,False,,False,True,723.22,51,1,85,670852738,train,True
668288048,723.21,15,16:17:16,False,,False,True,723.22,52,1,85,670852738,train,True
668288049,723.1,15,16:17:17,False,,False,True,723.22,53,1,85,670852738,train,True
668288050,723.1,15,16:17:17,False,,False,True,723.22,54,1,85,670852738,train,True
668288051,723.15,15,16:17:18,False,,False,True,723.22,55,1,85,670852738,train,True
668288052,723.17,15,16:17:19,False,,False,True,723.22,56,1,85,670852738,train,True
668288053,723.17,15,16:17:20,False,,False,True,723.22,57,1,85,670852738,train,True
668288054,723.08,15,16:17:21,False,,False,True,723.22,58,1,85,670852738,train,True
668287995,723.17,15,16:16:24,False,,False,False,723.25,6,0,86,670856365,train,True
668287996,723.16,15,16:16:25,False,,False,False,723.25,5,0,86,670856365,train,True
668287997,723.19,15,16:16:26,False,,False,False,723.25,5,1,86,670856365,train,True
668287998,723.06,15,16:16:27,False,,False,False,723.25,5,1,86,670856365,train,True
668287999,723.07,15,16:16:28,False,,False,False,723.25,5,1,86,670856365,train,True
668288000,723.08,15,16:16:29,False,,False,False,723.25,6,1,86,670856365,train,True
668288001,723.17,15,16:16:30,False,,False,False,723.25,7,1,86,670856365,train,True
668288002,723.17,15,16:16:31,False,,False,False,723.25,8,1,86,670856365,train,True
668288003,723.17,15,16:16:32,False,,False,False,723.25,8,1,86,670856365,train,True
668288004,723.15,15,16:16:33,False,,False,False,723.25,9,1,86,670856365,train,True
668288005,723.22,15,16:16:34,False,,False,False,723.25,10,1,86,670856365,train,True
668288006,723.17,15,16:16:35,False,,False,False,723.25,11,1,86,670856365,train,True
668288007,723.15,15,16:16:36,False,,False,False,723.25,11,1,86,670856365,train,True
668288008,723.18,15,16:16:37,False,,False,False,723.25,12,1,86,670856365,train,True
668288009,723.14,15,16:16:38,False,,False,False,723.24,13,1,86,670856365,train,True
668288010,723.11,15,16:16:39,False,,False,False,723.24,14,1,86,670856365,train,True
668288011,723.2,15,16:16:40,False,,False,False,723.24,15,1,86,670856365,train,True
668288012,723.17,15,16:16:40,False,,False,False,723.24,16,1,86,670856365,train,True
668288013,723.16,15,16:16:41,False,,False,False,723.24,17,1,86,670856365,train,True
668288014,723.18,15,16:16:42,False,,False,False,723.24,18,1,86,670856365,train,True
668288015,723.23,15,16:16:43,False,,False,False,723.24,19,1,86,670856365,train,True
668288016,723.18,15,16:16:44,False,,False,False,723.24,20,1,86,670856365,train,True
668288017,723.21,15,16:16:45,False,,False,False,723.24,21,1,86,670856365,train,True
668288018,723.2,15,16:16:46,False,,False,False,723.24,22,1,86,670856365,train,True
668288019,723.18,15,16:16:47,False,,False,False,723.24,23,1,86,670856365,train,True
668288020,723.2,15,16:16:48,False,,False,False,723.24,24,1,86,670856365,train,True
668288021,723.19,15,16:16:49,False,,False,False,723.24,25,1,86,670856365,train,True
668288022,723.18,15,16:16:50,False,,False,False,723.24,26,1,86,670856365,train,True
668288023,723.23,15,16:16:51,False,,False,True,723.24,27,1,86,670856365,train,True
668288024,723.12,15,16:16:52,False,,False,True,723.24,28,1,86,670856365,train,True
668288025,723.21,15,16:16:53,False,,False,True,723.24,29,1,86,670856365,train,True
668288026,723.17,15,16:16:54,False,,False,True,723.24,30,1,86,670856365,train,True
668288027,723.13,15,16:16:55,False,,False,True,723.24,31,1,86,670856365,train,True
668288028,723.19,15,16:16:56,False,,False,True,723.24,32,1,86,670856365,train,True
668288029,723.17,15,16:16:57,False,,False,True,723.23,33,1,86,670856365,train,True
668288030,723.15,15,16:16:58,False,,False,True,723.23,34,1,86,670856365,train,True
668288031,723.22,15,16:16:59,False,,False,True,723.23,35,1,86,670856365,train,True
668288032,723.13,15,16:17:00,False,,False,True,723.23,36,1,86,670856365,train,True
668288033,723.15,15,16:17:01,False,,False,True,723.23,37,1,86,670856365,train,True
668288034,723.13,15,16:17:02,False,,False,True,723.23,38,1,86,670856365,train,True
668288035,723.13,15,16:17:03,False,,False,True,723.23,39,1,86,670856365,train,True
668288036,723.11,15,16:17:04,False,,False,True,723.23,40,1,86,670856365,train,True
668288037,723.2,15,16:17:05,False,,False,True,723.23,41,1,86,670856365,train,True
668288038,723.13,15,16:17:06,False,,False,True,723.23,42,1,86,670856365,train,True
668288039,723.11,15,16:17:07,False,,False,True,723.23,43,1,86,670856365,train,True
668288040,723.07,15,16:17:08,False,,False,True,723.23,44,1,86,670856365,train,True
668288041,723.09,15,16:17:09,False,,False,True,723.23,45,1,86,670856365,train,True
668288042,723.22,15,16:17:10,False,,False,True,723.23,46,1,86,670856365,train,True
668288043,723.23,15,16:17:11,False,,False,True,723.23,47,1,86,670856365,train,True
668288044,723.16,15,16:17:12,False,,False,True,723.22,48,1,86,670856365,train,True
668288045,723.19,15,16:17:13,False,,False,True,723.22,49,1,86,670856365,train,True
668288046,723.14,15,16:17:14,False,,False,True,723.22,50,1,86,670856365,train,True
668288047,723.1,15,16:17:15,False,,False,True,723.22,51,1,86,670856365,train,True
668288048,723.21,15,16:17:16,False,,False,True,723.22,52,1,86,670856365,train,True
668288049,723.1,15,16:17:17,False,,False,True,723.22,53,1,86,670856365,train,True
668288050,723.1,15,16:17:17,False,,False,True,723.22,54,1,86,670856365,train,True
668288051,723.15,15,16:17:18,False,,False,True,723.22,55,1,86,670856365,train,True
668288052,723.17,15,16:17:19,False,,False,True,723.22,56,1,86,670856365,train,True
668288053,723.17,15,16:17:20,False,,False,True,723.22,57,1,86,670856365,train,True
668288054,723.08,15,16:17:21,False,,False,True,723.22,58,1,86,670856365,train,True
668287995,723.17,15,16:16:24,False,,False,False,723.25,6,0,87,670859755,train,True
668287996,723.16,15,16:16:25,False,,False,False,723.25,5,0,87,670859755,train,True
668287997,723.19,15,16:16:26,False,,False,False,723.25,5,1,87,670859755,train,True
668287998,723.06,15,16:16:27,False,,False,False,723.25,5,1,87,670859755,train,True
668287999,723.07,15,16:16:28,False,,False,False,723.25,5,1,87,670859755,train,True
668288000,723.08,15,16:16:29,False,,False,False,723.25,6,1,87,670859755,train,True
668288001,723.17,15,16:16:30,False,,False,False,723.25,7,1,87,670859755,train,True
668288002,723.17,15,16:16:31,False,,False,False,723.25,8,1,87,670859755,train,True
668288003,723.17,15,16:16:32,False,,False,False,723.25,8,1,87,670859755,train,True
668288004,723.15,15,16:16:33,False,,False,False,723.25,9,1,87,670859755,train,True
668288005,723.22,15,16:16:34,False,,False,False,723.25,10,1,87,670859755,train,True
668288006,723.17,15,16:16:35,False,,False,False,723.25,11,1,87,670859755,train,True
668288007,723.15,15,16:16:36,False,,False,False,723.25,11,1,87,670859755,train,True
668288008,723.18,15,16:16:37,False,,False,False,723.25,12,1,87,670859755,train,True
668288009,723.14,15,16:16:38,False,,False,False,723.24,13,1,87,670859755,train,True
668288010,723.11,15,16:16:39,False,,False,False,723.24,14,1,87,670859755,train,True
668288011,723.2,15,16:16:40,False,,False,False,723.24,15,1,87,670859755,train,True
668288012,723.17,15,16:16:40,False,,False,False,723.24,16,1,87,670859755,train,True
668288013,723.16,15,16:16:41,False,,False,False,723.24,17,1,87,670859755,train,True
668288014,723.18,15,16:16:42,False,,False,False,723.24,18,1,87,670859755,train,True
668288015,723.23,15,16:16:43,False,,False,False,723.24,19,1,87,670859755,train,True
668288016,723.18,15,16:16:44,False,,False,False,723.24,20,1,87,670859755,train,True
668288017,723.21,15,16:16:45,False,,False,False,723.24,21,1,87,670859755,train,True
668288018,723.2,15,16:16:46,False,,False,False,723.24,22,1,87,670859755,train,True
668288019,723.18,15,16:16:47,False,,False,False,723.24,23,1,87,670859755,train,True
668288020,723.2,15,16:16:48,False,,False,False,723.24,24,1,87,670859755,train,True
668288021,723.19,15,16:16:49,False,,False,False,723.24,25,1,87,670859755,train,True
668288022,723.18,15,16:16:50,False,,False,False,723.24,26,1,87,670859755,train,True
668288023,723.23,15,16:16:51,False,,False,True,723.24,27,1,87,670859755,train,True
668288024,723.12,15,16:16:52,False,,False,True,723.24,28,1,87,670859755,train,True
668288025,723.21,15,16:16:53,False,,False,True,723.24,29,1,87,670859755,train,True
668288026,723.17,15,16:16:54,False,,False,True,723.24,30,1,87,670859755,train,True
668288027,723.13,15,16:16:55,False,,False,True,723.24,31,1,87,670859755,train,True
668288028,723.19,15,16:16:56,False,,False,True,723.24,32,1,87,670859755,train,True
668288029,723.17,15,16:16:57,False,,False,True,723.23,33,1,87,670859755,train,True
668288030,723.15,15,16:16:58,False,,False,True,723.23,34,1,87,670859755,train,True
668288031,723.22,15,16:16:59,False,,False,True,723.23,35,1,87,670859755,train,True
668288032,723.13,15,16:17:00,False,,False,True,723.23,36,1,87,670859755,train,True
668288033,723.15,15,16:17:01,False,,False,True,723.23,37,1,87,670859755,train,True
668288034,723.13,15,16:17:02,False,,False,True,723.23,38,1,87,670859755,train,True
668288035,723.13,15,16:17:03,False,,False,True,723.23,39,1,87,670859755,train,True
668288036,723.11,15,16:17:04,False,,False,True,723.23,40,1,87,670859755,train,True
668288037,723.2,15,16:17:05,False,,False,True,723.23,41,1,87,670859755,train,True
668288038,723.13,15,16:17:06,False,,False,True,723.23,42,1,87,670859755,train,True
668288039,723.11,15,16:17:07,False,,False,True,723.23,43,1,87,670859755,train,True
668288040,723.07,15,16:17:08,False,,False,True,723.23,44,1,87,670859755,train,True
668288041,723.09,15,16:17:09,False,,False,True,723.23,45,1,87,670859755,train,True
668288042,723.22,15,16:17:10,False,,False,True,723.23,46,1,87,670859755,train,True
668288043,723.23,15,16:17:11,False,,False,True,723.23,47,1,87,670859755,train,True
668288044,723.16,15,16:17:12,False,,False,True,723.22,48,1,87,670859755,train,True
668288045,723.19,15,16:17:13,False,,False,True,723.22,49,1,87,670859755,train,True
668288046,723.14,15,16:17:14,False,,False,True,723.22,50,1,87,670859755,train,True
668288047,723.1,15,16:17:15,False,,False,True,723.22,51,1,87,670859755,train,True
668288048,723.21,15,16:17:16,False,,False,True,723.22,52,1,87,670859755,train,True
668288049,723.1,15,16:17:17,False,,False,True,723.22,53,1,87,670859755,train,True
668288050,723.1,15,16:17:17,False,,False,True,723.22,54,1,87,670859755,train,True
668288051,723.15,15,16:17:18,False,,False,True,723.22,55,1,87,670859755,train,True
668288052,723.17,15,16:17:19,False,,False,True,723.22,56,1,87,670859755,train,True
668288053,723.17,15,16:17:20,False,,False,True,723.22,57,1,87,670859755,train,True
668288054,723.08,15,16:17:21,False,,False,True,723.22,58,1,87,670859755,train,True
668287995,723.17,15,16:16:24,False,,False,False,723.25,6,0,88,670929808,train,True
668287996,723.16,15,16:16:25,False,,False,False,723.25,5,0,88,670929808,train,True
668287997,723.19,15,16:16:26,False,,False,False,723.25,5,1,88,670929808,train,True
668287998,723.06,15,16:16:27,False,,False,False,723.25,5,1,88,670929808,train,True
668287999,723.07,15,16:16:28,False,,False,False,723.25,5,1,88,670929808,train,True
668288000,723.08,15,16:16:29,False,,False,False,723.25,6,1,88,670929808,train,True
668288001,723.17,15,16:16:30,False,,False,False,723.25,7,1,88,670929808,train,True
668288002,723.17,15,16:16:31,False,,False,False,723.25,8,1,88,670929808,train,True
668288003,723.17,15,16:16:32,False,,False,False,723.25,8,1,88,670929808,train,True
668288004,723.15,15,16:16:33,False,,False,False,723.25,9,1,88,670929808,train,True
668288005,723.22,15,16:16:34,False,,False,False,723.25,10,1,88,670929808,train,True
668288006,723.17,15,16:16:35,False,,False,False,723.25,11,1,88,670929808,train,True
668288007,723.15,15,16:16:36,False,,False,False,723.25,11,1,88,670929808,train,True
668288008,723.18,15,16:16:37,False,,False,False,723.25,12,1,88,670929808,train,True
668288009,723.14,15,16:16:38,False,,False,False,723.24,13,1,88,670929808,train,True
668288010,723.11,15,16:16:39,False,,False,False,723.24,14,1,88,670929808,train,True
668288011,723.2,15,16:16:40,False,,False,False,723.24,15,1,88,670929808,train,True
668288012,723.17,15,16:16:40,False,,False,False,723.24,16,1,88,670929808,train,True
668288013,723.16,15,16:16:41,False,,False,False,723.24,17,1,88,670929808,train,True
668288014,723.18,15,16:16:42,False,,False,False,723.24,18,1,88,670929808,train,True
668288015,723.23,15,16:16:43,False,,False,False,723.24,19,1,88,670929808,train,True
668288016,723.18,15,16:16:44,False,,False,False,723.24,20,1,88,670929808,train,True
668288017,723.21,15,16:16:45,False,,False,False,723.24,21,1,88,670929808,train,True
668288018,723.2,15,16:16:46,False,,False,False,723.24,22,1,88,670929808,train,True
668288019,723.18,15,16:16:47,False,,False,False,723.24,23,1,88,670929808,train,True
668288020,723.2,15,16:16:48,False,,False,False,723.24,24,1,88,670929808,train,True
668288021,723.19,15,16:16:49,False,,False,False,723.24,25,1,88,670929808,train,True
668288022,723.18,15,16:16:50,False,,False,False,723.24,26,1,88,670929808,train,True
668288023,723.23,15,16:16:51,False,,False,True,723.24,27,1,88,670929808,train,True
668288024,723.12,15,16:16:52,False,,False,True,723.24,28,1,88,670929808,train,True
668288025,723.21,15,16:16:53,False,,False,True,723.24,29,1,88,670929808,train,True
668288026,723.17,15,16:16:54,False,,False,True,723.24,30,1,88,670929808,train,True
668288027,723.13,15,16:16:55,False,,False,True,723.24,31,1,88,670929808,train,True
668288028,723.19,15,16:16:56,False,,False,True,723.24,32,1,88,670929808,train,True
668288029,723.17,15,16:16:57,False,,False,True,723.23,33,1,88,670929808,train,True
668288030,723.15,15,16:16:58,False,,False,True,723.23,34,1,88,670929808,train,True
668288031,723.22,15,16:16:59,False,,False,True,723.23,35,1,88,670929808,train,True
668288032,723.13,15,16:17:00,False,,False,True,723.23,36,1,88,670929808,train,True
668288033,723.15,15,16:17:01,False,,False,True,723.23,37,1,88,670929808,train,True
668288034,723.13,15,16:17:02,False,,False,True,723.23,38,1,88,670929808,train,True
668288035,723.13,15,16:17:03,False,,False,True,723.23,39,1,88,670929808,train,True
668288036,723.11,15,16:17:04,False,,False,True,723.23,40,1,88,670929808,train,True
668288037,723.2,15,16:17:05,False,,False,True,723.23,41,1,88,670929808,train,True
668288038,723.13,15,16:17:06,False,,False,True,723.23,42,1,88,670929808,train,True
668288039,723.11,15,16:17:07,False,,False,True,723.23,43,1,88,670929808,train,True
668288040,723.07,15,16:17:08,False,,False,True,723.23,44,1,88,670929808,train,True
668288041,723.09,15,16:17:09,False,,False,True,723.23,45,1,88,670929808,train,True
668288042,723.22,15,16:17:10,False,,False,True,723.23,46,1,88,670929808,train,True
668288043,723.23,15,16:17:11,False,,False,True,723.23,47,1,88,670929808,train,True
668288044,723.16,15,16:17:12,False,,False,True,723.22,48,1,88,670929808,train,True
668288045,723.19,15,16:17:13,False,,False,True,723.22,49,1,88,670929808,train,True
668288046,723.14,15,16:17:14,False,,False,True,723.22,50,1,88,670929808,train,True
668288047,723.1,15,16:17:15,False,,False,True,723.22,51,1,88,670929808,train,True
668288048,723.21,15,16:17:16,False,,False,True,723.22,52,1,88,670929808,train,True
668288049,723.1,15,16:17:17,False,,False,True,723.22,53,1,88,670929808,train,True
668288050,723.1,15,16:17:17,False,,False,True,723.22,54,1,88,670929808,train,True
668288051,723.15,15,16:17:18,False,,False,True,723.22,55,1,88,670929808,train,True
668288052,723.17,15,16:17:19,False,,False,True,723.22,56,1,88,670929808,train,True
668288053,723.17,15,16:17:20,False,,False,True,723.22,57,1,88,670929808,train,True
668288054,723.08,15,16:17:21,False,,False,True,723.22,58,1,88,670929808,train,True
668287995,723.17,15,16:16:24,False,,False,False,723.25,6,0,89,670930554,train,True
668287996,723.16,15,16:16:25,False,,False,False,723.25,5,0,89,670930554,train,True
668287997,723.19,15,16:16:26,False,,False,False,723.25,5,1,89,670930554,train,True
668287998,723.06,15,16:16:27,False,,False,False,723.25,5,1,89,670930554,train,True
668287999,723.07,15,16:16:28,False,,False,False,723.25,5,1,89,670930554,train,True
668288000,723.08,15,16:16:29,False,,False,False,723.25,6,1,89,670930554,train,True
668288001,723.17,15,16:16:30,False,,False,False,723.25,7,1,89,670930554,train,True
668288002,723.17,15,16:16:31,False,,False,False,723.25,8,1,89,670930554,train,True
668288003,723.17,15,16:16:32,False,,False,False,723.25,8,1,89,670930554,train,True
668288004,723.15,15,16:16:33,False,,False,False,723.25,9,1,89,670930554,train,True
668288005,723.22,15,16:16:34,False,,False,False,723.25,10,1,89,670930554,train,True
668288006,723.17,15,16:16:35,False,,False,False,723.25,11,1,89,670930554,train,True
668288007,723.15,15,16:16:36,False,,False,False,723.25,11,1,89,670930554,train,True
668288008,723.18,15,16:16:37,False,,False,False,723.25,12,1,89,670930554,train,True
668288009,723.14,15,16:16:38,False,,False,False,723.24,13,1,89,670930554,train,True
668288010,723.11,15,16:16:39,False,,False,False,723.24,14,1,89,670930554,train,True
668288011,723.2,15,16:16:40,False,,False,False,723.24,15,1,89,670930554,train,True
668288012,723.17,15,16:16:40,False,,False,False,723.24,16,1,89,670930554,train,True
668288013,723.16,15,16:16:41,False,,False,False,723.24,17,1,89,670930554,train,True
668288014,723.18,15,16:16:42,False,,False,False,723.24,18,1,89,670930554,train,True
668288015,723.23,15,16:16:43,False,,False,False,723.24,19,1,89,670930554,train,True
668288016,723.18,15,16:16:44,False,,False,False,723.24,20,1,89,670930554,train,True
668288017,723.21,15,16:16:45,False,,False,False,723.24,21,1,89,670930554,train,True
668288018,723.2,15,16:16:46,False,,False,False,723.24,22,1,89,670930554,train,True
668288019,723.18,15,16:16:47,False,,False,False,723.24,23,1,89,670930554,train,True
668288020,723.2,15,16:16:48,False,,False,False,723.24,24,1,89,670930554,train,True
668288021,723.19,15,16:16:49,False,,False,False,723.24,25,1,89,670930554,train,True
668288022,723.18,15,16:16:50,False,,False,False,723.24,26,1,89,670930554,train,True
668288023,723.23,15,16:16:51,False,,False,True,723.24,27,1,89,670930554,train,True
668288024,723.12,15,16:16:52,False,,False,True,723.24,28,1,89,670930554,train,True
668288025,723.21,15,16:16:53,False,,False,True,723.24,29,1,89,670930554,train,True
668288026,723.17,15,16:16:54,False,,False,True,723.24,30,1,89,670930554,train,True
668288027,723.13,15,16:16:55,False,,False,True,723.24,31,1,89,670930554,train,True
668288028,723.19,15,16:16:56,False,,False,True,723.24,32,1,89,670930554,train,True
668288029,723.17,15,16:16:57,False,,False,True,723.23,33,1,89,670930554,train,True
668288030,723.15,15,16:16:58,False,,False,True,723.23,34,1,89,670930554,train,True
668288031,723.22,15,16:16:59,False,,False,True,723.23,35,1,89,670930554,train,True
668288032,723.13,15,16:17:00,False,,False,True,723.23,36,1,89,670930554,train,True
668288033,723.15,15,16:17:01,False,,False,True,723.23,37,1,89,670930554,train,True
668288034,723.13,15,16:17:02,False,,False,True,723.23,38,1,89,670930554,train,True
668288035,723.13,15,16:17:03,False,,False,True,723.23,39,1,89,670930554,train,True
668288036,723.11,15,16:17:04,False,,False,True,723.23,40,1,89,670930554,train,True
668288037,723.2,15,16:17:05,False,,False,True,723.23,41,1,89,670930554,train,True
668288038,723.13,15,16:17:06,False,,False,True,723.23,42,1,89,670930554,train,True
668288039,723.11,15,16:17:07,False,,False,True,723.23,43,1,89,670930554,train,True
668288040,723.07,15,16:17:08,False,,False,True,723.23,44,1,89,670930554,train,True
668288041,723.09,15,16:17:09,False,,False,True,723.23,45,1,89,670930554,train,True
668288042,723.22,15,16:17:10,False,,False,True,723.23,46,1,89,670930554,train,True
668288043,723.23,15,16:17:11,False,,False,True,723.23,47,1,89,670930554,train,True
668288044,723.16,15,16:17:12,False,,False,True,723.22,48,1,89,670930554,train,True
668288045,723.19,15,16:17:13,False,,False,True,723.22,49,1,89,670930554,train,True
668288046,723.14,15,16:17:14,False,,False,True,723.22,50,1,89,670930554,train,True
668288047,723.1,15,16:17:15,False,,False,True,723.22,51,1,89,670930554,train,True
668288048,723.21,15,16:17:16,False,,False,True,723.22,52,1,89,670930554,train,True
668288049,723.1,15,16:17:17,False,,False,True,723.22,53,1,89,670930554,train,True
668288050,723.1,15,16:17:17,False,,False,True,723.22,54,1,89,670930554,train,True
668288051,723.15,15,16:17:18,False,,False,True,723.22,55,1,89,670930554,train,True
668288052,723.17,15,16:17:19,False,,False,True,723.22,56,1,89,670930554,train,True
668288053,723.17,15,16:17:20,False,,False,True,723.22,57,1,89,670930554,train,True
668288054,723.08,15,16:17:21,False,,False,True,723.22,58,1,89,670930554,train,True
668287995,723.17,15,16:16:24,False,,False,False,723.25,6,0,90,670933108,train,True
668287996,723.16,15,16:16:25,False,,False,False,723.25,5,0,90,670933108,train,True
668287997,723.19,15,16:16:26,False,,False,False,723.25,5,1,90,670933108,train,True
668287998,723.06,15,16:16:27,False,,False,False,723.25,5,1,90,670933108,train,True
668287999,723.07,15,16:16:28,False,,False,False,723.25,5,1,90,670933108,train,True
668288000,723.08,15,16:16:29,False,,False,False,723.25,6,1,90,670933108,train,True
668288001,723.17,15,16:16:30,False,,False,False,723.25,7,1,90,670933108,train,True
668288002,723.17,15,16:16:31,False,,False,False,723.25,8,1,90,670933108,train,True
668288003,723.17,15,16:16:32,False,,False,False,723.25,8,1,90,670933108,train,True
668288004,723.15,15,16:16:33,False,,False,False,723.25,9,1,90,670933108,train,True
668288005,723.22,15,16:16:34,False,,False,False,723.25,10,1,90,670933108,train,True
668288006,723.17,15,16:16:35,False,,False,False,723.25,11,1,90,670933108,train,True
668288007,723.15,15,16:16:36,False,,False,False,723.25,11,1,90,670933108,train,True
668288008,723.18,15,16:16:37,False,,False,False,723.25,12,1,90,670933108,train,True
668288009,723.14,15,16:16:38,False,,False,False,723.24,13,1,90,670933108,train,True
668288010,723.11,15,16:16:39,False,,False,False,723.24,14,1,90,670933108,train,True
668288011,723.2,15,16:16:40,False,,False,False,723.24,15,1,90,670933108,train,True
668288012,723.17,15,16:16:40,False,,False,False,723.24,16,1,90,670933108,train,True
668288013,723.16,15,16:16:41,False,,False,False,723.24,17,1,90,670933108,train,True
668288014,723.18,15,16:16:42,False,,False,False,723.24,18,1,90,670933108,train,True
668288015,723.23,15,16:16:43,False,,False,False,723.24,19,1,90,670933108,train,True
668288016,723.18,15,16:16:44,False,,False,False,723.24,20,1,90,670933108,train,True
668288017,723.21,15,16:16:45,False,,False,False,723.24,21,1,90,670933108,train,True
668288018,723.2,15,16:16:46,False,,False,False,723.24,22,1,90,670933108,train,True
668288019,723.18,15,16:16:47,False,,False,False,723.24,23,1,90,670933108,train,True
668288020,723.2,15,16:16:48,False,,False,False,723.24,24,1,90,670933108,train,True
668288021,723.19,15,16:16:49,False,,False,False,723.24,25,1,90,670933108,train,True
668288022,723.18,15,16:16:50,False,,False,False,723.24,26,1,90,670933108,train,True
668288023,723.23,15,16:16:51,False,,False,True,723.24,27,1,90,670933108,train,True
668288024,723.12,15,16:16:52,False,,False,True,723.24,28,1,90,670933108,train,True
668288025,723.21,15,16:16:53,False,,False,True,723.24,29,1,90,670933108,train,True
668288026,723.17,15,16:16:54,False,,False,True,723.24,30,1,90,670933108,train,True
668288027,723.13,15,16:16:55,False,,False,True,723.24,31,1,90,670933108,train,True
668288028,723.19,15,16:16:56,False,,False,True,723.24,32,1,90,670933108,train,True
668288029,723.17,15,16:16:57,False,,False,True,723.23,33,1,90,670933108,train,True
668288030,723.15,15,16:16:58,False,,False,True,723.23,34,1,90,670933108,train,True
668288031,723.22,15,16:16:59,False,,False,True,723.23,35,1,90,670933108,train,True
668288032,723.13,15,16:17:00,False,,False,True,723.23,36,1,90,670933108,train,True
668288033,723.15,15,16:17:01,False,,False,True,723.23,37,1,90,670933108,train,True
668288034,723.13,15,16:17:02,False,,False,True,723.23,38,1,90,670933108,train,True
668288035,723.13,15,16:17:03,False,,False,True,723.23,39,1,90,670933108,train,True
668288036,723.11,15,16:17:04,False,,False,True,723.23,40,1,90,670933108,train,True
668288037,723.2,15,16:17:05,False,,False,True,723.23,41,1,90,670933108,train,True
668288038,723.13,15,16:17:06,False,,False,True,723.23,42,1,90,670933108,train,True
668288039,723.11,15,16:17:07,False,,False,True,723.23,43,1,90,670933108,train,True
668288040,723.07,15,16:17:08,False,,False,True,723.23,44,1,90,670933108,train,True
668288041,723.09,15,16:17:09,False,,False,True,723.23,45,1,90,670933108,train,True
668288042,723.22,15,16:17:10,False,,False,True,723.23,46,1,90,670933108,train,True
668288043,723.23,15,16:17:11,False,,False,True,723.23,47,1,90,670933108,train,True
668288044,723.16,15,16:17:12,False,,False,True,723.22,48,1,90,670933108,train,True
668288045,723.19,15,16:17:13,False,,False,True,723.22,49,1,90,670933108,train,True
668288046,723.14,15,16:17:14,False,,False,True,723.22,50,1,90,670933108,train,True
668288047,723.1,15,16:17:15,False,,False,True,723.22,51,1,90,670933108,train,True
668288048,723.21,15,16:17:16,False,,False,True,723.22,52,1,90,670933108,train,True
668288049,723.1,15,16:17:17,False,,False,True,723.22,53,1,90,670933108,train,True
668288050,723.1,15,16:17:17,False,,False,True,723.22,54,1,90,670933108,train,True
668288051,723.15,15,16:17:18,False,,False,True,723.22,55,1,90,670933108,train,True
668288052,723.17,15,16:17:19,False,,False,True,723.22,56,1,90,670933108,train,True
668288053,723.17,15,16:17:20,False,,False,True,723.22,57,1,90,670933108,train,True
668288054,723.08,15,16:17:21,False,,False,True,723.22,58,1,90,670933108,train,True
668287995,723.17,15,16:16:24,False,,False,False,723.25,6,0,91,670934582,train,True
668287996,723.16,15,16:16:25,False,,False,False,723.25,5,0,91,670934582,train,True
668287997,723.19,15,16:16:26,False,,False,False,723.25,5,1,91,670934582,train,True
668287998,723.06,15,16:16:27,False,,False,False,723.25,5,1,91,670934582,train,True
668287999,723.07,15,16:16:28,False,,False,False,723.25,5,1,91,670934582,train,True
668288000,723.08,15,16:16:29,False,,False,False,723.25,6,1,91,670934582,train,True
668288001,723.17,15,16:16:30,False,,False,False,723.25,7,1,91,670934582,train,True
668288002,723.17,15,16:16:31,False,,False,False,723.25,8,1,91,670934582,train,True
668288003,723.17,15,16:16:32,False,,False,False,723.25,8,1,91,670934582,train,True
668288004,723.15,15,16:16:33,False,,False,False,723.25,9,1,91,670934582,train,True
668288005,723.22,15,16:16:34,False,,False,False,723.25,10,1,91,670934582,train,True
668288006,723.17,15,16:16:35,False,,False,False,723.25,11,1,91,670934582,train,True
668288007,723.15,15,16:16:36,False,,False,False,723.25,11,1,91,670934582,train,True
668288008,723.18,15,16:16:37,False,,False,False,723.25,12,1,91,670934582,train,True
668288009,723.14,15,16:16:38,False,,False,False,723.24,13,1,91,670934582,train,True
668288010,723.11,15,16:16:39,False,,False,False,723.24,14,1,91,670934582,train,True
668288011,723.2,15,16:16:40,False,,False,False,723.24,15,1,91,670934582,train,True
668288012,723.17,15,16:16:40,False,,False,False,723.24,16,1,91,670934582,train,True
668288013,723.16,15,16:16:41,False,,False,False,723.24,17,1,91,670934582,train,True
668288014,723.18,15,16:16:42,False,,False,False,723.24,18,1,91,670934582,train,True
668288015,723.23,15,16:16:43,False,,False,False,723.24,19,1,91,670934582,train,True
668288016,723.18,15,16:16:44,False,,False,False,723.24,20,1,91,670934582,train,True
668288017,723.21,15,16:16:45,False,,False,False,723.24,21,1,91,670934582,train,True
668288018,723.2,15,16:16:46,False,,False,False,723.24,22,1,91,670934582,train,True
668288019,723.18,15,16:16:47,False,,False,False,723.24,23,1,91,670934582,train,True
668288020,723.2,15,16:16:48,False,,False,False,723.24,24,1,91,670934582,train,True
668288021,723.19,15,16:16:49,False,,False,False,723.24,25,1,91,670934582,train,True
668288022,723.18,15,16:16:50,False,,False,False,723.24,26,1,91,670934582,train,True
668288023,723.23,15,16:16:51,False,,False,True,723.24,27,1,91,670934582,train,True
668288024,723.12,15,16:16:52,False,,False,True,723.24,28,1,91,670934582,train,True
668288025,723.21,15,16:16:53,False,,False,True,723.24,29,1,91,670934582,train,True
668288026,723.17,15,16:16:54,False,,False,True,723.24,30,1,91,670934582,train,True
668288027,723.13,15,16:16:55,False,,False,True,723.24,31,1,91,670934582,train,True
668288028,723.19,15,16:16:56,False,,False,True,723.24,32,1,91,670934582,train,True
668288029,723.17,15,16:16:57,False,,False,True,723.23,33,1,91,670934582,train,True
668288030,723.15,15,16:16:58,False,,False,True,723.23,34,1,91,670934582,train,True
668288031,723.22,15,16:16:59,False,,False,True,723.23,35,1,91,670934582,train,True
668288032,723.13,15,16:17:00,False,,False,True,723.23,36,1,91,670934582,train,True
668288033,723.15,15,16:17:01,False,,False,True,723.23,37,1,91,670934582,train,True
668288034,723.13,15,16:17:02,False,,False,True,723.23,38,1,91,670934582,train,True
668288035,723.13,15,16:17:03,False,,False,True,723.23,39,1,91,670934582,train,True
668288036,723.11,15,16:17:04,False,,False,True,723.23,40,1,91,670934582,train,True
668288037,723.2,15,16:17:05,False,,False,True,723.23,41,1,91,670934582,train,True
668288038,723.13,15,16:17:06,False,,False,True,723.23,42,1,91,670934582,train,True
668288039,723.11,15,16:17:07,False,,False,True,723.23,43,1,91,670934582,train,True
668288040,723.07,15,16:17:08,False,,False,True,723.23,44,1,91,670934582,train,True
668288041,723.09,15,16:17:09,False,,False,True,723.23,45,1,91,670934582,train,True
668288042,723.22,15,16:17:10,False,,False,True,723.23,46,1,91,670934582,train,True
668288043,723.23,15,16:17:11,False,,False,True,723.23,47,1,91,670934582,train,True
668288044,723.16,15,16:17:12,False,,False,True,723.22,48,1,91,670934582,train,True
668288045,723.19,15,16:17:13,False,,False,True,723.22,49,1,91,670934582,train,True
668288046,723.14,15,16:17:14,False,,False,True,723.22,50,1,91,670934582,train,True
668288047,723.1,15,16:17:15,False,,False,True,723.22,51,1,91,670934582,train,True
668288048,723.21,15,16:17:16,False,,False,True,723.22,52,1,91,670934582,train,True
668288049,723.1,15,16:17:17,False,,False,True,723.22,53,1,91,670934582,train,True
668288050,723.1,15,16:17:17,False,,False,True,723.22,54,1,91,670934582,train,True
668288051,723.15,15,16:17:18,False,,False,True,723.22,55,1,91,670934582,train,True
668288052,723.17,15,16:17:19,False,,False,True,723.22,56,1,91,670934582,train,True
668288053,723.17,15,16:17:20,False,,False,True,723.22,57,1,91,670934582,train,True
668288054,723.08,15,16:17:21,False,,False,True,723.22,58,1,91,670934582,train,True
668287995,723.17,15,16:16:24,False,,False,False,723.25,6,0,92,670938327,train,True
668287996,723.16,15,16:16:25,False,,False,False,723.25,5,0,92,670938327,train,True
668287997,723.19,15,16:16:26,False,,False,False,723.25,5,1,92,670938327,train,True
668287998,723.06,15,16:16:27,False,,False,False,723.25,5,1,92,670938327,train,True
668287999,723.07,15,16:16:28,False,,False,False,723.25,5,1,92,670938327,train,True
668288000,723.08,15,16:16:29,False,,False,False,723.25,6,1,92,670938327,train,True
668288001,723.17,15,16:16:30,False,,False,False,723.25,7,1,92,670938327,train,True
668288002,723.17,15,16:16:31,False,,False,False,723.25,8,1,92,670938327,train,True
668288003,723.17,15,16:16:32,False,,False,False,723.25,8,1,92,670938327,train,True
668288004,723.15,15,16:16:33,False,,False,False,723.25,9,1,92,670938327,train,True
668288005,723.22,15,16:16:34,False,,False,False,723.25,10,1,92,670938327,train,True
668288006,723.17,15,16:16:35,False,,False,False,723.25,11,1,92,670938327,train,True
668288007,723.15,15,16:16:36,False,,False,False,723.25,11,1,92,670938327,train,True
668288008,723.18,15,16:16:37,False,,False,False,723.25,12,1,92,670938327,train,True
668288009,723.14,15,16:16:38,False,,False,False,723.24,13,1,92,670938327,train,True
668288010,723.11,15,16:16:39,False,,False,False,723.24,14,1,92,670938327,train,True
668288011,723.2,15,16:16:40,False,,False,False,723.24,15,1,92,670938327,train,True
668288012,723.17,15,16:16:40,False,,False,False,723.24,16,1,92,670938327,train,True
668288013,723.16,15,16:16:41,False,,False,False,723.24,17,1,92,670938327,train,True
668288014,723.18,15,16:16:42,False,,False,False,723.24,18,1,92,670938327,train,True
668288015,723.23,15,16:16:43,False,,False,False,723.24,19,1,92,670938327,train,True
668288016,723.18,15,16:16:44,False,,False,False,723.24,20,1,92,670938327,train,True
668288017,723.21,15,16:16:45,False,,False,False,723.24,21,1,92,670938327,train,True
668288018,723.2,15,16:16:46,False,,False,False,723.24,22,1,92,670938327,train,True
668288019,723.18,15,16:16:47,False,,False,False,723.24,23,1,92,670938327,train,True
668288020,723.2,15,16:16:48,False,,False,False,723.24,24,1,92,670938327,train,True
668288021,723.19,15,16:16:49,False,,False,False,723.24,25,1,92,670938327,train,True
668288022,723.18,15,16:16:50,False,,False,False,723.24,26,1,92,670938327,train,True
668288023,723.23,15,16:16:51,False,,False,True,723.24,27,1,92,670938327,train,True
668288024,723.12,15,16:16:52,False,,False,True,723.24,28,1,92,670938327,train,True
668288025,723.21,15,16:16:53,False,,False,True,723.24,29,1,92,670938327,train,True
668288026,723.17,15,16:16:54,False,,False,True,723.24,30,1,92,670938327,train,True
668288027,723.13,15,16:16:55,False,,False,True,723.24,31,1,92,670938327,train,True
668288028,723.19,15,16:16:56,False,,False,True,723.24,32,1,92,670938327,train,True
668288029,723.17,15,16:16:57,False,,False,True,723.23,33,1,92,670938327,train,True
668288030,723.15,15,16:16:58,False,,False,True,723.23,34,1,92,670938327,train,True
668288031,723.22,15,16:16:59,False,,False,True,723.23,35,1,92,670938327,train,True
668288032,723.13,15,16:17:00,False,,False,True,723.23,36,1,92,670938327,train,True
668288033,723.15,15,16:17:01,False,,False,True,723.23,37,1,92,670938327,train,True
668288034,723.13,15,16:17:02,False,,False,True,723.23,38,1,92,670938327,train,True
668288035,723.13,15,16:17:03,False,,False,True,723.23,39,1,92,670938327,train,True
668288036,723.11,15,16:17:04,False,,False,True,723.23,40,1,92,670938327,train,True
668288037,723.2,15,16:17:05,False,,False,True,723.23,41,1,92,670938327,train,True
668288038,723.13,15,16:17:06,False,,False,True,723.23,42,1,92,670938327,train,True
668288039,723.11,15,16:17:07,False,,False,True,723.23,43,1,92,670938327,train,True
668288040,723.07,15,16:17:08,False,,False,True,723.23,44,1,92,670938327,train,True
668288041,723.09,15,16:17:09,False,,False,True,723.23,45,1,92,670938327,train,True
668288042,723.22,15,16:17:10,False,,False,True,723.23,46,1,92,670938327,train,True
668288043,723.23,15,16:17:11,False,,False,True,723.23,47,1,92,670938327,train,True
668288044,723.16,15,16:17:12,False,,False,True,723.22,48,1,92,670938327,train,True
668288045,723.19,15,16:17:13,False,,False,True,723.22,49,1,92,670938327,train,True
668288046,723.14,15,16:17:14,False,,False,True,723.22,50,1,92,670938327,train,True
668288047,723.1,15,16:17:15,False,,False,True,723.22,51,1,92,670938327,train,True
668288048,723.21,15,16:17:16,False,,False,True,723.22,52,1,92,670938327,train,True
668288049,723.1,15,16:17:17,False,,False,True,723.22,53,1,92,670938327,train,True
668288050,723.1,15,16:17:17,False,,False,True,723.22,54,1,92,670938327,train,True
668288051,723.15,15,16:17:18,False,,False,True,723.22,55,1,92,670938327,train,True
668288052,723.17,15,16:17:19,False,,False,True,723.22,56,1,92,670938327,train,True
668288053,723.17,15,16:17:20,False,,False,True,723.22,57,1,92,670938327,train,True
668288054,723.08,15,16:17:21,False,,False,True,723.22,58,1,92,670938327,train,True
668287995,723.17,15,16:16:24,False,,False,False,723.25,6,0,93,670938389,train,True
668287996,723.16,15,16:16:25,False,,False,False,723.25,5,0,93,670938389,train,True
668287997,723.19,15,16:16:26,False,,False,False,723.25,5,1,93,670938389,train,True
668287998,723.06,15,16:16:27,False,,False,False,723.25,5,1,93,670938389,train,True
668287999,723.07,15,16:16:28,False,,False,False,723.25,5,1,93,670938389,train,True
668288000,723.08,15,16:16:29,False,,False,False,723.25,6,1,93,670938389,train,True
668288001,723.17,15,16:16:30,False,,False,False,723.25,7,1,93,670938389,train,True
668288002,723.17,15,16:16:31,False,,False,False,723.25,8,1,93,670938389,train,True
668288003,723.17,15,16:16:32,False,,False,False,723.25,8,1,93,670938389,train,True
668288004,723.15,15,16:16:33,False,,False,False,723.25,9,1,93,670938389,train,True
668288005,723.22,15,16:16:34,False,,False,False,723.25,10,1,93,670938389,train,True
668288006,723.17,15,16:16:35,False,,False,False,723.25,11,1,93,670938389,train,True
668288007,723.15,15,16:16:36,False,,False,False,723.25,11,1,93,670938389,train,True
668288008,723.18,15,16:16:37,False,,False,False,723.25,12,1,93,670938389,train,True
668288009,723.14,15,16:16:38,False,,False,False,723.24,13,1,93,670938389,train,True
668288010,723.11,15,16:16:39,False,,False,False,723.24,14,1,93,670938389,train,True
668288011,723.2,15,16:16:40,False,,False,False,723.24,15,1,93,670938389,train,True
668288012,723.17,15,16:16:40,False,,False,False,723.24,16,1,93,670938389,train,True
668288013,723.16,15,16:16:41,False,,False,False,723.24,17,1,93,670938389,train,True
668288014,723.18,15,16:16:42,False,,False,False,723.24,18,1,93,670938389,train,True
668288015,723.23,15,16:16:43,False,,False,False,723.24,19,1,93,670938389,train,True
668288016,723.18,15,16:16:44,False,,False,False,723.24,20,1,93,670938389,train,True
668288017,723.21,15,16:16:45,False,,False,False,723.24,21,1,93,670938389,train,True
668288018,723.2,15,16:16:46,False,,False,False,723.24,22,1,93,670938389,train,True
668288019,723.18,15,16:16:47,False,,False,False,723.24,23,1,93,670938389,train,True
668288020,723.2,15,16:16:48,False,,False,False,723.24,24,1,93,670938389,train,True
668288021,723.19,15,16:16:49,False,,False,False,723.24,25,1,93,670938389,train,True
668288022,723.18,15,16:16:50,False,,False,False,723.24,26,1,93,670938389,train,True
668288023,723.23,15,16:16:51,False,,False,True,723.24,27,1,93,670938389,train,True
668288024,723.12,15,16:16:52,False,,False,True,723.24,28,1,93,670938389,train,True
668288025,723.21,15,16:16:53,False,,False,True,723.24,29,1,93,670938389,train,True
668288026,723.17,15,16:16:54,False,,False,True,723.24,30,1,93,670938389,train,True
668288027,723.13,15,16:16:55,False,,False,True,723.24,31,1,93,670938389,train,True
668288028,723.19,15,16:16:56,False,,False,True,723.24,32,1,93,670938389,train,True
668288029,723.17,15,16:16:57,False,,False,True,723.23,33,1,93,670938389,train,True
668288030,723.15,15,16:16:58,False,,False,True,723.23,34,1,93,670938389,train,True
668288031,723.22,15,16:16:59,False,,False,True,723.23,35,1,93,670938389,train,True
668288032,723.13,15,16:17:00,False,,False,True,723.23,36,1,93,670938389,train,True
668288033,723.15,15,16:17:01,False,,False,True,723.23,37,1,93,670938389,train,True
668288034,723.13,15,16:17:02,False,,False,True,723.23,38,1,93,670938389,train,True
668288035,723.13,15,16:17:03,False,,False,True,723.23,39,1,93,670938389,train,True
668288036,723.11,15,16:17:04,False,,False,True,723.23,40,1,93,670938389,train,True
668288037,723.2,15,16:17:05,False,,False,True,723.23,41,1,93,670938389,train,True
668288038,723.13,15,16:17:06,False,,False,True,723.23,42,1,93,670938389,train,True
668288039,723.11,15,16:17:07,False,,False,True,723.23,43,1,93,670938389,train,True
668288040,723.07,15,16:17:08,False,,False,True,723.23,44,1,93,670938389,train,True
668288041,723.09,15,16:17:09,False,,False,True,723.23,45,1,93,670938389,train,True
668288042,723.22,15,16:17:10,False,,False,True,723.23,46,1,93,670938389,train,True
668288043,723.23,15,16:17:11,False,,False,True,723.23,47,1,93,670938389,train,True
668288044,723.16,15,16:17:12,False,,False,True,723.22,48,1,93,670938389,train,True
668288045,723.19,15,16:17:13,False,,False,True,723.22,49,1,93,670938389,train,True
668288046,723.14,15,16:17:14,False,,False,True,723.22,50,1,93,670938389,train,True
668288047,723.1,15,16:17:15,False,,False,True,723.22,51,1,93,670938389,train,True
668288048,723.21,15,16:17:16,False,,False,True,723.22,52,1,93,670938389,train,True
668288049,723.1,15,16:17:17,False,,False,True,723.22,53,1,93,670938389,train,True
668288050,723.1,15,16:17:17,False,,False,True,723.22,54,1,93,670938389,train,True
668288051,723.15,15,16:17:18,False,,False,True,723.22,55,1,93,670938389,train,True
668288052,723.17,15,16:17:19,False,,False,True,723.22,56,1,93,670938389,train,True
668288053,723.17,15,16:17:20,False,,False,True,723.22,57,1,93,670938389,train,True
668288054,723.08,15,16:17:21,False,,False,True,723.22,58,1,93,670938389,train,True
668287995,723.17,15,16:16:24,False,,False,False,723.25,6,0,94,670940703,train,True
668287996,723.16,15,16:16:25,False,,False,False,723.25,5,0,94,670940703,train,True
668287997,723.19,15,16:16:26,False,,False,False,723.25,5,1,94,670940703,train,True
668287998,723.06,15,16:16:27,False,,False,False,723.25,5,1,94,670940703,train,True
668287999,723.07,15,16:16:28,False,,False,False,723.25,5,1,94,670940703,train,True
668288000,723.08,15,16:16:29,False,,False,False,723.25,6,1,94,670940703,train,True
668288001,723.17,15,16:16:30,False,,False,False,723.25,7,1,94,670940703,train,True
668288002,723.17,15,16:16:31,False,,False,False,723.25,8,1,94,670940703,train,True
668288003,723.17,15,16:16:32,False,,False,False,723.25,8,1,94,670940703,train,True
668288004,723.15,15,16:16:33,False,,False,False,723.25,9,1,94,670940703,train,True
668288005,723.22,15,16:16:34,False,,False,False,723.25,10,1,94,670940703,train,True
668288006,723.17,15,16:16:35,False,,False,False,723.25,11,1,94,670940703,train,True
668288007,723.15,15,16:16:36,False,,False,False,723.25,11,1,94,670940703,train,True
668288008,723.18,15,16:16:37,False,,False,False,723.25,12,1,94,670940703,train,True
668288009,723.14,15,16:16:38,False,,False,False,723.24,13,1,94,670940703,train,True
668288010,723.11,15,16:16:39,False,,False,False,723.24,14,1,94,670940703,train,True
668288011,723.2,15,16:16:40,False,,False,False,723.24,15,1,94,670940703,train,True
668288012,723.17,15,16:16:40,False,,False,False,723.24,16,1,94,670940703,train,True
668288013,723.16,15,16:16:41,False,,False,False,723.24,17,1,94,670940703,train,True
668288014,723.18,15,16:16:42,False,,False,False,723.24,18,1,94,670940703,train,True
668288015,723.23,15,16:16:43,False,,False,False,723.24,19,1,94,670940703,train,True
668288016,723.18,15,16:16:44,False,,False,False,723.24,20,1,94,670940703,train,True
668288017,723.21,15,16:16:45,False,,False,False,723.24,21,1,94,670940703,train,True
668288018,723.2,15,16:16:46,False,,False,False,723.24,22,1,94,670940703,train,True
668288019,723.18,15,16:16:47,False,,False,False,723.24,23,1,94,670940703,train,True
668288020,723.2,15,16:16:48,False,,False,False,723.24,24,1,94,670940703,train,True
668288021,723.19,15,16:16:49,False,,False,False,723.24,25,1,94,670940703,train,True
668288022,723.18,15,16:16:50,False,,False,False,723.24,26,1,94,670940703,train,True
668288023,723.23,15,16:16:51,False,,False,True,723.24,27,1,94,670940703,train,True
668288024,723.12,15,16:16:52,False,,False,True,723.24,28,1,94,670940703,train,True
668288025,723.21,15,16:16:53,False,,False,True,723.24,29,1,94,670940703,train,True
668288026,723.17,15,16:16:54,False,,False,True,723.24,30,1,94,670940703,train,True
668288027,723.13,15,16:16:55,False,,False,True,723.24,31,1,94,670940703,train,True
668288028,723.19,15,16:16:56,False,,False,True,723.24,32,1,94,670940703,train,True
668288029,723.17,15,16:16:57,False,,False,True,723.23,33,1,94,670940703,train,True
668288030,723.15,15,16:16:58,False,,False,True,723.23,34,1,94,670940703,train,True
668288031,723.22,15,16:16:59,False,,False,True,723.23,35,1,94,670940703,train,True
668288032,723.13,15,16:17:00,False,,False,True,723.23,36,1,94,670940703,train,True
668288033,723.15,15,16:17:01,False,,False,True,723.23,37,1,94,670940703,train,True
668288034,723.13,15,16:17:02,False,,False,True,723.23,38,1,94,670940703,train,True
668288035,723.13,15,16:17:03,False,,False,True,723.23,39,1,94,670940703,train,True
668288036,723.11,15,16:17:04,False,,False,True,723.23,40,1,94,670940703,train,True
668288037,723.2,15,16:17:05,False,,False,True,723.23,41,1,94,670940703,train,True
668288038,723.13,15,16:17:06,False,,False,True,723.23,42,1,94,670940703,train,True
668288039,723.11,15,16:17:07,False,,False,True,723.23,43,1,94,670940703,train,True
668288040,723.07,15,16:17:08,False,,False,True,723.23,44,1,94,670940703,train,True
668288041,723.09,15,16:17:09,False,,False,True,723.23,45,1,94,670940703,train,True
668288042,723.22,15,16:17:10,False,,False,True,723.23,46,1,94,670940703,train,True
668288043,723.23,15,16:17:11,False,,False,True,723.23,47,1,94,670940703,train,True
668288044,723.16,15,16:17:12,False,,False,True,723.22,48,1,94,670940703,train,True
668288045,723.19,15,16:17:13,False,,False,True,723.22,49,1,94,670940703,train,True
668288046,723.14,15,16:17:14,False,,False,True,723.22,50,1,94,670940703,train,True
668288047,723.1,15,16:17:15,False,,False,True,723.22,51,1,94,670940703,train,True
668288048,723.21,15,16:17:16,False,,False,True,723.22,52,1,94,670940703,train,True
668288049,723.1,15,16:17:17,False,,False,True,723.22,53,1,94,670940703,train,True
668288050,723.1,15,16:17:17,False,,False,True,723.22,54,1,94,670940703,train,True
668288051,723.15,15,16:17:18,False,,False,True,723.22,55,1,94,670940703,train,True
668288052,723.17,15,16:17:19,False,,False,True,723.22,56,1,94,670940703,train,True
668288053,723.17,15,16:17:20,False,,False,True,723.22,57,1,94,670940703,train,True
668288054,723.08,15,16:17:21,False,,False,True,723.22,58,1,94,670940703,train,True
668287995,723.17,15,16:16:24,False,,False,False,723.25,6,0,95,670945386,train,True
668287996,723.16,15,16:16:25,False,,False,False,723.25,5,0,95,670945386,train,True
668287997,723.19,15,16:16:26,False,,False,False,723.25,5,1,95,670945386,train,True
668287998,723.06,15,16:16:27,False,,False,False,723.25,5,1,95,670945386,train,True
668287999,723.07,15,16:16:28,False,,False,False,723.25,5,1,95,670945386,train,True
668288000,723.08,15,16:16:29,False,,False,False,723.25,6,1,95,670945386,train,True
668288001,723.17,15,16:16:30,False,,False,False,723.25,7,1,95,670945386,train,True
668288002,723.17,15,16:16:31,False,,False,False,723.25,8,1,95,670945386,train,True
668288003,723.17,15,16:16:32,False,,False,False,723.25,8,1,95,670945386,train,True
668288004,723.15,15,16:16:33,False,,False,False,723.25,9,1,95,670945386,train,True
668288005,723.22,15,16:16:34,False,,False,False,723.25,10,1,95,670945386,train,True
668288006,723.17,15,16:16:35,False,,False,False,723.25,11,1,95,670945386,train,True
668288007,723.15,15,16:16:36,False,,False,False,723.25,11,1,95,670945386,train,True
668288008,723.18,15,16:16:37,False,,False,False,723.25,12,1,95,670945386,train,True
668288009,723.14,15,16:16:38,False,,False,False,723.24,13,1,95,670945386,train,True
668288010,723.11,15,16:16:39,False,,False,False,723.24,14,1,95,670945386,train,True
668288011,723.2,15,16:16:40,False,,False,False,723.24,15,1,95,670945386,train,True
668288012,723.17,15,16:16:40,False,,False,False,723.24,16,1,95,670945386,train,True
668288013,723.16,15,16:16:41,False,,False,False,723.24,17,1,95,670945386,train,True
668288014,723.18,15,16:16:42,False,,False,False,723.24,18,1,95,670945386,train,True
668288015,723.23,15,16:16:43,False,,False,False,723.24,19,1,95,670945386,train,True
668288016,723.18,15,16:16:44,False,,False,False,723.24,20,1,95,670945386,train,True
668288017,723.21,15,16:16:45,False,,False,False,723.24,21,1,95,670945386,train,True
668288018,723.2,15,16:16:46,False,,False,False,723.24,22,1,95,670945386,train,True
668288019,723.18,15,16:16:47,False,,False,False,723.24,23,1,95,670945386,train,True
668288020,723.2,15,16:16:48,False,,False,False,723.24,24,1,95,670945386,train,True
668288021,723.19,15,16:16:49,False,,False,False,723.24,25,1,95,670945386,train,True
668288022,723.18,15,16:16:50,False,,False,False,723.24,26,1,95,670945386,train,True
668288023,723.23,15,16:16:51,False,,False,True,723.24,27,1,95,670945386,train,True
668288024,723.12,15,16:16:52,False,,False,True,723.24,28,1,95,670945386,train,True
668288025,723.21,15,16:16:53,False,,False,True,723.24,29,1,95,670945386,train,True
668288026,723.17,15,16:16:54,False,,False,True,723.24,30,1,95,670945386,train,True
668288027,723.13,15,16:16:55,False,,False,True,723.24,31,1,95,670945386,train,True
668288028,723.19,15,16:16:56,False,,False,True,723.24,32,1,95,670945386,train,True
668288029,723.17,15,16:16:57,False,,False,True,723.23,33,1,95,670945386,train,True
668288030,723.15,15,16:16:58,False,,False,True,723.23,34,1,95,670945386,train,True
668288031,723.22,15,16:16:59,False,,False,True,723.23,35,1,95,670945386,train,True
668288032,723.13,15,16:17:00,False,,False,True,723.23,36,1,95,670945386,train,True
668288033,723.15,15,16:17:01,False,,False,True,723.23,37,1,95,670945386,train,True
668288034,723.13,15,16:17:02,False,,False,True,723.23,38,1,95,670945386,train,True
668288035,723.13,15,16:17:03,False,,False,True,723.23,39,1,95,670945386,train,True
668288036,723.11,15,16:17:04,False,,False,True,723.23,40,1,95,670945386,train,True
668288037,723.2,15,16:17:05,False,,False,True,723.23,41,1,95,670945386,train,True
668288038,723.13,15,16:17:06,False,,False,True,723.23,42,1,95,670945386,train,True
668288039,723.11,15,16:17:07,False,,False,True,723.23,43,1,95,670945386,train,True
668288040,723.07,15,16:17:08,False,,False,True,723.23,44,1,95,670945386,train,True
668288041,723.09,15,16:17:09,False,,False,True,723.23,45,1,95,670945386,train,True
668288042,723.22,15,16:17:10,False,,False,True,723.23,46,1,95,670945386,train,True
668288043,723.23,15,16:17:11,False,,False,True,723.23,47,1,95,670945386,train,True
668288044,723.16,15,16:17:12,False,,False,True,723.22,48,1,95,670945386,train,True
668288045,723.19,15,16:17:13,False,,False,True,723.22,49,1,95,670945386,train,True
668288046,723.14,15,16:17:14,False,,False,True,723.22,50,1,95,670945386,train,True
668288047,723.1,15,16:17:15,False,,False,True,723.22,51,1,95,670945386,train,True
668288048,723.21,15,16:17:16,False,,False,True,723.22,52,1,95,670945386,train,True
668288049,723.1,15,16:17:17,False,,False,True,723.22,53,1,95,670945386,train,True
668288050,723.1,15,16:17:17,False,,False,True,723.22,54,1,95,670945386,train,True
668288051,723.15,15,16:17:18,False,,False,True,723.22,55,1,95,670945386,train,True
668288052,723.17,15,16:17:19,False,,False,True,723.22,56,1,95,670945386,train,True
668288053,723.17,15,16:17:20,False,,False,True,723.22,57,1,95,670945386,train,True
668288054,723.08,15,16:17:21,False,,False,True,723.22,58,1,95,670945386,train,True
668287995,723.17,15,16:16:24,False,,False,False,723.25,6,0,96,670961352,train,True
668287996,723.16,15,16:16:25,False,,False,False,723.25,5,0,96,670961352,train,True
668287997,723.19,15,16:16:26,False,,False,False,723.25,5,1,96,670961352,train,True
668287998,723.06,15,16:16:27,False,,False,False,723.25,5,1,96,670961352,train,True
668287999,723.07,15,16:16:28,False,,False,False,723.25,5,1,96,670961352,train,True
668288000,723.08,15,16:16:29,False,,False,False,723.25,6,1,96,670961352,train,True
668288001,723.17,15,16:16:30,False,,False,False,723.25,7,1,96,670961352,train,True
668288002,723.17,15,16:16:31,False,,False,False,723.25,8,1,96,670961352,train,True
668288003,723.17,15,16:16:32,False,,False,False,723.25,8,1,96,670961352,train,True
668288004,723.15,15,16:16:33,False,,False,False,723.25,9,1,96,670961352,train,True
668288005,723.22,15,16:16:34,False,,False,False,723.25,10,1,96,670961352,train,True
668288006,723.17,15,16:16:35,False,,False,False,723.25,11,1,96,670961352,train,True
668288007,723.15,15,16:16:36,False,,False,False,723.25,11,1,96,670961352,train,True
668288008,723.18,15,16:16:37,False,,False,False,723.25,12,1,96,670961352,train,True
668288009,723.14,15,16:16:38,False,,False,False,723.24,13,1,96,670961352,train,True
668288010,723.11,15,16:16:39,False,,False,False,723.24,14,1,96,670961352,train,True
668288011,723.2,15,16:16:40,False,,False,False,723.24,15,1,96,670961352,train,True
668288012,723.17,15,16:16:40,False,,False,False,723.24,16,1,96,670961352,train,True
668288013,723.16,15,16:16:41,False,,False,False,723.24,17,1,96,670961352,train,True
668288014,723.18,15,16:16:42,False,,False,False,723.24,18,1,96,670961352,train,True
668288015,723.23,15,16:16:43,False,,False,False,723.24,19,1,96,670961352,train,True
668288016,723.18,15,16:16:44,False,,False,False,723.24,20,1,96,670961352,train,True
668288017,723.21,15,16:16:45,False,,False,False,723.24,21,1,96,670961352,train,True
668288018,723.2,15,16:16:46,False,,False,False,723.24,22,1,96,670961352,train,True
668288019,723.18,15,16:16:47,False,,False,False,723.24,23,1,96,670961352,train,True
668288020,723.2,15,16:16:48,False,,False,False,723.24,24,1,96,670961352,train,True
668288021,723.19,15,16:16:49,False,,False,False,723.24,25,1,96,670961352,train,True
668288022,723.18,15,16:16:50,False,,False,False,723.24,26,1,96,670961352,train,True
668288023,723.23,15,16:16:51,False,,False,True,723.24,27,1,96,670961352,train,True
668288024,723.12,15,16:16:52,False,,False,True,723.24,28,1,96,670961352,train,True
668288025,723.21,15,16:16:53,False,,False,True,723.24,29,1,96,670961352,train,True
668288026,723.17,15,16:16:54,False,,False,True,723.24,30,1,96,670961352,train,True
668288027,723.13,15,16:16:55,False,,False,True,723.24,31,1,96,670961352,train,True
668288028,723.19,15,16:16:56,False,,False,True,723.24,32,1,96,670961352,train,True
668288029,723.17,15,16:16:57,False,,False,True,723.23,33,1,96,670961352,train,True
668288030,723.15,15,16:16:58,False,,False,True,723.23,34,1,96,670961352,train,True
668288031,723.22,15,16:16:59,False,,False,True,723.23,35,1,96,670961352,train,True
668288032,723.13,15,16:17:00,False,,False,True,723.23,36,1,96,670961352,train,True
668288033,723.15,15,16:17:01,False,,False,True,723.23,37,1,96,670961352,train,True
668288034,723.13,15,16:17:02,False,,False,True,723.23,38,1,96,670961352,train,True
668288035,723.13,15,16:17:03,False,,False,True,723.23,39,1,96,670961352,train,True
668288036,723.11,15,16:17:04,False,,False,True,723.23,40,1,96,670961352,train,True
668288037,723.2,15,16:17:05,False,,False,True,723.23,41,1,96,670961352,train,True
668288038,723.13,15,16:17:06,False,,False,True,723.23,42,1,96,670961352,train,True
668288039,723.11,15,16:17:07,False,,False,True,723.23,43,1,96,670961352,train,True
668288040,723.07,15,16:17:08,False,,False,True,723.23,44,1,96,670961352,train,True
668288041,723.09,15,16:17:09,False,,False,True,723.23,45,1,96,670961352,train,True
668288042,723.22,15,16:17:10,False,,False,True,723.23,46,1,96,670961352,train,True
668288043,723.23,15,16:17:11,False,,False,True,723.23,47,1,96,670961352,train,True
668288044,723.16,15,16:17:12,False,,False,True,723.22,48,1,96,670961352,train,True
668288045,723.19,15,16:17:13,False,,False,True,723.22,49,1,96,670961352,train,True
668288046,723.14,15,16:17:14,False,,False,True,723.22,50,1,96,670961352,train,True
668288047,723.1,15,16:17:15,False,,False,True,723.22,51,1,96,670961352,train,True
668288048,723.21,15,16:17:16,False,,False,True,723.22,52,1,96,670961352,train,True
668288049,723.1,15,16:17:17,False,,False,True,723.22,53,1,96,670961352,train,True
668288050,723.1,15,16:17:17,False,,False,True,723.22,54,1,96,670961352,train,True
668288051,723.15,15,16:17:18,False,,False,True,723.22,55,1,96,670961352,train,True
668288052,723.17,15,16:17:19,False,,False,True,723.22,56,1,96,670961352,train,True
668288053,723.17,15,16:17:20,False,,False,True,723.22,57,1,96,670961352,train,True
668288054,723.08,15,16:17:21,False,,False,True,723.22,58,1,96,670961352,train,True
668287995,723.17,15,16:16:24,False,,False,False,723.25,6,0,97,671024106,train,True
668287996,723.16,15,16:16:25,False,,False,False,723.25,5,0,97,671024106,train,True
668287997,723.19,15,16:16:26,False,,False,False,723.25,5,1,97,671024106,train,True
668287998,723.06,15,16:16:27,False,,False,False,723.25,5,1,97,671024106,train,True
668287999,723.07,15,16:16:28,False,,False,False,723.25,5,1,97,671024106,train,True
668288000,723.08,15,16:16:29,False,,False,False,723.25,6,1,97,671024106,train,True
668288001,723.17,15,16:16:30,False,,False,False,723.25,7,1,97,671024106,train,True
668288002,723.17,15,16:16:31,False,,False,False,723.25,8,1,97,671024106,train,True
668288003,723.17,15,16:16:32,False,,False,False,723.25,8,1,97,671024106,train,True
668288004,723.15,15,16:16:33,False,,False,False,723.25,9,1,97,671024106,train,True
668288005,723.22,15,16:16:34,False,,False,False,723.25,10,1,97,671024106,train,True
668288006,723.17,15,16:16:35,False,,False,False,723.25,11,1,97,671024106,train,True
668288007,723.15,15,16:16:36,False,,False,False,723.25,11,1,97,671024106,train,True
668288008,723.18,15,16:16:37,False,,False,False,723.25,12,1,97,671024106,train,True
668288009,723.14,15,16:16:38,False,,False,False,723.24,13,1,97,671024106,train,True
668288010,723.11,15,16:16:39,False,,False,False,723.24,14,1,97,671024106,train,True
668288011,723.2,15,16:16:40,False,,False,False,723.24,15,1,97,671024106,train,True
668288012,723.17,15,16:16:40,False,,False,False,723.24,16,1,97,671024106,train,True
668288013,723.16,15,16:16:41,False,,False,False,723.24,17,1,97,671024106,train,True
668288014,723.18,15,16:16:42,False,,False,False,723.24,18,1,97,671024106,train,True
668288015,723.23,15,16:16:43,False,,False,False,723.24,19,1,97,671024106,train,True
668288016,723.18,15,16:16:44,False,,False,False,723.24,20,1,97,671024106,train,True
668288017,723.21,15,16:16:45,False,,False,False,723.24,21,1,97,671024106,train,True
668288018,723.2,15,16:16:46,False,,False,False,723.24,22,1,97,671024106,train,True
668288019,723.18,15,16:16:47,False,,False,False,723.24,23,1,97,671024106,train,True
668288020,723.2,15,16:16:48,False,,False,False,723.24,24,1,97,671024106,train,True
668288021,723.19,15,16:16:49,False,,False,False,723.24,25,1,97,671024106,train,True
668288022,723.18,15,16:16:50,False,,False,False,723.24,26,1,97,671024106,train,True
668288023,723.23,15,16:16:51,False,,False,True,723.24,27,1,97,671024106,train,True
668288024,723.12,15,16:16:52,False,,False,True,723.24,28,1,97,671024106,train,True
668288025,723.21,15,16:16:53,False,,False,True,723.24,29,1,97,671024106,train,True
668288026,723.17,15,16:16:54,False,,False,True,723.24,30,1,97,671024106,train,True
668288027,723.13,15,16:16:55,False,,False,True,723.24,31,1,97,671024106,train,True
668288028,723.19,15,16:16:56,False,,False,True,723.24,32,1,97,671024106,train,True
668288029,723.17,15,16:16:57,False,,False,True,723.23,33,1,97,671024106,train,True
668288030,723.15,15,16:16:58,False,,False,True,723.23,34,1,97,671024106,train,True
668288031,723.22,15,16:16:59,False,,False,True,723.23,35,1,97,671024106,train,True
668288032,723.13,15,16:17:00,False,,False,True,723.23,36,1,97,671024106,train,True
668288033,723.15,15,16:17:01,False,,False,True,723.23,37,1,97,671024106,train,True
668288034,723.13,15,16:17:02,False,,False,True,723.23,38,1,97,671024106,train,True
668288035,723.13,15,16:17:03,False,,False,True,723.23,39,1,97,671024106,train,True
668288036,723.11,15,16:17:04,False,,False,True,723.23,40,1,97,671024106,train,True
668288037,723.2,15,16:17:05,False,,False,True,723.23,41,1,97,671024106,train,True
668288038,723.13,15,16:17:06,False,,False,True,723.23,42,1,97,671024106,train,True
668288039,723.11,15,16:17:07,False,,False,True,723.23,43,1,97,671024106,train,True
668288040,723.07,15,16:17:08,False,,False,True,723.23,44,1,97,671024106,train,True
668288041,723.09,15,16:17:09,False,,False,True,723.23,45,1,97,671024106,train,True
668288042,723.22,15,16:17:10,False,,False,True,723.23,46,1,97,671024106,train,True
668288043,723.23,15,16:17:11,False,,False,True,723.23,47,1,97,671024106,train,True
668288044,723.16,15,16:17:12,False,,False,True,723.22,48,1,97,671024106,train,True
668288045,723.19,15,16:17:13,False,,False,True,723.22,49,1,97,671024106,train,True
668288046,723.14,15,16:17:14,False,,False,True,723.22,50,1,97,671024106,train,True
668288047,723.1,15,16:17:15,False,,False,True,723.22,51,1,97,671024106,train,True
668288048,723.21,15,16:17:16,False,,False,True,723.22,52,1,97,671024106,train,True
668288049,723.1,15,16:17:17,False,,False,True,723.22,53,1,97,671024106,train,True
668288050,723.1,15,16:17:17,False,,False,True,723.22,54,1,97,671024106,train,True
668288051,723.15,15,16:17:18,False,,False,True,723.22,55,1,97,671024106,train,True
668288052,723.17,15,16:17:19,False,,False,True,723.22,56,1,97,671024106,train,True
668288053,723.17,15,16:17:20,False,,False,True,723.22,57,1,97,671024106,train,True
668288054,723.08,15,16:17:21,False,,False,True,723.22,58,1,97,671024106,train,True
668287995,723.17,15,16:16:24,False,,False,False,723.25,6,0,98,671027864,train,True
668287996,723.16,15,16:16:25,False,,False,False,723.25,5,0,98,671027864,train,True
668287997,723.19,15,16:16:26,False,,False,False,723.25,5,1,98,671027864,train,True
668287998,723.06,15,16:16:27,False,,False,False,723.25,5,1,98,671027864,train,True
668287999,723.07,15,16:16:28,False,,False,False,723.25,5,1,98,671027864,train,True
668288000,723.08,15,16:16:29,False,,False,False,723.25,6,1,98,671027864,train,True
668288001,723.17,15,16:16:30,False,,False,False,723.25,7,1,98,671027864,train,True
668288002,723.17,15,16:16:31,False,,False,False,723.25,8,1,98,671027864,train,True
668288003,723.17,15,16:16:32,False,,False,False,723.25,8,1,98,671027864,train,True
668288004,723.15,15,16:16:33,False,,False,False,723.25,9,1,98,671027864,train,True
668288005,723.22,15,16:16:34,False,,False,False,723.25,10,1,98,671027864,train,True
668288006,723.17,15,16:16:35,False,,False,False,723.25,11,1,98,671027864,train,True
668288007,723.15,15,16:16:36,False,,False,False,723.25,11,1,98,671027864,train,True
668288008,723.18,15,16:16:37,False,,False,False,723.25,12,1,98,671027864,train,True
668288009,723.14,15,16:16:38,False,,False,False,723.24,13,1,98,671027864,train,True
668288010,723.11,15,16:16:39,False,,False,False,723.24,14,1,98,671027864,train,True
668288011,723.2,15,16:16:40,False,,False,False,723.24,15,1,98,671027864,train,True
668288012,723.17,15,16:16:40,False,,False,False,723.24,16,1,98,671027864,train,True
668288013,723.16,15,16:16:41,False,,False,False,723.24,17,1,98,671027864,train,True
668288014,723.18,15,16:16:42,False,,False,False,723.24,18,1,98,671027864,train,True
668288015,723.23,15,16:16:43,False,,False,False,723.24,19,1,98,671027864,train,True
668288016,723.18,15,16:16:44,False,,False,False,723.24,20,1,98,671027864,train,True
668288017,723.21,15,16:16:45,False,,False,False,723.24,21,1,98,671027864,train,True
668288018,723.2,15,16:16:46,False,,False,False,723.24,22,1,98,671027864,train,True
668288019,723.18,15,16:16:47,False,,False,False,723.24,23,1,98,671027864,train,True
668288020,723.2,15,16:16:48,False,,False,False,723.24,24,1,98,671027864,train,True
668288021,723.19,15,16:16:49,False,,False,False,723.24,25,1,98,671027864,train,True
668288022,723.18,15,16:16:50,False,,False,False,723.24,26,1,98,671027864,train,True
668288023,723.23,15,16:16:51,False,,False,True,723.24,27,1,98,671027864,train,True
668288024,723.12,15,16:16:52,False,,False,True,723.24,28,1,98,671027864,train,True
668288025,723.21,15,16:16:53,False,,False,True,723.24,29,1,98,671027864,train,True
668288026,723.17,15,16:16:54,False,,False,True,723.24,30,1,98,671027864,train,True
668288027,723.13,15,16:16:55,False,,False,True,723.24,31,1,98,671027864,train,True
668288028,723.19,15,16:16:56,False,,False,True,723.24,32,1,98,671027864,train,True
668288029,723.17,15,16:16:57,False,,False,True,723.23,33,1,98,671027864,train,True
668288030,723.15,15,16:16:58,False,,False,True,723.23,34,1,98,671027864,train,True
668288031,723.22,15,16:16:59,False,,False,True,723.23,35,1,98,671027864,train,True
668288032,723.13,15,16:17:00,False,,False,True,723.23,36,1,98,671027864,train,True
668288033,723.15,15,16:17:01,False,,False,True,723.23,37,1,98,671027864,train,True
668288034,723.13,15,16:17:02,False,,False,True,723.23,38,1,98,671027864,train,True
668288035,723.13,15,16:17:03,False,,False,True,723.23,39,1,98,671027864,train,True
668288036,723.11,15,16:17:04,False,,False,True,723.23,40,1,98,671027864,train,True
668288037,723.2,15,16:17:05,False,,False,True,723.23,41,1,98,671027864,train,True
668288038,723.13,15,16:17:06,False,,False,True,723.23,42,1,98,671027864,train,True
668288039,723.11,15,16:17:07,False,,False,True,723.23,43,1,98,671027864,train,True
668288040,723.07,15,16:17:08,False,,False,True,723.23,44,1,98,671027864,train,True
668288041,723.09,15,16:17:09,False,,False,True,723.23,45,1,98,671027864,train,True
668288042,723.22,15,16:17:10,False,,False,True,723.23,46,1,98,671027864,train,True
668288043,723.23,15,16:17:11,False,,False,True,723.23,47,1,98,671027864,train,True
668288044,723.16,15,16:17:12,False,,False,True,723.22,48,1,98,671027864,train,True
668288045,723.19,15,16:17:13,False,,False,True,723.22,49,1,98,671027864,train,True
668288046,723.14,15,16:17:14,False,,False,True,723.22,50,1,98,671027864,train,True
668288047,723.1,15,16:17:15,False,,False,True,723.22,51,1,98,671027864,train,True
668288048,723.21,15,16:17:16,False,,False,True,723.22,52,1,98,671027864,train,True
668288049,723.1,15,16:17:17,False,,False,True,723.22,53,1,98,671027864,train,True
668288050,723.1,15,16:17:17,False,,False,True,723.22,54,1,98,671027864,train,True
668288051,723.15,15,16:17:18,False,,False,True,723.22,55,1,98,671027864,train,True
668288052,723.17,15,16:17:19,False,,False,True,723.22,56,1,98,671027864,train,True
668288053,723.17,15,16:17:20,False,,False,True,723.22,57,1,98,671027864,train,True
668288054,723.08,15,16:17:21,False,,False,True,723.22,58,1,98,671027864,train,True
668287995,723.17,15,16:16:24,False,,False,False,723.25,6,0,99,671027972,train,True
668287996,723.16,15,16:16:25,False,,False,False,723.25,5,0,99,671027972,train,True
668287997,723.19,15,16:16:26,False,,False,False,723.25,5,1,99,671027972,train,True
668287998,723.06,15,16:16:27,False,,False,False,723.25,5,1,99,671027972,train,True
668287999,723.07,15,16:16:28,False,,False,False,723.25,5,1,99,671027972,train,True
668288000,723.08,15,16:16:29,False,,False,False,723.25,6,1,99,671027972,train,True
668288001,723.17,15,16:16:30,False,,False,False,723.25,7,1,99,671027972,train,True
668288002,723.17,15,16:16:31,False,,False,False,723.25,8,1,99,671027972,train,True
668288003,723.17,15,16:16:32,False,,False,False,723.25,8,1,99,671027972,train,True
668288004,723.15,15,16:16:33,False,,False,False,723.25,9,1,99,671027972,train,True
668288005,723.22,15,16:16:34,False,,False,False,723.25,10,1,99,671027972,train,True
668288006,723.17,15,16:16:35,False,,False,False,723.25,11,1,99,671027972,train,True
668288007,723.15,15,16:16:36,False,,False,False,723.25,11,1,99,671027972,train,True
668288008,723.18,15,16:16:37,False,,False,False,723.25,12,1,99,671027972,train,True
668288009,723.14,15,16:16:38,False,,False,False,723.24,13,1,99,671027972,train,True
668288010,723.11,15,16:16:39,False,,False,False,723.24,14,1,99,671027972,train,True
668288011,723.2,15,16:16:40,False,,False,False,723.24,15,1,99,671027972,train,True
668288012,723.17,15,16:16:40,False,,False,False,723.24,16,1,99,671027972,train,True
668288013,723.16,15,16:16:41,False,,False,False,723.24,17,1,99,671027972,train,True
668288014,723.18,15,16:16:42,False,,False,False,723.24,18,1,99,671027972,train,True
668288015,723.23,15,16:16:43,False,,False,False,723.24,19,1,99,671027972,train,True
668288016,723.18,15,16:16:44,False,,False,False,723.24,20,1,99,671027972,train,True
668288017,723.21,15,16:16:45,False,,False,False,723.24,21,1,99,671027972,train,True
668288018,723.2,15,16:16:46,False,,False,False,723.24,22,1,99,671027972,train,True
668288019,723.18,15,16:16:47,False,,False,False,723.24,23,1,99,671027972,train,True
668288020,723.2,15,16:16:48,False,,False,False,723.24,24,1,99,671027972,train,True
668288021,723.19,15,16:16:49,False,,False,False,723.24,25,1,99,671027972,train,True
668288022,723.18,15,16:16:50,False,,False,False,723.24,26,1,99,671027972,train,True
668288023,723.23,15,16:16:51,False,,False,True,723.24,27,1,99,671027972,train,True
668288024,723.12,15,16:16:52,False,,False,True,723.24,28,1,99,671027972,train,True
668288025,723.21,15,16:16:53,False,,False,True,723.24,29,1,99,671027972,train,True
668288026,723.17,15,16:16:54,False,,False,True,723.24,30,1,99,671027972,train,True
668288027,723.13,15,16:16:55,False,,False,True,723.24,31,1,99,671027972,train,True
668288028,723.19,15,16:16:56,False,,False,True,723.24,32,1,99,671027972,train,True
668288029,723.17,15,16:16:57,False,,False,True,723.23,33,1,99,671027972,train,True
668288030,723.15,15,16:16:58,False,,False,True,723.23,34,1,99,671027972,train,True
668288031,723.22,15,16:16:59,False,,False,True,723.23,35,1,99,671027972,train,True
668288032,723.13,15,16:17:00,False,,False,True,723.23,36,1,99,671027972,train,True
668288033,723.15,15,16:17:01,False,,False,True,723.23,37,1,99,671027972,train,True
668288034,723.13,15,16:17:02,False,,False,True,723.23,38,1,99,671027972,train,True
668288035,723.13,15,16:17:03,False,,False,True,723.23,39,1,99,671027972,train,True
668288036,723.11,15,16:17:04,False,,False,True,723.23,40,1,99,671027972,train,True
668288037,723.2,15,16:17:05,False,,False,True,723.23,41,1,99,671027972,train,True
668288038,723.13,15,16:17:06,False,,False,True,723.23,42,1,99,671027972,train,True
668288039,723.11,15,16:17:07,False,,False,True,723.23,43,1,99,671027972,train,True
668288040,723.07,15,16:17:08,False,,False,True,723.23,44,1,99,671027972,train,True
668288041,723.09,15,16:17:09,False,,False,True,723.23,45,1,99,671027972,train,True
668288042,723.22,15,16:17:10,False,,False,True,723.23,46,1,99,671027972,train,True
668288043,723.23,15,16:17:11,False,,False,True,723.23,47,1,99,671027972,train,True
668288044,723.16,15,16:17:12,False,,False,True,723.22,48,1,99,671027972,train,True
668288045,723.19,15,16:17:13,False,,False,True,723.22,49,1,99,671027972,train,True
668288046,723.14,15,16:17:14,False,,False,True,723.22,50,1,99,671027972,train,True
668288047,723.1,15,16:17:15,False,,False,True,723.22,51,1,99,671027972,train,True
668288048,723.21,15,16:17:16,False,,False,True,723.22,52,1,99,671027972,train,True
668288049,723.1,15,16:17:17,False,,False,True,723.22,53,1,99,671027972,train,True
668288050,723.1,15,16:17:17,False,,False,True,723.22,54,1,99,671027972,train,True
668288051,723.15,15,16:17:18,False,,False,True,723.22,55,1,99,671027972,train,True
668288052,723.17,15,16:17:19,False,,False,True,723.22,56,1,99,671027972,train,True
668288053,723.17,15,16:17:20,False,,False,True,723.22,57,1,99,671027972,train,True
668288054,723.08,15,16:17:21,False,,False,True,723.22,58,1,99,671027972,train,True
668287995,723.17,15,16:16:24,False,,False,False,723.25,6,0,100,671033906,train,True
668287996,723.16,15,16:16:25,False,,False,False,723.25,5,0,100,671033906,train,True
668287997,723.19,15,16:16:26,False,,False,False,723.25,5,1,100,671033906,train,True
668287998,723.06,15,16:16:27,False,,False,False,723.25,5,1,100,671033906,train,True
668287999,723.07,15,16:16:28,False,,False,False,723.25,5,1,100,671033906,train,True
668288000,723.08,15,16:16:29,False,,False,False,723.25,6,1,100,671033906,train,True
668288001,723.17,15,16:16:30,False,,False,False,723.25,7,1,100,671033906,train,True
668288002,723.17,15,16:16:31,False,,False,False,723.25,8,1,100,671033906,train,True
668288003,723.17,15,16:16:32,False,,False,False,723.25,8,1,100,671033906,train,True
668288004,723.15,15,16:16:33,False,,False,False,723.25,9,1,100,671033906,train,True
668288005,723.22,15,16:16:34,False,,False,False,723.25,10,1,100,671033906,train,True
668288006,723.17,15,16:16:35,False,,False,False,723.25,11,1,100,671033906,train,True
668288007,723.15,15,16:16:36,False,,False,False,723.25,11,1,100,671033906,train,True
668288008,723.18,15,16:16:37,False,,False,False,723.25,12,1,100,671033906,train,True
668288009,723.14,15,16:16:38,False,,False,False,723.24,13,1,100,671033906,train,True
668288010,723.11,15,16:16:39,False,,False,False,723.24,14,1,100,671033906,train,True
668288011,723.2,15,16:16:40,False,,False,False,723.24,15,1,100,671033906,train,True
668288012,723.17,15,16:16:40,False,,False,False,723.24,16,1,100,671033906,train,True
668288013,723.16,15,16:16:41,False,,False,False,723.24,17,1,100,671033906,train,True
668288014,723.18,15,16:16:42,False,,False,False,723.24,18,1,100,671033906,train,True
668288015,723.23,15,16:16:43,False,,False,False,723.24,19,1,100,671033906,train,True
668288016,723.18,15,16:16:44,False,,False,False,723.24,20,1,100,671033906,train,True
668288017,723.21,15,16:16:45,False,,False,False,723.24,21,1,100,671033906,train,True
668288018,723.2,15,16:16:46,False,,False,False,723.24,22,1,100,671033906,train,True
668288019,723.18,15,16:16:47,False,,False,False,723.24,23,1,100,671033906,train,True
668288020,723.2,15,16:16:48,False,,False,False,723.24,24,1,100,671033906,train,True
668288021,723.19,15,16:16:49,False,,False,False,723.24,25,1,100,671033906,train,True
668288022,723.18,15,16:16:50,False,,False,False,723.24,26,1,100,671033906,train,True
668288023,723.23,15,16:16:51,False,,False,True,723.24,27,1,100,671033906,train,True
668288024,723.12,15,16:16:52,False,,False,True,723.24,28,1,100,671033906,train,True
668288025,723.21,15,16:16:53,False,,False,True,723.24,29,1,100,671033906,train,True
668288026,723.17,15,16:16:54,False,,False,True,723.24,30,1,100,671033906,train,True
668288027,723.13,15,16:16:55,False,,False,True,723.24,31,1,100,671033906,train,True
668288028,723.19,15,16:16:56,False,,False,True,723.24,32,1,100,671033906,train,True
668288029,723.17,15,16:16:57,False,,False,True,723.23,33,1,100,671033906,train,True
668288030,723.15,15,16:16:58,False,,False,True,723.23,34,1,100,671033906,train,True
668288031,723.22,15,16:16:59,False,,False,True,723.23,35,1,100,671033906,train,True
668288032,723.13,15,16:17:00,False,,False,True,723.23,36,1,100,671033906,train,True
668288033,723.15,15,16:17:01,False,,False,True,723.23,37,1,100,671033906,train,True
668288034,723.13,15,16:17:02,False,,False,True,723.23,38,1,100,671033906,train,True
668288035,723.13,15,16:17:03,False,,False,True,723.23,39,1,100,671033906,train,True
668288036,723.11,15,16:17:04,False,,False,True,723.23,40,1,100,671033906,train,True
668288037,723.2,15,16:17:05,False,,False,True,723.23,41,1,100,671033906,train,True
668288038,723.13,15,16:17:06,False,,False,True,723.23,42,1,100,671033906,train,True
668288039,723.11,15,16:17:07,False,,False,True,723.23,43,1,100,671033906,train,True
668288040,723.07,15,16:17:08,False,,False,True,723.23,44,1,100,671033906,train,True
668288041,723.09,15,16:17:09,False,,False,True,723.23,45,1,100,671033906,train,True
668288042,723.22,15,16:17:10,False,,False,True,723.23,46,1,100,671033906,train,True
668288043,723.23,15,16:17:11,False,,False,True,723.23,47,1,100,671033906,train,True
668288044,723.16,15,16:17:12,False,,False,True,723.22,48,1,100,671033906,train,True
668288045,723.19,15,16:17:13,False,,False,True,723.22,49,1,100,671033906,train,True
668288046,723.14,15,16:17:14,False,,False,True,723.22,50,1,100,671033906,train,True
668288047,723.1,15,16:17:15,False,,False,True,723.22,51,1,100,671033906,train,True
668288048,723.21,15,16:17:16,False,,False,True,723.22,52,1,100,671033906,train,True
668288049,723.1,15,16:17:17,False,,False,True,723.22,53,1,100,671033906,train,True
668288050,723.1,15,16:17:17,False,,False,True,723.22,54,1,100,671033906,train,True
668288051,723.15,15,16:17:18,False,,False,True,723.22,55,1,100,671033906,train,True
668288052,723.17,15,16:17:19,False,,False,True,723.22,56,1,100,671033906,train,True
668288053,723.17,15,16:17:20,False,,False,True,723.22,57,1,100,671033906,train,True
668288054,723.08,15,16:17:21,False,,False,True,723.22,58,1,100,671033906,train,True
668287995,723.17,15,16:16:24,False,,False,False,723.25,6,0,101,671039200,train,True
668287996,723.16,15,16:16:25,False,,False,False,723.25,5,0,101,671039200,train,True
668287997,723.19,15,16:16:26,False,,False,False,723.25,5,1,101,671039200,train,True
668287998,723.06,15,16:16:27,False,,False,False,723.25,5,1,101,671039200,train,True
668287999,723.07,15,16:16:28,False,,False,False,723.25,5,1,101,671039200,train,True
668288000,723.08,15,16:16:29,False,,False,False,723.25,6,1,101,671039200,train,True
668288001,723.17,15,16:16:30,False,,False,False,723.25,7,1,101,671039200,train,True
668288002,723.17,15,16:16:31,False,,False,False,723.25,8,1,101,671039200,train,True
668288003,723.17,15,16:16:32,False,,False,False,723.25,8,1,101,671039200,train,True
668288004,723.15,15,16:16:33,False,,False,False,723.25,9,1,101,671039200,train,True
668288005,723.22,15,16:16:34,False,,False,False,723.25,10,1,101,671039200,train,True
668288006,723.17,15,16:16:35,False,,False,False,723.25,11,1,101,671039200,train,True
668288007,723.15,15,16:16:36,False,,False,False,723.25,11,1,101,671039200,train,True
668288008,723.18,15,16:16:37,False,,False,False,723.25,12,1,101,671039200,train,True
668288009,723.14,15,16:16:38,False,,False,False,723.24,13,1,101,671039200,train,True
668288010,723.11,15,16:16:39,False,,False,False,723.24,14,1,101,671039200,train,True
668288011,723.2,15,16:16:40,False,,False,False,723.24,15,1,101,671039200,train,True
668288012,723.17,15,16:16:40,False,,False,False,723.24,16,1,101,671039200,train,True
668288013,723.16,15,16:16:41,False,,False,False,723.24,17,1,101,671039200,train,True
668288014,723.18,15,16:16:42,False,,False,False,723.24,18,1,101,671039200,train,True
668288015,723.23,15,16:16:43,False,,False,False,723.24,19,1,101,671039200,train,True
668288016,723.18,15,16:16:44,False,,False,False,723.24,20,1,101,671039200,train,True
668288017,723.21,15,16:16:45,False,,False,False,723.24,21,1,101,671039200,train,True
668288018,723.2,15,16:16:46,False,,False,False,723.24,22,1,101,671039200,train,True
668288019,723.18,15,16:16:47,False,,False,False,723.24,23,1,101,671039200,train,True
668288020,723.2,15,16:16:48,False,,False,False,723.24,24,1,101,671039200,train,True
668288021,723.19,15,16:16:49,False,,False,False,723.24,25,1,101,671039200,train,True
668288022,723.18,15,16:16:50,False,,False,False,723.24,26,1,101,671039200,train,True
668288023,723.23,15,16:16:51,False,,False,True,723.24,27,1,101,671039200,train,True
668288024,723.12,15,16:16:52,False,,False,True,723.24,28,1,101,671039200,train,True
668288025,723.21,15,16:16:53,False,,False,True,723.24,29,1,101,671039200,train,True
668288026,723.17,15,16:16:54,False,,False,True,723.24,30,1,101,671039200,train,True
668288027,723.13,15,16:16:55,False,,False,True,723.24,31,1,101,671039200,train,True
668288028,723.19,15,16:16:56,False,,False,True,723.24,32,1,101,671039200,train,True
668288029,723.17,15,16:16:57,False,,False,True,723.23,33,1,101,671039200,train,True
668288030,723.15,15,16:16:58,False,,False,True,723.23,34,1,101,671039200,train,True
668288031,723.22,15,16:16:59,False,,False,True,723.23,35,1,101,671039200,train,True
668288032,723.13,15,16:17:00,False,,False,True,723.23,36,1,101,671039200,train,True
668288033,723.15,15,16:17:01,False,,False,True,723.23,37,1,101,671039200,train,True
668288034,723.13,15,16:17:02,False,,False,True,723.23,38,1,101,671039200,train,True
668288035,723.13,15,16:17:03,False,,False,True,723.23,39,1,101,671039200,train,True
668288036,723.11,15,16:17:04,False,,False,True,723.23,40,1,101,671039200,train,True
668288037,723.2,15,16:17:05,False,,False,True,723.23,41,1,101,671039200,train,True
668288038,723.13,15,16:17:06,False,,False,True,723.23,42,1,101,671039200,train,True
668288039,723.11,15,16:17:07,False,,False,True,723.23,43,1,101,671039200,train,True
668288040,723.07,15,16:17:08,False,,False,True,723.23,44,1,101,671039200,train,True
668288041,723.09,15,16:17:09,False,,False,True,723.23,45,1,101,671039200,train,True
668288042,723.22,15,16:17:10,False,,False,True,723.23,46,1,101,671039200,train,True
668288043,723.23,15,16:17:11,False,,False,True,723.23,47,1,101,671039200,train,True
668288044,723.16,15,16:17:12,False,,False,True,723.22,48,1,101,671039200,train,True
668288045,723.19,15,16:17:13,False,,False,True,723.22,49,1,101,671039200,train,True
668288046,723.14,15,16:17:14,False,,False,True,723.22,50,1,101,671039200,train,True
668288047,723.1,15,16:17:15,False,,False,True,723.22,51,1,101,671039200,train,True
668288048,723.21,15,16:17:16,False,,False,True,723.22,52,1,101,671039200,train,True
668288049,723.1,15,16:17:17,False,,False,True,723.22,53,1,101,671039200,train,True
668288050,723.1,15,16:17:17,False,,False,True,723.22,54,1,101,671039200,train,True
668288051,723.15,15,16:17:18,False,,False,True,723.22,55,1,101,671039200,train,True
668288052,723.17,15,16:17:19,False,,False,True,723.22,56,1,101,671039200,train,True
668288053,723.17,15,16:17:20,False,,False,True,723.22,57,1,101,671039200,train,True
668288054,723.08,15,16:17:21,False,,False,True,723.22,58,1,101,671039200,train,True
668287995,723.17,15,16:16:24,False,,False,False,723.25,6,0,102,671109364,train,True
668287996,723.16,15,16:16:25,False,,False,False,723.25,5,0,102,671109364,train,True
668287997,723.19,15,16:16:26,False,,False,False,723.25,5,1,102,671109364,train,True
668287998,723.06,15,16:16:27,False,,False,False,723.25,5,1,102,671109364,train,True
668287999,723.07,15,16:16:28,False,,False,False,723.25,5,1,102,671109364,train,True
668288000,723.08,15,16:16:29,False,,False,False,723.25,6,1,102,671109364,train,True
668288001,723.17,15,16:16:30,False,,False,False,723.25,7,1,102,671109364,train,True
668288002,723.17,15,16:16:31,False,,False,False,723.25,8,1,102,671109364,train,True
668288003,723.17,15,16:16:32,False,,False,False,723.25,8,1,102,671109364,train,True
668288004,723.15,15,16:16:33,False,,False,False,723.25,9,1,102,671109364,train,True
668288005,723.22,15,16:16:34,False,,False,False,723.25,10,1,102,671109364,train,True
668288006,723.17,15,16:16:35,False,,False,False,723.25,11,1,102,671109364,train,True
668288007,723.15,15,16:16:36,False,,False,False,723.25,11,1,102,671109364,train,True
668288008,723.18,15,16:16:37,False,,False,False,723.25,12,1,102,671109364,train,True
668288009,723.14,15,16:16:38,False,,False,False,723.24,13,1,102,671109364,train,True
668288010,723.11,15,16:16:39,False,,False,False,723.24,14,1,102,671109364,train,True
668288011,723.2,15,16:16:40,False,,False,False,723.24,15,1,102,671109364,train,True
668288012,723.17,15,16:16:40,False,,False,False,723.24,16,1,102,671109364,train,True
668288013,723.16,15,16:16:41,False,,False,False,723.24,17,1,102,671109364,train,True
668288014,723.18,15,16:16:42,False,,False,False,723.24,18,1,102,671109364,train,True
668288015,723.23,15,16:16:43,False,,False,False,723.24,19,1,102,671109364,train,True
668288016,723.18,15,16:16:44,False,,False,False,723.24,20,1,102,671109364,train,True
668288017,723.21,15,16:16:45,False,,False,False,723.24,21,1,102,671109364,train,True
668288018,723.2,15,16:16:46,False,,False,False,723.24,22,1,102,671109364,train,True
668288019,723.18,15,16:16:47,False,,False,False,723.24,23,1,102,671109364,train,True
668288020,723.2,15,16:16:48,False,,False,False,723.24,24,1,102,671109364,train,True
668288021,723.19,15,16:16:49,False,,False,False,723.24,25,1,102,671109364,train,True
668288022,723.18,15,16:16:50,False,,False,False,723.24,26,1,102,671109364,train,True
668288023,723.23,15,16:16:51,False,,False,True,723.24,27,1,102,671109364,train,True
668288024,723.12,15,16:16:52,False,,False,True,723.24,28,1,102,671109364,train,True
668288025,723.21,15,16:16:53,False,,False,True,723.24,29,1,102,671109364,train,True
668288026,723.17,15,16:16:54,False,,False,True,723.24,30,1,102,671109364,train,True
668288027,723.13,15,16:16:55,False,,False,True,723.24,31,1,102,671109364,train,True
668288028,723.19,15,16:16:56,False,,False,True,723.24,32,1,102,671109364,train,True
668288029,723.17,15,16:16:57,False,,False,True,723.23,33,1,102,671109364,train,True
668288030,723.15,15,16:16:58,False,,False,True,723.23,34,1,102,671109364,train,True
668288031,723.22,15,16:16:59,False,,False,True,723.23,35,1,102,671109364,train,True
668288032,723.13,15,16:17:00,False,,False,True,723.23,36,1,102,671109364,train,True
668288033,723.15,15,16:17:01,False,,False,True,723.23,37,1,102,671109364,train,True
668288034,723.13,15,16:17:02,False,,False,True,723.23,38,1,102,671109364,train,True
668288035,723.13,15,16:17:03,False,,False,True,723.23,39,1,102,671109364,train,True
668288036,723.11,15,16:17:04,False,,False,True,723.23,40,1,102,671109364,train,True
668288037,723.2,15,16:17:05,False,,False,True,723.23,41,1,102,671109364,train,True
668288038,723.13,15,16:17:06,False,,False,True,723.23,42,1,102,671109364,train,True
668288039,723.11,15,16:17:07,False,,False,True,723.23,43,1,102,671109364,train,True
668288040,723.07,15,16:17:08,False,,False,True,723.23,44,1,102,671109364,train,True
668288041,723.09,15,16:17:09,False,,False,True,723.23,45,1,102,671109364,train,True
668288042,723.22,15,16:17:10,False,,False,True,723.23,46,1,102,671109364,train,True
668288043,723.23,15,16:17:11,False,,False,True,723.23,47,1,102,671109364,train,True
668288044,723.16,15,16:17:12,False,,False,True,723.22,48,1,102,671109364,train,True
668288045,723.19,15,16:17:13,False,,False,True,723.22,49,1,102,671109364,train,True
668288046,723.14,15,16:17:14,False,,False,True,723.22,50,1,102,671109364,train,True
668288047,723.1,15,16:17:15,False,,False,True,723.22,51,1,102,671109364,train,True
668288048,723.21,15,16:17:16,False,,False,True,723.22,52,1,102,671109364,train,True
668288049,723.1,15,16:17:17,False,,False,True,723.22,53,1,102,671109364,train,True
668288050,723.1,15,16:17:17,False,,False,True,723.22,54,1,102,671109364,train,True
668288051,723.15,15,16:17:18,False,,False,True,723.22,55,1,102,671109364,train,True
668288052,723.17,15,16:17:19,False,,False,True,723.22,56,1,102,671109364,train,True
668288053,723.17,15,16:17:20,False,,False,True,723.22,57,1,102,671109364,train,True
668288054,723.08,15,16:17:21,False,,False,True,723.22,58,1,102,671109364,train,True
668287995,723.17,15,16:16:24,False,,False,False,723.25,6,0,103,671113914,train,True
668287996,723.16,15,16:16:25,False,,False,False,723.25,5,0,103,671113914,train,True
668287997,723.19,15,16:16:26,False,,False,False,723.25,5,1,103,671113914,train,True
668287998,723.06,15,16:16:27,False,,False,False,723.25,5,1,103,671113914,train,True
668287999,723.07,15,16:16:28,False,,False,False,723.25,5,1,103,671113914,train,True
668288000,723.08,15,16:16:29,False,,False,False,723.25,6,1,103,671113914,train,True
668288001,723.17,15,16:16:30,False,,False,False,723.25,7,1,103,671113914,train,True
668288002,723.17,15,16:16:31,False,,False,False,723.25,8,1,103,671113914,train,True
668288003,723.17,15,16:16:32,False,,False,False,723.25,8,1,103,671113914,train,True
668288004,723.15,15,16:16:33,False,,False,False,723.25,9,1,103,671113914,train,True
668288005,723.22,15,16:16:34,False,,False,False,723.25,10,1,103,671113914,train,True
668288006,723.17,15,16:16:35,False,,False,False,723.25,11,1,103,671113914,train,True
668288007,723.15,15,16:16:36,False,,False,False,723.25,11,1,103,671113914,train,True
668288008,723.18,15,16:16:37,False,,False,False,723.25,12,1,103,671113914,train,True
668288009,723.14,15,16:16:38,False,,False,False,723.24,13,1,103,671113914,train,True
668288010,723.11,15,16:16:39,False,,False,False,723.24,14,1,103,671113914,train,True
668288011,723.2,15,16:16:40,False,,False,False,723.24,15,1,103,671113914,train,True
668288012,723.17,15,16:16:40,False,,False,False,723.24,16,1,103,671113914,train,True
668288013,723.16,15,16:16:41,False,,False,False,723.24,17,1,103,671113914,train,True
668288014,723.18,15,16:16:42,False,,False,False,723.24,18,1,103,671113914,train,True
668288015,723.23,15,16:16:43,False,,False,False,723.24,19,1,103,671113914,train,True
668288016,723.18,15,16:16:44,False,,False,False,723.24,20,1,103,671113914,train,True
668288017,723.21,15,16:16:45,False,,False,False,723.24,21,1,103,671113914,train,True
668288018,723.2,15,16:16:46,False,,False,False,723.24,22,1,103,671113914,train,True
668288019,723.18,15,16:16:47,False,,False,False,723.24,23,1,103,671113914,train,True
668288020,723.2,15,16:16:48,False,,False,False,723.24,24,1,103,671113914,train,True
668288021,723.19,15,16:16:49,False,,False,False,723.24,25,1,103,671113914,train,True
668288022,723.18,15,16:16:50,False,,False,False,723.24,26,1,103,671113914,train,True
668288023,723.23,15,16:16:51,False,,False,True,723.24,27,1,103,671113914,train,True
668288024,723.12,15,16:16:52,False,,False,True,723.24,28,1,103,671113914,train,True
668288025,723.21,15,16:16:53,False,,False,True,723.24,29,1,103,671113914,train,True
668288026,723.17,15,16:16:54,False,,False,True,723.24,30,1,103,671113914,train,True
668288027,723.13,15,16:16:55,False,,False,True,723.24,31,1,103,671113914,train,True
668288028,723.19,15,16:16:56,False,,False,True,723.24,32,1,103,671113914,train,True
668288029,723.17,15,16:16:57,False,,False,True,723.23,33,1,103,671113914,train,True
668288030,723.15,15,16:16:58,False,,False,True,723.23,34,1,103,671113914,train,True
668288031,723.22,15,16:16:59,False,,False,True,723.23,35,1,103,671113914,train,True
668288032,723.13,15,16:17:00,False,,False,True,723.23,36,1,103,671113914,train,True
668288033,723.15,15,16:17:01,False,,False,True,723.23,37,1,103,671113914,train,True
668288034,723.13,15,16:17:02,False,,False,True,723.23,38,1,103,671113914,train,True
668288035,723.13,15,16:17:03,False,,False,True,723.23,39,1,103,671113914,train,True
668288036,723.11,15,16:17:04,False,,False,True,723.23,40,1,103,671113914,train,True
668288037,723.2,15,16:17:05,False,,False,True,723.23,41,1,103,671113914,train,True
668288038,723.13,15,16:17:06,False,,False,True,723.23,42,1,103,671113914,train,True
668288039,723.11,15,16:17:07,False,,False,True,723.23,43,1,103,671113914,train,True
668288040,723.07,15,16:17:08,False,,False,True,723.23,44,1,103,671113914,train,True
668288041,723.09,15,16:17:09,False,,False,True,723.23,45,1,103,671113914,train,True
668288042,723.22,15,16:17:10,False,,False,True,723.23,46,1,103,671113914,train,True
668288043,723.23,15,16:17:11,False,,False,True,723.23,47,1,103,671113914,train,True
668288044,723.16,15,16:17:12,False,,False,True,723.22,48,1,103,671113914,train,True
668288045,723.19,15,16:17:13,False,,False,True,723.22,49,1,103,671113914,train,True
668288046,723.14,15,16:17:14,False,,False,True,723.22,50,1,103,671113914,train,True
668288047,723.1,15,16:17:15,False,,False,True,723.22,51,1,103,671113914,train,True
668288048,723.21,15,16:17:16,False,,False,True,723.22,52,1,103,671113914,train,True
668288049,723.1,15,16:17:17,False,,False,True,723.22,53,1,103,671113914,train,True
668288050,723.1,15,16:17:17,False,,False,True,723.22,54,1,103,671113914,train,True
668288051,723.15,15,16:17:18,False,,False,True,723.22,55,1,103,671113914,train,True
668288052,723.17,15,16:17:19,False,,False,True,723.22,56,1,103,671113914,train,True
668288053,723.17,15,16:17:20,False,,False,True,723.22,57,1,103,671113914,train,True
668288054,723.08,15,16:17:21,False,,False,True,723.22,58,1,103,671113914,train,True
668287995,723.17,15,16:16:24,False,,False,False,723.25,6,0,104,671114679,train,True
668287996,723.16,15,16:16:25,False,,False,False,723.25,5,0,104,671114679,train,True
668287997,723.19,15,16:16:26,False,,False,False,723.25,5,1,104,671114679,train,True
668287998,723.06,15,16:16:27,False,,False,False,723.25,5,1,104,671114679,train,True
668287999,723.07,15,16:16:28,False,,False,False,723.25,5,1,104,671114679,train,True
668288000,723.08,15,16:16:29,False,,False,False,723.25,6,1,104,671114679,train,True
668288001,723.17,15,16:16:30,False,,False,False,723.25,7,1,104,671114679,train,True
668288002,723.17,15,16:16:31,False,,False,False,723.25,8,1,104,671114679,train,True
668288003,723.17,15,16:16:32,False,,False,False,723.25,8,1,104,671114679,train,True
668288004,723.15,15,16:16:33,False,,False,False,723.25,9,1,104,671114679,train,True
668288005,723.22,15,16:16:34,False,,False,False,723.25,10,1,104,671114679,train,True
668288006,723.17,15,16:16:35,False,,False,False,723.25,11,1,104,671114679,train,True
668288007,723.15,15,16:16:36,False,,False,False,723.25,11,1,104,671114679,train,True
668288008,723.18,15,16:16:37,False,,False,False,723.25,12,1,104,671114679,train,True
668288009,723.14,15,16:16:38,False,,False,False,723.24,13,1,104,671114679,train,True
668288010,723.11,15,16:16:39,False,,False,False,723.24,14,1,104,671114679,train,True
668288011,723.2,15,16:16:40,False,,False,False,723.24,15,1,104,671114679,train,True
668288012,723.17,15,16:16:40,False,,False,False,723.24,16,1,104,671114679,train,True
668288013,723.16,15,16:16:41,False,,False,False,723.24,17,1,104,671114679,train,True
668288014,723.18,15,16:16:42,False,,False,False,723.24,18,1,104,671114679,train,True
668288015,723.23,15,16:16:43,False,,False,False,723.24,19,1,104,671114679,train,True
668288016,723.18,15,16:16:44,False,,False,False,723.24,20,1,104,671114679,train,True
668288017,723.21,15,16:16:45,False,,False,False,723.24,21,1,104,671114679,train,True
668288018,723.2,15,16:16:46,False,,False,False,723.24,22,1,104,671114679,train,True
668288019,723.18,15,16:16:47,False,,False,False,723.24,23,1,104,671114679,train,True
668288020,723.2,15,16:16:48,False,,False,False,723.24,24,1,104,671114679,train,True
668288021,723.19,15,16:16:49,False,,False,False,723.24,25,1,104,671114679,train,True
668288022,723.18,15,16:16:50,False,,False,False,723.24,26,1,104,671114679,train,True
668288023,723.23,15,16:16:51,False,,False,True,723.24,27,1,104,671114679,train,True
668288024,723.12,15,16:16:52,False,,False,True,723.24,28,1,104,671114679,train,True
668288025,723.21,15,16:16:53,False,,False,True,723.24,29,1,104,671114679,train,True
668288026,723.17,15,16:16:54,False,,False,True,723.24,30,1,104,671114679,train,True
668288027,723.13,15,16:16:55,False,,False,True,723.24,31,1,104,671114679,train,True
668288028,723.19,15,16:16:56,False,,False,True,723.24,32,1,104,671114679,train,True
668288029,723.17,15,16:16:57,False,,False,True,723.23,33,1,104,671114679,train,True
668288030,723.15,15,16:16:58,False,,False,True,723.23,34,1,104,671114679,train,True
668288031,723.22,15,16:16:59,False,,False,True,723.23,35,1,104,671114679,train,True
668288032,723.13,15,16:17:00,False,,False,True,723.23,36,1,104,671114679,train,True
668288033,723.15,15,16:17:01,False,,False,True,723.23,37,1,104,671114679,train,True
668288034,723.13,15,16:17:02,False,,False,True,723.23,38,1,104,671114679,train,True
668288035,723.13,15,16:17:03,False,,False,True,723.23,39,1,104,671114679,train,True
668288036,723.11,15,16:17:04,False,,False,True,723.23,40,1,104,671114679,train,True
668288037,723.2,15,16:17:05,False,,False,True,723.23,41,1,104,671114679,train,True
668288038,723.13,15,16:17:06,False,,False,True,723.23,42,1,104,671114679,train,True
668288039,723.11,15,16:17:07,False,,False,True,723.23,43,1,104,671114679,train,True
668288040,723.07,15,16:17:08,False,,False,True,723.23,44,1,104,671114679,train,True
668288041,723.09,15,16:17:09,False,,False,True,723.23,45,1,104,671114679,train,True
668288042,723.22,15,16:17:10,False,,False,True,723.23,46,1,104,671114679,train,True
668288043,723.23,15,16:17:11,False,,False,True,723.23,47,1,104,671114679,train,True
668288044,723.16,15,16:17:12,False,,False,True,723.22,48,1,104,671114679,train,True
668288045,723.19,15,16:17:13,False,,False,True,723.22,49,1,104,671114679,train,True
668288046,723.14,15,16:17:14,False,,False,True,723.22,50,1,104,671114679,train,True
668288047,723.1,15,16:17:15,False,,False,True,723.22,51,1,104,671114679,train,True
668288048,723.21,15,16:17:16,False,,False,True,723.22,52,1,104,671114679,train,True
668288049,723.1,15,16:17:17,False,,False,True,723.22,53,1,104,671114679,train,True
668288050,723.1,15,16:17:17,False,,False,True,723.22,54,1,104,671114679,train,True
668288051,723.15,15,16:17:18,False,,False,True,723.22,55,1,104,671114679,train,True
668288052,723.17,15,16:17:19,False,,False,True,723.22,56,1,104,671114679,train,True
668288053,723.17,15,16:17:20,False,,False,True,723.22,57,1,104,671114679,train,True
668288054,723.08,15,16:17:21,False,,False,True,723.22,58,1,104,671114679,train,True
668287995,723.17,15,16:16:24,False,,False,False,723.25,6,0,105,671115255,train,True
668287996,723.16,15,16:16:25,False,,False,False,723.25,5,0,105,671115255,train,True
668287997,723.19,15,16:16:26,False,,False,False,723.25,5,1,105,671115255,train,True
668287998,723.06,15,16:16:27,False,,False,False,723.25,5,1,105,671115255,train,True
668287999,723.07,15,16:16:28,False,,False,False,723.25,5,1,105,671115255,train,True
668288000,723.08,15,16:16:29,False,,False,False,723.25,6,1,105,671115255,train,True
668288001,723.17,15,16:16:30,False,,False,False,723.25,7,1,105,671115255,train,True
668288002,723.17,15,16:16:31,False,,False,False,723.25,8,1,105,671115255,train,True
668288003,723.17,15,16:16:32,False,,False,False,723.25,8,1,105,671115255,train,True
668288004,723.15,15,16:16:33,False,,False,False,723.25,9,1,105,671115255,train,True
668288005,723.22,15,16:16:34,False,,False,False,723.25,10,1,105,671115255,train,True
668288006,723.17,15,16:16:35,False,,False,False,723.25,11,1,105,671115255,train,True
668288007,723.15,15,16:16:36,False,,False,False,723.25,11,1,105,671115255,train,True
668288008,723.18,15,16:16:37,False,,False,False,723.25,12,1,105,671115255,train,True
668288009,723.14,15,16:16:38,False,,False,False,723.24,13,1,105,671115255,train,True
668288010,723.11,15,16:16:39,False,,False,False,723.24,14,1,105,671115255,train,True
668288011,723.2,15,16:16:40,False,,False,False,723.24,15,1,105,671115255,train,True
668288012,723.17,15,16:16:40,False,,False,False,723.24,16,1,105,671115255,train,True
668288013,723.16,15,16:16:41,False,,False,False,723.24,17,1,105,671115255,train,True
668288014,723.18,15,16:16:42,False,,False,False,723.24,18,1,105,671115255,train,True
668288015,723.23,15,16:16:43,False,,False,False,723.24,19,1,105,671115255,train,True
668288016,723.18,15,16:16:44,False,,False,False,723.24,20,1,105,671115255,train,True
668288017,723.21,15,16:16:45,False,,False,False,723.24,21,1,105,671115255,train,True
668288018,723.2,15,16:16:46,False,,False,False,723.24,22,1,105,671115255,train,True
668288019,723.18,15,16:16:47,False,,False,False,723.24,23,1,105,671115255,train,True
668288020,723.2,15,16:16:48,False,,False,False,723.24,24,1,105,671115255,train,True
668288021,723.19,15,16:16:49,False,,False,False,723.24,25,1,105,671115255,train,True
668288022,723.18,15,16:16:50,False,,False,False,723.24,26,1,105,671115255,train,True
668288023,723.23,15,16:16:51,False,,False,True,723.24,27,1,105,671115255,train,True
668288024,723.12,15,16:16:52,False,,False,True,723.24,28,1,105,671115255,train,True
668288025,723.21,15,16:16:53,False,,False,True,723.24,29,1,105,671115255,train,True
668288026,723.17,15,16:16:54,False,,False,True,723.24,30,1,105,671115255,train,True
668288027,723.13,15,16:16:55,False,,False,True,723.24,31,1,105,671115255,train,True
668288028,723.19,15,16:16:56,False,,False,True,723.24,32,1,105,671115255,train,True
668288029,723.17,15,16:16:57,False,,False,True,723.23,33,1,105,671115255,train,True
668288030,723.15,15,16:16:58,False,,False,True,723.23,34,1,105,671115255,train,True
668288031,723.22,15,16:16:59,False,,False,True,723.23,35,1,105,671115255,train,True
668288032,723.13,15,16:17:00,False,,False,True,723.23,36,1,105,671115255,train,True
668288033,723.15,15,16:17:01,False,,False,True,723.23,37,1,105,671115255,train,True
668288034,723.13,15,16:17:02,False,,False,True,723.23,38,1,105,671115255,train,True
668288035,723.13,15,16:17:03,False,,False,True,723.23,39,1,105,671115255,train,True
668288036,723.11,15,16:17:04,False,,False,True,723.23,40,1,105,671115255,train,True
668288037,723.2,15,16:17:05,False,,False,True,723.23,41,1,105,671115255,train,True
668288038,723.13,15,16:17:06,False,,False,True,723.23,42,1,105,671115255,train,True
668288039,723.11,15,16:17:07,False,,False,True,723.23,43,1,105,671115255,train,True
668288040,723.07,15,16:17:08,False,,False,True,723.23,44,1,105,671115255,train,True
668288041,723.09,15,16:17:09,False,,False,True,723.23,45,1,105,671115255,train,True
668288042,723.22,15,16:17:10,False,,False,True,723.23,46,1,105,671115255,train,True
668288043,723.23,15,16:17:11,False,,False,True,723.23,47,1,105,671115255,train,True
668288044,723.16,15,16:17:12,False,,False,True,723.22,48,1,105,671115255,train,True
668288045,723.19,15,16:17:13,False,,False,True,723.22,49,1,105,671115255,train,True
668288046,723.14,15,16:17:14,False,,False,True,723.22,50,1,105,671115255,train,True
668288047,723.1,15,16:17:15,False,,False,True,723.22,51,1,105,671115255,train,True
668288048,723.21,15,16:17:16,False,,False,True,723.22,52,1,105,671115255,train,True
668288049,723.1,15,16:17:17,False,,False,True,723.22,53,1,105,671115255,train,True
668288050,723.1,15,16:17:17,False,,False,True,723.22,54,1,105,671115255,train,True
668288051,723.15,15,16:17:18,False,,False,True,723.22,55,1,105,671115255,train,True
668288052,723.17,15,16:17:19,False,,False,True,723.22,56,1,105,671115255,train,True
668288053,723.17,15,16:17:20,False,,False,True,723.22,57,1,105,671115255,train,True
668288054,723.08,15,16:17:21,False,,False,True,723.22,58,1,105,671115255,train,True
668287995,723.17,15,16:16:24,False,,False,False,723.25,6,0,106,671115289,train,True
668287996,723.16,15,16:16:25,False,,False,False,723.25,5,0,106,671115289,train,True
668287997,723.19,15,16:16:26,False,,False,False,723.25,5,1,106,671115289,train,True
668287998,723.06,15,16:16:27,False,,False,False,723.25,5,1,106,671115289,train,True
668287999,723.07,15,16:16:28,False,,False,False,723.25,5,1,106,671115289,train,True
668288000,723.08,15,16:16:29,False,,False,False,723.25,6,1,106,671115289,train,True
668288001,723.17,15,16:16:30,False,,False,False,723.25,7,1,106,671115289,train,True
668288002,723.17,15,16:16:31,False,,False,False,723.25,8,1,106,671115289,train,True
668288003,723.17,15,16:16:32,False,,False,False,723.25,8,1,106,671115289,train,True
668288004,723.15,15,16:16:33,False,,False,False,723.25,9,1,106,671115289,train,True
668288005,723.22,15,16:16:34,False,,False,False,723.25,10,1,106,671115289,train,True
668288006,723.17,15,16:16:35,False,,False,False,723.25,11,1,106,671115289,train,True
668288007,723.15,15,16:16:36,False,,False,False,723.25,11,1,106,671115289,train,True
668288008,723.18,15,16:16:37,False,,False,False,723.25,12,1,106,671115289,train,True
668288009,723.14,15,16:16:38,False,,False,False,723.24,13,1,106,671115289,train,True
668288010,723.11,15,16:16:39,False,,False,False,723.24,14,1,106,671115289,train,True
668288011,723.2,15,16:16:40,False,,False,False,723.24,15,1,106,671115289,train,True
668288012,723.17,15,16:16:40,False,,False,False,723.24,16,1,106,671115289,train,True
668288013,723.16,15,16:16:41,False,,False,False,723.24,17,1,106,671115289,train,True
668288014,723.18,15,16:16:42,False,,False,False,723.24,18,1,106,671115289,train,True
668288015,723.23,15,16:16:43,False,,False,False,723.24,19,1,106,671115289,train,True
668288016,723.18,15,16:16:44,False,,False,False,723.24,20,1,106,671115289,train,True
668288017,723.21,15,16:16:45,False,,False,False,723.24,21,1,106,671115289,train,True
668288018,723.2,15,16:16:46,False,,False,False,723.24,22,1,106,671115289,train,True
668288019,723.18,15,16:16:47,False,,False,False,723.24,23,1,106,671115289,train,True
668288020,723.2,15,16:16:48,False,,False,False,723.24,24,1,106,671115289,train,True
668288021,723.19,15,16:16:49,False,,False,False,723.24,25,1,106,671115289,train,True
668288022,723.18,15,16:16:50,False,,False,False,723.24,26,1,106,671115289,train,True
668288023,723.23,15,16:16:51,False,,False,True,723.24,27,1,106,671115289,train,True
668288024,723.12,15,16:16:52,False,,False,True,723.24,28,1,106,671115289,train,True
668288025,723.21,15,16:16:53,False,,False,True,723.24,29,1,106,671115289,train,True
668288026,723.17,15,16:16:54,False,,False,True,723.24,30,1,106,671115289,train,True
668288027,723.13,15,16:16:55,False,,False,True,723.24,31,1,106,671115289,train,True
668288028,723.19,15,16:16:56,False,,False,True,723.24,32,1,106,671115289,train,True
668288029,723.17,15,16:16:57,False,,False,True,723.23,33,1,106,671115289,train,True
668288030,723.15,15,16:16:58,False,,False,True,723.23,34,1,106,671115289,train,True
668288031,723.22,15,16:16:59,False,,False,True,723.23,35,1,106,671115289,train,True
668288032,723.13,15,16:17:00,False,,False,True,723.23,36,1,106,671115289,train,True
668288033,723.15,15,16:17:01,False,,False,True,723.23,37,1,106,671115289,train,True
668288034,723.13,15,16:17:02,False,,False,True,723.23,38,1,106,671115289,train,True
668288035,723.13,15,16:17:03,False,,False,True,723.23,39,1,106,671115289,train,True
668288036,723.11,15,16:17:04,False,,False,True,723.23,40,1,106,671115289,train,True
668288037,723.2,15,16:17:05,False,,False,True,723.23,41,1,106,671115289,train,True
668288038,723.13,15,16:17:06,False,,False,True,723.23,42,1,106,671115289,train,True
668288039,723.11,15,16:17:07,False,,False,True,723.23,43,1,106,671115289,train,True
668288040,723.07,15,16:17:08,False,,False,True,723.23,44,1,106,671115289,train,True
668288041,723.09,15,16:17:09,False,,False,True,723.23,45,1,106,671115289,train,True
668288042,723.22,15,16:17:10,False,,False,True,723.23,46,1,106,671115289,train,True
668288043,723.23,15,16:17:11,False,,False,True,723.23,47,1,106,671115289,train,True
668288044,723.16,15,16:17:12,False,,False,True,723.22,48,1,106,671115289,train,True
668288045,723.19,15,16:17:13,False,,False,True,723.22,49,1,106,671115289,train,True
668288046,723.14,15,16:17:14,False,,False,True,723.22,50,1,106,671115289,train,True
668288047,723.1,15,16:17:15,False,,False,True,723.22,51,1,106,671115289,train,True
668288048,723.21,15,16:17:16,False,,False,True,723.22,52,1,106,671115289,train,True
668288049,723.1,15,16:17:17,False,,False,True,723.22,53,1,106,671115289,train,True
668288050,723.1,15,16:17:17,False,,False,True,723.22,54,1,106,671115289,train,True
668288051,723.15,15,16:17:18,False,,False,True,723.22,55,1,106,671115289,train,True
668288052,723.17,15,16:17:19,False,,False,True,723.22,56,1,106,671115289,train,True
668288053,723.17,15,16:17:20,False,,False,True,723.22,57,1,106,671115289,train,True
668288054,723.08,15,16:17:21,False,,False,True,723.22,58,1,106,671115289,train,True
668287995,723.17,15,16:16:24,False,,False,False,723.25,6,0,107,671120289,train,True
668287996,723.16,15,16:16:25,False,,False,False,723.25,5,0,107,671120289,train,True
668287997,723.19,15,16:16:26,False,,False,False,723.25,5,1,107,671120289,train,True
668287998,723.06,15,16:16:27,False,,False,False,723.25,5,1,107,671120289,train,True
668287999,723.07,15,16:16:28,False,,False,False,723.25,5,1,107,671120289,train,True
668288000,723.08,15,16:16:29,False,,False,False,723.25,6,1,107,671120289,train,True
668288001,723.17,15,16:16:30,False,,False,False,723.25,7,1,107,671120289,train,True
668288002,723.17,15,16:16:31,False,,False,False,723.25,8,1,107,671120289,train,True
668288003,723.17,15,16:16:32,False,,False,False,723.25,8,1,107,671120289,train,True
668288004,723.15,15,16:16:33,False,,False,False,723.25,9,1,107,671120289,train,True
668288005,723.22,15,16:16:34,False,,False,False,723.25,10,1,107,671120289,train,True
668288006,723.17,15,16:16:35,False,,False,False,723.25,11,1,107,671120289,train,True
668288007,723.15,15,16:16:36,False,,False,False,723.25,11,1,107,671120289,train,True
668288008,723.18,15,16:16:37,False,,False,False,723.25,12,1,107,671120289,train,True
668288009,723.14,15,16:16:38,False,,False,False,723.24,13,1,107,671120289,train,True
668288010,723.11,15,16:16:39,False,,False,False,723.24,14,1,107,671120289,train,True
668288011,723.2,15,16:16:40,False,,False,False,723.24,15,1,107,671120289,train,True
668288012,723.17,15,16:16:40,False,,False,False,723.24,16,1,107,671120289,train,True
668288013,723.16,15,16:16:41,False,,False,False,723.24,17,1,107,671120289,train,True
668288014,723.18,15,16:16:42,False,,False,False,723.24,18,1,107,671120289,train,True
668288015,723.23,15,16:16:43,False,,False,False,723.24,19,1,107,671120289,train,True
668288016,723.18,15,16:16:44,False,,False,False,723.24,20,1,107,671120289,train,True
668288017,723.21,15,16:16:45,False,,False,False,723.24,21,1,107,671120289,train,True
668288018,723.2,15,16:16:46,False,,False,False,723.24,22,1,107,671120289,train,True
668288019,723.18,15,16:16:47,False,,False,False,723.24,23,1,107,671120289,train,True
668288020,723.2,15,16:16:48,False,,False,False,723.24,24,1,107,671120289,train,True
668288021,723.19,15,16:16:49,False,,False,False,723.24,25,1,107,671120289,train,True
668288022,723.18,15,16:16:50,False,,False,False,723.24,26,1,107,671120289,train,True
668288023,723.23,15,16:16:51,False,,False,True,723.24,27,1,107,671120289,train,True
668288024,723.12,15,16:16:52,False,,False,True,723.24,28,1,107,671120289,train,True
668288025,723.21,15,16:16:53,False,,False,True,723.24,29,1,107,671120289,train,True
668288026,723.17,15,16:16:54,False,,False,True,723.24,30,1,107,671120289,train,True
668288027,723.13,15,16:16:55,False,,False,True,723.24,31,1,107,671120289,train,True
668288028,723.19,15,16:16:56,False,,False,True,723.24,32,1,107,671120289,train,True
668288029,723.17,15,16:16:57,False,,False,True,723.23,33,1,107,671120289,train,True
668288030,723.15,15,16:16:58,False,,False,True,723.23,34,1,107,671120289,train,True
668288031,723.22,15,16:16:59,False,,False,True,723.23,35,1,107,671120289,train,True
668288032,723.13,15,16:17:00,False,,False,True,723.23,36,1,107,671120289,train,True
668288033,723.15,15,16:17:01,False,,False,True,723.23,37,1,107,671120289,train,True
668288034,723.13,15,16:17:02,False,,False,True,723.23,38,1,107,671120289,train,True
668288035,723.13,15,16:17:03,False,,False,True,723.23,39,1,107,671120289,train,True
668288036,723.11,15,16:17:04,False,,False,True,723.23,40,1,107,671120289,train,True
668288037,723.2,15,16:17:05,False,,False,True,723.23,41,1,107,671120289,train,True
668288038,723.13,15,16:17:06,False,,False,True,723.23,42,1,107,671120289,train,True
668288039,723.11,15,16:17:07,False,,False,True,723.23,43,1,107,671120289,train,True
668288040,723.07,15,16:17:08,False,,False,True,723.23,44,1,107,671120289,train,True
668288041,723.09,15,16:17:09,False,,False,True,723.23,45,1,107,671120289,train,True
668288042,723.22,15,16:17:10,False,,False,True,723.23,46,1,107,671120289,train,True
668288043,723.23,15,16:17:11,False,,False,True,723.23,47,1,107,671120289,train,True
668288044,723.16,15,16:17:12,False,,False,True,723.22,48,1,107,671120289,train,True
668288045,723.19,15,16:17:13,False,,False,True,723.22,49,1,107,671120289,train,True
668288046,723.14,15,16:17:14,False,,False,True,723.22,50,1,107,671120289,train,True
668288047,723.1,15,16:17:15,False,,False,True,723.22,51,1,107,671120289,train,True
668288048,723.21,15,16:17:16,False,,False,True,723.22,52,1,107,671120289,train,True
668288049,723.1,15,16:17:17,False,,False,True,723.22,53,1,107,671120289,train,True
668288050,723.1,15,16:17:17,False,,False,True,723.22,54,1,107,671120289,train,True
668288051,723.15,15,16:17:18,False,,False,True,723.22,55,1,107,671120289,train,True
668288052,723.17,15,16:17:19,False,,False,True,723.22,56,1,107,671120289,train,True
668288053,723.17,15,16:17:20,False,,False,True,723.22,57,1,107,671120289,train,True
668288054,723.08,15,16:17:21,False,,False,True,723.22,58,1,107,671120289,train,True
668287995,723.17,15,16:16:24,False,,False,False,723.25,6,0,108,671126006,train,True
668287996,723.16,15,16:16:25,False,,False,False,723.25,5,0,108,671126006,train,True
668287997,723.19,15,16:16:26,False,,False,False,723.25,5,1,108,671126006,train,True
668287998,723.06,15,16:16:27,False,,False,False,723.25,5,1,108,671126006,train,True
668287999,723.07,15,16:16:28,False,,False,False,723.25,5,1,108,671126006,train,True
668288000,723.08,15,16:16:29,False,,False,False,723.25,6,1,108,671126006,train,True
668288001,723.17,15,16:16:30,False,,False,False,723.25,7,1,108,671126006,train,True
668288002,723.17,15,16:16:31,False,,False,False,723.25,8,1,108,671126006,train,True
668288003,723.17,15,16:16:32,False,,False,False,723.25,8,1,108,671126006,train,True
668288004,723.15,15,16:16:33,False,,False,False,723.25,9,1,108,671126006,train,True
668288005,723.22,15,16:16:34,False,,False,False,723.25,10,1,108,671126006,train,True
668288006,723.17,15,16:16:35,False,,False,False,723.25,11,1,108,671126006,train,True
668288007,723.15,15,16:16:36,False,,False,False,723.25,11,1,108,671126006,train,True
668288008,723.18,15,16:16:37,False,,False,False,723.25,12,1,108,671126006,train,True
668288009,723.14,15,16:16:38,False,,False,False,723.24,13,1,108,671126006,train,True
668288010,723.11,15,16:16:39,False,,False,False,723.24,14,1,108,671126006,train,True
668288011,723.2,15,16:16:40,False,,False,False,723.24,15,1,108,671126006,train,True
668288012,723.17,15,16:16:40,False,,False,False,723.24,16,1,108,671126006,train,True
668288013,723.16,15,16:16:41,False,,False,False,723.24,17,1,108,671126006,train,True
668288014,723.18,15,16:16:42,False,,False,False,723.24,18,1,108,671126006,train,True
668288015,723.23,15,16:16:43,False,,False,False,723.24,19,1,108,671126006,train,True
668288016,723.18,15,16:16:44,False,,False,False,723.24,20,1,108,671126006,train,True
668288017,723.21,15,16:16:45,False,,False,False,723.24,21,1,108,671126006,train,True
668288018,723.2,15,16:16:46,False,,False,False,723.24,22,1,108,671126006,train,True
668288019,723.18,15,16:16:47,False,,False,False,723.24,23,1,108,671126006,train,True
668288020,723.2,15,16:16:48,False,,False,False,723.24,24,1,108,671126006,train,True
668288021,723.19,15,16:16:49,False,,False,False,723.24,25,1,108,671126006,train,True
668288022,723.18,15,16:16:50,False,,False,False,723.24,26,1,108,671126006,train,True
668288023,723.23,15,16:16:51,False,,False,True,723.24,27,1,108,671126006,train,True
668288024,723.12,15,16:16:52,False,,False,True,723.24,28,1,108,671126006,train,True
668288025,723.21,15,16:16:53,False,,False,True,723.24,29,1,108,671126006,train,True
668288026,723.17,15,16:16:54,False,,False,True,723.24,30,1,108,671126006,train,True
668288027,723.13,15,16:16:55,False,,False,True,723.24,31,1,108,671126006,train,True
668288028,723.19,15,16:16:56,False,,False,True,723.24,32,1,108,671126006,train,True
668288029,723.17,15,16:16:57,False,,False,True,723.23,33,1,108,671126006,train,True
668288030,723.15,15,16:16:58,False,,False,True,723.23,34,1,108,671126006,train,True
668288031,723.22,15,16:16:59,False,,False,True,723.23,35,1,108,671126006,train,True
668288032,723.13,15,16:17:00,False,,False,True,723.23,36,1,108,671126006,train,True
668288033,723.15,15,16:17:01,False,,False,True,723.23,37,1,108,671126006,train,True
668288034,723.13,15,16:17:02,False,,False,True,723.23,38,1,108,671126006,train,True
668288035,723.13,15,16:17:03,False,,False,True,723.23,39,1,108,671126006,train,True
668288036,723.11,15,16:17:04,False,,False,True,723.23,40,1,108,671126006,train,True
668288037,723.2,15,16:17:05,False,,False,True,723.23,41,1,108,671126006,train,True
668288038,723.13,15,16:17:06,False,,False,True,723.23,42,1,108,671126006,train,True
668288039,723.11,15,16:17:07,False,,False,True,723.23,43,1,108,671126006,train,True
668288040,723.07,15,16:17:08,False,,False,True,723.23,44,1,108,671126006,train,True
668288041,723.09,15,16:17:09,False,,False,True,723.23,45,1,108,671126006,train,True
668288042,723.22,15,16:17:10,False,,False,True,723.23,46,1,108,671126006,train,True
668288043,723.23,15,16:17:11,False,,False,True,723.23,47,1,108,671126006,train,True
668288044,723.16,15,16:17:12,False,,False,True,723.22,48,1,108,671126006,train,True
668288045,723.19,15,16:17:13,False,,False,True,723.22,49,1,108,671126006,train,True
668288046,723.14,15,16:17:14,False,,False,True,723.22,50,1,108,671126006,train,True
668288047,723.1,15,16:17:15,False,,False,True,723.22,51,1,108,671126006,train,True
668288048,723.21,15,16:17:16,False,,False,True,723.22,52,1,108,671126006,train,True
668288049,723.1,15,16:17:17,False,,False,True,723.22,53,1,108,671126006,train,True
668288050,723.1,15,16:17:17,False,,False,True,723.22,54,1,108,671126006,train,True
668288051,723.15,15,16:17:18,False,,False,True,723.22,55,1,108,671126006,train,True
668288052,723.17,15,16:17:19,False,,False,True,723.22,56,1,108,671126006,train,True
668288053,723.17,15,16:17:20,False,,False,True,723.22,57,1,108,671126006,train,True
668288054,723.08,15,16:17:21,False,,False,True,723.22,58,1,108,671126006,train,True
668287995,723.17,15,16:16:24,False,,False,False,723.25,6,0,109,671126607,train,True
668287996,723.16,15,16:16:25,False,,False,False,723.25,5,0,109,671126607,train,True
668287997,723.19,15,16:16:26,False,,False,False,723.25,5,1,109,671126607,train,True
668287998,723.06,15,16:16:27,False,,False,False,723.25,5,1,109,671126607,train,True
668287999,723.07,15,16:16:28,False,,False,False,723.25,5,1,109,671126607,train,True
668288000,723.08,15,16:16:29,False,,False,False,723.25,6,1,109,671126607,train,True
668288001,723.17,15,16:16:30,False,,False,False,723.25,7,1,109,671126607,train,True
668288002,723.17,15,16:16:31,False,,False,False,723.25,8,1,109,671126607,train,True
668288003,723.17,15,16:16:32,False,,False,False,723.25,8,1,109,671126607,train,True
668288004,723.15,15,16:16:33,False,,False,False,723.25,9,1,109,671126607,train,True
668288005,723.22,15,16:16:34,False,,False,False,723.25,10,1,109,671126607,train,True
668288006,723.17,15,16:16:35,False,,False,False,723.25,11,1,109,671126607,train,True
668288007,723.15,15,16:16:36,False,,False,False,723.25,11,1,109,671126607,train,True
668288008,723.18,15,16:16:37,False,,False,False,723.25,12,1,109,671126607,train,True
668288009,723.14,15,16:16:38,False,,False,False,723.24,13,1,109,671126607,train,True
668288010,723.11,15,16:16:39,False,,False,False,723.24,14,1,109,671126607,train,True
668288011,723.2,15,16:16:40,False,,False,False,723.24,15,1,109,671126607,train,True
668288012,723.17,15,16:16:40,False,,False,False,723.24,16,1,109,671126607,train,True
668288013,723.16,15,16:16:41,False,,False,False,723.24,17,1,109,671126607,train,True
668288014,723.18,15,16:16:42,False,,False,False,723.24,18,1,109,671126607,train,True
668288015,723.23,15,16:16:43,False,,False,False,723.24,19,1,109,671126607,train,True
668288016,723.18,15,16:16:44,False,,False,False,723.24,20,1,109,671126607,train,True
668288017,723.21,15,16:16:45,False,,False,False,723.24,21,1,109,671126607,train,True
668288018,723.2,15,16:16:46,False,,False,False,723.24,22,1,109,671126607,train,True
668288019,723.18,15,16:16:47,False,,False,False,723.24,23,1,109,671126607,train,True
668288020,723.2,15,16:16:48,False,,False,False,723.24,24,1,109,671126607,train,True
668288021,723.19,15,16:16:49,False,,False,False,723.24,25,1,109,671126607,train,True
668288022,723.18,15,16:16:50,False,,False,False,723.24,26,1,109,671126607,train,True
668288023,723.23,15,16:16:51,False,,False,True,723.24,27,1,109,671126607,train,True
668288024,723.12,15,16:16:52,False,,False,True,723.24,28,1,109,671126607,train,True
668288025,723.21,15,16:16:53,False,,False,True,723.24,29,1,109,671126607,train,True
668288026,723.17,15,16:16:54,False,,False,True,723.24,30,1,109,671126607,train,True
668288027,723.13,15,16:16:55,False,,False,True,723.24,31,1,109,671126607,train,True
668288028,723.19,15,16:16:56,False,,False,True,723.24,32,1,109,671126607,train,True
668288029,723.17,15,16:16:57,False,,False,True,723.23,33,1,109,671126607,train,True
668288030,723.15,15,16:16:58,False,,False,True,723.23,34,1,109,671126607,train,True
668288031,723.22,15,16:16:59,False,,False,True,723.23,35,1,109,671126607,train,True
668288032,723.13,15,16:17:00,False,,False,True,723.23,36,1,109,671126607,train,True
668288033,723.15,15,16:17:01,False,,False,True,723.23,37,1,109,671126607,train,True
668288034,723.13,15,16:17:02,False,,False,True,723.23,38,1,109,671126607,train,True
668288035,723.13,15,16:17:03,False,,False,True,723.23,39,1,109,671126607,train,True
668288036,723.11,15,16:17:04,False,,False,True,723.23,40,1,109,671126607,train,True
668288037,723.2,15,16:17:05,False,,False,True,723.23,41,1,109,671126607,train,True
668288038,723.13,15,16:17:06,False,,False,True,723.23,42,1,109,671126607,train,True
668288039,723.11,15,16:17:07,False,,False,True,723.23,43,1,109,671126607,train,True
668288040,723.07,15,16:17:08,False,,False,True,723.23,44,1,109,671126607,train,True
668288041,723.09,15,16:17:09,False,,False,True,723.23,45,1,109,671126607,train,True
668288042,723.22,15,16:17:10,False,,False,True,723.23,46,1,109,671126607,train,True
668288043,723.23,15,16:17:11,False,,False,True,723.23,47,1,109,671126607,train,True
668288044,723.16,15,16:17:12,False,,False,True,723.22,48,1,109,671126607,train,True
668288045,723.19,15,16:17:13,False,,False,True,723.22,49,1,109,671126607,train,True
668288046,723.14,15,16:17:14,False,,False,True,723.22,50,1,109,671126607,train,True
668288047,723.1,15,16:17:15,False,,False,True,723.22,51,1,109,671126607,train,True
668288048,723.21,15,16:17:16,False,,False,True,723.22,52,1,109,671126607,train,True
668288049,723.1,15,16:17:17,False,,False,True,723.22,53,1,109,671126607,train,True
668288050,723.1,15,16:17:17,False,,False,True,723.22,54,1,109,671126607,train,True
668288051,723.15,15,16:17:18,False,,False,True,723.22,55,1,109,671126607,train,True
668288052,723.17,15,16:17:19,False,,False,True,723.22,56,1,109,671126607,train,True
668288053,723.17,15,16:17:20,False,,False,True,723.22,57,1,109,671126607,train,True
668288054,723.08,15,16:17:21,False,,False,True,723.22,58,1,109,671126607,train,True
668287995,723.17,15,16:16:24,False,,False,False,723.25,6,0,110,671127245,train,True
668287996,723.16,15,16:16:25,False,,False,False,723.25,5,0,110,671127245,train,True
668287997,723.19,15,16:16:26,False,,False,False,723.25,5,1,110,671127245,train,True
668287998,723.06,15,16:16:27,False,,False,False,723.25,5,1,110,671127245,train,True
668287999,723.07,15,16:16:28,False,,False,False,723.25,5,1,110,671127245,train,True
668288000,723.08,15,16:16:29,False,,False,False,723.25,6,1,110,671127245,train,True
668288001,723.17,15,16:16:30,False,,False,False,723.25,7,1,110,671127245,train,True
668288002,723.17,15,16:16:31,False,,False,False,723.25,8,1,110,671127245,train,True
668288003,723.17,15,16:16:32,False,,False,False,723.25,8,1,110,671127245,train,True
668288004,723.15,15,16:16:33,False,,False,False,723.25,9,1,110,671127245,train,True
668288005,723.22,15,16:16:34,False,,False,False,723.25,10,1,110,671127245,train,True
668288006,723.17,15,16:16:35,False,,False,False,723.25,11,1,110,671127245,train,True
668288007,723.15,15,16:16:36,False,,False,False,723.25,11,1,110,671127245,train,True
668288008,723.18,15,16:16:37,False,,False,False,723.25,12,1,110,671127245,train,True
668288009,723.14,15,16:16:38,False,,False,False,723.24,13,1,110,671127245,train,True
668288010,723.11,15,16:16:39,False,,False,False,723.24,14,1,110,671127245,train,True
668288011,723.2,15,16:16:40,False,,False,False,723.24,15,1,110,671127245,train,True
668288012,723.17,15,16:16:40,False,,False,False,723.24,16,1,110,671127245,train,True
668288013,723.16,15,16:16:41,False,,False,False,723.24,17,1,110,671127245,train,True
668288014,723.18,15,16:16:42,False,,False,False,723.24,18,1,110,671127245,train,True
668288015,723.23,15,16:16:43,False,,False,False,723.24,19,1,110,671127245,train,True
668288016,723.18,15,16:16:44,False,,False,False,723.24,20,1,110,671127245,train,True
668288017,723.21,15,16:16:45,False,,False,False,723.24,21,1,110,671127245,train,True
668288018,723.2,15,16:16:46,False,,False,False,723.24,22,1,110,671127245,train,True
668288019,723.18,15,16:16:47,False,,False,False,723.24,23,1,110,671127245,train,True
668288020,723.2,15,16:16:48,False,,False,False,723.24,24,1,110,671127245,train,True
668288021,723.19,15,16:16:49,False,,False,False,723.24,25,1,110,671127245,train,True
668288022,723.18,15,16:16:50,False,,False,False,723.24,26,1,110,671127245,train,True
668288023,723.23,15,16:16:51,False,,False,True,723.24,27,1,110,671127245,train,True
668288024,723.12,15,16:16:52,False,,False,True,723.24,28,1,110,671127245,train,True
668288025,723.21,15,16:16:53,False,,False,True,723.24,29,1,110,671127245,train,True
668288026,723.17,15,16:16:54,False,,False,True,723.24,30,1,110,671127245,train,True
668288027,723.13,15,16:16:55,False,,False,True,723.24,31,1,110,671127245,train,True
668288028,723.19,15,16:16:56,False,,False,True,723.24,32,1,110,671127245,train,True
668288029,723.17,15,16:16:57,False,,False,True,723.23,33,1,110,671127245,train,True
668288030,723.15,15,16:16:58,False,,False,True,723.23,34,1,110,671127245,train,True
668288031,723.22,15,16:16:59,False,,False,True,723.23,35,1,110,671127245,train,True
668288032,723.13,15,16:17:00,False,,False,True,723.23,36,1,110,671127245,train,True
668288033,723.15,15,16:17:01,False,,False,True,723.23,37,1,110,671127245,train,True
668288034,723.13,15,16:17:02,False,,False,True,723.23,38,1,110,671127245,train,True
668288035,723.13,15,16:17:03,False,,False,True,723.23,39,1,110,671127245,train,True
668288036,723.11,15,16:17:04,False,,False,True,723.23,40,1,110,671127245,train,True
668288037,723.2,15,16:17:05,False,,False,True,723.23,41,1,110,671127245,train,True
668288038,723.13,15,16:17:06,False,,False,True,723.23,42,1,110,671127245,train,True
668288039,723.11,15,16:17:07,False,,False,True,723.23,43,1,110,671127245,train,True
668288040,723.07,15,16:17:08,False,,False,True,723.23,44,1,110,671127245,train,True
668288041,723.09,15,16:17:09,False,,False,True,723.23,45,1,110,671127245,train,True
668288042,723.22,15,16:17:10,False,,False,True,723.23,46,1,110,671127245,train,True
668288043,723.23,15,16:17:11,False,,False,True,723.23,47,1,110,671127245,train,True
668288044,723.16,15,16:17:12,False,,False,True,723.22,48,1,110,671127245,train,True
668288045,723.19,15,16:17:13,False,,False,True,723.22,49,1,110,671127245,train,True
668288046,723.14,15,16:17:14,False,,False,True,723.22,50,1,110,671127245,train,True
668288047,723.1,15,16:17:15,False,,False,True,723.22,51,1,110,671127245,train,True
668288048,723.21,15,16:17:16,False,,False,True,723.22,52,1,110,671127245,train,True
668288049,723.1,15,16:17:17,False,,False,True,723.22,53,1,110,671127245,train,True
668288050,723.1,15,16:17:17,False,,False,True,723.22,54,1,110,671127245,train,True
668288051,723.15,15,16:17:18,False,,False,True,723.22,55,1,110,671127245,train,True
668288052,723.17,15,16:17:19,False,,False,True,723.22,56,1,110,671127245,train,True
668288053,723.17,15,16:17:20,False,,False,True,723.22,57,1,110,671127245,train,True
668288054,723.08,15,16:17:21,False,,False,True,723.22,58,1,110,671127245,train,True
668287995,723.17,15,16:16:24,False,,False,False,723.25,6,0,111,671139428,train,True
668287996,723.16,15,16:16:25,False,,False,False,723.25,5,0,111,671139428,train,True
668287997,723.19,15,16:16:26,False,,False,False,723.25,5,1,111,671139428,train,True
668287998,723.06,15,16:16:27,False,,False,False,723.25,5,1,111,671139428,train,True
668287999,723.07,15,16:16:28,False,,False,False,723.25,5,1,111,671139428,train,True
668288000,723.08,15,16:16:29,False,,False,False,723.25,6,1,111,671139428,train,True
668288001,723.17,15,16:16:30,False,,False,False,723.25,7,1,111,671139428,train,True
668288002,723.17,15,16:16:31,False,,False,False,723.25,8,1,111,671139428,train,True
668288003,723.17,15,16:16:32,False,,False,False,723.25,8,1,111,671139428,train,True
668288004,723.15,15,16:16:33,False,,False,False,723.25,9,1,111,671139428,train,True
668288005,723.22,15,16:16:34,False,,False,False,723.25,10,1,111,671139428,train,True
668288006,723.17,15,16:16:35,False,,False,False,723.25,11,1,111,671139428,train,True
668288007,723.15,15,16:16:36,False,,False,False,723.25,11,1,111,671139428,train,True
668288008,723.18,15,16:16:37,False,,False,False,723.25,12,1,111,671139428,train,True
668288009,723.14,15,16:16:38,False,,False,False,723.24,13,1,111,671139428,train,True
668288010,723.11,15,16:16:39,False,,False,False,723.24,14,1,111,671139428,train,True
668288011,723.2,15,16:16:40,False,,False,False,723.24,15,1,111,671139428,train,True
668288012,723.17,15,16:16:40,False,,False,False,723.24,16,1,111,671139428,train,True
668288013,723.16,15,16:16:41,False,,False,False,723.24,17,1,111,671139428,train,True
668288014,723.18,15,16:16:42,False,,False,False,723.24,18,1,111,671139428,train,True
668288015,723.23,15,16:16:43,False,,False,False,723.24,19,1,111,671139428,train,True
668288016,723.18,15,16:16:44,False,,False,False,723.24,20,1,111,671139428,train,True
668288017,723.21,15,16:16:45,False,,False,False,723.24,21,1,111,671139428,train,True
668288018,723.2,15,16:16:46,False,,False,False,723.24,22,1,111,671139428,train,True
668288019,723.18,15,16:16:47,False,,False,False,723.24,23,1,111,671139428,train,True
668288020,723.2,15,16:16:48,False,,False,False,723.24,24,1,111,671139428,train,True
668288021,723.19,15,16:16:49,False,,False,False,723.24,25,1,111,671139428,train,True
668288022,723.18,15,16:16:50,False,,False,False,723.24,26,1,111,671139428,train,True
668288023,723.23,15,16:16:51,False,,False,True,723.24,27,1,111,671139428,train,True
668288024,723.12,15,16:16:52,False,,False,True,723.24,28,1,111,671139428,train,True
668288025,723.21,15,16:16:53,False,,False,True,723.24,29,1,111,671139428,train,True
668288026,723.17,15,16:16:54,False,,False,True,723.24,30,1,111,671139428,train,True
668288027,723.13,15,16:16:55,False,,False,True,723.24,31,1,111,671139428,train,True
668288028,723.19,15,16:16:56,False,,False,True,723.24,32,1,111,671139428,train,True
668288029,723.17,15,16:16:57,False,,False,True,723.23,33,1,111,671139428,train,True
668288030,723.15,15,16:16:58,False,,False,True,723.23,34,1,111,671139428,train,True
668288031,723.22,15,16:16:59,False,,False,True,723.23,35,1,111,671139428,train,True
668288032,723.13,15,16:17:00,False,,False,True,723.23,36,1,111,671139428,train,True
668288033,723.15,15,16:17:01,False,,False,True,723.23,37,1,111,671139428,train,True
668288034,723.13,15,16:17:02,False,,False,True,723.23,38,1,111,671139428,train,True
668288035,723.13,15,16:17:03,False,,False,True,723.23,39,1,111,671139428,train,True
668288036,723.11,15,16:17:04,False,,False,True,723.23,40,1,111,671139428,train,True
668288037,723.2,15,16:17:05,False,,False,True,723.23,41,1,111,671139428,train,True
668288038,723.13,15,16:17:06,False,,False,True,723.23,42,1,111,671139428,train,True
668288039,723.11,15,16:17:07,False,,False,True,723.23,43,1,111,671139428,train,True
668288040,723.07,15,16:17:08,False,,False,True,723.23,44,1,111,671139428,train,True
668288041,723.09,15,16:17:09,False,,False,True,723.23,45,1,111,671139428,train,True
668288042,723.22,15,16:17:10,False,,False,True,723.23,46,1,111,671139428,train,True
668288043,723.23,15,16:17:11,False,,False,True,723.23,47,1,111,671139428,train,True
668288044,723.16,15,16:17:12,False,,False,True,723.22,48,1,111,671139428,train,True
668288045,723.19,15,16:17:13,False,,False,True,723.22,49,1,111,671139428,train,True
668288046,723.14,15,16:17:14,False,,False,True,723.22,50,1,111,671139428,train,True
668288047,723.1,15,16:17:15,False,,False,True,723.22,51,1,111,671139428,train,True
668288048,723.21,15,16:17:16,False,,False,True,723.22,52,1,111,671139428,train,True
668288049,723.1,15,16:17:17,False,,False,True,723.22,53,1,111,671139428,train,True
668288050,723.1,15,16:17:17,False,,False,True,723.22,54,1,111,671139428,train,True
668288051,723.15,15,16:17:18,False,,False,True,723.22,55,1,111,671139428,train,True
668288052,723.17,15,16:17:19,False,,False,True,723.22,56,1,111,671139428,train,True
668288053,723.17,15,16:17:20,False,,False,True,723.22,57,1,111,671139428,train,True
668288054,723.08,15,16:17:21,False,,False,True,723.22,58,1,111,671139428,train,True
668287995,723.17,15,16:16:24,False,,False,False,723.25,6,0,112,671204280,train,True
668287996,723.16,15,16:16:25,False,,False,False,723.25,5,0,112,671204280,train,True
668287997,723.19,15,16:16:26,False,,False,False,723.25,5,1,112,671204280,train,True
668287998,723.06,15,16:16:27,False,,False,False,723.25,5,1,112,671204280,train,True
668287999,723.07,15,16:16:28,False,,False,False,723.25,5,1,112,671204280,train,True
668288000,723.08,15,16:16:29,False,,False,False,723.25,6,1,112,671204280,train,True
668288001,723.17,15,16:16:30,False,,False,False,723.25,7,1,112,671204280,train,True
668288002,723.17,15,16:16:31,False,,False,False,723.25,8,1,112,671204280,train,True
668288003,723.17,15,16:16:32,False,,False,False,723.25,8,1,112,671204280,train,True
668288004,723.15,15,16:16:33,False,,False,False,723.25,9,1,112,671204280,train,True
668288005,723.22,15,16:16:34,False,,False,False,723.25,10,1,112,671204280,train,True
668288006,723.17,15,16:16:35,False,,False,False,723.25,11,1,112,671204280,train,True
668288007,723.15,15,16:16:36,False,,False,False,723.25,11,1,112,671204280,train,True
668288008,723.18,15,16:16:37,False,,False,False,723.25,12,1,112,671204280,train,True
668288009,723.14,15,16:16:38,False,,False,False,723.24,13,1,112,671204280,train,True
668288010,723.11,15,16:16:39,False,,False,False,723.24,14,1,112,671204280,train,True
668288011,723.2,15,16:16:40,False,,False,False,723.24,15,1,112,671204280,train,True
668288012,723.17,15,16:16:40,False,,False,False,723.24,16,1,112,671204280,train,True
668288013,723.16,15,16:16:41,False,,False,False,723.24,17,1,112,671204280,train,True
668288014,723.18,15,16:16:42,False,,False,False,723.24,18,1,112,671204280,train,True
668288015,723.23,15,16:16:43,False,,False,False,723.24,19,1,112,671204280,train,True
668288016,723.18,15,16:16:44,False,,False,False,723.24,20,1,112,671204280,train,True
668288017,723.21,15,16:16:45,False,,False,False,723.24,21,1,112,671204280,train,True
668288018,723.2,15,16:16:46,False,,False,False,723.24,22,1,112,671204280,train,True
668288019,723.18,15,16:16:47,False,,False,False,723.24,23,1,112,671204280,train,True
668288020,723.2,15,16:16:48,False,,False,False,723.24,24,1,112,671204280,train,True
668288021,723.19,15,16:16:49,False,,False,False,723.24,25,1,112,671204280,train,True
668288022,723.18,15,16:16:50,False,,False,False,723.24,26,1,112,671204280,train,True
668288023,723.23,15,16:16:51,False,,False,True,723.24,27,1,112,671204280,train,True
668288024,723.12,15,16:16:52,False,,False,True,723.24,28,1,112,671204280,train,True
668288025,723.21,15,16:16:53,False,,False,True,723.24,29,1,112,671204280,train,True
668288026,723.17,15,16:16:54,False,,False,True,723.24,30,1,112,671204280,train,True
668288027,723.13,15,16:16:55,False,,False,True,723.24,31,1,112,671204280,train,True
668288028,723.19,15,16:16:56,False,,False,True,723.24,32,1,112,671204280,train,True
668288029,723.17,15,16:16:57,False,,False,True,723.23,33,1,112,671204280,train,True
668288030,723.15,15,16:16:58,False,,False,True,723.23,34,1,112,671204280,train,True
668288031,723.22,15,16:16:59,False,,False,True,723.23,35,1,112,671204280,train,True
668288032,723.13,15,16:17:00,False,,False,True,723.23,36,1,112,671204280,train,True
668288033,723.15,15,16:17:01,False,,False,True,723.23,37,1,112,671204280,train,True
668288034,723.13,15,16:17:02,False,,False,True,723.23,38,1,112,671204280,train,True
668288035,723.13,15,16:17:03,False,,False,True,723.23,39,1,112,671204280,train,True
668288036,723.11,15,16:17:04,False,,False,True,723.23,40,1,112,671204280,train,True
668288037,723.2,15,16:17:05,False,,False,True,723.23,41,1,112,671204280,train,True
668288038,723.13,15,16:17:06,False,,False,True,723.23,42,1,112,671204280,train,True
668288039,723.11,15,16:17:07,False,,False,True,723.23,43,1,112,671204280,train,True
668288040,723.07,15,16:17:08,False,,False,True,723.23,44,1,112,671204280,train,True
668288041,723.09,15,16:17:09,False,,False,True,723.23,45,1,112,671204280,train,True
668288042,723.22,15,16:17:10,False,,False,True,723.23,46,1,112,671204280,train,True
668288043,723.23,15,16:17:11,False,,False,True,723.23,47,1,112,671204280,train,True
668288044,723.16,15,16:17:12,False,,False,True,723.22,48,1,112,671204280,train,True
668288045,723.19,15,16:17:13,False,,False,True,723.22,49,1,112,671204280,train,True
668288046,723.14,15,16:17:14,False,,False,True,723.22,50,1,112,671204280,train,True
668288047,723.1,15,16:17:15,False,,False,True,723.22,51,1,112,671204280,train,True
668288048,723.21,15,16:17:16,False,,False,True,723.22,52,1,112,671204280,train,True
668288049,723.1,15,16:17:17,False,,False,True,723.22,53,1,112,671204280,train,True
668288050,723.1,15,16:17:17,False,,False,True,723.22,54,1,112,671204280,train,True
668288051,723.15,15,16:17:18,False,,False,True,723.22,55,1,112,671204280,train,True
668288052,723.17,15,16:17:19,False,,False,True,723.22,56,1,112,671204280,train,True
668288053,723.17,15,16:17:20,False,,False,True,723.22,57,1,112,671204280,train,True
668288054,723.08,15,16:17:21,False,,False,True,723.22,58,1,112,671204280,train,True
668287995,723.17,15,16:16:24,False,,False,False,723.25,6,0,113,671213291,train,True
668287996,723.16,15,16:16:25,False,,False,False,723.25,5,0,113,671213291,train,True
668287997,723.19,15,16:16:26,False,,False,False,723.25,5,1,113,671213291,train,True
668287998,723.06,15,16:16:27,False,,False,False,723.25,5,1,113,671213291,train,True
668287999,723.07,15,16:16:28,False,,False,False,723.25,5,1,113,671213291,train,True
668288000,723.08,15,16:16:29,False,,False,False,723.25,6,1,113,671213291,train,True
668288001,723.17,15,16:16:30,False,,False,False,723.25,7,1,113,671213291,train,True
668288002,723.17,15,16:16:31,False,,False,False,723.25,8,1,113,671213291,train,True
668288003,723.17,15,16:16:32,False,,False,False,723.25,8,1,113,671213291,train,True
668288004,723.15,15,16:16:33,False,,False,False,723.25,9,1,113,671213291,train,True
668288005,723.22,15,16:16:34,False,,False,False,723.25,10,1,113,671213291,train,True
668288006,723.17,15,16:16:35,False,,False,False,723.25,11,1,113,671213291,train,True
668288007,723.15,15,16:16:36,False,,False,False,723.25,11,1,113,671213291,train,True
668288008,723.18,15,16:16:37,False,,False,False,723.25,12,1,113,671213291,train,True
668288009,723.14,15,16:16:38,False,,False,False,723.24,13,1,113,671213291,train,True
668288010,723.11,15,16:16:39,False,,False,False,723.24,14,1,113,671213291,train,True
668288011,723.2,15,16:16:40,False,,False,False,723.24,15,1,113,671213291,train,True
668288012,723.17,15,16:16:40,False,,False,False,723.24,16,1,113,671213291,train,True
668288013,723.16,15,16:16:41,False,,False,False,723.24,17,1,113,671213291,train,True
668288014,723.18,15,16:16:42,False,,False,False,723.24,18,1,113,671213291,train,True
668288015,723.23,15,16:16:43,False,,False,False,723.24,19,1,113,671213291,train,True
668288016,723.18,15,16:16:44,False,,False,False,723.24,20,1,113,671213291,train,True
668288017,723.21,15,16:16:45,False,,False,False,723.24,21,1,113,671213291,train,True
668288018,723.2,15,16:16:46,False,,False,False,723.24,22,1,113,671213291,train,True
668288019,723.18,15,16:16:47,False,,False,False,723.24,23,1,113,671213291,train,True
668288020,723.2,15,16:16:48,False,,False,False,723.24,24,1,113,671213291,train,True
668288021,723.19,15,16:16:49,False,,False,False,723.24,25,1,113,671213291,train,True
668288022,723.18,15,16:16:50,False,,False,False,723.24,26,1,113,671213291,train,True
668288023,723.23,15,16:16:51,False,,False,True,723.24,27,1,113,671213291,train,True
668288024,723.12,15,16:16:52,False,,False,True,723.24,28,1,113,671213291,train,True
668288025,723.21,15,16:16:53,False,,False,True,723.24,29,1,113,671213291,train,True
668288026,723.17,15,16:16:54,False,,False,True,723.24,30,1,113,671213291,train,True
668288027,723.13,15,16:16:55,False,,False,True,723.24,31,1,113,671213291,train,True
668288028,723.19,15,16:16:56,False,,False,True,723.24,32,1,113,671213291,train,True
668288029,723.17,15,16:16:57,False,,False,True,723.23,33,1,113,671213291,train,True
668288030,723.15,15,16:16:58,False,,False,True,723.23,34,1,113,671213291,train,True
668288031,723.22,15,16:16:59,False,,False,True,723.23,35,1,113,671213291,train,True
668288032,723.13,15,16:17:00,False,,False,True,723.23,36,1,113,671213291,train,True
668288033,723.15,15,16:17:01,False,,False,True,723.23,37,1,113,671213291,train,True
668288034,723.13,15,16:17:02,False,,False,True,723.23,38,1,113,671213291,train,True
668288035,723.13,15,16:17:03,False,,False,True,723.23,39,1,113,671213291,train,True
668288036,723.11,15,16:17:04,False,,False,True,723.23,40,1,113,671213291,train,True
668288037,723.2,15,16:17:05,False,,False,True,723.23,41,1,113,671213291,train,True
668288038,723.13,15,16:17:06,False,,False,True,723.23,42,1,113,671213291,train,True
668288039,723.11,15,16:17:07,False,,False,True,723.23,43,1,113,671213291,train,True
668288040,723.07,15,16:17:08,False,,False,True,723.23,44,1,113,671213291,train,True
668288041,723.09,15,16:17:09,False,,False,True,723.23,45,1,113,671213291,train,True
668288042,723.22,15,16:17:10,False,,False,True,723.23,46,1,113,671213291,train,True
668288043,723.23,15,16:17:11,False,,False,True,723.23,47,1,113,671213291,train,True
668288044,723.16,15,16:17:12,False,,False,True,723.22,48,1,113,671213291,train,True
668288045,723.19,15,16:17:13,False,,False,True,723.22,49,1,113,671213291,train,True
668288046,723.14,15,16:17:14,False,,False,True,723.22,50,1,113,671213291,train,True
668288047,723.1,15,16:17:15,False,,False,True,723.22,51,1,113,671213291,train,True
668288048,723.21,15,16:17:16,False,,False,True,723.22,52,1,113,671213291,train,True
668288049,723.1,15,16:17:17,False,,False,True,723.22,53,1,113,671213291,train,True
668288050,723.1,15,16:17:17,False,,False,True,723.22,54,1,113,671213291,train,True
668288051,723.15,15,16:17:18,False,,False,True,723.22,55,1,113,671213291,train,True
668288052,723.17,15,16:17:19,False,,False,True,723.22,56,1,113,671213291,train,True
668288053,723.17,15,16:17:20,False,,False,True,723.22,57,1,113,671213291,train,True
668288054,723.08,15,16:17:21,False,,False,True,723.22,58,1,113,671213291,train,True
668287995,723.17,15,16:16:24,False,,False,False,723.25,6,0,114,671214052,train,True
668287996,723.16,15,16:16:25,False,,False,False,723.25,5,0,114,671214052,train,True
668287997,723.19,15,16:16:26,False,,False,False,723.25,5,1,114,671214052,train,True
668287998,723.06,15,16:16:27,False,,False,False,723.25,5,1,114,671214052,train,True
668287999,723.07,15,16:16:28,False,,False,False,723.25,5,1,114,671214052,train,True
668288000,723.08,15,16:16:29,False,,False,False,723.25,6,1,114,671214052,train,True
668288001,723.17,15,16:16:30,False,,False,False,723.25,7,1,114,671214052,train,True
668288002,723.17,15,16:16:31,False,,False,False,723.25,8,1,114,671214052,train,True
668288003,723.17,15,16:16:32,False,,False,False,723.25,8,1,114,671214052,train,True
668288004,723.15,15,16:16:33,False,,False,False,723.25,9,1,114,671214052,train,True
668288005,723.22,15,16:16:34,False,,False,False,723.25,10,1,114,671214052,train,True
668288006,723.17,15,16:16:35,False,,False,False,723.25,11,1,114,671214052,train,True
668288007,723.15,15,16:16:36,False,,False,False,723.25,11,1,114,671214052,train,True
668288008,723.18,15,16:16:37,False,,False,False,723.25,12,1,114,671214052,train,True
668288009,723.14,15,16:16:38,False,,False,False,723.24,13,1,114,671214052,train,True
668288010,723.11,15,16:16:39,False,,False,False,723.24,14,1,114,671214052,train,True
668288011,723.2,15,16:16:40,False,,False,False,723.24,15,1,114,671214052,train,True
668288012,723.17,15,16:16:40,False,,False,False,723.24,16,1,114,671214052,train,True
668288013,723.16,15,16:16:41,False,,False,False,723.24,17,1,114,671214052,train,True
668288014,723.18,15,16:16:42,False,,False,False,723.24,18,1,114,671214052,train,True
668288015,723.23,15,16:16:43,False,,False,False,723.24,19,1,114,671214052,train,True
668288016,723.18,15,16:16:44,False,,False,False,723.24,20,1,114,671214052,train,True
668288017,723.21,15,16:16:45,False,,False,False,723.24,21,1,114,671214052,train,True
668288018,723.2,15,16:16:46,False,,False,False,723.24,22,1,114,671214052,train,True
668288019,723.18,15,16:16:47,False,,False,False,723.24,23,1,114,671214052,train,True
668288020,723.2,15,16:16:48,False,,False,False,723.24,24,1,114,671214052,train,True
668288021,723.19,15,16:16:49,False,,False,False,723.24,25,1,114,671214052,train,True
668288022,723.18,15,16:16:50,False,,False,False,723.24,26,1,114,671214052,train,True
668288023,723.23,15,16:16:51,False,,False,True,723.24,27,1,114,671214052,train,True
668288024,723.12,15,16:16:52,False,,False,True,723.24,28,1,114,671214052,train,True
668288025,723.21,15,16:16:53,False,,False,True,723.24,29,1,114,671214052,train,True
668288026,723.17,15,16:16:54,False,,False,True,723.24,30,1,114,671214052,train,True
668288027,723.13,15,16:16:55,False,,False,True,723.24,31,1,114,671214052,train,True
668288028,723.19,15,16:16:56,False,,False,True,723.24,32,1,114,671214052,train,True
668288029,723.17,15,16:16:57,False,,False,True,723.23,33,1,114,671214052,train,True
668288030,723.15,15,16:16:58,False,,False,True,723.23,34,1,114,671214052,train,True
668288031,723.22,15,16:16:59,False,,False,True,723.23,35,1,114,671214052,train,True
668288032,723.13,15,16:17:00,False,,False,True,723.23,36,1,114,671214052,train,True
668288033,723.15,15,16:17:01,False,,False,True,723.23,37,1,114,671214052,train,True
668288034,723.13,15,16:17:02,False,,False,True,723.23,38,1,114,671214052,train,True
668288035,723.13,15,16:17:03,False,,False,True,723.23,39,1,114,671214052,train,True
668288036,723.11,15,16:17:04,False,,False,True,723.23,40,1,114,671214052,train,True
668288037,723.2,15,16:17:05,False,,False,True,723.23,41,1,114,671214052,train,True
668288038,723.13,15,16:17:06,False,,False,True,723.23,42,1,114,671214052,train,True
668288039,723.11,15,16:17:07,False,,False,True,723.23,43,1,114,671214052,train,True
668288040,723.07,15,16:17:08,False,,False,True,723.23,44,1,114,671214052,train,True
668288041,723.09,15,16:17:09,False,,False,True,723.23,45,1,114,671214052,train,True
668288042,723.22,15,16:17:10,False,,False,True,723.23,46,1,114,671214052,train,True
668288043,723.23,15,16:17:11,False,,False,True,723.23,47,1,114,671214052,train,True
668288044,723.16,15,16:17:12,False,,False,True,723.22,48,1,114,671214052,train,True
668288045,723.19,15,16:17:13,False,,False,True,723.22,49,1,114,671214052,train,True
668288046,723.14,15,16:17:14,False,,False,True,723.22,50,1,114,671214052,train,True
668288047,723.1,15,16:17:15,False,,False,True,723.22,51,1,114,671214052,train,True
668288048,723.21,15,16:17:16,False,,False,True,723.22,52,1,114,671214052,train,True
668288049,723.1,15,16:17:17,False,,False,True,723.22,53,1,114,671214052,train,True
668288050,723.1,15,16:17:17,False,,False,True,723.22,54,1,114,671214052,train,True
668288051,723.15,15,16:17:18,False,,False,True,723.22,55,1,114,671214052,train,True
668288052,723.17,15,16:17:19,False,,False,True,723.22,56,1,114,671214052,train,True
668288053,723.17,15,16:17:20,False,,False,True,723.22,57,1,114,671214052,train,True
668288054,723.08,15,16:17:21,False,,False,True,723.22,58,1,114,671214052,train,True
668287995,723.17,15,16:16:24,False,,False,False,723.25,6,0,115,671224977,train,True
668287996,723.16,15,16:16:25,False,,False,False,723.25,5,0,115,671224977,train,True
668287997,723.19,15,16:16:26,False,,False,False,723.25,5,1,115,671224977,train,True
668287998,723.06,15,16:16:27,False,,False,False,723.25,5,1,115,671224977,train,True
668287999,723.07,15,16:16:28,False,,False,False,723.25,5,1,115,671224977,train,True
668288000,723.08,15,16:16:29,False,,False,False,723.25,6,1,115,671224977,train,True
668288001,723.17,15,16:16:30,False,,False,False,723.25,7,1,115,671224977,train,True
668288002,723.17,15,16:16:31,False,,False,False,723.25,8,1,115,671224977,train,True
668288003,723.17,15,16:16:32,False,,False,False,723.25,8,1,115,671224977,train,True
668288004,723.15,15,16:16:33,False,,False,False,723.25,9,1,115,671224977,train,True
668288005,723.22,15,16:16:34,False,,False,False,723.25,10,1,115,671224977,train,True
668288006,723.17,15,16:16:35,False,,False,False,723.25,11,1,115,671224977,train,True
668288007,723.15,15,16:16:36,False,,False,False,723.25,11,1,115,671224977,train,True
668288008,723.18,15,16:16:37,False,,False,False,723.25,12,1,115,671224977,train,True
668288009,723.14,15,16:16:38,False,,False,False,723.24,13,1,115,671224977,train,True
668288010,723.11,15,16:16:39,False,,False,False,723.24,14,1,115,671224977,train,True
668288011,723.2,15,16:16:40,False,,False,False,723.24,15,1,115,671224977,train,True
668288012,723.17,15,16:16:40,False,,False,False,723.24,16,1,115,671224977,train,True
668288013,723.16,15,16:16:41,False,,False,False,723.24,17,1,115,671224977,train,True
668288014,723.18,15,16:16:42,False,,False,False,723.24,18,1,115,671224977,train,True
668288015,723.23,15,16:16:43,False,,False,False,723.24,19,1,115,671224977,train,True
668288016,723.18,15,16:16:44,False,,False,False,723.24,20,1,115,671224977,train,True
668288017,723.21,15,16:16:45,False,,False,False,723.24,21,1,115,671224977,train,True
668288018,723.2,15,16:16:46,False,,False,False,723.24,22,1,115,671224977,train,True
668288019,723.18,15,16:16:47,False,,False,False,723.24,23,1,115,671224977,train,True
668288020,723.2,15,16:16:48,False,,False,False,723.24,24,1,115,671224977,train,True
668288021,723.19,15,16:16:49,False,,False,False,723.24,25,1,115,671224977,train,True
668288022,723.18,15,16:16:50,False,,False,False,723.24,26,1,115,671224977,train,True
668288023,723.23,15,16:16:51,False,,False,True,723.24,27,1,115,671224977,train,True
668288024,723.12,15,16:16:52,False,,False,True,723.24,28,1,115,671224977,train,True
668288025,723.21,15,16:16:53,False,,False,True,723.24,29,1,115,671224977,train,True
668288026,723.17,15,16:16:54,False,,False,True,723.24,30,1,115,671224977,train,True
668288027,723.13,15,16:16:55,False,,False,True,723.24,31,1,115,671224977,train,True
668288028,723.19,15,16:16:56,False,,False,True,723.24,32,1,115,671224977,train,True
668288029,723.17,15,16:16:57,False,,False,True,723.23,33,1,115,671224977,train,True
668288030,723.15,15,16:16:58,False,,False,True,723.23,34,1,115,671224977,train,True
668288031,723.22,15,16:16:59,False,,False,True,723.23,35,1,115,671224977,train,True
668288032,723.13,15,16:17:00,False,,False,True,723.23,36,1,115,671224977,train,True
668288033,723.15,15,16:17:01,False,,False,True,723.23,37,1,115,671224977,train,True
668288034,723.13,15,16:17:02,False,,False,True,723.23,38,1,115,671224977,train,True
668288035,723.13,15,16:17:03,False,,False,True,723.23,39,1,115,671224977,train,True
668288036,723.11,15,16:17:04,False,,False,True,723.23,40,1,115,671224977,train,True
668288037,723.2,15,16:17:05,False,,False,True,723.23,41,1,115,671224977,train,True
668288038,723.13,15,16:17:06,False,,False,True,723.23,42,1,115,671224977,train,True
668288039,723.11,15,16:17:07,False,,False,True,723.23,43,1,115,671224977,train,True
668288040,723.07,15,16:17:08,False,,False,True,723.23,44,1,115,671224977,train,True
668288041,723.09,15,16:17:09,False,,False,True,723.23,45,1,115,671224977,train,True
668288042,723.22,15,16:17:10,False,,False,True,723.23,46,1,115,671224977,train,True
668288043,723.23,15,16:17:11,False,,False,True,723.23,47,1,115,671224977,train,True
668288044,723.16,15,16:17:12,False,,False,True,723.22,48,1,115,671224977,train,True
668288045,723.19,15,16:17:13,False,,False,True,723.22,49,1,115,671224977,train,True
668288046,723.14,15,16:17:14,False,,False,True,723.22,50,1,115,671224977,train,True
668288047,723.1,15,16:17:15,False,,False,True,723.22,51,1,115,671224977,train,True
668288048,723.21,15,16:17:16,False,,False,True,723.22,52,1,115,671224977,train,True
668288049,723.1,15,16:17:17,False,,False,True,723.22,53,1,115,671224977,train,True
668288050,723.1,15,16:17:17,False,,False,True,723.22,54,1,115,671224977,train,True
668288051,723.15,15,16:17:18,False,,False,True,723.22,55,1,115,671224977,train,True
668288052,723.17,15,16:17:19,False,,False,True,723.22,56,1,115,671224977,train,True
668288053,723.17,15,16:17:20,False,,False,True,723.22,57,1,115,671224977,train,True
668288054,723.08,15,16:17:21,False,,False,True,723.22,58,1,115,671224977,train,True
668287995,723.17,15,16:16:24,False,,False,False,723.25,6,0,116,671291649,train,True
668287996,723.16,15,16:16:25,False,,False,False,723.25,5,0,116,671291649,train,True
668287997,723.19,15,16:16:26,False,,False,False,723.25,5,1,116,671291649,train,True
668287998,723.06,15,16:16:27,False,,False,False,723.25,5,1,116,671291649,train,True
668287999,723.07,15,16:16:28,False,,False,False,723.25,5,1,116,671291649,train,True
668288000,723.08,15,16:16:29,False,,False,False,723.25,6,1,116,671291649,train,True
668288001,723.17,15,16:16:30,False,,False,False,723.25,7,1,116,671291649,train,True
668288002,723.17,15,16:16:31,False,,False,False,723.25,8,1,116,671291649,train,True
668288003,723.17,15,16:16:32,False,,False,False,723.25,8,1,116,671291649,train,True
668288004,723.15,15,16:16:33,False,,False,False,723.25,9,1,116,671291649,train,True
668288005,723.22,15,16:16:34,False,,False,False,723.25,10,1,116,671291649,train,True
668288006,723.17,15,16:16:35,False,,False,False,723.25,11,1,116,671291649,train,True
668288007,723.15,15,16:16:36,False,,False,False,723.25,11,1,116,671291649,train,True
668288008,723.18,15,16:16:37,False,,False,False,723.25,12,1,116,671291649,train,True
668288009,723.14,15,16:16:38,False,,False,False,723.24,13,1,116,671291649,train,True
668288010,723.11,15,16:16:39,False,,False,False,723.24,14,1,116,671291649,train,True
668288011,723.2,15,16:16:40,False,,False,False,723.24,15,1,116,671291649,train,True
668288012,723.17,15,16:16:40,False,,False,False,723.24,16,1,116,671291649,train,True
668288013,723.16,15,16:16:41,False,,False,False,723.24,17,1,116,671291649,train,True
668288014,723.18,15,16:16:42,False,,False,False,723.24,18,1,116,671291649,train,True
668288015,723.23,15,16:16:43,False,,False,False,723.24,19,1,116,671291649,train,True
668288016,723.18,15,16:16:44,False,,False,False,723.24,20,1,116,671291649,train,True
668288017,723.21,15,16:16:45,False,,False,False,723.24,21,1,116,671291649,train,True
668288018,723.2,15,16:16:46,False,,False,False,723.24,22,1,116,671291649,train,True
668288019,723.18,15,16:16:47,False,,False,False,723.24,23,1,116,671291649,train,True
668288020,723.2,15,16:16:48,False,,False,False,723.24,24,1,116,671291649,train,True
668288021,723.19,15,16:16:49,False,,False,False,723.24,25,1,116,671291649,train,True
668288022,723.18,15,16:16:50,False,,False,False,723.24,26,1,116,671291649,train,True
668288023,723.23,15,16:16:51,False,,False,True,723.24,27,1,116,671291649,train,True
668288024,723.12,15,16:16:52,False,,False,True,723.24,28,1,116,671291649,train,True
668288025,723.21,15,16:16:53,False,,False,True,723.24,29,1,116,671291649,train,True
668288026,723.17,15,16:16:54,False,,False,True,723.24,30,1,116,671291649,train,True
668288027,723.13,15,16:16:55,False,,False,True,723.24,31,1,116,671291649,train,True
668288028,723.19,15,16:16:56,False,,False,True,723.24,32,1,116,671291649,train,True
668288029,723.17,15,16:16:57,False,,False,True,723.23,33,1,116,671291649,train,True
668288030,723.15,15,16:16:58,False,,False,True,723.23,34,1,116,671291649,train,True
668288031,723.22,15,16:16:59,False,,False,True,723.23,35,1,116,671291649,train,True
668288032,723.13,15,16:17:00,False,,False,True,723.23,36,1,116,671291649,train,True
668288033,723.15,15,16:17:01,False,,False,True,723.23,37,1,116,671291649,train,True
668288034,723.13,15,16:17:02,False,,False,True,723.23,38,1,116,671291649,train,True
668288035,723.13,15,16:17:03,False,,False,True,723.23,39,1,116,671291649,train,True
668288036,723.11,15,16:17:04,False,,False,True,723.23,40,1,116,671291649,train,True
668288037,723.2,15,16:17:05,False,,False,True,723.23,41,1,116,671291649,train,True
668288038,723.13,15,16:17:06,False,,False,True,723.23,42,1,116,671291649,train,True
668288039,723.11,15,16:17:07,False,,False,True,723.23,43,1,116,671291649,train,True
668288040,723.07,15,16:17:08,False,,False,True,723.23,44,1,116,671291649,train,True
668288041,723.09,15,16:17:09,False,,False,True,723.23,45,1,116,671291649,train,True
668288042,723.22,15,16:17:10,False,,False,True,723.23,46,1,116,671291649,train,True
668288043,723.23,15,16:17:11,False,,False,True,723.23,47,1,116,671291649,train,True
668288044,723.16,15,16:17:12,False,,False,True,723.22,48,1,116,671291649,train,True
668288045,723.19,15,16:17:13,False,,False,True,723.22,49,1,116,671291649,train,True
668288046,723.14,15,16:17:14,False,,False,True,723.22,50,1,116,671291649,train,True
668288047,723.1,15,16:17:15,False,,False,True,723.22,51,1,116,671291649,train,True
668288048,723.21,15,16:17:16,False,,False,True,723.22,52,1,116,671291649,train,True
668288049,723.1,15,16:17:17,False,,False,True,723.22,53,1,116,671291649,train,True
668288050,723.1,15,16:17:17,False,,False,True,723.22,54,1,116,671291649,train,True
668288051,723.15,15,16:17:18,False,,False,True,723.22,55,1,116,671291649,train,True
668288052,723.17,15,16:17:19,False,,False,True,723.22,56,1,116,671291649,train,True
668288053,723.17,15,16:17:20,False,,False,True,723.22,57,1,116,671291649,train,True
668288054,723.08,15,16:17:21,False,,False,True,723.22,58,1,116,671291649,train,True
668287995,723.17,15,16:16:24,False,,False,False,723.25,6,0,117,671294608,train,True
668287996,723.16,15,16:16:25,False,,False,False,723.25,5,0,117,671294608,train,True
668287997,723.19,15,16:16:26,False,,False,False,723.25,5,1,117,671294608,train,True
668287998,723.06,15,16:16:27,False,,False,False,723.25,5,1,117,671294608,train,True
668287999,723.07,15,16:16:28,False,,False,False,723.25,5,1,117,671294608,train,True
668288000,723.08,15,16:16:29,False,,False,False,723.25,6,1,117,671294608,train,True
668288001,723.17,15,16:16:30,False,,False,False,723.25,7,1,117,671294608,train,True
668288002,723.17,15,16:16:31,False,,False,False,723.25,8,1,117,671294608,train,True
668288003,723.17,15,16:16:32,False,,False,False,723.25,8,1,117,671294608,train,True
668288004,723.15,15,16:16:33,False,,False,False,723.25,9,1,117,671294608,train,True
668288005,723.22,15,16:16:34,False,,False,False,723.25,10,1,117,671294608,train,True
668288006,723.17,15,16:16:35,False,,False,False,723.25,11,1,117,671294608,train,True
668288007,723.15,15,16:16:36,False,,False,False,723.25,11,1,117,671294608,train,True
668288008,723.18,15,16:16:37,False,,False,False,723.25,12,1,117,671294608,train,True
668288009,723.14,15,16:16:38,False,,False,False,723.24,13,1,117,671294608,train,True
668288010,723.11,15,16:16:39,False,,False,False,723.24,14,1,117,671294608,train,True
668288011,723.2,15,16:16:40,False,,False,False,723.24,15,1,117,671294608,train,True
668288012,723.17,15,16:16:40,False,,False,False,723.24,16,1,117,671294608,train,True
668288013,723.16,15,16:16:41,False,,False,False,723.24,17,1,117,671294608,train,True
668288014,723.18,15,16:16:42,False,,False,False,723.24,18,1,117,671294608,train,True
668288015,723.23,15,16:16:43,False,,False,False,723.24,19,1,117,671294608,train,True
668288016,723.18,15,16:16:44,False,,False,False,723.24,20,1,117,671294608,train,True
668288017,723.21,15,16:16:45,False,,False,False,723.24,21,1,117,671294608,train,True
668288018,723.2,15,16:16:46,False,,False,False,723.24,22,1,117,671294608,train,True
668288019,723.18,15,16:16:47,False,,False,False,723.24,23,1,117,671294608,train,True
668288020,723.2,15,16:16:48,False,,False,False,723.24,24,1,117,671294608,train,True
668288021,723.19,15,16:16:49,False,,False,False,723.24,25,1,117,671294608,train,True
668288022,723.18,15,16:16:50,False,,False,False,723.24,26,1,117,671294608,train,True
668288023,723.23,15,16:16:51,False,,False,True,723.24,27,1,117,671294608,train,True
668288024,723.12,15,16:16:52,False,,False,True,723.24,28,1,117,671294608,train,True
668288025,723.21,15,16:16:53,False,,False,True,723.24,29,1,117,671294608,train,True
668288026,723.17,15,16:16:54,False,,False,True,723.24,30,1,117,671294608,train,True
668288027,723.13,15,16:16:55,False,,False,True,723.24,31,1,117,671294608,train,True
668288028,723.19,15,16:16:56,False,,False,True,723.24,32,1,117,671294608,train,True
668288029,723.17,15,16:16:57,False,,False,True,723.23,33,1,117,671294608,train,True
668288030,723.15,15,16:16:58,False,,False,True,723.23,34,1,117,671294608,train,True
668288031,723.22,15,16:16:59,False,,False,True,723.23,35,1,117,671294608,train,True
668288032,723.13,15,16:17:00,False,,False,True,723.23,36,1,117,671294608,train,True
668288033,723.15,15,16:17:01,False,,False,True,723.23,37,1,117,671294608,train,True
668288034,723.13,15,16:17:02,False,,False,True,723.23,38,1,117,671294608,train,True
668288035,723.13,15,16:17:03,False,,False,True,723.23,39,1,117,671294608,train,True
668288036,723.11,15,16:17:04,False,,False,True,723.23,40,1,117,671294608,train,True
668288037,723.2,15,16:17:05,False,,False,True,723.23,41,1,117,671294608,train,True
668288038,723.13,15,16:17:06,False,,False,True,723.23,42,1,117,671294608,train,True
668288039,723.11,15,16:17:07,False,,False,True,723.23,43,1,117,671294608,train,True
668288040,723.07,15,16:17:08,False,,False,True,723.23,44,1,117,671294608,train,True
668288041,723.09,15,16:17:09,False,,False,True,723.23,45,1,117,671294608,train,True
668288042,723.22,15,16:17:10,False,,False,True,723.23,46,1,117,671294608,train,True
668288043,723.23,15,16:17:11,False,,False,True,723.23,47,1,117,671294608,train,True
668288044,723.16,15,16:17:12,False,,False,True,723.22,48,1,117,671294608,train,True
668288045,723.19,15,16:17:13,False,,False,True,723.22,49,1,117,671294608,train,True
668288046,723.14,15,16:17:14,False,,False,True,723.22,50,1,117,671294608,train,True
668288047,723.1,15,16:17:15,False,,False,True,723.22,51,1,117,671294608,train,True
668288048,723.21,15,16:17:16,False,,False,True,723.22,52,1,117,671294608,train,True
668288049,723.1,15,16:17:17,False,,False,True,723.22,53,1,117,671294608,train,True
668288050,723.1,15,16:17:17,False,,False,True,723.22,54,1,117,671294608,train,True
668288051,723.15,15,16:17:18,False,,False,True,723.22,55,1,117,671294608,train,True
668288052,723.17,15,16:17:19,False,,False,True,723.22,56,1,117,671294608,train,True
668288053,723.17,15,16:17:20,False,,False,True,723.22,57,1,117,671294608,train,True
668288054,723.08,15,16:17:21,False,,False,True,723.22,58,1,117,671294608,train,True
668287995,723.17,15,16:16:24,False,,False,False,723.25,6,0,118,671302478,train,True
668287996,723.16,15,16:16:25,False,,False,False,723.25,5,0,118,671302478,train,True
668287997,723.19,15,16:16:26,False,,False,False,723.25,5,1,118,671302478,train,True
668287998,723.06,15,16:16:27,False,,False,False,723.25,5,1,118,671302478,train,True
668287999,723.07,15,16:16:28,False,,False,False,723.25,5,1,118,671302478,train,True
668288000,723.08,15,16:16:29,False,,False,False,723.25,6,1,118,671302478,train,True
668288001,723.17,15,16:16:30,False,,False,False,723.25,7,1,118,671302478,train,True
668288002,723.17,15,16:16:31,False,,False,False,723.25,8,1,118,671302478,train,True
668288003,723.17,15,16:16:32,False,,False,False,723.25,8,1,118,671302478,train,True
668288004,723.15,15,16:16:33,False,,False,False,723.25,9,1,118,671302478,train,True
668288005,723.22,15,16:16:34,False,,False,False,723.25,10,1,118,671302478,train,True
668288006,723.17,15,16:16:35,False,,False,False,723.25,11,1,118,671302478,train,True
668288007,723.15,15,16:16:36,False,,False,False,723.25,11,1,118,671302478,train,True
668288008,723.18,15,16:16:37,False,,False,False,723.25,12,1,118,671302478,train,True
668288009,723.14,15,16:16:38,False,,False,False,723.24,13,1,118,671302478,train,True
668288010,723.11,15,16:16:39,False,,False,False,723.24,14,1,118,671302478,train,True
668288011,723.2,15,16:16:40,False,,False,False,723.24,15,1,118,671302478,train,True
668288012,723.17,15,16:16:40,False,,False,False,723.24,16,1,118,671302478,train,True
668288013,723.16,15,16:16:41,False,,False,False,723.24,17,1,118,671302478,train,True
668288014,723.18,15,16:16:42,False,,False,False,723.24,18,1,118,671302478,train,True
668288015,723.23,15,16:16:43,False,,False,False,723.24,19,1,118,671302478,train,True
668288016,723.18,15,16:16:44,False,,False,False,723.24,20,1,118,671302478,train,True
668288017,723.21,15,16:16:45,False,,False,False,723.24,21,1,118,671302478,train,True
668288018,723.2,15,16:16:46,False,,False,False,723.24,22,1,118,671302478,train,True
668288019,723.18,15,16:16:47,False,,False,False,723.24,23,1,118,671302478,train,True
668288020,723.2,15,16:16:48,False,,False,False,723.24,24,1,118,671302478,train,True
668288021,723.19,15,16:16:49,False,,False,False,723.24,25,1,118,671302478,train,True
668288022,723.18,15,16:16:50,False,,False,False,723.24,26,1,118,671302478,train,True
668288023,723.23,15,16:16:51,False,,False,True,723.24,27,1,118,671302478,train,True
668288024,723.12,15,16:16:52,False,,False,True,723.24,28,1,118,671302478,train,True
668288025,723.21,15,16:16:53,False,,False,True,723.24,29,1,118,671302478,train,True
668288026,723.17,15,16:16:54,False,,False,True,723.24,30,1,118,671302478,train,True
668288027,723.13,15,16:16:55,False,,False,True,723.24,31,1,118,671302478,train,True
668288028,723.19,15,16:16:56,False,,False,True,723.24,32,1,118,671302478,train,True
668288029,723.17,15,16:16:57,False,,False,True,723.23,33,1,118,671302478,train,True
668288030,723.15,15,16:16:58,False,,False,True,723.23,34,1,118,671302478,train,True
668288031,723.22,15,16:16:59,False,,False,True,723.23,35,1,118,671302478,train,True
668288032,723.13,15,16:17:00,False,,False,True,723.23,36,1,118,671302478,train,True
668288033,723.15,15,16:17:01,False,,False,True,723.23,37,1,118,671302478,train,True
668288034,723.13,15,16:17:02,False,,False,True,723.23,38,1,118,671302478,train,True
668288035,723.13,15,16:17:03,False,,False,True,723.23,39,1,118,671302478,train,True
668288036,723.11,15,16:17:04,False,,False,True,723.23,40,1,118,671302478,train,True
668288037,723.2,15,16:17:05,False,,False,True,723.23,41,1,118,671302478,train,True
668288038,723.13,15,16:17:06,False,,False,True,723.23,42,1,118,671302478,train,True
668288039,723.11,15,16:17:07,False,,False,True,723.23,43,1,118,671302478,train,True
668288040,723.07,15,16:17:08,False,,False,True,723.23,44,1,118,671302478,train,True
668288041,723.09,15,16:17:09,False,,False,True,723.23,45,1,118,671302478,train,True
668288042,723.22,15,16:17:10,False,,False,True,723.23,46,1,118,671302478,train,True
668288043,723.23,15,16:17:11,False,,False,True,723.23,47,1,118,671302478,train,True
668288044,723.16,15,16:17:12,False,,False,True,723.22,48,1,118,671302478,train,True
668288045,723.19,15,16:17:13,False,,False,True,723.22,49,1,118,671302478,train,True
668288046,723.14,15,16:17:14,False,,False,True,723.22,50,1,118,671302478,train,True
668288047,723.1,15,16:17:15,False,,False,True,723.22,51,1,118,671302478,train,True
668288048,723.21,15,16:17:16,False,,False,True,723.22,52,1,118,671302478,train,True
668288049,723.1,15,16:17:17,False,,False,True,723.22,53,1,118,671302478,train,True
668288050,723.1,15,16:17:17,False,,False,True,723.22,54,1,118,671302478,train,True
668288051,723.15,15,16:17:18,False,,False,True,723.22,55,1,118,671302478,train,True
668288052,723.17,15,16:17:19,False,,False,True,723.22,56,1,118,671302478,train,True
668288053,723.17,15,16:17:20,False,,False,True,723.22,57,1,118,671302478,train,True
668288054,723.08,15,16:17:21,False,,False,True,723.22,58,1,118,671302478,train,True
668287995,723.17,15,16:16:24,False,,False,False,723.25,6,0,119,671302909,train,True
668287996,723.16,15,16:16:25,False,,False,False,723.25,5,0,119,671302909,train,True
668287997,723.19,15,16:16:26,False,,False,False,723.25,5,1,119,671302909,train,True
668287998,723.06,15,16:16:27,False,,False,False,723.25,5,1,119,671302909,train,True
668287999,723.07,15,16:16:28,False,,False,False,723.25,5,1,119,671302909,train,True
668288000,723.08,15,16:16:29,False,,False,False,723.25,6,1,119,671302909,train,True
668288001,723.17,15,16:16:30,False,,False,False,723.25,7,1,119,671302909,train,True
668288002,723.17,15,16:16:31,False,,False,False,723.25,8,1,119,671302909,train,True
668288003,723.17,15,16:16:32,False,,False,False,723.25,8,1,119,671302909,train,True
668288004,723.15,15,16:16:33,False,,False,False,723.25,9,1,119,671302909,train,True
668288005,723.22,15,16:16:34,False,,False,False,723.25,10,1,119,671302909,train,True
668288006,723.17,15,16:16:35,False,,False,False,723.25,11,1,119,671302909,train,True
668288007,723.15,15,16:16:36,False,,False,False,723.25,11,1,119,671302909,train,True
668288008,723.18,15,16:16:37,False,,False,False,723.25,12,1,119,671302909,train,True
668288009,723.14,15,16:16:38,False,,False,False,723.24,13,1,119,671302909,train,True
668288010,723.11,15,16:16:39,False,,False,False,723.24,14,1,119,671302909,train,True
668288011,723.2,15,16:16:40,False,,False,False,723.24,15,1,119,671302909,train,True
668288012,723.17,15,16:16:40,False,,False,False,723.24,16,1,119,671302909,train,True
668288013,723.16,15,16:16:41,False,,False,False,723.24,17,1,119,671302909,train,True
668288014,723.18,15,16:16:42,False,,False,False,723.24,18,1,119,671302909,train,True
668288015,723.23,15,16:16:43,False,,False,False,723.24,19,1,119,671302909,train,True
668288016,723.18,15,16:16:44,False,,False,False,723.24,20,1,119,671302909,train,True
668288017,723.21,15,16:16:45,False,,False,False,723.24,21,1,119,671302909,train,True
668288018,723.2,15,16:16:46,False,,False,False,723.24,22,1,119,671302909,train,True
668288019,723.18,15,16:16:47,False,,False,False,723.24,23,1,119,671302909,train,True
668288020,723.2,15,16:16:48,False,,False,False,723.24,24,1,119,671302909,train,True
668288021,723.19,15,16:16:49,False,,False,False,723.24,25,1,119,671302909,train,True
668288022,723.18,15,16:16:50,False,,False,False,723.24,26,1,119,671302909,train,True
668288023,723.23,15,16:16:51,False,,False,True,723.24,27,1,119,671302909,train,True
668288024,723.12,15,16:16:52,False,,False,True,723.24,28,1,119,671302909,train,True
668288025,723.21,15,16:16:53,False,,False,True,723.24,29,1,119,671302909,train,True
668288026,723.17,15,16:16:54,False,,False,True,723.24,30,1,119,671302909,train,True
668288027,723.13,15,16:16:55,False,,False,True,723.24,31,1,119,671302909,train,True
668288028,723.19,15,16:16:56,False,,False,True,723.24,32,1,119,671302909,train,True
668288029,723.17,15,16:16:57,False,,False,True,723.23,33,1,119,671302909,train,True
668288030,723.15,15,16:16:58,False,,False,True,723.23,34,1,119,671302909,train,True
668288031,723.22,15,16:16:59,False,,False,True,723.23,35,1,119,671302909,train,True
668288032,723.13,15,16:17:00,False,,False,True,723.23,36,1,119,671302909,train,True
668288033,723.15,15,16:17:01,False,,False,True,723.23,37,1,119,671302909,train,True
668288034,723.13,15,16:17:02,False,,False,True,723.23,38,1,119,671302909,train,True
668288035,723.13,15,16:17:03,False,,False,True,723.23,39,1,119,671302909,train,True
668288036,723.11,15,16:17:04,False,,False,True,723.23,40,1,119,671302909,train,True
668288037,723.2,15,16:17:05,False,,False,True,723.23,41,1,119,671302909,train,True
668288038,723.13,15,16:17:06,False,,False,True,723.23,42,1,119,671302909,train,True
668288039,723.11,15,16:17:07,False,,False,True,723.23,43,1,119,671302909,train,True
668288040,723.07,15,16:17:08,False,,False,True,723.23,44,1,119,671302909,train,True
668288041,723.09,15,16:17:09,False,,False,True,723.23,45,1,119,671302909,train,True
668288042,723.22,15,16:17:10,False,,False,True,723.23,46,1,119,671302909,train,True
668288043,723.23,15,16:17:11,False,,False,True,723.23,47,1,119,671302909,train,True
668288044,723.16,15,16:17:12,False,,False,True,723.22,48,1,119,671302909,train,True
668288045,723.19,15,16:17:13,False,,False,True,723.22,49,1,119,671302909,train,True
668288046,723.14,15,16:17:14,False,,False,True,723.22,50,1,119,671302909,train,True
668288047,723.1,15,16:17:15,False,,False,True,723.22,51,1,119,671302909,train,True
668288048,723.21,15,16:17:16,False,,False,True,723.22,52,1,119,671302909,train,True
668288049,723.1,15,16:17:17,False,,False,True,723.22,53,1,119,671302909,train,True
668288050,723.1,15,16:17:17,False,,False,True,723.22,54,1,119,671302909,train,True
668288051,723.15,15,16:17:18,False,,False,True,723.22,55,1,119,671302909,train,True
668288052,723.17,15,16:17:19,False,,False,True,723.22,56,1,119,671302909,train,True
668288053,723.17,15,16:17:20,False,,False,True,723.22,57,1,119,671302909,train,True
668288054,723.08,15,16:17:21,False,,False,True,723.22,58,1,119,671302909,train,True
668287995,723.17,15,16:16:24,False,,False,False,723.25,6,0,120,671308300,train,True
668287996,723.16,15,16:16:25,False,,False,False,723.25,5,0,120,671308300,train,True
668287997,723.19,15,16:16:26,False,,False,False,723.25,5,1,120,671308300,train,True
668287998,723.06,15,16:16:27,False,,False,False,723.25,5,1,120,671308300,train,True
668287999,723.07,15,16:16:28,False,,False,False,723.25,5,1,120,671308300,train,True
668288000,723.08,15,16:16:29,False,,False,False,723.25,6,1,120,671308300,train,True
668288001,723.17,15,16:16:30,False,,False,False,723.25,7,1,120,671308300,train,True
668288002,723.17,15,16:16:31,False,,False,False,723.25,8,1,120,671308300,train,True
668288003,723.17,15,16:16:32,False,,False,False,723.25,8,1,120,671308300,train,True
668288004,723.15,15,16:16:33,False,,False,False,723.25,9,1,120,671308300,train,True
668288005,723.22,15,16:16:34,False,,False,False,723.25,10,1,120,671308300,train,True
668288006,723.17,15,16:16:35,False,,False,False,723.25,11,1,120,671308300,train,True
668288007,723.15,15,16:16:36,False,,False,False,723.25,11,1,120,671308300,train,True
668288008,723.18,15,16:16:37,False,,False,False,723.25,12,1,120,671308300,train,True
668288009,723.14,15,16:16:38,False,,False,False,723.24,13,1,120,671308300,train,True
668288010,723.11,15,16:16:39,False,,False,False,723.24,14,1,120,671308300,train,True
668288011,723.2,15,16:16:40,False,,False,False,723.24,15,1,120,671308300,train,True
668288012,723.17,15,16:16:40,False,,False,False,723.24,16,1,120,671308300,train,True
668288013,723.16,15,16:16:41,False,,False,False,723.24,17,1,120,671308300,train,True
668288014,723.18,15,16:16:42,False,,False,False,723.24,18,1,120,671308300,train,True
668288015,723.23,15,16:16:43,False,,False,False,723.24,19,1,120,671308300,train,True
668288016,723.18,15,16:16:44,False,,False,False,723.24,20,1,120,671308300,train,True
668288017,723.21,15,16:16:45,False,,False,False,723.24,21,1,120,671308300,train,True
668288018,723.2,15,16:16:46,False,,False,False,723.24,22,1,120,671308300,train,True
668288019,723.18,15,16:16:47,False,,False,False,723.24,23,1,120,671308300,train,True
668288020,723.2,15,16:16:48,False,,False,False,723.24,24,1,120,671308300,train,True
668288021,723.19,15,16:16:49,False,,False,False,723.24,25,1,120,671308300,train,True
668288022,723.18,15,16:16:50,False,,False,False,723.24,26,1,120,671308300,train,True
668288023,723.23,15,16:16:51,False,,False,True,723.24,27,1,120,671308300,train,True
668288024,723.12,15,16:16:52,False,,False,True,723.24,28,1,120,671308300,train,True
668288025,723.21,15,16:16:53,False,,False,True,723.24,29,1,120,671308300,train,True
668288026,723.17,15,16:16:54,False,,False,True,723.24,30,1,120,671308300,train,True
668288027,723.13,15,16:16:55,False,,False,True,723.24,31,1,120,671308300,train,True
668288028,723.19,15,16:16:56,False,,False,True,723.24,32,1,120,671308300,train,True
668288029,723.17,15,16:16:57,False,,False,True,723.23,33,1,120,671308300,train,True
668288030,723.15,15,16:16:58,False,,False,True,723.23,34,1,120,671308300,train,True
668288031,723.22,15,16:16:59,False,,False,True,723.23,35,1,120,671308300,train,True
668288032,723.13,15,16:17:00,False,,False,True,723.23,36,1,120,671308300,train,True
668288033,723.15,15,16:17:01,False,,False,True,723.23,37,1,120,671308300,train,True
668288034,723.13,15,16:17:02,False,,False,True,723.23,38,1,120,671308300,train,True
668288035,723.13,15,16:17:03,False,,False,True,723.23,39,1,120,671308300,train,True
668288036,723.11,15,16:17:04,False,,False,True,723.23,40,1,120,671308300,train,True
668288037,723.2,15,16:17:05,False,,False,True,723.23,41,1,120,671308300,train,True
668288038,723.13,15,16:17:06,False,,False,True,723.23,42,1,120,671308300,train,True
668288039,723.11,15,16:17:07,False,,False,True,723.23,43,1,120,671308300,train,True
668288040,723.07,15,16:17:08,False,,False,True,723.23,44,1,120,671308300,train,True
668288041,723.09,15,16:17:09,False,,False,True,723.23,45,1,120,671308300,train,True
668288042,723.22,15,16:17:10,False,,False,True,723.23,46,1,120,671308300,train,True
668288043,723.23,15,16:17:11,False,,False,True,723.23,47,1,120,671308300,train,True
668288044,723.16,15,16:17:12,False,,False,True,723.22,48,1,120,671308300,train,True
668288045,723.19,15,16:17:13,False,,False,True,723.22,49,1,120,671308300,train,True
668288046,723.14,15,16:17:14,False,,False,True,723.22,50,1,120,671308300,train,True
668288047,723.1,15,16:17:15,False,,False,True,723.22,51,1,120,671308300,train,True
668288048,723.21,15,16:17:16,False,,False,True,723.22,52,1,120,671308300,train,True
668288049,723.1,15,16:17:17,False,,False,True,723.22,53,1,120,671308300,train,True
668288050,723.1,15,16:17:17,False,,False,True,723.22,54,1,120,671308300,train,True
668288051,723.15,15,16:17:18,False,,False,True,723.22,55,1,120,671308300,train,True
668288052,723.17,15,16:17:19,False,,False,True,723.22,56,1,120,671308300,train,True
668288053,723.17,15,16:17:20,False,,False,True,723.22,57,1,120,671308300,train,True
668288054,723.08,15,16:17:21,False,,False,True,723.22,58,1,120,671308300,train,True
668287995,723.17,15,16:16:24,False,,False,False,723.25,6,0,121,671376036,train,True
668287996,723.16,15,16:16:25,False,,False,False,723.25,5,0,121,671376036,train,True
668287997,723.19,15,16:16:26,False,,False,False,723.25,5,1,121,671376036,train,True
668287998,723.06,15,16:16:27,False,,False,False,723.25,5,1,121,671376036,train,True
668287999,723.07,15,16:16:28,False,,False,False,723.25,5,1,121,671376036,train,True
668288000,723.08,15,16:16:29,False,,False,False,723.25,6,1,121,671376036,train,True
668288001,723.17,15,16:16:30,False,,False,False,723.25,7,1,121,671376036,train,True
668288002,723.17,15,16:16:31,False,,False,False,723.25,8,1,121,671376036,train,True
668288003,723.17,15,16:16:32,False,,False,False,723.25,8,1,121,671376036,train,True
668288004,723.15,15,16:16:33,False,,False,False,723.25,9,1,121,671376036,train,True
668288005,723.22,15,16:16:34,False,,False,False,723.25,10,1,121,671376036,train,True
668288006,723.17,15,16:16:35,False,,False,False,723.25,11,1,121,671376036,train,True
668288007,723.15,15,16:16:36,False,,False,False,723.25,11,1,121,671376036,train,True
668288008,723.18,15,16:16:37,False,,False,False,723.25,12,1,121,671376036,train,True
668288009,723.14,15,16:16:38,False,,False,False,723.24,13,1,121,671376036,train,True
668288010,723.11,15,16:16:39,False,,False,False,723.24,14,1,121,671376036,train,True
668288011,723.2,15,16:16:40,False,,False,False,723.24,15,1,121,671376036,train,True
668288012,723.17,15,16:16:40,False,,False,False,723.24,16,1,121,671376036,train,True
668288013,723.16,15,16:16:41,False,,False,False,723.24,17,1,121,671376036,train,True
668288014,723.18,15,16:16:42,False,,False,False,723.24,18,1,121,671376036,train,True
668288015,723.23,15,16:16:43,False,,False,False,723.24,19,1,121,671376036,train,True
668288016,723.18,15,16:16:44,False,,False,False,723.24,20,1,121,671376036,train,True
668288017,723.21,15,16:16:45,False,,False,False,723.24,21,1,121,671376036,train,True
668288018,723.2,15,16:16:46,False,,False,False,723.24,22,1,121,671376036,train,True
668288019,723.18,15,16:16:47,False,,False,False,723.24,23,1,121,671376036,train,True
668288020,723.2,15,16:16:48,False,,False,False,723.24,24,1,121,671376036,train,True
668288021,723.19,15,16:16:49,False,,False,False,723.24,25,1,121,671376036,train,True
668288022,723.18,15,16:16:50,False,,False,False,723.24,26,1,121,671376036,train,True
668288023,723.23,15,16:16:51,False,,False,True,723.24,27,1,121,671376036,train,True
668288024,723.12,15,16:16:52,False,,False,True,723.24,28,1,121,671376036,train,True
668288025,723.21,15,16:16:53,False,,False,True,723.24,29,1,121,671376036,train,True
668288026,723.17,15,16:16:54,False,,False,True,723.24,30,1,121,671376036,train,True
668288027,723.13,15,16:16:55,False,,False,True,723.24,31,1,121,671376036,train,True
668288028,723.19,15,16:16:56,False,,False,True,723.24,32,1,121,671376036,train,True
668288029,723.17,15,16:16:57,False,,False,True,723.23,33,1,121,671376036,train,True
668288030,723.15,15,16:16:58,False,,False,True,723.23,34,1,121,671376036,train,True
668288031,723.22,15,16:16:59,False,,False,True,723.23,35,1,121,671376036,train,True
668288032,723.13,15,16:17:00,False,,False,True,723.23,36,1,121,671376036,train,True
668288033,723.15,15,16:17:01,False,,False,True,723.23,37,1,121,671376036,train,True
668288034,723.13,15,16:17:02,False,,False,True,723.23,38,1,121,671376036,train,True
668288035,723.13,15,16:17:03,False,,False,True,723.23,39,1,121,671376036,train,True
668288036,723.11,15,16:17:04,False,,False,True,723.23,40,1,121,671376036,train,True
668288037,723.2,15,16:17:05,False,,False,True,723.23,41,1,121,671376036,train,True
668288038,723.13,15,16:17:06,False,,False,True,723.23,42,1,121,671376036,train,True
668288039,723.11,15,16:17:07,False,,False,True,723.23,43,1,121,671376036,train,True
668288040,723.07,15,16:17:08,False,,False,True,723.23,44,1,121,671376036,train,True
668288041,723.09,15,16:17:09,False,,False,True,723.23,45,1,121,671376036,train,True
668288042,723.22,15,16:17:10,False,,False,True,723.23,46,1,121,671376036,train,True
668288043,723.23,15,16:17:11,False,,False,True,723.23,47,1,121,671376036,train,True
668288044,723.16,15,16:17:12,False,,False,True,723.22,48,1,121,671376036,train,True
668288045,723.19,15,16:17:13,False,,False,True,723.22,49,1,121,671376036,train,True
668288046,723.14,15,16:17:14,False,,False,True,723.22,50,1,121,671376036,train,True
668288047,723.1,15,16:17:15,False,,False,True,723.22,51,1,121,671376036,train,True
668288048,723.21,15,16:17:16,False,,False,True,723.22,52,1,121,671376036,train,True
668288049,723.1,15,16:17:17,False,,False,True,723.22,53,1,121,671376036,train,True
668288050,723.1,15,16:17:17,False,,False,True,723.22,54,1,121,671376036,train,True
668288051,723.15,15,16:17:18,False,,False,True,723.22,55,1,121,671376036,train,True
668288052,723.17,15,16:17:19,False,,False,True,723.22,56,1,121,671376036,train,True
668288053,723.17,15,16:17:20,False,,False,True,723.22,57,1,121,671376036,train,True
668288054,723.08,15,16:17:21,False,,False,True,723.22,58,1,121,671376036,train,True
668287995,723.17,15,16:16:24,False,,False,False,723.25,6,0,122,671376059,train,True
668287996,723.16,15,16:16:25,False,,False,False,723.25,5,0,122,671376059,train,True
668287997,723.19,15,16:16:26,False,,False,False,723.25,5,1,122,671376059,train,True
668287998,723.06,15,16:16:27,False,,False,False,723.25,5,1,122,671376059,train,True
668287999,723.07,15,16:16:28,False,,False,False,723.25,5,1,122,671376059,train,True
668288000,723.08,15,16:16:29,False,,False,False,723.25,6,1,122,671376059,train,True
668288001,723.17,15,16:16:30,False,,False,False,723.25,7,1,122,671376059,train,True
668288002,723.17,15,16:16:31,False,,False,False,723.25,8,1,122,671376059,train,True
668288003,723.17,15,16:16:32,False,,False,False,723.25,8,1,122,671376059,train,True
668288004,723.15,15,16:16:33,False,,False,False,723.25,9,1,122,671376059,train,True
668288005,723.22,15,16:16:34,False,,False,False,723.25,10,1,122,671376059,train,True
668288006,723.17,15,16:16:35,False,,False,False,723.25,11,1,122,671376059,train,True
668288007,723.15,15,16:16:36,False,,False,False,723.25,11,1,122,671376059,train,True
668288008,723.18,15,16:16:37,False,,False,False,723.25,12,1,122,671376059,train,True
668288009,723.14,15,16:16:38,False,,False,False,723.24,13,1,122,671376059,train,True
668288010,723.11,15,16:16:39,False,,False,False,723.24,14,1,122,671376059,train,True
668288011,723.2,15,16:16:40,False,,False,False,723.24,15,1,122,671376059,train,True
668288012,723.17,15,16:16:40,False,,False,False,723.24,16,1,122,671376059,train,True
668288013,723.16,15,16:16:41,False,,False,False,723.24,17,1,122,671376059,train,True
668288014,723.18,15,16:16:42,False,,False,False,723.24,18,1,122,671376059,train,True
668288015,723.23,15,16:16:43,False,,False,False,723.24,19,1,122,671376059,train,True
668288016,723.18,15,16:16:44,False,,False,False,723.24,20,1,122,671376059,train,True
668288017,723.21,15,16:16:45,False,,False,False,723.24,21,1,122,671376059,train,True
668288018,723.2,15,16:16:46,False,,False,False,723.24,22,1,122,671376059,train,True
668288019,723.18,15,16:16:47,False,,False,False,723.24,23,1,122,671376059,train,True
668288020,723.2,15,16:16:48,False,,False,False,723.24,24,1,122,671376059,train,True
668288021,723.19,15,16:16:49,False,,False,False,723.24,25,1,122,671376059,train,True
668288022,723.18,15,16:16:50,False,,False,False,723.24,26,1,122,671376059,train,True
668288023,723.23,15,16:16:51,False,,False,True,723.24,27,1,122,671376059,train,True
668288024,723.12,15,16:16:52,False,,False,True,723.24,28,1,122,671376059,train,True
668288025,723.21,15,16:16:53,False,,False,True,723.24,29,1,122,671376059,train,True
668288026,723.17,15,16:16:54,False,,False,True,723.24,30,1,122,671376059,train,True
668288027,723.13,15,16:16:55,False,,False,True,723.24,31,1,122,671376059,train,True
668288028,723.19,15,16:16:56,False,,False,True,723.24,32,1,122,671376059,train,True
668288029,723.17,15,16:16:57,False,,False,True,723.23,33,1,122,671376059,train,True
668288030,723.15,15,16:16:58,False,,False,True,723.23,34,1,122,671376059,train,True
668288031,723.22,15,16:16:59,False,,False,True,723.23,35,1,122,671376059,train,True
668288032,723.13,15,16:17:00,False,,False,True,723.23,36,1,122,671376059,train,True
668288033,723.15,15,16:17:01,False,,False,True,723.23,37,1,122,671376059,train,True
668288034,723.13,15,16:17:02,False,,False,True,723.23,38,1,122,671376059,train,True
668288035,723.13,15,16:17:03,False,,False,True,723.23,39,1,122,671376059,train,True
668288036,723.11,15,16:17:04,False,,False,True,723.23,40,1,122,671376059,train,True
668288037,723.2,15,16:17:05,False,,False,True,723.23,41,1,122,671376059,train,True
668288038,723.13,15,16:17:06,False,,False,True,723.23,42,1,122,671376059,train,True
668288039,723.11,15,16:17:07,False,,False,True,723.23,43,1,122,671376059,train,True
668288040,723.07,15,16:17:08,False,,False,True,723.23,44,1,122,671376059,train,True
668288041,723.09,15,16:17:09,False,,False,True,723.23,45,1,122,671376059,train,True
668288042,723.22,15,16:17:10,False,,False,True,723.23,46,1,122,671376059,train,True
668288043,723.23,15,16:17:11,False,,False,True,723.23,47,1,122,671376059,train,True
668288044,723.16,15,16:17:12,False,,False,True,723.22,48,1,122,671376059,train,True
668288045,723.19,15,16:17:13,False,,False,True,723.22,49,1,122,671376059,train,True
668288046,723.14,15,16:17:14,False,,False,True,723.22,50,1,122,671376059,train,True
668288047,723.1,15,16:17:15,False,,False,True,723.22,51,1,122,671376059,train,True
668288048,723.21,15,16:17:16,False,,False,True,723.22,52,1,122,671376059,train,True
668288049,723.1,15,16:17:17,False,,False,True,723.22,53,1,122,671376059,train,True
668288050,723.1,15,16:17:17,False,,False,True,723.22,54,1,122,671376059,train,True
668288051,723.15,15,16:17:18,False,,False,True,723.22,55,1,122,671376059,train,True
668288052,723.17,15,16:17:19,False,,False,True,723.22,56,1,122,671376059,train,True
668288053,723.17,15,16:17:20,False,,False,True,723.22,57,1,122,671376059,train,True
668288054,723.08,15,16:17:21,False,,False,True,723.22,58,1,122,671376059,train,True
668287995,723.17,15,16:16:24,False,,False,False,723.25,6,0,123,671376348,train,True
668287996,723.16,15,16:16:25,False,,False,False,723.25,5,0,123,671376348,train,True
668287997,723.19,15,16:16:26,False,,False,False,723.25,5,1,123,671376348,train,True
668287998,723.06,15,16:16:27,False,,False,False,723.25,5,1,123,671376348,train,True
668287999,723.07,15,16:16:28,False,,False,False,723.25,5,1,123,671376348,train,True
668288000,723.08,15,16:16:29,False,,False,False,723.25,6,1,123,671376348,train,True
668288001,723.17,15,16:16:30,False,,False,False,723.25,7,1,123,671376348,train,True
668288002,723.17,15,16:16:31,False,,False,False,723.25,8,1,123,671376348,train,True
668288003,723.17,15,16:16:32,False,,False,False,723.25,8,1,123,671376348,train,True
668288004,723.15,15,16:16:33,False,,False,False,723.25,9,1,123,671376348,train,True
668288005,723.22,15,16:16:34,False,,False,False,723.25,10,1,123,671376348,train,True
668288006,723.17,15,16:16:35,False,,False,False,723.25,11,1,123,671376348,train,True
668288007,723.15,15,16:16:36,False,,False,False,723.25,11,1,123,671376348,train,True
668288008,723.18,15,16:16:37,False,,False,False,723.25,12,1,123,671376348,train,True
668288009,723.14,15,16:16:38,False,,False,False,723.24,13,1,123,671376348,train,True
668288010,723.11,15,16:16:39,False,,False,False,723.24,14,1,123,671376348,train,True
668288011,723.2,15,16:16:40,False,,False,False,723.24,15,1,123,671376348,train,True
668288012,723.17,15,16:16:40,False,,False,False,723.24,16,1,123,671376348,train,True
668288013,723.16,15,16:16:41,False,,False,False,723.24,17,1,123,671376348,train,True
668288014,723.18,15,16:16:42,False,,False,False,723.24,18,1,123,671376348,train,True
668288015,723.23,15,16:16:43,False,,False,False,723.24,19,1,123,671376348,train,True
668288016,723.18,15,16:16:44,False,,False,False,723.24,20,1,123,671376348,train,True
668288017,723.21,15,16:16:45,False,,False,False,723.24,21,1,123,671376348,train,True
668288018,723.2,15,16:16:46,False,,False,False,723.24,22,1,123,671376348,train,True
668288019,723.18,15,16:16:47,False,,False,False,723.24,23,1,123,671376348,train,True
668288020,723.2,15,16:16:48,False,,False,False,723.24,24,1,123,671376348,train,True
668288021,723.19,15,16:16:49,False,,False,False,723.24,25,1,123,671376348,train,True
668288022,723.18,15,16:16:50,False,,False,False,723.24,26,1,123,671376348,train,True
668288023,723.23,15,16:16:51,False,,False,True,723.24,27,1,123,671376348,train,True
668288024,723.12,15,16:16:52,False,,False,True,723.24,28,1,123,671376348,train,True
668288025,723.21,15,16:16:53,False,,False,True,723.24,29,1,123,671376348,train,True
668288026,723.17,15,16:16:54,False,,False,True,723.24,30,1,123,671376348,train,True
668288027,723.13,15,16:16:55,False,,False,True,723.24,31,1,123,671376348,train,True
668288028,723.19,15,16:16:56,False,,False,True,723.24,32,1,123,671376348,train,True
668288029,723.17,15,16:16:57,False,,False,True,723.23,33,1,123,671376348,train,True
668288030,723.15,15,16:16:58,False,,False,True,723.23,34,1,123,671376348,train,True
668288031,723.22,15,16:16:59,False,,False,True,723.23,35,1,123,671376348,train,True
668288032,723.13,15,16:17:00,False,,False,True,723.23,36,1,123,671376348,train,True
668288033,723.15,15,16:17:01,False,,False,True,723.23,37,1,123,671376348,train,True
668288034,723.13,15,16:17:02,False,,False,True,723.23,38,1,123,671376348,train,True
668288035,723.13,15,16:17:03,False,,False,True,723.23,39,1,123,671376348,train,True
668288036,723.11,15,16:17:04,False,,False,True,723.23,40,1,123,671376348,train,True
668288037,723.2,15,16:17:05,False,,False,True,723.23,41,1,123,671376348,train,True
668288038,723.13,15,16:17:06,False,,False,True,723.23,42,1,123,671376348,train,True
668288039,723.11,15,16:17:07,False,,False,True,723.23,43,1,123,671376348,train,True
668288040,723.07,15,16:17:08,False,,False,True,723.23,44,1,123,671376348,train,True
668288041,723.09,15,16:17:09,False,,False,True,723.23,45,1,123,671376348,train,True
668288042,723.22,15,16:17:10,False,,False,True,723.23,46,1,123,671376348,train,True
668288043,723.23,15,16:17:11,False,,False,True,723.23,47,1,123,671376348,train,True
668288044,723.16,15,16:17:12,False,,False,True,723.22,48,1,123,671376348,train,True
668288045,723.19,15,16:17:13,False,,False,True,723.22,49,1,123,671376348,train,True
668288046,723.14,15,16:17:14,False,,False,True,723.22,50,1,123,671376348,train,True
668288047,723.1,15,16:17:15,False,,False,True,723.22,51,1,123,671376348,train,True
668288048,723.21,15,16:17:16,False,,False,True,723.22,52,1,123,671376348,train,True
668288049,723.1,15,16:17:17,False,,False,True,723.22,53,1,123,671376348,train,True
668288050,723.1,15,16:17:17,False,,False,True,723.22,54,1,123,671376348,train,True
668288051,723.15,15,16:17:18,False,,False,True,723.22,55,1,123,671376348,train,True
668288052,723.17,15,16:17:19,False,,False,True,723.22,56,1,123,671376348,train,True
668288053,723.17,15,16:17:20,False,,False,True,723.22,57,1,123,671376348,train,True
668288054,723.08,15,16:17:21,False,,False,True,723.22,58,1,123,671376348,train,True
668287995,723.17,15,16:16:24,False,,False,False,723.25,6,0,124,671376844,train,True
668287996,723.16,15,16:16:25,False,,False,False,723.25,5,0,124,671376844,train,True
668287997,723.19,15,16:16:26,False,,False,False,723.25,5,1,124,671376844,train,True
668287998,723.06,15,16:16:27,False,,False,False,723.25,5,1,124,671376844,train,True
668287999,723.07,15,16:16:28,False,,False,False,723.25,5,1,124,671376844,train,True
668288000,723.08,15,16:16:29,False,,False,False,723.25,6,1,124,671376844,train,True
668288001,723.17,15,16:16:30,False,,False,False,723.25,7,1,124,671376844,train,True
668288002,723.17,15,16:16:31,False,,False,False,723.25,8,1,124,671376844,train,True
668288003,723.17,15,16:16:32,False,,False,False,723.25,8,1,124,671376844,train,True
668288004,723.15,15,16:16:33,False,,False,False,723.25,9,1,124,671376844,train,True
668288005,723.22,15,16:16:34,False,,False,False,723.25,10,1,124,671376844,train,True
668288006,723.17,15,16:16:35,False,,False,False,723.25,11,1,124,671376844,train,True
668288007,723.15,15,16:16:36,False,,False,False,723.25,11,1,124,671376844,train,True
668288008,723.18,15,16:16:37,False,,False,False,723.25,12,1,124,671376844,train,True
668288009,723.14,15,16:16:38,False,,False,False,723.24,13,1,124,671376844,train,True
668288010,723.11,15,16:16:39,False,,False,False,723.24,14,1,124,671376844,train,True
668288011,723.2,15,16:16:40,False,,False,False,723.24,15,1,124,671376844,train,True
668288012,723.17,15,16:16:40,False,,False,False,723.24,16,1,124,671376844,train,True
668288013,723.16,15,16:16:41,False,,False,False,723.24,17,1,124,671376844,train,True
668288014,723.18,15,16:16:42,False,,False,False,723.24,18,1,124,671376844,train,True
668288015,723.23,15,16:16:43,False,,False,False,723.24,19,1,124,671376844,train,True
668288016,723.18,15,16:16:44,False,,False,False,723.24,20,1,124,671376844,train,True
668288017,723.21,15,16:16:45,False,,False,False,723.24,21,1,124,671376844,train,True
668288018,723.2,15,16:16:46,False,,False,False,723.24,22,1,124,671376844,train,True
668288019,723.18,15,16:16:47,False,,False,False,723.24,23,1,124,671376844,train,True
668288020,723.2,15,16:16:48,False,,False,False,723.24,24,1,124,671376844,train,True
668288021,723.19,15,16:16:49,False,,False,False,723.24,25,1,124,671376844,train,True
668288022,723.18,15,16:16:50,False,,False,False,723.24,26,1,124,671376844,train,True
668288023,723.23,15,16:16:51,False,,False,True,723.24,27,1,124,671376844,train,True
668288024,723.12,15,16:16:52,False,,False,True,723.24,28,1,124,671376844,train,True
668288025,723.21,15,16:16:53,False,,False,True,723.24,29,1,124,671376844,train,True
668288026,723.17,15,16:16:54,False,,False,True,723.24,30,1,124,671376844,train,True
668288027,723.13,15,16:16:55,False,,False,True,723.24,31,1,124,671376844,train,True
668288028,723.19,15,16:16:56,False,,False,True,723.24,32,1,124,671376844,train,True
668288029,723.17,15,16:16:57,False,,False,True,723.23,33,1,124,671376844,train,True
668288030,723.15,15,16:16:58,False,,False,True,723.23,34,1,124,671376844,train,True
668288031,723.22,15,16:16:59,False,,False,True,723.23,35,1,124,671376844,train,True
668288032,723.13,15,16:17:00,False,,False,True,723.23,36,1,124,671376844,train,True
668288033,723.15,15,16:17:01,False,,False,True,723.23,37,1,124,671376844,train,True
668288034,723.13,15,16:17:02,False,,False,True,723.23,38,1,124,671376844,train,True
668288035,723.13,15,16:17:03,False,,False,True,723.23,39,1,124,671376844,train,True
668288036,723.11,15,16:17:04,False,,False,True,723.23,40,1,124,671376844,train,True
668288037,723.2,15,16:17:05,False,,False,True,723.23,41,1,124,671376844,train,True
668288038,723.13,15,16:17:06,False,,False,True,723.23,42,1,124,671376844,train,True
668288039,723.11,15,16:17:07,False,,False,True,723.23,43,1,124,671376844,train,True
668288040,723.07,15,16:17:08,False,,False,True,723.23,44,1,124,671376844,train,True
668288041,723.09,15,16:17:09,False,,False,True,723.23,45,1,124,671376844,train,True
668288042,723.22,15,16:17:10,False,,False,True,723.23,46,1,124,671376844,train,True
668288043,723.23,15,16:17:11,False,,False,True,723.23,47,1,124,671376844,train,True
668288044,723.16,15,16:17:12,False,,False,True,723.22,48,1,124,671376844,train,True
668288045,723.19,15,16:17:13,False,,False,True,723.22,49,1,124,671376844,train,True
668288046,723.14,15,16:17:14,False,,False,True,723.22,50,1,124,671376844,train,True
668288047,723.1,15,16:17:15,False,,False,True,723.22,51,1,124,671376844,train,True
668288048,723.21,15,16:17:16,False,,False,True,723.22,52,1,124,671376844,train,True
668288049,723.1,15,16:17:17,False,,False,True,723.22,53,1,124,671376844,train,True
668288050,723.1,15,16:17:17,False,,False,True,723.22,54,1,124,671376844,train,True
668288051,723.15,15,16:17:18,False,,False,True,723.22,55,1,124,671376844,train,True
668288052,723.17,15,16:17:19,False,,False,True,723.22,56,1,124,671376844,train,True
668288053,723.17,15,16:17:20,False,,False,True,723.22,57,1,124,671376844,train,True
668288054,723.08,15,16:17:21,False,,False,True,723.22,58,1,124,671376844,train,True
668287995,723.17,15,16:16:24,False,,False,False,723.25,6,0,125,671377912,train,True
668287996,723.16,15,16:16:25,False,,False,False,723.25,5,0,125,671377912,train,True
668287997,723.19,15,16:16:26,False,,False,False,723.25,5,1,125,671377912,train,True
668287998,723.06,15,16:16:27,False,,False,False,723.25,5,1,125,671377912,train,True
668287999,723.07,15,16:16:28,False,,False,False,723.25,5,1,125,671377912,train,True
668288000,723.08,15,16:16:29,False,,False,False,723.25,6,1,125,671377912,train,True
668288001,723.17,15,16:16:30,False,,False,False,723.25,7,1,125,671377912,train,True
668288002,723.17,15,16:16:31,False,,False,False,723.25,8,1,125,671377912,train,True
668288003,723.17,15,16:16:32,False,,False,False,723.25,8,1,125,671377912,train,True
668288004,723.15,15,16:16:33,False,,False,False,723.25,9,1,125,671377912,train,True
668288005,723.22,15,16:16:34,False,,False,False,723.25,10,1,125,671377912,train,True
668288006,723.17,15,16:16:35,False,,False,False,723.25,11,1,125,671377912,train,True
668288007,723.15,15,16:16:36,False,,False,False,723.25,11,1,125,671377912,train,True
668288008,723.18,15,16:16:37,False,,False,False,723.25,12,1,125,671377912,train,True
668288009,723.14,15,16:16:38,False,,False,False,723.24,13,1,125,671377912,train,True
668288010,723.11,15,16:16:39,False,,False,False,723.24,14,1,125,671377912,train,True
668288011,723.2,15,16:16:40,False,,False,False,723.24,15,1,125,671377912,train,True
668288012,723.17,15,16:16:40,False,,False,False,723.24,16,1,125,671377912,train,True
668288013,723.16,15,16:16:41,False,,False,False,723.24,17,1,125,671377912,train,True
668288014,723.18,15,16:16:42,False,,False,False,723.24,18,1,125,671377912,train,True
668288015,723.23,15,16:16:43,False,,False,False,723.24,19,1,125,671377912,train,True
668288016,723.18,15,16:16:44,False,,False,False,723.24,20,1,125,671377912,train,True
668288017,723.21,15,16:16:45,False,,False,False,723.24,21,1,125,671377912,train,True
668288018,723.2,15,16:16:46,False,,False,False,723.24,22,1,125,671377912,train,True
668288019,723.18,15,16:16:47,False,,False,False,723.24,23,1,125,671377912,train,True
668288020,723.2,15,16:16:48,False,,False,False,723.24,24,1,125,671377912,train,True
668288021,723.19,15,16:16:49,False,,False,False,723.24,25,1,125,671377912,train,True
668288022,723.18,15,16:16:50,False,,False,False,723.24,26,1,125,671377912,train,True
668288023,723.23,15,16:16:51,False,,False,True,723.24,27,1,125,671377912,train,True
668288024,723.12,15,16:16:52,False,,False,True,723.24,28,1,125,671377912,train,True
668288025,723.21,15,16:16:53,False,,False,True,723.24,29,1,125,671377912,train,True
668288026,723.17,15,16:16:54,False,,False,True,723.24,30,1,125,671377912,train,True
668288027,723.13,15,16:16:55,False,,False,True,723.24,31,1,125,671377912,train,True
668288028,723.19,15,16:16:56,False,,False,True,723.24,32,1,125,671377912,train,True
668288029,723.17,15,16:16:57,False,,False,True,723.23,33,1,125,671377912,train,True
668288030,723.15,15,16:16:58,False,,False,True,723.23,34,1,125,671377912,train,True
668288031,723.22,15,16:16:59,False,,False,True,723.23,35,1,125,671377912,train,True
668288032,723.13,15,16:17:00,False,,False,True,723.23,36,1,125,671377912,train,True
668288033,723.15,15,16:17:01,False,,False,True,723.23,37,1,125,671377912,train,True
668288034,723.13,15,16:17:02,False,,False,True,723.23,38,1,125,671377912,train,True
668288035,723.13,15,16:17:03,False,,False,True,723.23,39,1,125,671377912,train,True
668288036,723.11,15,16:17:04,False,,False,True,723.23,40,1,125,671377912,train,True
668288037,723.2,15,16:17:05,False,,False,True,723.23,41,1,125,671377912,train,True
668288038,723.13,15,16:17:06,False,,False,True,723.23,42,1,125,671377912,train,True
668288039,723.11,15,16:17:07,False,,False,True,723.23,43,1,125,671377912,train,True
668288040,723.07,15,16:17:08,False,,False,True,723.23,44,1,125,671377912,train,True
668288041,723.09,15,16:17:09,False,,False,True,723.23,45,1,125,671377912,train,True
668288042,723.22,15,16:17:10,False,,False,True,723.23,46,1,125,671377912,train,True
668288043,723.23,15,16:17:11,False,,False,True,723.23,47,1,125,671377912,train,True
668288044,723.16,15,16:17:12,False,,False,True,723.22,48,1,125,671377912,train,True
668288045,723.19,15,16:17:13,False,,False,True,723.22,49,1,125,671377912,train,True
668288046,723.14,15,16:17:14,False,,False,True,723.22,50,1,125,671377912,train,True
668288047,723.1,15,16:17:15,False,,False,True,723.22,51,1,125,671377912,train,True
668288048,723.21,15,16:17:16,False,,False,True,723.22,52,1,125,671377912,train,True
668288049,723.1,15,16:17:17,False,,False,True,723.22,53,1,125,671377912,train,True
668288050,723.1,15,16:17:17,False,,False,True,723.22,54,1,125,671377912,train,True
668288051,723.15,15,16:17:18,False,,False,True,723.22,55,1,125,671377912,train,True
668288052,723.17,15,16:17:19,False,,False,True,723.22,56,1,125,671377912,train,True
668288053,723.17,15,16:17:20,False,,False,True,723.22,57,1,125,671377912,train,True
668288054,723.08,15,16:17:21,False,,False,True,723.22,58,1,125,671377912,train,True
668287995,723.17,15,16:16:24,False,,False,False,723.25,6,0,126,671379183,train,True
668287996,723.16,15,16:16:25,False,,False,False,723.25,5,0,126,671379183,train,True
668287997,723.19,15,16:16:26,False,,False,False,723.25,5,1,126,671379183,train,True
668287998,723.06,15,16:16:27,False,,False,False,723.25,5,1,126,671379183,train,True
668287999,723.07,15,16:16:28,False,,False,False,723.25,5,1,126,671379183,train,True
668288000,723.08,15,16:16:29,False,,False,False,723.25,6,1,126,671379183,train,True
668288001,723.17,15,16:16:30,False,,False,False,723.25,7,1,126,671379183,train,True
668288002,723.17,15,16:16:31,False,,False,False,723.25,8,1,126,671379183,train,True
668288003,723.17,15,16:16:32,False,,False,False,723.25,8,1,126,671379183,train,True
668288004,723.15,15,16:16:33,False,,False,False,723.25,9,1,126,671379183,train,True
668288005,723.22,15,16:16:34,False,,False,False,723.25,10,1,126,671379183,train,True
668288006,723.17,15,16:16:35,False,,False,False,723.25,11,1,126,671379183,train,True
668288007,723.15,15,16:16:36,False,,False,False,723.25,11,1,126,671379183,train,True
668288008,723.18,15,16:16:37,False,,False,False,723.25,12,1,126,671379183,train,True
668288009,723.14,15,16:16:38,False,,False,False,723.24,13,1,126,671379183,train,True
668288010,723.11,15,16:16:39,False,,False,False,723.24,14,1,126,671379183,train,True
668288011,723.2,15,16:16:40,False,,False,False,723.24,15,1,126,671379183,train,True
668288012,723.17,15,16:16:40,False,,False,False,723.24,16,1,126,671379183,train,True
668288013,723.16,15,16:16:41,False,,False,False,723.24,17,1,126,671379183,train,True
668288014,723.18,15,16:16:42,False,,False,False,723.24,18,1,126,671379183,train,True
668288015,723.23,15,16:16:43,False,,False,False,723.24,19,1,126,671379183,train,True
668288016,723.18,15,16:16:44,False,,False,False,723.24,20,1,126,671379183,train,True
668288017,723.21,15,16:16:45,False,,False,False,723.24,21,1,126,671379183,train,True
668288018,723.2,15,16:16:46,False,,False,False,723.24,22,1,126,671379183,train,True
668288019,723.18,15,16:16:47,False,,False,False,723.24,23,1,126,671379183,train,True
668288020,723.2,15,16:16:48,False,,False,False,723.24,24,1,126,671379183,train,True
668288021,723.19,15,16:16:49,False,,False,False,723.24,25,1,126,671379183,train,True
668288022,723.18,15,16:16:50,False,,False,False,723.24,26,1,126,671379183,train,True
668288023,723.23,15,16:16:51,False,,False,True,723.24,27,1,126,671379183,train,True
668288024,723.12,15,16:16:52,False,,False,True,723.24,28,1,126,671379183,train,True
668288025,723.21,15,16:16:53,False,,False,True,723.24,29,1,126,671379183,train,True
668288026,723.17,15,16:16:54,False,,False,True,723.24,30,1,126,671379183,train,True
668288027,723.13,15,16:16:55,False,,False,True,723.24,31,1,126,671379183,train,True
668288028,723.19,15,16:16:56,False,,False,True,723.24,32,1,126,671379183,train,True
668288029,723.17,15,16:16:57,False,,False,True,723.23,33,1,126,671379183,train,True
668288030,723.15,15,16:16:58,False,,False,True,723.23,34,1,126,671379183,train,True
668288031,723.22,15,16:16:59,False,,False,True,723.23,35,1,126,671379183,train,True
668288032,723.13,15,16:17:00,False,,False,True,723.23,36,1,126,671379183,train,True
668288033,723.15,15,16:17:01,False,,False,True,723.23,37,1,126,671379183,train,True
668288034,723.13,15,16:17:02,False,,False,True,723.23,38,1,126,671379183,train,True
668288035,723.13,15,16:17:03,False,,False,True,723.23,39,1,126,671379183,train,True
668288036,723.11,15,16:17:04,False,,False,True,723.23,40,1,126,671379183,train,True
668288037,723.2,15,16:17:05,False,,False,True,723.23,41,1,126,671379183,train,True
668288038,723.13,15,16:17:06,False,,False,True,723.23,42,1,126,671379183,train,True
668288039,723.11,15,16:17:07,False,,False,True,723.23,43,1,126,671379183,train,True
668288040,723.07,15,16:17:08,False,,False,True,723.23,44,1,126,671379183,train,True
668288041,723.09,15,16:17:09,False,,False,True,723.23,45,1,126,671379183,train,True
668288042,723.22,15,16:17:10,False,,False,True,723.23,46,1,126,671379183,train,True
668288043,723.23,15,16:17:11,False,,False,True,723.23,47,1,126,671379183,train,True
668288044,723.16,15,16:17:12,False,,False,True,723.22,48,1,126,671379183,train,True
668288045,723.19,15,16:17:13,False,,False,True,723.22,49,1,126,671379183,train,True
668288046,723.14,15,16:17:14,False,,False,True,723.22,50,1,126,671379183,train,True
668288047,723.1,15,16:17:15,False,,False,True,723.22,51,1,126,671379183,train,True
668288048,723.21,15,16:17:16,False,,False,True,723.22,52,1,126,671379183,train,True
668288049,723.1,15,16:17:17,False,,False,True,723.22,53,1,126,671379183,train,True
668288050,723.1,15,16:17:17,False,,False,True,723.22,54,1,126,671379183,train,True
668288051,723.15,15,16:17:18,False,,False,True,723.22,55,1,126,671379183,train,True
668288052,723.17,15,16:17:19,False,,False,True,723.22,56,1,126,671379183,train,True
668288053,723.17,15,16:17:20,False,,False,True,723.22,57,1,126,671379183,train,True
668288054,723.08,15,16:17:21,False,,False,True,723.22,58,1,126,671379183,train,True
668287995,723.17,15,16:16:24,False,,False,False,723.25,6,0,127,671384112,train,True
668287996,723.16,15,16:16:25,False,,False,False,723.25,5,0,127,671384112,train,True
668287997,723.19,15,16:16:26,False,,False,False,723.25,5,1,127,671384112,train,True
668287998,723.06,15,16:16:27,False,,False,False,723.25,5,1,127,671384112,train,True
668287999,723.07,15,16:16:28,False,,False,False,723.25,5,1,127,671384112,train,True
668288000,723.08,15,16:16:29,False,,False,False,723.25,6,1,127,671384112,train,True
668288001,723.17,15,16:16:30,False,,False,False,723.25,7,1,127,671384112,train,True
668288002,723.17,15,16:16:31,False,,False,False,723.25,8,1,127,671384112,train,True
668288003,723.17,15,16:16:32,False,,False,False,723.25,8,1,127,671384112,train,True
668288004,723.15,15,16:16:33,False,,False,False,723.25,9,1,127,671384112,train,True
668288005,723.22,15,16:16:34,False,,False,False,723.25,10,1,127,671384112,train,True
668288006,723.17,15,16:16:35,False,,False,False,723.25,11,1,127,671384112,train,True
668288007,723.15,15,16:16:36,False,,False,False,723.25,11,1,127,671384112,train,True
668288008,723.18,15,16:16:37,False,,False,False,723.25,12,1,127,671384112,train,True
668288009,723.14,15,16:16:38,False,,False,False,723.24,13,1,127,671384112,train,True
668288010,723.11,15,16:16:39,False,,False,False,723.24,14,1,127,671384112,train,True
668288011,723.2,15,16:16:40,False,,False,False,723.24,15,1,127,671384112,train,True
668288012,723.17,15,16:16:40,False,,False,False,723.24,16,1,127,671384112,train,True
668288013,723.16,15,16:16:41,False,,False,False,723.24,17,1,127,671384112,train,True
668288014,723.18,15,16:16:42,False,,False,False,723.24,18,1,127,671384112,train,True
668288015,723.23,15,16:16:43,False,,False,False,723.24,19,1,127,671384112,train,True
668288016,723.18,15,16:16:44,False,,False,False,723.24,20,1,127,671384112,train,True
668288017,723.21,15,16:16:45,False,,False,False,723.24,21,1,127,671384112,train,True
668288018,723.2,15,16:16:46,False,,False,False,723.24,22,1,127,671384112,train,True
668288019,723.18,15,16:16:47,False,,False,False,723.24,23,1,127,671384112,train,True
668288020,723.2,15,16:16:48,False,,False,False,723.24,24,1,127,671384112,train,True
668288021,723.19,15,16:16:49,False,,False,False,723.24,25,1,127,671384112,train,True
668288022,723.18,15,16:16:50,False,,False,False,723.24,26,1,127,671384112,train,True
668288023,723.23,15,16:16:51,False,,False,True,723.24,27,1,127,671384112,train,True
668288024,723.12,15,16:16:52,False,,False,True,723.24,28,1,127,671384112,train,True
668288025,723.21,15,16:16:53,False,,False,True,723.24,29,1,127,671384112,train,True
668288026,723.17,15,16:16:54,False,,False,True,723.24,30,1,127,671384112,train,True
668288027,723.13,15,16:16:55,False,,False,True,723.24,31,1,127,671384112,train,True
668288028,723.19,15,16:16:56,False,,False,True,723.24,32,1,127,671384112,train,True
668288029,723.17,15,16:16:57,False,,False,True,723.23,33,1,127,671384112,train,True
668288030,723.15,15,16:16:58,False,,False,True,723.23,34,1,127,671384112,train,True
668288031,723.22,15,16:16:59,False,,False,True,723.23,35,1,127,671384112,train,True
668288032,723.13,15,16:17:00,False,,False,True,723.23,36,1,127,671384112,train,True
668288033,723.15,15,16:17:01,False,,False,True,723.23,37,1,127,671384112,train,True
668288034,723.13,15,16:17:02,False,,False,True,723.23,38,1,127,671384112,train,True
668288035,723.13,15,16:17:03,False,,False,True,723.23,39,1,127,671384112,train,True
668288036,723.11,15,16:17:04,False,,False,True,723.23,40,1,127,671384112,train,True
668288037,723.2,15,16:17:05,False,,False,True,723.23,41,1,127,671384112,train,True
668288038,723.13,15,16:17:06,False,,False,True,723.23,42,1,127,671384112,train,True
668288039,723.11,15,16:17:07,False,,False,True,723.23,43,1,127,671384112,train,True
668288040,723.07,15,16:17:08,False,,False,True,723.23,44,1,127,671384112,train,True
668288041,723.09,15,16:17:09,False,,False,True,723.23,45,1,127,671384112,train,True
668288042,723.22,15,16:17:10,False,,False,True,723.23,46,1,127,671384112,train,True
668288043,723.23,15,16:17:11,False,,False,True,723.23,47,1,127,671384112,train,True
668288044,723.16,15,16:17:12,False,,False,True,723.22,48,1,127,671384112,train,True
668288045,723.19,15,16:17:13,False,,False,True,723.22,49,1,127,671384112,train,True
668288046,723.14,15,16:17:14,False,,False,True,723.22,50,1,127,671384112,train,True
668288047,723.1,15,16:17:15,False,,False,True,723.22,51,1,127,671384112,train,True
668288048,723.21,15,16:17:16,False,,False,True,723.22,52,1,127,671384112,train,True
668288049,723.1,15,16:17:17,False,,False,True,723.22,53,1,127,671384112,train,True
668288050,723.1,15,16:17:17,False,,False,True,723.22,54,1,127,671384112,train,True
668288051,723.15,15,16:17:18,False,,False,True,723.22,55,1,127,671384112,train,True
668288052,723.17,15,16:17:19,False,,False,True,723.22,56,1,127,671384112,train,True
668288053,723.17,15,16:17:20,False,,False,True,723.22,57,1,127,671384112,train,True
668288054,723.08,15,16:17:21,False,,False,True,723.22,58,1,127,671384112,train,True
668287995,723.17,15,16:16:24,False,,False,False,723.25,6,0,128,671391076,train,True
668287996,723.16,15,16:16:25,False,,False,False,723.25,5,0,128,671391076,train,True
668287997,723.19,15,16:16:26,False,,False,False,723.25,5,1,128,671391076,train,True
668287998,723.06,15,16:16:27,False,,False,False,723.25,5,1,128,671391076,train,True
668287999,723.07,15,16:16:28,False,,False,False,723.25,5,1,128,671391076,train,True
668288000,723.08,15,16:16:29,False,,False,False,723.25,6,1,128,671391076,train,True
668288001,723.17,15,16:16:30,False,,False,False,723.25,7,1,128,671391076,train,True
668288002,723.17,15,16:16:31,False,,False,False,723.25,8,1,128,671391076,train,True
668288003,723.17,15,16:16:32,False,,False,False,723.25,8,1,128,671391076,train,True
668288004,723.15,15,16:16:33,False,,False,False,723.25,9,1,128,671391076,train,True
668288005,723.22,15,16:16:34,False,,False,False,723.25,10,1,128,671391076,train,True
668288006,723.17,15,16:16:35,False,,False,False,723.25,11,1,128,671391076,train,True
668288007,723.15,15,16:16:36,False,,False,False,723.25,11,1,128,671391076,train,True
668288008,723.18,15,16:16:37,False,,False,False,723.25,12,1,128,671391076,train,True
668288009,723.14,15,16:16:38,False,,False,False,723.24,13,1,128,671391076,train,True
668288010,723.11,15,16:16:39,False,,False,False,723.24,14,1,128,671391076,train,True
668288011,723.2,15,16:16:40,False,,False,False,723.24,15,1,128,671391076,train,True
668288012,723.17,15,16:16:40,False,,False,False,723.24,16,1,128,671391076,train,True
668288013,723.16,15,16:16:41,False,,False,False,723.24,17,1,128,671391076,train,True
668288014,723.18,15,16:16:42,False,,False,False,723.24,18,1,128,671391076,train,True
668288015,723.23,15,16:16:43,False,,False,False,723.24,19,1,128,671391076,train,True
668288016,723.18,15,16:16:44,False,,False,False,723.24,20,1,128,671391076,train,True
668288017,723.21,15,16:16:45,False,,False,False,723.24,21,1,128,671391076,train,True
668288018,723.2,15,16:16:46,False,,False,False,723.24,22,1,128,671391076,train,True
668288019,723.18,15,16:16:47,False,,False,False,723.24,23,1,128,671391076,train,True
668288020,723.2,15,16:16:48,False,,False,False,723.24,24,1,128,671391076,train,True
668288021,723.19,15,16:16:49,False,,False,False,723.24,25,1,128,671391076,train,True
668288022,723.18,15,16:16:50,False,,False,False,723.24,26,1,128,671391076,train,True
668288023,723.23,15,16:16:51,False,,False,True,723.24,27,1,128,671391076,train,True
668288024,723.12,15,16:16:52,False,,False,True,723.24,28,1,128,671391076,train,True
668288025,723.21,15,16:16:53,False,,False,True,723.24,29,1,128,671391076,train,True
668288026,723.17,15,16:16:54,False,,False,True,723.24,30,1,128,671391076,train,True
668288027,723.13,15,16:16:55,False,,False,True,723.24,31,1,128,671391076,train,True
668288028,723.19,15,16:16:56,False,,False,True,723.24,32,1,128,671391076,train,True
668288029,723.17,15,16:16:57,False,,False,True,723.23,33,1,128,671391076,train,True
668288030,723.15,15,16:16:58,False,,False,True,723.23,34,1,128,671391076,train,True
668288031,723.22,15,16:16:59,False,,False,True,723.23,35,1,128,671391076,train,True
668288032,723.13,15,16:17:00,False,,False,True,723.23,36,1,128,671391076,train,True
668288033,723.15,15,16:17:01,False,,False,True,723.23,37,1,128,671391076,train,True
668288034,723.13,15,16:17:02,False,,False,True,723.23,38,1,128,671391076,train,True
668288035,723.13,15,16:17:03,False,,False,True,723.23,39,1,128,671391076,train,True
668288036,723.11,15,16:17:04,False,,False,True,723.23,40,1,128,671391076,train,True
668288037,723.2,15,16:17:05,False,,False,True,723.23,41,1,128,671391076,train,True
668288038,723.13,15,16:17:06,False,,False,True,723.23,42,1,128,671391076,train,True
668288039,723.11,15,16:17:07,False,,False,True,723.23,43,1,128,671391076,train,True
668288040,723.07,15,16:17:08,False,,False,True,723.23,44,1,128,671391076,train,True
668288041,723.09,15,16:17:09,False,,False,True,723.23,45,1,128,671391076,train,True
668288042,723.22,15,16:17:10,False,,False,True,723.23,46,1,128,671391076,train,True
668288043,723.23,15,16:17:11,False,,False,True,723.23,47,1,128,671391076,train,True
668288044,723.16,15,16:17:12,False,,False,True,723.22,48,1,128,671391076,train,True
668288045,723.19,15,16:17:13,False,,False,True,723.22,49,1,128,671391076,train,True
668288046,723.14,15,16:17:14,False,,False,True,723.22,50,1,128,671391076,train,True
668288047,723.1,15,16:17:15,False,,False,True,723.22,51,1,128,671391076,train,True
668288048,723.21,15,16:17:16,False,,False,True,723.22,52,1,128,671391076,train,True
668288049,723.1,15,16:17:17,False,,False,True,723.22,53,1,128,671391076,train,True
668288050,723.1,15,16:17:17,False,,False,True,723.22,54,1,128,671391076,train,True
668288051,723.15,15,16:17:18,False,,False,True,723.22,55,1,128,671391076,train,True
668288052,723.17,15,16:17:19,False,,False,True,723.22,56,1,128,671391076,train,True
668288053,723.17,15,16:17:20,False,,False,True,723.22,57,1,128,671391076,train,True
668288054,723.08,15,16:17:21,False,,False,True,723.22,58,1,128,671391076,train,True
668287995,723.17,15,16:16:24,False,,False,False,723.25,6,0,129,671395245,train,True
668287996,723.16,15,16:16:25,False,,False,False,723.25,5,0,129,671395245,train,True
668287997,723.19,15,16:16:26,False,,False,False,723.25,5,1,129,671395245,train,True
668287998,723.06,15,16:16:27,False,,False,False,723.25,5,1,129,671395245,train,True
668287999,723.07,15,16:16:28,False,,False,False,723.25,5,1,129,671395245,train,True
668288000,723.08,15,16:16:29,False,,False,False,723.25,6,1,129,671395245,train,True
668288001,723.17,15,16:16:30,False,,False,False,723.25,7,1,129,671395245,train,True
668288002,723.17,15,16:16:31,False,,False,False,723.25,8,1,129,671395245,train,True
668288003,723.17,15,16:16:32,False,,False,False,723.25,8,1,129,671395245,train,True
668288004,723.15,15,16:16:33,False,,False,False,723.25,9,1,129,671395245,train,True
668288005,723.22,15,16:16:34,False,,False,False,723.25,10,1,129,671395245,train,True
668288006,723.17,15,16:16:35,False,,False,False,723.25,11,1,129,671395245,train,True
668288007,723.15,15,16:16:36,False,,False,False,723.25,11,1,129,671395245,train,True
668288008,723.18,15,16:16:37,False,,False,False,723.25,12,1,129,671395245,train,True
668288009,723.14,15,16:16:38,False,,False,False,723.24,13,1,129,671395245,train,True
668288010,723.11,15,16:16:39,False,,False,False,723.24,14,1,129,671395245,train,True
668288011,723.2,15,16:16:40,False,,False,False,723.24,15,1,129,671395245,train,True
668288012,723.17,15,16:16:40,False,,False,False,723.24,16,1,129,671395245,train,True
668288013,723.16,15,16:16:41,False,,False,False,723.24,17,1,129,671395245,train,True
668288014,723.18,15,16:16:42,False,,False,False,723.24,18,1,129,671395245,train,True
668288015,723.23,15,16:16:43,False,,False,False,723.24,19,1,129,671395245,train,True
668288016,723.18,15,16:16:44,False,,False,False,723.24,20,1,129,671395245,train,True
668288017,723.21,15,16:16:45,False,,False,False,723.24,21,1,129,671395245,train,True
668288018,723.2,15,16:16:46,False,,False,False,723.24,22,1,129,671395245,train,True
668288019,723.18,15,16:16:47,False,,False,False,723.24,23,1,129,671395245,train,True
668288020,723.2,15,16:16:48,False,,False,False,723.24,24,1,129,671395245,train,True
668288021,723.19,15,16:16:49,False,,False,False,723.24,25,1,129,671395245,train,True
668288022,723.18,15,16:16:50,False,,False,False,723.24,26,1,129,671395245,train,True
668288023,723.23,15,16:16:51,False,,False,True,723.24,27,1,129,671395245,train,True
668288024,723.12,15,16:16:52,False,,False,True,723.24,28,1,129,671395245,train,True
668288025,723.21,15,16:16:53,False,,False,True,723.24,29,1,129,671395245,train,True
668288026,723.17,15,16:16:54,False,,False,True,723.24,30,1,129,671395245,train,True
668288027,723.13,15,16:16:55,False,,False,True,723.24,31,1,129,671395245,train,True
668288028,723.19,15,16:16:56,False,,False,True,723.24,32,1,129,671395245,train,True
668288029,723.17,15,16:16:57,False,,False,True,723.23,33,1,129,671395245,train,True
668288030,723.15,15,16:16:58,False,,False,True,723.23,34,1,129,671395245,train,True
668288031,723.22,15,16:16:59,False,,False,True,723.23,35,1,129,671395245,train,True
668288032,723.13,15,16:17:00,False,,False,True,723.23,36,1,129,671395245,train,True
668288033,723.15,15,16:17:01,False,,False,True,723.23,37,1,129,671395245,train,True
668288034,723.13,15,16:17:02,False,,False,True,723.23,38,1,129,671395245,train,True
668288035,723.13,15,16:17:03,False,,False,True,723.23,39,1,129,671395245,train,True
668288036,723.11,15,16:17:04,False,,False,True,723.23,40,1,129,671395245,train,True
668288037,723.2,15,16:17:05,False,,False,True,723.23,41,1,129,671395245,train,True
668288038,723.13,15,16:17:06,False,,False,True,723.23,42,1,129,671395245,train,True
668288039,723.11,15,16:17:07,False,,False,True,723.23,43,1,129,671395245,train,True
668288040,723.07,15,16:17:08,False,,False,True,723.23,44,1,129,671395245,train,True
668288041,723.09,15,16:17:09,False,,False,True,723.23,45,1,129,671395245,train,True
668288042,723.22,15,16:17:10,False,,False,True,723.23,46,1,129,671395245,train,True
668288043,723.23,15,16:17:11,False,,False,True,723.23,47,1,129,671395245,train,True
668288044,723.16,15,16:17:12,False,,False,True,723.22,48,1,129,671395245,train,True
668288045,723.19,15,16:17:13,False,,False,True,723.22,49,1,129,671395245,train,True
668288046,723.14,15,16:17:14,False,,False,True,723.22,50,1,129,671395245,train,True
668288047,723.1,15,16:17:15,False,,False,True,723.22,51,1,129,671395245,train,True
668288048,723.21,15,16:17:16,False,,False,True,723.22,52,1,129,671395245,train,True
668288049,723.1,15,16:17:17,False,,False,True,723.22,53,1,129,671395245,train,True
668288050,723.1,15,16:17:17,False,,False,True,723.22,54,1,129,671395245,train,True
668288051,723.15,15,16:17:18,False,,False,True,723.22,55,1,129,671395245,train,True
668288052,723.17,15,16:17:19,False,,False,True,723.22,56,1,129,671395245,train,True
668288053,723.17,15,16:17:20,False,,False,True,723.22,57,1,129,671395245,train,True
668288054,723.08,15,16:17:21,False,,False,True,723.22,58,1,129,671395245,train,True
668287995,723.17,15,16:16:24,False,,False,False,723.25,6,0,130,671466934,train,True
668287996,723.16,15,16:16:25,False,,False,False,723.25,5,0,130,671466934,train,True
668287997,723.19,15,16:16:26,False,,False,False,723.25,5,1,130,671466934,train,True
668287998,723.06,15,16:16:27,False,,False,False,723.25,5,1,130,671466934,train,True
668287999,723.07,15,16:16:28,False,,False,False,723.25,5,1,130,671466934,train,True
668288000,723.08,15,16:16:29,False,,False,False,723.25,6,1,130,671466934,train,True
668288001,723.17,15,16:16:30,False,,False,False,723.25,7,1,130,671466934,train,True
668288002,723.17,15,16:16:31,False,,False,False,723.25,8,1,130,671466934,train,True
668288003,723.17,15,16:16:32,False,,False,False,723.25,8,1,130,671466934,train,True
668288004,723.15,15,16:16:33,False,,False,False,723.25,9,1,130,671466934,train,True
668288005,723.22,15,16:16:34,False,,False,False,723.25,10,1,130,671466934,train,True
668288006,723.17,15,16:16:35,False,,False,False,723.25,11,1,130,671466934,train,True
668288007,723.15,15,16:16:36,False,,False,False,723.25,11,1,130,671466934,train,True
668288008,723.18,15,16:16:37,False,,False,False,723.25,12,1,130,671466934,train,True
668288009,723.14,15,16:16:38,False,,False,False,723.24,13,1,130,671466934,train,True
668288010,723.11,15,16:16:39,False,,False,False,723.24,14,1,130,671466934,train,True
668288011,723.2,15,16:16:40,False,,False,False,723.24,15,1,130,671466934,train,True
668288012,723.17,15,16:16:40,False,,False,False,723.24,16,1,130,671466934,train,True
668288013,723.16,15,16:16:41,False,,False,False,723.24,17,1,130,671466934,train,True
668288014,723.18,15,16:16:42,False,,False,False,723.24,18,1,130,671466934,train,True
668288015,723.23,15,16:16:43,False,,False,False,723.24,19,1,130,671466934,train,True
668288016,723.18,15,16:16:44,False,,False,False,723.24,20,1,130,671466934,train,True
668288017,723.21,15,16:16:45,False,,False,False,723.24,21,1,130,671466934,train,True
668288018,723.2,15,16:16:46,False,,False,False,723.24,22,1,130,671466934,train,True
668288019,723.18,15,16:16:47,False,,False,False,723.24,23,1,130,671466934,train,True
668288020,723.2,15,16:16:48,False,,False,False,723.24,24,1,130,671466934,train,True
668288021,723.19,15,16:16:49,False,,False,False,723.24,25,1,130,671466934,train,True
668288022,723.18,15,16:16:50,False,,False,False,723.24,26,1,130,671466934,train,True
668288023,723.23,15,16:16:51,False,,False,True,723.24,27,1,130,671466934,train,True
668288024,723.12,15,16:16:52,False,,False,True,723.24,28,1,130,671466934,train,True
668288025,723.21,15,16:16:53,False,,False,True,723.24,29,1,130,671466934,train,True
668288026,723.17,15,16:16:54,False,,False,True,723.24,30,1,130,671466934,train,True
668288027,723.13,15,16:16:55,False,,False,True,723.24,31,1,130,671466934,train,True
668288028,723.19,15,16:16:56,False,,False,True,723.24,32,1,130,671466934,train,True
668288029,723.17,15,16:16:57,False,,False,True,723.23,33,1,130,671466934,train,True
668288030,723.15,15,16:16:58,False,,False,True,723.23,34,1,130,671466934,train,True
668288031,723.22,15,16:16:59,False,,False,True,723.23,35,1,130,671466934,train,True
668288032,723.13,15,16:17:00,False,,False,True,723.23,36,1,130,671466934,train,True
668288033,723.15,15,16:17:01,False,,False,True,723.23,37,1,130,671466934,train,True
668288034,723.13,15,16:17:02,False,,False,True,723.23,38,1,130,671466934,train,True
668288035,723.13,15,16:17:03,False,,False,True,723.23,39,1,130,671466934,train,True
668288036,723.11,15,16:17:04,False,,False,True,723.23,40,1,130,671466934,train,True
668288037,723.2,15,16:17:05,False,,False,True,723.23,41,1,130,671466934,train,True
668288038,723.13,15,16:17:06,False,,False,True,723.23,42,1,130,671466934,train,True
668288039,723.11,15,16:17:07,False,,False,True,723.23,43,1,130,671466934,train,True
668288040,723.07,15,16:17:08,False,,False,True,723.23,44,1,130,671466934,train,True
668288041,723.09,15,16:17:09,False,,False,True,723.23,45,1,130,671466934,train,True
668288042,723.22,15,16:17:10,False,,False,True,723.23,46,1,130,671466934,train,True
668288043,723.23,15,16:17:11,False,,False,True,723.23,47,1,130,671466934,train,True
668288044,723.16,15,16:17:12,False,,False,True,723.22,48,1,130,671466934,train,True
668288045,723.19,15,16:17:13,False,,False,True,723.22,49,1,130,671466934,train,True
668288046,723.14,15,16:17:14,False,,False,True,723.22,50,1,130,671466934,train,True
668288047,723.1,15,16:17:15,False,,False,True,723.22,51,1,130,671466934,train,True
668288048,723.21,15,16:17:16,False,,False,True,723.22,52,1,130,671466934,train,True
668288049,723.1,15,16:17:17,False,,False,True,723.22,53,1,130,671466934,train,True
668288050,723.1,15,16:17:17,False,,False,True,723.22,54,1,130,671466934,train,True
668288051,723.15,15,16:17:18,False,,False,True,723.22,55,1,130,671466934,train,True
668288052,723.17,15,16:17:19,False,,False,True,723.22,56,1,130,671466934,train,True
668288053,723.17,15,16:17:20,False,,False,True,723.22,57,1,130,671466934,train,True
668288054,723.08,15,16:17:21,False,,False,True,723.22,58,1,130,671466934,train,True
668287995,723.17,15,16:16:24,False,,False,False,723.25,6,0,131,671468200,train,True
668287996,723.16,15,16:16:25,False,,False,False,723.25,5,0,131,671468200,train,True
668287997,723.19,15,16:16:26,False,,False,False,723.25,5,1,131,671468200,train,True
668287998,723.06,15,16:16:27,False,,False,False,723.25,5,1,131,671468200,train,True
668287999,723.07,15,16:16:28,False,,False,False,723.25,5,1,131,671468200,train,True
668288000,723.08,15,16:16:29,False,,False,False,723.25,6,1,131,671468200,train,True
668288001,723.17,15,16:16:30,False,,False,False,723.25,7,1,131,671468200,train,True
668288002,723.17,15,16:16:31,False,,False,False,723.25,8,1,131,671468200,train,True
668288003,723.17,15,16:16:32,False,,False,False,723.25,8,1,131,671468200,train,True
668288004,723.15,15,16:16:33,False,,False,False,723.25,9,1,131,671468200,train,True
668288005,723.22,15,16:16:34,False,,False,False,723.25,10,1,131,671468200,train,True
668288006,723.17,15,16:16:35,False,,False,False,723.25,11,1,131,671468200,train,True
668288007,723.15,15,16:16:36,False,,False,False,723.25,11,1,131,671468200,train,True
668288008,723.18,15,16:16:37,False,,False,False,723.25,12,1,131,671468200,train,True
668288009,723.14,15,16:16:38,False,,False,False,723.24,13,1,131,671468200,train,True
668288010,723.11,15,16:16:39,False,,False,False,723.24,14,1,131,671468200,train,True
668288011,723.2,15,16:16:40,False,,False,False,723.24,15,1,131,671468200,train,True
668288012,723.17,15,16:16:40,False,,False,False,723.24,16,1,131,671468200,train,True
668288013,723.16,15,16:16:41,False,,False,False,723.24,17,1,131,671468200,train,True
668288014,723.18,15,16:16:42,False,,False,False,723.24,18,1,131,671468200,train,True
668288015,723.23,15,16:16:43,False,,False,False,723.24,19,1,131,671468200,train,True
668288016,723.18,15,16:16:44,False,,False,False,723.24,20,1,131,671468200,train,True
668288017,723.21,15,16:16:45,False,,False,False,723.24,21,1,131,671468200,train,True
668288018,723.2,15,16:16:46,False,,False,False,723.24,22,1,131,671468200,train,True
668288019,723.18,15,16:16:47,False,,False,False,723.24,23,1,131,671468200,train,True
668288020,723.2,15,16:16:48,False,,False,False,723.24,24,1,131,671468200,train,True
668288021,723.19,15,16:16:49,False,,False,False,723.24,25,1,131,671468200,train,True
668288022,723.18,15,16:16:50,False,,False,False,723.24,26,1,131,671468200,train,True
668288023,723.23,15,16:16:51,False,,False,True,723.24,27,1,131,671468200,train,True
668288024,723.12,15,16:16:52,False,,False,True,723.24,28,1,131,671468200,train,True
668288025,723.21,15,16:16:53,False,,False,True,723.24,29,1,131,671468200,train,True
668288026,723.17,15,16:16:54,False,,False,True,723.24,30,1,131,671468200,train,True
668288027,723.13,15,16:16:55,False,,False,True,723.24,31,1,131,671468200,train,True
668288028,723.19,15,16:16:56,False,,False,True,723.24,32,1,131,671468200,train,True
668288029,723.17,15,16:16:57,False,,False,True,723.23,33,1,131,671468200,train,True
668288030,723.15,15,16:16:58,False,,False,True,723.23,34,1,131,671468200,train,True
668288031,723.22,15,16:16:59,False,,False,True,723.23,35,1,131,671468200,train,True
668288032,723.13,15,16:17:00,False,,False,True,723.23,36,1,131,671468200,train,True
668288033,723.15,15,16:17:01,False,,False,True,723.23,37,1,131,671468200,train,True
668288034,723.13,15,16:17:02,False,,False,True,723.23,38,1,131,671468200,train,True
668288035,723.13,15,16:17:03,False,,False,True,723.23,39,1,131,671468200,train,True
668288036,723.11,15,16:17:04,False,,False,True,723.23,40,1,131,671468200,train,True
668288037,723.2,15,16:17:05,False,,False,True,723.23,41,1,131,671468200,train,True
668288038,723.13,15,16:17:06,False,,False,True,723.23,42,1,131,671468200,train,True
668288039,723.11,15,16:17:07,False,,False,True,723.23,43,1,131,671468200,train,True
668288040,723.07,15,16:17:08,False,,False,True,723.23,44,1,131,671468200,train,True
668288041,723.09,15,16:17:09,False,,False,True,723.23,45,1,131,671468200,train,True
668288042,723.22,15,16:17:10,False,,False,True,723.23,46,1,131,671468200,train,True
668288043,723.23,15,16:17:11,False,,False,True,723.23,47,1,131,671468200,train,True
668288044,723.16,15,16:17:12,False,,False,True,723.22,48,1,131,671468200,train,True
668288045,723.19,15,16:17:13,False,,False,True,723.22,49,1,131,671468200,train,True
668288046,723.14,15,16:17:14,False,,False,True,723.22,50,1,131,671468200,train,True
668288047,723.1,15,16:17:15,False,,False,True,723.22,51,1,131,671468200,train,True
668288048,723.21,15,16:17:16,False,,False,True,723.22,52,1,131,671468200,train,True
668288049,723.1,15,16:17:17,False,,False,True,723.22,53,1,131,671468200,train,True
668288050,723.1,15,16:17:17,False,,False,True,723.22,54,1,131,671468200,train,True
668288051,723.15,15,16:17:18,False,,False,True,723.22,55,1,131,671468200,train,True
668288052,723.17,15,16:17:19,False,,False,True,723.22,56,1,131,671468200,train,True
668288053,723.17,15,16:17:20,False,,False,True,723.22,57,1,131,671468200,train,True
668288054,723.08,15,16:17:21,False,,False,True,723.22,58,1,131,671468200,train,True
668287995,723.17,15,16:16:24,False,,False,False,723.25,6,0,132,671559311,train,True
668287996,723.16,15,16:16:25,False,,False,False,723.25,5,0,132,671559311,train,True
668287997,723.19,15,16:16:26,False,,False,False,723.25,5,1,132,671559311,train,True
668287998,723.06,15,16:16:27,False,,False,False,723.25,5,1,132,671559311,train,True
668287999,723.07,15,16:16:28,False,,False,False,723.25,5,1,132,671559311,train,True
668288000,723.08,15,16:16:29,False,,False,False,723.25,6,1,132,671559311,train,True
668288001,723.17,15,16:16:30,False,,False,False,723.25,7,1,132,671559311,train,True
668288002,723.17,15,16:16:31,False,,False,False,723.25,8,1,132,671559311,train,True
668288003,723.17,15,16:16:32,False,,False,False,723.25,8,1,132,671559311,train,True
668288004,723.15,15,16:16:33,False,,False,False,723.25,9,1,132,671559311,train,True
668288005,723.22,15,16:16:34,False,,False,False,723.25,10,1,132,671559311,train,True
668288006,723.17,15,16:16:35,False,,False,False,723.25,11,1,132,671559311,train,True
668288007,723.15,15,16:16:36,False,,False,False,723.25,11,1,132,671559311,train,True
668288008,723.18,15,16:16:37,False,,False,False,723.25,12,1,132,671559311,train,True
668288009,723.14,15,16:16:38,False,,False,False,723.24,13,1,132,671559311,train,True
668288010,723.11,15,16:16:39,False,,False,False,723.24,14,1,132,671559311,train,True
668288011,723.2,15,16:16:40,False,,False,False,723.24,15,1,132,671559311,train,True
668288012,723.17,15,16:16:40,False,,False,False,723.24,16,1,132,671559311,train,True
668288013,723.16,15,16:16:41,False,,False,False,723.24,17,1,132,671559311,train,True
668288014,723.18,15,16:16:42,False,,False,False,723.24,18,1,132,671559311,train,True
668288015,723.23,15,16:16:43,False,,False,False,723.24,19,1,132,671559311,train,True
668288016,723.18,15,16:16:44,False,,False,False,723.24,20,1,132,671559311,train,True
668288017,723.21,15,16:16:45,False,,False,False,723.24,21,1,132,671559311,train,True
668288018,723.2,15,16:16:46,False,,False,False,723.24,22,1,132,671559311,train,True
668288019,723.18,15,16:16:47,False,,False,False,723.24,23,1,132,671559311,train,True
668288020,723.2,15,16:16:48,False,,False,False,723.24,24,1,132,671559311,train,True
668288021,723.19,15,16:16:49,False,,False,False,723.24,25,1,132,671559311,train,True
668288022,723.18,15,16:16:50,False,,False,False,723.24,26,1,132,671559311,train,True
668288023,723.23,15,16:16:51,False,,False,True,723.24,27,1,132,671559311,train,True
668288024,723.12,15,16:16:52,False,,False,True,723.24,28,1,132,671559311,train,True
668288025,723.21,15,16:16:53,False,,False,True,723.24,29,1,132,671559311,train,True
668288026,723.17,15,16:16:54,False,,False,True,723.24,30,1,132,671559311,train,True
668288027,723.13,15,16:16:55,False,,False,True,723.24,31,1,132,671559311,train,True
668288028,723.19,15,16:16:56,False,,False,True,723.24,32,1,132,671559311,train,True
668288029,723.17,15,16:16:57,False,,False,True,723.23,33,1,132,671559311,train,True
668288030,723.15,15,16:16:58,False,,False,True,723.23,34,1,132,671559311,train,True
668288031,723.22,15,16:16:59,False,,False,True,723.23,35,1,132,671559311,train,True
668288032,723.13,15,16:17:00,False,,False,True,723.23,36,1,132,671559311,train,True
668288033,723.15,15,16:17:01,False,,False,True,723.23,37,1,132,671559311,train,True
668288034,723.13,15,16:17:02,False,,False,True,723.23,38,1,132,671559311,train,True
668288035,723.13,15,16:17:03,False,,False,True,723.23,39,1,132,671559311,train,True
668288036,723.11,15,16:17:04,False,,False,True,723.23,40,1,132,671559311,train,True
668288037,723.2,15,16:17:05,False,,False,True,723.23,41,1,132,671559311,train,True
668288038,723.13,15,16:17:06,False,,False,True,723.23,42,1,132,671559311,train,True
668288039,723.11,15,16:17:07,False,,False,True,723.23,43,1,132,671559311,train,True
668288040,723.07,15,16:17:08,False,,False,True,723.23,44,1,132,671559311,train,True
668288041,723.09,15,16:17:09,False,,False,True,723.23,45,1,132,671559311,train,True
668288042,723.22,15,16:17:10,False,,False,True,723.23,46,1,132,671559311,train,True
668288043,723.23,15,16:17:11,False,,False,True,723.23,47,1,132,671559311,train,True
668288044,723.16,15,16:17:12,False,,False,True,723.22,48,1,132,671559311,train,True
668288045,723.19,15,16:17:13,False,,False,True,723.22,49,1,132,671559311,train,True
668288046,723.14,15,16:17:14,False,,False,True,723.22,50,1,132,671559311,train,True
668288047,723.1,15,16:17:15,False,,False,True,723.22,51,1,132,671559311,train,True
668288048,723.21,15,16:17:16,False,,False,True,723.22,52,1,132,671559311,train,True
668288049,723.1,15,16:17:17,False,,False,True,723.22,53,1,132,671559311,train,True
668288050,723.1,15,16:17:17,False,,False,True,723.22,54,1,132,671559311,train,True
668288051,723.15,15,16:17:18,False,,False,True,723.22,55,1,132,671559311,train,True
668288052,723.17,15,16:17:19,False,,False,True,723.22,56,1,132,671559311,train,True
668288053,723.17,15,16:17:20,False,,False,True,723.22,57,1,132,671559311,train,True
668288054,723.08,15,16:17:21,False,,False,True,723.22,58,1,132,671559311,train,True
668287995,723.17,15,16:16:24,False,,False,False,723.25,6,0,133,671560213,train,True
668287996,723.16,15,16:16:25,False,,False,False,723.25,5,0,133,671560213,train,True
668287997,723.19,15,16:16:26,False,,False,False,723.25,5,1,133,671560213,train,True
668287998,723.06,15,16:16:27,False,,False,False,723.25,5,1,133,671560213,train,True
668287999,723.07,15,16:16:28,False,,False,False,723.25,5,1,133,671560213,train,True
668288000,723.08,15,16:16:29,False,,False,False,723.25,6,1,133,671560213,train,True
668288001,723.17,15,16:16:30,False,,False,False,723.25,7,1,133,671560213,train,True
668288002,723.17,15,16:16:31,False,,False,False,723.25,8,1,133,671560213,train,True
668288003,723.17,15,16:16:32,False,,False,False,723.25,8,1,133,671560213,train,True
668288004,723.15,15,16:16:33,False,,False,False,723.25,9,1,133,671560213,train,True
668288005,723.22,15,16:16:34,False,,False,False,723.25,10,1,133,671560213,train,True
668288006,723.17,15,16:16:35,False,,False,False,723.25,11,1,133,671560213,train,True
668288007,723.15,15,16:16:36,False,,False,False,723.25,11,1,133,671560213,train,True
668288008,723.18,15,16:16:37,False,,False,False,723.25,12,1,133,671560213,train,True
668288009,723.14,15,16:16:38,False,,False,False,723.24,13,1,133,671560213,train,True
668288010,723.11,15,16:16:39,False,,False,False,723.24,14,1,133,671560213,train,True
668288011,723.2,15,16:16:40,False,,False,False,723.24,15,1,133,671560213,train,True
668288012,723.17,15,16:16:40,False,,False,False,723.24,16,1,133,671560213,train,True
668288013,723.16,15,16:16:41,False,,False,False,723.24,17,1,133,671560213,train,True
668288014,723.18,15,16:16:42,False,,False,False,723.24,18,1,133,671560213,train,True
668288015,723.23,15,16:16:43,False,,False,False,723.24,19,1,133,671560213,train,True
668288016,723.18,15,16:16:44,False,,False,False,723.24,20,1,133,671560213,train,True
668288017,723.21,15,16:16:45,False,,False,False,723.24,21,1,133,671560213,train,True
668288018,723.2,15,16:16:46,False,,False,False,723.24,22,1,133,671560213,train,True
668288019,723.18,15,16:16:47,False,,False,False,723.24,23,1,133,671560213,train,True
668288020,723.2,15,16:16:48,False,,False,False,723.24,24,1,133,671560213,train,True
668288021,723.19,15,16:16:49,False,,False,False,723.24,25,1,133,671560213,train,True
668288022,723.18,15,16:16:50,False,,False,False,723.24,26,1,133,671560213,train,True
668288023,723.23,15,16:16:51,False,,False,True,723.24,27,1,133,671560213,train,True
668288024,723.12,15,16:16:52,False,,False,True,723.24,28,1,133,671560213,train,True
668288025,723.21,15,16:16:53,False,,False,True,723.24,29,1,133,671560213,train,True
668288026,723.17,15,16:16:54,False,,False,True,723.24,30,1,133,671560213,train,True
668288027,723.13,15,16:16:55,False,,False,True,723.24,31,1,133,671560213,train,True
668288028,723.19,15,16:16:56,False,,False,True,723.24,32,1,133,671560213,train,True
668288029,723.17,15,16:16:57,False,,False,True,723.23,33,1,133,671560213,train,True
668288030,723.15,15,16:16:58,False,,False,True,723.23,34,1,133,671560213,train,True
668288031,723.22,15,16:16:59,False,,False,True,723.23,35,1,133,671560213,train,True
668288032,723.13,15,16:17:00,False,,False,True,723.23,36,1,133,671560213,train,True
668288033,723.15,15,16:17:01,False,,False,True,723.23,37,1,133,671560213,train,True
668288034,723.13,15,16:17:02,False,,False,True,723.23,38,1,133,671560213,train,True
668288035,723.13,15,16:17:03,False,,False,True,723.23,39,1,133,671560213,train,True
668288036,723.11,15,16:17:04,False,,False,True,723.23,40,1,133,671560213,train,True
668288037,723.2,15,16:17:05,False,,False,True,723.23,41,1,133,671560213,train,True
668288038,723.13,15,16:17:06,False,,False,True,723.23,42,1,133,671560213,train,True
668288039,723.11,15,16:17:07,False,,False,True,723.23,43,1,133,671560213,train,True
668288040,723.07,15,16:17:08,False,,False,True,723.23,44,1,133,671560213,train,True
668288041,723.09,15,16:17:09,False,,False,True,723.23,45,1,133,671560213,train,True
668288042,723.22,15,16:17:10,False,,False,True,723.23,46,1,133,671560213,train,True
668288043,723.23,15,16:17:11,False,,False,True,723.23,47,1,133,671560213,train,True
668288044,723.16,15,16:17:12,False,,False,True,723.22,48,1,133,671560213,train,True
668288045,723.19,15,16:17:13,False,,False,True,723.22,49,1,133,671560213,train,True
668288046,723.14,15,16:17:14,False,,False,True,723.22,50,1,133,671560213,train,True
668288047,723.1,15,16:17:15,False,,False,True,723.22,51,1,133,671560213,train,True
668288048,723.21,15,16:17:16,False,,False,True,723.22,52,1,133,671560213,train,True
668288049,723.1,15,16:17:17,False,,False,True,723.22,53,1,133,671560213,train,True
668288050,723.1,15,16:17:17,False,,False,True,723.22,54,1,133,671560213,train,True
668288051,723.15,15,16:17:18,False,,False,True,723.22,55,1,133,671560213,train,True
668288052,723.17,15,16:17:19,False,,False,True,723.22,56,1,133,671560213,train,True
668288053,723.17,15,16:17:20,False,,False,True,723.22,57,1,133,671560213,train,True
668288054,723.08,15,16:17:21,False,,False,True,723.22,58,1,133,671560213,train,True
668287995,723.17,15,16:16:24,False,,False,False,723.25,6,0,134,671561065,train,True
668287996,723.16,15,16:16:25,False,,False,False,723.25,5,0,134,671561065,train,True
668287997,723.19,15,16:16:26,False,,False,False,723.25,5,1,134,671561065,train,True
668287998,723.06,15,16:16:27,False,,False,False,723.25,5,1,134,671561065,train,True
668287999,723.07,15,16:16:28,False,,False,False,723.25,5,1,134,671561065,train,True
668288000,723.08,15,16:16:29,False,,False,False,723.25,6,1,134,671561065,train,True
668288001,723.17,15,16:16:30,False,,False,False,723.25,7,1,134,671561065,train,True
668288002,723.17,15,16:16:31,False,,False,False,723.25,8,1,134,671561065,train,True
668288003,723.17,15,16:16:32,False,,False,False,723.25,8,1,134,671561065,train,True
668288004,723.15,15,16:16:33,False,,False,False,723.25,9,1,134,671561065,train,True
668288005,723.22,15,16:16:34,False,,False,False,723.25,10,1,134,671561065,train,True
668288006,723.17,15,16:16:35,False,,False,False,723.25,11,1,134,671561065,train,True
668288007,723.15,15,16:16:36,False,,False,False,723.25,11,1,134,671561065,train,True
668288008,723.18,15,16:16:37,False,,False,False,723.25,12,1,134,671561065,train,True
668288009,723.14,15,16:16:38,False,,False,False,723.24,13,1,134,671561065,train,True
668288010,723.11,15,16:16:39,False,,False,False,723.24,14,1,134,671561065,train,True
668288011,723.2,15,16:16:40,False,,False,False,723.24,15,1,134,671561065,train,True
668288012,723.17,15,16:16:40,False,,False,False,723.24,16,1,134,671561065,train,True
668288013,723.16,15,16:16:41,False,,False,False,723.24,17,1,134,671561065,train,True
668288014,723.18,15,16:16:42,False,,False,False,723.24,18,1,134,671561065,train,True
668288015,723.23,15,16:16:43,False,,False,False,723.24,19,1,134,671561065,train,True
668288016,723.18,15,16:16:44,False,,False,False,723.24,20,1,134,671561065,train,True
668288017,723.21,15,16:16:45,False,,False,False,723.24,21,1,134,671561065,train,True
668288018,723.2,15,16:16:46,False,,False,False,723.24,22,1,134,671561065,train,True
668288019,723.18,15,16:16:47,False,,False,False,723.24,23,1,134,671561065,train,True
668288020,723.2,15,16:16:48,False,,False,False,723.24,24,1,134,671561065,train,True
668288021,723.19,15,16:16:49,False,,False,False,723.24,25,1,134,671561065,train,True
668288022,723.18,15,16:16:50,False,,False,False,723.24,26,1,134,671561065,train,True
668288023,723.23,15,16:16:51,False,,False,True,723.24,27,1,134,671561065,train,True
668288024,723.12,15,16:16:52,False,,False,True,723.24,28,1,134,671561065,train,True
668288025,723.21,15,16:16:53,False,,False,True,723.24,29,1,134,671561065,train,True
668288026,723.17,15,16:16:54,False,,False,True,723.24,30,1,134,671561065,train,True
668288027,723.13,15,16:16:55,False,,False,True,723.24,31,1,134,671561065,train,True
668288028,723.19,15,16:16:56,False,,False,True,723.24,32,1,134,671561065,train,True
668288029,723.17,15,16:16:57,False,,False,True,723.23,33,1,134,671561065,train,True
668288030,723.15,15,16:16:58,False,,False,True,723.23,34,1,134,671561065,train,True
668288031,723.22,15,16:16:59,False,,False,True,723.23,35,1,134,671561065,train,True
668288032,723.13,15,16:17:00,False,,False,True,723.23,36,1,134,671561065,train,True
668288033,723.15,15,16:17:01,False,,False,True,723.23,37,1,134,671561065,train,True
668288034,723.13,15,16:17:02,False,,False,True,723.23,38,1,134,671561065,train,True
668288035,723.13,15,16:17:03,False,,False,True,723.23,39,1,134,671561065,train,True
668288036,723.11,15,16:17:04,False,,False,True,723.23,40,1,134,671561065,train,True
668288037,723.2,15,16:17:05,False,,False,True,723.23,41,1,134,671561065,train,True
668288038,723.13,15,16:17:06,False,,False,True,723.23,42,1,134,671561065,train,True
668288039,723.11,15,16:17:07,False,,False,True,723.23,43,1,134,671561065,train,True
668288040,723.07,15,16:17:08,False,,False,True,723.23,44,1,134,671561065,train,True
668288041,723.09,15,16:17:09,False,,False,True,723.23,45,1,134,671561065,train,True
668288042,723.22,15,16:17:10,False,,False,True,723.23,46,1,134,671561065,train,True
668288043,723.23,15,16:17:11,False,,False,True,723.23,47,1,134,671561065,train,True
668288044,723.16,15,16:17:12,False,,False,True,723.22,48,1,134,671561065,train,True
668288045,723.19,15,16:17:13,False,,False,True,723.22,49,1,134,671561065,train,True
668288046,723.14,15,16:17:14,False,,False,True,723.22,50,1,134,671561065,train,True
668288047,723.1,15,16:17:15,False,,False,True,723.22,51,1,134,671561065,train,True
668288048,723.21,15,16:17:16,False,,False,True,723.22,52,1,134,671561065,train,True
668288049,723.1,15,16:17:17,False,,False,True,723.22,53,1,134,671561065,train,True
668288050,723.1,15,16:17:17,False,,False,True,723.22,54,1,134,671561065,train,True
668288051,723.15,15,16:17:18,False,,False,True,723.22,55,1,134,671561065,train,True
668288052,723.17,15,16:17:19,False,,False,True,723.22,56,1,134,671561065,train,True
668288053,723.17,15,16:17:20,False,,False,True,723.22,57,1,134,671561065,train,True
668288054,723.08,15,16:17:21,False,,False,True,723.22,58,1,134,671561065,train,True
668287995,723.17,15,16:16:24,False,,False,False,723.25,6,0,135,671563881,train,True
668287996,723.16,15,16:16:25,False,,False,False,723.25,5,0,135,671563881,train,True
668287997,723.19,15,16:16:26,False,,False,False,723.25,5,1,135,671563881,train,True
668287998,723.06,15,16:16:27,False,,False,False,723.25,5,1,135,671563881,train,True
668287999,723.07,15,16:16:28,False,,False,False,723.25,5,1,135,671563881,train,True
668288000,723.08,15,16:16:29,False,,False,False,723.25,6,1,135,671563881,train,True
668288001,723.17,15,16:16:30,False,,False,False,723.25,7,1,135,671563881,train,True
668288002,723.17,15,16:16:31,False,,False,False,723.25,8,1,135,671563881,train,True
668288003,723.17,15,16:16:32,False,,False,False,723.25,8,1,135,671563881,train,True
668288004,723.15,15,16:16:33,False,,False,False,723.25,9,1,135,671563881,train,True
668288005,723.22,15,16:16:34,False,,False,False,723.25,10,1,135,671563881,train,True
668288006,723.17,15,16:16:35,False,,False,False,723.25,11,1,135,671563881,train,True
668288007,723.15,15,16:16:36,False,,False,False,723.25,11,1,135,671563881,train,True
668288008,723.18,15,16:16:37,False,,False,False,723.25,12,1,135,671563881,train,True
668288009,723.14,15,16:16:38,False,,False,False,723.24,13,1,135,671563881,train,True
668288010,723.11,15,16:16:39,False,,False,False,723.24,14,1,135,671563881,train,True
668288011,723.2,15,16:16:40,False,,False,False,723.24,15,1,135,671563881,train,True
668288012,723.17,15,16:16:40,False,,False,False,723.24,16,1,135,671563881,train,True
668288013,723.16,15,16:16:41,False,,False,False,723.24,17,1,135,671563881,train,True
668288014,723.18,15,16:16:42,False,,False,False,723.24,18,1,135,671563881,train,True
668288015,723.23,15,16:16:43,False,,False,False,723.24,19,1,135,671563881,train,True
668288016,723.18,15,16:16:44,False,,False,False,723.24,20,1,135,671563881,train,True
668288017,723.21,15,16:16:45,False,,False,False,723.24,21,1,135,671563881,train,True
668288018,723.2,15,16:16:46,False,,False,False,723.24,22,1,135,671563881,train,True
668288019,723.18,15,16:16:47,False,,False,False,723.24,23,1,135,671563881,train,True
668288020,723.2,15,16:16:48,False,,False,False,723.24,24,1,135,671563881,train,True
668288021,723.19,15,16:16:49,False,,False,False,723.24,25,1,135,671563881,train,True
668288022,723.18,15,16:16:50,False,,False,False,723.24,26,1,135,671563881,train,True
668288023,723.23,15,16:16:51,False,,False,True,723.24,27,1,135,671563881,train,True
668288024,723.12,15,16:16:52,False,,False,True,723.24,28,1,135,671563881,train,True
668288025,723.21,15,16:16:53,False,,False,True,723.24,29,1,135,671563881,train,True
668288026,723.17,15,16:16:54,False,,False,True,723.24,30,1,135,671563881,train,True
668288027,723.13,15,16:16:55,False,,False,True,723.24,31,1,135,671563881,train,True
668288028,723.19,15,16:16:56,False,,False,True,723.24,32,1,135,671563881,train,True
668288029,723.17,15,16:16:57,False,,False,True,723.23,33,1,135,671563881,train,True
668288030,723.15,15,16:16:58,False,,False,True,723.23,34,1,135,671563881,train,True
668288031,723.22,15,16:16:59,False,,False,True,723.23,35,1,135,671563881,train,True
668288032,723.13,15,16:17:00,False,,False,True,723.23,36,1,135,671563881,train,True
668288033,723.15,15,16:17:01,False,,False,True,723.23,37,1,135,671563881,train,True
668288034,723.13,15,16:17:02,False,,False,True,723.23,38,1,135,671563881,train,True
668288035,723.13,15,16:17:03,False,,False,True,723.23,39,1,135,671563881,train,True
668288036,723.11,15,16:17:04,False,,False,True,723.23,40,1,135,671563881,train,True
668288037,723.2,15,16:17:05,False,,False,True,723.23,41,1,135,671563881,train,True
668288038,723.13,15,16:17:06,False,,False,True,723.23,42,1,135,671563881,train,True
668288039,723.11,15,16:17:07,False,,False,True,723.23,43,1,135,671563881,train,True
668288040,723.07,15,16:17:08,False,,False,True,723.23,44,1,135,671563881,train,True
668288041,723.09,15,16:17:09,False,,False,True,723.23,45,1,135,671563881,train,True
668288042,723.22,15,16:17:10,False,,False,True,723.23,46,1,135,671563881,train,True
668288043,723.23,15,16:17:11,False,,False,True,723.23,47,1,135,671563881,train,True
668288044,723.16,15,16:17:12,False,,False,True,723.22,48,1,135,671563881,train,True
668288045,723.19,15,16:17:13,False,,False,True,723.22,49,1,135,671563881,train,True
668288046,723.14,15,16:17:14,False,,False,True,723.22,50,1,135,671563881,train,True
668288047,723.1,15,16:17:15,False,,False,True,723.22,51,1,135,671563881,train,True
668288048,723.21,15,16:17:16,False,,False,True,723.22,52,1,135,671563881,train,True
668288049,723.1,15,16:17:17,False,,False,True,723.22,53,1,135,671563881,train,True
668288050,723.1,15,16:17:17,False,,False,True,723.22,54,1,135,671563881,train,True
668288051,723.15,15,16:17:18,False,,False,True,723.22,55,1,135,671563881,train,True
668288052,723.17,15,16:17:19,False,,False,True,723.22,56,1,135,671563881,train,True
668288053,723.17,15,16:17:20,False,,False,True,723.22,57,1,135,671563881,train,True
668288054,723.08,15,16:17:21,False,,False,True,723.22,58,1,135,671563881,train,True
668287995,723.17,15,16:16:24,False,,False,False,723.25,6,0,136,671570327,train,True
668287996,723.16,15,16:16:25,False,,False,False,723.25,5,0,136,671570327,train,True
668287997,723.19,15,16:16:26,False,,False,False,723.25,5,1,136,671570327,train,True
668287998,723.06,15,16:16:27,False,,False,False,723.25,5,1,136,671570327,train,True
668287999,723.07,15,16:16:28,False,,False,False,723.25,5,1,136,671570327,train,True
668288000,723.08,15,16:16:29,False,,False,False,723.25,6,1,136,671570327,train,True
668288001,723.17,15,16:16:30,False,,False,False,723.25,7,1,136,671570327,train,True
668288002,723.17,15,16:16:31,False,,False,False,723.25,8,1,136,671570327,train,True
668288003,723.17,15,16:16:32,False,,False,False,723.25,8,1,136,671570327,train,True
668288004,723.15,15,16:16:33,False,,False,False,723.25,9,1,136,671570327,train,True
668288005,723.22,15,16:16:34,False,,False,False,723.25,10,1,136,671570327,train,True
668288006,723.17,15,16:16:35,False,,False,False,723.25,11,1,136,671570327,train,True
668288007,723.15,15,16:16:36,False,,False,False,723.25,11,1,136,671570327,train,True
668288008,723.18,15,16:16:37,False,,False,False,723.25,12,1,136,671570327,train,True
668288009,723.14,15,16:16:38,False,,False,False,723.24,13,1,136,671570327,train,True
668288010,723.11,15,16:16:39,False,,False,False,723.24,14,1,136,671570327,train,True
668288011,723.2,15,16:16:40,False,,False,False,723.24,15,1,136,671570327,train,True
668288012,723.17,15,16:16:40,False,,False,False,723.24,16,1,136,671570327,train,True
668288013,723.16,15,16:16:41,False,,False,False,723.24,17,1,136,671570327,train,True
668288014,723.18,15,16:16:42,False,,False,False,723.24,18,1,136,671570327,train,True
668288015,723.23,15,16:16:43,False,,False,False,723.24,19,1,136,671570327,train,True
668288016,723.18,15,16:16:44,False,,False,False,723.24,20,1,136,671570327,train,True
668288017,723.21,15,16:16:45,False,,False,False,723.24,21,1,136,671570327,train,True
668288018,723.2,15,16:16:46,False,,False,False,723.24,22,1,136,671570327,train,True
668288019,723.18,15,16:16:47,False,,False,False,723.24,23,1,136,671570327,train,True
668288020,723.2,15,16:16:48,False,,False,False,723.24,24,1,136,671570327,train,True
668288021,723.19,15,16:16:49,False,,False,False,723.24,25,1,136,671570327,train,True
668288022,723.18,15,16:16:50,False,,False,False,723.24,26,1,136,671570327,train,True
668288023,723.23,15,16:16:51,False,,False,True,723.24,27,1,136,671570327,train,True
668288024,723.12,15,16:16:52,False,,False,True,723.24,28,1,136,671570327,train,True
668288025,723.21,15,16:16:53,False,,False,True,723.24,29,1,136,671570327,train,True
668288026,723.17,15,16:16:54,False,,False,True,723.24,30,1,136,671570327,train,True
668288027,723.13,15,16:16:55,False,,False,True,723.24,31,1,136,671570327,train,True
668288028,723.19,15,16:16:56,False,,False,True,723.24,32,1,136,671570327,train,True
668288029,723.17,15,16:16:57,False,,False,True,723.23,33,1,136,671570327,train,True
668288030,723.15,15,16:16:58,False,,False,True,723.23,34,1,136,671570327,train,True
668288031,723.22,15,16:16:59,False,,False,True,723.23,35,1,136,671570327,train,True
668288032,723.13,15,16:17:00,False,,False,True,723.23,36,1,136,671570327,train,True
668288033,723.15,15,16:17:01,False,,False,True,723.23,37,1,136,671570327,train,True
668288034,723.13,15,16:17:02,False,,False,True,723.23,38,1,136,671570327,train,True
668288035,723.13,15,16:17:03,False,,False,True,723.23,39,1,136,671570327,train,True
668288036,723.11,15,16:17:04,False,,False,True,723.23,40,1,136,671570327,train,True
668288037,723.2,15,16:17:05,False,,False,True,723.23,41,1,136,671570327,train,True
668288038,723.13,15,16:17:06,False,,False,True,723.23,42,1,136,671570327,train,True
668288039,723.11,15,16:17:07,False,,False,True,723.23,43,1,136,671570327,train,True
668288040,723.07,15,16:17:08,False,,False,True,723.23,44,1,136,671570327,train,True
668288041,723.09,15,16:17:09,False,,False,True,723.23,45,1,136,671570327,train,True
668288042,723.22,15,16:17:10,False,,False,True,723.23,46,1,136,671570327,train,True
668288043,723.23,15,16:17:11,False,,False,True,723.23,47,1,136,671570327,train,True
668288044,723.16,15,16:17:12,False,,False,True,723.22,48,1,136,671570327,train,True
668288045,723.19,15,16:17:13,False,,False,True,723.22,49,1,136,671570327,train,True
668288046,723.14,15,16:17:14,False,,False,True,723.22,50,1,136,671570327,train,True
668288047,723.1,15,16:17:15,False,,False,True,723.22,51,1,136,671570327,train,True
668288048,723.21,15,16:17:16,False,,False,True,723.22,52,1,136,671570327,train,True
668288049,723.1,15,16:17:17,False,,False,True,723.22,53,1,136,671570327,train,True
668288050,723.1,15,16:17:17,False,,False,True,723.22,54,1,136,671570327,train,True
668288051,723.15,15,16:17:18,False,,False,True,723.22,55,1,136,671570327,train,True
668288052,723.17,15,16:17:19,False,,False,True,723.22,56,1,136,671570327,train,True
668288053,723.17,15,16:17:20,False,,False,True,723.22,57,1,136,671570327,train,True
668288054,723.08,15,16:17:21,False,,False,True,723.22,58,1,136,671570327,train,True
668287995,723.17,15,16:16:24,False,,False,False,723.25,6,0,137,671641441,train,True
668287996,723.16,15,16:16:25,False,,False,False,723.25,5,0,137,671641441,train,True
668287997,723.19,15,16:16:26,False,,False,False,723.25,5,1,137,671641441,train,True
668287998,723.06,15,16:16:27,False,,False,False,723.25,5,1,137,671641441,train,True
668287999,723.07,15,16:16:28,False,,False,False,723.25,5,1,137,671641441,train,True
668288000,723.08,15,16:16:29,False,,False,False,723.25,6,1,137,671641441,train,True
668288001,723.17,15,16:16:30,False,,False,False,723.25,7,1,137,671641441,train,True
668288002,723.17,15,16:16:31,False,,False,False,723.25,8,1,137,671641441,train,True
668288003,723.17,15,16:16:32,False,,False,False,723.25,8,1,137,671641441,train,True
668288004,723.15,15,16:16:33,False,,False,False,723.25,9,1,137,671641441,train,True
668288005,723.22,15,16:16:34,False,,False,False,723.25,10,1,137,671641441,train,True
668288006,723.17,15,16:16:35,False,,False,False,723.25,11,1,137,671641441,train,True
668288007,723.15,15,16:16:36,False,,False,False,723.25,11,1,137,671641441,train,True
668288008,723.18,15,16:16:37,False,,False,False,723.25,12,1,137,671641441,train,True
668288009,723.14,15,16:16:38,False,,False,False,723.24,13,1,137,671641441,train,True
668288010,723.11,15,16:16:39,False,,False,False,723.24,14,1,137,671641441,train,True
668288011,723.2,15,16:16:40,False,,False,False,723.24,15,1,137,671641441,train,True
668288012,723.17,15,16:16:40,False,,False,False,723.24,16,1,137,671641441,train,True
668288013,723.16,15,16:16:41,False,,False,False,723.24,17,1,137,671641441,train,True
668288014,723.18,15,16:16:42,False,,False,False,723.24,18,1,137,671641441,train,True
668288015,723.23,15,16:16:43,False,,False,False,723.24,19,1,137,671641441,train,True
668288016,723.18,15,16:16:44,False,,False,False,723.24,20,1,137,671641441,train,True
668288017,723.21,15,16:16:45,False,,False,False,723.24,21,1,137,671641441,train,True
668288018,723.2,15,16:16:46,False,,False,False,723.24,22,1,137,671641441,train,True
668288019,723.18,15,16:16:47,False,,False,False,723.24,23,1,137,671641441,train,True
668288020,723.2,15,16:16:48,False,,False,False,723.24,24,1,137,671641441,train,True
668288021,723.19,15,16:16:49,False,,False,False,723.24,25,1,137,671641441,train,True
668288022,723.18,15,16:16:50,False,,False,False,723.24,26,1,137,671641441,train,True
668288023,723.23,15,16:16:51,False,,False,True,723.24,27,1,137,671641441,train,True
668288024,723.12,15,16:16:52,False,,False,True,723.24,28,1,137,671641441,train,True
668288025,723.21,15,16:16:53,False,,False,True,723.24,29,1,137,671641441,train,True
668288026,723.17,15,16:16:54,False,,False,True,723.24,30,1,137,671641441,train,True
668288027,723.13,15,16:16:55,False,,False,True,723.24,31,1,137,671641441,train,True
668288028,723.19,15,16:16:56,False,,False,True,723.24,32,1,137,671641441,train,True
668288029,723.17,15,16:16:57,False,,False,True,723.23,33,1,137,671641441,train,True
668288030,723.15,15,16:16:58,False,,False,True,723.23,34,1,137,671641441,train,True
668288031,723.22,15,16:16:59,False,,False,True,723.23,35,1,137,671641441,train,True
668288032,723.13,15,16:17:00,False,,False,True,723.23,36,1,137,671641441,train,True
668288033,723.15,15,16:17:01,False,,False,True,723.23,37,1,137,671641441,train,True
668288034,723.13,15,16:17:02,False,,False,True,723.23,38,1,137,671641441,train,True
668288035,723.13,15,16:17:03,False,,False,True,723.23,39,1,137,671641441,train,True
668288036,723.11,15,16:17:04,False,,False,True,723.23,40,1,137,671641441,train,True
668288037,723.2,15,16:17:05,False,,False,True,723.23,41,1,137,671641441,train,True
668288038,723.13,15,16:17:06,False,,False,True,723.23,42,1,137,671641441,train,True
668288039,723.11,15,16:17:07,False,,False,True,723.23,43,1,137,671641441,train,True
668288040,723.07,15,16:17:08,False,,False,True,723.23,44,1,137,671641441,train,True
668288041,723.09,15,16:17:09,False,,False,True,723.23,45,1,137,671641441,train,True
668288042,723.22,15,16:17:10,False,,False,True,723.23,46,1,137,671641441,train,True
668288043,723.23,15,16:17:11,False,,False,True,723.23,47,1,137,671641441,train,True
668288044,723.16,15,16:17:12,False,,False,True,723.22,48,1,137,671641441,train,True
668288045,723.19,15,16:17:13,False,,False,True,723.22,49,1,137,671641441,train,True
668288046,723.14,15,16:17:14,False,,False,True,723.22,50,1,137,671641441,train,True
668288047,723.1,15,16:17:15,False,,False,True,723.22,51,1,137,671641441,train,True
668288048,723.21,15,16:17:16,False,,False,True,723.22,52,1,137,671641441,train,True
668288049,723.1,15,16:17:17,False,,False,True,723.22,53,1,137,671641441,train,True
668288050,723.1,15,16:17:17,False,,False,True,723.22,54,1,137,671641441,train,True
668288051,723.15,15,16:17:18,False,,False,True,723.22,55,1,137,671641441,train,True
668288052,723.17,15,16:17:19,False,,False,True,723.22,56,1,137,671641441,train,True
668288053,723.17,15,16:17:20,False,,False,True,723.22,57,1,137,671641441,train,True
668288054,723.08,15,16:17:21,False,,False,True,723.22,58,1,137,671641441,train,True
668287995,723.17,15,16:16:24,False,,False,False,723.25,6,0,138,671644549,train,True
668287996,723.16,15,16:16:25,False,,False,False,723.25,5,0,138,671644549,train,True
668287997,723.19,15,16:16:26,False,,False,False,723.25,5,1,138,671644549,train,True
668287998,723.06,15,16:16:27,False,,False,False,723.25,5,1,138,671644549,train,True
668287999,723.07,15,16:16:28,False,,False,False,723.25,5,1,138,671644549,train,True
668288000,723.08,15,16:16:29,False,,False,False,723.25,6,1,138,671644549,train,True
668288001,723.17,15,16:16:30,False,,False,False,723.25,7,1,138,671644549,train,True
668288002,723.17,15,16:16:31,False,,False,False,723.25,8,1,138,671644549,train,True
668288003,723.17,15,16:16:32,False,,False,False,723.25,8,1,138,671644549,train,True
668288004,723.15,15,16:16:33,False,,False,False,723.25,9,1,138,671644549,train,True
668288005,723.22,15,16:16:34,False,,False,False,723.25,10,1,138,671644549,train,True
668288006,723.17,15,16:16:35,False,,False,False,723.25,11,1,138,671644549,train,True
668288007,723.15,15,16:16:36,False,,False,False,723.25,11,1,138,671644549,train,True
668288008,723.18,15,16:16:37,False,,False,False,723.25,12,1,138,671644549,train,True
668288009,723.14,15,16:16:38,False,,False,False,723.24,13,1,138,671644549,train,True
668288010,723.11,15,16:16:39,False,,False,False,723.24,14,1,138,671644549,train,True
668288011,723.2,15,16:16:40,False,,False,False,723.24,15,1,138,671644549,train,True
668288012,723.17,15,16:16:40,False,,False,False,723.24,16,1,138,671644549,train,True
668288013,723.16,15,16:16:41,False,,False,False,723.24,17,1,138,671644549,train,True
668288014,723.18,15,16:16:42,False,,False,False,723.24,18,1,138,671644549,train,True
668288015,723.23,15,16:16:43,False,,False,False,723.24,19,1,138,671644549,train,True
668288016,723.18,15,16:16:44,False,,False,False,723.24,20,1,138,671644549,train,True
668288017,723.21,15,16:16:45,False,,False,False,723.24,21,1,138,671644549,train,True
668288018,723.2,15,16:16:46,False,,False,False,723.24,22,1,138,671644549,train,True
668288019,723.18,15,16:16:47,False,,False,False,723.24,23,1,138,671644549,train,True
668288020,723.2,15,16:16:48,False,,False,False,723.24,24,1,138,671644549,train,True
668288021,723.19,15,16:16:49,False,,False,False,723.24,25,1,138,671644549,train,True
668288022,723.18,15,16:16:50,False,,False,False,723.24,26,1,138,671644549,train,True
668288023,723.23,15,16:16:51,False,,False,True,723.24,27,1,138,671644549,train,True
668288024,723.12,15,16:16:52,False,,False,True,723.24,28,1,138,671644549,train,True
668288025,723.21,15,16:16:53,False,,False,True,723.24,29,1,138,671644549,train,True
668288026,723.17,15,16:16:54,False,,False,True,723.24,30,1,138,671644549,train,True
668288027,723.13,15,16:16:55,False,,False,True,723.24,31,1,138,671644549,train,True
668288028,723.19,15,16:16:56,False,,False,True,723.24,32,1,138,671644549,train,True
668288029,723.17,15,16:16:57,False,,False,True,723.23,33,1,138,671644549,train,True
668288030,723.15,15,16:16:58,False,,False,True,723.23,34,1,138,671644549,train,True
668288031,723.22,15,16:16:59,False,,False,True,723.23,35,1,138,671644549,train,True
668288032,723.13,15,16:17:00,False,,False,True,723.23,36,1,138,671644549,train,True
668288033,723.15,15,16:17:01,False,,False,True,723.23,37,1,138,671644549,train,True
668288034,723.13,15,16:17:02,False,,False,True,723.23,38,1,138,671644549,train,True
668288035,723.13,15,16:17:03,False,,False,True,723.23,39,1,138,671644549,train,True
668288036,723.11,15,16:17:04,False,,False,True,723.23,40,1,138,671644549,train,True
668288037,723.2,15,16:17:05,False,,False,True,723.23,41,1,138,671644549,train,True
668288038,723.13,15,16:17:06,False,,False,True,723.23,42,1,138,671644549,train,True
668288039,723.11,15,16:17:07,False,,False,True,723.23,43,1,138,671644549,train,True
668288040,723.07,15,16:17:08,False,,False,True,723.23,44,1,138,671644549,train,True
668288041,723.09,15,16:17:09,False,,False,True,723.23,45,1,138,671644549,train,True
668288042,723.22,15,16:17:10,False,,False,True,723.23,46,1,138,671644549,train,True
668288043,723.23,15,16:17:11,False,,False,True,723.23,47,1,138,671644549,train,True
668288044,723.16,15,16:17:12,False,,False,True,723.22,48,1,138,671644549,train,True
668288045,723.19,15,16:17:13,False,,False,True,723.22,49,1,138,671644549,train,True
668288046,723.14,15,16:17:14,False,,False,True,723.22,50,1,138,671644549,train,True
668288047,723.1,15,16:17:15,False,,False,True,723.22,51,1,138,671644549,train,True
668288048,723.21,15,16:17:16,False,,False,True,723.22,52,1,138,671644549,train,True
668288049,723.1,15,16:17:17,False,,False,True,723.22,53,1,138,671644549,train,True
668288050,723.1,15,16:17:17,False,,False,True,723.22,54,1,138,671644549,train,True
668288051,723.15,15,16:17:18,False,,False,True,723.22,55,1,138,671644549,train,True
668288052,723.17,15,16:17:19,False,,False,True,723.22,56,1,138,671644549,train,True
668288053,723.17,15,16:17:20,False,,False,True,723.22,57,1,138,671644549,train,True
668288054,723.08,15,16:17:21,False,,False,True,723.22,58,1,138,671644549,train,True
668287995,723.17,15,16:16:24,False,,False,False,723.25,6,0,139,671645443,train,True
668287996,723.16,15,16:16:25,False,,False,False,723.25,5,0,139,671645443,train,True
668287997,723.19,15,16:16:26,False,,False,False,723.25,5,1,139,671645443,train,True
668287998,723.06,15,16:16:27,False,,False,False,723.25,5,1,139,671645443,train,True
668287999,723.07,15,16:16:28,False,,False,False,723.25,5,1,139,671645443,train,True
668288000,723.08,15,16:16:29,False,,False,False,723.25,6,1,139,671645443,train,True
668288001,723.17,15,16:16:30,False,,False,False,723.25,7,1,139,671645443,train,True
668288002,723.17,15,16:16:31,False,,False,False,723.25,8,1,139,671645443,train,True
668288003,723.17,15,16:16:32,False,,False,False,723.25,8,1,139,671645443,train,True
668288004,723.15,15,16:16:33,False,,False,False,723.25,9,1,139,671645443,train,True
668288005,723.22,15,16:16:34,False,,False,False,723.25,10,1,139,671645443,train,True
668288006,723.17,15,16:16:35,False,,False,False,723.25,11,1,139,671645443,train,True
668288007,723.15,15,16:16:36,False,,False,False,723.25,11,1,139,671645443,train,True
668288008,723.18,15,16:16:37,False,,False,False,723.25,12,1,139,671645443,train,True
668288009,723.14,15,16:16:38,False,,False,False,723.24,13,1,139,671645443,train,True
668288010,723.11,15,16:16:39,False,,False,False,723.24,14,1,139,671645443,train,True
668288011,723.2,15,16:16:40,False,,False,False,723.24,15,1,139,671645443,train,True
668288012,723.17,15,16:16:40,False,,False,False,723.24,16,1,139,671645443,train,True
668288013,723.16,15,16:16:41,False,,False,False,723.24,17,1,139,671645443,train,True
668288014,723.18,15,16:16:42,False,,False,False,723.24,18,1,139,671645443,train,True
668288015,723.23,15,16:16:43,False,,False,False,723.24,19,1,139,671645443,train,True
668288016,723.18,15,16:16:44,False,,False,False,723.24,20,1,139,671645443,train,True
668288017,723.21,15,16:16:45,False,,False,False,723.24,21,1,139,671645443,train,True
668288018,723.2,15,16:16:46,False,,False,False,723.24,22,1,139,671645443,train,True
668288019,723.18,15,16:16:47,False,,False,False,723.24,23,1,139,671645443,train,True
668288020,723.2,15,16:16:48,False,,False,False,723.24,24,1,139,671645443,train,True
668288021,723.19,15,16:16:49,False,,False,False,723.24,25,1,139,671645443,train,True
668288022,723.18,15,16:16:50,False,,False,False,723.24,26,1,139,671645443,train,True
668288023,723.23,15,16:16:51,False,,False,True,723.24,27,1,139,671645443,train,True
668288024,723.12,15,16:16:52,False,,False,True,723.24,28,1,139,671645443,train,True
668288025,723.21,15,16:16:53,False,,False,True,723.24,29,1,139,671645443,train,True
668288026,723.17,15,16:16:54,False,,False,True,723.24,30,1,139,671645443,train,True
668288027,723.13,15,16:16:55,False,,False,True,723.24,31,1,139,671645443,train,True
668288028,723.19,15,16:16:56,False,,False,True,723.24,32,1,139,671645443,train,True
668288029,723.17,15,16:16:57,False,,False,True,723.23,33,1,139,671645443,train,True
668288030,723.15,15,16:16:58,False,,False,True,723.23,34,1,139,671645443,train,True
668288031,723.22,15,16:16:59,False,,False,True,723.23,35,1,139,671645443,train,True
668288032,723.13,15,16:17:00,False,,False,True,723.23,36,1,139,671645443,train,True
668288033,723.15,15,16:17:01,False,,False,True,723.23,37,1,139,671645443,train,True
668288034,723.13,15,16:17:02,False,,False,True,723.23,38,1,139,671645443,train,True
668288035,723.13,15,16:17:03,False,,False,True,723.23,39,1,139,671645443,train,True
668288036,723.11,15,16:17:04,False,,False,True,723.23,40,1,139,671645443,train,True
668288037,723.2,15,16:17:05,False,,False,True,723.23,41,1,139,671645443,train,True
668288038,723.13,15,16:17:06,False,,False,True,723.23,42,1,139,671645443,train,True
668288039,723.11,15,16:17:07,False,,False,True,723.23,43,1,139,671645443,train,True
668288040,723.07,15,16:17:08,False,,False,True,723.23,44,1,139,671645443,train,True
668288041,723.09,15,16:17:09,False,,False,True,723.23,45,1,139,671645443,train,True
668288042,723.22,15,16:17:10,False,,False,True,723.23,46,1,139,671645443,train,True
668288043,723.23,15,16:17:11,False,,False,True,723.23,47,1,139,671645443,train,True
668288044,723.16,15,16:17:12,False,,False,True,723.22,48,1,139,671645443,train,True
668288045,723.19,15,16:17:13,False,,False,True,723.22,49,1,139,671645443,train,True
668288046,723.14,15,16:17:14,False,,False,True,723.22,50,1,139,671645443,train,True
668288047,723.1,15,16:17:15,False,,False,True,723.22,51,1,139,671645443,train,True
668288048,723.21,15,16:17:16,False,,False,True,723.22,52,1,139,671645443,train,True
668288049,723.1,15,16:17:17,False,,False,True,723.22,53,1,139,671645443,train,True
668288050,723.1,15,16:17:17,False,,False,True,723.22,54,1,139,671645443,train,True
668288051,723.15,15,16:17:18,False,,False,True,723.22,55,1,139,671645443,train,True
668288052,723.17,15,16:17:19,False,,False,True,723.22,56,1,139,671645443,train,True
668288053,723.17,15,16:17:20,False,,False,True,723.22,57,1,139,671645443,train,True
668288054,723.08,15,16:17:21,False,,False,True,723.22,58,1,139,671645443,train,True
668287995,723.17,15,16:16:24,False,,False,False,723.25,6,0,140,671648210,train,True
668287996,723.16,15,16:16:25,False,,False,False,723.25,5,0,140,671648210,train,True
668287997,723.19,15,16:16:26,False,,False,False,723.25,5,1,140,671648210,train,True
668287998,723.06,15,16:16:27,False,,False,False,723.25,5,1,140,671648210,train,True
668287999,723.07,15,16:16:28,False,,False,False,723.25,5,1,140,671648210,train,True
668288000,723.08,15,16:16:29,False,,False,False,723.25,6,1,140,671648210,train,True
668288001,723.17,15,16:16:30,False,,False,False,723.25,7,1,140,671648210,train,True
668288002,723.17,15,16:16:31,False,,False,False,723.25,8,1,140,671648210,train,True
668288003,723.17,15,16:16:32,False,,False,False,723.25,8,1,140,671648210,train,True
668288004,723.15,15,16:16:33,False,,False,False,723.25,9,1,140,671648210,train,True
668288005,723.22,15,16:16:34,False,,False,False,723.25,10,1,140,671648210,train,True
668288006,723.17,15,16:16:35,False,,False,False,723.25,11,1,140,671648210,train,True
668288007,723.15,15,16:16:36,False,,False,False,723.25,11,1,140,671648210,train,True
668288008,723.18,15,16:16:37,False,,False,False,723.25,12,1,140,671648210,train,True
668288009,723.14,15,16:16:38,False,,False,False,723.24,13,1,140,671648210,train,True
668288010,723.11,15,16:16:39,False,,False,False,723.24,14,1,140,671648210,train,True
668288011,723.2,15,16:16:40,False,,False,False,723.24,15,1,140,671648210,train,True
668288012,723.17,15,16:16:40,False,,False,False,723.24,16,1,140,671648210,train,True
668288013,723.16,15,16:16:41,False,,False,False,723.24,17,1,140,671648210,train,True
668288014,723.18,15,16:16:42,False,,False,False,723.24,18,1,140,671648210,train,True
668288015,723.23,15,16:16:43,False,,False,False,723.24,19,1,140,671648210,train,True
668288016,723.18,15,16:16:44,False,,False,False,723.24,20,1,140,671648210,train,True
668288017,723.21,15,16:16:45,False,,False,False,723.24,21,1,140,671648210,train,True
668288018,723.2,15,16:16:46,False,,False,False,723.24,22,1,140,671648210,train,True
668288019,723.18,15,16:16:47,False,,False,False,723.24,23,1,140,671648210,train,True
668288020,723.2,15,16:16:48,False,,False,False,723.24,24,1,140,671648210,train,True
668288021,723.19,15,16:16:49,False,,False,False,723.24,25,1,140,671648210,train,True
668288022,723.18,15,16:16:50,False,,False,False,723.24,26,1,140,671648210,train,True
668288023,723.23,15,16:16:51,False,,False,True,723.24,27,1,140,671648210,train,True
668288024,723.12,15,16:16:52,False,,False,True,723.24,28,1,140,671648210,train,True
668288025,723.21,15,16:16:53,False,,False,True,723.24,29,1,140,671648210,train,True
668288026,723.17,15,16:16:54,False,,False,True,723.24,30,1,140,671648210,train,True
668288027,723.13,15,16:16:55,False,,False,True,723.24,31,1,140,671648210,train,True
668288028,723.19,15,16:16:56,False,,False,True,723.24,32,1,140,671648210,train,True
668288029,723.17,15,16:16:57,False,,False,True,723.23,33,1,140,671648210,train,True
668288030,723.15,15,16:16:58,False,,False,True,723.23,34,1,140,671648210,train,True
668288031,723.22,15,16:16:59,False,,False,True,723.23,35,1,140,671648210,train,True
668288032,723.13,15,16:17:00,False,,False,True,723.23,36,1,140,671648210,train,True
668288033,723.15,15,16:17:01,False,,False,True,723.23,37,1,140,671648210,train,True
668288034,723.13,15,16:17:02,False,,False,True,723.23,38,1,140,671648210,train,True
668288035,723.13,15,16:17:03,False,,False,True,723.23,39,1,140,671648210,train,True
668288036,723.11,15,16:17:04,False,,False,True,723.23,40,1,140,671648210,train,True
668288037,723.2,15,16:17:05,False,,False,True,723.23,41,1,140,671648210,train,True
668288038,723.13,15,16:17:06,False,,False,True,723.23,42,1,140,671648210,train,True
668288039,723.11,15,16:17:07,False,,False,True,723.23,43,1,140,671648210,train,True
668288040,723.07,15,16:17:08,False,,False,True,723.23,44,1,140,671648210,train,True
668288041,723.09,15,16:17:09,False,,False,True,723.23,45,1,140,671648210,train,True
668288042,723.22,15,16:17:10,False,,False,True,723.23,46,1,140,671648210,train,True
668288043,723.23,15,16:17:11,False,,False,True,723.23,47,1,140,671648210,train,True
668288044,723.16,15,16:17:12,False,,False,True,723.22,48,1,140,671648210,train,True
668288045,723.19,15,16:17:13,False,,False,True,723.22,49,1,140,671648210,train,True
668288046,723.14,15,16:17:14,False,,False,True,723.22,50,1,140,671648210,train,True
668288047,723.1,15,16:17:15,False,,False,True,723.22,51,1,140,671648210,train,True
668288048,723.21,15,16:17:16,False,,False,True,723.22,52,1,140,671648210,train,True
668288049,723.1,15,16:17:17,False,,False,True,723.22,53,1,140,671648210,train,True
668288050,723.1,15,16:17:17,False,,False,True,723.22,54,1,140,671648210,train,True
668288051,723.15,15,16:17:18,False,,False,True,723.22,55,1,140,671648210,train,True
668288052,723.17,15,16:17:19,False,,False,True,723.22,56,1,140,671648210,train,True
668288053,723.17,15,16:17:20,False,,False,True,723.22,57,1,140,671648210,train,True
668288054,723.08,15,16:17:21,False,,False,True,723.22,58,1,140,671648210,train,True
668287995,723.17,15,16:16:24,False,,False,False,723.25,6,0,141,671656101,train,True
668287996,723.16,15,16:16:25,False,,False,False,723.25,5,0,141,671656101,train,True
668287997,723.19,15,16:16:26,False,,False,False,723.25,5,1,141,671656101,train,True
668287998,723.06,15,16:16:27,False,,False,False,723.25,5,1,141,671656101,train,True
668287999,723.07,15,16:16:28,False,,False,False,723.25,5,1,141,671656101,train,True
668288000,723.08,15,16:16:29,False,,False,False,723.25,6,1,141,671656101,train,True
668288001,723.17,15,16:16:30,False,,False,False,723.25,7,1,141,671656101,train,True
668288002,723.17,15,16:16:31,False,,False,False,723.25,8,1,141,671656101,train,True
668288003,723.17,15,16:16:32,False,,False,False,723.25,8,1,141,671656101,train,True
668288004,723.15,15,16:16:33,False,,False,False,723.25,9,1,141,671656101,train,True
668288005,723.22,15,16:16:34,False,,False,False,723.25,10,1,141,671656101,train,True
668288006,723.17,15,16:16:35,False,,False,False,723.25,11,1,141,671656101,train,True
668288007,723.15,15,16:16:36,False,,False,False,723.25,11,1,141,671656101,train,True
668288008,723.18,15,16:16:37,False,,False,False,723.25,12,1,141,671656101,train,True
668288009,723.14,15,16:16:38,False,,False,False,723.24,13,1,141,671656101,train,True
668288010,723.11,15,16:16:39,False,,False,False,723.24,14,1,141,671656101,train,True
668288011,723.2,15,16:16:40,False,,False,False,723.24,15,1,141,671656101,train,True
668288012,723.17,15,16:16:40,False,,False,False,723.24,16,1,141,671656101,train,True
668288013,723.16,15,16:16:41,False,,False,False,723.24,17,1,141,671656101,train,True
668288014,723.18,15,16:16:42,False,,False,False,723.24,18,1,141,671656101,train,True
668288015,723.23,15,16:16:43,False,,False,False,723.24,19,1,141,671656101,train,True
668288016,723.18,15,16:16:44,False,,False,False,723.24,20,1,141,671656101,train,True
668288017,723.21,15,16:16:45,False,,False,False,723.24,21,1,141,671656101,train,True
668288018,723.2,15,16:16:46,False,,False,False,723.24,22,1,141,671656101,train,True
668288019,723.18,15,16:16:47,False,,False,False,723.24,23,1,141,671656101,train,True
668288020,723.2,15,16:16:48,False,,False,False,723.24,24,1,141,671656101,train,True
668288021,723.19,15,16:16:49,False,,False,False,723.24,25,1,141,671656101,train,True
668288022,723.18,15,16:16:50,False,,False,False,723.24,26,1,141,671656101,train,True
668288023,723.23,15,16:16:51,False,,False,True,723.24,27,1,141,671656101,train,True
668288024,723.12,15,16:16:52,False,,False,True,723.24,28,1,141,671656101,train,True
668288025,723.21,15,16:16:53,False,,False,True,723.24,29,1,141,671656101,train,True
668288026,723.17,15,16:16:54,False,,False,True,723.24,30,1,141,671656101,train,True
668288027,723.13,15,16:16:55,False,,False,True,723.24,31,1,141,671656101,train,True
668288028,723.19,15,16:16:56,False,,False,True,723.24,32,1,141,671656101,train,True
668288029,723.17,15,16:16:57,False,,False,True,723.23,33,1,141,671656101,train,True
668288030,723.15,15,16:16:58,False,,False,True,723.23,34,1,141,671656101,train,True
668288031,723.22,15,16:16:59,False,,False,True,723.23,35,1,141,671656101,train,True
668288032,723.13,15,16:17:00,False,,False,True,723.23,36,1,141,671656101,train,True
668288033,723.15,15,16:17:01,False,,False,True,723.23,37,1,141,671656101,train,True
668288034,723.13,15,16:17:02,False,,False,True,723.23,38,1,141,671656101,train,True
668288035,723.13,15,16:17:03,False,,False,True,723.23,39,1,141,671656101,train,True
668288036,723.11,15,16:17:04,False,,False,True,723.23,40,1,141,671656101,train,True
668288037,723.2,15,16:17:05,False,,False,True,723.23,41,1,141,671656101,train,True
668288038,723.13,15,16:17:06,False,,False,True,723.23,42,1,141,671656101,train,True
668288039,723.11,15,16:17:07,False,,False,True,723.23,43,1,141,671656101,train,True
668288040,723.07,15,16:17:08,False,,False,True,723.23,44,1,141,671656101,train,True
668288041,723.09,15,16:17:09,False,,False,True,723.23,45,1,141,671656101,train,True
668288042,723.22,15,16:17:10,False,,False,True,723.23,46,1,141,671656101,train,True
668288043,723.23,15,16:17:11,False,,False,True,723.23,47,1,141,671656101,train,True
668288044,723.16,15,16:17:12,False,,False,True,723.22,48,1,141,671656101,train,True
668288045,723.19,15,16:17:13,False,,False,True,723.22,49,1,141,671656101,train,True
668288046,723.14,15,16:17:14,False,,False,True,723.22,50,1,141,671656101,train,True
668288047,723.1,15,16:17:15,False,,False,True,723.22,51,1,141,671656101,train,True
668288048,723.21,15,16:17:16,False,,False,True,723.22,52,1,141,671656101,train,True
668288049,723.1,15,16:17:17,False,,False,True,723.22,53,1,141,671656101,train,True
668288050,723.1,15,16:17:17,False,,False,True,723.22,54,1,141,671656101,train,True
668288051,723.15,15,16:17:18,False,,False,True,723.22,55,1,141,671656101,train,True
668288052,723.17,15,16:17:19,False,,False,True,723.22,56,1,141,671656101,train,True
668288053,723.17,15,16:17:20,False,,False,True,723.22,57,1,141,671656101,train,True
668288054,723.08,15,16:17:21,False,,False,True,723.22,58,1,141,671656101,train,True
668287995,723.17,15,16:16:24,False,,False,False,723.25,6,0,142,671731643,train,True
668287996,723.16,15,16:16:25,False,,False,False,723.25,5,0,142,671731643,train,True
668287997,723.19,15,16:16:26,False,,False,False,723.25,5,1,142,671731643,train,True
668287998,723.06,15,16:16:27,False,,False,False,723.25,5,1,142,671731643,train,True
668287999,723.07,15,16:16:28,False,,False,False,723.25,5,1,142,671731643,train,True
668288000,723.08,15,16:16:29,False,,False,False,723.25,6,1,142,671731643,train,True
668288001,723.17,15,16:16:30,False,,False,False,723.25,7,1,142,671731643,train,True
668288002,723.17,15,16:16:31,False,,False,False,723.25,8,1,142,671731643,train,True
668288003,723.17,15,16:16:32,False,,False,False,723.25,8,1,142,671731643,train,True
668288004,723.15,15,16:16:33,False,,False,False,723.25,9,1,142,671731643,train,True
668288005,723.22,15,16:16:34,False,,False,False,723.25,10,1,142,671731643,train,True
668288006,723.17,15,16:16:35,False,,False,False,723.25,11,1,142,671731643,train,True
668288007,723.15,15,16:16:36,False,,False,False,723.25,11,1,142,671731643,train,True
668288008,723.18,15,16:16:37,False,,False,False,723.25,12,1,142,671731643,train,True
668288009,723.14,15,16:16:38,False,,False,False,723.24,13,1,142,671731643,train,True
668288010,723.11,15,16:16:39,False,,False,False,723.24,14,1,142,671731643,train,True
668288011,723.2,15,16:16:40,False,,False,False,723.24,15,1,142,671731643,train,True
668288012,723.17,15,16:16:40,False,,False,False,723.24,16,1,142,671731643,train,True
668288013,723.16,15,16:16:41,False,,False,False,723.24,17,1,142,671731643,train,True
668288014,723.18,15,16:16:42,False,,False,False,723.24,18,1,142,671731643,train,True
668288015,723.23,15,16:16:43,False,,False,False,723.24,19,1,142,671731643,train,True
668288016,723.18,15,16:16:44,False,,False,False,723.24,20,1,142,671731643,train,True
668288017,723.21,15,16:16:45,False,,False,False,723.24,21,1,142,671731643,train,True
668288018,723.2,15,16:16:46,False,,False,False,723.24,22,1,142,671731643,train,True
668288019,723.18,15,16:16:47,False,,False,False,723.24,23,1,142,671731643,train,True
668288020,723.2,15,16:16:48,False,,False,False,723.24,24,1,142,671731643,train,True
668288021,723.19,15,16:16:49,False,,False,False,723.24,25,1,142,671731643,train,True
668288022,723.18,15,16:16:50,False,,False,False,723.24,26,1,142,671731643,train,True
668288023,723.23,15,16:16:51,False,,False,True,723.24,27,1,142,671731643,train,True
668288024,723.12,15,16:16:52,False,,False,True,723.24,28,1,142,671731643,train,True
668288025,723.21,15,16:16:53,False,,False,True,723.24,29,1,142,671731643,train,True
668288026,723.17,15,16:16:54,False,,False,True,723.24,30,1,142,671731643,train,True
668288027,723.13,15,16:16:55,False,,False,True,723.24,31,1,142,671731643,train,True
668288028,723.19,15,16:16:56,False,,False,True,723.24,32,1,142,671731643,train,True
668288029,723.17,15,16:16:57,False,,False,True,723.23,33,1,142,671731643,train,True
668288030,723.15,15,16:16:58,False,,False,True,723.23,34,1,142,671731643,train,True
668288031,723.22,15,16:16:59,False,,False,True,723.23,35,1,142,671731643,train,True
668288032,723.13,15,16:17:00,False,,False,True,723.23,36,1,142,671731643,train,True
668288033,723.15,15,16:17:01,False,,False,True,723.23,37,1,142,671731643,train,True
668288034,723.13,15,16:17:02,False,,False,True,723.23,38,1,142,671731643,train,True
668288035,723.13,15,16:17:03,False,,False,True,723.23,39,1,142,671731643,train,True
668288036,723.11,15,16:17:04,False,,False,True,723.23,40,1,142,671731643,train,True
668288037,723.2,15,16:17:05,False,,False,True,723.23,41,1,142,671731643,train,True
668288038,723.13,15,16:17:06,False,,False,True,723.23,42,1,142,671731643,train,True
668288039,723.11,15,16:17:07,False,,False,True,723.23,43,1,142,671731643,train,True
668288040,723.07,15,16:17:08,False,,False,True,723.23,44,1,142,671731643,train,True
668288041,723.09,15,16:17:09,False,,False,True,723.23,45,1,142,671731643,train,True
668288042,723.22,15,16:17:10,False,,False,True,723.23,46,1,142,671731643,train,True
668288043,723.23,15,16:17:11,False,,False,True,723.23,47,1,142,671731643,train,True
668288044,723.16,15,16:17:12,False,,False,True,723.22,48,1,142,671731643,train,True
668288045,723.19,15,16:17:13,False,,False,True,723.22,49,1,142,671731643,train,True
668288046,723.14,15,16:17:14,False,,False,True,723.22,50,1,142,671731643,train,True
668288047,723.1,15,16:17:15,False,,False,True,723.22,51,1,142,671731643,train,True
668288048,723.21,15,16:17:16,False,,False,True,723.22,52,1,142,671731643,train,True
668288049,723.1,15,16:17:17,False,,False,True,723.22,53,1,142,671731643,train,True
668288050,723.1,15,16:17:17,False,,False,True,723.22,54,1,142,671731643,train,True
668288051,723.15,15,16:17:18,False,,False,True,723.22,55,1,142,671731643,train,True
668288052,723.17,15,16:17:19,False,,False,True,723.22,56,1,142,671731643,train,True
668288053,723.17,15,16:17:20,False,,False,True,723.22,57,1,142,671731643,train,True
668288054,723.08,15,16:17:21,False,,False,True,723.22,58,1,142,671731643,train,True
668287995,723.17,15,16:16:24,False,,False,False,723.25,6,0,143,671740824,train,True
668287996,723.16,15,16:16:25,False,,False,False,723.25,5,0,143,671740824,train,True
668287997,723.19,15,16:16:26,False,,False,False,723.25,5,1,143,671740824,train,True
668287998,723.06,15,16:16:27,False,,False,False,723.25,5,1,143,671740824,train,True
668287999,723.07,15,16:16:28,False,,False,False,723.25,5,1,143,671740824,train,True
668288000,723.08,15,16:16:29,False,,False,False,723.25,6,1,143,671740824,train,True
668288001,723.17,15,16:16:30,False,,False,False,723.25,7,1,143,671740824,train,True
668288002,723.17,15,16:16:31,False,,False,False,723.25,8,1,143,671740824,train,True
668288003,723.17,15,16:16:32,False,,False,False,723.25,8,1,143,671740824,train,True
668288004,723.15,15,16:16:33,False,,False,False,723.25,9,1,143,671740824,train,True
668288005,723.22,15,16:16:34,False,,False,False,723.25,10,1,143,671740824,train,True
668288006,723.17,15,16:16:35,False,,False,False,723.25,11,1,143,671740824,train,True
668288007,723.15,15,16:16:36,False,,False,False,723.25,11,1,143,671740824,train,True
668288008,723.18,15,16:16:37,False,,False,False,723.25,12,1,143,671740824,train,True
668288009,723.14,15,16:16:38,False,,False,False,723.24,13,1,143,671740824,train,True
668288010,723.11,15,16:16:39,False,,False,False,723.24,14,1,143,671740824,train,True
668288011,723.2,15,16:16:40,False,,False,False,723.24,15,1,143,671740824,train,True
668288012,723.17,15,16:16:40,False,,False,False,723.24,16,1,143,671740824,train,True
668288013,723.16,15,16:16:41,False,,False,False,723.24,17,1,143,671740824,train,True
668288014,723.18,15,16:16:42,False,,False,False,723.24,18,1,143,671740824,train,True
668288015,723.23,15,16:16:43,False,,False,False,723.24,19,1,143,671740824,train,True
668288016,723.18,15,16:16:44,False,,False,False,723.24,20,1,143,671740824,train,True
668288017,723.21,15,16:16:45,False,,False,False,723.24,21,1,143,671740824,train,True
668288018,723.2,15,16:16:46,False,,False,False,723.24,22,1,143,671740824,train,True
668288019,723.18,15,16:16:47,False,,False,False,723.24,23,1,143,671740824,train,True
668288020,723.2,15,16:16:48,False,,False,False,723.24,24,1,143,671740824,train,True
668288021,723.19,15,16:16:49,False,,False,False,723.24,25,1,143,671740824,train,True
668288022,723.18,15,16:16:50,False,,False,False,723.24,26,1,143,671740824,train,True
668288023,723.23,15,16:16:51,False,,False,True,723.24,27,1,143,671740824,train,True
668288024,723.12,15,16:16:52,False,,False,True,723.24,28,1,143,671740824,train,True
668288025,723.21,15,16:16:53,False,,False,True,723.24,29,1,143,671740824,train,True
668288026,723.17,15,16:16:54,False,,False,True,723.24,30,1,143,671740824,train,True
668288027,723.13,15,16:16:55,False,,False,True,723.24,31,1,143,671740824,train,True
668288028,723.19,15,16:16:56,False,,False,True,723.24,32,1,143,671740824,train,True
668288029,723.17,15,16:16:57,False,,False,True,723.23,33,1,143,671740824,train,True
668288030,723.15,15,16:16:58,False,,False,True,723.23,34,1,143,671740824,train,True
668288031,723.22,15,16:16:59,False,,False,True,723.23,35,1,143,671740824,train,True
668288032,723.13,15,16:17:00,False,,False,True,723.23,36,1,143,671740824,train,True
668288033,723.15,15,16:17:01,False,,False,True,723.23,37,1,143,671740824,train,True
668288034,723.13,15,16:17:02,False,,False,True,723.23,38,1,143,671740824,train,True
668288035,723.13,15,16:17:03,False,,False,True,723.23,39,1,143,671740824,train,True
668288036,723.11,15,16:17:04,False,,False,True,723.23,40,1,143,671740824,train,True
668288037,723.2,15,16:17:05,False,,False,True,723.23,41,1,143,671740824,train,True
668288038,723.13,15,16:17:06,False,,False,True,723.23,42,1,143,671740824,train,True
668288039,723.11,15,16:17:07,False,,False,True,723.23,43,1,143,671740824,train,True
668288040,723.07,15,16:17:08,False,,False,True,723.23,44,1,143,671740824,train,True
668288041,723.09,15,16:17:09,False,,False,True,723.23,45,1,143,671740824,train,True
668288042,723.22,15,16:17:10,False,,False,True,723.23,46,1,143,671740824,train,True
668288043,723.23,15,16:17:11,False,,False,True,723.23,47,1,143,671740824,train,True
668288044,723.16,15,16:17:12,False,,False,True,723.22,48,1,143,671740824,train,True
668288045,723.19,15,16:17:13,False,,False,True,723.22,49,1,143,671740824,train,True
668288046,723.14,15,16:17:14,False,,False,True,723.22,50,1,143,671740824,train,True
668288047,723.1,15,16:17:15,False,,False,True,723.22,51,1,143,671740824,train,True
668288048,723.21,15,16:17:16,False,,False,True,723.22,52,1,143,671740824,train,True
668288049,723.1,15,16:17:17,False,,False,True,723.22,53,1,143,671740824,train,True
668288050,723.1,15,16:17:17,False,,False,True,723.22,54,1,143,671740824,train,True
668288051,723.15,15,16:17:18,False,,False,True,723.22,55,1,143,671740824,train,True
668288052,723.17,15,16:17:19,False,,False,True,723.22,56,1,143,671740824,train,True
668288053,723.17,15,16:17:20,False,,False,True,723.22,57,1,143,671740824,train,True
668288054,723.08,15,16:17:21,False,,False,True,723.22,58,1,143,671740824,train,True
668287995,723.17,15,16:16:24,False,,False,False,723.25,6,0,144,671746873,train,True
668287996,723.16,15,16:16:25,False,,False,False,723.25,5,0,144,671746873,train,True
668287997,723.19,15,16:16:26,False,,False,False,723.25,5,1,144,671746873,train,True
668287998,723.06,15,16:16:27,False,,False,False,723.25,5,1,144,671746873,train,True
668287999,723.07,15,16:16:28,False,,False,False,723.25,5,1,144,671746873,train,True
668288000,723.08,15,16:16:29,False,,False,False,723.25,6,1,144,671746873,train,True
668288001,723.17,15,16:16:30,False,,False,False,723.25,7,1,144,671746873,train,True
668288002,723.17,15,16:16:31,False,,False,False,723.25,8,1,144,671746873,train,True
668288003,723.17,15,16:16:32,False,,False,False,723.25,8,1,144,671746873,train,True
668288004,723.15,15,16:16:33,False,,False,False,723.25,9,1,144,671746873,train,True
668288005,723.22,15,16:16:34,False,,False,False,723.25,10,1,144,671746873,train,True
668288006,723.17,15,16:16:35,False,,False,False,723.25,11,1,144,671746873,train,True
668288007,723.15,15,16:16:36,False,,False,False,723.25,11,1,144,671746873,train,True
668288008,723.18,15,16:16:37,False,,False,False,723.25,12,1,144,671746873,train,True
668288009,723.14,15,16:16:38,False,,False,False,723.24,13,1,144,671746873,train,True
668288010,723.11,15,16:16:39,False,,False,False,723.24,14,1,144,671746873,train,True
668288011,723.2,15,16:16:40,False,,False,False,723.24,15,1,144,671746873,train,True
668288012,723.17,15,16:16:40,False,,False,False,723.24,16,1,144,671746873,train,True
668288013,723.16,15,16:16:41,False,,False,False,723.24,17,1,144,671746873,train,True
668288014,723.18,15,16:16:42,False,,False,False,723.24,18,1,144,671746873,train,True
668288015,723.23,15,16:16:43,False,,False,False,723.24,19,1,144,671746873,train,True
668288016,723.18,15,16:16:44,False,,False,False,723.24,20,1,144,671746873,train,True
668288017,723.21,15,16:16:45,False,,False,False,723.24,21,1,144,671746873,train,True
668288018,723.2,15,16:16:46,False,,False,False,723.24,22,1,144,671746873,train,True
668288019,723.18,15,16:16:47,False,,False,False,723.24,23,1,144,671746873,train,True
668288020,723.2,15,16:16:48,False,,False,False,723.24,24,1,144,671746873,train,True
668288021,723.19,15,16:16:49,False,,False,False,723.24,25,1,144,671746873,train,True
668288022,723.18,15,16:16:50,False,,False,False,723.24,26,1,144,671746873,train,True
668288023,723.23,15,16:16:51,False,,False,True,723.24,27,1,144,671746873,train,True
668288024,723.12,15,16:16:52,False,,False,True,723.24,28,1,144,671746873,train,True
668288025,723.21,15,16:16:53,False,,False,True,723.24,29,1,144,671746873,train,True
668288026,723.17,15,16:16:54,False,,False,True,723.24,30,1,144,671746873,train,True
668288027,723.13,15,16:16:55,False,,False,True,723.24,31,1,144,671746873,train,True
668288028,723.19,15,16:16:56,False,,False,True,723.24,32,1,144,671746873,train,True
668288029,723.17,15,16:16:57,False,,False,True,723.23,33,1,144,671746873,train,True
668288030,723.15,15,16:16:58,False,,False,True,723.23,34,1,144,671746873,train,True
668288031,723.22,15,16:16:59,False,,False,True,723.23,35,1,144,671746873,train,True
668288032,723.13,15,16:17:00,False,,False,True,723.23,36,1,144,671746873,train,True
668288033,723.15,15,16:17:01,False,,False,True,723.23,37,1,144,671746873,train,True
668288034,723.13,15,16:17:02,False,,False,True,723.23,38,1,144,671746873,train,True
668288035,723.13,15,16:17:03,False,,False,True,723.23,39,1,144,671746873,train,True
668288036,723.11,15,16:17:04,False,,False,True,723.23,40,1,144,671746873,train,True
668288037,723.2,15,16:17:05,False,,False,True,723.23,41,1,144,671746873,train,True
668288038,723.13,15,16:17:06,False,,False,True,723.23,42,1,144,671746873,train,True
668288039,723.11,15,16:17:07,False,,False,True,723.23,43,1,144,671746873,train,True
668288040,723.07,15,16:17:08,False,,False,True,723.23,44,1,144,671746873,train,True
668288041,723.09,15,16:17:09,False,,False,True,723.23,45,1,144,671746873,train,True
668288042,723.22,15,16:17:10,False,,False,True,723.23,46,1,144,671746873,train,True
668288043,723.23,15,16:17:11,False,,False,True,723.23,47,1,144,671746873,train,True
668288044,723.16,15,16:17:12,False,,False,True,723.22,48,1,144,671746873,train,True
668288045,723.19,15,16:17:13,False,,False,True,723.22,49,1,144,671746873,train,True
668288046,723.14,15,16:17:14,False,,False,True,723.22,50,1,144,671746873,train,True
668288047,723.1,15,16:17:15,False,,False,True,723.22,51,1,144,671746873,train,True
668288048,723.21,15,16:17:16,False,,False,True,723.22,52,1,144,671746873,train,True
668288049,723.1,15,16:17:17,False,,False,True,723.22,53,1,144,671746873,train,True
668288050,723.1,15,16:17:17,False,,False,True,723.22,54,1,144,671746873,train,True
668288051,723.15,15,16:17:18,False,,False,True,723.22,55,1,144,671746873,train,True
668288052,723.17,15,16:17:19,False,,False,True,723.22,56,1,144,671746873,train,True
668288053,723.17,15,16:17:20,False,,False,True,723.22,57,1,144,671746873,train,True
668288054,723.08,15,16:17:21,False,,False,True,723.22,58,1,144,671746873,train,True
668287995,723.17,15,16:16:24,False,,False,False,723.25,6,0,145,671823162,train,True
668287996,723.16,15,16:16:25,False,,False,False,723.25,5,0,145,671823162,train,True
668287997,723.19,15,16:16:26,False,,False,False,723.25,5,1,145,671823162,train,True
668287998,723.06,15,16:16:27,False,,False,False,723.25,5,1,145,671823162,train,True
668287999,723.07,15,16:16:28,False,,False,False,723.25,5,1,145,671823162,train,True
668288000,723.08,15,16:16:29,False,,False,False,723.25,6,1,145,671823162,train,True
668288001,723.17,15,16:16:30,False,,False,False,723.25,7,1,145,671823162,train,True
668288002,723.17,15,16:16:31,False,,False,False,723.25,8,1,145,671823162,train,True
668288003,723.17,15,16:16:32,False,,False,False,723.25,8,1,145,671823162,train,True
668288004,723.15,15,16:16:33,False,,False,False,723.25,9,1,145,671823162,train,True
668288005,723.22,15,16:16:34,False,,False,False,723.25,10,1,145,671823162,train,True
668288006,723.17,15,16:16:35,False,,False,False,723.25,11,1,145,671823162,train,True
668288007,723.15,15,16:16:36,False,,False,False,723.25,11,1,145,671823162,train,True
668288008,723.18,15,16:16:37,False,,False,False,723.25,12,1,145,671823162,train,True
668288009,723.14,15,16:16:38,False,,False,False,723.24,13,1,145,671823162,train,True
668288010,723.11,15,16:16:39,False,,False,False,723.24,14,1,145,671823162,train,True
668288011,723.2,15,16:16:40,False,,False,False,723.24,15,1,145,671823162,train,True
668288012,723.17,15,16:16:40,False,,False,False,723.24,16,1,145,671823162,train,True
668288013,723.16,15,16:16:41,False,,False,False,723.24,17,1,145,671823162,train,True
668288014,723.18,15,16:16:42,False,,False,False,723.24,18,1,145,671823162,train,True
668288015,723.23,15,16:16:43,False,,False,False,723.24,19,1,145,671823162,train,True
668288016,723.18,15,16:16:44,False,,False,False,723.24,20,1,145,671823162,train,True
668288017,723.21,15,16:16:45,False,,False,False,723.24,21,1,145,671823162,train,True
668288018,723.2,15,16:16:46,False,,False,False,723.24,22,1,145,671823162,train,True
668288019,723.18,15,16:16:47,False,,False,False,723.24,23,1,145,671823162,train,True
668288020,723.2,15,16:16:48,False,,False,False,723.24,24,1,145,671823162,train,True
668288021,723.19,15,16:16:49,False,,False,False,723.24,25,1,145,671823162,train,True
668288022,723.18,15,16:16:50,False,,False,False,723.24,26,1,145,671823162,train,True
668288023,723.23,15,16:16:51,False,,False,True,723.24,27,1,145,671823162,train,True
668288024,723.12,15,16:16:52,False,,False,True,723.24,28,1,145,671823162,train,True
668288025,723.21,15,16:16:53,False,,False,True,723.24,29,1,145,671823162,train,True
668288026,723.17,15,16:16:54,False,,False,True,723.24,30,1,145,671823162,train,True
668288027,723.13,15,16:16:55,False,,False,True,723.24,31,1,145,671823162,train,True
668288028,723.19,15,16:16:56,False,,False,True,723.24,32,1,145,671823162,train,True
668288029,723.17,15,16:16:57,False,,False,True,723.23,33,1,145,671823162,train,True
668288030,723.15,15,16:16:58,False,,False,True,723.23,34,1,145,671823162,train,True
668288031,723.22,15,16:16:59,False,,False,True,723.23,35,1,145,671823162,train,True
668288032,723.13,15,16:17:00,False,,False,True,723.23,36,1,145,671823162,train,True
668288033,723.15,15,16:17:01,False,,False,True,723.23,37,1,145,671823162,train,True
668288034,723.13,15,16:17:02,False,,False,True,723.23,38,1,145,671823162,train,True
668288035,723.13,15,16:17:03,False,,False,True,723.23,39,1,145,671823162,train,True
668288036,723.11,15,16:17:04,False,,False,True,723.23,40,1,145,671823162,train,True
668288037,723.2,15,16:17:05,False,,False,True,723.23,41,1,145,671823162,train,True
668288038,723.13,15,16:17:06,False,,False,True,723.23,42,1,145,671823162,train,True
668288039,723.11,15,16:17:07,False,,False,True,723.23,43,1,145,671823162,train,True
668288040,723.07,15,16:17:08,False,,False,True,723.23,44,1,145,671823162,train,True
668288041,723.09,15,16:17:09,False,,False,True,723.23,45,1,145,671823162,train,True
668288042,723.22,15,16:17:10,False,,False,True,723.23,46,1,145,671823162,train,True
668288043,723.23,15,16:17:11,False,,False,True,723.23,47,1,145,671823162,train,True
668288044,723.16,15,16:17:12,False,,False,True,723.22,48,1,145,671823162,train,True
668288045,723.19,15,16:17:13,False,,False,True,723.22,49,1,145,671823162,train,True
668288046,723.14,15,16:17:14,False,,False,True,723.22,50,1,145,671823162,train,True
668288047,723.1,15,16:17:15,False,,False,True,723.22,51,1,145,671823162,train,True
668288048,723.21,15,16:17:16,False,,False,True,723.22,52,1,145,671823162,train,True
668288049,723.1,15,16:17:17,False,,False,True,723.22,53,1,145,671823162,train,True
668288050,723.1,15,16:17:17,False,,False,True,723.22,54,1,145,671823162,train,True
668288051,723.15,15,16:17:18,False,,False,True,723.22,55,1,145,671823162,train,True
668288052,723.17,15,16:17:19,False,,False,True,723.22,56,1,145,671823162,train,True
668288053,723.17,15,16:17:20,False,,False,True,723.22,57,1,145,671823162,train,True
668288054,723.08,15,16:17:21,False,,False,True,723.22,58,1,145,671823162,train,True
668287995,723.17,15,16:16:24,False,,False,False,723.25,6,0,146,671823654,train,True
668287996,723.16,15,16:16:25,False,,False,False,723.25,5,0,146,671823654,train,True
668287997,723.19,15,16:16:26,False,,False,False,723.25,5,1,146,671823654,train,True
668287998,723.06,15,16:16:27,False,,False,False,723.25,5,1,146,671823654,train,True
668287999,723.07,15,16:16:28,False,,False,False,723.25,5,1,146,671823654,train,True
668288000,723.08,15,16:16:29,False,,False,False,723.25,6,1,146,671823654,train,True
668288001,723.17,15,16:16:30,False,,False,False,723.25,7,1,146,671823654,train,True
668288002,723.17,15,16:16:31,False,,False,False,723.25,8,1,146,671823654,train,True
668288003,723.17,15,16:16:32,False,,False,False,723.25,8,1,146,671823654,train,True
668288004,723.15,15,16:16:33,False,,False,False,723.25,9,1,146,671823654,train,True
668288005,723.22,15,16:16:34,False,,False,False,723.25,10,1,146,671823654,train,True
668288006,723.17,15,16:16:35,False,,False,False,723.25,11,1,146,671823654,train,True
668288007,723.15,15,16:16:36,False,,False,False,723.25,11,1,146,671823654,train,True
668288008,723.18,15,16:16:37,False,,False,False,723.25,12,1,146,671823654,train,True
668288009,723.14,15,16:16:38,False,,False,False,723.24,13,1,146,671823654,train,True
668288010,723.11,15,16:16:39,False,,False,False,723.24,14,1,146,671823654,train,True
668288011,723.2,15,16:16:40,False,,False,False,723.24,15,1,146,671823654,train,True
668288012,723.17,15,16:16:40,False,,False,False,723.24,16,1,146,671823654,train,True
668288013,723.16,15,16:16:41,False,,False,False,723.24,17,1,146,671823654,train,True
668288014,723.18,15,16:16:42,False,,False,False,723.24,18,1,146,671823654,train,True
668288015,723.23,15,16:16:43,False,,False,False,723.24,19,1,146,671823654,train,True
668288016,723.18,15,16:16:44,False,,False,False,723.24,20,1,146,671823654,train,True
668288017,723.21,15,16:16:45,False,,False,False,723.24,21,1,146,671823654,train,True
668288018,723.2,15,16:16:46,False,,False,False,723.24,22,1,146,671823654,train,True
668288019,723.18,15,16:16:47,False,,False,False,723.24,23,1,146,671823654,train,True
668288020,723.2,15,16:16:48,False,,False,False,723.24,24,1,146,671823654,train,True
668288021,723.19,15,16:16:49,False,,False,False,723.24,25,1,146,671823654,train,True
668288022,723.18,15,16:16:50,False,,False,False,723.24,26,1,146,671823654,train,True
668288023,723.23,15,16:16:51,False,,False,True,723.24,27,1,146,671823654,train,True
668288024,723.12,15,16:16:52,False,,False,True,723.24,28,1,146,671823654,train,True
668288025,723.21,15,16:16:53,False,,False,True,723.24,29,1,146,671823654,train,True
668288026,723.17,15,16:16:54,False,,False,True,723.24,30,1,146,671823654,train,True
668288027,723.13,15,16:16:55,False,,False,True,723.24,31,1,146,671823654,train,True
668288028,723.19,15,16:16:56,False,,False,True,723.24,32,1,146,671823654,train,True
668288029,723.17,15,16:16:57,False,,False,True,723.23,33,1,146,671823654,train,True
668288030,723.15,15,16:16:58,False,,False,True,723.23,34,1,146,671823654,train,True
668288031,723.22,15,16:16:59,False,,False,True,723.23,35,1,146,671823654,train,True
668288032,723.13,15,16:17:00,False,,False,True,723.23,36,1,146,671823654,train,True
668288033,723.15,15,16:17:01,False,,False,True,723.23,37,1,146,671823654,train,True
668288034,723.13,15,16:17:02,False,,False,True,723.23,38,1,146,671823654,train,True
668288035,723.13,15,16:17:03,False,,False,True,723.23,39,1,146,671823654,train,True
668288036,723.11,15,16:17:04,False,,False,True,723.23,40,1,146,671823654,train,True
668288037,723.2,15,16:17:05,False,,False,True,723.23,41,1,146,671823654,train,True
668288038,723.13,15,16:17:06,False,,False,True,723.23,42,1,146,671823654,train,True
668288039,723.11,15,16:17:07,False,,False,True,723.23,43,1,146,671823654,train,True
668288040,723.07,15,16:17:08,False,,False,True,723.23,44,1,146,671823654,train,True
668288041,723.09,15,16:17:09,False,,False,True,723.23,45,1,146,671823654,train,True
668288042,723.22,15,16:17:10,False,,False,True,723.23,46,1,146,671823654,train,True
668288043,723.23,15,16:17:11,False,,False,True,723.23,47,1,146,671823654,train,True
668288044,723.16,15,16:17:12,False,,False,True,723.22,48,1,146,671823654,train,True
668288045,723.19,15,16:17:13,False,,False,True,723.22,49,1,146,671823654,train,True
668288046,723.14,15,16:17:14,False,,False,True,723.22,50,1,146,671823654,train,True
668288047,723.1,15,16:17:15,False,,False,True,723.22,51,1,146,671823654,train,True
668288048,723.21,15,16:17:16,False,,False,True,723.22,52,1,146,671823654,train,True
668288049,723.1,15,16:17:17,False,,False,True,723.22,53,1,146,671823654,train,True
668288050,723.1,15,16:17:17,False,,False,True,723.22,54,1,146,671823654,train,True
668288051,723.15,15,16:17:18,False,,False,True,723.22,55,1,146,671823654,train,True
668288052,723.17,15,16:17:19,False,,False,True,723.22,56,1,146,671823654,train,True
668288053,723.17,15,16:17:20,False,,False,True,723.22,57,1,146,671823654,train,True
668288054,723.08,15,16:17:21,False,,False,True,723.22,58,1,146,671823654,train,True
668287995,723.17,15,16:16:24,False,,False,False,723.25,6,0,147,671823993,train,True
668287996,723.16,15,16:16:25,False,,False,False,723.25,5,0,147,671823993,train,True
668287997,723.19,15,16:16:26,False,,False,False,723.25,5,1,147,671823993,train,True
668287998,723.06,15,16:16:27,False,,False,False,723.25,5,1,147,671823993,train,True
668287999,723.07,15,16:16:28,False,,False,False,723.25,5,1,147,671823993,train,True
668288000,723.08,15,16:16:29,False,,False,False,723.25,6,1,147,671823993,train,True
668288001,723.17,15,16:16:30,False,,False,False,723.25,7,1,147,671823993,train,True
668288002,723.17,15,16:16:31,False,,False,False,723.25,8,1,147,671823993,train,True
668288003,723.17,15,16:16:32,False,,False,False,723.25,8,1,147,671823993,train,True
668288004,723.15,15,16:16:33,False,,False,False,723.25,9,1,147,671823993,train,True
668288005,723.22,15,16:16:34,False,,False,False,723.25,10,1,147,671823993,train,True
668288006,723.17,15,16:16:35,False,,False,False,723.25,11,1,147,671823993,train,True
668288007,723.15,15,16:16:36,False,,False,False,723.25,11,1,147,671823993,train,True
668288008,723.18,15,16:16:37,False,,False,False,723.25,12,1,147,671823993,train,True
668288009,723.14,15,16:16:38,False,,False,False,723.24,13,1,147,671823993,train,True
668288010,723.11,15,16:16:39,False,,False,False,723.24,14,1,147,671823993,train,True
668288011,723.2,15,16:16:40,False,,False,False,723.24,15,1,147,671823993,train,True
668288012,723.17,15,16:16:40,False,,False,False,723.24,16,1,147,671823993,train,True
668288013,723.16,15,16:16:41,False,,False,False,723.24,17,1,147,671823993,train,True
668288014,723.18,15,16:16:42,False,,False,False,723.24,18,1,147,671823993,train,True
668288015,723.23,15,16:16:43,False,,False,False,723.24,19,1,147,671823993,train,True
668288016,723.18,15,16:16:44,False,,False,False,723.24,20,1,147,671823993,train,True
668288017,723.21,15,16:16:45,False,,False,False,723.24,21,1,147,671823993,train,True
668288018,723.2,15,16:16:46,False,,False,False,723.24,22,1,147,671823993,train,True
668288019,723.18,15,16:16:47,False,,False,False,723.24,23,1,147,671823993,train,True
668288020,723.2,15,16:16:48,False,,False,False,723.24,24,1,147,671823993,train,True
668288021,723.19,15,16:16:49,False,,False,False,723.24,25,1,147,671823993,train,True
668288022,723.18,15,16:16:50,False,,False,False,723.24,26,1,147,671823993,train,True
668288023,723.23,15,16:16:51,False,,False,True,723.24,27,1,147,671823993,train,True
668288024,723.12,15,16:16:52,False,,False,True,723.24,28,1,147,671823993,train,True
668288025,723.21,15,16:16:53,False,,False,True,723.24,29,1,147,671823993,train,True
668288026,723.17,15,16:16:54,False,,False,True,723.24,30,1,147,671823993,train,True
668288027,723.13,15,16:16:55,False,,False,True,723.24,31,1,147,671823993,train,True
668288028,723.19,15,16:16:56,False,,False,True,723.24,32,1,147,671823993,train,True
668288029,723.17,15,16:16:57,False,,False,True,723.23,33,1,147,671823993,train,True
668288030,723.15,15,16:16:58,False,,False,True,723.23,34,1,147,671823993,train,True
668288031,723.22,15,16:16:59,False,,False,True,723.23,35,1,147,671823993,train,True
668288032,723.13,15,16:17:00,False,,False,True,723.23,36,1,147,671823993,train,True
668288033,723.15,15,16:17:01,False,,False,True,723.23,37,1,147,671823993,train,True
668288034,723.13,15,16:17:02,False,,False,True,723.23,38,1,147,671823993,train,True
668288035,723.13,15,16:17:03,False,,False,True,723.23,39,1,147,671823993,train,True
668288036,723.11,15,16:17:04,False,,False,True,723.23,40,1,147,671823993,train,True
668288037,723.2,15,16:17:05,False,,False,True,723.23,41,1,147,671823993,train,True
668288038,723.13,15,16:17:06,False,,False,True,723.23,42,1,147,671823993,train,True
668288039,723.11,15,16:17:07,False,,False,True,723.23,43,1,147,671823993,train,True
668288040,723.07,15,16:17:08,False,,False,True,723.23,44,1,147,671823993,train,True
668288041,723.09,15,16:17:09,False,,False,True,723.23,45,1,147,671823993,train,True
668288042,723.22,15,16:17:10,False,,False,True,723.23,46,1,147,671823993,train,True
668288043,723.23,15,16:17:11,False,,False,True,723.23,47,1,147,671823993,train,True
668288044,723.16,15,16:17:12,False,,False,True,723.22,48,1,147,671823993,train,True
668288045,723.19,15,16:17:13,False,,False,True,723.22,49,1,147,671823993,train,True
668288046,723.14,15,16:17:14,False,,False,True,723.22,50,1,147,671823993,train,True
668288047,723.1,15,16:17:15,False,,False,True,723.22,51,1,147,671823993,train,True
668288048,723.21,15,16:17:16,False,,False,True,723.22,52,1,147,671823993,train,True
668288049,723.1,15,16:17:17,False,,False,True,723.22,53,1,147,671823993,train,True
668288050,723.1,15,16:17:17,False,,False,True,723.22,54,1,147,671823993,train,True
668288051,723.15,15,16:17:18,False,,False,True,723.22,55,1,147,671823993,train,True
668288052,723.17,15,16:17:19,False,,False,True,723.22,56,1,147,671823993,train,True
668288053,723.17,15,16:17:20,False,,False,True,723.22,57,1,147,671823993,train,True
668288054,723.08,15,16:17:21,False,,False,True,723.22,58,1,147,671823993,train,True
668287995,723.17,15,16:16:24,False,,False,False,723.25,6,0,148,671824646,train,True
668287996,723.16,15,16:16:25,False,,False,False,723.25,5,0,148,671824646,train,True
668287997,723.19,15,16:16:26,False,,False,False,723.25,5,1,148,671824646,train,True
668287998,723.06,15,16:16:27,False,,False,False,723.25,5,1,148,671824646,train,True
668287999,723.07,15,16:16:28,False,,False,False,723.25,5,1,148,671824646,train,True
668288000,723.08,15,16:16:29,False,,False,False,723.25,6,1,148,671824646,train,True
668288001,723.17,15,16:16:30,False,,False,False,723.25,7,1,148,671824646,train,True
668288002,723.17,15,16:16:31,False,,False,False,723.25,8,1,148,671824646,train,True
668288003,723.17,15,16:16:32,False,,False,False,723.25,8,1,148,671824646,train,True
668288004,723.15,15,16:16:33,False,,False,False,723.25,9,1,148,671824646,train,True
668288005,723.22,15,16:16:34,False,,False,False,723.25,10,1,148,671824646,train,True
668288006,723.17,15,16:16:35,False,,False,False,723.25,11,1,148,671824646,train,True
668288007,723.15,15,16:16:36,False,,False,False,723.25,11,1,148,671824646,train,True
668288008,723.18,15,16:16:37,False,,False,False,723.25,12,1,148,671824646,train,True
668288009,723.14,15,16:16:38,False,,False,False,723.24,13,1,148,671824646,train,True
668288010,723.11,15,16:16:39,False,,False,False,723.24,14,1,148,671824646,train,True
668288011,723.2,15,16:16:40,False,,False,False,723.24,15,1,148,671824646,train,True
668288012,723.17,15,16:16:40,False,,False,False,723.24,16,1,148,671824646,train,True
668288013,723.16,15,16:16:41,False,,False,False,723.24,17,1,148,671824646,train,True
668288014,723.18,15,16:16:42,False,,False,False,723.24,18,1,148,671824646,train,True
668288015,723.23,15,16:16:43,False,,False,False,723.24,19,1,148,671824646,train,True
668288016,723.18,15,16:16:44,False,,False,False,723.24,20,1,148,671824646,train,True
668288017,723.21,15,16:16:45,False,,False,False,723.24,21,1,148,671824646,train,True
668288018,723.2,15,16:16:46,False,,False,False,723.24,22,1,148,671824646,train,True
668288019,723.18,15,16:16:47,False,,False,False,723.24,23,1,148,671824646,train,True
668288020,723.2,15,16:16:48,False,,False,False,723.24,24,1,148,671824646,train,True
668288021,723.19,15,16:16:49,False,,False,False,723.24,25,1,148,671824646,train,True
668288022,723.18,15,16:16:50,False,,False,False,723.24,26,1,148,671824646,train,True
668288023,723.23,15,16:16:51,False,,False,True,723.24,27,1,148,671824646,train,True
668288024,723.12,15,16:16:52,False,,False,True,723.24,28,1,148,671824646,train,True
668288025,723.21,15,16:16:53,False,,False,True,723.24,29,1,148,671824646,train,True
668288026,723.17,15,16:16:54,False,,False,True,723.24,30,1,148,671824646,train,True
668288027,723.13,15,16:16:55,False,,False,True,723.24,31,1,148,671824646,train,True
668288028,723.19,15,16:16:56,False,,False,True,723.24,32,1,148,671824646,train,True
668288029,723.17,15,16:16:57,False,,False,True,723.23,33,1,148,671824646,train,True
668288030,723.15,15,16:16:58,False,,False,True,723.23,34,1,148,671824646,train,True
668288031,723.22,15,16:16:59,False,,False,True,723.23,35,1,148,671824646,train,True
668288032,723.13,15,16:17:00,False,,False,True,723.23,36,1,148,671824646,train,True
668288033,723.15,15,16:17:01,False,,False,True,723.23,37,1,148,671824646,train,True
668288034,723.13,15,16:17:02,False,,False,True,723.23,38,1,148,671824646,train,True
668288035,723.13,15,16:17:03,False,,False,True,723.23,39,1,148,671824646,train,True
668288036,723.11,15,16:17:04,False,,False,True,723.23,40,1,148,671824646,train,True
668288037,723.2,15,16:17:05,False,,False,True,723.23,41,1,148,671824646,train,True
668288038,723.13,15,16:17:06,False,,False,True,723.23,42,1,148,671824646,train,True
668288039,723.11,15,16:17:07,False,,False,True,723.23,43,1,148,671824646,train,True
668288040,723.07,15,16:17:08,False,,False,True,723.23,44,1,148,671824646,train,True
668288041,723.09,15,16:17:09,False,,False,True,723.23,45,1,148,671824646,train,True
668288042,723.22,15,16:17:10,False,,False,True,723.23,46,1,148,671824646,train,True
668288043,723.23,15,16:17:11,False,,False,True,723.23,47,1,148,671824646,train,True
668288044,723.16,15,16:17:12,False,,False,True,723.22,48,1,148,671824646,train,True
668288045,723.19,15,16:17:13,False,,False,True,723.22,49,1,148,671824646,train,True
668288046,723.14,15,16:17:14,False,,False,True,723.22,50,1,148,671824646,train,True
668288047,723.1,15,16:17:15,False,,False,True,723.22,51,1,148,671824646,train,True
668288048,723.21,15,16:17:16,False,,False,True,723.22,52,1,148,671824646,train,True
668288049,723.1,15,16:17:17,False,,False,True,723.22,53,1,148,671824646,train,True
668288050,723.1,15,16:17:17,False,,False,True,723.22,54,1,148,671824646,train,True
668288051,723.15,15,16:17:18,False,,False,True,723.22,55,1,148,671824646,train,True
668288052,723.17,15,16:17:19,False,,False,True,723.22,56,1,148,671824646,train,True
668288053,723.17,15,16:17:20,False,,False,True,723.22,57,1,148,671824646,train,True
668288054,723.08,15,16:17:21,False,,False,True,723.22,58,1,148,671824646,train,True
668287995,723.17,15,16:16:24,False,,False,False,723.25,6,0,149,671825542,train,True
668287996,723.16,15,16:16:25,False,,False,False,723.25,5,0,149,671825542,train,True
668287997,723.19,15,16:16:26,False,,False,False,723.25,5,1,149,671825542,train,True
668287998,723.06,15,16:16:27,False,,False,False,723.25,5,1,149,671825542,train,True
668287999,723.07,15,16:16:28,False,,False,False,723.25,5,1,149,671825542,train,True
668288000,723.08,15,16:16:29,False,,False,False,723.25,6,1,149,671825542,train,True
668288001,723.17,15,16:16:30,False,,False,False,723.25,7,1,149,671825542,train,True
668288002,723.17,15,16:16:31,False,,False,False,723.25,8,1,149,671825542,train,True
668288003,723.17,15,16:16:32,False,,False,False,723.25,8,1,149,671825542,train,True
668288004,723.15,15,16:16:33,False,,False,False,723.25,9,1,149,671825542,train,True
668288005,723.22,15,16:16:34,False,,False,False,723.25,10,1,149,671825542,train,True
668288006,723.17,15,16:16:35,False,,False,False,723.25,11,1,149,671825542,train,True
668288007,723.15,15,16:16:36,False,,False,False,723.25,11,1,149,671825542,train,True
668288008,723.18,15,16:16:37,False,,False,False,723.25,12,1,149,671825542,train,True
668288009,723.14,15,16:16:38,False,,False,False,723.24,13,1,149,671825542,train,True
668288010,723.11,15,16:16:39,False,,False,False,723.24,14,1,149,671825542,train,True
668288011,723.2,15,16:16:40,False,,False,False,723.24,15,1,149,671825542,train,True
668288012,723.17,15,16:16:40,False,,False,False,723.24,16,1,149,671825542,train,True
668288013,723.16,15,16:16:41,False,,False,False,723.24,17,1,149,671825542,train,True
668288014,723.18,15,16:16:42,False,,False,False,723.24,18,1,149,671825542,train,True
668288015,723.23,15,16:16:43,False,,False,False,723.24,19,1,149,671825542,train,True
668288016,723.18,15,16:16:44,False,,False,False,723.24,20,1,149,671825542,train,True
668288017,723.21,15,16:16:45,False,,False,False,723.24,21,1,149,671825542,train,True
668288018,723.2,15,16:16:46,False,,False,False,723.24,22,1,149,671825542,train,True
668288019,723.18,15,16:16:47,False,,False,False,723.24,23,1,149,671825542,train,True
668288020,723.2,15,16:16:48,False,,False,False,723.24,24,1,149,671825542,train,True
668288021,723.19,15,16:16:49,False,,False,False,723.24,25,1,149,671825542,train,True
668288022,723.18,15,16:16:50,False,,False,False,723.24,26,1,149,671825542,train,True
668288023,723.23,15,16:16:51,False,,False,True,723.24,27,1,149,671825542,train,True
668288024,723.12,15,16:16:52,False,,False,True,723.24,28,1,149,671825542,train,True
668288025,723.21,15,16:16:53,False,,False,True,723.24,29,1,149,671825542,train,True
668288026,723.17,15,16:16:54,False,,False,True,723.24,30,1,149,671825542,train,True
668288027,723.13,15,16:16:55,False,,False,True,723.24,31,1,149,671825542,train,True
668288028,723.19,15,16:16:56,False,,False,True,723.24,32,1,149,671825542,train,True
668288029,723.17,15,16:16:57,False,,False,True,723.23,33,1,149,671825542,train,True
668288030,723.15,15,16:16:58,False,,False,True,723.23,34,1,149,671825542,train,True
668288031,723.22,15,16:16:59,False,,False,True,723.23,35,1,149,671825542,train,True
668288032,723.13,15,16:17:00,False,,False,True,723.23,36,1,149,671825542,train,True
668288033,723.15,15,16:17:01,False,,False,True,723.23,37,1,149,671825542,train,True
668288034,723.13,15,16:17:02,False,,False,True,723.23,38,1,149,671825542,train,True
668288035,723.13,15,16:17:03,False,,False,True,723.23,39,1,149,671825542,train,True
668288036,723.11,15,16:17:04,False,,False,True,723.23,40,1,149,671825542,train,True
668288037,723.2,15,16:17:05,False,,False,True,723.23,41,1,149,671825542,train,True
668288038,723.13,15,16:17:06,False,,False,True,723.23,42,1,149,671825542,train,True
668288039,723.11,15,16:17:07,False,,False,True,723.23,43,1,149,671825542,train,True
668288040,723.07,15,16:17:08,False,,False,True,723.23,44,1,149,671825542,train,True
668288041,723.09,15,16:17:09,False,,False,True,723.23,45,1,149,671825542,train,True
668288042,723.22,15,16:17:10,False,,False,True,723.23,46,1,149,671825542,train,True
668288043,723.23,15,16:17:11,False,,False,True,723.23,47,1,149,671825542,train,True
668288044,723.16,15,16:17:12,False,,False,True,723.22,48,1,149,671825542,train,True
668288045,723.19,15,16:17:13,False,,False,True,723.22,49,1,149,671825542,train,True
668288046,723.14,15,16:17:14,False,,False,True,723.22,50,1,149,671825542,train,True
668288047,723.1,15,16:17:15,False,,False,True,723.22,51,1,149,671825542,train,True
668288048,723.21,15,16:17:16,False,,False,True,723.22,52,1,149,671825542,train,True
668288049,723.1,15,16:17:17,False,,False,True,723.22,53,1,149,671825542,train,True
668288050,723.1,15,16:17:17,False,,False,True,723.22,54,1,149,671825542,train,True
668288051,723.15,15,16:17:18,False,,False,True,723.22,55,1,149,671825542,train,True
668288052,723.17,15,16:17:19,False,,False,True,723.22,56,1,149,671825542,train,True
668288053,723.17,15,16:17:20,False,,False,True,723.22,57,1,149,671825542,train,True
668288054,723.08,15,16:17:21,False,,False,True,723.22,58,1,149,671825542,train,True
668287995,723.17,15,16:16:24,False,,False,False,723.25,6,0,150,671831605,train,True
668287996,723.16,15,16:16:25,False,,False,False,723.25,5,0,150,671831605,train,True
668287997,723.19,15,16:16:26,False,,False,False,723.25,5,1,150,671831605,train,True
668287998,723.06,15,16:16:27,False,,False,False,723.25,5,1,150,671831605,train,True
668287999,723.07,15,16:16:28,False,,False,False,723.25,5,1,150,671831605,train,True
668288000,723.08,15,16:16:29,False,,False,False,723.25,6,1,150,671831605,train,True
668288001,723.17,15,16:16:30,False,,False,False,723.25,7,1,150,671831605,train,True
668288002,723.17,15,16:16:31,False,,False,False,723.25,8,1,150,671831605,train,True
668288003,723.17,15,16:16:32,False,,False,False,723.25,8,1,150,671831605,train,True
668288004,723.15,15,16:16:33,False,,False,False,723.25,9,1,150,671831605,train,True
668288005,723.22,15,16:16:34,False,,False,False,723.25,10,1,150,671831605,train,True
668288006,723.17,15,16:16:35,False,,False,False,723.25,11,1,150,671831605,train,True
668288007,723.15,15,16:16:36,False,,False,False,723.25,11,1,150,671831605,train,True
668288008,723.18,15,16:16:37,False,,False,False,723.25,12,1,150,671831605,train,True
668288009,723.14,15,16:16:38,False,,False,False,723.24,13,1,150,671831605,train,True
668288010,723.11,15,16:16:39,False,,False,False,723.24,14,1,150,671831605,train,True
668288011,723.2,15,16:16:40,False,,False,False,723.24,15,1,150,671831605,train,True
668288012,723.17,15,16:16:40,False,,False,False,723.24,16,1,150,671831605,train,True
668288013,723.16,15,16:16:41,False,,False,False,723.24,17,1,150,671831605,train,True
668288014,723.18,15,16:16:42,False,,False,False,723.24,18,1,150,671831605,train,True
668288015,723.23,15,16:16:43,False,,False,False,723.24,19,1,150,671831605,train,True
668288016,723.18,15,16:16:44,False,,False,False,723.24,20,1,150,671831605,train,True
668288017,723.21,15,16:16:45,False,,False,False,723.24,21,1,150,671831605,train,True
668288018,723.2,15,16:16:46,False,,False,False,723.24,22,1,150,671831605,train,True
668288019,723.18,15,16:16:47,False,,False,False,723.24,23,1,150,671831605,train,True
668288020,723.2,15,16:16:48,False,,False,False,723.24,24,1,150,671831605,train,True
668288021,723.19,15,16:16:49,False,,False,False,723.24,25,1,150,671831605,train,True
668288022,723.18,15,16:16:50,False,,False,False,723.24,26,1,150,671831605,train,True
668288023,723.23,15,16:16:51,False,,False,True,723.24,27,1,150,671831605,train,True
668288024,723.12,15,16:16:52,False,,False,True,723.24,28,1,150,671831605,train,True
668288025,723.21,15,16:16:53,False,,False,True,723.24,29,1,150,671831605,train,True
668288026,723.17,15,16:16:54,False,,False,True,723.24,30,1,150,671831605,train,True
668288027,723.13,15,16:16:55,False,,False,True,723.24,31,1,150,671831605,train,True
668288028,723.19,15,16:16:56,False,,False,True,723.24,32,1,150,671831605,train,True
668288029,723.17,15,16:16:57,False,,False,True,723.23,33,1,150,671831605,train,True
668288030,723.15,15,16:16:58,False,,False,True,723.23,34,1,150,671831605,train,True
668288031,723.22,15,16:16:59,False,,False,True,723.23,35,1,150,671831605,train,True
668288032,723.13,15,16:17:00,False,,False,True,723.23,36,1,150,671831605,train,True
668288033,723.15,15,16:17:01,False,,False,True,723.23,37,1,150,671831605,train,True
668288034,723.13,15,16:17:02,False,,False,True,723.23,38,1,150,671831605,train,True
668288035,723.13,15,16:17:03,False,,False,True,723.23,39,1,150,671831605,train,True
668288036,723.11,15,16:17:04,False,,False,True,723.23,40,1,150,671831605,train,True
668288037,723.2,15,16:17:05,False,,False,True,723.23,41,1,150,671831605,train,True
668288038,723.13,15,16:17:06,False,,False,True,723.23,42,1,150,671831605,train,True
668288039,723.11,15,16:17:07,False,,False,True,723.23,43,1,150,671831605,train,True
668288040,723.07,15,16:17:08,False,,False,True,723.23,44,1,150,671831605,train,True
668288041,723.09,15,16:17:09,False,,False,True,723.23,45,1,150,671831605,train,True
668288042,723.22,15,16:17:10,False,,False,True,723.23,46,1,150,671831605,train,True
668288043,723.23,15,16:17:11,False,,False,True,723.23,47,1,150,671831605,train,True
668288044,723.16,15,16:17:12,False,,False,True,723.22,48,1,150,671831605,train,True
668288045,723.19,15,16:17:13,False,,False,True,723.22,49,1,150,671831605,train,True
668288046,723.14,15,16:17:14,False,,False,True,723.22,50,1,150,671831605,train,True
668288047,723.1,15,16:17:15,False,,False,True,723.22,51,1,150,671831605,train,True
668288048,723.21,15,16:17:16,False,,False,True,723.22,52,1,150,671831605,train,True
668288049,723.1,15,16:17:17,False,,False,True,723.22,53,1,150,671831605,train,True
668288050,723.1,15,16:17:17,False,,False,True,723.22,54,1,150,671831605,train,True
668288051,723.15,15,16:17:18,False,,False,True,723.22,55,1,150,671831605,train,True
668288052,723.17,15,16:17:19,False,,False,True,723.22,56,1,150,671831605,train,True
668288053,723.17,15,16:17:20,False,,False,True,723.22,57,1,150,671831605,train,True
668288054,723.08,15,16:17:21,False,,False,True,723.22,58,1,150,671831605,train,True
668287995,723.17,15,16:16:24,False,,False,False,723.25,6,0,151,671834757,train,True
668287996,723.16,15,16:16:25,False,,False,False,723.25,5,0,151,671834757,train,True
668287997,723.19,15,16:16:26,False,,False,False,723.25,5,1,151,671834757,train,True
668287998,723.06,15,16:16:27,False,,False,False,723.25,5,1,151,671834757,train,True
668287999,723.07,15,16:16:28,False,,False,False,723.25,5,1,151,671834757,train,True
668288000,723.08,15,16:16:29,False,,False,False,723.25,6,1,151,671834757,train,True
668288001,723.17,15,16:16:30,False,,False,False,723.25,7,1,151,671834757,train,True
668288002,723.17,15,16:16:31,False,,False,False,723.25,8,1,151,671834757,train,True
668288003,723.17,15,16:16:32,False,,False,False,723.25,8,1,151,671834757,train,True
668288004,723.15,15,16:16:33,False,,False,False,723.25,9,1,151,671834757,train,True
668288005,723.22,15,16:16:34,False,,False,False,723.25,10,1,151,671834757,train,True
668288006,723.17,15,16:16:35,False,,False,False,723.25,11,1,151,671834757,train,True
668288007,723.15,15,16:16:36,False,,False,False,723.25,11,1,151,671834757,train,True
668288008,723.18,15,16:16:37,False,,False,False,723.25,12,1,151,671834757,train,True
668288009,723.14,15,16:16:38,False,,False,False,723.24,13,1,151,671834757,train,True
668288010,723.11,15,16:16:39,False,,False,False,723.24,14,1,151,671834757,train,True
668288011,723.2,15,16:16:40,False,,False,False,723.24,15,1,151,671834757,train,True
668288012,723.17,15,16:16:40,False,,False,False,723.24,16,1,151,671834757,train,True
668288013,723.16,15,16:16:41,False,,False,False,723.24,17,1,151,671834757,train,True
668288014,723.18,15,16:16:42,False,,False,False,723.24,18,1,151,671834757,train,True
668288015,723.23,15,16:16:43,False,,False,False,723.24,19,1,151,671834757,train,True
668288016,723.18,15,16:16:44,False,,False,False,723.24,20,1,151,671834757,train,True
668288017,723.21,15,16:16:45,False,,False,False,723.24,21,1,151,671834757,train,True
668288018,723.2,15,16:16:46,False,,False,False,723.24,22,1,151,671834757,train,True
668288019,723.18,15,16:16:47,False,,False,False,723.24,23,1,151,671834757,train,True
668288020,723.2,15,16:16:48,False,,False,False,723.24,24,1,151,671834757,train,True
668288021,723.19,15,16:16:49,False,,False,False,723.24,25,1,151,671834757,train,True
668288022,723.18,15,16:16:50,False,,False,False,723.24,26,1,151,671834757,train,True
668288023,723.23,15,16:16:51,False,,False,True,723.24,27,1,151,671834757,train,True
668288024,723.12,15,16:16:52,False,,False,True,723.24,28,1,151,671834757,train,True
668288025,723.21,15,16:16:53,False,,False,True,723.24,29,1,151,671834757,train,True
668288026,723.17,15,16:16:54,False,,False,True,723.24,30,1,151,671834757,train,True
668288027,723.13,15,16:16:55,False,,False,True,723.24,31,1,151,671834757,train,True
668288028,723.19,15,16:16:56,False,,False,True,723.24,32,1,151,671834757,train,True
668288029,723.17,15,16:16:57,False,,False,True,723.23,33,1,151,671834757,train,True
668288030,723.15,15,16:16:58,False,,False,True,723.23,34,1,151,671834757,train,True
668288031,723.22,15,16:16:59,False,,False,True,723.23,35,1,151,671834757,train,True
668288032,723.13,15,16:17:00,False,,False,True,723.23,36,1,151,671834757,train,True
668288033,723.15,15,16:17:01,False,,False,True,723.23,37,1,151,671834757,train,True
668288034,723.13,15,16:17:02,False,,False,True,723.23,38,1,151,671834757,train,True
668288035,723.13,15,16:17:03,False,,False,True,723.23,39,1,151,671834757,train,True
668288036,723.11,15,16:17:04,False,,False,True,723.23,40,1,151,671834757,train,True
668288037,723.2,15,16:17:05,False,,False,True,723.23,41,1,151,671834757,train,True
668288038,723.13,15,16:17:06,False,,False,True,723.23,42,1,151,671834757,train,True
668288039,723.11,15,16:17:07,False,,False,True,723.23,43,1,151,671834757,train,True
668288040,723.07,15,16:17:08,False,,False,True,723.23,44,1,151,671834757,train,True
668288041,723.09,15,16:17:09,False,,False,True,723.23,45,1,151,671834757,train,True
668288042,723.22,15,16:17:10,False,,False,True,723.23,46,1,151,671834757,train,True
668288043,723.23,15,16:17:11,False,,False,True,723.23,47,1,151,671834757,train,True
668288044,723.16,15,16:17:12,False,,False,True,723.22,48,1,151,671834757,train,True
668288045,723.19,15,16:17:13,False,,False,True,723.22,49,1,151,671834757,train,True
668288046,723.14,15,16:17:14,False,,False,True,723.22,50,1,151,671834757,train,True
668288047,723.1,15,16:17:15,False,,False,True,723.22,51,1,151,671834757,train,True
668288048,723.21,15,16:17:16,False,,False,True,723.22,52,1,151,671834757,train,True
668288049,723.1,15,16:17:17,False,,False,True,723.22,53,1,151,671834757,train,True
668288050,723.1,15,16:17:17,False,,False,True,723.22,54,1,151,671834757,train,True
668288051,723.15,15,16:17:18,False,,False,True,723.22,55,1,151,671834757,train,True
668288052,723.17,15,16:17:19,False,,False,True,723.22,56,1,151,671834757,train,True
668288053,723.17,15,16:17:20,False,,False,True,723.22,57,1,151,671834757,train,True
668288054,723.08,15,16:17:21,False,,False,True,723.22,58,1,151,671834757,train,True
668287995,723.17,15,16:16:24,False,,False,False,723.25,6,0,152,671904824,train,True
668287996,723.16,15,16:16:25,False,,False,False,723.25,5,0,152,671904824,train,True
668287997,723.19,15,16:16:26,False,,False,False,723.25,5,1,152,671904824,train,True
668287998,723.06,15,16:16:27,False,,False,False,723.25,5,1,152,671904824,train,True
668287999,723.07,15,16:16:28,False,,False,False,723.25,5,1,152,671904824,train,True
668288000,723.08,15,16:16:29,False,,False,False,723.25,6,1,152,671904824,train,True
668288001,723.17,15,16:16:30,False,,False,False,723.25,7,1,152,671904824,train,True
668288002,723.17,15,16:16:31,False,,False,False,723.25,8,1,152,671904824,train,True
668288003,723.17,15,16:16:32,False,,False,False,723.25,8,1,152,671904824,train,True
668288004,723.15,15,16:16:33,False,,False,False,723.25,9,1,152,671904824,train,True
668288005,723.22,15,16:16:34,False,,False,False,723.25,10,1,152,671904824,train,True
668288006,723.17,15,16:16:35,False,,False,False,723.25,11,1,152,671904824,train,True
668288007,723.15,15,16:16:36,False,,False,False,723.25,11,1,152,671904824,train,True
668288008,723.18,15,16:16:37,False,,False,False,723.25,12,1,152,671904824,train,True
668288009,723.14,15,16:16:38,False,,False,False,723.24,13,1,152,671904824,train,True
668288010,723.11,15,16:16:39,False,,False,False,723.24,14,1,152,671904824,train,True
668288011,723.2,15,16:16:40,False,,False,False,723.24,15,1,152,671904824,train,True
668288012,723.17,15,16:16:40,False,,False,False,723.24,16,1,152,671904824,train,True
668288013,723.16,15,16:16:41,False,,False,False,723.24,17,1,152,671904824,train,True
668288014,723.18,15,16:16:42,False,,False,False,723.24,18,1,152,671904824,train,True
668288015,723.23,15,16:16:43,False,,False,False,723.24,19,1,152,671904824,train,True
668288016,723.18,15,16:16:44,False,,False,False,723.24,20,1,152,671904824,train,True
668288017,723.21,15,16:16:45,False,,False,False,723.24,21,1,152,671904824,train,True
668288018,723.2,15,16:16:46,False,,False,False,723.24,22,1,152,671904824,train,True
668288019,723.18,15,16:16:47,False,,False,False,723.24,23,1,152,671904824,train,True
668288020,723.2,15,16:16:48,False,,False,False,723.24,24,1,152,671904824,train,True
668288021,723.19,15,16:16:49,False,,False,False,723.24,25,1,152,671904824,train,True
668288022,723.18,15,16:16:50,False,,False,False,723.24,26,1,152,671904824,train,True
668288023,723.23,15,16:16:51,False,,False,True,723.24,27,1,152,671904824,train,True
668288024,723.12,15,16:16:52,False,,False,True,723.24,28,1,152,671904824,train,True
668288025,723.21,15,16:16:53,False,,False,True,723.24,29,1,152,671904824,train,True
668288026,723.17,15,16:16:54,False,,False,True,723.24,30,1,152,671904824,train,True
668288027,723.13,15,16:16:55,False,,False,True,723.24,31,1,152,671904824,train,True
668288028,723.19,15,16:16:56,False,,False,True,723.24,32,1,152,671904824,train,True
668288029,723.17,15,16:16:57,False,,False,True,723.23,33,1,152,671904824,train,True
668288030,723.15,15,16:16:58,False,,False,True,723.23,34,1,152,671904824,train,True
668288031,723.22,15,16:16:59,False,,False,True,723.23,35,1,152,671904824,train,True
668288032,723.13,15,16:17:00,False,,False,True,723.23,36,1,152,671904824,train,True
668288033,723.15,15,16:17:01,False,,False,True,723.23,37,1,152,671904824,train,True
668288034,723.13,15,16:17:02,False,,False,True,723.23,38,1,152,671904824,train,True
668288035,723.13,15,16:17:03,False,,False,True,723.23,39,1,152,671904824,train,True
668288036,723.11,15,16:17:04,False,,False,True,723.23,40,1,152,671904824,train,True
668288037,723.2,15,16:17:05,False,,False,True,723.23,41,1,152,671904824,train,True
668288038,723.13,15,16:17:06,False,,False,True,723.23,42,1,152,671904824,train,True
668288039,723.11,15,16:17:07,False,,False,True,723.23,43,1,152,671904824,train,True
668288040,723.07,15,16:17:08,False,,False,True,723.23,44,1,152,671904824,train,True
668288041,723.09,15,16:17:09,False,,False,True,723.23,45,1,152,671904824,train,True
668288042,723.22,15,16:17:10,False,,False,True,723.23,46,1,152,671904824,train,True
668288043,723.23,15,16:17:11,False,,False,True,723.23,47,1,152,671904824,train,True
668288044,723.16,15,16:17:12,False,,False,True,723.22,48,1,152,671904824,train,True
668288045,723.19,15,16:17:13,False,,False,True,723.22,49,1,152,671904824,train,True
668288046,723.14,15,16:17:14,False,,False,True,723.22,50,1,152,671904824,train,True
668288047,723.1,15,16:17:15,False,,False,True,723.22,51,1,152,671904824,train,True
668288048,723.21,15,16:17:16,False,,False,True,723.22,52,1,152,671904824,train,True
668288049,723.1,15,16:17:17,False,,False,True,723.22,53,1,152,671904824,train,True
668288050,723.1,15,16:17:17,False,,False,True,723.22,54,1,152,671904824,train,True
668288051,723.15,15,16:17:18,False,,False,True,723.22,55,1,152,671904824,train,True
668288052,723.17,15,16:17:19,False,,False,True,723.22,56,1,152,671904824,train,True
668288053,723.17,15,16:17:20,False,,False,True,723.22,57,1,152,671904824,train,True
668288054,723.08,15,16:17:21,False,,False,True,723.22,58,1,152,671904824,train,True
668287995,723.17,15,16:16:24,False,,False,False,723.25,6,0,153,671909321,train,True
668287996,723.16,15,16:16:25,False,,False,False,723.25,5,0,153,671909321,train,True
668287997,723.19,15,16:16:26,False,,False,False,723.25,5,1,153,671909321,train,True
668287998,723.06,15,16:16:27,False,,False,False,723.25,5,1,153,671909321,train,True
668287999,723.07,15,16:16:28,False,,False,False,723.25,5,1,153,671909321,train,True
668288000,723.08,15,16:16:29,False,,False,False,723.25,6,1,153,671909321,train,True
668288001,723.17,15,16:16:30,False,,False,False,723.25,7,1,153,671909321,train,True
668288002,723.17,15,16:16:31,False,,False,False,723.25,8,1,153,671909321,train,True
668288003,723.17,15,16:16:32,False,,False,False,723.25,8,1,153,671909321,train,True
668288004,723.15,15,16:16:33,False,,False,False,723.25,9,1,153,671909321,train,True
668288005,723.22,15,16:16:34,False,,False,False,723.25,10,1,153,671909321,train,True
668288006,723.17,15,16:16:35,False,,False,False,723.25,11,1,153,671909321,train,True
668288007,723.15,15,16:16:36,False,,False,False,723.25,11,1,153,671909321,train,True
668288008,723.18,15,16:16:37,False,,False,False,723.25,12,1,153,671909321,train,True
668288009,723.14,15,16:16:38,False,,False,False,723.24,13,1,153,671909321,train,True
668288010,723.11,15,16:16:39,False,,False,False,723.24,14,1,153,671909321,train,True
668288011,723.2,15,16:16:40,False,,False,False,723.24,15,1,153,671909321,train,True
668288012,723.17,15,16:16:40,False,,False,False,723.24,16,1,153,671909321,train,True
668288013,723.16,15,16:16:41,False,,False,False,723.24,17,1,153,671909321,train,True
668288014,723.18,15,16:16:42,False,,False,False,723.24,18,1,153,671909321,train,True
668288015,723.23,15,16:16:43,False,,False,False,723.24,19,1,153,671909321,train,True
668288016,723.18,15,16:16:44,False,,False,False,723.24,20,1,153,671909321,train,True
668288017,723.21,15,16:16:45,False,,False,False,723.24,21,1,153,671909321,train,True
668288018,723.2,15,16:16:46,False,,False,False,723.24,22,1,153,671909321,train,True
668288019,723.18,15,16:16:47,False,,False,False,723.24,23,1,153,671909321,train,True
668288020,723.2,15,16:16:48,False,,False,False,723.24,24,1,153,671909321,train,True
668288021,723.19,15,16:16:49,False,,False,False,723.24,25,1,153,671909321,train,True
668288022,723.18,15,16:16:50,False,,False,False,723.24,26,1,153,671909321,train,True
668288023,723.23,15,16:16:51,False,,False,True,723.24,27,1,153,671909321,train,True
668288024,723.12,15,16:16:52,False,,False,True,723.24,28,1,153,671909321,train,True
668288025,723.21,15,16:16:53,False,,False,True,723.24,29,1,153,671909321,train,True
668288026,723.17,15,16:16:54,False,,False,True,723.24,30,1,153,671909321,train,True
668288027,723.13,15,16:16:55,False,,False,True,723.24,31,1,153,671909321,train,True
668288028,723.19,15,16:16:56,False,,False,True,723.24,32,1,153,671909321,train,True
668288029,723.17,15,16:16:57,False,,False,True,723.23,33,1,153,671909321,train,True
668288030,723.15,15,16:16:58,False,,False,True,723.23,34,1,153,671909321,train,True
668288031,723.22,15,16:16:59,False,,False,True,723.23,35,1,153,671909321,train,True
668288032,723.13,15,16:17:00,False,,False,True,723.23,36,1,153,671909321,train,True
668288033,723.15,15,16:17:01,False,,False,True,723.23,37,1,153,671909321,train,True
668288034,723.13,15,16:17:02,False,,False,True,723.23,38,1,153,671909321,train,True
668288035,723.13,15,16:17:03,False,,False,True,723.23,39,1,153,671909321,train,True
668288036,723.11,15,16:17:04,False,,False,True,723.23,40,1,153,671909321,train,True
668288037,723.2,15,16:17:05,False,,False,True,723.23,41,1,153,671909321,train,True
668288038,723.13,15,16:17:06,False,,False,True,723.23,42,1,153,671909321,train,True
668288039,723.11,15,16:17:07,False,,False,True,723.23,43,1,153,671909321,train,True
668288040,723.07,15,16:17:08,False,,False,True,723.23,44,1,153,671909321,train,True
668288041,723.09,15,16:17:09,False,,False,True,723.23,45,1,153,671909321,train,True
668288042,723.22,15,16:17:10,False,,False,True,723.23,46,1,153,671909321,train,True
668288043,723.23,15,16:17:11,False,,False,True,723.23,47,1,153,671909321,train,True
668288044,723.16,15,16:17:12,False,,False,True,723.22,48,1,153,671909321,train,True
668288045,723.19,15,16:17:13,False,,False,True,723.22,49,1,153,671909321,train,True
668288046,723.14,15,16:17:14,False,,False,True,723.22,50,1,153,671909321,train,True
668288047,723.1,15,16:17:15,False,,False,True,723.22,51,1,153,671909321,train,True
668288048,723.21,15,16:17:16,False,,False,True,723.22,52,1,153,671909321,train,True
668288049,723.1,15,16:17:17,False,,False,True,723.22,53,1,153,671909321,train,True
668288050,723.1,15,16:17:17,False,,False,True,723.22,54,1,153,671909321,train,True
668288051,723.15,15,16:17:18,False,,False,True,723.22,55,1,153,671909321,train,True
668288052,723.17,15,16:17:19,False,,False,True,723.22,56,1,153,671909321,train,True
668288053,723.17,15,16:17:20,False,,False,True,723.22,57,1,153,671909321,train,True
668288054,723.08,15,16:17:21,False,,False,True,723.22,58,1,153,671909321,train,True
668287995,723.17,15,16:16:24,False,,False,False,723.25,6,0,154,671911350,train,True
668287996,723.16,15,16:16:25,False,,False,False,723.25,5,0,154,671911350,train,True
668287997,723.19,15,16:16:26,False,,False,False,723.25,5,1,154,671911350,train,True
668287998,723.06,15,16:16:27,False,,False,False,723.25,5,1,154,671911350,train,True
668287999,723.07,15,16:16:28,False,,False,False,723.25,5,1,154,671911350,train,True
668288000,723.08,15,16:16:29,False,,False,False,723.25,6,1,154,671911350,train,True
668288001,723.17,15,16:16:30,False,,False,False,723.25,7,1,154,671911350,train,True
668288002,723.17,15,16:16:31,False,,False,False,723.25,8,1,154,671911350,train,True
668288003,723.17,15,16:16:32,False,,False,False,723.25,8,1,154,671911350,train,True
668288004,723.15,15,16:16:33,False,,False,False,723.25,9,1,154,671911350,train,True
668288005,723.22,15,16:16:34,False,,False,False,723.25,10,1,154,671911350,train,True
668288006,723.17,15,16:16:35,False,,False,False,723.25,11,1,154,671911350,train,True
668288007,723.15,15,16:16:36,False,,False,False,723.25,11,1,154,671911350,train,True
668288008,723.18,15,16:16:37,False,,False,False,723.25,12,1,154,671911350,train,True
668288009,723.14,15,16:16:38,False,,False,False,723.24,13,1,154,671911350,train,True
668288010,723.11,15,16:16:39,False,,False,False,723.24,14,1,154,671911350,train,True
668288011,723.2,15,16:16:40,False,,False,False,723.24,15,1,154,671911350,train,True
668288012,723.17,15,16:16:40,False,,False,False,723.24,16,1,154,671911350,train,True
668288013,723.16,15,16:16:41,False,,False,False,723.24,17,1,154,671911350,train,True
668288014,723.18,15,16:16:42,False,,False,False,723.24,18,1,154,671911350,train,True
668288015,723.23,15,16:16:43,False,,False,False,723.24,19,1,154,671911350,train,True
668288016,723.18,15,16:16:44,False,,False,False,723.24,20,1,154,671911350,train,True
668288017,723.21,15,16:16:45,False,,False,False,723.24,21,1,154,671911350,train,True
668288018,723.2,15,16:16:46,False,,False,False,723.24,22,1,154,671911350,train,True
668288019,723.18,15,16:16:47,False,,False,False,723.24,23,1,154,671911350,train,True
668288020,723.2,15,16:16:48,False,,False,False,723.24,24,1,154,671911350,train,True
668288021,723.19,15,16:16:49,False,,False,False,723.24,25,1,154,671911350,train,True
668288022,723.18,15,16:16:50,False,,False,False,723.24,26,1,154,671911350,train,True
668288023,723.23,15,16:16:51,False,,False,True,723.24,27,1,154,671911350,train,True
668288024,723.12,15,16:16:52,False,,False,True,723.24,28,1,154,671911350,train,True
668288025,723.21,15,16:16:53,False,,False,True,723.24,29,1,154,671911350,train,True
668288026,723.17,15,16:16:54,False,,False,True,723.24,30,1,154,671911350,train,True
668288027,723.13,15,16:16:55,False,,False,True,723.24,31,1,154,671911350,train,True
668288028,723.19,15,16:16:56,False,,False,True,723.24,32,1,154,671911350,train,True
668288029,723.17,15,16:16:57,False,,False,True,723.23,33,1,154,671911350,train,True
668288030,723.15,15,16:16:58,False,,False,True,723.23,34,1,154,671911350,train,True
668288031,723.22,15,16:16:59,False,,False,True,723.23,35,1,154,671911350,train,True
668288032,723.13,15,16:17:00,False,,False,True,723.23,36,1,154,671911350,train,True
668288033,723.15,15,16:17:01,False,,False,True,723.23,37,1,154,671911350,train,True
668288034,723.13,15,16:17:02,False,,False,True,723.23,38,1,154,671911350,train,True
668288035,723.13,15,16:17:03,False,,False,True,723.23,39,1,154,671911350,train,True
668288036,723.11,15,16:17:04,False,,False,True,723.23,40,1,154,671911350,train,True
668288037,723.2,15,16:17:05,False,,False,True,723.23,41,1,154,671911350,train,True
668288038,723.13,15,16:17:06,False,,False,True,723.23,42,1,154,671911350,train,True
668288039,723.11,15,16:17:07,False,,False,True,723.23,43,1,154,671911350,train,True
668288040,723.07,15,16:17:08,False,,False,True,723.23,44,1,154,671911350,train,True
668288041,723.09,15,16:17:09,False,,False,True,723.23,45,1,154,671911350,train,True
668288042,723.22,15,16:17:10,False,,False,True,723.23,46,1,154,671911350,train,True
668288043,723.23,15,16:17:11,False,,False,True,723.23,47,1,154,671911350,train,True
668288044,723.16,15,16:17:12,False,,False,True,723.22,48,1,154,671911350,train,True
668288045,723.19,15,16:17:13,False,,False,True,723.22,49,1,154,671911350,train,True
668288046,723.14,15,16:17:14,False,,False,True,723.22,50,1,154,671911350,train,True
668288047,723.1,15,16:17:15,False,,False,True,723.22,51,1,154,671911350,train,True
668288048,723.21,15,16:17:16,False,,False,True,723.22,52,1,154,671911350,train,True
668288049,723.1,15,16:17:17,False,,False,True,723.22,53,1,154,671911350,train,True
668288050,723.1,15,16:17:17,False,,False,True,723.22,54,1,154,671911350,train,True
668288051,723.15,15,16:17:18,False,,False,True,723.22,55,1,154,671911350,train,True
668288052,723.17,15,16:17:19,False,,False,True,723.22,56,1,154,671911350,train,True
668288053,723.17,15,16:17:20,False,,False,True,723.22,57,1,154,671911350,train,True
668288054,723.08,15,16:17:21,False,,False,True,723.22,58,1,154,671911350,train,True
668287995,723.17,15,16:16:24,False,,False,False,723.25,6,0,155,671913231,train,True
668287996,723.16,15,16:16:25,False,,False,False,723.25,5,0,155,671913231,train,True
668287997,723.19,15,16:16:26,False,,False,False,723.25,5,1,155,671913231,train,True
668287998,723.06,15,16:16:27,False,,False,False,723.25,5,1,155,671913231,train,True
668287999,723.07,15,16:16:28,False,,False,False,723.25,5,1,155,671913231,train,True
668288000,723.08,15,16:16:29,False,,False,False,723.25,6,1,155,671913231,train,True
668288001,723.17,15,16:16:30,False,,False,False,723.25,7,1,155,671913231,train,True
668288002,723.17,15,16:16:31,False,,False,False,723.25,8,1,155,671913231,train,True
668288003,723.17,15,16:16:32,False,,False,False,723.25,8,1,155,671913231,train,True
668288004,723.15,15,16:16:33,False,,False,False,723.25,9,1,155,671913231,train,True
668288005,723.22,15,16:16:34,False,,False,False,723.25,10,1,155,671913231,train,True
668288006,723.17,15,16:16:35,False,,False,False,723.25,11,1,155,671913231,train,True
668288007,723.15,15,16:16:36,False,,False,False,723.25,11,1,155,671913231,train,True
668288008,723.18,15,16:16:37,False,,False,False,723.25,12,1,155,671913231,train,True
668288009,723.14,15,16:16:38,False,,False,False,723.24,13,1,155,671913231,train,True
668288010,723.11,15,16:16:39,False,,False,False,723.24,14,1,155,671913231,train,True
668288011,723.2,15,16:16:40,False,,False,False,723.24,15,1,155,671913231,train,True
668288012,723.17,15,16:16:40,False,,False,False,723.24,16,1,155,671913231,train,True
668288013,723.16,15,16:16:41,False,,False,False,723.24,17,1,155,671913231,train,True
668288014,723.18,15,16:16:42,False,,False,False,723.24,18,1,155,671913231,train,True
668288015,723.23,15,16:16:43,False,,False,False,723.24,19,1,155,671913231,train,True
668288016,723.18,15,16:16:44,False,,False,False,723.24,20,1,155,671913231,train,True
668288017,723.21,15,16:16:45,False,,False,False,723.24,21,1,155,671913231,train,True
668288018,723.2,15,16:16:46,False,,False,False,723.24,22,1,155,671913231,train,True
668288019,723.18,15,16:16:47,False,,False,False,723.24,23,1,155,671913231,train,True
668288020,723.2,15,16:16:48,False,,False,False,723.24,24,1,155,671913231,train,True
668288021,723.19,15,16:16:49,False,,False,False,723.24,25,1,155,671913231,train,True
668288022,723.18,15,16:16:50,False,,False,False,723.24,26,1,155,671913231,train,True
668288023,723.23,15,16:16:51,False,,False,True,723.24,27,1,155,671913231,train,True
668288024,723.12,15,16:16:52,False,,False,True,723.24,28,1,155,671913231,train,True
668288025,723.21,15,16:16:53,False,,False,True,723.24,29,1,155,671913231,train,True
668288026,723.17,15,16:16:54,False,,False,True,723.24,30,1,155,671913231,train,True
668288027,723.13,15,16:16:55,False,,False,True,723.24,31,1,155,671913231,train,True
668288028,723.19,15,16:16:56,False,,False,True,723.24,32,1,155,671913231,train,True
668288029,723.17,15,16:16:57,False,,False,True,723.23,33,1,155,671913231,train,True
668288030,723.15,15,16:16:58,False,,False,True,723.23,34,1,155,671913231,train,True
668288031,723.22,15,16:16:59,False,,False,True,723.23,35,1,155,671913231,train,True
668288032,723.13,15,16:17:00,False,,False,True,723.23,36,1,155,671913231,train,True
668288033,723.15,15,16:17:01,False,,False,True,723.23,37,1,155,671913231,train,True
668288034,723.13,15,16:17:02,False,,False,True,723.23,38,1,155,671913231,train,True
668288035,723.13,15,16:17:03,False,,False,True,723.23,39,1,155,671913231,train,True
668288036,723.11,15,16:17:04,False,,False,True,723.23,40,1,155,671913231,train,True
668288037,723.2,15,16:17:05,False,,False,True,723.23,41,1,155,671913231,train,True
668288038,723.13,15,16:17:06,False,,False,True,723.23,42,1,155,671913231,train,True
668288039,723.11,15,16:17:07,False,,False,True,723.23,43,1,155,671913231,train,True
668288040,723.07,15,16:17:08,False,,False,True,723.23,44,1,155,671913231,train,True
668288041,723.09,15,16:17:09,False,,False,True,723.23,45,1,155,671913231,train,True
668288042,723.22,15,16:17:10,False,,False,True,723.23,46,1,155,671913231,train,True
668288043,723.23,15,16:17:11,False,,False,True,723.23,47,1,155,671913231,train,True
668288044,723.16,15,16:17:12,False,,False,True,723.22,48,1,155,671913231,train,True
668288045,723.19,15,16:17:13,False,,False,True,723.22,49,1,155,671913231,train,True
668288046,723.14,15,16:17:14,False,,False,True,723.22,50,1,155,671913231,train,True
668288047,723.1,15,16:17:15,False,,False,True,723.22,51,1,155,671913231,train,True
668288048,723.21,15,16:17:16,False,,False,True,723.22,52,1,155,671913231,train,True
668288049,723.1,15,16:17:17,False,,False,True,723.22,53,1,155,671913231,train,True
668288050,723.1,15,16:17:17,False,,False,True,723.22,54,1,155,671913231,train,True
668288051,723.15,15,16:17:18,False,,False,True,723.22,55,1,155,671913231,train,True
668288052,723.17,15,16:17:19,False,,False,True,723.22,56,1,155,671913231,train,True
668288053,723.17,15,16:17:20,False,,False,True,723.22,57,1,155,671913231,train,True
668288054,723.08,15,16:17:21,False,,False,True,723.22,58,1,155,671913231,train,True
668287995,723.17,15,16:16:24,False,,False,False,723.25,6,0,156,671915681,train,True
668287996,723.16,15,16:16:25,False,,False,False,723.25,5,0,156,671915681,train,True
668287997,723.19,15,16:16:26,False,,False,False,723.25,5,1,156,671915681,train,True
668287998,723.06,15,16:16:27,False,,False,False,723.25,5,1,156,671915681,train,True
668287999,723.07,15,16:16:28,False,,False,False,723.25,5,1,156,671915681,train,True
668288000,723.08,15,16:16:29,False,,False,False,723.25,6,1,156,671915681,train,True
668288001,723.17,15,16:16:30,False,,False,False,723.25,7,1,156,671915681,train,True
668288002,723.17,15,16:16:31,False,,False,False,723.25,8,1,156,671915681,train,True
668288003,723.17,15,16:16:32,False,,False,False,723.25,8,1,156,671915681,train,True
668288004,723.15,15,16:16:33,False,,False,False,723.25,9,1,156,671915681,train,True
668288005,723.22,15,16:16:34,False,,False,False,723.25,10,1,156,671915681,train,True
668288006,723.17,15,16:16:35,False,,False,False,723.25,11,1,156,671915681,train,True
668288007,723.15,15,16:16:36,False,,False,False,723.25,11,1,156,671915681,train,True
668288008,723.18,15,16:16:37,False,,False,False,723.25,12,1,156,671915681,train,True
668288009,723.14,15,16:16:38,False,,False,False,723.24,13,1,156,671915681,train,True
668288010,723.11,15,16:16:39,False,,False,False,723.24,14,1,156,671915681,train,True
668288011,723.2,15,16:16:40,False,,False,False,723.24,15,1,156,671915681,train,True
668288012,723.17,15,16:16:40,False,,False,False,723.24,16,1,156,671915681,train,True
668288013,723.16,15,16:16:41,False,,False,False,723.24,17,1,156,671915681,train,True
668288014,723.18,15,16:16:42,False,,False,False,723.24,18,1,156,671915681,train,True
668288015,723.23,15,16:16:43,False,,False,False,723.24,19,1,156,671915681,train,True
668288016,723.18,15,16:16:44,False,,False,False,723.24,20,1,156,671915681,train,True
668288017,723.21,15,16:16:45,False,,False,False,723.24,21,1,156,671915681,train,True
668288018,723.2,15,16:16:46,False,,False,False,723.24,22,1,156,671915681,train,True
668288019,723.18,15,16:16:47,False,,False,False,723.24,23,1,156,671915681,train,True
668288020,723.2,15,16:16:48,False,,False,False,723.24,24,1,156,671915681,train,True
668288021,723.19,15,16:16:49,False,,False,False,723.24,25,1,156,671915681,train,True
668288022,723.18,15,16:16:50,False,,False,False,723.24,26,1,156,671915681,train,True
668288023,723.23,15,16:16:51,False,,False,True,723.24,27,1,156,671915681,train,True
668288024,723.12,15,16:16:52,False,,False,True,723.24,28,1,156,671915681,train,True
668288025,723.21,15,16:16:53,False,,False,True,723.24,29,1,156,671915681,train,True
668288026,723.17,15,16:16:54,False,,False,True,723.24,30,1,156,671915681,train,True
668288027,723.13,15,16:16:55,False,,False,True,723.24,31,1,156,671915681,train,True
668288028,723.19,15,16:16:56,False,,False,True,723.24,32,1,156,671915681,train,True
668288029,723.17,15,16:16:57,False,,False,True,723.23,33,1,156,671915681,train,True
668288030,723.15,15,16:16:58,False,,False,True,723.23,34,1,156,671915681,train,True
668288031,723.22,15,16:16:59,False,,False,True,723.23,35,1,156,671915681,train,True
668288032,723.13,15,16:17:00,False,,False,True,723.23,36,1,156,671915681,train,True
668288033,723.15,15,16:17:01,False,,False,True,723.23,37,1,156,671915681,train,True
668288034,723.13,15,16:17:02,False,,False,True,723.23,38,1,156,671915681,train,True
668288035,723.13,15,16:17:03,False,,False,True,723.23,39,1,156,671915681,train,True
668288036,723.11,15,16:17:04,False,,False,True,723.23,40,1,156,671915681,train,True
668288037,723.2,15,16:17:05,False,,False,True,723.23,41,1,156,671915681,train,True
668288038,723.13,15,16:17:06,False,,False,True,723.23,42,1,156,671915681,train,True
668288039,723.11,15,16:17:07,False,,False,True,723.23,43,1,156,671915681,train,True
668288040,723.07,15,16:17:08,False,,False,True,723.23,44,1,156,671915681,train,True
668288041,723.09,15,16:17:09,False,,False,True,723.23,45,1,156,671915681,train,True
668288042,723.22,15,16:17:10,False,,False,True,723.23,46,1,156,671915681,train,True
668288043,723.23,15,16:17:11,False,,False,True,723.23,47,1,156,671915681,train,True
668288044,723.16,15,16:17:12,False,,False,True,723.22,48,1,156,671915681,train,True
668288045,723.19,15,16:17:13,False,,False,True,723.22,49,1,156,671915681,train,True
668288046,723.14,15,16:17:14,False,,False,True,723.22,50,1,156,671915681,train,True
668288047,723.1,15,16:17:15,False,,False,True,723.22,51,1,156,671915681,train,True
668288048,723.21,15,16:17:16,False,,False,True,723.22,52,1,156,671915681,train,True
668288049,723.1,15,16:17:17,False,,False,True,723.22,53,1,156,671915681,train,True
668288050,723.1,15,16:17:17,False,,False,True,723.22,54,1,156,671915681,train,True
668288051,723.15,15,16:17:18,False,,False,True,723.22,55,1,156,671915681,train,True
668288052,723.17,15,16:17:19,False,,False,True,723.22,56,1,156,671915681,train,True
668288053,723.17,15,16:17:20,False,,False,True,723.22,57,1,156,671915681,train,True
668288054,723.08,15,16:17:21,False,,False,True,723.22,58,1,156,671915681,train,True
668287995,723.17,15,16:16:24,False,,False,False,723.25,6,0,157,671916470,train,True
668287996,723.16,15,16:16:25,False,,False,False,723.25,5,0,157,671916470,train,True
668287997,723.19,15,16:16:26,False,,False,False,723.25,5,1,157,671916470,train,True
668287998,723.06,15,16:16:27,False,,False,False,723.25,5,1,157,671916470,train,True
668287999,723.07,15,16:16:28,False,,False,False,723.25,5,1,157,671916470,train,True
668288000,723.08,15,16:16:29,False,,False,False,723.25,6,1,157,671916470,train,True
668288001,723.17,15,16:16:30,False,,False,False,723.25,7,1,157,671916470,train,True
668288002,723.17,15,16:16:31,False,,False,False,723.25,8,1,157,671916470,train,True
668288003,723.17,15,16:16:32,False,,False,False,723.25,8,1,157,671916470,train,True
668288004,723.15,15,16:16:33,False,,False,False,723.25,9,1,157,671916470,train,True
668288005,723.22,15,16:16:34,False,,False,False,723.25,10,1,157,671916470,train,True
668288006,723.17,15,16:16:35,False,,False,False,723.25,11,1,157,671916470,train,True
668288007,723.15,15,16:16:36,False,,False,False,723.25,11,1,157,671916470,train,True
668288008,723.18,15,16:16:37,False,,False,False,723.25,12,1,157,671916470,train,True
668288009,723.14,15,16:16:38,False,,False,False,723.24,13,1,157,671916470,train,True
668288010,723.11,15,16:16:39,False,,False,False,723.24,14,1,157,671916470,train,True
668288011,723.2,15,16:16:40,False,,False,False,723.24,15,1,157,671916470,train,True
668288012,723.17,15,16:16:40,False,,False,False,723.24,16,1,157,671916470,train,True
668288013,723.16,15,16:16:41,False,,False,False,723.24,17,1,157,671916470,train,True
668288014,723.18,15,16:16:42,False,,False,False,723.24,18,1,157,671916470,train,True
668288015,723.23,15,16:16:43,False,,False,False,723.24,19,1,157,671916470,train,True
668288016,723.18,15,16:16:44,False,,False,False,723.24,20,1,157,671916470,train,True
668288017,723.21,15,16:16:45,False,,False,False,723.24,21,1,157,671916470,train,True
668288018,723.2,15,16:16:46,False,,False,False,723.24,22,1,157,671916470,train,True
668288019,723.18,15,16:16:47,False,,False,False,723.24,23,1,157,671916470,train,True
668288020,723.2,15,16:16:48,False,,False,False,723.24,24,1,157,671916470,train,True
668288021,723.19,15,16:16:49,False,,False,False,723.24,25,1,157,671916470,train,True
668288022,723.18,15,16:16:50,False,,False,False,723.24,26,1,157,671916470,train,True
668288023,723.23,15,16:16:51,False,,False,True,723.24,27,1,157,671916470,train,True
668288024,723.12,15,16:16:52,False,,False,True,723.24,28,1,157,671916470,train,True
668288025,723.21,15,16:16:53,False,,False,True,723.24,29,1,157,671916470,train,True
668288026,723.17,15,16:16:54,False,,False,True,723.24,30,1,157,671916470,train,True
668288027,723.13,15,16:16:55,False,,False,True,723.24,31,1,157,671916470,train,True
668288028,723.19,15,16:16:56,False,,False,True,723.24,32,1,157,671916470,train,True
668288029,723.17,15,16:16:57,False,,False,True,723.23,33,1,157,671916470,train,True
668288030,723.15,15,16:16:58,False,,False,True,723.23,34,1,157,671916470,train,True
668288031,723.22,15,16:16:59,False,,False,True,723.23,35,1,157,671916470,train,True
668288032,723.13,15,16:17:00,False,,False,True,723.23,36,1,157,671916470,train,True
668288033,723.15,15,16:17:01,False,,False,True,723.23,37,1,157,671916470,train,True
668288034,723.13,15,16:17:02,False,,False,True,723.23,38,1,157,671916470,train,True
668288035,723.13,15,16:17:03,False,,False,True,723.23,39,1,157,671916470,train,True
668288036,723.11,15,16:17:04,False,,False,True,723.23,40,1,157,671916470,train,True
668288037,723.2,15,16:17:05,False,,False,True,723.23,41,1,157,671916470,train,True
668288038,723.13,15,16:17:06,False,,False,True,723.23,42,1,157,671916470,train,True
668288039,723.11,15,16:17:07,False,,False,True,723.23,43,1,157,671916470,train,True
668288040,723.07,15,16:17:08,False,,False,True,723.23,44,1,157,671916470,train,True
668288041,723.09,15,16:17:09,False,,False,True,723.23,45,1,157,671916470,train,True
668288042,723.22,15,16:17:10,False,,False,True,723.23,46,1,157,671916470,train,True
668288043,723.23,15,16:17:11,False,,False,True,723.23,47,1,157,671916470,train,True
668288044,723.16,15,16:17:12,False,,False,True,723.22,48,1,157,671916470,train,True
668288045,723.19,15,16:17:13,False,,False,True,723.22,49,1,157,671916470,train,True
668288046,723.14,15,16:17:14,False,,False,True,723.22,50,1,157,671916470,train,True
668288047,723.1,15,16:17:15,False,,False,True,723.22,51,1,157,671916470,train,True
668288048,723.21,15,16:17:16,False,,False,True,723.22,52,1,157,671916470,train,True
668288049,723.1,15,16:17:17,False,,False,True,723.22,53,1,157,671916470,train,True
668288050,723.1,15,16:17:17,False,,False,True,723.22,54,1,157,671916470,train,True
668288051,723.15,15,16:17:18,False,,False,True,723.22,55,1,157,671916470,train,True
668288052,723.17,15,16:17:19,False,,False,True,723.22,56,1,157,671916470,train,True
668288053,723.17,15,16:17:20,False,,False,True,723.22,57,1,157,671916470,train,True
668288054,723.08,15,16:17:21,False,,False,True,723.22,58,1,157,671916470,train,True
668287995,723.17,15,16:16:24,False,,False,False,723.25,6,0,158,671920779,train,True
668287996,723.16,15,16:16:25,False,,False,False,723.25,5,0,158,671920779,train,True
668287997,723.19,15,16:16:26,False,,False,False,723.25,5,1,158,671920779,train,True
668287998,723.06,15,16:16:27,False,,False,False,723.25,5,1,158,671920779,train,True
668287999,723.07,15,16:16:28,False,,False,False,723.25,5,1,158,671920779,train,True
668288000,723.08,15,16:16:29,False,,False,False,723.25,6,1,158,671920779,train,True
668288001,723.17,15,16:16:30,False,,False,False,723.25,7,1,158,671920779,train,True
668288002,723.17,15,16:16:31,False,,False,False,723.25,8,1,158,671920779,train,True
668288003,723.17,15,16:16:32,False,,False,False,723.25,8,1,158,671920779,train,True
668288004,723.15,15,16:16:33,False,,False,False,723.25,9,1,158,671920779,train,True
668288005,723.22,15,16:16:34,False,,False,False,723.25,10,1,158,671920779,train,True
668288006,723.17,15,16:16:35,False,,False,False,723.25,11,1,158,671920779,train,True
668288007,723.15,15,16:16:36,False,,False,False,723.25,11,1,158,671920779,train,True
668288008,723.18,15,16:16:37,False,,False,False,723.25,12,1,158,671920779,train,True
668288009,723.14,15,16:16:38,False,,False,False,723.24,13,1,158,671920779,train,True
668288010,723.11,15,16:16:39,False,,False,False,723.24,14,1,158,671920779,train,True
668288011,723.2,15,16:16:40,False,,False,False,723.24,15,1,158,671920779,train,True
668288012,723.17,15,16:16:40,False,,False,False,723.24,16,1,158,671920779,train,True
668288013,723.16,15,16:16:41,False,,False,False,723.24,17,1,158,671920779,train,True
668288014,723.18,15,16:16:42,False,,False,False,723.24,18,1,158,671920779,train,True
668288015,723.23,15,16:16:43,False,,False,False,723.24,19,1,158,671920779,train,True
668288016,723.18,15,16:16:44,False,,False,False,723.24,20,1,158,671920779,train,True
668288017,723.21,15,16:16:45,False,,False,False,723.24,21,1,158,671920779,train,True
668288018,723.2,15,16:16:46,False,,False,False,723.24,22,1,158,671920779,train,True
668288019,723.18,15,16:16:47,False,,False,False,723.24,23,1,158,671920779,train,True
668288020,723.2,15,16:16:48,False,,False,False,723.24,24,1,158,671920779,train,True
668288021,723.19,15,16:16:49,False,,False,False,723.24,25,1,158,671920779,train,True
668288022,723.18,15,16:16:50,False,,False,False,723.24,26,1,158,671920779,train,True
668288023,723.23,15,16:16:51,False,,False,True,723.24,27,1,158,671920779,train,True
668288024,723.12,15,16:16:52,False,,False,True,723.24,28,1,158,671920779,train,True
668288025,723.21,15,16:16:53,False,,False,True,723.24,29,1,158,671920779,train,True
668288026,723.17,15,16:16:54,False,,False,True,723.24,30,1,158,671920779,train,True
668288027,723.13,15,16:16:55,False,,False,True,723.24,31,1,158,671920779,train,True
668288028,723.19,15,16:16:56,False,,False,True,723.24,32,1,158,671920779,train,True
668288029,723.17,15,16:16:57,False,,False,True,723.23,33,1,158,671920779,train,True
668288030,723.15,15,16:16:58,False,,False,True,723.23,34,1,158,671920779,train,True
668288031,723.22,15,16:16:59,False,,False,True,723.23,35,1,158,671920779,train,True
668288032,723.13,15,16:17:00,False,,False,True,723.23,36,1,158,671920779,train,True
668288033,723.15,15,16:17:01,False,,False,True,723.23,37,1,158,671920779,train,True
668288034,723.13,15,16:17:02,False,,False,True,723.23,38,1,158,671920779,train,True
668288035,723.13,15,16:17:03,False,,False,True,723.23,39,1,158,671920779,train,True
668288036,723.11,15,16:17:04,False,,False,True,723.23,40,1,158,671920779,train,True
668288037,723.2,15,16:17:05,False,,False,True,723.23,41,1,158,671920779,train,True
668288038,723.13,15,16:17:06,False,,False,True,723.23,42,1,158,671920779,train,True
668288039,723.11,15,16:17:07,False,,False,True,723.23,43,1,158,671920779,train,True
668288040,723.07,15,16:17:08,False,,False,True,723.23,44,1,158,671920779,train,True
668288041,723.09,15,16:17:09,False,,False,True,723.23,45,1,158,671920779,train,True
668288042,723.22,15,16:17:10,False,,False,True,723.23,46,1,158,671920779,train,True
668288043,723.23,15,16:17:11,False,,False,True,723.23,47,1,158,671920779,train,True
668288044,723.16,15,16:17:12,False,,False,True,723.22,48,1,158,671920779,train,True
668288045,723.19,15,16:17:13,False,,False,True,723.22,49,1,158,671920779,train,True
668288046,723.14,15,16:17:14,False,,False,True,723.22,50,1,158,671920779,train,True
668288047,723.1,15,16:17:15,False,,False,True,723.22,51,1,158,671920779,train,True
668288048,723.21,15,16:17:16,False,,False,True,723.22,52,1,158,671920779,train,True
668288049,723.1,15,16:17:17,False,,False,True,723.22,53,1,158,671920779,train,True
668288050,723.1,15,16:17:17,False,,False,True,723.22,54,1,158,671920779,train,True
668288051,723.15,15,16:17:18,False,,False,True,723.22,55,1,158,671920779,train,True
668288052,723.17,15,16:17:19,False,,False,True,723.22,56,1,158,671920779,train,True
668288053,723.17,15,16:17:20,False,,False,True,723.22,57,1,158,671920779,train,True
668288054,723.08,15,16:17:21,False,,False,True,723.22,58,1,158,671920779,train,True
668287995,723.17,15,16:16:24,False,,False,False,723.25,6,0,159,671921784,train,True
668287996,723.16,15,16:16:25,False,,False,False,723.25,5,0,159,671921784,train,True
668287997,723.19,15,16:16:26,False,,False,False,723.25,5,1,159,671921784,train,True
668287998,723.06,15,16:16:27,False,,False,False,723.25,5,1,159,671921784,train,True
668287999,723.07,15,16:16:28,False,,False,False,723.25,5,1,159,671921784,train,True
668288000,723.08,15,16:16:29,False,,False,False,723.25,6,1,159,671921784,train,True
668288001,723.17,15,16:16:30,False,,False,False,723.25,7,1,159,671921784,train,True
668288002,723.17,15,16:16:31,False,,False,False,723.25,8,1,159,671921784,train,True
668288003,723.17,15,16:16:32,False,,False,False,723.25,8,1,159,671921784,train,True
668288004,723.15,15,16:16:33,False,,False,False,723.25,9,1,159,671921784,train,True
668288005,723.22,15,16:16:34,False,,False,False,723.25,10,1,159,671921784,train,True
668288006,723.17,15,16:16:35,False,,False,False,723.25,11,1,159,671921784,train,True
668288007,723.15,15,16:16:36,False,,False,False,723.25,11,1,159,671921784,train,True
668288008,723.18,15,16:16:37,False,,False,False,723.25,12,1,159,671921784,train,True
668288009,723.14,15,16:16:38,False,,False,False,723.24,13,1,159,671921784,train,True
668288010,723.11,15,16:16:39,False,,False,False,723.24,14,1,159,671921784,train,True
668288011,723.2,15,16:16:40,False,,False,False,723.24,15,1,159,671921784,train,True
668288012,723.17,15,16:16:40,False,,False,False,723.24,16,1,159,671921784,train,True
668288013,723.16,15,16:16:41,False,,False,False,723.24,17,1,159,671921784,train,True
668288014,723.18,15,16:16:42,False,,False,False,723.24,18,1,159,671921784,train,True
668288015,723.23,15,16:16:43,False,,False,False,723.24,19,1,159,671921784,train,True
668288016,723.18,15,16:16:44,False,,False,False,723.24,20,1,159,671921784,train,True
668288017,723.21,15,16:16:45,False,,False,False,723.24,21,1,159,671921784,train,True
668288018,723.2,15,16:16:46,False,,False,False,723.24,22,1,159,671921784,train,True
668288019,723.18,15,16:16:47,False,,False,False,723.24,23,1,159,671921784,train,True
668288020,723.2,15,16:16:48,False,,False,False,723.24,24,1,159,671921784,train,True
668288021,723.19,15,16:16:49,False,,False,False,723.24,25,1,159,671921784,train,True
668288022,723.18,15,16:16:50,False,,False,False,723.24,26,1,159,671921784,train,True
668288023,723.23,15,16:16:51,False,,False,True,723.24,27,1,159,671921784,train,True
668288024,723.12,15,16:16:52,False,,False,True,723.24,28,1,159,671921784,train,True
668288025,723.21,15,16:16:53,False,,False,True,723.24,29,1,159,671921784,train,True
668288026,723.17,15,16:16:54,False,,False,True,723.24,30,1,159,671921784,train,True
668288027,723.13,15,16:16:55,False,,False,True,723.24,31,1,159,671921784,train,True
668288028,723.19,15,16:16:56,False,,False,True,723.24,32,1,159,671921784,train,True
668288029,723.17,15,16:16:57,False,,False,True,723.23,33,1,159,671921784,train,True
668288030,723.15,15,16:16:58,False,,False,True,723.23,34,1,159,671921784,train,True
668288031,723.22,15,16:16:59,False,,False,True,723.23,35,1,159,671921784,train,True
668288032,723.13,15,16:17:00,False,,False,True,723.23,36,1,159,671921784,train,True
668288033,723.15,15,16:17:01,False,,False,True,723.23,37,1,159,671921784,train,True
668288034,723.13,15,16:17:02,False,,False,True,723.23,38,1,159,671921784,train,True
668288035,723.13,15,16:17:03,False,,False,True,723.23,39,1,159,671921784,train,True
668288036,723.11,15,16:17:04,False,,False,True,723.23,40,1,159,671921784,train,True
668288037,723.2,15,16:17:05,False,,False,True,723.23,41,1,159,671921784,train,True
668288038,723.13,15,16:17:06,False,,False,True,723.23,42,1,159,671921784,train,True
668288039,723.11,15,16:17:07,False,,False,True,723.23,43,1,159,671921784,train,True
668288040,723.07,15,16:17:08,False,,False,True,723.23,44,1,159,671921784,train,True
668288041,723.09,15,16:17:09,False,,False,True,723.23,45,1,159,671921784,train,True
668288042,723.22,15,16:17:10,False,,False,True,723.23,46,1,159,671921784,train,True
668288043,723.23,15,16:17:11,False,,False,True,723.23,47,1,159,671921784,train,True
668288044,723.16,15,16:17:12,False,,False,True,723.22,48,1,159,671921784,train,True
668288045,723.19,15,16:17:13,False,,False,True,723.22,49,1,159,671921784,train,True
668288046,723.14,15,16:17:14,False,,False,True,723.22,50,1,159,671921784,train,True
668288047,723.1,15,16:17:15,False,,False,True,723.22,51,1,159,671921784,train,True
668288048,723.21,15,16:17:16,False,,False,True,723.22,52,1,159,671921784,train,True
668288049,723.1,15,16:17:17,False,,False,True,723.22,53,1,159,671921784,train,True
668288050,723.1,15,16:17:17,False,,False,True,723.22,54,1,159,671921784,train,True
668288051,723.15,15,16:17:18,False,,False,True,723.22,55,1,159,671921784,train,True
668288052,723.17,15,16:17:19,False,,False,True,723.22,56,1,159,671921784,train,True
668288053,723.17,15,16:17:20,False,,False,True,723.22,57,1,159,671921784,train,True
668288054,723.08,15,16:17:21,False,,False,True,723.22,58,1,159,671921784,train,True
668287995,723.17,15,16:16:24,False,,False,False,723.25,6,0,160,671995990,train,True
668287996,723.16,15,16:16:25,False,,False,False,723.25,5,0,160,671995990,train,True
668287997,723.19,15,16:16:26,False,,False,False,723.25,5,1,160,671995990,train,True
668287998,723.06,15,16:16:27,False,,False,False,723.25,5,1,160,671995990,train,True
668287999,723.07,15,16:16:28,False,,False,False,723.25,5,1,160,671995990,train,True
668288000,723.08,15,16:16:29,False,,False,False,723.25,6,1,160,671995990,train,True
668288001,723.17,15,16:16:30,False,,False,False,723.25,7,1,160,671995990,train,True
668288002,723.17,15,16:16:31,False,,False,False,723.25,8,1,160,671995990,train,True
668288003,723.17,15,16:16:32,False,,False,False,723.25,8,1,160,671995990,train,True
668288004,723.15,15,16:16:33,False,,False,False,723.25,9,1,160,671995990,train,True
668288005,723.22,15,16:16:34,False,,False,False,723.25,10,1,160,671995990,train,True
668288006,723.17,15,16:16:35,False,,False,False,723.25,11,1,160,671995990,train,True
668288007,723.15,15,16:16:36,False,,False,False,723.25,11,1,160,671995990,train,True
668288008,723.18,15,16:16:37,False,,False,False,723.25,12,1,160,671995990,train,True
668288009,723.14,15,16:16:38,False,,False,False,723.24,13,1,160,671995990,train,True
668288010,723.11,15,16:16:39,False,,False,False,723.24,14,1,160,671995990,train,True
668288011,723.2,15,16:16:40,False,,False,False,723.24,15,1,160,671995990,train,True
668288012,723.17,15,16:16:40,False,,False,False,723.24,16,1,160,671995990,train,True
668288013,723.16,15,16:16:41,False,,False,False,723.24,17,1,160,671995990,train,True
668288014,723.18,15,16:16:42,False,,False,False,723.24,18,1,160,671995990,train,True
668288015,723.23,15,16:16:43,False,,False,False,723.24,19,1,160,671995990,train,True
668288016,723.18,15,16:16:44,False,,False,False,723.24,20,1,160,671995990,train,True
668288017,723.21,15,16:16:45,False,,False,False,723.24,21,1,160,671995990,train,True
668288018,723.2,15,16:16:46,False,,False,False,723.24,22,1,160,671995990,train,True
668288019,723.18,15,16:16:47,False,,False,False,723.24,23,1,160,671995990,train,True
668288020,723.2,15,16:16:48,False,,False,False,723.24,24,1,160,671995990,train,True
668288021,723.19,15,16:16:49,False,,False,False,723.24,25,1,160,671995990,train,True
668288022,723.18,15,16:16:50,False,,False,False,723.24,26,1,160,671995990,train,True
668288023,723.23,15,16:16:51,False,,False,True,723.24,27,1,160,671995990,train,True
668288024,723.12,15,16:16:52,False,,False,True,723.24,28,1,160,671995990,train,True
668288025,723.21,15,16:16:53,False,,False,True,723.24,29,1,160,671995990,train,True
668288026,723.17,15,16:16:54,False,,False,True,723.24,30,1,160,671995990,train,True
668288027,723.13,15,16:16:55,False,,False,True,723.24,31,1,160,671995990,train,True
668288028,723.19,15,16:16:56,False,,False,True,723.24,32,1,160,671995990,train,True
668288029,723.17,15,16:16:57,False,,False,True,723.23,33,1,160,671995990,train,True
668288030,723.15,15,16:16:58,False,,False,True,723.23,34,1,160,671995990,train,True
668288031,723.22,15,16:16:59,False,,False,True,723.23,35,1,160,671995990,train,True
668288032,723.13,15,16:17:00,False,,False,True,723.23,36,1,160,671995990,train,True
668288033,723.15,15,16:17:01,False,,False,True,723.23,37,1,160,671995990,train,True
668288034,723.13,15,16:17:02,False,,False,True,723.23,38,1,160,671995990,train,True
668288035,723.13,15,16:17:03,False,,False,True,723.23,39,1,160,671995990,train,True
668288036,723.11,15,16:17:04,False,,False,True,723.23,40,1,160,671995990,train,True
668288037,723.2,15,16:17:05,False,,False,True,723.23,41,1,160,671995990,train,True
668288038,723.13,15,16:17:06,False,,False,True,723.23,42,1,160,671995990,train,True
668288039,723.11,15,16:17:07,False,,False,True,723.23,43,1,160,671995990,train,True
668288040,723.07,15,16:17:08,False,,False,True,723.23,44,1,160,671995990,train,True
668288041,723.09,15,16:17:09,False,,False,True,723.23,45,1,160,671995990,train,True
668288042,723.22,15,16:17:10,False,,False,True,723.23,46,1,160,671995990,train,True
668288043,723.23,15,16:17:11,False,,False,True,723.23,47,1,160,671995990,train,True
668288044,723.16,15,16:17:12,False,,False,True,723.22,48,1,160,671995990,train,True
668288045,723.19,15,16:17:13,False,,False,True,723.22,49,1,160,671995990,train,True
668288046,723.14,15,16:17:14,False,,False,True,723.22,50,1,160,671995990,train,True
668288047,723.1,15,16:17:15,False,,False,True,723.22,51,1,160,671995990,train,True
668288048,723.21,15,16:17:16,False,,False,True,723.22,52,1,160,671995990,train,True
668288049,723.1,15,16:17:17,False,,False,True,723.22,53,1,160,671995990,train,True
668288050,723.1,15,16:17:17,False,,False,True,723.22,54,1,160,671995990,train,True
668288051,723.15,15,16:17:18,False,,False,True,723.22,55,1,160,671995990,train,True
668288052,723.17,15,16:17:19,False,,False,True,723.22,56,1,160,671995990,train,True
668288053,723.17,15,16:17:20,False,,False,True,723.22,57,1,160,671995990,train,True
668288054,723.08,15,16:17:21,False,,False,True,723.22,58,1,160,671995990,train,True
668287995,723.17,15,16:16:24,False,,False,False,723.25,6,0,161,672002175,train,True
668287996,723.16,15,16:16:25,False,,False,False,723.25,5,0,161,672002175,train,True
668287997,723.19,15,16:16:26,False,,False,False,723.25,5,1,161,672002175,train,True
668287998,723.06,15,16:16:27,False,,False,False,723.25,5,1,161,672002175,train,True
668287999,723.07,15,16:16:28,False,,False,False,723.25,5,1,161,672002175,train,True
668288000,723.08,15,16:16:29,False,,False,False,723.25,6,1,161,672002175,train,True
668288001,723.17,15,16:16:30,False,,False,False,723.25,7,1,161,672002175,train,True
668288002,723.17,15,16:16:31,False,,False,False,723.25,8,1,161,672002175,train,True
668288003,723.17,15,16:16:32,False,,False,False,723.25,8,1,161,672002175,train,True
668288004,723.15,15,16:16:33,False,,False,False,723.25,9,1,161,672002175,train,True
668288005,723.22,15,16:16:34,False,,False,False,723.25,10,1,161,672002175,train,True
668288006,723.17,15,16:16:35,False,,False,False,723.25,11,1,161,672002175,train,True
668288007,723.15,15,16:16:36,False,,False,False,723.25,11,1,161,672002175,train,True
668288008,723.18,15,16:16:37,False,,False,False,723.25,12,1,161,672002175,train,True
668288009,723.14,15,16:16:38,False,,False,False,723.24,13,1,161,672002175,train,True
668288010,723.11,15,16:16:39,False,,False,False,723.24,14,1,161,672002175,train,True
668288011,723.2,15,16:16:40,False,,False,False,723.24,15,1,161,672002175,train,True
668288012,723.17,15,16:16:40,False,,False,False,723.24,16,1,161,672002175,train,True
668288013,723.16,15,16:16:41,False,,False,False,723.24,17,1,161,672002175,train,True
668288014,723.18,15,16:16:42,False,,False,False,723.24,18,1,161,672002175,train,True
668288015,723.23,15,16:16:43,False,,False,False,723.24,19,1,161,672002175,train,True
668288016,723.18,15,16:16:44,False,,False,False,723.24,20,1,161,672002175,train,True
668288017,723.21,15,16:16:45,False,,False,False,723.24,21,1,161,672002175,train,True
668288018,723.2,15,16:16:46,False,,False,False,723.24,22,1,161,672002175,train,True
668288019,723.18,15,16:16:47,False,,False,False,723.24,23,1,161,672002175,train,True
668288020,723.2,15,16:16:48,False,,False,False,723.24,24,1,161,672002175,train,True
668288021,723.19,15,16:16:49,False,,False,False,723.24,25,1,161,672002175,train,True
668288022,723.18,15,16:16:50,False,,False,False,723.24,26,1,161,672002175,train,True
668288023,723.23,15,16:16:51,False,,False,True,723.24,27,1,161,672002175,train,True
668288024,723.12,15,16:16:52,False,,False,True,723.24,28,1,161,672002175,train,True
668288025,723.21,15,16:16:53,False,,False,True,723.24,29,1,161,672002175,train,True
668288026,723.17,15,16:16:54,False,,False,True,723.24,30,1,161,672002175,train,True
668288027,723.13,15,16:16:55,False,,False,True,723.24,31,1,161,672002175,train,True
668288028,723.19,15,16:16:56,False,,False,True,723.24,32,1,161,672002175,train,True
668288029,723.17,15,16:16:57,False,,False,True,723.23,33,1,161,672002175,train,True
668288030,723.15,15,16:16:58,False,,False,True,723.23,34,1,161,672002175,train,True
668288031,723.22,15,16:16:59,False,,False,True,723.23,35,1,161,672002175,train,True
668288032,723.13,15,16:17:00,False,,False,True,723.23,36,1,161,672002175,train,True
668288033,723.15,15,16:17:01,False,,False,True,723.23,37,1,161,672002175,train,True
668288034,723.13,15,16:17:02,False,,False,True,723.23,38,1,161,672002175,train,True
668288035,723.13,15,16:17:03,False,,False,True,723.23,39,1,161,672002175,train,True
668288036,723.11,15,16:17:04,False,,False,True,723.23,40,1,161,672002175,train,True
668288037,723.2,15,16:17:05,False,,False,True,723.23,41,1,161,672002175,train,True
668288038,723.13,15,16:17:06,False,,False,True,723.23,42,1,161,672002175,train,True
668288039,723.11,15,16:17:07,False,,False,True,723.23,43,1,161,672002175,train,True
668288040,723.07,15,16:17:08,False,,False,True,723.23,44,1,161,672002175,train,True
668288041,723.09,15,16:17:09,False,,False,True,723.23,45,1,161,672002175,train,True
668288042,723.22,15,16:17:10,False,,False,True,723.23,46,1,161,672002175,train,True
668288043,723.23,15,16:17:11,False,,False,True,723.23,47,1,161,672002175,train,True
668288044,723.16,15,16:17:12,False,,False,True,723.22,48,1,161,672002175,train,True
668288045,723.19,15,16:17:13,False,,False,True,723.22,49,1,161,672002175,train,True
668288046,723.14,15,16:17:14,False,,False,True,723.22,50,1,161,672002175,train,True
668288047,723.1,15,16:17:15,False,,False,True,723.22,51,1,161,672002175,train,True
668288048,723.21,15,16:17:16,False,,False,True,723.22,52,1,161,672002175,train,True
668288049,723.1,15,16:17:17,False,,False,True,723.22,53,1,161,672002175,train,True
668288050,723.1,15,16:17:17,False,,False,True,723.22,54,1,161,672002175,train,True
668288051,723.15,15,16:17:18,False,,False,True,723.22,55,1,161,672002175,train,True
668288052,723.17,15,16:17:19,False,,False,True,723.22,56,1,161,672002175,train,True
668288053,723.17,15,16:17:20,False,,False,True,723.22,57,1,161,672002175,train,True
668288054,723.08,15,16:17:21,False,,False,True,723.22,58,1,161,672002175,train,True
668287995,723.17,15,16:16:24,False,,False,False,723.25,6,0,162,672002362,train,True
668287996,723.16,15,16:16:25,False,,False,False,723.25,5,0,162,672002362,train,True
668287997,723.19,15,16:16:26,False,,False,False,723.25,5,1,162,672002362,train,True
668287998,723.06,15,16:16:27,False,,False,False,723.25,5,1,162,672002362,train,True
668287999,723.07,15,16:16:28,False,,False,False,723.25,5,1,162,672002362,train,True
668288000,723.08,15,16:16:29,False,,False,False,723.25,6,1,162,672002362,train,True
668288001,723.17,15,16:16:30,False,,False,False,723.25,7,1,162,672002362,train,True
668288002,723.17,15,16:16:31,False,,False,False,723.25,8,1,162,672002362,train,True
668288003,723.17,15,16:16:32,False,,False,False,723.25,8,1,162,672002362,train,True
668288004,723.15,15,16:16:33,False,,False,False,723.25,9,1,162,672002362,train,True
668288005,723.22,15,16:16:34,False,,False,False,723.25,10,1,162,672002362,train,True
668288006,723.17,15,16:16:35,False,,False,False,723.25,11,1,162,672002362,train,True
668288007,723.15,15,16:16:36,False,,False,False,723.25,11,1,162,672002362,train,True
668288008,723.18,15,16:16:37,False,,False,False,723.25,12,1,162,672002362,train,True
668288009,723.14,15,16:16:38,False,,False,False,723.24,13,1,162,672002362,train,True
668288010,723.11,15,16:16:39,False,,False,False,723.24,14,1,162,672002362,train,True
668288011,723.2,15,16:16:40,False,,False,False,723.24,15,1,162,672002362,train,True
668288012,723.17,15,16:16:40,False,,False,False,723.24,16,1,162,672002362,train,True
668288013,723.16,15,16:16:41,False,,False,False,723.24,17,1,162,672002362,train,True
668288014,723.18,15,16:16:42,False,,False,False,723.24,18,1,162,672002362,train,True
668288015,723.23,15,16:16:43,False,,False,False,723.24,19,1,162,672002362,train,True
668288016,723.18,15,16:16:44,False,,False,False,723.24,20,1,162,672002362,train,True
668288017,723.21,15,16:16:45,False,,False,False,723.24,21,1,162,672002362,train,True
668288018,723.2,15,16:16:46,False,,False,False,723.24,22,1,162,672002362,train,True
668288019,723.18,15,16:16:47,False,,False,False,723.24,23,1,162,672002362,train,True
668288020,723.2,15,16:16:48,False,,False,False,723.24,24,1,162,672002362,train,True
668288021,723.19,15,16:16:49,False,,False,False,723.24,25,1,162,672002362,train,True
668288022,723.18,15,16:16:50,False,,False,False,723.24,26,1,162,672002362,train,True
668288023,723.23,15,16:16:51,False,,False,True,723.24,27,1,162,672002362,train,True
668288024,723.12,15,16:16:52,False,,False,True,723.24,28,1,162,672002362,train,True
668288025,723.21,15,16:16:53,False,,False,True,723.24,29,1,162,672002362,train,True
668288026,723.17,15,16:16:54,False,,False,True,723.24,30,1,162,672002362,train,True
668288027,723.13,15,16:16:55,False,,False,True,723.24,31,1,162,672002362,train,True
668288028,723.19,15,16:16:56,False,,False,True,723.24,32,1,162,672002362,train,True
668288029,723.17,15,16:16:57,False,,False,True,723.23,33,1,162,672002362,train,True
668288030,723.15,15,16:16:58,False,,False,True,723.23,34,1,162,672002362,train,True
668288031,723.22,15,16:16:59,False,,False,True,723.23,35,1,162,672002362,train,True
668288032,723.13,15,16:17:00,False,,False,True,723.23,36,1,162,672002362,train,True
668288033,723.15,15,16:17:01,False,,False,True,723.23,37,1,162,672002362,train,True
668288034,723.13,15,16:17:02,False,,False,True,723.23,38,1,162,672002362,train,True
668288035,723.13,15,16:17:03,False,,False,True,723.23,39,1,162,672002362,train,True
668288036,723.11,15,16:17:04,False,,False,True,723.23,40,1,162,672002362,train,True
668288037,723.2,15,16:17:05,False,,False,True,723.23,41,1,162,672002362,train,True
668288038,723.13,15,16:17:06,False,,False,True,723.23,42,1,162,672002362,train,True
668288039,723.11,15,16:17:07,False,,False,True,723.23,43,1,162,672002362,train,True
668288040,723.07,15,16:17:08,False,,False,True,723.23,44,1,162,672002362,train,True
668288041,723.09,15,16:17:09,False,,False,True,723.23,45,1,162,672002362,train,True
668288042,723.22,15,16:17:10,False,,False,True,723.23,46,1,162,672002362,train,True
668288043,723.23,15,16:17:11,False,,False,True,723.23,47,1,162,672002362,train,True
668288044,723.16,15,16:17:12,False,,False,True,723.22,48,1,162,672002362,train,True
668288045,723.19,15,16:17:13,False,,False,True,723.22,49,1,162,672002362,train,True
668288046,723.14,15,16:17:14,False,,False,True,723.22,50,1,162,672002362,train,True
668288047,723.1,15,16:17:15,False,,False,True,723.22,51,1,162,672002362,train,True
668288048,723.21,15,16:17:16,False,,False,True,723.22,52,1,162,672002362,train,True
668288049,723.1,15,16:17:17,False,,False,True,723.22,53,1,162,672002362,train,True
668288050,723.1,15,16:17:17,False,,False,True,723.22,54,1,162,672002362,train,True
668288051,723.15,15,16:17:18,False,,False,True,723.22,55,1,162,672002362,train,True
668288052,723.17,15,16:17:19,False,,False,True,723.22,56,1,162,672002362,train,True
668288053,723.17,15,16:17:20,False,,False,True,723.22,57,1,162,672002362,train,True
668288054,723.08,15,16:17:21,False,,False,True,723.22,58,1,162,672002362,train,True
668287995,723.17,15,16:16:24,False,,False,False,723.25,6,0,163,672104482,train,True
668287996,723.16,15,16:16:25,False,,False,False,723.25,5,0,163,672104482,train,True
668287997,723.19,15,16:16:26,False,,False,False,723.25,5,1,163,672104482,train,True
668287998,723.06,15,16:16:27,False,,False,False,723.25,5,1,163,672104482,train,True
668287999,723.07,15,16:16:28,False,,False,False,723.25,5,1,163,672104482,train,True
668288000,723.08,15,16:16:29,False,,False,False,723.25,6,1,163,672104482,train,True
668288001,723.17,15,16:16:30,False,,False,False,723.25,7,1,163,672104482,train,True
668288002,723.17,15,16:16:31,False,,False,False,723.25,8,1,163,672104482,train,True
668288003,723.17,15,16:16:32,False,,False,False,723.25,8,1,163,672104482,train,True
668288004,723.15,15,16:16:33,False,,False,False,723.25,9,1,163,672104482,train,True
668288005,723.22,15,16:16:34,False,,False,False,723.25,10,1,163,672104482,train,True
668288006,723.17,15,16:16:35,False,,False,False,723.25,11,1,163,672104482,train,True
668288007,723.15,15,16:16:36,False,,False,False,723.25,11,1,163,672104482,train,True
668288008,723.18,15,16:16:37,False,,False,False,723.25,12,1,163,672104482,train,True
668288009,723.14,15,16:16:38,False,,False,False,723.24,13,1,163,672104482,train,True
668288010,723.11,15,16:16:39,False,,False,False,723.24,14,1,163,672104482,train,True
668288011,723.2,15,16:16:40,False,,False,False,723.24,15,1,163,672104482,train,True
668288012,723.17,15,16:16:40,False,,False,False,723.24,16,1,163,672104482,train,True
668288013,723.16,15,16:16:41,False,,False,False,723.24,17,1,163,672104482,train,True
668288014,723.18,15,16:16:42,False,,False,False,723.24,18,1,163,672104482,train,True
668288015,723.23,15,16:16:43,False,,False,False,723.24,19,1,163,672104482,train,True
668288016,723.18,15,16:16:44,False,,False,False,723.24,20,1,163,672104482,train,True
668288017,723.21,15,16:16:45,False,,False,False,723.24,21,1,163,672104482,train,True
668288018,723.2,15,16:16:46,False,,False,False,723.24,22,1,163,672104482,train,True
668288019,723.18,15,16:16:47,False,,False,False,723.24,23,1,163,672104482,train,True
668288020,723.2,15,16:16:48,False,,False,False,723.24,24,1,163,672104482,train,True
668288021,723.19,15,16:16:49,False,,False,False,723.24,25,1,163,672104482,train,True
668288022,723.18,15,16:16:50,False,,False,False,723.24,26,1,163,672104482,train,True
668288023,723.23,15,16:16:51,False,,False,True,723.24,27,1,163,672104482,train,True
668288024,723.12,15,16:16:52,False,,False,True,723.24,28,1,163,672104482,train,True
668288025,723.21,15,16:16:53,False,,False,True,723.24,29,1,163,672104482,train,True
668288026,723.17,15,16:16:54,False,,False,True,723.24,30,1,163,672104482,train,True
668288027,723.13,15,16:16:55,False,,False,True,723.24,31,1,163,672104482,train,True
668288028,723.19,15,16:16:56,False,,False,True,723.24,32,1,163,672104482,train,True
668288029,723.17,15,16:16:57,False,,False,True,723.23,33,1,163,672104482,train,True
668288030,723.15,15,16:16:58,False,,False,True,723.23,34,1,163,672104482,train,True
668288031,723.22,15,16:16:59,False,,False,True,723.23,35,1,163,672104482,train,True
668288032,723.13,15,16:17:00,False,,False,True,723.23,36,1,163,672104482,train,True
668288033,723.15,15,16:17:01,False,,False,True,723.23,37,1,163,672104482,train,True
668288034,723.13,15,16:17:02,False,,False,True,723.23,38,1,163,672104482,train,True
668288035,723.13,15,16:17:03,False,,False,True,723.23,39,1,163,672104482,train,True
668288036,723.11,15,16:17:04,False,,False,True,723.23,40,1,163,672104482,train,True
668288037,723.2,15,16:17:05,False,,False,True,723.23,41,1,163,672104482,train,True
668288038,723.13,15,16:17:06,False,,False,True,723.23,42,1,163,672104482,train,True
668288039,723.11,15,16:17:07,False,,False,True,723.23,43,1,163,672104482,train,True
668288040,723.07,15,16:17:08,False,,False,True,723.23,44,1,163,672104482,train,True
668288041,723.09,15,16:17:09,False,,False,True,723.23,45,1,163,672104482,train,True
668288042,723.22,15,16:17:10,False,,False,True,723.23,46,1,163,672104482,train,True
668288043,723.23,15,16:17:11,False,,False,True,723.23,47,1,163,672104482,train,True
668288044,723.16,15,16:17:12,False,,False,True,723.22,48,1,163,672104482,train,True
668288045,723.19,15,16:17:13,False,,False,True,723.22,49,1,163,672104482,train,True
668288046,723.14,15,16:17:14,False,,False,True,723.22,50,1,163,672104482,train,True
668288047,723.1,15,16:17:15,False,,False,True,723.22,51,1,163,672104482,train,True
668288048,723.21,15,16:17:16,False,,False,True,723.22,52,1,163,672104482,train,True
668288049,723.1,15,16:17:17,False,,False,True,723.22,53,1,163,672104482,train,True
668288050,723.1,15,16:17:17,False,,False,True,723.22,54,1,163,672104482,train,True
668288051,723.15,15,16:17:18,False,,False,True,723.22,55,1,163,672104482,train,True
668288052,723.17,15,16:17:19,False,,False,True,723.22,56,1,163,672104482,train,True
668288053,723.17,15,16:17:20,False,,False,True,723.22,57,1,163,672104482,train,True
668288054,723.08,15,16:17:21,False,,False,True,723.22,58,1,163,672104482,train,True
668287995,723.17,15,16:16:24,False,,False,False,723.25,6,0,164,672178090,train,True
668287996,723.16,15,16:16:25,False,,False,False,723.25,5,0,164,672178090,train,True
668287997,723.19,15,16:16:26,False,,False,False,723.25,5,1,164,672178090,train,True
668287998,723.06,15,16:16:27,False,,False,False,723.25,5,1,164,672178090,train,True
668287999,723.07,15,16:16:28,False,,False,False,723.25,5,1,164,672178090,train,True
668288000,723.08,15,16:16:29,False,,False,False,723.25,6,1,164,672178090,train,True
668288001,723.17,15,16:16:30,False,,False,False,723.25,7,1,164,672178090,train,True
668288002,723.17,15,16:16:31,False,,False,False,723.25,8,1,164,672178090,train,True
668288003,723.17,15,16:16:32,False,,False,False,723.25,8,1,164,672178090,train,True
668288004,723.15,15,16:16:33,False,,False,False,723.25,9,1,164,672178090,train,True
668288005,723.22,15,16:16:34,False,,False,False,723.25,10,1,164,672178090,train,True
668288006,723.17,15,16:16:35,False,,False,False,723.25,11,1,164,672178090,train,True
668288007,723.15,15,16:16:36,False,,False,False,723.25,11,1,164,672178090,train,True
668288008,723.18,15,16:16:37,False,,False,False,723.25,12,1,164,672178090,train,True
668288009,723.14,15,16:16:38,False,,False,False,723.24,13,1,164,672178090,train,True
668288010,723.11,15,16:16:39,False,,False,False,723.24,14,1,164,672178090,train,True
668288011,723.2,15,16:16:40,False,,False,False,723.24,15,1,164,672178090,train,True
668288012,723.17,15,16:16:40,False,,False,False,723.24,16,1,164,672178090,train,True
668288013,723.16,15,16:16:41,False,,False,False,723.24,17,1,164,672178090,train,True
668288014,723.18,15,16:16:42,False,,False,False,723.24,18,1,164,672178090,train,True
668288015,723.23,15,16:16:43,False,,False,False,723.24,19,1,164,672178090,train,True
668288016,723.18,15,16:16:44,False,,False,False,723.24,20,1,164,672178090,train,True
668288017,723.21,15,16:16:45,False,,False,False,723.24,21,1,164,672178090,train,True
668288018,723.2,15,16:16:46,False,,False,False,723.24,22,1,164,672178090,train,True
668288019,723.18,15,16:16:47,False,,False,False,723.24,23,1,164,672178090,train,True
668288020,723.2,15,16:16:48,False,,False,False,723.24,24,1,164,672178090,train,True
668288021,723.19,15,16:16:49,False,,False,False,723.24,25,1,164,672178090,train,True
668288022,723.18,15,16:16:50,False,,False,False,723.24,26,1,164,672178090,train,True
668288023,723.23,15,16:16:51,False,,False,True,723.24,27,1,164,672178090,train,True
668288024,723.12,15,16:16:52,False,,False,True,723.24,28,1,164,672178090,train,True
668288025,723.21,15,16:16:53,False,,False,True,723.24,29,1,164,672178090,train,True
668288026,723.17,15,16:16:54,False,,False,True,723.24,30,1,164,672178090,train,True
668288027,723.13,15,16:16:55,False,,False,True,723.24,31,1,164,672178090,train,True
668288028,723.19,15,16:16:56,False,,False,True,723.24,32,1,164,672178090,train,True
668288029,723.17,15,16:16:57,False,,False,True,723.23,33,1,164,672178090,train,True
668288030,723.15,15,16:16:58,False,,False,True,723.23,34,1,164,672178090,train,True
668288031,723.22,15,16:16:59,False,,False,True,723.23,35,1,164,672178090,train,True
668288032,723.13,15,16:17:00,False,,False,True,723.23,36,1,164,672178090,train,True
668288033,723.15,15,16:17:01,False,,False,True,723.23,37,1,164,672178090,train,True
668288034,723.13,15,16:17:02,False,,False,True,723.23,38,1,164,672178090,train,True
668288035,723.13,15,16:17:03,False,,False,True,723.23,39,1,164,672178090,train,True
668288036,723.11,15,16:17:04,False,,False,True,723.23,40,1,164,672178090,train,True
668288037,723.2,15,16:17:05,False,,False,True,723.23,41,1,164,672178090,train,True
668288038,723.13,15,16:17:06,False,,False,True,723.23,42,1,164,672178090,train,True
668288039,723.11,15,16:17:07,False,,False,True,723.23,43,1,164,672178090,train,True
668288040,723.07,15,16:17:08,False,,False,True,723.23,44,1,164,672178090,train,True
668288041,723.09,15,16:17:09,False,,False,True,723.23,45,1,164,672178090,train,True
668288042,723.22,15,16:17:10,False,,False,True,723.23,46,1,164,672178090,train,True
668288043,723.23,15,16:17:11,False,,False,True,723.23,47,1,164,672178090,train,True
668288044,723.16,15,16:17:12,False,,False,True,723.22,48,1,164,672178090,train,True
668288045,723.19,15,16:17:13,False,,False,True,723.22,49,1,164,672178090,train,True
668288046,723.14,15,16:17:14,False,,False,True,723.22,50,1,164,672178090,train,True
668288047,723.1,15,16:17:15,False,,False,True,723.22,51,1,164,672178090,train,True
668288048,723.21,15,16:17:16,False,,False,True,723.22,52,1,164,672178090,train,True
668288049,723.1,15,16:17:17,False,,False,True,723.22,53,1,164,672178090,train,True
668288050,723.1,15,16:17:17,False,,False,True,723.22,54,1,164,672178090,train,True
668288051,723.15,15,16:17:18,False,,False,True,723.22,55,1,164,672178090,train,True
668288052,723.17,15,16:17:19,False,,False,True,723.22,56,1,164,672178090,train,True
668288053,723.17,15,16:17:20,False,,False,True,723.22,57,1,164,672178090,train,True
668288054,723.08,15,16:17:21,False,,False,True,723.22,58,1,164,672178090,train,True
668287995,723.17,15,16:16:24,False,,False,False,723.25,6,0,165,672180689,train,True
668287996,723.16,15,16:16:25,False,,False,False,723.25,5,0,165,672180689,train,True
668287997,723.19,15,16:16:26,False,,False,False,723.25,5,1,165,672180689,train,True
668287998,723.06,15,16:16:27,False,,False,False,723.25,5,1,165,672180689,train,True
668287999,723.07,15,16:16:28,False,,False,False,723.25,5,1,165,672180689,train,True
668288000,723.08,15,16:16:29,False,,False,False,723.25,6,1,165,672180689,train,True
668288001,723.17,15,16:16:30,False,,False,False,723.25,7,1,165,672180689,train,True
668288002,723.17,15,16:16:31,False,,False,False,723.25,8,1,165,672180689,train,True
668288003,723.17,15,16:16:32,False,,False,False,723.25,8,1,165,672180689,train,True
668288004,723.15,15,16:16:33,False,,False,False,723.25,9,1,165,672180689,train,True
668288005,723.22,15,16:16:34,False,,False,False,723.25,10,1,165,672180689,train,True
668288006,723.17,15,16:16:35,False,,False,False,723.25,11,1,165,672180689,train,True
668288007,723.15,15,16:16:36,False,,False,False,723.25,11,1,165,672180689,train,True
668288008,723.18,15,16:16:37,False,,False,False,723.25,12,1,165,672180689,train,True
668288009,723.14,15,16:16:38,False,,False,False,723.24,13,1,165,672180689,train,True
668288010,723.11,15,16:16:39,False,,False,False,723.24,14,1,165,672180689,train,True
668288011,723.2,15,16:16:40,False,,False,False,723.24,15,1,165,672180689,train,True
668288012,723.17,15,16:16:40,False,,False,False,723.24,16,1,165,672180689,train,True
668288013,723.16,15,16:16:41,False,,False,False,723.24,17,1,165,672180689,train,True
668288014,723.18,15,16:16:42,False,,False,False,723.24,18,1,165,672180689,train,True
668288015,723.23,15,16:16:43,False,,False,False,723.24,19,1,165,672180689,train,True
668288016,723.18,15,16:16:44,False,,False,False,723.24,20,1,165,672180689,train,True
668288017,723.21,15,16:16:45,False,,False,False,723.24,21,1,165,672180689,train,True
668288018,723.2,15,16:16:46,False,,False,False,723.24,22,1,165,672180689,train,True
668288019,723.18,15,16:16:47,False,,False,False,723.24,23,1,165,672180689,train,True
668288020,723.2,15,16:16:48,False,,False,False,723.24,24,1,165,672180689,train,True
668288021,723.19,15,16:16:49,False,,False,False,723.24,25,1,165,672180689,train,True
668288022,723.18,15,16:16:50,False,,False,False,723.24,26,1,165,672180689,train,True
668288023,723.23,15,16:16:51,False,,False,True,723.24,27,1,165,672180689,train,True
668288024,723.12,15,16:16:52,False,,False,True,723.24,28,1,165,672180689,train,True
668288025,723.21,15,16:16:53,False,,False,True,723.24,29,1,165,672180689,train,True
668288026,723.17,15,16:16:54,False,,False,True,723.24,30,1,165,672180689,train,True
668288027,723.13,15,16:16:55,False,,False,True,723.24,31,1,165,672180689,train,True
668288028,723.19,15,16:16:56,False,,False,True,723.24,32,1,165,672180689,train,True
668288029,723.17,15,16:16:57,False,,False,True,723.23,33,1,165,672180689,train,True
668288030,723.15,15,16:16:58,False,,False,True,723.23,34,1,165,672180689,train,True
668288031,723.22,15,16:16:59,False,,False,True,723.23,35,1,165,672180689,train,True
668288032,723.13,15,16:17:00,False,,False,True,723.23,36,1,165,672180689,train,True
668288033,723.15,15,16:17:01,False,,False,True,723.23,37,1,165,672180689,train,True
668288034,723.13,15,16:17:02,False,,False,True,723.23,38,1,165,672180689,train,True
668288035,723.13,15,16:17:03,False,,False,True,723.23,39,1,165,672180689,train,True
668288036,723.11,15,16:17:04,False,,False,True,723.23,40,1,165,672180689,train,True
668288037,723.2,15,16:17:05,False,,False,True,723.23,41,1,165,672180689,train,True
668288038,723.13,15,16:17:06,False,,False,True,723.23,42,1,165,672180689,train,True
668288039,723.11,15,16:17:07,False,,False,True,723.23,43,1,165,672180689,train,True
668288040,723.07,15,16:17:08,False,,False,True,723.23,44,1,165,672180689,train,True
668288041,723.09,15,16:17:09,False,,False,True,723.23,45,1,165,672180689,train,True
668288042,723.22,15,16:17:10,False,,False,True,723.23,46,1,165,672180689,train,True
668288043,723.23,15,16:17:11,False,,False,True,723.23,47,1,165,672180689,train,True
668288044,723.16,15,16:17:12,False,,False,True,723.22,48,1,165,672180689,train,True
668288045,723.19,15,16:17:13,False,,False,True,723.22,49,1,165,672180689,train,True
668288046,723.14,15,16:17:14,False,,False,True,723.22,50,1,165,672180689,train,True
668288047,723.1,15,16:17:15,False,,False,True,723.22,51,1,165,672180689,train,True
668288048,723.21,15,16:17:16,False,,False,True,723.22,52,1,165,672180689,train,True
668288049,723.1,15,16:17:17,False,,False,True,723.22,53,1,165,672180689,train,True
668288050,723.1,15,16:17:17,False,,False,True,723.22,54,1,165,672180689,train,True
668288051,723.15,15,16:17:18,False,,False,True,723.22,55,1,165,672180689,train,True
668288052,723.17,15,16:17:19,False,,False,True,723.22,56,1,165,672180689,train,True
668288053,723.17,15,16:17:20,False,,False,True,723.22,57,1,165,672180689,train,True
668288054,723.08,15,16:17:21,False,,False,True,723.22,58,1,165,672180689,train,True
668287995,723.17,15,16:16:24,False,,False,False,723.25,6,0,166,672181444,train,True
668287996,723.16,15,16:16:25,False,,False,False,723.25,5,0,166,672181444,train,True
668287997,723.19,15,16:16:26,False,,False,False,723.25,5,1,166,672181444,train,True
668287998,723.06,15,16:16:27,False,,False,False,723.25,5,1,166,672181444,train,True
668287999,723.07,15,16:16:28,False,,False,False,723.25,5,1,166,672181444,train,True
668288000,723.08,15,16:16:29,False,,False,False,723.25,6,1,166,672181444,train,True
668288001,723.17,15,16:16:30,False,,False,False,723.25,7,1,166,672181444,train,True
668288002,723.17,15,16:16:31,False,,False,False,723.25,8,1,166,672181444,train,True
668288003,723.17,15,16:16:32,False,,False,False,723.25,8,1,166,672181444,train,True
668288004,723.15,15,16:16:33,False,,False,False,723.25,9,1,166,672181444,train,True
668288005,723.22,15,16:16:34,False,,False,False,723.25,10,1,166,672181444,train,True
668288006,723.17,15,16:16:35,False,,False,False,723.25,11,1,166,672181444,train,True
668288007,723.15,15,16:16:36,False,,False,False,723.25,11,1,166,672181444,train,True
668288008,723.18,15,16:16:37,False,,False,False,723.25,12,1,166,672181444,train,True
668288009,723.14,15,16:16:38,False,,False,False,723.24,13,1,166,672181444,train,True
668288010,723.11,15,16:16:39,False,,False,False,723.24,14,1,166,672181444,train,True
668288011,723.2,15,16:16:40,False,,False,False,723.24,15,1,166,672181444,train,True
668288012,723.17,15,16:16:40,False,,False,False,723.24,16,1,166,672181444,train,True
668288013,723.16,15,16:16:41,False,,False,False,723.24,17,1,166,672181444,train,True
668288014,723.18,15,16:16:42,False,,False,False,723.24,18,1,166,672181444,train,True
668288015,723.23,15,16:16:43,False,,False,False,723.24,19,1,166,672181444,train,True
668288016,723.18,15,16:16:44,False,,False,False,723.24,20,1,166,672181444,train,True
668288017,723.21,15,16:16:45,False,,False,False,723.24,21,1,166,672181444,train,True
668288018,723.2,15,16:16:46,False,,False,False,723.24,22,1,166,672181444,train,True
668288019,723.18,15,16:16:47,False,,False,False,723.24,23,1,166,672181444,train,True
668288020,723.2,15,16:16:48,False,,False,False,723.24,24,1,166,672181444,train,True
668288021,723.19,15,16:16:49,False,,False,False,723.24,25,1,166,672181444,train,True
668288022,723.18,15,16:16:50,False,,False,False,723.24,26,1,166,672181444,train,True
668288023,723.23,15,16:16:51,False,,False,True,723.24,27,1,166,672181444,train,True
668288024,723.12,15,16:16:52,False,,False,True,723.24,28,1,166,672181444,train,True
668288025,723.21,15,16:16:53,False,,False,True,723.24,29,1,166,672181444,train,True
668288026,723.17,15,16:16:54,False,,False,True,723.24,30,1,166,672181444,train,True
668288027,723.13,15,16:16:55,False,,False,True,723.24,31,1,166,672181444,train,True
668288028,723.19,15,16:16:56,False,,False,True,723.24,32,1,166,672181444,train,True
668288029,723.17,15,16:16:57,False,,False,True,723.23,33,1,166,672181444,train,True
668288030,723.15,15,16:16:58,False,,False,True,723.23,34,1,166,672181444,train,True
668288031,723.22,15,16:16:59,False,,False,True,723.23,35,1,166,672181444,train,True
668288032,723.13,15,16:17:00,False,,False,True,723.23,36,1,166,672181444,train,True
668288033,723.15,15,16:17:01,False,,False,True,723.23,37,1,166,672181444,train,True
668288034,723.13,15,16:17:02,False,,False,True,723.23,38,1,166,672181444,train,True
668288035,723.13,15,16:17:03,False,,False,True,723.23,39,1,166,672181444,train,True
668288036,723.11,15,16:17:04,False,,False,True,723.23,40,1,166,672181444,train,True
668288037,723.2,15,16:17:05,False,,False,True,723.23,41,1,166,672181444,train,True
668288038,723.13,15,16:17:06,False,,False,True,723.23,42,1,166,672181444,train,True
668288039,723.11,15,16:17:07,False,,False,True,723.23,43,1,166,672181444,train,True
668288040,723.07,15,16:17:08,False,,False,True,723.23,44,1,166,672181444,train,True
668288041,723.09,15,16:17:09,False,,False,True,723.23,45,1,166,672181444,train,True
668288042,723.22,15,16:17:10,False,,False,True,723.23,46,1,166,672181444,train,True
668288043,723.23,15,16:17:11,False,,False,True,723.23,47,1,166,672181444,train,True
668288044,723.16,15,16:17:12,False,,False,True,723.22,48,1,166,672181444,train,True
668288045,723.19,15,16:17:13,False,,False,True,723.22,49,1,166,672181444,train,True
668288046,723.14,15,16:17:14,False,,False,True,723.22,50,1,166,672181444,train,True
668288047,723.1,15,16:17:15,False,,False,True,723.22,51,1,166,672181444,train,True
668288048,723.21,15,16:17:16,False,,False,True,723.22,52,1,166,672181444,train,True
668288049,723.1,15,16:17:17,False,,False,True,723.22,53,1,166,672181444,train,True
668288050,723.1,15,16:17:17,False,,False,True,723.22,54,1,166,672181444,train,True
668288051,723.15,15,16:17:18,False,,False,True,723.22,55,1,166,672181444,train,True
668288052,723.17,15,16:17:19,False,,False,True,723.22,56,1,166,672181444,train,True
668288053,723.17,15,16:17:20,False,,False,True,723.22,57,1,166,672181444,train,True
668288054,723.08,15,16:17:21,False,,False,True,723.22,58,1,166,672181444,train,True
668287995,723.17,15,16:16:24,False,,False,False,723.25,6,0,167,672182115,train,True
668287996,723.16,15,16:16:25,False,,False,False,723.25,5,0,167,672182115,train,True
668287997,723.19,15,16:16:26,False,,False,False,723.25,5,1,167,672182115,train,True
668287998,723.06,15,16:16:27,False,,False,False,723.25,5,1,167,672182115,train,True
668287999,723.07,15,16:16:28,False,,False,False,723.25,5,1,167,672182115,train,True
668288000,723.08,15,16:16:29,False,,False,False,723.25,6,1,167,672182115,train,True
668288001,723.17,15,16:16:30,False,,False,False,723.25,7,1,167,672182115,train,True
668288002,723.17,15,16:16:31,False,,False,False,723.25,8,1,167,672182115,train,True
668288003,723.17,15,16:16:32,False,,False,False,723.25,8,1,167,672182115,train,True
668288004,723.15,15,16:16:33,False,,False,False,723.25,9,1,167,672182115,train,True
668288005,723.22,15,16:16:34,False,,False,False,723.25,10,1,167,672182115,train,True
668288006,723.17,15,16:16:35,False,,False,False,723.25,11,1,167,672182115,train,True
668288007,723.15,15,16:16:36,False,,False,False,723.25,11,1,167,672182115,train,True
668288008,723.18,15,16:16:37,False,,False,False,723.25,12,1,167,672182115,train,True
668288009,723.14,15,16:16:38,False,,False,False,723.24,13,1,167,672182115,train,True
668288010,723.11,15,16:16:39,False,,False,False,723.24,14,1,167,672182115,train,True
668288011,723.2,15,16:16:40,False,,False,False,723.24,15,1,167,672182115,train,True
668288012,723.17,15,16:16:40,False,,False,False,723.24,16,1,167,672182115,train,True
668288013,723.16,15,16:16:41,False,,False,False,723.24,17,1,167,672182115,train,True
668288014,723.18,15,16:16:42,False,,False,False,723.24,18,1,167,672182115,train,True
668288015,723.23,15,16:16:43,False,,False,False,723.24,19,1,167,672182115,train,True
668288016,723.18,15,16:16:44,False,,False,False,723.24,20,1,167,672182115,train,True
668288017,723.21,15,16:16:45,False,,False,False,723.24,21,1,167,672182115,train,True
668288018,723.2,15,16:16:46,False,,False,False,723.24,22,1,167,672182115,train,True
668288019,723.18,15,16:16:47,False,,False,False,723.24,23,1,167,672182115,train,True
668288020,723.2,15,16:16:48,False,,False,False,723.24,24,1,167,672182115,train,True
668288021,723.19,15,16:16:49,False,,False,False,723.24,25,1,167,672182115,train,True
668288022,723.18,15,16:16:50,False,,False,False,723.24,26,1,167,672182115,train,True
668288023,723.23,15,16:16:51,False,,False,True,723.24,27,1,167,672182115,train,True
668288024,723.12,15,16:16:52,False,,False,True,723.24,28,1,167,672182115,train,True
668288025,723.21,15,16:16:53,False,,False,True,723.24,29,1,167,672182115,train,True
668288026,723.17,15,16:16:54,False,,False,True,723.24,30,1,167,672182115,train,True
668288027,723.13,15,16:16:55,False,,False,True,723.24,31,1,167,672182115,train,True
668288028,723.19,15,16:16:56,False,,False,True,723.24,32,1,167,672182115,train,True
668288029,723.17,15,16:16:57,False,,False,True,723.23,33,1,167,672182115,train,True
668288030,723.15,15,16:16:58,False,,False,True,723.23,34,1,167,672182115,train,True
668288031,723.22,15,16:16:59,False,,False,True,723.23,35,1,167,672182115,train,True
668288032,723.13,15,16:17:00,False,,False,True,723.23,36,1,167,672182115,train,True
668288033,723.15,15,16:17:01,False,,False,True,723.23,37,1,167,672182115,train,True
668288034,723.13,15,16:17:02,False,,False,True,723.23,38,1,167,672182115,train,True
668288035,723.13,15,16:17:03,False,,False,True,723.23,39,1,167,672182115,train,True
668288036,723.11,15,16:17:04,False,,False,True,723.23,40,1,167,672182115,train,True
668288037,723.2,15,16:17:05,False,,False,True,723.23,41,1,167,672182115,train,True
668288038,723.13,15,16:17:06,False,,False,True,723.23,42,1,167,672182115,train,True
668288039,723.11,15,16:17:07,False,,False,True,723.23,43,1,167,672182115,train,True
668288040,723.07,15,16:17:08,False,,False,True,723.23,44,1,167,672182115,train,True
668288041,723.09,15,16:17:09,False,,False,True,723.23,45,1,167,672182115,train,True
668288042,723.22,15,16:17:10,False,,False,True,723.23,46,1,167,672182115,train,True
668288043,723.23,15,16:17:11,False,,False,True,723.23,47,1,167,672182115,train,True
668288044,723.16,15,16:17:12,False,,False,True,723.22,48,1,167,672182115,train,True
668288045,723.19,15,16:17:13,False,,False,True,723.22,49,1,167,672182115,train,True
668288046,723.14,15,16:17:14,False,,False,True,723.22,50,1,167,672182115,train,True
668288047,723.1,15,16:17:15,False,,False,True,723.22,51,1,167,672182115,train,True
668288048,723.21,15,16:17:16,False,,False,True,723.22,52,1,167,672182115,train,True
668288049,723.1,15,16:17:17,False,,False,True,723.22,53,1,167,672182115,train,True
668288050,723.1,15,16:17:17,False,,False,True,723.22,54,1,167,672182115,train,True
668288051,723.15,15,16:17:18,False,,False,True,723.22,55,1,167,672182115,train,True
668288052,723.17,15,16:17:19,False,,False,True,723.22,56,1,167,672182115,train,True
668288053,723.17,15,16:17:20,False,,False,True,723.22,57,1,167,672182115,train,True
668288054,723.08,15,16:17:21,False,,False,True,723.22,58,1,167,672182115,train,True
668287995,723.17,15,16:16:24,False,,False,False,723.25,6,0,168,672183596,train,True
668287996,723.16,15,16:16:25,False,,False,False,723.25,5,0,168,672183596,train,True
668287997,723.19,15,16:16:26,False,,False,False,723.25,5,1,168,672183596,train,True
668287998,723.06,15,16:16:27,False,,False,False,723.25,5,1,168,672183596,train,True
668287999,723.07,15,16:16:28,False,,False,False,723.25,5,1,168,672183596,train,True
668288000,723.08,15,16:16:29,False,,False,False,723.25,6,1,168,672183596,train,True
668288001,723.17,15,16:16:30,False,,False,False,723.25,7,1,168,672183596,train,True
668288002,723.17,15,16:16:31,False,,False,False,723.25,8,1,168,672183596,train,True
668288003,723.17,15,16:16:32,False,,False,False,723.25,8,1,168,672183596,train,True
668288004,723.15,15,16:16:33,False,,False,False,723.25,9,1,168,672183596,train,True
668288005,723.22,15,16:16:34,False,,False,False,723.25,10,1,168,672183596,train,True
668288006,723.17,15,16:16:35,False,,False,False,723.25,11,1,168,672183596,train,True
668288007,723.15,15,16:16:36,False,,False,False,723.25,11,1,168,672183596,train,True
668288008,723.18,15,16:16:37,False,,False,False,723.25,12,1,168,672183596,train,True
668288009,723.14,15,16:16:38,False,,False,False,723.24,13,1,168,672183596,train,True
668288010,723.11,15,16:16:39,False,,False,False,723.24,14,1,168,672183596,train,True
668288011,723.2,15,16:16:40,False,,False,False,723.24,15,1,168,672183596,train,True
668288012,723.17,15,16:16:40,False,,False,False,723.24,16,1,168,672183596,train,True
668288013,723.16,15,16:16:41,False,,False,False,723.24,17,1,168,672183596,train,True
668288014,723.18,15,16:16:42,False,,False,False,723.24,18,1,168,672183596,train,True
668288015,723.23,15,16:16:43,False,,False,False,723.24,19,1,168,672183596,train,True
668288016,723.18,15,16:16:44,False,,False,False,723.24,20,1,168,672183596,train,True
668288017,723.21,15,16:16:45,False,,False,False,723.24,21,1,168,672183596,train,True
668288018,723.2,15,16:16:46,False,,False,False,723.24,22,1,168,672183596,train,True
668288019,723.18,15,16:16:47,False,,False,False,723.24,23,1,168,672183596,train,True
668288020,723.2,15,16:16:48,False,,False,False,723.24,24,1,168,672183596,train,True
668288021,723.19,15,16:16:49,False,,False,False,723.24,25,1,168,672183596,train,True
668288022,723.18,15,16:16:50,False,,False,False,723.24,26,1,168,672183596,train,True
668288023,723.23,15,16:16:51,False,,False,True,723.24,27,1,168,672183596,train,True
668288024,723.12,15,16:16:52,False,,False,True,723.24,28,1,168,672183596,train,True
668288025,723.21,15,16:16:53,False,,False,True,723.24,29,1,168,672183596,train,True
668288026,723.17,15,16:16:54,False,,False,True,723.24,30,1,168,672183596,train,True
668288027,723.13,15,16:16:55,False,,False,True,723.24,31,1,168,672183596,train,True
668288028,723.19,15,16:16:56,False,,False,True,723.24,32,1,168,672183596,train,True
668288029,723.17,15,16:16:57,False,,False,True,723.23,33,1,168,672183596,train,True
668288030,723.15,15,16:16:58,False,,False,True,723.23,34,1,168,672183596,train,True
668288031,723.22,15,16:16:59,False,,False,True,723.23,35,1,168,672183596,train,True
668288032,723.13,15,16:17:00,False,,False,True,723.23,36,1,168,672183596,train,True
668288033,723.15,15,16:17:01,False,,False,True,723.23,37,1,168,672183596,train,True
668288034,723.13,15,16:17:02,False,,False,True,723.23,38,1,168,672183596,train,True
668288035,723.13,15,16:17:03,False,,False,True,723.23,39,1,168,672183596,train,True
668288036,723.11,15,16:17:04,False,,False,True,723.23,40,1,168,672183596,train,True
668288037,723.2,15,16:17:05,False,,False,True,723.23,41,1,168,672183596,train,True
668288038,723.13,15,16:17:06,False,,False,True,723.23,42,1,168,672183596,train,True
668288039,723.11,15,16:17:07,False,,False,True,723.23,43,1,168,672183596,train,True
668288040,723.07,15,16:17:08,False,,False,True,723.23,44,1,168,672183596,train,True
668288041,723.09,15,16:17:09,False,,False,True,723.23,45,1,168,672183596,train,True
668288042,723.22,15,16:17:10,False,,False,True,723.23,46,1,168,672183596,train,True
668288043,723.23,15,16:17:11,False,,False,True,723.23,47,1,168,672183596,train,True
668288044,723.16,15,16:17:12,False,,False,True,723.22,48,1,168,672183596,train,True
668288045,723.19,15,16:17:13,False,,False,True,723.22,49,1,168,672183596,train,True
668288046,723.14,15,16:17:14,False,,False,True,723.22,50,1,168,672183596,train,True
668288047,723.1,15,16:17:15,False,,False,True,723.22,51,1,168,672183596,train,True
668288048,723.21,15,16:17:16,False,,False,True,723.22,52,1,168,672183596,train,True
668288049,723.1,15,16:17:17,False,,False,True,723.22,53,1,168,672183596,train,True
668288050,723.1,15,16:17:17,False,,False,True,723.22,54,1,168,672183596,train,True
668288051,723.15,15,16:17:18,False,,False,True,723.22,55,1,168,672183596,train,True
668288052,723.17,15,16:17:19,False,,False,True,723.22,56,1,168,672183596,train,True
668288053,723.17,15,16:17:20,False,,False,True,723.22,57,1,168,672183596,train,True
668288054,723.08,15,16:17:21,False,,False,True,723.22,58,1,168,672183596,train,True
668287995,723.17,15,16:16:24,False,,False,False,723.25,6,0,169,672185170,train,True
668287996,723.16,15,16:16:25,False,,False,False,723.25,5,0,169,672185170,train,True
668287997,723.19,15,16:16:26,False,,False,False,723.25,5,1,169,672185170,train,True
668287998,723.06,15,16:16:27,False,,False,False,723.25,5,1,169,672185170,train,True
668287999,723.07,15,16:16:28,False,,False,False,723.25,5,1,169,672185170,train,True
668288000,723.08,15,16:16:29,False,,False,False,723.25,6,1,169,672185170,train,True
668288001,723.17,15,16:16:30,False,,False,False,723.25,7,1,169,672185170,train,True
668288002,723.17,15,16:16:31,False,,False,False,723.25,8,1,169,672185170,train,True
668288003,723.17,15,16:16:32,False,,False,False,723.25,8,1,169,672185170,train,True
668288004,723.15,15,16:16:33,False,,False,False,723.25,9,1,169,672185170,train,True
668288005,723.22,15,16:16:34,False,,False,False,723.25,10,1,169,672185170,train,True
668288006,723.17,15,16:16:35,False,,False,False,723.25,11,1,169,672185170,train,True
668288007,723.15,15,16:16:36,False,,False,False,723.25,11,1,169,672185170,train,True
668288008,723.18,15,16:16:37,False,,False,False,723.25,12,1,169,672185170,train,True
668288009,723.14,15,16:16:38,False,,False,False,723.24,13,1,169,672185170,train,True
668288010,723.11,15,16:16:39,False,,False,False,723.24,14,1,169,672185170,train,True
668288011,723.2,15,16:16:40,False,,False,False,723.24,15,1,169,672185170,train,True
668288012,723.17,15,16:16:40,False,,False,False,723.24,16,1,169,672185170,train,True
668288013,723.16,15,16:16:41,False,,False,False,723.24,17,1,169,672185170,train,True
668288014,723.18,15,16:16:42,False,,False,False,723.24,18,1,169,672185170,train,True
668288015,723.23,15,16:16:43,False,,False,False,723.24,19,1,169,672185170,train,True
668288016,723.18,15,16:16:44,False,,False,False,723.24,20,1,169,672185170,train,True
668288017,723.21,15,16:16:45,False,,False,False,723.24,21,1,169,672185170,train,True
668288018,723.2,15,16:16:46,False,,False,False,723.24,22,1,169,672185170,train,True
668288019,723.18,15,16:16:47,False,,False,False,723.24,23,1,169,672185170,train,True
668288020,723.2,15,16:16:48,False,,False,False,723.24,24,1,169,672185170,train,True
668288021,723.19,15,16:16:49,False,,False,False,723.24,25,1,169,672185170,train,True
668288022,723.18,15,16:16:50,False,,False,False,723.24,26,1,169,672185170,train,True
668288023,723.23,15,16:16:51,False,,False,True,723.24,27,1,169,672185170,train,True
668288024,723.12,15,16:16:52,False,,False,True,723.24,28,1,169,672185170,train,True
668288025,723.21,15,16:16:53,False,,False,True,723.24,29,1,169,672185170,train,True
668288026,723.17,15,16:16:54,False,,False,True,723.24,30,1,169,672185170,train,True
668288027,723.13,15,16:16:55,False,,False,True,723.24,31,1,169,672185170,train,True
668288028,723.19,15,16:16:56,False,,False,True,723.24,32,1,169,672185170,train,True
668288029,723.17,15,16:16:57,False,,False,True,723.23,33,1,169,672185170,train,True
668288030,723.15,15,16:16:58,False,,False,True,723.23,34,1,169,672185170,train,True
668288031,723.22,15,16:16:59,False,,False,True,723.23,35,1,169,672185170,train,True
668288032,723.13,15,16:17:00,False,,False,True,723.23,36,1,169,672185170,train,True
668288033,723.15,15,16:17:01,False,,False,True,723.23,37,1,169,672185170,train,True
668288034,723.13,15,16:17:02,False,,False,True,723.23,38,1,169,672185170,train,True
668288035,723.13,15,16:17:03,False,,False,True,723.23,39,1,169,672185170,train,True
668288036,723.11,15,16:17:04,False,,False,True,723.23,40,1,169,672185170,train,True
668288037,723.2,15,16:17:05,False,,False,True,723.23,41,1,169,672185170,train,True
668288038,723.13,15,16:17:06,False,,False,True,723.23,42,1,169,672185170,train,True
668288039,723.11,15,16:17:07,False,,False,True,723.23,43,1,169,672185170,train,True
668288040,723.07,15,16:17:08,False,,False,True,723.23,44,1,169,672185170,train,True
668288041,723.09,15,16:17:09,False,,False,True,723.23,45,1,169,672185170,train,True
668288042,723.22,15,16:17:10,False,,False,True,723.23,46,1,169,672185170,train,True
668288043,723.23,15,16:17:11,False,,False,True,723.23,47,1,169,672185170,train,True
668288044,723.16,15,16:17:12,False,,False,True,723.22,48,1,169,672185170,train,True
668288045,723.19,15,16:17:13,False,,False,True,723.22,49,1,169,672185170,train,True
668288046,723.14,15,16:17:14,False,,False,True,723.22,50,1,169,672185170,train,True
668288047,723.1,15,16:17:15,False,,False,True,723.22,51,1,169,672185170,train,True
668288048,723.21,15,16:17:16,False,,False,True,723.22,52,1,169,672185170,train,True
668288049,723.1,15,16:17:17,False,,False,True,723.22,53,1,169,672185170,train,True
668288050,723.1,15,16:17:17,False,,False,True,723.22,54,1,169,672185170,train,True
668288051,723.15,15,16:17:18,False,,False,True,723.22,55,1,169,672185170,train,True
668288052,723.17,15,16:17:19,False,,False,True,723.22,56,1,169,672185170,train,True
668288053,723.17,15,16:17:20,False,,False,True,723.22,57,1,169,672185170,train,True
668288054,723.08,15,16:17:21,False,,False,True,723.22,58,1,169,672185170,train,True
668287995,723.17,15,16:16:24,False,,False,False,723.25,6,0,170,672190662,train,True
668287996,723.16,15,16:16:25,False,,False,False,723.25,5,0,170,672190662,train,True
668287997,723.19,15,16:16:26,False,,False,False,723.25,5,1,170,672190662,train,True
668287998,723.06,15,16:16:27,False,,False,False,723.25,5,1,170,672190662,train,True
668287999,723.07,15,16:16:28,False,,False,False,723.25,5,1,170,672190662,train,True
668288000,723.08,15,16:16:29,False,,False,False,723.25,6,1,170,672190662,train,True
668288001,723.17,15,16:16:30,False,,False,False,723.25,7,1,170,672190662,train,True
668288002,723.17,15,16:16:31,False,,False,False,723.25,8,1,170,672190662,train,True
668288003,723.17,15,16:16:32,False,,False,False,723.25,8,1,170,672190662,train,True
668288004,723.15,15,16:16:33,False,,False,False,723.25,9,1,170,672190662,train,True
668288005,723.22,15,16:16:34,False,,False,False,723.25,10,1,170,672190662,train,True
668288006,723.17,15,16:16:35,False,,False,False,723.25,11,1,170,672190662,train,True
668288007,723.15,15,16:16:36,False,,False,False,723.25,11,1,170,672190662,train,True
668288008,723.18,15,16:16:37,False,,False,False,723.25,12,1,170,672190662,train,True
668288009,723.14,15,16:16:38,False,,False,False,723.24,13,1,170,672190662,train,True
668288010,723.11,15,16:16:39,False,,False,False,723.24,14,1,170,672190662,train,True
668288011,723.2,15,16:16:40,False,,False,False,723.24,15,1,170,672190662,train,True
668288012,723.17,15,16:16:40,False,,False,False,723.24,16,1,170,672190662,train,True
668288013,723.16,15,16:16:41,False,,False,False,723.24,17,1,170,672190662,train,True
668288014,723.18,15,16:16:42,False,,False,False,723.24,18,1,170,672190662,train,True
668288015,723.23,15,16:16:43,False,,False,False,723.24,19,1,170,672190662,train,True
668288016,723.18,15,16:16:44,False,,False,False,723.24,20,1,170,672190662,train,True
668288017,723.21,15,16:16:45,False,,False,False,723.24,21,1,170,672190662,train,True
668288018,723.2,15,16:16:46,False,,False,False,723.24,22,1,170,672190662,train,True
668288019,723.18,15,16:16:47,False,,False,False,723.24,23,1,170,672190662,train,True
668288020,723.2,15,16:16:48,False,,False,False,723.24,24,1,170,672190662,train,True
668288021,723.19,15,16:16:49,False,,False,False,723.24,25,1,170,672190662,train,True
668288022,723.18,15,16:16:50,False,,False,False,723.24,26,1,170,672190662,train,True
668288023,723.23,15,16:16:51,False,,False,True,723.24,27,1,170,672190662,train,True
668288024,723.12,15,16:16:52,False,,False,True,723.24,28,1,170,672190662,train,True
668288025,723.21,15,16:16:53,False,,False,True,723.24,29,1,170,672190662,train,True
668288026,723.17,15,16:16:54,False,,False,True,723.24,30,1,170,672190662,train,True
668288027,723.13,15,16:16:55,False,,False,True,723.24,31,1,170,672190662,train,True
668288028,723.19,15,16:16:56,False,,False,True,723.24,32,1,170,672190662,train,True
668288029,723.17,15,16:16:57,False,,False,True,723.23,33,1,170,672190662,train,True
668288030,723.15,15,16:16:58,False,,False,True,723.23,34,1,170,672190662,train,True
668288031,723.22,15,16:16:59,False,,False,True,723.23,35,1,170,672190662,train,True
668288032,723.13,15,16:17:00,False,,False,True,723.23,36,1,170,672190662,train,True
668288033,723.15,15,16:17:01,False,,False,True,723.23,37,1,170,672190662,train,True
668288034,723.13,15,16:17:02,False,,False,True,723.23,38,1,170,672190662,train,True
668288035,723.13,15,16:17:03,False,,False,True,723.23,39,1,170,672190662,train,True
668288036,723.11,15,16:17:04,False,,False,True,723.23,40,1,170,672190662,train,True
668288037,723.2,15,16:17:05,False,,False,True,723.23,41,1,170,672190662,train,True
668288038,723.13,15,16:17:06,False,,False,True,723.23,42,1,170,672190662,train,True
668288039,723.11,15,16:17:07,False,,False,True,723.23,43,1,170,672190662,train,True
668288040,723.07,15,16:17:08,False,,False,True,723.23,44,1,170,672190662,train,True
668288041,723.09,15,16:17:09,False,,False,True,723.23,45,1,170,672190662,train,True
668288042,723.22,15,16:17:10,False,,False,True,723.23,46,1,170,672190662,train,True
668288043,723.23,15,16:17:11,False,,False,True,723.23,47,1,170,672190662,train,True
668288044,723.16,15,16:17:12,False,,False,True,723.22,48,1,170,672190662,train,True
668288045,723.19,15,16:17:13,False,,False,True,723.22,49,1,170,672190662,train,True
668288046,723.14,15,16:17:14,False,,False,True,723.22,50,1,170,672190662,train,True
668288047,723.1,15,16:17:15,False,,False,True,723.22,51,1,170,672190662,train,True
668288048,723.21,15,16:17:16,False,,False,True,723.22,52,1,170,672190662,train,True
668288049,723.1,15,16:17:17,False,,False,True,723.22,53,1,170,672190662,train,True
668288050,723.1,15,16:17:17,False,,False,True,723.22,54,1,170,672190662,train,True
668288051,723.15,15,16:17:18,False,,False,True,723.22,55,1,170,672190662,train,True
668288052,723.17,15,16:17:19,False,,False,True,723.22,56,1,170,672190662,train,True
668288053,723.17,15,16:17:20,False,,False,True,723.22,57,1,170,672190662,train,True
668288054,723.08,15,16:17:21,False,,False,True,723.22,58,1,170,672190662,train,True
668287995,723.17,15,16:16:24,False,,False,False,723.25,6,0,171,672267244,train,True
668287996,723.16,15,16:16:25,False,,False,False,723.25,5,0,171,672267244,train,True
668287997,723.19,15,16:16:26,False,,False,False,723.25,5,1,171,672267244,train,True
668287998,723.06,15,16:16:27,False,,False,False,723.25,5,1,171,672267244,train,True
668287999,723.07,15,16:16:28,False,,False,False,723.25,5,1,171,672267244,train,True
668288000,723.08,15,16:16:29,False,,False,False,723.25,6,1,171,672267244,train,True
668288001,723.17,15,16:16:30,False,,False,False,723.25,7,1,171,672267244,train,True
668288002,723.17,15,16:16:31,False,,False,False,723.25,8,1,171,672267244,train,True
668288003,723.17,15,16:16:32,False,,False,False,723.25,8,1,171,672267244,train,True
668288004,723.15,15,16:16:33,False,,False,False,723.25,9,1,171,672267244,train,True
668288005,723.22,15,16:16:34,False,,False,False,723.25,10,1,171,672267244,train,True
668288006,723.17,15,16:16:35,False,,False,False,723.25,11,1,171,672267244,train,True
668288007,723.15,15,16:16:36,False,,False,False,723.25,11,1,171,672267244,train,True
668288008,723.18,15,16:16:37,False,,False,False,723.25,12,1,171,672267244,train,True
668288009,723.14,15,16:16:38,False,,False,False,723.24,13,1,171,672267244,train,True
668288010,723.11,15,16:16:39,False,,False,False,723.24,14,1,171,672267244,train,True
668288011,723.2,15,16:16:40,False,,False,False,723.24,15,1,171,672267244,train,True
668288012,723.17,15,16:16:40,False,,False,False,723.24,16,1,171,672267244,train,True
668288013,723.16,15,16:16:41,False,,False,False,723.24,17,1,171,672267244,train,True
668288014,723.18,15,16:16:42,False,,False,False,723.24,18,1,171,672267244,train,True
668288015,723.23,15,16:16:43,False,,False,False,723.24,19,1,171,672267244,train,True
668288016,723.18,15,16:16:44,False,,False,False,723.24,20,1,171,672267244,train,True
668288017,723.21,15,16:16:45,False,,False,False,723.24,21,1,171,672267244,train,True
668288018,723.2,15,16:16:46,False,,False,False,723.24,22,1,171,672267244,train,True
668288019,723.18,15,16:16:47,False,,False,False,723.24,23,1,171,672267244,train,True
668288020,723.2,15,16:16:48,False,,False,False,723.24,24,1,171,672267244,train,True
668288021,723.19,15,16:16:49,False,,False,False,723.24,25,1,171,672267244,train,True
668288022,723.18,15,16:16:50,False,,False,False,723.24,26,1,171,672267244,train,True
668288023,723.23,15,16:16:51,False,,False,True,723.24,27,1,171,672267244,train,True
668288024,723.12,15,16:16:52,False,,False,True,723.24,28,1,171,672267244,train,True
668288025,723.21,15,16:16:53,False,,False,True,723.24,29,1,171,672267244,train,True
668288026,723.17,15,16:16:54,False,,False,True,723.24,30,1,171,672267244,train,True
668288027,723.13,15,16:16:55,False,,False,True,723.24,31,1,171,672267244,train,True
668288028,723.19,15,16:16:56,False,,False,True,723.24,32,1,171,672267244,train,True
668288029,723.17,15,16:16:57,False,,False,True,723.23,33,1,171,672267244,train,True
668288030,723.15,15,16:16:58,False,,False,True,723.23,34,1,171,672267244,train,True
668288031,723.22,15,16:16:59,False,,False,True,723.23,35,1,171,672267244,train,True
668288032,723.13,15,16:17:00,False,,False,True,723.23,36,1,171,672267244,train,True
668288033,723.15,15,16:17:01,False,,False,True,723.23,37,1,171,672267244,train,True
668288034,723.13,15,16:17:02,False,,False,True,723.23,38,1,171,672267244,train,True
668288035,723.13,15,16:17:03,False,,False,True,723.23,39,1,171,672267244,train,True
668288036,723.11,15,16:17:04,False,,False,True,723.23,40,1,171,672267244,train,True
668288037,723.2,15,16:17:05,False,,False,True,723.23,41,1,171,672267244,train,True
668288038,723.13,15,16:17:06,False,,False,True,723.23,42,1,171,672267244,train,True
668288039,723.11,15,16:17:07,False,,False,True,723.23,43,1,171,672267244,train,True
668288040,723.07,15,16:17:08,False,,False,True,723.23,44,1,171,672267244,train,True
668288041,723.09,15,16:17:09,False,,False,True,723.23,45,1,171,672267244,train,True
668288042,723.22,15,16:17:10,False,,False,True,723.23,46,1,171,672267244,train,True
668288043,723.23,15,16:17:11,False,,False,True,723.23,47,1,171,672267244,train,True
668288044,723.16,15,16:17:12,False,,False,True,723.22,48,1,171,672267244,train,True
668288045,723.19,15,16:17:13,False,,False,True,723.22,49,1,171,672267244,train,True
668288046,723.14,15,16:17:14,False,,False,True,723.22,50,1,171,672267244,train,True
668288047,723.1,15,16:17:15,False,,False,True,723.22,51,1,171,672267244,train,True
668288048,723.21,15,16:17:16,False,,False,True,723.22,52,1,171,672267244,train,True
668288049,723.1,15,16:17:17,False,,False,True,723.22,53,1,171,672267244,train,True
668288050,723.1,15,16:17:17,False,,False,True,723.22,54,1,171,672267244,train,True
668288051,723.15,15,16:17:18,False,,False,True,723.22,55,1,171,672267244,train,True
668288052,723.17,15,16:17:19,False,,False,True,723.22,56,1,171,672267244,train,True
668288053,723.17,15,16:17:20,False,,False,True,723.22,57,1,171,672267244,train,True
668288054,723.08,15,16:17:21,False,,False,True,723.22,58,1,171,672267244,train,True
668287995,723.17,15,16:16:24,False,,False,False,723.25,6,0,172,672269283,train,True
668287996,723.16,15,16:16:25,False,,False,False,723.25,5,0,172,672269283,train,True
668287997,723.19,15,16:16:26,False,,False,False,723.25,5,1,172,672269283,train,True
668287998,723.06,15,16:16:27,False,,False,False,723.25,5,1,172,672269283,train,True
668287999,723.07,15,16:16:28,False,,False,False,723.25,5,1,172,672269283,train,True
668288000,723.08,15,16:16:29,False,,False,False,723.25,6,1,172,672269283,train,True
668288001,723.17,15,16:16:30,False,,False,False,723.25,7,1,172,672269283,train,True
668288002,723.17,15,16:16:31,False,,False,False,723.25,8,1,172,672269283,train,True
668288003,723.17,15,16:16:32,False,,False,False,723.25,8,1,172,672269283,train,True
668288004,723.15,15,16:16:33,False,,False,False,723.25,9,1,172,672269283,train,True
668288005,723.22,15,16:16:34,False,,False,False,723.25,10,1,172,672269283,train,True
668288006,723.17,15,16:16:35,False,,False,False,723.25,11,1,172,672269283,train,True
668288007,723.15,15,16:16:36,False,,False,False,723.25,11,1,172,672269283,train,True
668288008,723.18,15,16:16:37,False,,False,False,723.25,12,1,172,672269283,train,True
668288009,723.14,15,16:16:38,False,,False,False,723.24,13,1,172,672269283,train,True
668288010,723.11,15,16:16:39,False,,False,False,723.24,14,1,172,672269283,train,True
668288011,723.2,15,16:16:40,False,,False,False,723.24,15,1,172,672269283,train,True
668288012,723.17,15,16:16:40,False,,False,False,723.24,16,1,172,672269283,train,True
668288013,723.16,15,16:16:41,False,,False,False,723.24,17,1,172,672269283,train,True
668288014,723.18,15,16:16:42,False,,False,False,723.24,18,1,172,672269283,train,True
668288015,723.23,15,16:16:43,False,,False,False,723.24,19,1,172,672269283,train,True
668288016,723.18,15,16:16:44,False,,False,False,723.24,20,1,172,672269283,train,True
668288017,723.21,15,16:16:45,False,,False,False,723.24,21,1,172,672269283,train,True
668288018,723.2,15,16:16:46,False,,False,False,723.24,22,1,172,672269283,train,True
668288019,723.18,15,16:16:47,False,,False,False,723.24,23,1,172,672269283,train,True
668288020,723.2,15,16:16:48,False,,False,False,723.24,24,1,172,672269283,train,True
668288021,723.19,15,16:16:49,False,,False,False,723.24,25,1,172,672269283,train,True
668288022,723.18,15,16:16:50,False,,False,False,723.24,26,1,172,672269283,train,True
668288023,723.23,15,16:16:51,False,,False,True,723.24,27,1,172,672269283,train,True
668288024,723.12,15,16:16:52,False,,False,True,723.24,28,1,172,672269283,train,True
668288025,723.21,15,16:16:53,False,,False,True,723.24,29,1,172,672269283,train,True
668288026,723.17,15,16:16:54,False,,False,True,723.24,30,1,172,672269283,train,True
668288027,723.13,15,16:16:55,False,,False,True,723.24,31,1,172,672269283,train,True
668288028,723.19,15,16:16:56,False,,False,True,723.24,32,1,172,672269283,train,True
668288029,723.17,15,16:16:57,False,,False,True,723.23,33,1,172,672269283,train,True
668288030,723.15,15,16:16:58,False,,False,True,723.23,34,1,172,672269283,train,True
668288031,723.22,15,16:16:59,False,,False,True,723.23,35,1,172,672269283,train,True
668288032,723.13,15,16:17:00,False,,False,True,723.23,36,1,172,672269283,train,True
668288033,723.15,15,16:17:01,False,,False,True,723.23,37,1,172,672269283,train,True
668288034,723.13,15,16:17:02,False,,False,True,723.23,38,1,172,672269283,train,True
668288035,723.13,15,16:17:03,False,,False,True,723.23,39,1,172,672269283,train,True
668288036,723.11,15,16:17:04,False,,False,True,723.23,40,1,172,672269283,train,True
668288037,723.2,15,16:17:05,False,,False,True,723.23,41,1,172,672269283,train,True
668288038,723.13,15,16:17:06,False,,False,True,723.23,42,1,172,672269283,train,True
668288039,723.11,15,16:17:07,False,,False,True,723.23,43,1,172,672269283,train,True
668288040,723.07,15,16:17:08,False,,False,True,723.23,44,1,172,672269283,train,True
668288041,723.09,15,16:17:09,False,,False,True,723.23,45,1,172,672269283,train,True
668288042,723.22,15,16:17:10,False,,False,True,723.23,46,1,172,672269283,train,True
668288043,723.23,15,16:17:11,False,,False,True,723.23,47,1,172,672269283,train,True
668288044,723.16,15,16:17:12,False,,False,True,723.22,48,1,172,672269283,train,True
668288045,723.19,15,16:17:13,False,,False,True,723.22,49,1,172,672269283,train,True
668288046,723.14,15,16:17:14,False,,False,True,723.22,50,1,172,672269283,train,True
668288047,723.1,15,16:17:15,False,,False,True,723.22,51,1,172,672269283,train,True
668288048,723.21,15,16:17:16,False,,False,True,723.22,52,1,172,672269283,train,True
668288049,723.1,15,16:17:17,False,,False,True,723.22,53,1,172,672269283,train,True
668288050,723.1,15,16:17:17,False,,False,True,723.22,54,1,172,672269283,train,True
668288051,723.15,15,16:17:18,False,,False,True,723.22,55,1,172,672269283,train,True
668288052,723.17,15,16:17:19,False,,False,True,723.22,56,1,172,672269283,train,True
668288053,723.17,15,16:17:20,False,,False,True,723.22,57,1,172,672269283,train,True
668288054,723.08,15,16:17:21,False,,False,True,723.22,58,1,172,672269283,train,True
668287995,723.17,15,16:16:24,False,,False,False,723.25,6,0,173,672269792,train,True
668287996,723.16,15,16:16:25,False,,False,False,723.25,5,0,173,672269792,train,True
668287997,723.19,15,16:16:26,False,,False,False,723.25,5,1,173,672269792,train,True
668287998,723.06,15,16:16:27,False,,False,False,723.25,5,1,173,672269792,train,True
668287999,723.07,15,16:16:28,False,,False,False,723.25,5,1,173,672269792,train,True
668288000,723.08,15,16:16:29,False,,False,False,723.25,6,1,173,672269792,train,True
668288001,723.17,15,16:16:30,False,,False,False,723.25,7,1,173,672269792,train,True
668288002,723.17,15,16:16:31,False,,False,False,723.25,8,1,173,672269792,train,True
668288003,723.17,15,16:16:32,False,,False,False,723.25,8,1,173,672269792,train,True
668288004,723.15,15,16:16:33,False,,False,False,723.25,9,1,173,672269792,train,True
668288005,723.22,15,16:16:34,False,,False,False,723.25,10,1,173,672269792,train,True
668288006,723.17,15,16:16:35,False,,False,False,723.25,11,1,173,672269792,train,True
668288007,723.15,15,16:16:36,False,,False,False,723.25,11,1,173,672269792,train,True
668288008,723.18,15,16:16:37,False,,False,False,723.25,12,1,173,672269792,train,True
668288009,723.14,15,16:16:38,False,,False,False,723.24,13,1,173,672269792,train,True
668288010,723.11,15,16:16:39,False,,False,False,723.24,14,1,173,672269792,train,True
668288011,723.2,15,16:16:40,False,,False,False,723.24,15,1,173,672269792,train,True
668288012,723.17,15,16:16:40,False,,False,False,723.24,16,1,173,672269792,train,True
668288013,723.16,15,16:16:41,False,,False,False,723.24,17,1,173,672269792,train,True
668288014,723.18,15,16:16:42,False,,False,False,723.24,18,1,173,672269792,train,True
668288015,723.23,15,16:16:43,False,,False,False,723.24,19,1,173,672269792,train,True
668288016,723.18,15,16:16:44,False,,False,False,723.24,20,1,173,672269792,train,True
668288017,723.21,15,16:16:45,False,,False,False,723.24,21,1,173,672269792,train,True
668288018,723.2,15,16:16:46,False,,False,False,723.24,22,1,173,672269792,train,True
668288019,723.18,15,16:16:47,False,,False,False,723.24,23,1,173,672269792,train,True
668288020,723.2,15,16:16:48,False,,False,False,723.24,24,1,173,672269792,train,True
668288021,723.19,15,16:16:49,False,,False,False,723.24,25,1,173,672269792,train,True
668288022,723.18,15,16:16:50,False,,False,False,723.24,26,1,173,672269792,train,True
668288023,723.23,15,16:16:51,False,,False,True,723.24,27,1,173,672269792,train,True
668288024,723.12,15,16:16:52,False,,False,True,723.24,28,1,173,672269792,train,True
668288025,723.21,15,16:16:53,False,,False,True,723.24,29,1,173,672269792,train,True
668288026,723.17,15,16:16:54,False,,False,True,723.24,30,1,173,672269792,train,True
668288027,723.13,15,16:16:55,False,,False,True,723.24,31,1,173,672269792,train,True
668288028,723.19,15,16:16:56,False,,False,True,723.24,32,1,173,672269792,train,True
668288029,723.17,15,16:16:57,False,,False,True,723.23,33,1,173,672269792,train,True
668288030,723.15,15,16:16:58,False,,False,True,723.23,34,1,173,672269792,train,True
668288031,723.22,15,16:16:59,False,,False,True,723.23,35,1,173,672269792,train,True
668288032,723.13,15,16:17:00,False,,False,True,723.23,36,1,173,672269792,train,True
668288033,723.15,15,16:17:01,False,,False,True,723.23,37,1,173,672269792,train,True
668288034,723.13,15,16:17:02,False,,False,True,723.23,38,1,173,672269792,train,True
668288035,723.13,15,16:17:03,False,,False,True,723.23,39,1,173,672269792,train,True
668288036,723.11,15,16:17:04,False,,False,True,723.23,40,1,173,672269792,train,True
668288037,723.2,15,16:17:05,False,,False,True,723.23,41,1,173,672269792,train,True
668288038,723.13,15,16:17:06,False,,False,True,723.23,42,1,173,672269792,train,True
668288039,723.11,15,16:17:07,False,,False,True,723.23,43,1,173,672269792,train,True
668288040,723.07,15,16:17:08,False,,False,True,723.23,44,1,173,672269792,train,True
668288041,723.09,15,16:17:09,False,,False,True,723.23,45,1,173,672269792,train,True
668288042,723.22,15,16:17:10,False,,False,True,723.23,46,1,173,672269792,train,True
668288043,723.23,15,16:17:11,False,,False,True,723.23,47,1,173,672269792,train,True
668288044,723.16,15,16:17:12,False,,False,True,723.22,48,1,173,672269792,train,True
668288045,723.19,15,16:17:13,False,,False,True,723.22,49,1,173,672269792,train,True
668288046,723.14,15,16:17:14,False,,False,True,723.22,50,1,173,672269792,train,True
668288047,723.1,15,16:17:15,False,,False,True,723.22,51,1,173,672269792,train,True
668288048,723.21,15,16:17:16,False,,False,True,723.22,52,1,173,672269792,train,True
668288049,723.1,15,16:17:17,False,,False,True,723.22,53,1,173,672269792,train,True
668288050,723.1,15,16:17:17,False,,False,True,723.22,54,1,173,672269792,train,True
668288051,723.15,15,16:17:18,False,,False,True,723.22,55,1,173,672269792,train,True
668288052,723.17,15,16:17:19,False,,False,True,723.22,56,1,173,672269792,train,True
668288053,723.17,15,16:17:20,False,,False,True,723.22,57,1,173,672269792,train,True
668288054,723.08,15,16:17:21,False,,False,True,723.22,58,1,173,672269792,train,True
668287995,723.17,15,16:16:24,False,,False,False,723.25,6,0,174,672350659,train,True
668287996,723.16,15,16:16:25,False,,False,False,723.25,5,0,174,672350659,train,True
668287997,723.19,15,16:16:26,False,,False,False,723.25,5,1,174,672350659,train,True
668287998,723.06,15,16:16:27,False,,False,False,723.25,5,1,174,672350659,train,True
668287999,723.07,15,16:16:28,False,,False,False,723.25,5,1,174,672350659,train,True
668288000,723.08,15,16:16:29,False,,False,False,723.25,6,1,174,672350659,train,True
668288001,723.17,15,16:16:30,False,,False,False,723.25,7,1,174,672350659,train,True
668288002,723.17,15,16:16:31,False,,False,False,723.25,8,1,174,672350659,train,True
668288003,723.17,15,16:16:32,False,,False,False,723.25,8,1,174,672350659,train,True
668288004,723.15,15,16:16:33,False,,False,False,723.25,9,1,174,672350659,train,True
668288005,723.22,15,16:16:34,False,,False,False,723.25,10,1,174,672350659,train,True
668288006,723.17,15,16:16:35,False,,False,False,723.25,11,1,174,672350659,train,True
668288007,723.15,15,16:16:36,False,,False,False,723.25,11,1,174,672350659,train,True
668288008,723.18,15,16:16:37,False,,False,False,723.25,12,1,174,672350659,train,True
668288009,723.14,15,16:16:38,False,,False,False,723.24,13,1,174,672350659,train,True
668288010,723.11,15,16:16:39,False,,False,False,723.24,14,1,174,672350659,train,True
668288011,723.2,15,16:16:40,False,,False,False,723.24,15,1,174,672350659,train,True
668288012,723.17,15,16:16:40,False,,False,False,723.24,16,1,174,672350659,train,True
668288013,723.16,15,16:16:41,False,,False,False,723.24,17,1,174,672350659,train,True
668288014,723.18,15,16:16:42,False,,False,False,723.24,18,1,174,672350659,train,True
668288015,723.23,15,16:16:43,False,,False,False,723.24,19,1,174,672350659,train,True
668288016,723.18,15,16:16:44,False,,False,False,723.24,20,1,174,672350659,train,True
668288017,723.21,15,16:16:45,False,,False,False,723.24,21,1,174,672350659,train,True
668288018,723.2,15,16:16:46,False,,False,False,723.24,22,1,174,672350659,train,True
668288019,723.18,15,16:16:47,False,,False,False,723.24,23,1,174,672350659,train,True
668288020,723.2,15,16:16:48,False,,False,False,723.24,24,1,174,672350659,train,True
668288021,723.19,15,16:16:49,False,,False,False,723.24,25,1,174,672350659,train,True
668288022,723.18,15,16:16:50,False,,False,False,723.24,26,1,174,672350659,train,True
668288023,723.23,15,16:16:51,False,,False,True,723.24,27,1,174,672350659,train,True
668288024,723.12,15,16:16:52,False,,False,True,723.24,28,1,174,672350659,train,True
668288025,723.21,15,16:16:53,False,,False,True,723.24,29,1,174,672350659,train,True
668288026,723.17,15,16:16:54,False,,False,True,723.24,30,1,174,672350659,train,True
668288027,723.13,15,16:16:55,False,,False,True,723.24,31,1,174,672350659,train,True
668288028,723.19,15,16:16:56,False,,False,True,723.24,32,1,174,672350659,train,True
668288029,723.17,15,16:16:57,False,,False,True,723.23,33,1,174,672350659,train,True
668288030,723.15,15,16:16:58,False,,False,True,723.23,34,1,174,672350659,train,True
668288031,723.22,15,16:16:59,False,,False,True,723.23,35,1,174,672350659,train,True
668288032,723.13,15,16:17:00,False,,False,True,723.23,36,1,174,672350659,train,True
668288033,723.15,15,16:17:01,False,,False,True,723.23,37,1,174,672350659,train,True
668288034,723.13,15,16:17:02,False,,False,True,723.23,38,1,174,672350659,train,True
668288035,723.13,15,16:17:03,False,,False,True,723.23,39,1,174,672350659,train,True
668288036,723.11,15,16:17:04,False,,False,True,723.23,40,1,174,672350659,train,True
668288037,723.2,15,16:17:05,False,,False,True,723.23,41,1,174,672350659,train,True
668288038,723.13,15,16:17:06,False,,False,True,723.23,42,1,174,672350659,train,True
668288039,723.11,15,16:17:07,False,,False,True,723.23,43,1,174,672350659,train,True
668288040,723.07,15,16:17:08,False,,False,True,723.23,44,1,174,672350659,train,True
668288041,723.09,15,16:17:09,False,,False,True,723.23,45,1,174,672350659,train,True
668288042,723.22,15,16:17:10,False,,False,True,723.23,46,1,174,672350659,train,True
668288043,723.23,15,16:17:11,False,,False,True,723.23,47,1,174,672350659,train,True
668288044,723.16,15,16:17:12,False,,False,True,723.22,48,1,174,672350659,train,True
668288045,723.19,15,16:17:13,False,,False,True,723.22,49,1,174,672350659,train,True
668288046,723.14,15,16:17:14,False,,False,True,723.22,50,1,174,672350659,train,True
668288047,723.1,15,16:17:15,False,,False,True,723.22,51,1,174,672350659,train,True
668288048,723.21,15,16:17:16,False,,False,True,723.22,52,1,174,672350659,train,True
668288049,723.1,15,16:17:17,False,,False,True,723.22,53,1,174,672350659,train,True
668288050,723.1,15,16:17:17,False,,False,True,723.22,54,1,174,672350659,train,True
668288051,723.15,15,16:17:18,False,,False,True,723.22,55,1,174,672350659,train,True
668288052,723.17,15,16:17:19,False,,False,True,723.22,56,1,174,672350659,train,True
668288053,723.17,15,16:17:20,False,,False,True,723.22,57,1,174,672350659,train,True
668288054,723.08,15,16:17:21,False,,False,True,723.22,58,1,174,672350659,train,True
668287995,723.17,15,16:16:24,False,,False,False,723.25,6,0,175,672352068,train,True
668287996,723.16,15,16:16:25,False,,False,False,723.25,5,0,175,672352068,train,True
668287997,723.19,15,16:16:26,False,,False,False,723.25,5,1,175,672352068,train,True
668287998,723.06,15,16:16:27,False,,False,False,723.25,5,1,175,672352068,train,True
668287999,723.07,15,16:16:28,False,,False,False,723.25,5,1,175,672352068,train,True
668288000,723.08,15,16:16:29,False,,False,False,723.25,6,1,175,672352068,train,True
668288001,723.17,15,16:16:30,False,,False,False,723.25,7,1,175,672352068,train,True
668288002,723.17,15,16:16:31,False,,False,False,723.25,8,1,175,672352068,train,True
668288003,723.17,15,16:16:32,False,,False,False,723.25,8,1,175,672352068,train,True
668288004,723.15,15,16:16:33,False,,False,False,723.25,9,1,175,672352068,train,True
668288005,723.22,15,16:16:34,False,,False,False,723.25,10,1,175,672352068,train,True
668288006,723.17,15,16:16:35,False,,False,False,723.25,11,1,175,672352068,train,True
668288007,723.15,15,16:16:36,False,,False,False,723.25,11,1,175,672352068,train,True
668288008,723.18,15,16:16:37,False,,False,False,723.25,12,1,175,672352068,train,True
668288009,723.14,15,16:16:38,False,,False,False,723.24,13,1,175,672352068,train,True
668288010,723.11,15,16:16:39,False,,False,False,723.24,14,1,175,672352068,train,True
668288011,723.2,15,16:16:40,False,,False,False,723.24,15,1,175,672352068,train,True
668288012,723.17,15,16:16:40,False,,False,False,723.24,16,1,175,672352068,train,True
668288013,723.16,15,16:16:41,False,,False,False,723.24,17,1,175,672352068,train,True
668288014,723.18,15,16:16:42,False,,False,False,723.24,18,1,175,672352068,train,True
668288015,723.23,15,16:16:43,False,,False,False,723.24,19,1,175,672352068,train,True
668288016,723.18,15,16:16:44,False,,False,False,723.24,20,1,175,672352068,train,True
668288017,723.21,15,16:16:45,False,,False,False,723.24,21,1,175,672352068,train,True
668288018,723.2,15,16:16:46,False,,False,False,723.24,22,1,175,672352068,train,True
668288019,723.18,15,16:16:47,False,,False,False,723.24,23,1,175,672352068,train,True
668288020,723.2,15,16:16:48,False,,False,False,723.24,24,1,175,672352068,train,True
668288021,723.19,15,16:16:49,False,,False,False,723.24,25,1,175,672352068,train,True
668288022,723.18,15,16:16:50,False,,False,False,723.24,26,1,175,672352068,train,True
668288023,723.23,15,16:16:51,False,,False,True,723.24,27,1,175,672352068,train,True
668288024,723.12,15,16:16:52,False,,False,True,723.24,28,1,175,672352068,train,True
668288025,723.21,15,16:16:53,False,,False,True,723.24,29,1,175,672352068,train,True
668288026,723.17,15,16:16:54,False,,False,True,723.24,30,1,175,672352068,train,True
668288027,723.13,15,16:16:55,False,,False,True,723.24,31,1,175,672352068,train,True
668288028,723.19,15,16:16:56,False,,False,True,723.24,32,1,175,672352068,train,True
668288029,723.17,15,16:16:57,False,,False,True,723.23,33,1,175,672352068,train,True
668288030,723.15,15,16:16:58,False,,False,True,723.23,34,1,175,672352068,train,True
668288031,723.22,15,16:16:59,False,,False,True,723.23,35,1,175,672352068,train,True
668288032,723.13,15,16:17:00,False,,False,True,723.23,36,1,175,672352068,train,True
668288033,723.15,15,16:17:01,False,,False,True,723.23,37,1,175,672352068,train,True
668288034,723.13,15,16:17:02,False,,False,True,723.23,38,1,175,672352068,train,True
668288035,723.13,15,16:17:03,False,,False,True,723.23,39,1,175,672352068,train,True
668288036,723.11,15,16:17:04,False,,False,True,723.23,40,1,175,672352068,train,True
668288037,723.2,15,16:17:05,False,,False,True,723.23,41,1,175,672352068,train,True
668288038,723.13,15,16:17:06,False,,False,True,723.23,42,1,175,672352068,train,True
668288039,723.11,15,16:17:07,False,,False,True,723.23,43,1,175,672352068,train,True
668288040,723.07,15,16:17:08,False,,False,True,723.23,44,1,175,672352068,train,True
668288041,723.09,15,16:17:09,False,,False,True,723.23,45,1,175,672352068,train,True
668288042,723.22,15,16:17:10,False,,False,True,723.23,46,1,175,672352068,train,True
668288043,723.23,15,16:17:11,False,,False,True,723.23,47,1,175,672352068,train,True
668288044,723.16,15,16:17:12,False,,False,True,723.22,48,1,175,672352068,train,True
668288045,723.19,15,16:17:13,False,,False,True,723.22,49,1,175,672352068,train,True
668288046,723.14,15,16:17:14,False,,False,True,723.22,50,1,175,672352068,train,True
668288047,723.1,15,16:17:15,False,,False,True,723.22,51,1,175,672352068,train,True
668288048,723.21,15,16:17:16,False,,False,True,723.22,52,1,175,672352068,train,True
668288049,723.1,15,16:17:17,False,,False,True,723.22,53,1,175,672352068,train,True
668288050,723.1,15,16:17:17,False,,False,True,723.22,54,1,175,672352068,train,True
668288051,723.15,15,16:17:18,False,,False,True,723.22,55,1,175,672352068,train,True
668288052,723.17,15,16:17:19,False,,False,True,723.22,56,1,175,672352068,train,True
668288053,723.17,15,16:17:20,False,,False,True,723.22,57,1,175,672352068,train,True
668288054,723.08,15,16:17:21,False,,False,True,723.22,58,1,175,672352068,train,True
