SCLK,PRESSURE,sol,time,gt_fwhm,gt_vortex_ind,gt_detection_win,gt_4xfwhm,PRESSURE_MA_500,window_id,event_sclk,split
668288052,723.17,15,16:17:19,False,,False,True,723.22,0,668288145,train
668288053,723.17,15,16:17:20,False,,False,True,723.22,0,668288145,train
668288054,723.08,15,16:17:21,False,,False,True,723.22,0,668288145,train
668288055,723.1,15,16:17:22,False,,True,True,723.22,0,668288145,train
668288059,722.9,15,16:17:26,False,,True,True,722.9,0,668288145,train
668288060,723.15,15,16:17:27,False,,True,True,723.02,0,668288145,train
668288061,722.93,15,16:17:28,False,,True,True,722.99,0,668288145,train
668288062,723.09,15,16:17:29,False,,True,True,723.02,0,668288145,train
668288063,723.17,15,16:17:30,False,,True,True,723.05,0,668288145,train
668288064,723.02,15,16:17:31,False,,True,True,723.04,0,668288145,train
668288065,722.95,15,16:17:32,False,,True,True,723.03,0,668288145,train
668288066,722.8,15,16:17:33,False,,True,True,723.0,0,668288145,train
668288067,723.19,15,16:17:34,False,,True,True,723.02,0,668288145,train
668288068,723.11,15,16:17:35,False,,True,True,723.03,0,668288145,train
668288069,722.65,15,16:17:36,False,,True,True,723.0,0,668288145,train
668288070,723.11,15,16:17:37,False,,True,True,723.01,0,668288145,train
668288071,722.88,15,16:17:38,False,,True,True,723.0,0,668288145,train
668288072,722.96,15,16:17:39,False,,True,True,722.99,0,668288145,train
668288073,722.89,15,16:17:40,False,,True,True,722.99,0,668288145,train
668288074,722.96,15,16:17:41,False,,True,True,722.98,0,668288145,train
668288075,722.81,15,16:17:42,False,,True,True,722.97,0,668288145,train
668288076,722.89,15,16:17:43,False,,True,True,722.97,0,668288145,train
668288077,722.89,15,16:17:44,False,,True,True,722.97,0,668288145,train
668288078,722.82,15,16:17:45,False,,True,True,722.96,0,668288145,train
668288079,722.97,15,16:17:46,False,,True,True,722.96,0,668288145,train
668288080,722.89,15,16:17:47,False,,True,True,722.96,0,668288145,train
668288081,722.89,15,16:17:48,False,,True,True,722.95,0,668288145,train
668288082,722.9,15,16:17:49,False,,True,True,722.95,0,668288145,train
668288083,722.81,15,16:17:50,False,,True,True,722.95,0,668288145,train
668288084,723.13,15,16:17:51,False,,True,True,722.95,0,668288145,train
668288085,722.97,15,16:17:52,False,,True,True,722.95,0,668288145,train
668288086,722.97,15,16:17:53,False,,True,True,722.95,0,668288145,train
668288087,722.97,15,16:17:54,False,,True,True,722.95,0,668288145,train
668288088,723.05,15,16:17:54,False,,True,True,722.96,0,668288145,train
668288089,722.82,15,16:17:55,False,,True,True,722.95,0,668288145,train
668288090,722.98,15,16:17:56,False,,True,True,722.95,0,668288145,train
668288091,722.98,15,16:17:57,False,,True,True,722.95,0,668288145,train
668288092,722.82,15,16:17:58,False,,True,True,722.95,0,668288145,train
668288093,722.9,15,16:17:59,False,,True,True,722.95,0,668288145,train
668288094,722.67,15,16:18:00,False,,True,True,722.94,0,668288145,train
668288095,722.9,15,16:18:01,False,,True,True,722.94,0,668288145,train
668288096,722.91,15,16:18:02,False,,True,True,722.94,0,668288145,train
668288097,722.83,15,16:18:03,False,,True,True,722.94,0,668288145,train
668288098,722.98,15,16:18:04,False,,True,True,722.94,0,668288145,train
668288099,722.91,15,16:18:05,False,,True,True,722.94,0,668288145,train
668288100,722.98,15,16:18:06,False,,True,True,722.94,0,668288145,train
668288101,722.67,15,16:18:07,False,,True,True,722.93,0,668288145,train
668288102,722.6,15,16:18:08,False,,True,True,722.92,0,668288145,train
668288103,722.98,15,16:18:09,False,,True,True,722.93,0,668288145,train
668288104,722.75,15,16:18:10,False,,True,True,722.92,0,668288145,train
668288105,722.83,15,16:18:11,False,,True,True,722.92,0,668288145,train
668288106,722.83,15,16:18:12,False,,True,True,722.92,0,668288145,train
668288107,722.83,15,16:18:13,False,,True,True,722.92,0,668288145,train
668288108,722.68,15,16:18:14,False,,True,True,722.91,0,668288145,train
668288109,722.98,15,16:18:15,False,,True,True,722.91,0,668288145,train
668288110,722.52,15,16:18:16,False,,True,True,722.91,0,668288145,train
668288111,722.91,15,16:18:17,False,,True,True,722.91,0,668288145,train
668288112,722.68,15,16:18:18,False,,True,True,722.9,0,668288145,train
668288113,722.84,15,16:18:19,False,,True,True,722.9,0,668288145,train
668288114,722.68,15,16:18:20,False,,True,True,722.9,0,668288145,train
668288290,722.6,15,16:21:11,False,,True,False,722.77,1,668288356,train
668288291,722.91,15,16:21:12,False,,True,False,722.77,1,668288356,train
668288292,722.83,15,16:21:13,False,,True,False,722.77,1,668288356,train
668288293,722.76,15,16:21:14,False,,True,False,722.77,1,668288356,train
668288294,722.84,15,16:21:15,False,,True,False,722.77,1,668288356,train
668288295,722.91,15,16:21:16,False,,True,False,722.77,1,668288356,train
668288296,722.83,15,16:21:17,False,,True,False,722.77,1,668288356,train
668288297,722.83,15,16:21:18,False,,True,False,722.77,1,668288356,train
668288298,722.91,15,16:21:19,False,,True,False,722.77,1,668288356,train
668288299,722.83,15,16:21:20,False,,True,False,722.77,1,668288356,train
668288300,722.92,15,16:21:21,False,,True,False,722.77,1,668288356,train
668288301,722.99,15,16:21:22,False,,True,False,722.77,1,668288356,train
668288302,722.68,15,16:21:23,False,,True,False,722.77,1,668288356,train
668288303,722.76,15,16:21:24,False,,True,False,722.77,1,668288356,train
668288304,722.91,15,16:21:25,False,,True,False,722.77,1,668288356,train
668288305,722.92,15,16:21:26,False,,True,False,722.77,1,668288356,train
668288306,722.84,15,16:21:27,False,,True,False,722.77,1,668288356,train
668288307,722.76,15,16:21:28,False,,True,False,722.77,1,668288356,train
668288308,722.76,15,16:21:29,False,,True,False,722.77,1,668288356,train
668288309,722.84,15,16:21:30,False,,True,False,722.77,1,668288356,train
668288310,722.76,15,16:21:31,False,,True,False,722.77,1,668288356,train
668288311,722.99,15,16:21:32,False,,True,False,722.77,1,668288356,train
668288312,722.77,15,16:21:33,False,,True,False,722.77,1,668288356,train
668288313,722.85,15,16:21:34,False,,True,False,722.77,1,668288356,train
668288314,722.84,15,16:21:34,False,,True,False,722.77,1,668288356,train
668288315,722.84,15,16:21:35,False,,True,False,722.77,1,668288356,train
668288316,722.85,15,16:21:36,False,,True,False,722.77,1,668288356,train
668288317,722.85,15,16:21:37,False,,True,False,722.77,1,668288356,train
668288318,723.0,15,16:21:38,False,,True,False,722.77,1,668288356,train
668288319,722.77,15,16:21:39,False,,True,False,722.77,1,668288356,train
668288320,722.77,15,16:21:40,False,,True,False,722.77,1,668288356,train
668288321,722.84,15,16:21:41,False,,True,False,722.77,1,668288356,train
668288322,722.77,15,16:21:42,False,,True,False,722.77,1,668288356,train
668288323,722.76,15,16:21:43,False,,True,False,722.77,1,668288356,train
668288324,722.77,15,16:21:44,False,,True,False,722.77,1,668288356,train
668288325,722.69,15,16:21:45,False,,True,False,722.77,1,668288356,train
668288326,722.69,15,16:21:46,False,,True,False,722.77,1,668288356,train
668288327,722.77,15,16:21:47,False,,True,False,722.77,1,668288356,train
668288328,722.69,15,16:21:48,False,,True,False,722.77,1,668288356,train
668288329,722.78,15,16:21:49,False,,True,False,722.77,1,668288356,train
668288330,722.7,15,16:21:50,False,,True,False,722.77,1,668288356,train
668288331,722.77,15,16:21:51,False,,True,False,722.77,1,668288356,train
668288332,722.77,15,16:21:52,False,,True,True,722.77,1,668288356,train
668288333,722.78,15,16:21:53,False,,True,True,722.77,1,668288356,train
668288334,722.62,15,16:21:54,False,,True,True,722.77,1,668288356,train
668288335,722.85,15,16:21:55,False,,True,True,722.77,1,668288356,train
668288336,722.78,15,16:21:56,False,,True,True,722.77,1,668288356,train
668288337,722.7,15,16:21:57,False,,True,True,722.77,1,668288356,train
668288338,722.55,15,16:21:58,False,,True,True,722.77,1,668288356,train
668288339,722.7,15,16:21:59,False,,True,True,722.77,1,668288356,train
668288340,722.54,15,16:22:00,False,,True,True,722.77,1,668288356,train
668288341,722.62,15,16:22:01,False,,True,True,722.77,1,668288356,train
668288342,722.55,15,16:22:02,False,,True,True,722.77,1,668288356,train
668288343,722.62,15,16:22:03,False,,True,True,722.77,1,668288356,train
668288344,722.55,15,16:22:04,False,,True,True,722.77,1,668288356,train
668288345,722.47,15,16:22:05,False,,True,True,722.77,1,668288356,train
668288346,722.23,15,16:22:06,False,,True,True,722.77,1,668288356,train
668288347,722.31,15,16:22:07,False,,True,True,722.76,1,668288356,train
668288348,722.31,15,16:22:08,False,,True,True,722.76,1,668288356,train
668288349,722.16,15,16:22:09,False,,True,True,722.76,1,668288356,train
668363780,733.6,16,12:46:00,False,,True,False,733.74,2,668363851,train
668363781,733.6,16,12:46:01,False,,True,False,733.74,2,668363851,train
668363782,733.58,16,12:46:02,False,,True,False,733.74,2,668363851,train
668363783,733.61,16,12:46:03,False,,True,False,733.74,2,668363851,train
668363784,733.61,16,12:46:04,False,,True,False,733.74,2,668363851,train
668363785,733.62,16,12:46:05,False,,True,False,733.74,2,668363851,train
668363786,733.66,16,12:46:06,False,,True,False,733.74,2,668363851,train
668363787,733.64,16,12:46:07,False,,True,False,733.74,2,668363851,train
668363788,733.61,16,12:46:08,False,,True,False,733.74,2,668363851,train
668363789,733.63,16,12:46:09,False,,True,False,733.74,2,668363851,train
668363790,733.61,16,12:46:10,False,,True,False,733.74,2,668363851,train
668363791,733.63,16,12:46:11,False,,True,False,733.74,2,668363851,train
668363792,733.6,16,12:46:12,False,,True,False,733.74,2,668363851,train
668363793,733.69,16,12:46:13,False,,True,False,733.73,2,668363851,train
668363794,733.71,16,12:46:14,False,,True,False,733.73,2,668363851,train
668363795,733.71,16,12:46:15,False,,True,False,733.73,2,668363851,train
668363796,733.68,16,12:46:16,False,,True,False,733.73,2,668363851,train
668363797,733.64,16,12:46:16,False,,True,False,733.73,2,668363851,train
668363798,733.7,16,12:46:17,False,,True,False,733.73,2,668363851,train
668363799,733.63,16,12:46:18,False,,True,False,733.73,2,668363851,train
668363800,733.72,16,12:46:19,False,,True,False,733.73,2,668363851,train
668363801,733.72,16,12:46:20,False,,True,False,733.73,2,668363851,train
668363802,733.72,16,12:46:21,False,,True,False,733.73,2,668363851,train
668363803,733.76,16,12:46:22,False,,True,False,733.73,2,668363851,train
668363804,733.76,16,12:46:23,False,,True,False,733.73,2,668363851,train
668363805,733.76,16,12:46:24,False,,True,True,733.73,2,668363851,train
668363806,733.74,16,12:46:25,False,,True,True,733.73,2,668363851,train
668363807,733.72,16,12:46:26,False,,True,True,733.73,2,668363851,train
668363808,733.73,16,12:46:27,False,,True,True,733.73,2,668363851,train
668363809,733.73,16,12:46:28,False,,True,True,733.73,2,668363851,train
668363810,733.71,16,12:46:29,False,,True,True,733.73,2,668363851,train
668363811,733.68,16,12:46:30,False,,True,True,733.73,2,668363851,train
668363812,733.79,16,12:46:31,False,,True,True,733.73,2,668363851,train
668363813,733.7,16,12:46:32,False,,True,True,733.73,2,668363851,train
668363814,733.68,16,12:46:33,False,,True,True,733.73,2,668363851,train
668363815,733.68,16,12:46:34,False,,True,True,733.73,2,668363851,train
668363816,733.64,16,12:46:35,False,,True,True,733.73,2,668363851,train
668363817,733.68,16,12:46:36,False,,True,True,733.73,2,668363851,train
668363818,733.63,16,12:46:37,False,,True,True,733.73,2,668363851,train
668363819,733.69,16,12:46:38,False,,True,True,733.73,2,668363851,train
668363820,733.64,16,12:46:39,False,,True,True,733.73,2,668363851,train
668363821,733.58,16,12:46:40,False,,True,True,733.73,2,668363851,train
668363822,733.64,16,12:46:41,False,,True,True,733.73,2,668363851,train
668363823,733.6,16,12:46:42,False,,True,True,733.73,2,668363851,train
668363824,733.55,16,12:46:43,False,,True,True,733.72,2,668363851,train
668363825,733.53,16,12:46:44,False,,True,True,733.72,2,668363851,train
668363826,733.52,16,12:46:45,False,,True,True,733.72,2,668363851,train
668363827,733.54,16,12:46:46,False,,True,True,733.72,2,668363851,train
668363828,733.48,16,12:46:47,False,,True,True,733.72,2,668363851,train
668363829,733.56,16,12:46:48,False,,True,True,733.72,2,668363851,train
668363830,733.56,16,12:46:49,False,,True,True,733.72,2,668363851,train
668363831,733.54,16,12:46:50,False,,True,True,733.72,2,668363851,train
668363832,733.56,16,12:46:51,False,,True,True,733.72,2,668363851,train
668363833,733.51,16,12:46:52,False,,True,True,733.72,2,668363851,train
668363834,733.53,16,12:46:53,False,,True,True,733.72,2,668363851,train
668363835,733.46,16,12:46:53,False,,True,True,733.72,2,668363851,train
668363836,733.4,16,12:46:54,False,,True,True,733.72,2,668363851,train
668363837,733.39,16,12:46:55,False,,True,True,733.72,2,668363851,train
668363838,733.37,16,12:46:56,False,,True,True,733.71,2,668363851,train
668363839,733.37,16,12:46:57,False,,True,True,733.71,2,668363851,train
668370621,727.24,16,14:37:00,False,,True,False,727.41,3,668370696,train
668370622,727.22,16,14:37:01,False,,True,False,727.41,3,668370696,train
668370623,727.21,16,14:37:02,False,,True,False,727.41,3,668370696,train
668370624,727.22,16,14:37:03,False,,True,False,727.41,3,668370696,train
668370625,727.25,16,14:37:03,False,,True,False,727.41,3,668370696,train
668370626,727.23,16,14:37:04,False,,True,False,727.41,3,668370696,train
668370627,727.19,16,14:37:05,False,,True,False,727.41,3,668370696,train
668370628,727.21,16,14:37:06,False,,True,False,727.41,3,668370696,train
668370629,727.23,16,14:37:07,False,,True,False,727.41,3,668370696,train
668370630,727.18,16,14:37:08,False,,True,False,727.41,3,668370696,train
668370631,727.11,16,14:37:09,False,,True,False,727.41,3,668370696,train
668370632,727.13,16,14:37:10,False,,True,False,727.41,3,668370696,train
668370633,727.13,16,14:37:11,False,,True,False,727.41,3,668370696,train
668370634,727.19,16,14:37:12,False,,True,False,727.41,3,668370696,train
668370635,727.26,16,14:37:13,False,,True,False,727.4,3,668370696,train
668370636,727.28,16,14:37:14,False,,True,True,727.4,3,668370696,train
668370637,727.27,16,14:37:15,False,,True,True,727.4,3,668370696,train
668370638,727.28,16,14:37:16,False,,True,True,727.4,3,668370696,train
668370639,727.25,16,14:37:17,False,,True,True,727.4,3,668370696,train
668370640,727.14,16,14:37:18,False,,True,True,727.4,3,668370696,train
668370641,727.2,16,14:37:19,False,,True,True,727.4,3,668370696,train
668370642,727.24,16,14:37:20,False,,True,True,727.4,3,668370696,train
668370643,727.15,16,14:37:21,False,,True,True,727.4,3,668370696,train
668370644,727.13,16,14:37:22,False,,True,True,727.4,3,668370696,train
668370645,727.17,16,14:37:23,False,,True,True,727.4,3,668370696,train
668370646,727.17,16,14:37:24,False,,True,True,727.4,3,668370696,train
668370647,727.16,16,14:37:25,False,,True,True,727.4,3,668370696,train
668370648,727.19,16,14:37:26,False,,True,True,727.4,3,668370696,train
668370649,727.18,16,14:37:27,False,,True,True,727.4,3,668370696,train
668370650,727.16,16,14:37:28,False,,True,True,727.4,3,668370696,train
668370651,727.14,16,14:37:29,False,,True,True,727.4,3,668370696,train
668370652,727.16,16,14:37:30,False,,True,True,727.4,3,668370696,train
668370653,727.15,16,14:37:31,False,,True,True,727.4,3,668370696,train
668370654,727.11,16,14:37:32,False,,True,True,727.4,3,668370696,train
668370655,727.17,16,14:37:33,False,,True,True,727.4,3,668370696,train
668370656,727.17,16,14:37:34,False,,True,True,727.4,3,668370696,train
668370657,727.13,16,14:37:35,False,,True,True,727.4,3,668370696,train
668370658,727.12,16,14:37:36,False,,True,True,727.4,3,668370696,train
668370659,727.05,16,14:37:37,False,,True,True,727.4,3,668370696,train
668370660,727.12,16,14:37:38,False,,True,True,727.4,3,668370696,train
668370661,727.07,16,14:37:39,False,,True,True,727.4,3,668370696,train
668370662,727.13,16,14:37:40,False,,True,True,727.4,3,668370696,train
668370663,727.14,16,14:37:40,False,,True,True,727.39,3,668370696,train
668370664,727.07,16,14:37:41,False,,True,True,727.39,3,668370696,train
668370665,727.11,16,14:37:42,False,,True,True,727.39,3,668370696,train
668370666,727.11,16,14:37:43,False,,True,True,727.39,3,668370696,train
668370667,727.06,16,14:37:44,False,,True,True,727.39,3,668370696,train
668370668,727.1,16,14:37:45,False,,True,True,727.39,3,668370696,train
668370669,727.1,16,14:37:46,False,,True,True,727.39,3,668370696,train
668370670,727.12,16,14:37:47,False,,True,True,727.39,3,668370696,train
668370671,727.03,16,14:37:48,False,,True,True,727.39,3,668370696,train
668370672,727.1,16,14:37:49,False,,True,True,727.39,3,668370696,train
668370673,727.05,16,14:37:50,False,,True,True,727.39,3,668370696,train
668370674,727.07,16,14:37:51,False,,True,True,727.39,3,668370696,train
668370675,727.05,16,14:37:52,False,,True,True,727.39,3,668370696,train
668370676,727.06,16,14:37:53,False,,True,True,727.39,3,668370696,train
668370677,727.09,16,14:37:54,False,,True,True,727.39,3,668370696,train
668370678,727.02,16,14:37:55,False,,True,True,727.39,3,668370696,train
668370679,726.99,16,14:37:56,False,,True,True,727.38,3,668370696,train
668370680,726.92,16,14:37:57,False,,True,True,727.38,3,668370696,train
668373397,726.28,16,15:22:02,False,,True,False,726.51,4,668373458,train
668373398,726.43,16,15:22:03,False,,True,False,726.51,4,668373458,train
668373399,726.43,16,15:22:04,False,,True,False,726.51,4,668373458,train
668373400,726.51,16,15:22:05,False,,True,False,726.51,4,668373458,train
668373401,726.51,16,15:22:06,False,,True,False,726.51,4,668373458,train
668373402,726.28,16,15:22:07,False,,True,False,726.51,4,668373458,train
668373403,726.44,16,15:22:08,False,,True,False,726.51,4,668373458,train
668373404,726.2,16,15:22:09,False,,True,False,726.51,4,668373458,train
668373405,726.51,16,15:22:10,False,,True,False,726.51,4,668373458,train
668373406,726.36,16,15:22:11,False,,True,False,726.51,4,668373458,train
668373407,726.67,16,15:22:12,False,,True,False,726.51,4,668373458,train
668373408,726.36,16,15:22:13,False,,True,False,726.51,4,668373458,train
668373409,726.43,16,15:22:14,False,,True,False,726.51,4,668373458,train
668373410,726.43,16,15:22:15,False,,True,False,726.51,4,668373458,train
668373411,726.28,16,15:22:16,False,,True,False,726.51,4,668373458,train
668373412,726.36,16,15:22:17,False,,True,False,726.51,4,668373458,train
668373413,726.35,16,15:22:18,False,,True,False,726.51,4,668373458,train
668373414,726.28,16,15:22:19,False,,True,False,726.51,4,668373458,train
668373415,726.59,16,15:22:20,False,,True,False,726.51,4,668373458,train
668373416,726.51,16,15:22:21,False,,True,False,726.51,4,668373458,train
668373417,726.51,16,15:22:21,False,,True,False,726.51,4,668373458,train
668373418,726.51,16,15:22:22,False,,True,False,726.51,4,668373458,train
668373419,726.51,16,15:22:23,False,,True,False,726.51,4,668373458,train
668373420,726.36,16,15:22:24,False,,True,False,726.51,4,668373458,train
668373421,726.27,16,15:22:25,False,,True,False,726.5,4,668373458,train
668373422,726.43,16,15:22:26,False,,True,False,726.5,4,668373458,train
668373423,726.43,16,15:22:27,False,,True,False,726.5,4,668373458,train
668373424,726.43,16,15:22:28,False,,True,False,726.5,4,668373458,train
668373425,726.28,16,15:22:29,False,,True,False,726.5,4,668373458,train
668373426,726.27,16,15:22:30,False,,True,False,726.5,4,668373458,train
668373427,726.43,16,15:22:31,False,,True,False,726.5,4,668373458,train
668373428,726.43,16,15:22:32,False,,True,False,726.5,4,668373458,train
668373429,726.66,16,15:22:33,False,,True,False,726.5,4,668373458,train
668373430,726.51,16,15:22:34,False,,True,False,726.5,4,668373458,train
668373431,726.35,16,15:22:35,False,,True,False,726.5,4,668373458,train
668373432,726.35,16,15:22:36,False,,True,False,726.5,4,668373458,train
668373433,726.59,16,15:22:37,False,,True,False,726.5,4,668373458,train
668373434,726.36,16,15:22:38,False,,True,False,726.5,4,668373458,train
668373435,726.2,16,15:22:39,False,,True,False,726.5,4,668373458,train
668373436,726.28,16,15:22:40,False,,True,False,726.5,4,668373458,train
668373437,726.35,16,15:22:41,False,,True,False,726.5,4,668373458,train
668373438,726.43,16,15:22:42,False,,True,False,726.5,4,668373458,train
668373439,726.43,16,15:22:43,False,,True,False,726.5,4,668373458,train
668373440,726.58,16,15:22:44,False,,True,False,726.5,4,668373458,train
668373441,726.51,16,15:22:45,False,,True,False,726.5,4,668373458,train
668373442,726.35,16,15:22:46,False,,True,False,726.5,4,668373458,train
668373443,726.12,16,15:22:47,False,,True,False,726.5,4,668373458,train
668373444,726.35,16,15:22:48,False,,True,False,726.5,4,668373458,train
668373445,726.2,16,15:22:49,False,,True,False,726.49,4,668373458,train
668373446,726.35,16,15:22:50,False,,True,False,726.49,4,668373458,train
668373447,726.35,16,15:22:51,False,,True,False,726.49,4,668373458,train
668373448,726.27,16,15:22:52,False,,True,False,726.49,4,668373458,train
668373449,726.2,16,15:22:53,False,,True,False,726.49,4,668373458,train
668373450,726.28,16,15:22:54,False,,True,False,726.49,4,668373458,train
668373451,726.43,16,15:22:55,False,,True,False,726.49,4,668373458,train
668373452,726.27,16,15:22:56,False,,True,False,726.49,4,668373458,train
668373453,726.43,16,15:22:57,False,,True,False,726.49,4,668373458,train
668373454,726.12,16,15:22:58,False,,True,True,726.49,4,668373458,train
668373455,726.12,16,15:22:58,False,,True,True,726.49,4,668373458,train
668373456,726.04,16,15:22:59,False,,True,True,726.49,4,668373458,train
668450609,733.66,17,12:14:47,False,,True,True,733.55,5,668450709,train
668450610,733.64,17,12:14:48,False,,True,True,733.55,5,668450709,train
668450611,733.62,17,12:14:49,False,,True,True,733.55,5,668450709,train
668450612,733.59,17,12:14:50,False,,True,True,733.55,5,668450709,train
668450613,733.55,17,12:14:51,False,,True,True,733.55,5,668450709,train
668450614,733.57,17,12:14:52,False,,True,True,733.55,5,668450709,train
668450615,733.55,17,12:14:53,False,,True,True,733.55,5,668450709,train
668450616,733.57,17,12:14:54,False,,True,True,733.55,5,668450709,train
668450617,733.56,17,12:14:55,False,,True,True,733.55,5,668450709,train
668450618,733.52,17,12:14:56,False,,True,True,733.55,5,668450709,train
668450619,733.52,17,12:14:57,False,,True,True,733.55,5,668450709,train
668450620,733.52,17,12:14:58,False,,True,True,733.55,5,668450709,train
668450621,733.54,17,12:14:59,False,,True,True,733.55,5,668450709,train
668450622,733.49,17,12:15:00,False,,True,True,733.55,5,668450709,train
668450623,733.54,17,12:15:01,False,,True,True,733.55,5,668450709,train
668450624,733.51,17,12:15:02,False,,True,True,733.55,5,668450709,train
668450625,733.56,17,12:15:03,False,,True,True,733.55,5,668450709,train
668450626,733.54,17,12:15:04,False,,True,True,733.55,5,668450709,train
668450627,733.54,17,12:15:05,False,,True,True,733.55,5,668450709,train
668450628,733.58,17,12:15:06,False,,True,True,733.56,5,668450709,train
668450629,733.58,17,12:15:07,False,,True,True,733.56,5,668450709,train
668450630,733.56,17,12:15:08,False,,True,True,733.56,5,668450709,train
668450631,733.55,17,12:15:09,False,,True,True,733.56,5,668450709,train
668450632,733.6,17,12:15:10,False,,True,True,733.56,5,668450709,train
668450633,733.62,17,12:15:11,False,,True,True,733.56,5,668450709,train
668450634,733.57,17,12:15:12,False,,True,True,733.56,5,668450709,train
668450635,733.57,17,12:15:13,False,,True,True,733.56,5,668450709,train
668450636,733.55,17,12:15:14,False,,True,True,733.56,5,668450709,train
668450637,733.57,17,12:15:15,False,,True,True,733.56,5,668450709,train
668450638,733.53,17,12:15:15,False,,True,True,733.56,5,668450709,train
668450639,733.57,17,12:15:16,False,,True,True,733.56,5,668450709,train
668450640,733.59,17,12:15:17,False,,True,True,733.56,5,668450709,train
668450641,733.61,17,12:15:18,False,,True,True,733.56,5,668450709,train
668450642,733.61,17,12:15:19,False,,True,True,733.56,5,668450709,train
668450643,733.61,17,12:15:20,False,,True,True,733.56,5,668450709,train
668450644,733.57,17,12:15:21,False,,True,True,733.56,5,668450709,train
668450645,733.59,17,12:15:22,False,,True,True,733.56,5,668450709,train
668450646,733.61,17,12:15:23,False,,True,True,733.56,5,668450709,train
668450647,733.65,17,12:15:24,False,,True,True,733.56,5,668450709,train
668450648,733.63,17,12:15:25,False,,True,True,733.56,5,668450709,train
668450649,733.67,17,12:15:26,False,,True,True,733.56,5,668450709,train
668450650,733.61,17,12:15:27,False,,True,True,733.56,5,668450709,train
668450651,733.65,17,12:15:28,False,,True,True,733.56,5,668450709,train
668450652,733.65,17,12:15:29,False,,True,True,733.56,5,668450709,train
668450653,733.65,17,12:15:30,False,,True,True,733.56,5,668450709,train
668450654,733.65,17,12:15:31,False,,True,True,733.56,5,668450709,train
668450655,733.58,17,12:15:32,False,,True,True,733.56,5,668450709,train
668450656,733.53,17,12:15:33,False,,True,True,733.56,5,668450709,train
668450657,733.55,17,12:15:34,False,,True,True,733.56,5,668450709,train
668450658,733.55,17,12:15:35,False,,True,True,733.56,5,668450709,train
668450659,733.53,17,12:15:36,False,,True,True,733.56,5,668450709,train
668450660,733.51,17,12:15:37,False,,True,True,733.56,5,668450709,train
668450661,733.55,17,12:15:38,False,,True,True,733.56,5,668450709,train
668450662,733.52,17,12:15:39,False,,True,True,733.56,5,668450709,train
668450663,733.46,17,12:15:40,False,,True,True,733.56,5,668450709,train
668450664,733.57,17,12:15:41,False,,True,True,733.56,5,668450709,train
668450665,733.48,17,12:15:42,False,,True,True,733.56,5,668450709,train
668450666,733.34,17,12:15:43,False,,True,True,733.56,5,668450709,train
668450667,733.31,17,12:15:44,False,,True,True,733.56,5,668450709,train
668450668,733.3,17,12:15:45,False,,True,True,733.56,5,668450709,train
668451615,733.69,17,12:31:07,False,,True,False,733.79,6,668451679,train
668451616,733.54,17,12:31:08,False,,True,False,733.79,6,668451679,train
668451617,733.77,17,12:31:09,False,,True,False,733.79,6,668451679,train
668451618,733.93,17,12:31:10,False,,True,False,733.79,6,668451679,train
668451619,733.77,17,12:31:10,False,,True,False,733.79,6,668451679,train
668451620,733.85,17,12:31:11,False,,True,False,733.79,6,668451679,train
668451621,733.85,17,12:31:12,False,,True,False,733.79,6,668451679,train
668451622,733.7,17,12:31:13,False,,True,False,733.79,6,668451679,train
668451623,733.46,17,12:31:14,False,,True,False,733.79,6,668451679,train
668451624,733.85,17,12:31:15,False,,True,False,733.79,6,668451679,train
668451625,733.7,17,12:31:16,False,,True,False,733.78,6,668451679,train
668451626,733.54,17,12:31:17,False,,True,False,733.78,6,668451679,train
668451627,733.62,17,12:31:18,False,,True,False,733.78,6,668451679,train
668451628,733.47,17,12:31:19,False,,True,False,733.78,6,668451679,train
668451629,733.77,17,12:31:20,False,,True,False,733.78,6,668451679,train
668451630,733.85,17,12:31:21,False,,True,False,733.78,6,668451679,train
668451631,733.85,17,12:31:22,False,,True,False,733.78,6,668451679,train
668451632,733.77,17,12:31:23,False,,True,False,733.78,6,668451679,train
668451633,733.77,17,12:31:24,False,,True,False,733.78,6,668451679,train
668451634,733.85,17,12:31:25,False,,True,False,733.78,6,668451679,train
668451635,733.92,17,12:31:26,False,,True,False,733.78,6,668451679,train
668451636,733.61,17,12:31:27,False,,True,False,733.78,6,668451679,train
668451637,733.84,17,12:31:28,False,,True,False,733.78,6,668451679,train
668451638,733.69,17,12:31:29,False,,True,False,733.78,6,668451679,train
668451639,733.69,17,12:31:30,False,,True,False,733.78,6,668451679,train
668451640,733.69,17,12:31:31,False,,True,False,733.77,6,668451679,train
668451641,733.77,17,12:31:32,False,,True,False,733.77,6,668451679,train
668451642,733.61,17,12:31:33,False,,True,False,733.77,6,668451679,train
668451643,733.62,17,12:31:34,False,,True,False,733.77,6,668451679,train
668451644,733.61,17,12:31:35,False,,True,False,733.77,6,668451679,train
668451645,733.69,17,12:31:36,False,,True,False,733.77,6,668451679,train
668451646,733.76,17,12:31:37,False,,True,False,733.77,6,668451679,train
668451647,733.69,17,12:31:38,False,,True,False,733.77,6,668451679,train
668451648,733.77,17,12:31:39,False,,True,False,733.77,6,668451679,train
668451649,733.69,17,12:31:40,False,,True,False,733.77,6,668451679,train
668451650,733.45,17,12:31:41,False,,True,False,733.77,6,668451679,train
668451651,733.77,17,12:31:42,False,,True,False,733.77,6,668451679,train
668451652,733.69,17,12:31:43,False,,True,False,733.77,6,668451679,train
668451653,733.46,17,12:31:44,False,,True,False,733.77,6,668451679,train
668451654,733.3,17,12:31:45,False,,True,False,733.77,6,668451679,train
668451655,733.68,17,12:31:46,False,,True,False,733.76,6,668451679,train
668451656,733.61,17,12:31:46,False,,True,False,733.76,6,668451679,train
668451657,733.53,17,12:31:47,False,,True,False,733.76,6,668451679,train
668451658,733.69,17,12:31:48,False,,True,False,733.76,6,668451679,train
668451659,733.45,17,12:31:49,False,,True,False,733.76,6,668451679,train
668451660,733.61,17,12:31:50,False,,True,False,733.76,6,668451679,train
668451661,733.45,17,12:31:51,False,,True,False,733.76,6,668451679,train
668451662,733.68,17,12:31:52,False,,True,False,733.76,6,668451679,train
668451663,733.61,17,12:31:53,False,,True,True,733.76,6,668451679,train
668451664,733.61,17,12:31:54,False,,True,True,733.76,6,668451679,train
668451665,733.53,17,12:31:55,False,,True,True,733.76,6,668451679,train
668451666,733.45,17,12:31:56,False,,True,True,733.76,6,668451679,train
668451667,733.45,17,12:31:57,False,,True,True,733.76,6,668451679,train
668451668,733.45,17,12:31:58,False,,True,True,733.75,6,668451679,train
668451669,733.6,17,12:31:59,False,,True,True,733.75,6,668451679,train
668451670,733.68,17,12:32:00,False,,True,True,733.75,6,668451679,train
668451671,733.53,17,12:32:01,False,,True,True,733.75,6,668451679,train
668451672,733.53,17,12:32:02,False,,True,True,733.75,6,668451679,train
668451673,733.45,17,12:32:03,False,,True,True,733.75,6,668451679,train
668451674,733.37,17,12:32:04,False,,True,True,733.75,6,668451679,train
668465510,723.12,17,16:16:33,False,,True,True,723.22,7,668465594,train
668465511,723.13,17,16:16:34,False,,True,True,723.22,7,668465594,train
668465512,723.06,17,16:16:35,False,,True,True,723.22,7,668465594,train
668465513,723.08,17,16:16:36,False,,True,True,723.22,7,668465594,train
668465514,723.13,17,16:16:37,False,,True,True,723.22,7,668465594,train
668465515,723.08,17,16:16:38,False,,True,True,723.22,7,668465594,train
668465516,723.1,17,16:16:39,False,,True,True,723.22,7,668465594,train
668465517,723.13,17,16:16:40,False,,True,True,723.22,7,668465594,train
668465518,723.08,17,16:16:41,False,,True,True,723.22,7,668465594,train
668465519,723.11,17,16:16:42,False,,True,True,723.22,7,668465594,train
668465520,723.09,17,16:16:43,False,,True,True,723.22,7,668465594,train
668465521,723.14,17,16:16:44,False,,True,True,723.22,7,668465594,train
668465522,723.1,17,16:16:45,False,,True,True,723.22,7,668465594,train
668465523,723.09,17,16:16:46,False,,True,True,723.22,7,668465594,train
668465524,723.14,17,16:16:47,False,,True,True,723.22,7,668465594,train
668465525,723.09,17,16:16:48,False,,True,True,723.22,7,668465594,train
668465526,723.12,17,16:16:49,False,,True,True,723.22,7,668465594,train
668465527,723.03,17,16:16:50,False,,True,True,723.22,7,668465594,train
668465528,723.03,17,16:16:51,False,,True,True,723.22,7,668465594,train
668465529,723.05,17,16:16:52,False,,True,True,723.22,7,668465594,train
668465530,723.01,17,16:16:53,False,,True,True,723.21,7,668465594,train
668465531,722.97,17,16:16:54,False,,True,True,723.21,7,668465594,train
668465532,722.99,17,16:16:55,False,,True,True,723.21,7,668465594,train
668465533,723.01,17,16:16:56,False,,True,True,723.21,7,668465594,train
668465534,722.95,17,16:16:57,False,,True,True,723.21,7,668465594,train
668465535,723.06,17,16:16:58,False,,True,True,723.21,7,668465594,train
668465536,723.08,17,16:16:59,False,,True,True,723.21,7,668465594,train
668465537,723.0,17,16:17:00,False,,True,True,723.21,7,668465594,train
668465538,723.02,17,16:17:01,False,,True,True,723.21,7,668465594,train
668465539,723.02,17,16:17:01,False,,True,True,723.21,7,668465594,train
668465540,722.99,17,16:17:02,False,,True,True,723.21,7,668465594,train
668465541,722.95,17,16:17:03,False,,True,True,723.21,7,668465594,train
668465542,722.98,17,16:17:04,False,,True,True,723.21,7,668465594,train
668465543,722.91,17,16:17:05,False,,True,True,723.21,7,668465594,train
668465544,722.91,17,16:17:06,False,,True,True,723.21,7,668465594,train
668465545,722.96,17,16:17:07,False,,True,True,723.21,7,668465594,train
668465546,722.94,17,16:17:08,False,,True,True,723.21,7,668465594,train
668465547,722.96,17,16:17:09,False,,True,True,723.21,7,668465594,train
668465548,722.9,17,16:17:10,False,,True,True,723.21,7,668465594,train
668465549,722.89,17,16:17:11,False,,True,True,723.21,7,668465594,train
668465550,722.92,17,16:17:12,False,,True,True,723.21,7,668465594,train
668465551,722.9,17,16:17:13,False,,True,True,723.21,7,668465594,train
668465552,722.87,17,16:17:14,False,,True,True,723.21,7,668465594,train
668465553,722.92,17,16:17:15,False,,True,True,723.21,7,668465594,train
668465554,722.9,17,16:17:16,False,,True,True,723.2,7,668465594,train
668465555,722.88,17,16:17:17,False,,True,True,723.2,7,668465594,train
668465556,722.88,17,16:17:18,False,,True,True,723.2,7,668465594,train
668465557,722.83,17,16:17:19,False,,True,True,723.2,7,668465594,train
668465558,722.83,17,16:17:20,False,,True,True,723.2,7,668465594,train
668465559,722.83,17,16:17:21,False,,True,True,723.2,7,668465594,train
668465560,722.82,17,16:17:22,False,,True,True,723.2,7,668465594,train
668465561,722.79,17,16:17:23,False,,True,True,723.2,7,668465594,train
668465562,722.86,17,16:17:24,False,,True,True,723.2,7,668465594,train
668465563,722.79,17,16:17:25,False,,True,True,723.2,7,668465594,train
668465564,722.75,17,16:17:26,False,,True,True,723.2,7,668465594,train
668465565,722.78,17,16:17:27,False,,True,True,723.2,7,668465594,train
668465566,722.84,17,16:17:28,False,,True,True,723.2,7,668465594,train
668465567,722.93,17,16:17:29,False,,True,True,723.2,7,668465594,train
668465568,722.87,17,16:17:30,False,,True,True,723.19,7,668465594,train
668465569,722.8,17,16:17:31,False,,True,True,723.19,7,668465594,train
668471296,723.05,17,17:50:26,False,,True,False,723.06,8,668471362,train
668471297,723.05,17,17:50:27,False,,True,False,723.06,8,668471362,train
668471298,723.03,17,17:50:28,False,,True,False,723.06,8,668471362,train
668471299,722.98,17,17:50:29,False,,True,False,723.06,8,668471362,train
668471300,723.03,17,17:50:30,False,,True,False,723.06,8,668471362,train
668471301,722.99,17,17:50:31,False,,True,False,723.06,8,668471362,train
668471302,723.05,17,17:50:32,False,,True,False,723.06,8,668471362,train
668471303,723.07,17,17:50:33,False,,True,False,723.06,8,668471362,train
668471304,723.03,17,17:50:34,False,,True,False,723.06,8,668471362,train
668471305,723.05,17,17:50:35,False,,True,False,723.06,8,668471362,train
668471306,723.09,17,17:50:36,False,,True,False,723.06,8,668471362,train
668471307,723.01,17,17:50:37,False,,True,False,723.06,8,668471362,train
668471308,722.96,17,17:50:38,False,,True,False,723.06,8,668471362,train
668471309,723.07,17,17:50:39,False,,True,False,723.06,8,668471362,train
668471310,723.03,17,17:50:40,False,,True,False,723.06,8,668471362,train
668471311,723.0,17,17:50:40,False,,True,False,723.06,8,668471362,train
668471312,723.03,17,17:50:41,False,,True,False,723.06,8,668471362,train
668471313,723.05,17,17:50:42,False,,True,False,723.06,8,668471362,train
668471314,723.03,17,17:50:43,False,,True,False,723.06,8,668471362,train
668471315,723.07,17,17:50:44,False,,True,False,723.06,8,668471362,train
668471316,723.01,17,17:50:45,False,,True,False,723.06,8,668471362,train
668471317,723.03,17,17:50:46,False,,True,False,723.06,8,668471362,train
668471318,722.99,17,17:50:47,False,,True,False,723.06,8,668471362,train
668471319,722.99,17,17:50:48,False,,True,False,723.06,8,668471362,train
668471320,722.99,17,17:50:49,False,,True,False,723.06,8,668471362,train
668471321,723.03,17,17:50:50,False,,True,False,723.06,8,668471362,train
668471322,723.03,17,17:50:51,False,,True,False,723.06,8,668471362,train
668471323,722.99,17,17:50:52,False,,True,False,723.06,8,668471362,train
668471324,723.05,17,17:50:53,False,,True,False,723.06,8,668471362,train
668471325,722.98,17,17:50:54,False,,True,False,723.05,8,668471362,train
668471326,723.01,17,17:50:55,False,,True,False,723.05,8,668471362,train
668471327,722.99,17,17:50:56,False,,True,False,723.05,8,668471362,train
668471328,722.96,17,17:50:57,False,,True,False,723.05,8,668471362,train
668471329,723.01,17,17:50:58,False,,True,False,723.05,8,668471362,train
668471330,723.01,17,17:50:59,False,,True,False,723.05,8,668471362,train
668471331,722.99,17,17:51:00,False,,True,False,723.05,8,668471362,train
668471332,722.94,17,17:51:01,False,,True,False,723.05,8,668471362,train
668471333,722.99,17,17:51:02,False,,True,False,723.05,8,668471362,train
668471334,723.03,17,17:51:03,False,,True,False,723.05,8,668471362,train
668471335,723.03,17,17:51:04,False,,True,False,723.05,8,668471362,train
668471336,722.96,17,17:51:05,False,,True,True,723.05,8,668471362,train
668471337,723.03,17,17:51:06,False,,True,True,723.05,8,668471362,train
668471338,723.0,17,17:51:07,False,,True,True,723.05,8,668471362,train
668471339,723.01,17,17:51:08,False,,True,True,723.05,8,668471362,train
668471340,722.98,17,17:51:09,False,,True,True,723.05,8,668471362,train
668471341,723.01,17,17:51:10,False,,True,True,723.05,8,668471362,train
668471342,723.05,17,17:51:11,False,,True,True,723.05,8,668471362,train
668471343,722.99,17,17:51:12,False,,True,True,723.05,8,668471362,train
668471344,722.96,17,17:51:13,False,,True,True,723.05,8,668471362,train
668471345,722.96,17,17:51:14,False,,True,True,723.05,8,668471362,train
668471346,722.99,17,17:51:15,False,,True,True,723.05,8,668471362,train
668471347,722.94,17,17:51:16,False,,True,True,723.05,8,668471362,train
668471348,722.94,17,17:51:16,False,,True,True,723.05,8,668471362,train
668471349,722.92,17,17:51:17,False,,True,True,723.05,8,668471362,train
668471350,722.87,17,17:51:18,False,,True,True,723.05,8,668471362,train
668471351,722.9,17,17:51:19,False,,True,True,723.05,8,668471362,train
668471352,722.85,17,17:51:20,False,,True,True,723.05,8,668471362,train
668471353,722.83,17,17:51:21,False,,True,True,723.05,8,668471362,train
668471354,722.85,17,17:51:22,False,,True,True,723.05,8,668471362,train
668471355,722.83,17,17:51:23,False,,True,True,723.05,8,668471362,train
668529362,736.81,18,09:32:33,False,,False,False,737.47,9,668534767,train
668529363,736.84,18,09:32:34,False,,False,False,737.46,9,668534767,train
668529364,736.8,18,09:32:35,False,,False,False,737.46,9,668534767,train
668529365,736.78,18,09:32:36,False,,False,False,737.46,9,668534767,train
668529366,736.82,18,09:32:37,False,,False,False,737.46,9,668534767,train
668529367,736.71,18,09:32:38,False,,False,False,737.45,9,668534767,train
668529368,736.81,18,09:32:39,False,,False,False,737.45,9,668534767,train
668529369,736.81,18,09:32:40,False,,False,False,737.45,9,668534767,train
668534710,728.79,18,10:59:19,False,,True,False,728.79,9,668534767,train
668534711,728.78,18,10:59:20,False,,True,False,728.78,9,668534767,train
668534712,728.81,18,10:59:21,False,,True,False,728.79,9,668534767,train
668534713,728.78,18,10:59:22,False,,True,False,728.79,9,668534767,train
668534714,728.78,18,10:59:23,False,,True,False,728.79,9,668534767,train
668534715,728.77,18,10:59:24,False,,True,False,728.78,9,668534767,train
668534716,728.79,18,10:59:25,False,,True,False,728.79,9,668534767,train
668534717,728.76,18,10:59:26,False,,True,False,728.78,9,668534767,train
668534718,728.79,18,10:59:27,False,,True,False,728.78,9,668534767,train
668534719,728.67,18,10:59:28,False,,True,False,728.77,9,668534767,train
668534720,728.69,18,10:59:29,False,,True,False,728.76,9,668534767,train
668534721,728.6,18,10:59:30,False,,True,False,728.75,9,668534767,train
668534722,728.62,18,10:59:31,False,,True,False,728.74,9,668534767,train
668534723,728.69,18,10:59:32,False,,True,False,728.74,9,668534767,train
668534724,728.73,18,10:59:33,False,,True,False,728.74,9,668534767,train
668534725,728.75,18,10:59:34,False,,True,False,728.74,9,668534767,train
668534726,728.73,18,10:59:35,False,,True,False,728.74,9,668534767,train
668534727,728.77,18,10:59:35,False,,True,False,728.74,9,668534767,train
668534728,728.77,18,10:59:36,False,,True,False,728.74,9,668534767,train
668534729,728.77,18,10:59:37,False,,True,False,728.74,9,668534767,train
668534730,728.75,18,10:59:38,False,,True,False,728.74,9,668534767,train
668534731,728.72,18,10:59:39,False,,True,False,728.74,9,668534767,train
668534732,728.78,18,10:59:40,False,,True,False,728.74,9,668534767,train
668534733,728.76,18,10:59:41,False,,True,False,728.74,9,668534767,train
668534734,728.72,18,10:59:42,False,,True,False,728.74,9,668534767,train
668534735,728.73,18,10:59:43,False,,True,False,728.74,9,668534767,train
668534736,728.76,18,10:59:44,False,,True,False,728.74,9,668534767,train
668534737,728.8,18,10:59:45,False,,True,False,728.74,9,668534767,train
668534738,728.76,18,10:59:46,False,,True,False,728.75,9,668534767,train
668534739,728.8,18,10:59:47,False,,True,False,728.75,9,668534767,train
668534740,728.8,18,10:59:48,False,,True,False,728.75,9,668534767,train
668534741,728.8,18,10:59:49,False,,True,False,728.75,9,668534767,train
668534742,728.86,18,10:59:50,False,,True,False,728.75,9,668534767,train
668534743,728.86,18,10:59:51,False,,True,False,728.76,9,668534767,train
668534744,728.83,18,10:59:52,False,,True,False,728.76,9,668534767,train
668534745,728.82,18,10:59:53,False,,True,False,728.76,9,668534767,train
668534746,728.9,18,10:59:54,False,,True,False,728.76,9,668534767,train
668534747,728.85,18,10:59:55,False,,True,True,728.77,9,668534767,train
668534748,728.85,18,10:59:56,False,,True,True,728.77,9,668534767,train
668534749,728.85,18,10:59:57,False,,True,True,728.77,9,668534767,train
668534750,728.79,18,10:59:58,False,,True,True,728.77,9,668534767,train
668534751,728.8,18,10:59:59,False,,True,True,728.77,9,668534767,train
668534752,728.8,18,11:00:00,False,,True,True,728.77,9,668534767,train
668534753,728.82,18,11:00:01,False,,True,True,728.77,9,668534767,train
668534754,728.71,18,11:00:02,False,,True,True,728.77,9,668534767,train
668534755,728.66,18,11:00:03,False,,True,True,728.77,9,668534767,train
668534756,728.75,18,11:00:04,False,,True,True,728.77,9,668534767,train
668534757,728.79,18,11:00:05,False,,True,True,728.77,9,668534767,train
668534758,728.72,18,11:00:06,False,,True,True,728.77,9,668534767,train
668534759,728.77,18,11:00:07,False,,True,True,728.77,9,668534767,train
668534760,728.72,18,11:00:08,False,,True,True,728.77,9,668534767,train
668534761,728.72,18,11:00:09,False,,True,True,728.77,9,668534767,train
668540903,731.14,18,12:39:48,False,,True,False,731.1,10,668540964,train
668540904,731.16,18,12:39:49,False,,True,False,731.1,10,668540964,train
668540905,731.18,18,12:39:50,False,,True,False,731.1,10,668540964,train
668540906,731.16,18,12:39:51,False,,True,False,731.1,10,668540964,train
668540907,731.18,18,12:39:52,False,,True,False,731.1,10,668540964,train
668540908,731.05,18,12:39:53,False,,True,False,731.11,10,668540964,train
668540909,731.15,18,12:39:54,False,,True,False,731.11,10,668540964,train
668540910,731.11,18,12:39:55,False,,True,False,731.11,10,668540964,train
668540911,731.11,18,12:39:56,False,,True,False,731.11,10,668540964,train
668540912,731.08,18,12:39:57,False,,True,False,731.11,10,668540964,train
668540913,731.13,18,12:39:58,False,,True,False,731.11,10,668540964,train
668540914,731.08,18,12:39:58,False,,True,False,731.11,10,668540964,train
668540915,731.15,18,12:39:59,False,,True,False,731.11,10,668540964,train
668540916,731.13,18,12:40:00,False,,True,False,731.11,10,668540964,train
668540917,731.06,18,12:40:01,False,,True,False,731.11,10,668540964,train
668540918,731.12,18,12:40:02,False,,True,False,731.11,10,668540964,train
668540919,731.14,18,12:40:03,False,,True,False,731.11,10,668540964,train
668540920,731.12,18,12:40:04,False,,True,False,731.11,10,668540964,train
668540921,731.1,18,12:40:05,False,,True,False,731.11,10,668540964,train
668540922,731.12,18,12:40:06,False,,True,False,731.11,10,668540964,train
668540923,731.12,18,12:40:07,False,,True,False,731.11,10,668540964,train
668540924,731.09,18,12:40:08,False,,True,False,731.11,10,668540964,train
668540925,731.03,18,12:40:09,False,,True,False,731.11,10,668540964,train
668540926,731.11,18,12:40:10,False,,True,False,731.11,10,668540964,train
668540927,731.11,18,12:40:11,False,,True,False,731.11,10,668540964,train
668540928,731.04,18,12:40:12,False,,True,False,731.11,10,668540964,train
668540929,731.11,18,12:40:13,False,,True,False,731.11,10,668540964,train
668540930,731.11,18,12:40:14,False,,True,False,731.11,10,668540964,train
668540931,731.06,18,12:40:15,False,,True,False,731.11,10,668540964,train
668540932,731.04,18,12:40:16,False,,True,False,731.11,10,668540964,train
668540933,731.1,18,12:40:17,False,,True,False,731.11,10,668540964,train
668540934,731.1,18,12:40:18,False,,True,False,731.11,10,668540964,train
668540935,731.04,18,12:40:19,False,,True,False,731.11,10,668540964,train
668540936,731.1,18,12:40:20,False,,True,False,731.11,10,668540964,train
668540937,731.1,18,12:40:21,False,,True,False,731.11,10,668540964,train
668540938,731.12,18,12:40:22,False,,True,False,731.11,10,668540964,train
668540939,731.08,18,12:40:23,False,,True,False,731.11,10,668540964,train
668540940,731.18,18,12:40:24,False,,True,False,731.11,10,668540964,train
668540941,731.08,18,12:40:25,False,,True,False,731.11,10,668540964,train
668540942,731.09,18,12:40:26,False,,True,False,731.11,10,668540964,train
668540943,731.1,18,12:40:27,False,,True,False,731.11,10,668540964,train
668540944,731.09,18,12:40:28,False,,True,False,731.11,10,668540964,train
668540945,731.16,18,12:40:29,False,,True,False,731.11,10,668540964,train
668540946,731.16,18,12:40:30,False,,True,False,731.11,10,668540964,train
668540947,731.09,18,12:40:31,False,,True,False,731.11,10,668540964,train
668540948,731.11,18,12:40:32,False,,True,False,731.11,10,668540964,train
668540949,731.13,18,12:40:33,False,,True,False,731.11,10,668540964,train
668540950,731.06,18,12:40:34,False,,True,False,731.11,10,668540964,train
668540951,731.09,18,12:40:34,False,,True,False,731.11,10,668540964,train
668540952,731.15,18,12:40:35,False,,True,False,731.11,10,668540964,train
668540953,731.13,18,12:40:36,False,,True,False,731.11,10,668540964,train
668540954,731.15,18,12:40:37,False,,True,False,731.11,10,668540964,train
668540955,731.06,18,12:40:38,False,,True,False,731.11,10,668540964,train
668540956,731.08,18,12:40:39,False,,True,False,731.11,10,668540964,train
668540957,731.01,18,12:40:40,False,,True,False,731.11,10,668540964,train
668540958,731.01,18,12:40:41,False,,True,True,731.11,10,668540964,train
668540959,731.03,18,12:40:42,False,,True,True,731.11,10,668540964,train
668540960,731.01,18,12:40:43,False,,True,True,731.11,10,668540964,train
668540961,730.96,18,12:40:44,False,,True,True,731.11,10,668540964,train
668540962,730.69,18,12:40:45,False,,True,True,731.11,10,668540964,train
668541431,730.93,18,12:48:22,False,,True,True,731.02,11,668541515,train
668541432,730.9,18,12:48:23,False,,True,True,731.02,11,668541515,train
668541433,730.95,18,12:48:24,False,,True,True,731.02,11,668541515,train
668541434,730.9,18,12:48:25,False,,True,True,731.02,11,668541515,train
668541435,730.9,18,12:48:26,False,,True,True,731.02,11,668541515,train
668541436,730.88,18,12:48:27,False,,True,True,731.02,11,668541515,train
668541437,730.94,18,12:48:28,False,,True,True,731.02,11,668541515,train
668541438,730.96,18,12:48:29,False,,True,True,731.02,11,668541515,train
668541439,730.94,18,12:48:30,False,,True,True,731.02,11,668541515,train
668541440,730.96,18,12:48:31,False,,True,True,731.02,11,668541515,train
668541441,730.94,18,12:48:32,False,,True,True,731.02,11,668541515,train
668541442,730.91,18,12:48:32,False,,True,True,731.02,11,668541515,train
668541443,730.97,18,12:48:33,False,,True,True,731.02,11,668541515,train
668541444,731.02,18,12:48:34,False,,True,True,731.02,11,668541515,train
668541445,731.0,18,12:48:35,False,,True,True,731.02,11,668541515,train
668541446,731.02,18,12:48:36,False,,True,True,731.01,11,668541515,train
668541447,730.95,18,12:48:37,False,,True,True,731.01,11,668541515,train
668541448,730.95,18,12:48:38,False,,True,True,731.01,11,668541515,train
668541449,731.02,18,12:48:39,False,,True,True,731.01,11,668541515,train
668541450,730.99,18,12:48:40,False,,True,True,731.01,11,668541515,train
668541451,731.02,18,12:48:41,False,,True,True,731.01,11,668541515,train
668541452,730.95,18,12:48:42,False,,True,True,731.01,11,668541515,train
668541453,731.01,18,12:48:43,False,,True,True,731.01,11,668541515,train
668541454,730.95,18,12:48:44,False,,True,True,731.01,11,668541515,train
668541455,730.97,18,12:48:45,False,,True,True,731.01,11,668541515,train
668541456,731.01,18,12:48:46,False,,True,True,731.01,11,668541515,train
668541457,730.99,18,12:48:47,False,,True,True,731.01,11,668541515,train
668541458,730.96,18,12:48:48,False,,True,True,731.01,11,668541515,train
668541459,731.01,18,12:48:49,False,,True,True,731.01,11,668541515,train
668541460,730.94,18,12:48:50,False,,True,True,731.01,11,668541515,train
668541461,730.98,18,12:48:51,False,,True,True,731.01,11,668541515,train
668541462,731.03,18,12:48:52,False,,True,True,731.01,11,668541515,train
668541463,730.93,18,12:48:53,False,,True,True,731.01,11,668541515,train
668541464,730.98,18,12:48:54,False,,True,True,731.01,11,668541515,train
668541465,730.96,18,12:48:55,False,,True,True,731.01,11,668541515,train
668541466,730.93,18,12:48:56,False,,True,True,731.01,11,668541515,train
668541467,730.91,18,12:48:57,False,,True,True,731.01,11,668541515,train
668541468,730.97,18,12:48:58,False,,True,True,731.01,11,668541515,train
668541469,730.86,18,12:48:59,False,,True,True,731.01,11,668541515,train
668541470,730.88,18,12:49:00,False,,True,True,731.01,11,668541515,train
668541471,730.83,18,12:49:01,False,,True,True,731.01,11,668541515,train
668541472,730.92,18,12:49:02,False,,True,True,731.01,11,668541515,train
668541473,730.87,18,12:49:03,False,,True,True,731.01,11,668541515,train
668541474,730.88,18,12:49:04,False,,True,True,731.01,11,668541515,train
668541475,730.94,18,12:49:05,False,,True,True,731.01,11,668541515,train
668541476,730.92,18,12:49:06,False,,True,True,731.01,11,668541515,train
668541477,730.87,18,12:49:07,False,,True,True,731.01,11,668541515,train
668541478,730.94,18,12:49:08,False,,True,True,731.01,11,668541515,train
668541479,730.87,18,12:49:09,False,,True,True,731.01,11,668541515,train
668541480,730.92,18,12:49:09,False,,True,True,731.01,11,668541515,train
668541481,730.82,18,12:49:10,False,,True,True,731.01,11,668541515,train
668541482,730.73,18,12:49:11,False,,True,True,731.01,11,668541515,train
668541483,730.73,18,12:49:12,False,,True,True,731.01,11,668541515,train
668541484,730.75,18,12:49:13,False,,True,True,731.01,11,668541515,train
668541485,730.77,18,12:49:14,False,,True,True,731.01,11,668541515,train
668541486,730.82,18,12:49:15,False,,True,True,731.01,11,668541515,train
668541487,730.79,18,12:49:16,False,,True,True,731.01,11,668541515,train
668541488,730.75,18,12:49:17,False,,True,True,731.01,11,668541515,train
668541489,730.68,18,12:49:18,False,,True,True,731.01,11,668541515,train
668541490,730.65,18,12:49:19,False,,True,True,731.0,11,668541515,train
668541990,730.64,18,12:57:26,False,,True,False,730.79,12,668542064,train
668541991,730.66,18,12:57:27,False,,True,False,730.79,12,668542064,train
668541992,730.66,18,12:57:28,False,,True,False,730.79,12,668542064,train
668541993,730.6,18,12:57:29,False,,True,False,730.79,12,668542064,train
668541994,730.64,18,12:57:30,False,,True,False,730.79,12,668542064,train
668541995,730.68,18,12:57:31,False,,True,False,730.79,12,668542064,train
668541996,730.63,18,12:57:32,False,,True,False,730.79,12,668542064,train
668541997,730.59,18,12:57:33,False,,True,False,730.79,12,668542064,train
668541998,730.68,18,12:57:34,False,,True,False,730.79,12,668542064,train
668541999,730.68,18,12:57:35,False,,True,False,730.79,12,668542064,train
668542000,730.7,18,12:57:36,False,,True,False,730.79,12,668542064,train
668542001,730.65,18,12:57:37,False,,True,False,730.79,12,668542064,train
668542002,730.69,18,12:57:38,False,,True,False,730.79,12,668542064,train
668542003,730.69,18,12:57:39,False,,True,False,730.79,12,668542064,train
668542004,730.67,18,12:57:40,False,,True,False,730.79,12,668542064,train
668542005,730.67,18,12:57:41,False,,True,False,730.79,12,668542064,train
668542006,730.69,18,12:57:42,False,,True,True,730.79,12,668542064,train
668542007,730.67,18,12:57:43,False,,True,True,730.79,12,668542064,train
668542008,730.67,18,12:57:43,False,,True,True,730.79,12,668542064,train
668542009,730.73,18,12:57:44,False,,True,True,730.79,12,668542064,train
668542010,730.69,18,12:57:45,False,,True,True,730.79,12,668542064,train
668542011,730.66,18,12:57:46,False,,True,True,730.79,12,668542064,train
668542012,730.66,18,12:57:47,False,,True,True,730.79,12,668542064,train
668542013,730.69,18,12:57:48,False,,True,True,730.79,12,668542064,train
668542014,730.68,18,12:57:49,False,,True,True,730.79,12,668542064,train
668542015,730.68,18,12:57:50,False,,True,True,730.79,12,668542064,train
668542016,730.72,18,12:57:51,False,,True,True,730.79,12,668542064,train
668542017,730.68,18,12:57:52,False,,True,True,730.79,12,668542064,train
668542018,730.68,18,12:57:53,False,,True,True,730.79,12,668542064,train
668542019,730.7,18,12:57:54,False,,True,True,730.79,12,668542064,train
668542020,730.7,18,12:57:55,False,,True,True,730.79,12,668542064,train
668542021,730.72,18,12:57:56,False,,True,True,730.79,12,668542064,train
668542022,730.63,18,12:57:57,False,,True,True,730.79,12,668542064,train
668542023,730.65,18,12:57:58,False,,True,True,730.79,12,668542064,train
668542024,730.65,18,12:57:59,False,,True,True,730.79,12,668542064,train
668542025,730.62,18,12:58:00,False,,True,True,730.79,12,668542064,train
668542026,730.65,18,12:58:01,False,,True,True,730.79,12,668542064,train
668542027,730.64,18,12:58:02,False,,True,True,730.79,12,668542064,train
668542028,730.59,18,12:58:03,False,,True,True,730.79,12,668542064,train
668542029,730.62,18,12:58:04,False,,True,True,730.79,12,668542064,train
668542030,730.64,18,12:58:05,False,,True,True,730.79,12,668542064,train
668542031,730.64,18,12:58:06,False,,True,True,730.79,12,668542064,train
668542032,730.62,18,12:58:07,False,,True,True,730.79,12,668542064,train
668542033,730.61,18,12:58:08,False,,True,True,730.79,12,668542064,train
668542034,730.61,18,12:58:09,False,,True,True,730.79,12,668542064,train
668542035,730.61,18,12:58:10,False,,True,True,730.79,12,668542064,train
668542036,730.61,18,12:58:11,False,,True,True,730.79,12,668542064,train
668542037,730.59,18,12:58:12,False,,True,True,730.79,12,668542064,train
668542038,730.54,18,12:58:13,False,,True,True,730.79,12,668542064,train
668542039,730.54,18,12:58:14,False,,True,True,730.79,12,668542064,train
668542040,730.51,18,12:58:15,False,,True,True,730.79,12,668542064,train
668542041,730.51,18,12:58:16,False,,True,True,730.79,12,668542064,train
668542042,730.49,18,12:58:17,False,,True,True,730.79,12,668542064,train
668542043,730.49,18,12:58:18,False,,True,True,730.79,12,668542064,train
668542044,730.51,18,12:58:19,False,,True,True,730.79,12,668542064,train
668542045,730.44,18,12:58:19,False,,True,True,730.79,12,668542064,train
668542046,730.51,18,12:58:20,False,,True,True,730.79,12,668542064,train
668542047,730.51,18,12:58:21,False,,True,True,730.79,12,668542064,train
668542048,730.51,18,12:58:22,False,,True,True,730.79,12,668542064,train
668542049,730.52,18,12:58:23,False,,True,True,730.79,12,668542064,train
668542273,730.62,18,13:02:01,False,,True,False,730.64,13,668542340,train
668542274,730.62,18,13:02:02,False,,True,False,730.64,13,668542340,train
668542275,730.58,18,13:02:03,False,,True,False,730.64,13,668542340,train
668542276,730.6,18,13:02:04,False,,True,False,730.64,13,668542340,train
668542277,730.66,18,13:02:05,False,,True,False,730.64,13,668542340,train
668542278,730.59,18,13:02:06,False,,True,False,730.64,13,668542340,train
668542279,730.64,18,13:02:07,False,,True,False,730.64,13,668542340,train
668542280,730.66,18,13:02:08,False,,True,False,730.64,13,668542340,train
668542281,730.66,18,13:02:09,False,,True,False,730.64,13,668542340,train
668542282,730.59,18,13:02:10,False,,True,False,730.64,13,668542340,train
668542283,730.59,18,13:02:11,False,,True,False,730.64,13,668542340,train
668542284,730.57,18,13:02:12,False,,True,False,730.64,13,668542340,train
668542285,730.65,18,13:02:13,False,,True,False,730.64,13,668542340,train
668542286,730.61,18,13:02:14,False,,True,False,730.64,13,668542340,train
668542287,730.56,18,13:02:15,False,,True,False,730.64,13,668542340,train
668542288,730.65,18,13:02:16,False,,True,False,730.64,13,668542340,train
668542289,730.63,18,13:02:17,False,,True,False,730.64,13,668542340,train
668542290,730.6,18,13:02:18,False,,True,False,730.64,13,668542340,train
668542291,730.58,18,13:02:19,False,,True,False,730.64,13,668542340,train
668542292,730.6,18,13:02:20,False,,True,False,730.64,13,668542340,train
668542293,730.51,18,13:02:21,False,,True,False,730.63,13,668542340,train
668542294,730.55,18,13:02:22,False,,True,False,730.63,13,668542340,train
668542295,730.57,18,13:02:23,False,,True,False,730.63,13,668542340,train
668542296,730.53,18,13:02:24,False,,True,False,730.63,13,668542340,train
668542297,730.59,18,13:02:25,False,,True,False,730.63,13,668542340,train
668542298,730.55,18,13:02:26,False,,True,False,730.63,13,668542340,train
668542299,730.55,18,13:02:27,False,,True,False,730.63,13,668542340,train
668542300,730.57,18,13:02:28,False,,True,False,730.63,13,668542340,train
668542301,730.5,18,13:02:29,False,,True,False,730.63,13,668542340,train
668542302,730.5,18,13:02:30,False,,True,False,730.63,13,668542340,train
668542303,730.47,18,13:02:31,False,,True,False,730.63,13,668542340,train
668542304,730.47,18,13:02:32,False,,True,False,730.63,13,668542340,train
668542305,730.47,18,13:02:33,False,,True,False,730.62,13,668542340,train
668542306,730.49,18,13:02:34,False,,True,False,730.62,13,668542340,train
668542307,730.54,18,13:02:35,False,,True,False,730.62,13,668542340,train
668542308,730.51,18,13:02:36,False,,True,False,730.62,13,668542340,train
668542309,730.53,18,13:02:36,False,,True,False,730.62,13,668542340,train
668542310,730.53,18,13:02:37,False,,True,False,730.62,13,668542340,train
668542311,730.53,18,13:02:38,False,,True,False,730.62,13,668542340,train
668542312,730.51,18,13:02:39,False,,True,True,730.62,13,668542340,train
668542313,730.51,18,13:02:40,False,,True,True,730.62,13,668542340,train
668542314,730.51,18,13:02:41,False,,True,True,730.62,13,668542340,train
668542315,730.57,18,13:02:42,False,,True,True,730.62,13,668542340,train
668542316,730.55,18,13:02:43,False,,True,True,730.62,13,668542340,train
668542317,730.59,18,13:02:44,False,,True,True,730.61,13,668542340,train
668542318,730.57,18,13:02:45,False,,True,True,730.61,13,668542340,train
668542319,730.57,18,13:02:46,False,,True,True,730.61,13,668542340,train
668542320,730.61,18,13:02:47,False,,True,True,730.61,13,668542340,train
668542321,730.59,18,13:02:48,False,,True,True,730.61,13,668542340,train
668542322,730.59,18,13:02:49,False,,True,True,730.61,13,668542340,train
668542323,730.5,18,13:02:50,False,,True,True,730.61,13,668542340,train
668542324,730.54,18,13:02:51,False,,True,True,730.61,13,668542340,train
668542325,730.54,18,13:02:52,False,,True,True,730.61,13,668542340,train
668542326,730.54,18,13:02:53,False,,True,True,730.61,13,668542340,train
668542327,730.49,18,13:02:54,False,,True,True,730.61,13,668542340,train
668542328,730.42,18,13:02:55,False,,True,True,730.61,13,668542340,train
668542329,730.46,18,13:02:56,False,,True,True,730.61,13,668542340,train
668542330,730.44,18,13:02:57,False,,True,True,730.61,13,668542340,train
668542331,730.42,18,13:02:58,False,,True,True,730.61,13,668542340,train
668542332,730.42,18,13:02:59,False,,True,True,730.6,13,668542340,train
668551022,723.91,18,15:23:59,False,,True,False,724.13,14,668551101,train
668551023,723.86,18,15:24:00,False,,True,True,724.13,14,668551101,train
668551024,723.8,18,15:24:00,False,,True,True,724.13,14,668551101,train
668551025,723.84,18,15:24:01,False,,True,True,724.13,14,668551101,train
668551026,723.79,18,15:24:02,False,,True,True,724.13,14,668551101,train
668551027,723.81,18,15:24:03,False,,True,True,724.13,14,668551101,train
668551028,723.81,18,15:24:04,False,,True,True,724.13,14,668551101,train
668551029,723.82,18,15:24:05,False,,True,True,724.13,14,668551101,train
668551030,723.82,18,15:24:06,False,,True,True,724.13,14,668551101,train
668551031,723.82,18,15:24:07,False,,True,True,724.12,14,668551101,train
668551032,723.79,18,15:24:08,False,,True,True,724.12,14,668551101,train
668551033,723.77,18,15:24:09,False,,True,True,724.12,14,668551101,train
668551034,723.84,18,15:24:10,False,,True,True,724.12,14,668551101,train
668551035,723.82,18,15:24:11,False,,True,True,724.12,14,668551101,train
668551036,723.81,18,15:24:12,False,,True,True,724.12,14,668551101,train
668551037,723.73,18,15:24:13,False,,True,True,724.12,14,668551101,train
668551038,723.77,18,15:24:14,False,,True,True,724.12,14,668551101,train
668551039,723.77,18,15:24:15,False,,True,True,724.11,14,668551101,train
668551040,723.79,18,15:24:16,False,,True,True,724.11,14,668551101,train
668551041,723.79,18,15:24:17,False,,True,True,724.11,14,668551101,train
668551042,723.83,18,15:24:18,False,,True,True,724.11,14,668551101,train
668551043,723.79,18,15:24:19,False,,True,True,724.11,14,668551101,train
668551044,723.75,18,15:24:20,False,,True,True,724.11,14,668551101,train
668551045,723.79,18,15:24:21,False,,True,True,724.11,14,668551101,train
668551046,723.79,18,15:24:22,False,,True,True,724.11,14,668551101,train
668551047,723.75,18,15:24:23,False,,True,True,724.11,14,668551101,train
668551048,723.81,18,15:24:24,False,,True,True,724.1,14,668551101,train
668551049,723.83,18,15:24:25,False,,True,True,724.1,14,668551101,train
668551050,723.73,18,15:24:26,False,,True,True,724.1,14,668551101,train
668551051,723.79,18,15:24:27,False,,True,True,724.1,14,668551101,train
668551052,723.79,18,15:24:28,False,,True,True,724.1,14,668551101,train
668551053,723.75,18,15:24:29,False,,True,True,724.1,14,668551101,train
668551054,723.73,18,15:24:30,False,,True,True,724.1,14,668551101,train
668551055,723.79,18,15:24:31,False,,True,True,724.1,14,668551101,train
668551056,723.76,18,15:24:32,False,,True,True,724.09,14,668551101,train
668551057,723.77,18,15:24:33,False,,True,True,724.09,14,668551101,train
668551058,723.79,18,15:24:34,False,,True,True,724.09,14,668551101,train
668551059,723.81,18,15:24:35,False,,True,True,724.09,14,668551101,train
668551060,723.83,18,15:24:36,False,,True,True,724.09,14,668551101,train
668551061,723.76,18,15:24:37,False,,True,True,724.09,14,668551101,train
668551062,723.79,18,15:24:37,False,,True,True,724.09,14,668551101,train
668551063,723.76,18,15:24:38,False,,True,True,724.09,14,668551101,train
668551064,723.74,18,15:24:39,False,,True,True,724.09,14,668551101,train
668551065,723.74,18,15:24:40,False,,True,True,724.08,14,668551101,train
668551066,723.76,18,15:24:41,False,,True,True,724.08,14,668551101,train
668551067,723.78,18,15:24:42,False,,True,True,724.08,14,668551101,train
668551068,723.76,18,15:24:43,False,,True,True,724.08,14,668551101,train
668551069,723.76,18,15:24:44,False,,True,True,724.08,14,668551101,train
668551070,723.74,18,15:24:45,False,,True,True,724.08,14,668551101,train
668551071,723.72,18,15:24:46,False,,True,True,724.08,14,668551101,train
668551072,723.68,18,15:24:47,False,,True,True,724.08,14,668551101,train
668551073,723.68,18,15:24:48,False,,True,True,724.07,14,668551101,train
668551074,723.67,18,15:24:49,False,,True,True,724.07,14,668551101,train
668551075,723.63,18,15:24:50,False,,True,True,724.07,14,668551101,train
668551076,723.68,18,15:24:51,False,,True,True,724.07,14,668551101,train
668551077,723.65,18,15:24:52,False,,True,True,724.07,14,668551101,train
668551078,723.63,18,15:24:53,False,,True,True,724.07,14,668551101,train
668551079,723.63,18,15:24:54,False,,True,True,724.07,14,668551101,train
668551080,723.49,18,15:24:55,False,,True,True,724.06,14,668551101,train
668551081,723.56,18,15:24:56,False,,True,True,724.06,14,668551101,train
668555571,723.24,18,16:37:47,False,,True,True,723.34,15,668555682,train
668555572,723.27,18,16:37:48,False,,True,True,723.34,15,668555682,train
668555573,723.2,18,16:37:49,False,,True,True,723.34,15,668555682,train
668555574,723.18,18,16:37:50,False,,True,True,723.34,15,668555682,train
668555575,723.22,18,16:37:51,False,,True,True,723.34,15,668555682,train
668555576,723.22,18,16:37:52,False,,True,True,723.34,15,668555682,train
668555577,723.24,18,16:37:53,False,,True,True,723.34,15,668555682,train
668555578,723.22,18,16:37:54,False,,True,True,723.34,15,668555682,train
668555579,723.24,18,16:37:55,False,,True,True,723.34,15,668555682,train
668555580,723.24,18,16:37:56,False,,True,True,723.34,15,668555682,train
668555581,723.17,18,16:37:57,False,,True,True,723.34,15,668555682,train
668555582,723.22,18,16:37:58,False,,True,True,723.34,15,668555682,train
668555583,723.22,18,16:37:59,False,,True,True,723.34,15,668555682,train
668555584,723.22,18,16:38:00,False,,True,True,723.34,15,668555682,train
668555585,723.17,18,16:38:01,False,,True,True,723.34,15,668555682,train
668555586,723.22,18,16:38:02,False,,True,True,723.33,15,668555682,train
668555587,723.13,18,16:38:03,False,,True,True,723.33,15,668555682,train
668555588,723.19,18,16:38:04,False,,True,True,723.33,15,668555682,train
668555589,723.22,18,16:38:04,False,,True,True,723.33,15,668555682,train
668555590,723.17,18,16:38:05,False,,True,True,723.33,15,668555682,train
668555591,723.24,18,16:38:06,False,,True,True,723.33,15,668555682,train
668555592,723.26,18,16:38:07,False,,True,True,723.33,15,668555682,train
668555593,723.21,18,16:38:08,False,,True,True,723.33,15,668555682,train
668555594,723.19,18,16:38:09,False,,True,True,723.33,15,668555682,train
668555595,723.23,18,16:38:10,False,,True,True,723.33,15,668555682,train
668555596,723.25,18,16:38:11,False,,True,True,723.33,15,668555682,train
668555597,723.24,18,16:38:12,False,,True,True,723.33,15,668555682,train
668555598,723.21,18,16:38:13,False,,True,True,723.33,15,668555682,train
668555599,723.19,18,16:38:14,False,,True,True,723.33,15,668555682,train
668555600,723.19,18,16:38:15,False,,True,True,723.33,15,668555682,train
668555601,723.19,18,16:38:16,False,,True,True,723.33,15,668555682,train
668555602,723.24,18,16:38:17,False,,True,True,723.33,15,668555682,train
668555603,723.21,18,16:38:18,False,,True,True,723.33,15,668555682,train
668555604,723.21,18,16:38:19,False,,True,True,723.33,15,668555682,train
668555605,723.23,18,16:38:20,False,,True,True,723.33,15,668555682,train
668555606,723.23,18,16:38:21,False,,True,True,723.32,15,668555682,train
668555607,723.21,18,16:38:22,False,,True,True,723.32,15,668555682,train
668555608,723.21,18,16:38:23,False,,True,True,723.32,15,668555682,train
668555609,723.19,18,16:38:24,False,,True,True,723.32,15,668555682,train
668555610,723.18,18,16:38:25,False,,True,True,723.32,15,668555682,train
668555611,723.16,18,16:38:26,False,,True,True,723.32,15,668555682,train
668555612,723.23,18,16:38:27,False,,True,True,723.32,15,668555682,train
668555613,723.18,18,16:38:28,False,,True,True,723.32,15,668555682,train
668555614,723.22,18,16:38:29,False,,True,True,723.32,15,668555682,train
668555615,723.12,18,16:38:30,False,,True,True,723.32,15,668555682,train
668555616,723.11,18,16:38:31,False,,True,True,723.32,15,668555682,train
668555617,723.25,18,16:38:32,False,,True,True,723.32,15,668555682,train
668555618,723.2,18,16:38:33,False,,True,True,723.32,15,668555682,train
668555619,723.16,18,16:38:34,False,,True,True,723.32,15,668555682,train
668555620,723.09,18,16:38:35,False,,True,True,723.32,15,668555682,train
668555621,723.2,18,16:38:36,False,,True,True,723.32,15,668555682,train
668555622,723.18,18,16:38:37,False,,True,True,723.32,15,668555682,train
668555623,723.2,18,16:38:38,False,,True,True,723.32,15,668555682,train
668555624,723.18,18,16:38:39,False,,True,True,723.31,15,668555682,train
668555625,723.16,18,16:38:40,False,,True,True,723.31,15,668555682,train
668555626,723.11,18,16:38:41,False,,True,True,723.31,15,668555682,train
668555627,723.04,18,16:38:41,False,,True,True,723.31,15,668555682,train
668555628,723.02,18,16:38:42,False,,True,True,723.31,15,668555682,train
668555629,723.06,18,16:38:43,False,,True,True,723.31,15,668555682,train
668555630,722.99,18,16:38:44,False,,True,True,723.31,15,668555682,train
668556045,722.93,18,16:45:28,False,,True,False,723.07,16,668556124,train
668556046,722.9,18,16:45:29,False,,True,False,723.07,16,668556124,train
668556047,722.87,18,16:45:30,False,,True,False,723.07,16,668556124,train
668556048,722.94,18,16:45:31,False,,True,True,723.07,16,668556124,train
668556049,722.98,18,16:45:32,False,,True,True,723.07,16,668556124,train
668556050,722.94,18,16:45:33,False,,True,True,723.07,16,668556124,train
668556051,722.96,18,16:45:34,False,,True,True,723.07,16,668556124,train
668556052,722.88,18,16:45:35,False,,True,True,723.07,16,668556124,train
668556053,722.95,18,16:45:36,False,,True,True,723.07,16,668556124,train
668556054,723.03,18,16:45:37,False,,True,True,723.07,16,668556124,train
668556055,723.04,18,16:45:38,False,,True,True,723.07,16,668556124,train
668556056,723.02,18,16:45:39,False,,True,True,723.06,16,668556124,train
668556057,723.0,18,16:45:40,False,,True,True,723.06,16,668556124,train
668556058,722.96,18,16:45:41,False,,True,True,723.06,16,668556124,train
668556059,723.05,18,16:45:42,False,,True,True,723.06,16,668556124,train
668556060,723.09,18,16:45:43,False,,True,True,723.06,16,668556124,train
668556061,723.07,18,16:45:44,False,,True,True,723.06,16,668556124,train
668556062,723.03,18,16:45:45,False,,True,True,723.06,16,668556124,train
668556063,723.04,18,16:45:46,False,,True,True,723.06,16,668556124,train
668556064,723.05,18,16:45:47,False,,True,True,723.06,16,668556124,train
668556065,723.08,18,16:45:48,False,,True,True,723.06,16,668556124,train
668556066,723.06,18,16:45:49,False,,True,True,723.06,16,668556124,train
668556067,723.04,18,16:45:50,False,,True,True,723.06,16,668556124,train
668556068,723.06,18,16:45:51,False,,True,True,723.06,16,668556124,train
668556069,722.95,18,16:45:52,False,,True,True,723.06,16,668556124,train
668556070,722.95,18,16:45:53,False,,True,True,723.06,16,668556124,train
668556071,722.95,18,16:45:54,False,,True,True,723.06,16,668556124,train
668556072,722.99,18,16:45:55,False,,True,True,723.06,16,668556124,train
668556073,722.97,18,16:45:56,False,,True,True,723.06,16,668556124,train
668556074,722.97,18,16:45:57,False,,True,True,723.06,16,668556124,train
668556075,722.99,18,16:45:58,False,,True,True,723.06,16,668556124,train
668556076,722.97,18,16:45:59,False,,True,True,723.06,16,668556124,train
668556077,722.97,18,16:46:00,False,,True,True,723.06,16,668556124,train
668556078,722.97,18,16:46:01,False,,True,True,723.06,16,668556124,train
668556079,722.97,18,16:46:01,False,,True,True,723.05,16,668556124,train
668556080,722.95,18,16:46:02,False,,True,True,723.05,16,668556124,train
668556081,722.97,18,16:46:03,False,,True,True,723.05,16,668556124,train
668556082,722.95,18,16:46:04,False,,True,True,723.05,16,668556124,train
668556083,722.97,18,16:46:05,False,,True,True,723.05,16,668556124,train
668556084,722.94,18,16:46:06,False,,True,True,723.05,16,668556124,train
668556085,722.97,18,16:46:07,False,,True,True,723.05,16,668556124,train
668556086,722.95,18,16:46:08,False,,True,True,723.05,16,668556124,train
668556087,722.9,18,16:46:09,False,,True,True,723.05,16,668556124,train
668556088,723.03,18,16:46:10,False,,True,True,723.05,16,668556124,train
668556089,722.95,18,16:46:11,False,,True,True,723.05,16,668556124,train
668556090,722.97,18,16:46:12,False,,True,True,723.05,16,668556124,train
668556091,722.96,18,16:46:13,False,,True,True,723.05,16,668556124,train
668556092,722.9,18,16:46:14,False,,True,True,723.05,16,668556124,train
668556093,722.9,18,16:46:15,False,,True,True,723.05,16,668556124,train
668556094,722.92,18,16:46:16,False,,True,True,723.05,16,668556124,train
668556095,722.83,18,16:46:17,False,,True,True,723.05,16,668556124,train
668556096,722.87,18,16:46:18,False,,True,True,723.05,16,668556124,train
668556097,722.92,18,16:46:19,False,,True,True,723.04,16,668556124,train
668556098,722.9,18,16:46:20,False,,True,True,723.04,16,668556124,train
668556099,722.96,18,16:46:21,False,,True,True,723.04,16,668556124,train
668556100,722.92,18,16:46:22,False,,True,True,723.04,16,668556124,train
668556101,722.94,18,16:46:23,False,,True,True,723.04,16,668556124,train
668556102,722.88,18,16:46:24,False,,True,True,723.04,16,668556124,train
668556103,722.87,18,16:46:25,False,,True,True,723.04,16,668556124,train
668556104,722.9,18,16:46:26,False,,True,True,723.04,16,668556124,train
668557399,722.92,18,17:07:27,False,,True,True,722.94,17,668557517,train
668557400,722.82,18,17:07:27,False,,True,True,722.94,17,668557517,train
668557401,722.88,18,17:07:28,False,,True,True,722.94,17,668557517,train
668557402,722.9,18,17:07:29,False,,True,True,722.94,17,668557517,train
668557403,722.88,18,17:07:30,False,,True,True,722.94,17,668557517,train
668557404,722.9,18,17:07:31,False,,True,True,722.94,17,668557517,train
668557405,722.91,18,17:07:32,False,,True,True,722.94,17,668557517,train
668557406,722.84,18,17:07:33,False,,True,True,722.94,17,668557517,train
668557407,722.89,18,17:07:34,False,,True,True,722.94,17,668557517,train
668557408,722.87,18,17:07:35,False,,True,True,722.94,17,668557517,train
668557409,722.91,18,17:07:36,False,,True,True,722.94,17,668557517,train
668557410,722.89,18,17:07:37,False,,True,True,722.94,17,668557517,train
668557411,722.85,18,17:07:38,False,,True,True,722.94,17,668557517,train
668557412,722.85,18,17:07:39,False,,True,True,722.94,17,668557517,train
668557413,722.83,18,17:07:40,False,,True,True,722.94,17,668557517,train
668557414,722.83,18,17:07:41,False,,True,True,722.94,17,668557517,train
668557415,722.8,18,17:07:42,False,,True,True,722.94,17,668557517,train
668557416,722.89,18,17:07:43,False,,True,True,722.94,17,668557517,train
668557417,722.94,18,17:07:44,False,,True,True,722.94,17,668557517,train
668557418,722.85,18,17:07:45,False,,True,True,722.94,17,668557517,train
668557419,722.83,18,17:07:46,False,,True,True,722.94,17,668557517,train
668557420,722.81,18,17:07:47,False,,True,True,722.94,17,668557517,train
668557421,722.81,18,17:07:48,False,,True,True,722.94,17,668557517,train
668557422,722.85,18,17:07:49,False,,True,True,722.94,17,668557517,train
668557423,722.79,18,17:07:50,False,,True,True,722.94,17,668557517,train
668557424,722.88,18,17:07:51,False,,True,True,722.94,17,668557517,train
668557425,722.84,18,17:07:52,False,,True,True,722.94,17,668557517,train
668557426,722.88,18,17:07:53,False,,True,True,722.94,17,668557517,train
668557427,722.88,18,17:07:54,False,,True,True,722.94,17,668557517,train
668557428,722.81,18,17:07:55,False,,True,True,722.94,17,668557517,train
668557429,722.86,18,17:07:56,False,,True,True,722.93,17,668557517,train
668557430,722.88,18,17:07:57,False,,True,True,722.93,17,668557517,train
668557431,722.82,18,17:07:58,False,,True,True,722.93,17,668557517,train
668557432,722.8,18,17:07:59,False,,True,True,722.93,17,668557517,train
668557433,722.84,18,17:08:00,False,,True,True,722.93,17,668557517,train
668557434,722.93,18,17:08:01,False,,True,True,722.93,17,668557517,train
668557435,722.89,18,17:08:02,False,,True,True,722.93,17,668557517,train
668557436,722.91,18,17:08:03,False,,True,True,722.93,17,668557517,train
668557437,722.96,18,17:08:03,False,,True,True,722.93,17,668557517,train
668557438,722.92,18,17:08:04,False,,True,True,722.93,17,668557517,train
668557439,722.92,18,17:08:05,False,,True,True,722.94,17,668557517,train
668557440,722.8,18,17:08:06,False,,True,True,722.94,17,668557517,train
668557441,722.78,18,17:08:07,False,,True,True,722.93,17,668557517,train
668557442,722.81,18,17:08:08,False,,True,True,722.93,17,668557517,train
668557443,722.96,18,17:08:09,False,,True,True,722.93,17,668557517,train
668557444,722.92,18,17:08:10,False,,True,True,722.93,17,668557517,train
668557445,722.87,18,17:08:11,False,,True,True,722.93,17,668557517,train
668557446,722.88,18,17:08:12,False,,True,True,722.93,17,668557517,train
668557447,722.92,18,17:08:13,False,,True,True,722.93,17,668557517,train
668557448,722.92,18,17:08:14,False,,True,True,722.93,17,668557517,train
668557449,722.92,18,17:08:15,False,,True,True,722.93,17,668557517,train
668557450,722.91,18,17:08:16,False,,True,True,722.93,17,668557517,train
668557451,722.79,18,17:08:17,False,,True,True,722.93,17,668557517,train
668557452,722.79,18,17:08:18,False,,True,True,722.93,17,668557517,train
668557453,722.77,18,17:08:19,False,,True,True,722.93,17,668557517,train
668557454,722.75,18,17:08:20,False,,True,True,722.93,17,668557517,train
668557455,722.8,18,17:08:21,False,,True,True,722.93,17,668557517,train
668557456,722.8,18,17:08:22,False,,True,True,722.93,17,668557517,train
668557457,722.82,18,17:08:23,False,,True,True,722.93,17,668557517,train
668557458,722.78,18,17:08:24,False,,True,True,722.93,17,668557517,train
668716779,732.79,20,12:13:22,False,,True,False,732.85,18,668716847,train
668716780,732.74,20,12:13:23,False,,True,False,732.85,18,668716847,train
668716781,732.65,20,12:13:24,False,,True,False,732.85,18,668716847,train
668716782,732.56,20,12:13:25,False,,True,False,732.84,18,668716847,train
668716783,732.67,20,12:13:26,False,,True,False,732.84,18,668716847,train
668716784,732.74,20,12:13:27,False,,True,False,732.84,18,668716847,train
668716785,732.76,20,12:13:28,False,,True,False,732.84,18,668716847,train
668716786,732.78,20,12:13:29,False,,True,False,732.84,18,668716847,train
668716787,732.78,20,12:13:30,False,,True,False,732.84,18,668716847,train
668716788,732.82,20,12:13:31,False,,True,False,732.84,18,668716847,train
668716789,732.8,20,12:13:32,False,,True,False,732.84,18,668716847,train
668716790,732.8,20,12:13:33,False,,True,False,732.84,18,668716847,train
668716791,732.8,20,12:13:34,False,,True,False,732.84,18,668716847,train
668716792,732.8,20,12:13:35,False,,True,False,732.84,18,668716847,train
668716793,732.82,20,12:13:36,False,,True,False,732.84,18,668716847,train
668716794,732.84,20,12:13:37,False,,True,False,732.84,18,668716847,train
668716795,732.86,20,12:13:37,False,,True,False,732.84,18,668716847,train
668716796,732.91,20,12:13:38,False,,True,False,732.84,18,668716847,train
668716797,732.91,20,12:13:39,False,,True,False,732.84,18,668716847,train
668716798,732.93,20,12:13:40,False,,True,False,732.84,18,668716847,train
668716799,733.0,20,12:13:41,False,,True,False,732.84,18,668716847,train
668716800,732.95,20,12:13:42,False,,True,False,732.84,18,668716847,train
668716801,732.91,20,12:13:43,False,,True,False,732.84,18,668716847,train
668716802,732.99,20,12:13:44,False,,True,False,732.84,18,668716847,train
668716803,732.93,20,12:13:45,False,,True,False,732.84,18,668716847,train
668716804,732.95,20,12:13:46,False,,True,False,732.84,18,668716847,train
668716805,732.95,20,12:13:47,False,,True,False,732.84,18,668716847,train
668716806,732.92,20,12:13:48,False,,True,False,732.84,18,668716847,train
668716807,732.94,20,12:13:49,False,,True,False,732.84,18,668716847,train
668716808,732.9,20,12:13:50,False,,True,False,732.84,18,668716847,train
668716809,732.88,20,12:13:51,False,,True,False,732.84,18,668716847,train
668716810,732.88,20,12:13:52,False,,True,False,732.84,18,668716847,train
668716811,732.92,20,12:13:53,False,,True,False,732.84,18,668716847,train
668716812,732.9,20,12:13:54,False,,True,False,732.84,18,668716847,train
668716813,732.94,20,12:13:55,False,,True,True,732.85,18,668716847,train
668716814,732.9,20,12:13:56,False,,True,True,732.84,18,668716847,train
668716815,732.92,20,12:13:57,False,,True,True,732.84,18,668716847,train
668716816,732.92,20,12:13:58,False,,True,True,732.85,18,668716847,train
668716817,732.92,20,12:13:59,False,,True,True,732.84,18,668716847,train
668716818,732.89,20,12:14:00,False,,True,True,732.84,18,668716847,train
668716819,732.91,20,12:14:01,False,,True,True,732.84,18,668716847,train
668716820,732.91,20,12:14:02,False,,True,True,732.84,18,668716847,train
668716821,732.91,20,12:14:03,False,,True,True,732.84,18,668716847,train
668716822,732.87,20,12:14:04,False,,True,True,732.84,18,668716847,train
668716823,732.85,20,12:14:05,False,,True,True,732.84,18,668716847,train
668716824,732.89,20,12:14:06,False,,True,True,732.84,18,668716847,train
668716825,732.8,20,12:14:07,False,,True,True,732.84,18,668716847,train
668716826,732.82,20,12:14:08,False,,True,True,732.84,18,668716847,train
668716827,732.84,20,12:14:09,False,,True,True,732.84,18,668716847,train
668716828,732.8,20,12:14:10,False,,True,True,732.84,18,668716847,train
668716829,732.75,20,12:14:11,False,,True,True,732.84,18,668716847,train
668716830,732.79,20,12:14:12,False,,True,True,732.84,18,668716847,train
668716831,732.77,20,12:14:13,False,,True,True,732.84,18,668716847,train
668716832,732.81,20,12:14:14,False,,True,True,732.84,18,668716847,train
668716833,732.77,20,12:14:14,False,,True,True,732.84,18,668716847,train
668716834,732.72,20,12:14:15,False,,True,True,732.84,18,668716847,train
668716835,732.72,20,12:14:16,False,,True,True,732.84,18,668716847,train
668716836,732.7,20,12:14:17,False,,True,True,732.84,18,668716847,train
668716837,732.68,20,12:14:18,False,,True,True,732.84,18,668716847,train
668716838,732.67,20,12:14:19,False,,True,True,732.84,18,668716847,train
668723613,729.45,20,14:04:15,False,,True,True,729.73,19,668723694,train
668723614,729.47,20,14:04:16,False,,True,True,729.73,19,668723694,train
668723615,729.44,20,14:04:17,False,,True,True,729.73,19,668723694,train
668723616,729.44,20,14:04:18,False,,True,True,729.72,19,668723694,train
668723617,729.51,20,14:04:19,False,,True,True,729.72,19,668723694,train
668723618,729.44,20,14:04:20,False,,True,True,729.72,19,668723694,train
668723619,729.44,20,14:04:21,False,,True,True,729.72,19,668723694,train
668723620,729.46,20,14:04:22,False,,True,True,729.72,19,668723694,train
668723621,729.46,20,14:04:23,False,,True,True,729.72,19,668723694,train
668723622,729.46,20,14:04:24,False,,True,True,729.72,19,668723694,train
668723623,729.45,20,14:04:25,False,,True,True,729.72,19,668723694,train
668723624,729.46,20,14:04:25,False,,True,True,729.71,19,668723694,train
668723625,729.5,20,14:04:26,False,,True,True,729.71,19,668723694,train
668723626,729.34,20,14:04:27,False,,True,True,729.71,19,668723694,train
668723627,729.36,20,14:04:28,False,,True,True,729.71,19,668723694,train
668723628,729.36,20,14:04:29,False,,True,True,729.71,19,668723694,train
668723629,729.34,20,14:04:30,False,,True,True,729.71,19,668723694,train
668723630,729.41,20,14:04:31,False,,True,True,729.71,19,668723694,train
668723631,729.36,20,14:04:32,False,,True,True,729.71,19,668723694,train
668723632,729.36,20,14:04:33,False,,True,True,729.7,19,668723694,train
668723633,729.38,20,14:04:34,False,,True,True,729.7,19,668723694,train
668723634,729.33,20,14:04:35,False,,True,True,729.7,19,668723694,train
668723635,729.33,20,14:04:36,False,,True,True,729.7,19,668723694,train
668723636,729.31,20,14:04:37,False,,True,True,729.7,19,668723694,train
668723637,729.31,20,14:04:38,False,,True,True,729.7,19,668723694,train
668723638,729.35,20,14:04:39,False,,True,True,729.7,19,668723694,train
668723639,729.35,20,14:04:40,False,,True,True,729.7,19,668723694,train
668723640,729.3,20,14:04:41,False,,True,True,729.69,19,668723694,train
668723641,729.35,20,14:04:42,False,,True,True,729.69,19,668723694,train
668723642,729.31,20,14:04:43,False,,True,True,729.69,19,668723694,train
668723643,729.3,20,14:04:44,False,,True,True,729.69,19,668723694,train
668723644,729.3,20,14:04:45,False,,True,True,729.69,19,668723694,train
668723645,729.3,20,14:04:46,False,,True,True,729.69,19,668723694,train
668723646,729.3,20,14:04:47,False,,True,True,729.69,19,668723694,train
668723647,729.34,20,14:04:48,False,,True,True,729.69,19,668723694,train
668723648,729.29,20,14:04:49,False,,True,True,729.68,19,668723694,train
668723649,729.29,20,14:04:50,False,,True,True,729.68,19,668723694,train
668723650,729.34,20,14:04:51,False,,True,True,729.68,19,668723694,train
668723651,729.22,20,14:04:52,False,,True,True,729.68,19,668723694,train
668723652,729.29,20,14:04:53,False,,True,True,729.68,19,668723694,train
668723653,729.25,20,14:04:54,False,,True,True,729.68,19,668723694,train
668723654,729.27,20,14:04:55,False,,True,True,729.68,19,668723694,train
668723655,729.31,20,14:04:56,False,,True,True,729.68,19,668723694,train
668723656,729.27,20,14:04:57,False,,True,True,729.67,19,668723694,train
668723657,729.18,20,14:04:58,False,,True,True,729.67,19,668723694,train
668723658,729.26,20,14:04:59,False,,True,True,729.67,19,668723694,train
668723659,729.26,20,14:05:00,False,,True,True,729.67,19,668723694,train
668723660,729.26,20,14:05:01,False,,True,True,729.67,19,668723694,train
668723661,729.24,20,14:05:02,False,,True,True,729.67,19,668723694,train
668723662,729.26,20,14:05:02,False,,True,True,729.67,19,668723694,train
668723663,729.26,20,14:05:03,False,,True,True,729.67,19,668723694,train
668723664,729.24,20,14:05:04,False,,True,True,729.66,19,668723694,train
668723665,729.19,20,14:05:05,False,,True,True,729.66,19,668723694,train
668723666,729.21,20,14:05:06,False,,True,True,729.66,19,668723694,train
668723667,729.19,20,14:05:07,False,,True,True,729.66,19,668723694,train
668723668,729.25,20,14:05:08,False,,True,True,729.66,19,668723694,train
668723669,729.21,20,14:05:09,False,,True,True,729.66,19,668723694,train
668723670,729.19,20,14:05:10,False,,True,True,729.65,19,668723694,train
668723671,729.23,20,14:05:11,False,,True,True,729.65,19,668723694,train
668723672,729.2,20,14:05:12,False,,True,True,729.65,19,668723694,train
668801708,731.59,21,11:11:20,False,,True,True,731.7,20,668801790,train
668801709,731.68,21,11:11:21,False,,True,True,731.7,20,668801790,train
668801710,731.62,21,11:11:22,False,,True,True,731.7,20,668801790,train
668801711,731.65,21,11:11:23,False,,True,True,731.7,20,668801790,train
668801712,731.68,21,11:11:24,False,,True,True,731.7,20,668801790,train
668801713,731.59,21,11:11:25,False,,True,True,731.7,20,668801790,train
668801714,731.63,21,11:11:26,False,,True,True,731.7,20,668801790,train
668801715,731.58,21,11:11:27,False,,True,True,731.7,20,668801790,train
668801716,731.58,21,11:11:28,False,,True,True,731.7,20,668801790,train
668801717,731.69,21,11:11:29,False,,True,True,731.71,20,668801790,train
668801718,731.65,21,11:11:30,False,,True,True,731.71,20,668801790,train
668801719,731.69,21,11:11:31,False,,True,True,731.71,20,668801790,train
668801720,731.64,21,11:11:32,False,,True,True,731.71,20,668801790,train
668801721,731.62,21,11:11:32,False,,True,True,731.71,20,668801790,train
668801722,731.55,21,11:11:33,False,,True,True,731.71,20,668801790,train
668801723,731.66,21,11:11:34,False,,True,True,731.71,20,668801790,train
668801724,731.68,21,11:11:35,False,,True,True,731.71,20,668801790,train
668801725,731.66,21,11:11:36,False,,True,True,731.71,20,668801790,train
668801726,731.64,21,11:11:37,False,,True,True,731.71,20,668801790,train
668801727,731.61,21,11:11:38,False,,True,True,731.71,20,668801790,train
668801728,731.61,21,11:11:39,False,,True,True,731.71,20,668801790,train
668801729,731.63,21,11:11:40,False,,True,True,731.71,20,668801790,train
668801730,731.63,21,11:11:41,False,,True,True,731.71,20,668801790,train
668801731,731.63,21,11:11:42,False,,True,True,731.71,20,668801790,train
668801732,731.67,21,11:11:43,False,,True,True,731.71,20,668801790,train
668801733,731.67,21,11:11:44,False,,True,True,731.71,20,668801790,train
668801734,731.65,21,11:11:45,False,,True,True,731.71,20,668801790,train
668801735,731.67,21,11:11:46,False,,True,True,731.71,20,668801790,train
668801736,731.62,21,11:11:47,False,,True,True,731.71,20,668801790,train
668801737,731.67,21,11:11:48,False,,True,True,731.71,20,668801790,train
668801738,731.69,21,11:11:49,False,,True,True,731.71,20,668801790,train
668801739,731.71,21,11:11:50,False,,True,True,731.71,20,668801790,train
668801740,731.68,21,11:11:51,False,,True,True,731.71,20,668801790,train
668801741,731.71,21,11:11:52,False,,True,True,731.71,20,668801790,train
668801742,731.71,21,11:11:53,False,,True,True,731.71,20,668801790,train
668801743,731.77,21,11:11:54,False,,True,True,731.71,20,668801790,train
668801744,731.72,21,11:11:55,False,,True,True,731.71,20,668801790,train
668801745,731.68,21,11:11:56,False,,True,True,731.71,20,668801790,train
668801746,731.7,21,11:11:57,False,,True,True,731.71,20,668801790,train
668801747,731.72,21,11:11:58,False,,True,True,731.71,20,668801790,train
668801748,731.65,21,11:11:59,False,,True,True,731.71,20,668801790,train
668801749,731.6,21,11:12:00,False,,True,True,731.71,20,668801790,train
668801750,731.56,21,11:12:01,False,,True,True,731.71,20,668801790,train
668801751,731.53,21,11:12:02,False,,True,True,731.71,20,668801790,train
668801752,731.6,21,11:12:03,False,,True,True,731.71,20,668801790,train
668801753,731.62,21,11:12:04,False,,True,True,731.71,20,668801790,train
668801754,731.55,21,11:12:05,False,,True,True,731.71,20,668801790,train
668801755,731.53,21,11:12:06,False,,True,True,731.7,20,668801790,train
668801756,731.55,21,11:12:07,False,,True,True,731.7,20,668801790,train
668801757,731.41,21,11:12:08,False,,True,True,731.7,20,668801790,train
668801758,731.43,21,11:12:09,False,,True,True,731.7,20,668801790,train
668801759,731.45,21,11:12:09,False,,True,True,731.7,20,668801790,train
668801760,731.43,21,11:12:10,False,,True,True,731.7,20,668801790,train
668801761,731.43,21,11:12:11,False,,True,True,731.7,20,668801790,train
668801762,731.43,21,11:12:12,False,,True,True,731.7,20,668801790,train
668801763,731.43,21,11:12:13,False,,True,True,731.7,20,668801790,train
668801764,731.4,21,11:12:14,False,,True,True,731.7,20,668801790,train
668801765,731.43,21,11:12:15,False,,True,True,731.7,20,668801790,train
668801766,731.43,21,11:12:16,False,,True,True,731.7,20,668801790,train
668801767,731.49,21,11:12:17,False,,True,True,731.7,20,668801790,train
668808866,731.64,21,13:07:28,False,,True,False,731.74,21,668808927,train
668808867,731.63,21,13:07:29,False,,True,False,731.74,21,668808927,train
668808868,731.7,21,13:07:30,False,,True,False,731.74,21,668808927,train
668808869,731.65,21,13:07:31,False,,True,False,731.74,21,668808927,train
668808870,731.68,21,13:07:32,False,,True,False,731.73,21,668808927,train
668808871,731.63,21,13:07:33,False,,True,False,731.73,21,668808927,train
668808872,731.61,21,13:07:34,False,,True,False,731.73,21,668808927,train
668808873,731.58,21,13:07:35,False,,True,False,731.73,21,668808927,train
668808874,731.58,21,13:07:36,False,,True,False,731.73,21,668808927,train
668808875,731.56,21,13:07:37,False,,True,False,731.73,21,668808927,train
668808876,731.6,21,13:07:38,False,,True,False,731.73,21,668808927,train
668808877,731.62,21,13:07:39,False,,True,False,731.73,21,668808927,train
668808878,731.6,21,13:07:40,False,,True,False,731.73,21,668808927,train
668808879,731.6,21,13:07:41,False,,True,False,731.73,21,668808927,train
668808880,731.59,21,13:07:42,False,,True,False,731.73,21,668808927,train
668808881,731.59,21,13:07:43,False,,True,False,731.73,21,668808927,train
668808882,731.56,21,13:07:44,False,,True,False,731.73,21,668808927,train
668808883,731.64,21,13:07:45,False,,True,False,731.73,21,668808927,train
668808884,731.61,21,13:07:46,False,,True,False,731.73,21,668808927,train
668808885,731.59,21,13:07:47,False,,True,False,731.73,21,668808927,train
668808886,731.55,21,13:07:48,False,,True,False,731.73,21,668808927,train
668808887,731.61,21,13:07:49,False,,True,False,731.73,21,668808927,train
668808888,731.63,21,13:07:50,False,,True,False,731.72,21,668808927,train
668808889,731.61,21,13:07:51,False,,True,False,731.72,21,668808927,train
668808890,731.58,21,13:07:51,False,,True,False,731.72,21,668808927,train
668808891,731.6,21,13:07:52,False,,True,False,731.72,21,668808927,train
668808892,731.6,21,13:07:53,False,,True,False,731.72,21,668808927,train
668808893,731.65,21,13:07:54,False,,True,False,731.72,21,668808927,train
668808894,731.63,21,13:07:55,False,,True,False,731.72,21,668808927,train
668808895,731.66,21,13:07:56,False,,True,False,731.72,21,668808927,train
668808896,731.68,21,13:07:57,False,,True,False,731.72,21,668808927,train
668808897,731.69,21,13:07:58,False,,True,False,731.72,21,668808927,train
668808898,731.66,21,13:07:59,False,,True,False,731.72,21,668808927,train
668808899,731.73,21,13:08:00,False,,True,False,731.72,21,668808927,train
668808900,731.77,21,13:08:01,False,,True,False,731.72,21,668808927,train
668808901,731.75,21,13:08:02,False,,True,False,731.72,21,668808927,train
668808902,731.72,21,13:08:03,False,,True,False,731.72,21,668808927,train
668808903,731.74,21,13:08:04,False,,True,False,731.72,21,668808927,train
668808904,731.79,21,13:08:05,False,,True,False,731.72,21,668808927,train
668808905,731.76,21,13:08:06,False,,True,False,731.72,21,668808927,train
668808906,731.83,21,13:08:07,False,,True,False,731.72,21,668808927,train
668808907,731.77,21,13:08:08,False,,True,False,731.72,21,668808927,train
668808908,731.8,21,13:08:09,False,,True,False,731.72,21,668808927,train
668808909,731.78,21,13:08:10,False,,True,False,731.72,21,668808927,train
668808910,731.76,21,13:08:11,False,,True,False,731.72,21,668808927,train
668808911,731.83,21,13:08:12,False,,True,False,731.72,21,668808927,train
668808912,731.83,21,13:08:13,False,,True,False,731.72,21,668808927,train
668808913,731.83,21,13:08:14,False,,True,False,731.72,21,668808927,train
668808914,731.89,21,13:08:15,False,,True,False,731.72,21,668808927,train
668808915,731.82,21,13:08:16,False,,True,False,731.72,21,668808927,train
668808916,731.82,21,13:08:17,False,,True,False,731.72,21,668808927,train
668808917,731.78,21,13:08:18,False,,True,False,731.72,21,668808927,train
668808918,731.77,21,13:08:19,False,,True,False,731.72,21,668808927,train
668808919,731.77,21,13:08:20,False,,True,False,731.72,21,668808927,train
668808920,731.66,21,13:08:21,False,,True,False,731.72,21,668808927,train
668808921,731.61,21,13:08:22,False,,True,True,731.72,21,668808927,train
668808922,731.52,21,13:08:23,False,,True,True,731.72,21,668808927,train
668808923,731.29,21,13:08:24,False,,True,True,731.72,21,668808927,train
668808924,730.75,21,13:08:25,False,,True,True,731.72,21,668808927,train
668808925,730.01,21,13:08:26,False,,True,True,731.71,21,668808927,train
668810444,731.08,21,13:33:04,False,,True,True,731.28,22,668810541,train
668810445,731.06,21,13:33:05,False,,True,True,731.28,22,668810541,train
668810446,731.06,21,13:33:06,False,,True,True,731.28,22,668810541,train
668810447,731.05,21,13:33:07,False,,True,True,731.28,22,668810541,train
668810448,731.05,21,13:33:08,False,,True,True,731.28,22,668810541,train
668810449,731.05,21,13:33:09,False,,True,True,731.27,22,668810541,train
668810450,731.05,21,13:33:10,False,,True,True,731.27,22,668810541,train
668810451,731.05,21,13:33:11,False,,True,True,731.27,22,668810541,train
668810452,731.04,21,13:33:12,False,,True,True,731.27,22,668810541,train
668810453,731.05,21,13:33:13,False,,True,True,731.27,22,668810541,train
668810454,731.02,21,13:33:14,False,,True,True,731.27,22,668810541,train
668810455,730.98,21,13:33:15,False,,True,True,731.27,22,668810541,train
668810456,731.02,21,13:33:16,False,,True,True,731.27,22,668810541,train
668810457,731.04,21,13:33:17,False,,True,True,731.27,22,668810541,train
668810458,731.02,21,13:33:18,False,,True,True,731.27,22,668810541,train
668810459,731.04,21,13:33:19,False,,True,True,731.27,22,668810541,train
668810460,731.08,21,13:33:20,False,,True,True,731.27,22,668810541,train
668810461,731.04,21,13:33:21,False,,True,True,731.27,22,668810541,train
668810462,731.04,21,13:33:22,False,,True,True,731.27,22,668810541,train
668810463,731.01,21,13:33:23,False,,True,True,731.27,22,668810541,train
668810464,731.01,21,13:33:24,False,,True,True,731.27,22,668810541,train
668810465,730.95,21,13:33:25,False,,True,True,731.27,22,668810541,train
668810466,731.03,21,13:33:26,False,,True,True,731.27,22,668810541,train
668810467,731.03,21,13:33:27,False,,True,True,731.26,22,668810541,train
668810468,730.96,21,13:33:28,False,,True,True,731.26,22,668810541,train
668810469,730.99,21,13:33:29,False,,True,True,731.26,22,668810541,train
668810470,731.0,21,13:33:30,False,,True,True,731.26,22,668810541,train
668810471,730.98,21,13:33:31,False,,True,True,731.26,22,668810541,train
668810472,730.96,21,13:33:32,False,,True,True,731.26,22,668810541,train
668810473,731.0,21,13:33:33,False,,True,True,731.26,22,668810541,train
668810474,731.0,21,13:33:33,False,,True,True,731.26,22,668810541,train
668810475,730.97,21,13:33:34,False,,True,True,731.26,22,668810541,train
668810476,730.93,21,13:33:35,False,,True,True,731.26,22,668810541,train
668810477,730.97,21,13:33:36,False,,True,True,731.26,22,668810541,train
668810478,730.95,21,13:33:37,False,,True,True,731.26,22,668810541,train
668810479,730.95,21,13:33:38,False,,True,True,731.26,22,668810541,train
668810480,730.94,21,13:33:39,False,,True,True,731.26,22,668810541,train
668810481,730.94,21,13:33:40,False,,True,True,731.26,22,668810541,train
668810482,730.97,21,13:33:41,False,,True,True,731.25,22,668810541,train
668810483,730.9,21,13:33:42,False,,True,True,731.25,22,668810541,train
668810484,730.88,21,13:33:43,False,,True,True,731.25,22,668810541,train
668810485,730.87,21,13:33:44,False,,True,True,731.25,22,668810541,train
668810486,730.89,21,13:33:45,False,,True,True,731.25,22,668810541,train
668810487,730.83,21,13:33:46,False,,True,True,731.25,22,668810541,train
668810488,730.87,21,13:33:47,False,,True,True,731.25,22,668810541,train
668810489,730.84,21,13:33:48,False,,True,True,731.25,22,668810541,train
668810490,730.84,21,13:33:49,False,,True,True,731.25,22,668810541,train
668810491,730.85,21,13:33:50,False,,True,True,731.25,22,668810541,train
668810492,730.84,21,13:33:51,False,,True,True,731.25,22,668810541,train
668810493,730.8,21,13:33:52,False,,True,True,731.24,22,668810541,train
668810494,730.8,21,13:33:53,False,,True,True,731.24,22,668810541,train
668810495,730.79,21,13:33:54,False,,True,True,731.24,22,668810541,train
668810496,730.75,21,13:33:55,False,,True,True,731.24,22,668810541,train
668810497,730.79,21,13:33:56,False,,True,True,731.24,22,668810541,train
668810498,730.77,21,13:33:57,False,,True,True,731.24,22,668810541,train
668810499,730.77,21,13:33:58,False,,True,True,731.24,22,668810541,train
668810500,730.77,21,13:33:59,False,,True,True,731.24,22,668810541,train
668810501,730.83,21,13:34:00,False,,True,True,731.24,22,668810541,train
668810502,730.8,21,13:34:01,False,,True,True,731.24,22,668810541,train
668810503,730.76,21,13:34:02,False,,True,True,731.23,22,668810541,train
668811589,729.81,21,13:51:39,False,,True,False,730.05,23,668811652,train
668811590,729.83,21,13:51:40,False,,True,False,730.05,23,668811652,train
668811591,729.8,21,13:51:41,False,,True,False,730.05,23,668811652,train
668811592,729.8,21,13:51:42,False,,True,False,730.05,23,668811652,train
668811593,729.76,21,13:51:43,False,,True,False,730.05,23,668811652,train
668811594,729.78,21,13:51:44,False,,True,False,730.04,23,668811652,train
668811595,729.76,21,13:51:45,False,,True,False,730.04,23,668811652,train
668811596,729.78,21,13:51:46,False,,True,False,730.04,23,668811652,train
668811597,729.82,21,13:51:47,False,,True,False,730.04,23,668811652,train
668811598,729.78,21,13:51:48,False,,True,False,730.04,23,668811652,train
668811599,729.84,21,13:51:49,False,,True,False,730.04,23,668811652,train
668811600,729.8,21,13:51:50,False,,True,False,730.04,23,668811652,train
668811601,729.77,21,13:51:51,False,,True,False,730.04,23,668811652,train
668811602,729.82,21,13:51:52,False,,True,False,730.04,23,668811652,train
668811603,729.8,21,13:51:53,False,,True,False,730.04,23,668811652,train
668811604,729.81,21,13:51:54,False,,True,False,730.04,23,668811652,train
668811605,729.88,21,13:51:55,False,,True,False,730.03,23,668811652,train
668811606,729.82,21,13:51:55,False,,True,False,730.03,23,668811652,train
668811607,729.86,21,13:51:56,False,,True,False,730.03,23,668811652,train
668811608,729.88,21,13:51:57,False,,True,False,730.03,23,668811652,train
668811609,729.88,21,13:51:58,False,,True,False,730.03,23,668811652,train
668811610,729.92,21,13:51:59,False,,True,False,730.03,23,668811652,train
668811611,729.88,21,13:52:00,False,,True,False,730.03,23,668811652,train
668811612,729.9,21,13:52:01,False,,True,False,730.03,23,668811652,train
668811613,729.92,21,13:52:02,False,,True,False,730.03,23,668811652,train
668811614,729.96,21,13:52:03,False,,True,False,730.03,23,668811652,train
668811615,729.92,21,13:52:04,False,,True,False,730.03,23,668811652,train
668811616,729.94,21,13:52:05,False,,True,False,730.03,23,668811652,train
668811617,729.94,21,13:52:06,False,,True,False,730.03,23,668811652,train
668811618,729.92,21,13:52:07,False,,True,False,730.03,23,668811652,train
668811619,729.96,21,13:52:08,False,,True,False,730.02,23,668811652,train
668811620,729.92,21,13:52:09,False,,True,False,730.02,23,668811652,train
668811621,729.95,21,13:52:10,False,,True,False,730.02,23,668811652,train
668811622,729.98,21,13:52:11,False,,True,False,730.02,23,668811652,train
668811623,729.94,21,13:52:12,False,,True,False,730.02,23,668811652,train
668811624,729.96,21,13:52:13,False,,True,False,730.02,23,668811652,train
668811625,729.98,21,13:52:14,False,,True,False,730.02,23,668811652,train
668811626,729.98,21,13:52:15,False,,True,False,730.02,23,668811652,train
668811627,729.96,21,13:52:16,False,,True,False,730.02,23,668811652,train
668811628,729.98,21,13:52:17,False,,True,False,730.02,23,668811652,train
668811629,729.91,21,13:52:18,False,,True,False,730.02,23,668811652,train
668811630,729.91,21,13:52:19,False,,True,False,730.02,23,668811652,train
668811631,729.9,21,13:52:20,False,,True,False,730.02,23,668811652,train
668811632,729.88,21,13:52:21,False,,True,False,730.02,23,668811652,train
668811633,729.95,21,13:52:22,False,,True,False,730.02,23,668811652,train
668811634,729.84,21,13:52:23,False,,True,False,730.01,23,668811652,train
668811635,729.84,21,13:52:24,False,,True,False,730.01,23,668811652,train
668811636,729.85,21,13:52:25,False,,True,False,730.01,23,668811652,train
668811637,729.81,21,13:52:26,False,,True,True,730.01,23,668811652,train
668811638,729.83,21,13:52:27,False,,True,True,730.01,23,668811652,train
668811639,729.81,21,13:52:28,False,,True,True,730.01,23,668811652,train
668811640,729.76,21,13:52:29,False,,True,True,730.01,23,668811652,train
668811641,729.76,21,13:52:30,False,,True,True,730.01,23,668811652,train
668811642,729.74,21,13:52:31,False,,True,True,730.01,23,668811652,train
668811643,729.74,21,13:52:32,False,,True,True,730.01,23,668811652,train
668811644,729.71,21,13:52:32,False,,True,True,730.01,23,668811652,train
668811645,729.71,21,13:52:33,False,,True,True,730.0,23,668811652,train
668811646,729.66,21,13:52:34,False,,True,True,730.0,23,668811652,train
668811647,729.55,21,13:52:35,False,,True,True,730.0,23,668811652,train
668811648,729.55,21,13:52:36,False,,True,True,730.0,23,668811652,train
668816055,726.2,21,15:04:07,False,,True,False,726.38,24,668816129,train
668816056,726.2,21,15:04:08,False,,True,False,726.38,24,668816129,train
668816057,726.2,21,15:04:09,False,,True,False,726.38,24,668816129,train
668816058,726.16,21,15:04:09,False,,True,False,726.38,24,668816129,train
668816059,726.14,21,15:04:10,False,,True,False,726.38,24,668816129,train
668816060,726.11,21,15:04:11,False,,True,False,726.37,24,668816129,train
668816061,726.18,21,15:04:12,False,,True,False,726.37,24,668816129,train
668816062,726.16,21,15:04:13,False,,True,False,726.37,24,668816129,train
668816063,726.16,21,15:04:14,False,,True,False,726.37,24,668816129,train
668816064,726.18,21,15:04:15,False,,True,False,726.37,24,668816129,train
668816065,726.16,21,15:04:16,False,,True,False,726.37,24,668816129,train
668816066,726.18,21,15:04:17,False,,True,False,726.37,24,668816129,train
668816067,726.2,21,15:04:18,False,,True,False,726.37,24,668816129,train
668816068,726.13,21,15:04:19,False,,True,False,726.37,24,668816129,train
668816069,726.16,21,15:04:20,False,,True,False,726.37,24,668816129,train
668816070,726.16,21,15:04:21,False,,True,False,726.37,24,668816129,train
668816071,726.13,21,15:04:22,False,,True,False,726.37,24,668816129,train
668816072,726.11,21,15:04:23,False,,True,False,726.37,24,668816129,train
668816073,726.11,21,15:04:24,False,,True,True,726.37,24,668816129,train
668816074,726.11,21,15:04:25,False,,True,True,726.37,24,668816129,train
668816075,726.07,21,15:04:26,False,,True,True,726.37,24,668816129,train
668816076,726.04,21,15:04:27,False,,True,True,726.37,24,668816129,train
668816077,726.06,21,15:04:28,False,,True,True,726.37,24,668816129,train
668816078,726.04,21,15:04:29,False,,True,True,726.36,24,668816129,train
668816079,726.02,21,15:04:30,False,,True,True,726.36,24,668816129,train
668816080,726.04,21,15:04:31,False,,True,True,726.36,24,668816129,train
668816081,726.04,21,15:04:32,False,,True,True,726.36,24,668816129,train
668816082,726.06,21,15:04:33,False,,True,True,726.36,24,668816129,train
668816083,726.04,21,15:04:34,False,,True,True,726.36,24,668816129,train
668816084,726.08,21,15:04:35,False,,True,True,726.36,24,668816129,train
668816085,726.04,21,15:04:36,False,,True,True,726.36,24,668816129,train
668816086,726.02,21,15:04:37,False,,True,True,726.36,24,668816129,train
668816087,726.13,21,15:04:38,False,,True,True,726.36,24,668816129,train
668816088,726.04,21,15:04:39,False,,True,True,726.36,24,668816129,train
668816089,726.06,21,15:04:40,False,,True,True,726.36,24,668816129,train
668816090,726.06,21,15:04:41,False,,True,True,726.36,24,668816129,train
668816091,725.99,21,15:04:42,False,,True,True,726.36,24,668816129,train
668816092,725.99,21,15:04:43,False,,True,True,726.35,24,668816129,train
668816093,726.06,21,15:04:44,False,,True,True,726.35,24,668816129,train
668816094,725.97,21,15:04:45,False,,True,True,726.35,24,668816129,train
668816095,726.04,21,15:04:46,False,,True,True,726.35,24,668816129,train
668816096,725.97,21,15:04:46,False,,True,True,726.35,24,668816129,train
668816097,726.06,21,15:04:47,False,,True,True,726.35,24,668816129,train
668816098,726.02,21,15:04:48,False,,True,True,726.35,24,668816129,train
668816099,725.97,21,15:04:49,False,,True,True,726.35,24,668816129,train
668816100,725.97,21,15:04:50,False,,True,True,726.35,24,668816129,train
668816101,726.03,21,15:04:51,False,,True,True,726.35,24,668816129,train
668816102,725.99,21,15:04:52,False,,True,True,726.35,24,668816129,train
668816103,726.06,21,15:04:53,False,,True,True,726.35,24,668816129,train
668816104,726.01,21,15:04:54,False,,True,True,726.34,24,668816129,train
668816105,726.06,21,15:04:55,False,,True,True,726.34,24,668816129,train
668816106,726.06,21,15:04:56,False,,True,True,726.34,24,668816129,train
668816107,725.97,21,15:04:57,False,,True,True,726.34,24,668816129,train
668816108,725.95,21,15:04:58,False,,True,True,726.34,24,668816129,train
668816109,725.96,21,15:04:59,False,,True,True,726.34,24,668816129,train
668816110,725.96,21,15:05:00,False,,True,True,726.34,24,668816129,train
668816111,725.9,21,15:05:01,False,,True,True,726.34,24,668816129,train
668816112,725.87,21,15:05:02,False,,True,True,726.34,24,668816129,train
668816113,725.88,21,15:05:03,False,,True,True,726.34,24,668816129,train
668816114,725.9,21,15:05:04,False,,True,True,726.34,24,668816129,train
669426414,737.93,28,12:07:09,False,,True,False,737.89,25,669426485,train
669426415,737.9,28,12:07:10,False,,True,False,737.89,25,669426485,train
669426416,737.88,28,12:07:11,False,,True,False,737.89,25,669426485,train
669426417,737.86,28,12:07:12,False,,True,False,737.89,25,669426485,train
669426418,737.92,28,12:07:13,False,,True,False,737.89,25,669426485,train
669426419,737.9,28,12:07:14,False,,True,False,737.89,25,669426485,train
669426420,737.9,28,12:07:15,False,,True,False,737.89,25,669426485,train
669426421,737.92,28,12:07:16,False,,True,False,737.89,25,669426485,train
669426422,737.87,28,12:07:17,False,,True,False,737.89,25,669426485,train
669426423,737.85,28,12:07:18,False,,True,False,737.89,25,669426485,train
669426424,737.9,28,12:07:19,False,,True,False,737.89,25,669426485,train
669426425,737.87,28,12:07:20,False,,True,False,737.89,25,669426485,train
669426426,737.87,28,12:07:21,False,,True,False,737.89,25,669426485,train
669426427,737.87,28,12:07:22,False,,True,False,737.89,25,669426485,train
669426428,737.91,28,12:07:23,False,,True,False,737.89,25,669426485,train
669426429,737.86,28,12:07:24,False,,True,False,737.89,25,669426485,train
669426430,737.91,28,12:07:25,False,,True,False,737.89,25,669426485,train
669426431,737.89,28,12:07:26,False,,True,False,737.89,25,669426485,train
669426432,737.86,28,12:07:27,False,,True,False,737.89,25,669426485,train
669426433,737.9,28,12:07:28,False,,True,False,737.89,25,669426485,train
669426434,737.88,28,12:07:29,False,,True,False,737.89,25,669426485,train
669426435,737.9,28,12:07:30,False,,True,False,737.89,25,669426485,train
669426436,737.9,28,12:07:31,False,,True,False,737.89,25,669426485,train
669426437,737.88,28,12:07:32,False,,True,False,737.89,25,669426485,train
669426438,737.88,28,12:07:33,False,,True,True,737.89,25,669426485,train
669426439,737.87,28,12:07:34,False,,True,True,737.9,25,669426485,train
669426440,737.9,28,12:07:35,False,,True,True,737.9,25,669426485,train
669426441,737.88,28,12:07:36,False,,True,True,737.9,25,669426485,train
669426442,737.87,28,12:07:36,False,,True,True,737.9,25,669426485,train
669426443,737.94,28,12:07:37,False,,True,True,737.9,25,669426485,train
669426444,737.91,28,12:07:38,False,,True,True,737.9,25,669426485,train
669426445,737.91,28,12:07:39,False,,True,True,737.9,25,669426485,train
669426446,737.83,28,12:07:40,False,,True,True,737.9,25,669426485,train
669426447,737.87,28,12:07:41,False,,True,True,737.9,25,669426485,train
669426448,737.93,28,12:07:42,False,,True,True,737.9,25,669426485,train
669426449,737.87,28,12:07:43,False,,True,True,737.9,25,669426485,train
669426450,737.89,28,12:07:44,False,,True,True,737.9,25,669426485,train
669426451,737.93,28,12:07:45,False,,True,True,737.9,25,669426485,train
669426452,737.89,28,12:07:46,False,,True,True,737.9,25,669426485,train
669426453,737.93,28,12:07:47,False,,True,True,737.9,25,669426485,train
669426454,737.86,28,12:07:48,False,,True,True,737.9,25,669426485,train
669426455,737.86,28,12:07:49,False,,True,True,737.9,25,669426485,train
669426456,737.88,28,12:07:50,False,,True,True,737.9,25,669426485,train
669426457,737.87,28,12:07:51,False,,True,True,737.9,25,669426485,train
669426458,737.81,28,12:07:52,False,,True,True,737.9,25,669426485,train
669426459,737.79,28,12:07:53,False,,True,True,737.9,25,669426485,train
669426460,737.87,28,12:07:54,False,,True,True,737.9,25,669426485,train
669426461,737.77,28,12:07:55,False,,True,True,737.9,25,669426485,train
669426462,737.8,28,12:07:56,False,,True,True,737.9,25,669426485,train
669426463,737.8,28,12:07:57,False,,True,True,737.9,25,669426485,train
669426464,737.76,28,12:07:58,False,,True,True,737.9,25,669426485,train
669426465,737.75,28,12:07:59,False,,True,True,737.9,25,669426485,train
669426466,737.73,28,12:08:00,False,,True,True,737.9,25,669426485,train
669426467,737.84,28,12:08:01,False,,True,True,737.9,25,669426485,train
669426468,737.73,28,12:08:02,False,,True,True,737.9,25,669426485,train
669426469,737.69,28,12:08:03,False,,True,True,737.9,25,669426485,train
669426470,737.66,28,12:08:04,False,,True,True,737.9,25,669426485,train
669426471,737.66,28,12:08:05,False,,True,True,737.89,25,669426485,train
669426472,737.68,28,12:08:06,False,,True,True,737.89,25,669426485,train
669426473,737.66,28,12:08:07,False,,True,True,737.89,25,669426485,train
669427279,738.14,28,12:21:11,False,,True,False,738.03,26,669427340,train
669427280,738.1,28,12:21:12,False,,True,False,738.03,26,669427340,train
669427281,738.12,28,12:21:13,False,,True,False,738.03,26,669427340,train
669427282,738.08,28,12:21:14,False,,True,False,738.03,26,669427340,train
669427283,738.05,28,12:21:15,False,,True,False,738.03,26,669427340,train
669427284,738.1,28,12:21:16,False,,True,False,738.03,26,669427340,train
669427285,738.07,28,12:21:17,False,,True,False,738.03,26,669427340,train
669427286,738.02,28,12:21:18,False,,True,False,738.03,26,669427340,train
669427287,738.0,28,12:21:19,False,,True,False,738.03,26,669427340,train
669427288,738.07,28,12:21:20,False,,True,False,738.03,26,669427340,train
669427289,738.04,28,12:21:21,False,,True,False,738.03,26,669427340,train
669427290,738.11,28,12:21:22,False,,True,False,738.03,26,669427340,train
669427291,738.02,28,12:21:23,False,,True,False,738.03,26,669427340,train
669427292,738.06,28,12:21:24,False,,True,False,738.03,26,669427340,train
669427293,738.06,28,12:21:25,False,,True,False,738.03,26,669427340,train
669427294,738.08,28,12:21:26,False,,True,False,738.03,26,669427340,train
669427295,738.08,28,12:21:27,False,,True,False,738.03,26,669427340,train
669427296,738.08,28,12:21:28,False,,True,False,738.03,26,669427340,train
669427297,738.06,28,12:21:29,False,,True,False,738.03,26,669427340,train
669427298,738.08,28,12:21:30,False,,True,False,738.03,26,669427340,train
669427299,738.01,28,12:21:31,False,,True,False,738.03,26,669427340,train
669427300,738.07,28,12:21:32,False,,True,False,738.03,26,669427340,train
669427301,738.09,28,12:21:33,False,,True,False,738.03,26,669427340,train
669427302,738.12,28,12:21:34,False,,True,False,738.03,26,669427340,train
669427303,738.09,28,12:21:35,False,,True,False,738.03,26,669427340,train
669427304,738.12,28,12:21:36,False,,True,False,738.03,26,669427340,train
669427305,738.14,28,12:21:37,False,,True,False,738.03,26,669427340,train
669427306,738.05,28,12:21:38,False,,True,False,738.03,26,669427340,train
669427307,738.09,28,12:21:39,False,,True,False,738.03,26,669427340,train
669427308,738.11,28,12:21:40,False,,True,False,738.03,26,669427340,train
669427309,738.13,28,12:21:41,False,,True,False,738.03,26,669427340,train
669427310,738.13,28,12:21:41,False,,True,False,738.03,26,669427340,train
669427311,738.15,28,12:21:42,False,,True,False,738.03,26,669427340,train
669427312,738.15,28,12:21:43,False,,True,False,738.03,26,669427340,train
669427313,738.17,28,12:21:44,False,,True,False,738.03,26,669427340,train
669427314,738.15,28,12:21:45,False,,True,False,738.03,26,669427340,train
669427315,738.13,28,12:21:46,False,,True,False,738.03,26,669427340,train
669427316,738.17,28,12:21:47,False,,True,False,738.03,26,669427340,train
669427317,738.19,28,12:21:48,False,,True,False,738.03,26,669427340,train
669427318,738.12,28,12:21:49,False,,True,False,738.03,26,669427340,train
669427319,738.19,28,12:21:50,False,,True,False,738.03,26,669427340,train
669427320,738.1,28,12:21:51,False,,True,False,738.03,26,669427340,train
669427321,738.14,28,12:21:52,False,,True,False,738.03,26,669427340,train
669427322,738.16,28,12:21:53,False,,True,False,738.03,26,669427340,train
669427323,738.12,28,12:21:54,False,,True,False,738.03,26,669427340,train
669427324,738.1,28,12:21:55,False,,True,False,738.03,26,669427340,train
669427325,738.16,28,12:21:56,False,,True,False,738.04,26,669427340,train
669427326,738.14,28,12:21:57,False,,True,False,738.04,26,669427340,train
669427327,738.16,28,12:21:58,False,,True,False,738.04,26,669427340,train
669427328,738.09,28,12:21:59,False,,True,False,738.04,26,669427340,train
669427329,738.11,28,12:22:00,False,,True,False,738.04,26,669427340,train
669427330,738.13,28,12:22:01,False,,True,False,738.04,26,669427340,train
669427331,738.13,28,12:22:02,False,,True,False,738.04,26,669427340,train
669427332,738.09,28,12:22:03,False,,True,False,738.04,26,669427340,train
669427333,738.06,28,12:22:04,False,,True,False,738.04,26,669427340,train
669427334,738.04,28,12:22:05,False,,True,False,738.04,26,669427340,train
669427335,737.97,28,12:22:06,False,,True,True,738.04,26,669427340,train
669427336,737.97,28,12:22:07,False,,True,True,738.04,26,669427340,train
669427337,737.8,28,12:22:08,False,,True,True,738.04,26,669427340,train
669427338,737.33,28,12:22:09,False,,True,True,738.04,26,669427340,train
669434343,733.84,28,14:15:48,False,,True,False,734.26,27,669434405,train
669434344,733.84,28,14:15:49,False,,True,False,734.26,27,669434405,train
669434345,733.91,28,14:15:50,False,,True,False,734.26,27,669434405,train
669434346,733.84,28,14:15:51,False,,True,False,734.26,27,669434405,train
669434347,733.79,28,14:15:52,False,,True,False,734.26,27,669434405,train
669434348,733.83,28,14:15:53,False,,True,False,734.25,27,669434405,train
669434349,733.86,28,14:15:54,False,,True,False,734.25,27,669434405,train
669434350,733.9,28,14:15:55,False,,True,False,734.25,27,669434405,train
669434351,733.81,28,14:15:56,False,,True,False,734.25,27,669434405,train
669434352,733.85,28,14:15:57,False,,True,False,734.25,27,669434405,train
669434353,733.85,28,14:15:58,False,,True,False,734.25,27,669434405,train
669434354,733.88,28,14:15:59,False,,True,False,734.24,27,669434405,train
669434355,733.87,28,14:16:00,False,,True,False,734.24,27,669434405,train
669434356,733.83,28,14:16:01,False,,True,False,734.24,27,669434405,train
669434357,733.87,28,14:16:02,False,,True,False,734.24,27,669434405,train
669434358,733.87,28,14:16:03,False,,True,False,734.24,27,669434405,train
669434359,733.78,28,14:16:04,False,,True,False,734.24,27,669434405,train
669434360,733.8,28,14:16:05,False,,True,False,734.24,27,669434405,train
669434361,733.85,28,14:16:06,False,,True,False,734.23,27,669434405,train
669434362,733.85,28,14:16:07,False,,True,False,734.23,27,669434405,train
669434363,733.85,28,14:16:08,False,,True,False,734.23,27,669434405,train
669434364,733.85,28,14:16:09,False,,True,False,734.23,27,669434405,train
669434365,733.82,28,14:16:10,False,,True,False,734.23,27,669434405,train
669434366,733.8,28,14:16:10,False,,True,False,734.23,27,669434405,train
669434367,733.87,28,14:16:11,False,,True,False,734.23,27,669434405,train
669434368,733.84,28,14:16:12,False,,True,False,734.22,27,669434405,train
669434369,733.82,28,14:16:13,False,,True,False,734.22,27,669434405,train
669434370,733.84,28,14:16:14,False,,True,False,734.22,27,669434405,train
669434371,733.86,28,14:16:15,False,,True,False,734.22,27,669434405,train
669434372,733.8,28,14:16:16,False,,True,False,734.22,27,669434405,train
669434373,733.86,28,14:16:17,False,,True,False,734.22,27,669434405,train
669434374,733.86,28,14:16:18,False,,True,False,734.22,27,669434405,train
669434375,733.79,28,14:16:19,False,,True,False,734.21,27,669434405,train
669434376,733.77,28,14:16:20,False,,True,False,734.21,27,669434405,train
669434377,733.81,28,14:16:21,False,,True,False,734.21,27,669434405,train
669434378,733.83,28,14:16:22,False,,True,False,734.21,27,669434405,train
669434379,733.77,28,14:16:23,False,,True,False,734.21,27,669434405,train
669434380,733.79,28,14:16:24,False,,True,False,734.21,27,669434405,train
669434381,733.77,28,14:16:25,False,,True,False,734.21,27,669434405,train
669434382,733.81,28,14:16:26,False,,True,False,734.2,27,669434405,train
669434383,733.79,28,14:16:27,False,,True,False,734.2,27,669434405,train
669434384,733.77,28,14:16:28,False,,True,False,734.2,27,669434405,train
669434385,733.83,28,14:16:29,False,,True,False,734.2,27,669434405,train
669434386,733.81,28,14:16:30,False,,True,False,734.2,27,669434405,train
669434387,733.8,28,14:16:31,False,,True,False,734.2,27,669434405,train
669434388,733.81,28,14:16:32,False,,True,False,734.19,27,669434405,train
669434389,733.8,28,14:16:33,False,,True,False,734.19,27,669434405,train
669434390,733.8,28,14:16:34,False,,True,False,734.19,27,669434405,train
669434391,733.8,28,14:16:35,False,,True,False,734.19,27,669434405,train
669434392,733.83,28,14:16:36,False,,True,False,734.19,27,669434405,train
669434393,733.71,28,14:16:37,False,,True,False,734.19,27,669434405,train
669434394,733.69,28,14:16:38,False,,True,False,734.19,27,669434405,train
669434395,733.71,28,14:16:39,False,,True,False,734.18,27,669434405,train
669434396,733.73,28,14:16:40,False,,True,False,734.18,27,669434405,train
669434397,733.69,28,14:16:41,False,,True,True,734.18,27,669434405,train
669434398,733.71,28,14:16:42,False,,True,True,734.18,27,669434405,train
669434399,733.64,28,14:16:43,False,,True,True,734.18,27,669434405,train
669434400,733.57,28,14:16:44,False,,True,True,734.18,27,669434405,train
669434401,733.44,28,14:16:45,False,,True,True,734.17,27,669434405,train
669434402,733.27,28,14:16:46,False,,True,True,734.17,27,669434405,train
669434621,733.68,28,14:20:19,False,,True,True,733.88,28,669434703,train
669434622,733.68,28,14:20:20,False,,True,True,733.88,28,669434703,train
669434623,733.71,28,14:20:21,False,,True,True,733.88,28,669434703,train
669434624,733.71,28,14:20:22,False,,True,True,733.88,28,669434703,train
669434625,733.66,28,14:20:23,False,,True,True,733.87,28,669434703,train
669434626,733.7,28,14:20:24,False,,True,True,733.87,28,669434703,train
669434627,733.75,28,14:20:25,False,,True,True,733.87,28,669434703,train
669434628,733.7,28,14:20:26,False,,True,True,733.87,28,669434703,train
669434629,733.68,28,14:20:27,False,,True,True,733.87,28,669434703,train
669434630,733.68,28,14:20:28,False,,True,True,733.87,28,669434703,train
669434631,733.72,28,14:20:28,False,,True,True,733.87,28,669434703,train
669434632,733.74,28,14:20:29,False,,True,True,733.87,28,669434703,train
669434633,733.65,28,14:20:30,False,,True,True,733.87,28,669434703,train
669434634,733.74,28,14:20:31,False,,True,True,733.86,28,669434703,train
669434635,733.72,28,14:20:32,False,,True,True,733.86,28,669434703,train
669434636,733.71,28,14:20:33,False,,True,True,733.86,28,669434703,train
669434637,733.65,28,14:20:34,False,,True,True,733.86,28,669434703,train
669434638,733.65,28,14:20:35,False,,True,True,733.86,28,669434703,train
669434639,733.65,28,14:20:36,False,,True,True,733.86,28,669434703,train
669434640,733.63,28,14:20:37,False,,True,True,733.86,28,669434703,train
669434641,733.65,28,14:20:38,False,,True,True,733.86,28,669434703,train
669434642,733.65,28,14:20:39,False,,True,True,733.86,28,669434703,train
669434643,733.67,28,14:20:40,False,,True,True,733.86,28,669434703,train
669434644,733.62,28,14:20:41,False,,True,True,733.86,28,669434703,train
669434645,733.62,28,14:20:42,False,,True,True,733.85,28,669434703,train
669434646,733.66,28,14:20:43,False,,True,True,733.85,28,669434703,train
669434647,733.66,28,14:20:44,False,,True,True,733.85,28,669434703,train
669434648,733.7,28,14:20:45,False,,True,True,733.85,28,669434703,train
669434649,733.66,28,14:20:46,False,,True,True,733.85,28,669434703,train
669434650,733.6,28,14:20:47,False,,True,True,733.85,28,669434703,train
669434651,733.53,28,14:20:48,False,,True,True,733.85,28,669434703,train
669434652,733.53,28,14:20:49,False,,True,True,733.85,28,669434703,train
669434653,733.53,28,14:20:50,False,,True,True,733.85,28,669434703,train
669434654,733.43,28,14:20:51,False,,True,True,733.85,28,669434703,train
669434655,733.52,28,14:20:52,False,,True,True,733.85,28,669434703,train
669434656,733.57,28,14:20:53,False,,True,True,733.84,28,669434703,train
669434657,733.52,28,14:20:54,False,,True,True,733.84,28,669434703,train
669434658,733.45,28,14:20:55,False,,True,True,733.84,28,669434703,train
669434659,733.48,28,14:20:56,False,,True,True,733.84,28,669434703,train
669434660,733.43,28,14:20:57,False,,True,True,733.84,28,669434703,train
669434661,733.45,28,14:20:58,False,,True,True,733.84,28,669434703,train
669434662,733.45,28,14:20:59,False,,True,True,733.84,28,669434703,train
669434663,733.47,28,14:21:00,False,,True,True,733.84,28,669434703,train
669434664,733.45,28,14:21:01,False,,True,True,733.83,28,669434703,train
669434665,733.4,28,14:21:02,False,,True,True,733.83,28,669434703,train
669434666,733.45,28,14:21:03,False,,True,True,733.83,28,669434703,train
669434667,733.4,28,14:21:04,False,,True,True,733.83,28,669434703,train
669434668,733.42,28,14:21:04,False,,True,True,733.83,28,669434703,train
669434669,733.38,28,14:21:05,False,,True,True,733.83,28,669434703,train
669434670,733.4,28,14:21:06,False,,True,True,733.83,28,669434703,train
669434671,733.4,28,14:21:07,False,,True,True,733.83,28,669434703,train
669434672,733.42,28,14:21:08,False,,True,True,733.82,28,669434703,train
669434673,733.42,28,14:21:09,False,,True,True,733.82,28,669434703,train
669434674,733.4,28,14:21:10,False,,True,True,733.82,28,669434703,train
669434675,733.4,28,14:21:11,False,,True,True,733.82,28,669434703,train
669434676,733.42,28,14:21:12,False,,True,True,733.82,28,669434703,train
669434677,733.35,28,14:21:13,False,,True,True,733.82,28,669434703,train
669434678,733.46,28,14:21:14,False,,True,True,733.82,28,669434703,train
669434679,733.46,28,14:21:15,False,,True,True,733.82,28,669434703,train
669434680,733.42,28,14:21:16,False,,True,True,733.81,28,669434703,train
669518659,738.46,29,13:03:50,False,,True,True,738.84,29,669518763,train
669518660,738.46,29,13:03:51,False,,True,True,738.83,29,669518763,train
669518661,738.46,29,13:03:52,False,,True,True,738.83,29,669518763,train
669518662,738.5,29,13:03:53,False,,True,True,738.83,29,669518763,train
669518663,738.48,29,13:03:54,False,,True,True,738.83,29,669518763,train
669518664,738.47,29,13:03:55,False,,True,True,738.83,29,669518763,train
669518665,738.5,29,13:03:55,False,,True,True,738.83,29,669518763,train
669518666,738.5,29,13:03:56,False,,True,True,738.83,29,669518763,train
669518667,738.45,29,13:03:57,False,,True,True,738.83,29,669518763,train
669518668,738.47,29,13:03:58,False,,True,True,738.83,29,669518763,train
669518669,738.52,29,13:03:59,False,,True,True,738.82,29,669518763,train
669518670,738.47,29,13:04:00,False,,True,True,738.82,29,669518763,train
669518671,738.42,29,13:04:01,False,,True,True,738.82,29,669518763,train
669518672,738.45,29,13:04:02,False,,True,True,738.82,29,669518763,train
669518673,738.36,29,13:04:03,False,,True,True,738.82,29,669518763,train
669518674,738.33,29,13:04:04,False,,True,True,738.82,29,669518763,train
669518675,738.37,29,13:04:05,False,,True,True,738.82,29,669518763,train
669518676,738.35,29,13:04:06,False,,True,True,738.82,29,669518763,train
669518677,738.33,29,13:04:07,False,,True,True,738.81,29,669518763,train
669518678,738.39,29,13:04:08,False,,True,True,738.81,29,669518763,train
669518679,738.28,29,13:04:09,False,,True,True,738.81,29,669518763,train
669518680,738.32,29,13:04:10,False,,True,True,738.81,29,669518763,train
669518681,738.27,29,13:04:11,False,,True,True,738.81,29,669518763,train
669518682,738.3,29,13:04:12,False,,True,True,738.81,29,669518763,train
669518683,738.37,29,13:04:13,False,,True,True,738.81,29,669518763,train
669518684,738.3,29,13:04:14,False,,True,True,738.8,29,669518763,train
669518685,738.34,29,13:04:15,False,,True,True,738.8,29,669518763,train
669518686,738.34,29,13:04:16,False,,True,True,738.8,29,669518763,train
669518687,738.34,29,13:04:17,False,,True,True,738.8,29,669518763,train
669518688,738.36,29,13:04:18,False,,True,True,738.8,29,669518763,train
669518689,738.36,29,13:04:19,False,,True,True,738.8,29,669518763,train
669518690,738.4,29,13:04:20,False,,True,True,738.79,29,669518763,train
669518691,738.47,29,13:04:21,False,,True,True,738.79,29,669518763,train
669518692,738.4,29,13:04:22,False,,True,True,738.79,29,669518763,train
669518693,738.35,29,13:04:23,False,,True,True,738.79,29,669518763,train
669518694,738.4,29,13:04:24,False,,True,True,738.79,29,669518763,train
669518695,738.33,29,13:04:25,False,,True,True,738.79,29,669518763,train
669518696,738.33,29,13:04:26,False,,True,True,738.79,29,669518763,train
669518697,738.31,29,13:04:27,False,,True,True,738.78,29,669518763,train
669518698,738.33,29,13:04:28,False,,True,True,738.78,29,669518763,train
669518699,738.26,29,13:04:29,False,,True,True,738.78,29,669518763,train
669518700,738.3,29,13:04:30,False,,True,True,738.78,29,669518763,train
669518701,738.32,29,13:04:31,False,,True,True,738.78,29,669518763,train
669518702,738.32,29,13:04:32,False,,True,True,738.78,29,669518763,train
669518703,738.3,29,13:04:32,False,,True,True,738.78,29,669518763,train
669518704,738.37,29,13:04:33,False,,True,True,738.77,29,669518763,train
669518705,738.32,29,13:04:34,False,,True,True,738.77,29,669518763,train
669518706,738.23,29,13:04:35,False,,True,True,738.77,29,669518763,train
669518707,738.23,29,13:04:36,False,,True,True,738.77,29,669518763,train
669518708,738.25,29,13:04:37,False,,True,True,738.77,29,669518763,train
669518709,738.23,29,13:04:38,False,,True,True,738.77,29,669518763,train
669518710,738.2,29,13:04:39,False,,True,True,738.76,29,669518763,train
669518711,738.2,29,13:04:40,False,,True,True,738.76,29,669518763,train
669518712,738.07,29,13:04:41,False,,True,True,738.76,29,669518763,train
669518713,738.11,29,13:04:42,False,,True,True,738.76,29,669518763,train
669518714,738.15,29,13:04:43,False,,True,True,738.76,29,669518763,train
669518715,738.13,29,13:04:44,False,,True,True,738.76,29,669518763,train
669518716,738.08,29,13:04:45,False,,True,True,738.75,29,669518763,train
669518717,738.1,29,13:04:46,False,,True,True,738.75,29,669518763,train
669518718,738.06,29,13:04:47,False,,True,True,738.75,29,669518763,train
669519417,738.07,29,13:16:08,False,,True,False,738.28,30,669519478,train
669519418,738.06,29,13:16:09,False,,True,False,738.28,30,669519478,train
669519419,738.06,29,13:16:10,False,,True,False,738.27,30,669519478,train
669519420,738.04,29,13:16:10,False,,True,False,738.27,30,669519478,train
669519421,737.96,29,13:16:11,False,,True,False,738.27,30,669519478,train
669519422,737.99,29,13:16:12,False,,True,False,738.27,30,669519478,train
669519423,738.03,29,13:16:13,False,,True,False,738.27,30,669519478,train
669519424,737.99,29,13:16:14,False,,True,False,738.27,30,669519478,train
669519425,737.97,29,13:16:15,False,,True,False,738.27,30,669519478,train
669519426,737.99,29,13:16:16,False,,True,False,738.27,30,669519478,train
669519427,737.95,29,13:16:17,False,,True,False,738.27,30,669519478,train
669519428,737.99,29,13:16:18,False,,True,False,738.26,30,669519478,train
669519429,738.01,29,13:16:19,False,,True,False,738.26,30,669519478,train
669519430,737.99,29,13:16:20,False,,True,False,738.26,30,669519478,train
669519431,737.97,29,13:16:21,False,,True,False,738.26,30,669519478,train
669519432,737.99,29,13:16:22,False,,True,False,738.26,30,669519478,train
669519433,738.01,29,13:16:23,False,,True,False,738.26,30,669519478,train
669519434,737.96,29,13:16:24,False,,True,False,738.26,30,669519478,train
669519435,737.98,29,13:16:25,False,,True,False,738.26,30,669519478,train
669519436,737.98,29,13:16:26,False,,True,False,738.26,30,669519478,train
669519437,737.94,29,13:16:27,False,,True,False,738.26,30,669519478,train
669519438,737.93,29,13:16:28,False,,True,False,738.25,30,669519478,train
669519439,737.96,29,13:16:29,False,,True,False,738.25,30,669519478,train
669519440,737.96,29,13:16:30,False,,True,False,738.25,30,669519478,train
669519441,737.85,29,13:16:31,False,,True,False,738.25,30,669519478,train
669519442,737.87,29,13:16:32,False,,True,False,738.25,30,669519478,train
669519443,737.89,29,13:16:33,False,,True,False,738.25,30,669519478,train
669519444,737.89,29,13:16:34,False,,True,False,738.25,30,669519478,train
669519445,737.84,29,13:16:35,False,,True,False,738.25,30,669519478,train
669519446,737.84,29,13:16:36,False,,True,False,738.25,30,669519478,train
669519447,737.86,29,13:16:37,False,,True,False,738.24,30,669519478,train
669519448,737.84,29,13:16:38,False,,True,False,738.24,30,669519478,train
669519449,737.86,29,13:16:39,False,,True,False,738.24,30,669519478,train
669519450,737.84,29,13:16:40,False,,True,False,738.24,30,669519478,train
669519451,737.92,29,13:16:41,False,,True,False,738.24,30,669519478,train
669519452,737.92,29,13:16:42,False,,True,False,738.24,30,669519478,train
669519453,737.92,29,13:16:43,False,,True,False,738.24,30,669519478,train
669519454,737.97,29,13:16:44,False,,True,False,738.24,30,669519478,train
669519455,737.92,29,13:16:45,False,,True,False,738.23,30,669519478,train
669519456,737.92,29,13:16:46,False,,True,False,738.23,30,669519478,train
669519457,737.96,29,13:16:46,False,,True,False,738.23,30,669519478,train
669519458,737.96,29,13:16:47,False,,True,False,738.23,30,669519478,train
669519459,737.99,29,13:16:48,False,,True,False,738.23,30,669519478,train
669519460,737.9,29,13:16:49,False,,True,False,738.23,30,669519478,train
669519461,737.9,29,13:16:50,False,,True,False,738.23,30,669519478,train
669519462,737.81,29,13:16:51,False,,True,False,738.23,30,669519478,train
669519463,737.8,29,13:16:52,False,,True,False,738.23,30,669519478,train
669519464,737.84,29,13:16:53,False,,True,False,738.22,30,669519478,train
669519465,737.83,29,13:16:54,False,,True,False,738.22,30,669519478,train
669519466,737.89,29,13:16:55,False,,True,False,738.22,30,669519478,train
669519467,737.87,29,13:16:56,False,,True,False,738.22,30,669519478,train
669519468,737.8,29,13:16:57,False,,True,False,738.22,30,669519478,train
669519469,737.89,29,13:16:58,False,,True,False,738.22,30,669519478,train
669519470,737.86,29,13:16:59,False,,True,False,738.22,30,669519478,train
669519471,737.86,29,13:17:00,False,,True,False,738.22,30,669519478,train
669519472,737.8,29,13:17:01,False,,True,False,738.21,30,669519478,train
669519473,737.75,29,13:17:02,False,,True,False,738.21,30,669519478,train
669519474,737.81,29,13:17:03,False,,True,True,738.21,30,669519478,train
669519475,737.86,29,13:17:04,False,,True,True,738.21,30,669519478,train
669519476,737.81,29,13:17:05,False,,True,True,738.21,30,669519478,train
669531784,729.96,29,16:36:47,False,,True,False,730.08,31,669531860,train
669531785,730.07,29,16:36:48,False,,True,False,730.08,31,669531860,train
669531786,730.0,29,16:36:49,False,,True,False,730.08,31,669531860,train
669531787,729.98,29,16:36:50,False,,True,False,730.08,31,669531860,train
669531788,729.93,29,16:36:51,False,,True,False,730.08,31,669531860,train
669531789,729.95,29,16:36:52,False,,True,False,730.08,31,669531860,train
669531790,730.06,29,16:36:53,False,,True,False,730.08,31,669531860,train
669531791,730.0,29,16:36:54,False,,True,False,730.08,31,669531860,train
669531792,730.0,29,16:36:55,False,,True,False,730.08,31,669531860,train
669531793,730.04,29,16:36:56,False,,True,False,730.08,31,669531860,train
669531794,730.02,29,16:36:57,False,,True,True,730.08,31,669531860,train
669531795,730.04,29,16:36:58,False,,True,True,730.08,31,669531860,train
669531796,730.06,29,16:36:58,False,,True,True,730.08,31,669531860,train
669531797,730.0,29,16:36:59,False,,True,True,730.08,31,669531860,train
669531798,730.04,29,16:37:00,False,,True,True,730.08,31,669531860,train
669531799,730.01,29,16:37:01,False,,True,True,730.08,31,669531860,train
669531800,730.06,29,16:37:02,False,,True,True,730.08,31,669531860,train
669531801,729.99,29,16:37:03,False,,True,True,730.08,31,669531860,train
669531802,730.06,29,16:37:04,False,,True,True,730.08,31,669531860,train
669531803,730.06,29,16:37:05,False,,True,True,730.08,31,669531860,train
669531804,730.03,29,16:37:06,False,,True,True,730.08,31,669531860,train
669531805,730.01,29,16:37:07,False,,True,True,730.08,31,669531860,train
669531806,730.05,29,16:37:08,False,,True,True,730.08,31,669531860,train
669531807,730.03,29,16:37:09,False,,True,True,730.08,31,669531860,train
669531808,729.99,29,16:37:10,False,,True,True,730.08,31,669531860,train
669531809,730.05,29,16:37:11,False,,True,True,730.08,31,669531860,train
669531810,730.0,29,16:37:12,False,,True,True,730.08,31,669531860,train
669531811,730.09,29,16:37:13,False,,True,True,730.08,31,669531860,train
669531812,730.12,29,16:37:14,False,,True,True,730.08,31,669531860,train
669531813,730.09,29,16:37:15,False,,True,True,730.08,31,669531860,train
669531814,730.03,29,16:37:16,False,,True,True,730.08,31,669531860,train
669531815,730.0,29,16:37:17,False,,True,True,730.08,31,669531860,train
669531816,730.0,29,16:37:18,False,,True,True,730.08,31,669531860,train
669531817,730.05,29,16:37:19,False,,True,True,730.08,31,669531860,train
669531818,730.09,29,16:37:20,False,,True,True,730.08,31,669531860,train
669531819,730.06,29,16:37:21,False,,True,True,730.08,31,669531860,train
669531820,730.02,29,16:37:22,False,,True,True,730.08,31,669531860,train
669531821,730.02,29,16:37:23,False,,True,True,730.08,31,669531860,train
669531822,730.02,29,16:37:24,False,,True,True,730.08,31,669531860,train
669531823,729.98,29,16:37:25,False,,True,True,730.08,31,669531860,train
669531824,730.0,29,16:37:26,False,,True,True,730.08,31,669531860,train
669531825,729.99,29,16:37:27,False,,True,True,730.07,31,669531860,train
669531826,729.95,29,16:37:28,False,,True,True,730.07,31,669531860,train
669531827,730.01,29,16:37:29,False,,True,True,730.07,31,669531860,train
669531828,729.93,29,16:37:30,False,,True,True,730.07,31,669531860,train
669531829,729.92,29,16:37:31,False,,True,True,730.07,31,669531860,train
669531830,729.92,29,16:37:32,False,,True,True,730.07,31,669531860,train
669531831,729.99,29,16:37:33,False,,True,True,730.07,31,669531860,train
669531832,729.97,29,16:37:34,False,,True,True,730.07,31,669531860,train
669531833,729.94,29,16:37:35,False,,True,True,730.07,31,669531860,train
669531834,729.96,29,16:37:35,False,,True,True,730.07,31,669531860,train
669531835,729.97,29,16:37:36,False,,True,True,730.07,31,669531860,train
669531836,729.94,29,16:37:37,False,,True,True,730.07,31,669531860,train
669531837,729.92,29,16:37:38,False,,True,True,730.07,31,669531860,train
669531838,729.92,29,16:37:39,False,,True,True,730.07,31,669531860,train
669531839,729.91,29,16:37:40,False,,True,True,730.07,31,669531860,train
669531840,729.94,29,16:37:41,False,,True,True,730.07,31,669531860,train
669531841,729.93,29,16:37:42,False,,True,True,730.07,31,669531860,train
669531842,729.87,29,16:37:43,False,,True,True,730.07,31,669531860,train
669531843,729.8,29,16:37:44,False,,True,True,730.07,31,669531860,train
669626674,727.9,30,18:16:22,False,,True,True,727.86,32,669626803,train
669626675,727.94,30,18:16:23,False,,True,True,727.86,32,669626803,train
669626676,727.88,30,18:16:24,False,,True,True,727.86,32,669626803,train
669626677,727.94,30,18:16:25,False,,True,True,727.86,32,669626803,train
669626678,727.9,30,18:16:26,False,,True,True,727.86,32,669626803,train
669626679,727.91,30,18:16:27,False,,True,True,727.86,32,669626803,train
669626680,727.9,30,18:16:28,False,,True,True,727.86,32,669626803,train
669626681,727.88,30,18:16:29,False,,True,True,727.86,32,669626803,train
669626682,727.93,30,18:16:30,False,,True,True,727.86,32,669626803,train
669626683,727.93,30,18:16:31,False,,True,True,727.86,32,669626803,train
669626684,727.93,30,18:16:32,False,,True,True,727.86,32,669626803,train
669626685,727.91,30,18:16:33,False,,True,True,727.86,32,669626803,train
669626686,727.95,30,18:16:34,False,,True,True,727.86,32,669626803,train
669626687,727.95,30,18:16:35,False,,True,True,727.86,32,669626803,train
669626688,727.91,30,18:16:36,False,,True,True,727.86,32,669626803,train
669626689,727.93,30,18:16:37,False,,True,True,727.87,32,669626803,train
669626690,727.89,30,18:16:38,False,,True,True,727.87,32,669626803,train
669626691,727.96,30,18:16:39,False,,True,True,727.87,32,669626803,train
669626692,727.91,30,18:16:40,False,,True,True,727.87,32,669626803,train
669626693,727.89,30,18:16:41,False,,True,True,727.87,32,669626803,train
669626694,727.89,30,18:16:42,False,,True,True,727.87,32,669626803,train
669626695,727.87,30,18:16:43,False,,True,True,727.87,32,669626803,train
669626696,727.85,30,18:16:44,False,,True,True,727.87,32,669626803,train
669626697,727.87,30,18:16:45,False,,True,True,727.87,32,669626803,train
669626698,727.85,30,18:16:46,False,,True,True,727.87,32,669626803,train
669626699,727.78,30,18:16:47,False,,True,True,727.87,32,669626803,train
669626700,727.83,30,18:16:47,False,,True,True,727.87,32,669626803,train
669626701,727.81,30,18:16:48,False,,True,True,727.87,32,669626803,train
669626702,727.76,30,18:16:49,False,,True,True,727.87,32,669626803,train
669626703,727.81,30,18:16:50,False,,True,True,727.87,32,669626803,train
669626704,727.83,30,18:16:51,False,,True,True,727.87,32,669626803,train
669626705,727.83,30,18:16:52,False,,True,True,727.87,32,669626803,train
669626706,727.79,30,18:16:53,False,,True,True,727.86,32,669626803,train
669626707,727.79,30,18:16:54,False,,True,True,727.86,32,669626803,train
669626708,727.79,30,18:16:55,False,,True,True,727.86,32,669626803,train
669626709,727.79,30,18:16:56,False,,True,True,727.86,32,669626803,train
669626710,727.81,30,18:16:57,False,,True,True,727.86,32,669626803,train
669626711,727.81,30,18:16:58,False,,True,True,727.86,32,669626803,train
669626712,727.82,30,18:16:59,False,,True,True,727.86,32,669626803,train
669626713,727.77,30,18:17:00,False,,True,True,727.86,32,669626803,train
669626714,727.78,30,18:17:01,False,,True,True,727.86,32,669626803,train
669626715,727.78,30,18:17:02,False,,True,True,727.86,32,669626803,train
669626716,727.82,30,18:17:03,False,,True,True,727.86,32,669626803,train
669626717,727.76,30,18:17:04,False,,True,True,727.86,32,669626803,train
669626718,727.73,30,18:17:05,False,,True,True,727.86,32,669626803,train
669626719,727.76,30,18:17:06,False,,True,True,727.86,32,669626803,train
669626720,727.73,30,18:17:07,False,,True,True,727.86,32,669626803,train
669626721,727.71,30,18:17:08,False,,True,True,727.86,32,669626803,train
669626722,727.72,30,18:17:09,False,,True,True,727.86,32,669626803,train
669626723,727.63,30,18:17:10,False,,True,True,727.86,32,669626803,train
669626724,727.67,30,18:17:11,False,,True,True,727.86,32,669626803,train
669626725,727.67,30,18:17:12,False,,True,True,727.86,32,669626803,train
669626726,727.65,30,18:17:13,False,,True,True,727.86,32,669626803,train
669626727,727.71,30,18:17:14,False,,True,True,727.86,32,669626803,train
669626728,727.67,30,18:17:15,False,,True,True,727.86,32,669626803,train
669626729,727.65,30,18:17:16,False,,True,True,727.86,32,669626803,train
669626730,727.61,30,18:17:17,False,,True,True,727.86,32,669626803,train
669626731,727.65,30,18:17:18,False,,True,True,727.86,32,669626803,train
669626732,727.61,30,18:17:19,False,,True,True,727.86,32,669626803,train
669626733,727.58,30,18:17:20,False,,True,True,727.86,32,669626803,train
669688532,734.8,31,11:00:01,False,,True,True,734.86,33,669688619,train
669688533,734.75,31,11:00:02,False,,True,True,734.86,33,669688619,train
669688534,734.73,31,11:00:03,False,,True,True,734.86,33,669688619,train
669688535,734.75,31,11:00:04,False,,True,True,734.86,33,669688619,train
669688536,734.75,31,11:00:05,False,,True,True,734.86,33,669688619,train
669688537,734.77,31,11:00:06,False,,True,True,734.86,33,669688619,train
669688538,734.77,31,11:00:07,False,,True,True,734.86,33,669688619,train
669688539,734.76,31,11:00:08,False,,True,True,734.86,33,669688619,train
669688540,734.74,31,11:00:09,False,,True,True,734.86,33,669688619,train
669688541,734.74,31,11:00:10,False,,True,True,734.86,33,669688619,train
669688542,734.74,31,11:00:11,False,,True,True,734.86,33,669688619,train
669688543,734.71,31,11:00:12,False,,True,True,734.86,33,669688619,train
669688544,734.73,31,11:00:13,False,,True,True,734.86,33,669688619,train
669688545,734.78,31,11:00:14,False,,True,True,734.86,33,669688619,train
669688546,734.73,31,11:00:15,False,,True,True,734.86,33,669688619,train
669688547,734.71,31,11:00:16,False,,True,True,734.86,33,669688619,train
669688548,734.79,31,11:00:16,False,,True,True,734.85,33,669688619,train
669688549,734.73,31,11:00:17,False,,True,True,734.85,33,669688619,train
669688550,734.79,31,11:00:18,False,,True,True,734.85,33,669688619,train
669688551,734.74,31,11:00:19,False,,True,True,734.85,33,669688619,train
669688552,734.72,31,11:00:20,False,,True,True,734.85,33,669688619,train
669688553,734.76,31,11:00:21,False,,True,True,734.85,33,669688619,train
669688554,734.83,31,11:00:22,False,,True,True,734.85,33,669688619,train
669688555,734.78,31,11:00:23,False,,True,True,734.85,33,669688619,train
669688556,734.8,31,11:00:24,False,,True,True,734.85,33,669688619,train
669688557,734.82,31,11:00:25,False,,True,True,734.85,33,669688619,train
669688558,734.82,31,11:00:26,False,,True,True,734.85,33,669688619,train
669688559,734.77,31,11:00:27,False,,True,True,734.85,33,669688619,train
669688560,734.75,31,11:00:28,False,,True,True,734.85,33,669688619,train
669688561,734.77,31,11:00:29,False,,True,True,734.85,33,669688619,train
669688562,734.77,31,11:00:30,False,,True,True,734.85,33,669688619,train
669688563,734.68,31,11:00:31,False,,True,True,734.85,33,669688619,train
669688564,734.7,31,11:00:32,False,,True,True,734.85,33,669688619,train
669688565,734.71,31,11:00:33,False,,True,True,734.85,33,669688619,train
669688566,734.71,31,11:00:34,False,,True,True,734.85,33,669688619,train
669688567,734.69,31,11:00:35,False,,True,True,734.85,33,669688619,train
669688568,734.71,31,11:00:36,False,,True,True,734.85,33,669688619,train
669688569,734.66,31,11:00:37,False,,True,True,734.85,33,669688619,train
669688570,734.66,31,11:00:38,False,,True,True,734.85,33,669688619,train
669688571,734.71,31,11:00:39,False,,True,True,734.84,33,669688619,train
669688572,734.7,31,11:00:40,False,,True,True,734.84,33,669688619,train
669688573,734.72,31,11:00:41,False,,True,True,734.84,33,669688619,train
669688574,734.65,31,11:00:42,False,,True,True,734.84,33,669688619,train
669688575,734.65,31,11:00:43,False,,True,True,734.84,33,669688619,train
669688576,734.67,31,11:00:44,False,,True,True,734.84,33,669688619,train
669688577,734.67,31,11:00:45,False,,True,True,734.84,33,669688619,train
669688578,734.64,31,11:00:46,False,,True,True,734.84,33,669688619,train
669688579,734.71,31,11:00:47,False,,True,True,734.84,33,669688619,train
669688580,734.6,31,11:00:48,False,,True,True,734.84,33,669688619,train
669688581,734.6,31,11:00:49,False,,True,True,734.84,33,669688619,train
669688582,734.57,31,11:00:50,False,,True,True,734.84,33,669688619,train
669688583,734.55,31,11:00:51,False,,True,True,734.84,33,669688619,train
669688584,734.53,31,11:00:52,False,,True,True,734.84,33,669688619,train
669688585,734.47,31,11:00:53,False,,True,True,734.84,33,669688619,train
669688586,734.45,31,11:00:53,False,,True,True,734.83,33,669688619,train
669688587,734.43,31,11:00:54,False,,True,True,734.83,33,669688619,train
669688588,734.42,31,11:00:55,False,,True,True,734.83,33,669688619,train
669688589,734.38,31,11:00:56,False,,True,True,734.83,33,669688619,train
669688590,734.45,31,11:00:57,False,,True,True,734.83,33,669688619,train
669688591,734.31,31,11:00:58,False,,True,True,734.83,33,669688619,train
669689949,734.11,31,11:23:00,False,,True,False,734.26,34,669690018,train
669689950,734.17,31,11:23:01,False,,True,False,734.26,34,669690018,train
669689951,734.17,31,11:23:02,False,,True,False,734.26,34,669690018,train
669689952,734.17,31,11:23:03,False,,True,False,734.26,34,669690018,train
669689953,734.21,31,11:23:04,False,,True,False,734.26,34,669690018,train
669689954,734.16,31,11:23:05,False,,True,False,734.26,34,669690018,train
669689955,734.16,31,11:23:06,False,,True,False,734.26,34,669690018,train
669689956,734.18,31,11:23:07,False,,True,False,734.26,34,669690018,train
669689957,734.16,31,11:23:08,False,,True,False,734.26,34,669690018,train
669689958,734.18,31,11:23:09,False,,True,False,734.26,34,669690018,train
669689959,734.16,31,11:23:10,False,,True,False,734.26,34,669690018,train
669689960,734.18,31,11:23:11,False,,True,False,734.26,34,669690018,train
669689961,734.18,31,11:23:12,False,,True,False,734.26,34,669690018,train
669689962,734.2,31,11:23:13,False,,True,False,734.26,34,669690018,train
669689963,734.18,31,11:23:14,False,,True,False,734.26,34,669690018,train
669689964,734.11,31,11:23:15,False,,True,False,734.26,34,669690018,train
669689965,734.17,31,11:23:16,False,,True,False,734.25,34,669690018,train
669689966,734.17,31,11:23:17,False,,True,False,734.25,34,669690018,train
669689967,734.15,31,11:23:18,False,,True,False,734.25,34,669690018,train
669689968,734.15,31,11:23:19,False,,True,False,734.25,34,669690018,train
669689969,734.12,31,11:23:20,False,,True,False,734.25,34,669690018,train
669689970,734.12,31,11:23:21,False,,True,False,734.25,34,669690018,train
669689971,734.12,31,11:23:22,False,,True,False,734.25,34,669690018,train
669689972,734.14,31,11:23:23,False,,True,False,734.25,34,669690018,train
669689973,734.12,31,11:23:24,False,,True,False,734.25,34,669690018,train
669689974,734.16,31,11:23:25,False,,True,False,734.25,34,669690018,train
669689975,734.21,31,11:23:26,False,,True,False,734.25,34,669690018,train
669689976,734.12,31,11:23:27,False,,True,False,734.25,34,669690018,train
669689977,734.14,31,11:23:28,False,,True,False,734.25,34,669690018,train
669689978,734.16,31,11:23:29,False,,True,False,734.25,34,669690018,train
669689979,734.11,31,11:23:30,False,,True,False,734.25,34,669690018,train
669689980,734.15,31,11:23:31,False,,True,True,734.25,34,669690018,train
669689981,734.2,31,11:23:32,False,,True,True,734.25,34,669690018,train
669689982,734.15,31,11:23:32,False,,True,True,734.25,34,669690018,train
669689983,734.13,31,11:23:33,False,,True,True,734.25,34,669690018,train
669689984,734.19,31,11:23:34,False,,True,True,734.25,34,669690018,train
669689985,734.17,31,11:23:35,False,,True,True,734.24,34,669690018,train
669689986,734.17,31,11:23:36,False,,True,True,734.24,34,669690018,train
669689987,734.23,31,11:23:37,False,,True,True,734.24,34,669690018,train
669689988,734.17,31,11:23:38,False,,True,True,734.24,34,669690018,train
669689989,734.17,31,11:23:39,False,,True,True,734.24,34,669690018,train
669689990,734.21,31,11:23:40,False,,True,True,734.24,34,669690018,train
669689991,734.19,31,11:23:41,False,,True,True,734.24,34,669690018,train
669689992,734.23,31,11:23:42,False,,True,True,734.24,34,669690018,train
669689993,734.16,31,11:23:43,False,,True,True,734.24,34,669690018,train
669689994,734.16,31,11:23:44,False,,True,True,734.24,34,669690018,train
669689995,734.16,31,11:23:45,False,,True,True,734.24,34,669690018,train
669689996,734.13,31,11:23:46,False,,True,True,734.24,34,669690018,train
669689997,734.11,31,11:23:47,False,,True,True,734.24,34,669690018,train
669689998,734.11,31,11:23:48,False,,True,True,734.24,34,669690018,train
669689999,734.11,31,11:23:49,False,,True,True,734.24,34,669690018,train
669690000,734.11,31,11:23:50,False,,True,True,734.24,34,669690018,train
669690001,734.01,31,11:23:51,False,,True,True,734.24,34,669690018,train
669690002,734.02,31,11:23:52,False,,True,True,734.24,34,669690018,train
669690003,734.08,31,11:23:53,False,,True,True,734.24,34,669690018,train
669690004,733.99,31,11:23:54,False,,True,True,734.23,34,669690018,train
669690005,733.99,31,11:23:55,False,,True,True,734.23,34,669690018,train
669690006,733.97,31,11:23:56,False,,True,True,734.23,34,669690018,train
669690007,733.96,31,11:23:57,False,,True,True,734.23,34,669690018,train
669690008,733.96,31,11:23:58,False,,True,True,734.23,34,669690018,train
669690556,734.28,31,11:32:51,False,,True,False,734.26,35,669690620,train
669690557,734.23,31,11:32:52,False,,True,False,734.26,35,669690620,train
669690558,734.21,31,11:32:53,False,,True,False,734.26,35,669690620,train
669690559,734.28,31,11:32:54,False,,True,False,734.26,35,669690620,train
669690560,734.25,31,11:32:55,False,,True,False,734.26,35,669690620,train
669690561,734.32,31,11:32:56,False,,True,False,734.26,35,669690620,train
669690562,734.27,31,11:32:57,False,,True,False,734.26,35,669690620,train
669690563,734.3,31,11:32:58,False,,True,False,734.26,35,669690620,train
669690564,734.32,31,11:32:59,False,,True,False,734.26,35,669690620,train
669690565,734.27,31,11:33:00,False,,True,False,734.26,35,669690620,train
669690566,734.25,31,11:33:01,False,,True,False,734.26,35,669690620,train
669690567,734.32,31,11:33:02,False,,True,False,734.26,35,669690620,train
669690568,734.25,31,11:33:03,False,,True,False,734.26,35,669690620,train
669690569,734.29,31,11:33:04,False,,True,False,734.26,35,669690620,train
669690570,734.29,31,11:33:05,False,,True,False,734.26,35,669690620,train
669690571,734.29,31,11:33:06,False,,True,False,734.26,35,669690620,train
669690572,734.31,31,11:33:07,False,,True,False,734.27,35,669690620,train
669690573,734.31,31,11:33:08,False,,True,False,734.27,35,669690620,train
669690574,734.26,31,11:33:09,False,,True,False,734.27,35,669690620,train
669690575,734.31,31,11:33:10,False,,True,False,734.27,35,669690620,train
669690576,734.31,31,11:33:11,False,,True,False,734.27,35,669690620,train
669690577,734.28,31,11:33:12,False,,True,False,734.27,35,669690620,train
669690578,734.33,31,11:33:13,False,,True,False,734.27,35,669690620,train
669690579,734.28,31,11:33:14,False,,True,False,734.27,35,669690620,train
669690580,734.31,31,11:33:15,False,,True,False,734.27,35,669690620,train
669690581,734.3,31,11:33:16,False,,True,False,734.27,35,669690620,train
669690582,734.26,31,11:33:17,False,,True,False,734.27,35,669690620,train
669690583,734.3,31,11:33:18,False,,True,False,734.27,35,669690620,train
669690584,734.3,31,11:33:19,False,,True,False,734.27,35,669690620,train
669690585,734.32,31,11:33:20,False,,True,False,734.27,35,669690620,train
669690586,734.26,31,11:33:20,False,,True,False,734.27,35,669690620,train
669690587,734.3,31,11:33:21,False,,True,False,734.27,35,669690620,train
669690588,734.32,31,11:33:22,False,,True,False,734.27,35,669690620,train
669690589,734.3,31,11:33:23,False,,True,False,734.27,35,669690620,train
669690590,734.32,31,11:33:24,False,,True,False,734.27,35,669690620,train
669690591,734.36,31,11:33:25,False,,True,False,734.27,35,669690620,train
669690592,734.27,31,11:33:26,False,,True,False,734.27,35,669690620,train
669690593,734.32,31,11:33:27,False,,True,False,734.28,35,669690620,train
669690594,734.34,31,11:33:28,False,,True,False,734.28,35,669690620,train
669690595,734.29,31,11:33:29,False,,True,False,734.28,35,669690620,train
669690596,734.34,31,11:33:30,False,,True,False,734.28,35,669690620,train
669690597,734.33,31,11:33:31,False,,True,False,734.28,35,669690620,train
669690598,734.38,31,11:33:32,False,,True,False,734.28,35,669690620,train
669690599,734.36,31,11:33:33,False,,True,False,734.28,35,669690620,train
669690600,734.35,31,11:33:34,False,,True,False,734.28,35,669690620,train
669690601,734.33,31,11:33:35,False,,True,False,734.28,35,669690620,train
669690602,734.29,31,11:33:36,False,,True,False,734.28,35,669690620,train
669690603,734.4,31,11:33:37,False,,True,True,734.28,35,669690620,train
669690604,734.35,31,11:33:38,False,,True,True,734.28,35,669690620,train
669690605,734.28,31,11:33:39,False,,True,True,734.28,35,669690620,train
669690606,734.3,31,11:33:40,False,,True,True,734.28,35,669690620,train
669690607,734.32,31,11:33:41,False,,True,True,734.28,35,669690620,train
669690608,734.3,31,11:33:42,False,,True,True,734.28,35,669690620,train
669690609,734.28,31,11:33:43,False,,True,True,734.28,35,669690620,train
669690610,734.3,31,11:33:44,False,,True,True,734.28,35,669690620,train
669690611,734.32,31,11:33:45,False,,True,True,734.28,35,669690620,train
669690612,734.21,31,11:33:46,False,,True,True,734.28,35,669690620,train
669690613,734.21,31,11:33:47,False,,True,True,734.28,35,669690620,train
669690614,734.21,31,11:33:48,False,,True,True,734.28,35,669690620,train
669690615,734.16,31,11:33:49,False,,True,True,734.28,35,669690620,train
669704071,728.54,31,15:12:08,False,,True,True,728.81,36,669704197,train
669704072,728.54,31,15:12:09,False,,True,True,728.81,36,669704197,train
669704073,728.54,31,15:12:10,False,,True,True,728.81,36,669704197,train
669704074,728.58,31,15:12:11,False,,True,True,728.81,36,669704197,train
669704075,728.52,31,15:12:12,False,,True,True,728.81,36,669704197,train
669704076,728.49,31,15:12:13,False,,True,True,728.81,36,669704197,train
669704077,728.54,31,15:12:14,False,,True,True,728.8,36,669704197,train
669704078,728.52,31,15:12:15,False,,True,True,728.8,36,669704197,train
669704079,728.49,31,15:12:16,False,,True,True,728.8,36,669704197,train
669704080,728.5,31,15:12:17,False,,True,True,728.8,36,669704197,train
669704081,728.49,31,15:12:18,False,,True,True,728.8,36,669704197,train
669704082,728.54,31,15:12:19,False,,True,True,728.8,36,669704197,train
669704083,728.49,31,15:12:20,False,,True,True,728.8,36,669704197,train
669704084,728.54,31,15:12:21,False,,True,True,728.8,36,669704197,train
669704085,728.54,31,15:12:22,False,,True,True,728.8,36,669704197,train
669704086,728.56,31,15:12:23,False,,True,True,728.8,36,669704197,train
669704087,728.54,31,15:12:24,False,,True,True,728.79,36,669704197,train
669704088,728.51,31,15:12:25,False,,True,True,728.79,36,669704197,train
669704089,728.51,31,15:12:26,False,,True,True,728.79,36,669704197,train
669704090,728.49,31,15:12:27,False,,True,True,728.79,36,669704197,train
669704091,728.47,31,15:12:28,False,,True,True,728.79,36,669704197,train
669704092,728.49,31,15:12:29,False,,True,True,728.79,36,669704197,train
669704093,728.47,31,15:12:30,False,,True,True,728.79,36,669704197,train
669704094,728.49,31,15:12:31,False,,True,True,728.79,36,669704197,train
669704095,728.47,31,15:12:31,False,,True,True,728.79,36,669704197,train
669704096,728.49,31,15:12:32,False,,True,True,728.78,36,669704197,train
669704097,728.51,31,15:12:33,False,,True,True,728.78,36,669704197,train
669704098,728.42,31,15:12:34,False,,True,True,728.78,36,669704197,train
669704099,728.52,31,15:12:35,False,,True,True,728.78,36,669704197,train
669704100,728.47,31,15:12:36,False,,True,True,728.78,36,669704197,train
669704101,728.51,31,15:12:37,False,,True,True,728.78,36,669704197,train
669704102,728.47,31,15:12:38,False,,True,True,728.78,36,669704197,train
669704103,728.45,31,15:12:39,False,,True,True,728.78,36,669704197,train
669704104,728.48,31,15:12:40,False,,True,True,728.77,36,669704197,train
669704105,728.47,31,15:12:41,False,,True,True,728.77,36,669704197,train
669704106,728.46,31,15:12:42,False,,True,True,728.77,36,669704197,train
669704107,728.44,31,15:12:43,False,,True,True,728.77,36,669704197,train
669704108,728.49,31,15:12:44,False,,True,True,728.77,36,669704197,train
669704109,728.44,31,15:12:45,False,,True,True,728.77,36,669704197,train
669704110,728.47,31,15:12:46,False,,True,True,728.77,36,669704197,train
669704111,728.48,31,15:12:47,False,,True,True,728.77,36,669704197,train
669704112,728.44,31,15:12:48,False,,True,True,728.76,36,669704197,train
669704113,728.44,31,15:12:49,False,,True,True,728.76,36,669704197,train
669704114,728.48,31,15:12:50,False,,True,True,728.76,36,669704197,train
669704115,728.51,31,15:12:51,False,,True,True,728.76,36,669704197,train
669704116,728.44,31,15:12:52,False,,True,True,728.76,36,669704197,train
669704117,728.44,31,15:12:53,False,,True,True,728.76,36,669704197,train
669704118,728.44,31,15:12:54,False,,True,True,728.76,36,669704197,train
669704119,728.42,31,15:12:55,False,,True,True,728.76,36,669704197,train
669704120,728.41,31,15:12:56,False,,True,True,728.76,36,669704197,train
669704121,728.42,31,15:12:57,False,,True,True,728.75,36,669704197,train
669704122,728.41,31,15:12:58,False,,True,True,728.75,36,669704197,train
669704123,728.42,31,15:12:59,False,,True,True,728.75,36,669704197,train
669704124,728.39,31,15:13:00,False,,True,True,728.75,36,669704197,train
669704125,728.41,31,15:13:01,False,,True,True,728.75,36,669704197,train
669704126,728.39,31,15:13:02,False,,True,True,728.75,36,669704197,train
669704127,728.46,31,15:13:03,False,,True,True,728.75,36,669704197,train
669704128,728.39,31,15:13:04,False,,True,True,728.75,36,669704197,train
669704129,728.43,31,15:13:05,False,,True,True,728.74,36,669704197,train
669704130,728.37,31,15:13:06,False,,True,True,728.74,36,669704197,train
669704071,728.54,31,15:12:08,False,,True,True,728.81,37,669779409,train
669704072,728.54,31,15:12:09,False,,True,True,728.81,37,669779409,train
669704073,728.54,31,15:12:10,False,,True,True,728.81,37,669779409,train
669704074,728.58,31,15:12:11,False,,True,True,728.81,37,669779409,train
669704075,728.52,31,15:12:12,False,,True,True,728.81,37,669779409,train
669704076,728.49,31,15:12:13,False,,True,True,728.81,37,669779409,train
669704077,728.54,31,15:12:14,False,,True,True,728.8,37,669779409,train
669704078,728.52,31,15:12:15,False,,True,True,728.8,37,669779409,train
669704079,728.49,31,15:12:16,False,,True,True,728.8,37,669779409,train
669704080,728.5,31,15:12:17,False,,True,True,728.8,37,669779409,train
669704081,728.49,31,15:12:18,False,,True,True,728.8,37,669779409,train
669704082,728.54,31,15:12:19,False,,True,True,728.8,37,669779409,train
669704083,728.49,31,15:12:20,False,,True,True,728.8,37,669779409,train
669704084,728.54,31,15:12:21,False,,True,True,728.8,37,669779409,train
669704085,728.54,31,15:12:22,False,,True,True,728.8,37,669779409,train
669704086,728.56,31,15:12:23,False,,True,True,728.8,37,669779409,train
669704087,728.54,31,15:12:24,False,,True,True,728.79,37,669779409,train
669704088,728.51,31,15:12:25,False,,True,True,728.79,37,669779409,train
669704089,728.51,31,15:12:26,False,,True,True,728.79,37,669779409,train
669704090,728.49,31,15:12:27,False,,True,True,728.79,37,669779409,train
669704091,728.47,31,15:12:28,False,,True,True,728.79,37,669779409,train
669704092,728.49,31,15:12:29,False,,True,True,728.79,37,669779409,train
669704093,728.47,31,15:12:30,False,,True,True,728.79,37,669779409,train
669704094,728.49,31,15:12:31,False,,True,True,728.79,37,669779409,train
669704095,728.47,31,15:12:31,False,,True,True,728.79,37,669779409,train
669704096,728.49,31,15:12:32,False,,True,True,728.78,37,669779409,train
669704097,728.51,31,15:12:33,False,,True,True,728.78,37,669779409,train
669704098,728.42,31,15:12:34,False,,True,True,728.78,37,669779409,train
669704099,728.52,31,15:12:35,False,,True,True,728.78,37,669779409,train
669704100,728.47,31,15:12:36,False,,True,True,728.78,37,669779409,train
669704101,728.51,31,15:12:37,False,,True,True,728.78,37,669779409,train
669704102,728.47,31,15:12:38,False,,True,True,728.78,37,669779409,train
669704103,728.45,31,15:12:39,False,,True,True,728.78,37,669779409,train
669704104,728.48,31,15:12:40,False,,True,True,728.77,37,669779409,train
669704105,728.47,31,15:12:41,False,,True,True,728.77,37,669779409,train
669704106,728.46,31,15:12:42,False,,True,True,728.77,37,669779409,train
669704107,728.44,31,15:12:43,False,,True,True,728.77,37,669779409,train
669704108,728.49,31,15:12:44,False,,True,True,728.77,37,669779409,train
669704109,728.44,31,15:12:45,False,,True,True,728.77,37,669779409,train
669704110,728.47,31,15:12:46,False,,True,True,728.77,37,669779409,train
669704111,728.48,31,15:12:47,False,,True,True,728.77,37,669779409,train
669704112,728.44,31,15:12:48,False,,True,True,728.76,37,669779409,train
669704113,728.44,31,15:12:49,False,,True,True,728.76,37,669779409,train
669704114,728.48,31,15:12:50,False,,True,True,728.76,37,669779409,train
669704115,728.51,31,15:12:51,False,,True,True,728.76,37,669779409,train
669704116,728.44,31,15:12:52,False,,True,True,728.76,37,669779409,train
669704117,728.44,31,15:12:53,False,,True,True,728.76,37,669779409,train
669704118,728.44,31,15:12:54,False,,True,True,728.76,37,669779409,train
669704119,728.42,31,15:12:55,False,,True,True,728.76,37,669779409,train
669704120,728.41,31,15:12:56,False,,True,True,728.76,37,669779409,train
669704121,728.42,31,15:12:57,False,,True,True,728.75,37,669779409,train
669704122,728.41,31,15:12:58,False,,True,True,728.75,37,669779409,train
669704123,728.42,31,15:12:59,False,,True,True,728.75,37,669779409,train
669704124,728.39,31,15:13:00,False,,True,True,728.75,37,669779409,train
669704125,728.41,31,15:13:01,False,,True,True,728.75,37,669779409,train
669704126,728.39,31,15:13:02,False,,True,True,728.75,37,669779409,train
669704127,728.46,31,15:13:03,False,,True,True,728.75,37,669779409,train
669704128,728.39,31,15:13:04,False,,True,True,728.75,37,669779409,train
669704129,728.43,31,15:13:05,False,,True,True,728.74,37,669779409,train
669704130,728.37,31,15:13:06,False,,True,True,728.74,37,669779409,train
669780373,737.41,32,11:50:08,False,,True,False,737.31,38,669780445,train
669780374,737.39,32,11:50:09,False,,True,False,737.31,38,669780445,train
669780375,737.43,32,11:50:10,False,,True,False,737.31,38,669780445,train
669780376,737.41,32,11:50:11,False,,True,False,737.31,38,669780445,train
669780377,737.38,32,11:50:12,False,,True,False,737.31,38,669780445,train
669780378,737.4,32,11:50:13,False,,True,False,737.31,38,669780445,train
669780379,737.4,32,11:50:14,False,,True,False,737.31,38,669780445,train
669780380,737.35,32,11:50:15,False,,True,False,737.31,38,669780445,train
669780381,737.37,32,11:50:16,False,,True,False,737.31,38,669780445,train
669780382,737.39,32,11:50:17,False,,True,False,737.31,38,669780445,train
669780383,737.37,32,11:50:18,False,,True,False,737.31,38,669780445,train
669780384,737.41,32,11:50:19,False,,True,False,737.31,38,669780445,train
669780385,737.36,32,11:50:20,False,,True,False,737.31,38,669780445,train
669780386,737.36,32,11:50:21,False,,True,False,737.31,38,669780445,train
669780387,737.38,32,11:50:22,False,,True,False,737.31,38,669780445,train
669780388,737.33,32,11:50:23,False,,True,False,737.31,38,669780445,train
669780389,737.31,32,11:50:24,False,,True,False,737.31,38,669780445,train
669780390,737.42,32,11:50:25,False,,True,False,737.31,38,669780445,train
669780391,737.39,32,11:50:26,False,,True,False,737.31,38,669780445,train
669780392,737.41,32,11:50:27,False,,True,False,737.31,38,669780445,train
669780393,737.37,32,11:50:28,False,,True,False,737.31,38,669780445,train
669780394,737.34,32,11:50:29,False,,True,False,737.31,38,669780445,train
669780395,737.36,32,11:50:30,False,,True,False,737.31,38,669780445,train
669780396,737.39,32,11:50:31,False,,True,False,737.31,38,669780445,train
669780397,737.45,32,11:50:31,False,,True,True,737.31,38,669780445,train
669780398,737.4,32,11:50:32,False,,True,True,737.31,38,669780445,train
669780399,737.4,32,11:50:33,False,,True,True,737.31,38,669780445,train
669780400,737.4,32,11:50:34,False,,True,True,737.31,38,669780445,train
669780401,737.42,32,11:50:35,False,,True,True,737.31,38,669780445,train
669780402,737.43,32,11:50:36,False,,True,True,737.31,38,669780445,train
669780403,737.37,32,11:50:37,False,,True,True,737.31,38,669780445,train
669780404,737.35,32,11:50:38,False,,True,True,737.31,38,669780445,train
669780405,737.34,32,11:50:39,False,,True,True,737.32,38,669780445,train
669780406,737.36,32,11:50:40,False,,True,True,737.32,38,669780445,train
669780407,737.36,32,11:50:41,False,,True,True,737.32,38,669780445,train
669780408,737.38,32,11:50:42,False,,True,True,737.32,38,669780445,train
669780409,737.36,32,11:50:43,False,,True,True,737.32,38,669780445,train
669780410,737.35,32,11:50:44,False,,True,True,737.32,38,669780445,train
669780411,737.35,32,11:50:45,False,,True,True,737.32,38,669780445,train
669780412,737.32,32,11:50:46,False,,True,True,737.32,38,669780445,train
669780413,737.37,32,11:50:47,False,,True,True,737.32,38,669780445,train
669780414,737.37,32,11:50:48,False,,True,True,737.32,38,669780445,train
669780415,737.34,32,11:50:49,False,,True,True,737.32,38,669780445,train
669780416,737.41,32,11:50:50,False,,True,True,737.32,38,669780445,train
669780417,737.38,32,11:50:51,False,,True,True,737.32,38,669780445,train
669780418,737.38,32,11:50:52,False,,True,True,737.32,38,669780445,train
669780419,737.36,32,11:50:53,False,,True,True,737.32,38,669780445,train
669780420,737.35,32,11:50:54,False,,True,True,737.32,38,669780445,train
669780421,737.33,32,11:50:55,False,,True,True,737.32,38,669780445,train
669780422,737.35,32,11:50:56,False,,True,True,737.32,38,669780445,train
669780423,737.33,32,11:50:57,False,,True,True,737.32,38,669780445,train
669780424,737.28,32,11:50:58,False,,True,True,737.32,38,669780445,train
669780425,737.34,32,11:50:59,False,,True,True,737.32,38,669780445,train
669780426,737.32,32,11:51:00,False,,True,True,737.32,38,669780445,train
669780427,737.36,32,11:51:01,False,,True,True,737.32,38,669780445,train
669780428,737.29,32,11:51:02,False,,True,True,737.32,38,669780445,train
669780429,737.31,32,11:51:03,False,,True,True,737.32,38,669780445,train
669780430,737.24,32,11:51:04,False,,True,True,737.32,38,669780445,train
669780431,737.24,32,11:51:05,False,,True,True,737.32,38,669780445,train
669780432,737.17,32,11:51:06,False,,True,True,737.32,38,669780445,train
669787807,735.95,32,13:50:45,True,39.0,False,True,736.76,39,669787866,train
669787808,735.92,32,13:50:46,True,39.0,False,True,736.76,39,669787866,train
669787809,735.92,32,13:50:47,True,39.0,False,True,736.76,39,669787866,train
669787810,735.94,32,13:50:48,True,39.0,False,True,736.76,39,669787866,train
669787811,735.94,32,13:50:49,True,39.0,False,True,736.75,39,669787866,train
669787812,735.96,32,13:50:50,True,39.0,False,True,736.75,39,669787866,train
669787813,735.94,32,13:50:51,True,39.0,False,True,736.75,39,669787866,train
669787814,735.94,32,13:50:52,True,39.0,False,True,736.75,39,669787866,train
669787815,735.92,32,13:50:53,True,39.0,True,True,736.75,39,669787866,train
669787816,735.76,32,13:50:54,True,39.0,True,True,736.74,39,669787866,train
669787817,735.74,32,13:50:55,True,39.0,True,True,736.74,39,669787866,train
669787818,735.76,32,13:50:56,True,39.0,True,True,736.74,39,669787866,train
669787819,735.78,32,13:50:57,True,39.0,True,True,736.74,39,669787866,train
669787820,735.76,32,13:50:58,True,39.0,True,True,736.73,39,669787866,train
669787821,735.71,32,13:50:59,True,39.0,True,True,736.73,39,669787866,train
669787822,735.65,32,13:51:00,True,39.0,True,True,736.73,39,669787866,train
669787823,735.67,32,13:51:01,True,39.0,True,True,736.73,39,669787866,train
669787824,735.6,32,13:51:02,True,39.0,True,True,736.72,39,669787866,train
669787825,735.55,32,13:51:03,True,39.0,True,True,736.72,39,669787866,train
669787826,735.41,32,13:51:04,True,39.0,True,True,736.72,39,669787866,train
669787827,735.26,32,13:51:05,True,39.0,True,True,736.71,39,669787866,train
669787828,734.92,32,13:51:06,True,39.0,True,True,736.71,39,669787866,train
669787829,735.01,32,13:51:07,True,39.0,True,True,736.71,39,669787866,train
669787830,735.16,32,13:51:08,True,39.0,True,True,736.7,39,669787866,train
669787831,735.03,32,13:51:08,True,39.0,True,True,736.7,39,669787866,train
669787832,735.03,32,13:51:09,True,39.0,True,True,736.7,39,669787866,train
669787833,735.3,32,13:51:10,True,39.0,True,True,736.69,39,669787866,train
669787834,735.5,32,13:51:11,True,39.0,True,True,736.69,39,669787866,train
669787835,735.43,32,13:51:12,True,39.0,True,True,736.69,39,669787866,train
669787836,735.37,32,13:51:13,True,39.0,True,True,736.68,39,669787866,train
669787837,735.45,32,13:51:14,True,39.0,True,True,736.68,39,669787866,train
669787838,735.43,32,13:51:15,True,39.0,True,True,736.68,39,669787866,train
669787839,735.43,32,13:51:16,True,39.0,True,True,736.67,39,669787866,train
669787840,735.52,32,13:51:17,True,39.0,True,True,736.67,39,669787866,train
669787841,735.59,32,13:51:18,True,39.0,True,True,736.67,39,669787866,train
669787842,735.64,32,13:51:19,True,39.0,True,True,736.67,39,669787866,train
669787843,735.57,32,13:51:20,True,39.0,True,True,736.66,39,669787866,train
669787844,735.65,32,13:51:21,True,39.0,True,True,736.66,39,669787866,train
669787845,735.61,32,13:51:22,True,39.0,True,True,736.66,39,669787866,train
669787846,735.61,32,13:51:23,True,39.0,True,True,736.66,39,669787866,train
669787847,735.52,32,13:51:24,True,39.0,True,True,736.65,39,669787866,train
669787848,735.52,32,13:51:25,True,39.0,True,True,736.65,39,669787866,train
669787849,735.49,32,13:51:26,True,39.0,True,True,736.65,39,669787866,train
669787850,735.53,32,13:51:27,True,39.0,True,True,736.64,39,669787866,train
669787851,735.49,32,13:51:28,True,39.0,True,True,736.64,39,669787866,train
669787852,735.47,32,13:51:29,True,39.0,True,True,736.64,39,669787866,train
669787853,735.4,32,13:51:30,True,39.0,True,True,736.64,39,669787866,train
669787854,735.4,32,13:51:31,True,39.0,True,True,736.63,39,669787866,train
669787855,735.44,32,13:51:32,True,39.0,True,True,736.63,39,669787866,train
669787856,735.35,32,13:51:33,True,39.0,True,True,736.63,39,669787866,train
669787857,735.44,32,13:51:34,True,39.0,True,True,736.62,39,669787866,train
669787858,735.42,32,13:51:35,True,39.0,True,True,736.62,39,669787866,train
669787859,735.46,32,13:51:36,True,39.0,True,True,736.62,39,669787866,train
669787860,735.46,32,13:51:37,True,39.0,True,True,736.61,39,669787866,train
669787861,735.58,32,13:51:38,True,39.0,True,True,736.61,39,669787866,train
669787862,735.51,32,13:51:39,True,39.0,True,True,736.61,39,669787866,train
669787863,735.53,32,13:51:40,True,39.0,True,True,736.61,39,669787866,train
669787864,735.51,32,13:51:41,True,39.0,True,True,736.6,39,669787866,train
669787865,735.6,32,13:51:42,True,39.0,True,True,736.6,39,669787866,train
669787866,735.57,32,13:51:43,True,39.0,True,True,736.6,39,669787866,train
669787815,735.92,32,13:50:53,True,39.0,True,True,736.75,40,669787881,train
669787816,735.76,32,13:50:54,True,39.0,True,True,736.74,40,669787881,train
669787817,735.74,32,13:50:55,True,39.0,True,True,736.74,40,669787881,train
669787818,735.76,32,13:50:56,True,39.0,True,True,736.74,40,669787881,train
669787819,735.78,32,13:50:57,True,39.0,True,True,736.74,40,669787881,train
669787820,735.76,32,13:50:58,True,39.0,True,True,736.73,40,669787881,train
669787821,735.71,32,13:50:59,True,39.0,True,True,736.73,40,669787881,train
669787822,735.65,32,13:51:00,True,39.0,True,True,736.73,40,669787881,train
669787823,735.67,32,13:51:01,True,39.0,True,True,736.73,40,669787881,train
669787824,735.6,32,13:51:02,True,39.0,True,True,736.72,40,669787881,train
669787825,735.55,32,13:51:03,True,39.0,True,True,736.72,40,669787881,train
669787826,735.41,32,13:51:04,True,39.0,True,True,736.72,40,669787881,train
669787827,735.26,32,13:51:05,True,39.0,True,True,736.71,40,669787881,train
669787828,734.92,32,13:51:06,True,39.0,True,True,736.71,40,669787881,train
669787829,735.01,32,13:51:07,True,39.0,True,True,736.71,40,669787881,train
669787830,735.16,32,13:51:08,True,39.0,True,True,736.7,40,669787881,train
669787831,735.03,32,13:51:08,True,39.0,True,True,736.7,40,669787881,train
669787832,735.03,32,13:51:09,True,39.0,True,True,736.7,40,669787881,train
669787833,735.3,32,13:51:10,True,39.0,True,True,736.69,40,669787881,train
669787834,735.5,32,13:51:11,True,39.0,True,True,736.69,40,669787881,train
669787835,735.43,32,13:51:12,True,39.0,True,True,736.69,40,669787881,train
669787836,735.37,32,13:51:13,True,39.0,True,True,736.68,40,669787881,train
669787837,735.45,32,13:51:14,True,39.0,True,True,736.68,40,669787881,train
669787838,735.43,32,13:51:15,True,39.0,True,True,736.68,40,669787881,train
669787839,735.43,32,13:51:16,True,39.0,True,True,736.67,40,669787881,train
669787840,735.52,32,13:51:17,True,39.0,True,True,736.67,40,669787881,train
669787841,735.59,32,13:51:18,True,39.0,True,True,736.67,40,669787881,train
669787842,735.64,32,13:51:19,True,39.0,True,True,736.67,40,669787881,train
669787843,735.57,32,13:51:20,True,39.0,True,True,736.66,40,669787881,train
669787844,735.65,32,13:51:21,True,39.0,True,True,736.66,40,669787881,train
669787845,735.61,32,13:51:22,True,39.0,True,True,736.66,40,669787881,train
669787846,735.61,32,13:51:23,True,39.0,True,True,736.66,40,669787881,train
669787847,735.52,32,13:51:24,True,39.0,True,True,736.65,40,669787881,train
669787848,735.52,32,13:51:25,True,39.0,True,True,736.65,40,669787881,train
669787849,735.49,32,13:51:26,True,39.0,True,True,736.65,40,669787881,train
669787850,735.53,32,13:51:27,True,39.0,True,True,736.64,40,669787881,train
669787851,735.49,32,13:51:28,True,39.0,True,True,736.64,40,669787881,train
669787852,735.47,32,13:51:29,True,39.0,True,True,736.64,40,669787881,train
669787853,735.4,32,13:51:30,True,39.0,True,True,736.64,40,669787881,train
669787854,735.4,32,13:51:31,True,39.0,True,True,736.63,40,669787881,train
669787855,735.44,32,13:51:32,True,39.0,True,True,736.63,40,669787881,train
669787856,735.35,32,13:51:33,True,39.0,True,True,736.63,40,669787881,train
669787857,735.44,32,13:51:34,True,39.0,True,True,736.62,40,669787881,train
669787858,735.42,32,13:51:35,True,39.0,True,True,736.62,40,669787881,train
669787859,735.46,32,13:51:36,True,39.0,True,True,736.62,40,669787881,train
669787860,735.46,32,13:51:37,True,39.0,True,True,736.61,40,669787881,train
669787861,735.58,32,13:51:38,True,39.0,True,True,736.61,40,669787881,train
669787862,735.51,32,13:51:39,True,39.0,True,True,736.61,40,669787881,train
669787863,735.53,32,13:51:40,True,39.0,True,True,736.61,40,669787881,train
669787864,735.51,32,13:51:41,True,39.0,True,True,736.6,40,669787881,train
669787865,735.6,32,13:51:42,True,39.0,True,True,736.6,40,669787881,train
669787866,735.57,32,13:51:43,True,39.0,True,True,736.6,40,669787881,train
669787867,735.64,32,13:51:44,True,39.0,True,True,736.59,40,669787881,train
669787868,735.59,32,13:51:44,True,39.0,True,True,736.59,40,669787881,train
669787869,735.48,32,13:51:45,True,39.0,True,True,736.59,40,669787881,train
669787870,735.46,32,13:51:46,True,39.0,True,True,736.59,40,669787881,train
669787871,735.5,32,13:51:47,True,39.0,True,True,736.58,40,669787881,train
669787872,735.45,32,13:51:48,True,39.0,True,True,736.58,40,669787881,train
669787873,735.43,32,13:51:49,True,39.0,True,True,736.58,40,669787881,train
669787874,735.46,32,13:51:50,True,39.0,True,True,736.57,40,669787881,train
669870331,738.13,33,12:09:42,False,,True,False,738.18,41,669870405,train
669870332,738.12,33,12:09:43,False,,True,False,738.18,41,669870405,train
669870333,738.08,33,12:09:44,False,,True,False,738.18,41,669870405,train
669870334,738.12,33,12:09:45,False,,True,False,738.18,41,669870405,train
669870335,738.14,33,12:09:46,False,,True,False,738.18,41,669870405,train
669870336,738.14,33,12:09:47,False,,True,False,738.18,41,669870405,train
669870337,738.08,33,12:09:48,False,,True,False,738.18,41,669870405,train
669870338,738.07,33,12:09:49,False,,True,False,738.18,41,669870405,train
669870339,738.05,33,12:09:50,False,,True,False,738.18,41,669870405,train
669870340,738.07,33,12:09:51,False,,True,False,738.18,41,669870405,train
669870341,738.02,33,12:09:52,False,,True,False,738.18,41,669870405,train
669870342,738.13,33,12:09:53,False,,True,False,738.18,41,669870405,train
669870343,738.09,33,12:09:54,False,,True,False,738.18,41,669870405,train
669870344,738.09,33,12:09:55,False,,True,False,738.18,41,669870405,train
669870345,738.09,33,12:09:56,False,,True,False,738.18,41,669870405,train
669870346,738.09,33,12:09:57,False,,True,False,738.18,41,669870405,train
669870347,738.11,33,12:09:58,False,,True,True,738.18,41,669870405,train
669870348,738.09,33,12:09:59,False,,True,True,738.18,41,669870405,train
669870349,738.11,33,12:10:00,False,,True,True,738.18,41,669870405,train
669870350,738.06,33,12:10:01,False,,True,True,738.18,41,669870405,train
669870351,738.02,33,12:10:02,False,,True,True,738.18,41,669870405,train
669870352,738.08,33,12:10:03,False,,True,True,738.17,41,669870405,train
669870353,738.02,33,12:10:04,False,,True,True,738.17,41,669870405,train
669870354,738.08,33,12:10:05,False,,True,True,738.17,41,669870405,train
669870355,738.01,33,12:10:06,False,,True,True,738.17,41,669870405,train
669870356,738.03,33,12:10:07,False,,True,True,738.17,41,669870405,train
669870357,738.01,33,12:10:08,False,,True,True,738.17,41,669870405,train
669870358,738.03,33,12:10:09,False,,True,True,738.17,41,669870405,train
669870359,738.07,33,12:10:09,False,,True,True,738.17,41,669870405,train
669870360,738.07,33,12:10:10,False,,True,True,738.17,41,669870405,train
669870361,737.96,33,12:10:11,False,,True,True,738.17,41,669870405,train
669870362,738.01,33,12:10:12,False,,True,True,738.17,41,669870405,train
669870363,737.96,33,12:10:13,False,,True,True,738.17,41,669870405,train
669870364,738.05,33,12:10:14,False,,True,True,738.17,41,669870405,train
669870365,738.05,33,12:10:15,False,,True,True,738.17,41,669870405,train
669870366,738.02,33,12:10:16,False,,True,True,738.17,41,669870405,train
669870367,737.98,33,12:10:17,False,,True,True,738.17,41,669870405,train
669870368,737.98,33,12:10:18,False,,True,True,738.17,41,669870405,train
669870369,738.0,33,12:10:19,False,,True,True,738.17,41,669870405,train
669870370,737.95,33,12:10:20,False,,True,True,738.17,41,669870405,train
669870371,737.98,33,12:10:21,False,,True,True,738.17,41,669870405,train
669870372,738.0,33,12:10:22,False,,True,True,738.17,41,669870405,train
669870373,737.91,33,12:10:23,False,,True,True,738.16,41,669870405,train
669870374,737.91,33,12:10:24,False,,True,True,738.16,41,669870405,train
669870375,737.95,33,12:10:25,False,,True,True,738.16,41,669870405,train
669870376,737.95,33,12:10:26,False,,True,True,738.16,41,669870405,train
669870377,737.95,33,12:10:27,False,,True,True,738.16,41,669870405,train
669870378,737.94,33,12:10:28,False,,True,True,738.16,41,669870405,train
669870379,737.92,33,12:10:29,False,,True,True,738.16,41,669870405,train
669870380,737.88,33,12:10:30,False,,True,True,738.16,41,669870405,train
669870381,737.9,33,12:10:31,False,,True,True,738.16,41,669870405,train
669870382,737.87,33,12:10:32,False,,True,True,738.16,41,669870405,train
669870383,737.85,33,12:10:33,False,,True,True,738.16,41,669870405,train
669870384,737.83,33,12:10:34,False,,True,True,738.16,41,669870405,train
669870385,737.83,33,12:10:35,False,,True,True,738.16,41,669870405,train
669870386,737.71,33,12:10:36,False,,True,True,738.15,41,669870405,train
669870387,737.69,33,12:10:37,False,,True,True,738.15,41,669870405,train
669870388,737.69,33,12:10:38,False,,True,True,738.15,41,669870405,train
669870389,737.62,33,12:10:39,False,,True,True,738.15,41,669870405,train
669870390,737.57,33,12:10:40,False,,True,True,738.15,41,669870405,train
669873518,738.71,33,13:01:25,False,,True,False,738.84,42,669873580,train
669873519,738.73,33,13:01:26,False,,True,False,738.84,42,669873580,train
669873520,738.77,33,13:01:27,False,,True,False,738.84,42,669873580,train
669873521,738.82,33,13:01:28,False,,True,False,738.84,42,669873580,train
669873522,738.82,33,13:01:29,False,,True,False,738.84,42,669873580,train
669873523,738.77,33,13:01:30,False,,True,False,738.84,42,669873580,train
669873524,738.84,33,13:01:31,False,,True,False,738.84,42,669873580,train
669873525,738.84,33,13:01:32,False,,True,False,738.84,42,669873580,train
669873526,738.77,33,13:01:33,False,,True,False,738.84,42,669873580,train
669873527,738.77,33,13:01:34,False,,True,False,738.84,42,669873580,train
669873528,738.79,33,13:01:35,False,,True,False,738.84,42,669873580,train
669873529,738.79,33,13:01:35,False,,True,False,738.84,42,669873580,train
669873530,738.81,33,13:01:36,False,,True,False,738.84,42,669873580,train
669873531,738.79,33,13:01:37,False,,True,False,738.84,42,669873580,train
669873532,738.75,33,13:01:38,False,,True,False,738.84,42,669873580,train
669873533,738.83,33,13:01:39,False,,True,False,738.84,42,669873580,train
669873534,738.79,33,13:01:40,False,,True,False,738.84,42,669873580,train
669873535,738.79,33,13:01:41,False,,True,False,738.84,42,669873580,train
669873536,738.81,33,13:01:42,False,,True,False,738.84,42,669873580,train
669873537,738.79,33,13:01:43,False,,True,False,738.84,42,669873580,train
669873538,738.79,33,13:01:44,False,,True,False,738.84,42,669873580,train
669873539,738.87,33,13:01:45,False,,True,False,738.84,42,669873580,train
669873540,738.79,33,13:01:46,False,,True,False,738.83,42,669873580,train
669873541,738.81,33,13:01:47,False,,True,False,738.83,42,669873580,train
669873542,738.79,33,13:01:48,False,,True,False,738.83,42,669873580,train
669873543,738.79,33,13:01:49,False,,True,False,738.83,42,669873580,train
669873544,738.76,33,13:01:50,False,,True,False,738.83,42,669873580,train
669873545,738.81,33,13:01:51,False,,True,False,738.83,42,669873580,train
669873546,738.78,33,13:01:52,False,,True,False,738.83,42,669873580,train
669873547,738.76,33,13:01:53,False,,True,False,738.83,42,669873580,train
669873548,738.74,33,13:01:54,False,,True,False,738.83,42,669873580,train
669873549,738.8,33,13:01:55,False,,True,False,738.83,42,669873580,train
669873550,738.78,33,13:01:56,False,,True,False,738.83,42,669873580,train
669873551,738.76,33,13:01:57,False,,True,False,738.83,42,669873580,train
669873552,738.8,33,13:01:58,False,,True,False,738.83,42,669873580,train
669873553,738.76,33,13:01:59,False,,True,False,738.83,42,669873580,train
669873554,738.73,33,13:02:00,False,,True,False,738.83,42,669873580,train
669873555,738.71,33,13:02:01,False,,True,False,738.83,42,669873580,train
669873556,738.73,33,13:02:02,False,,True,False,738.83,42,669873580,train
669873557,738.71,33,13:02:03,False,,True,False,738.83,42,669873580,train
669873558,738.82,33,13:02:04,False,,True,False,738.83,42,669873580,train
669873559,738.73,33,13:02:05,False,,True,False,738.83,42,669873580,train
669873560,738.73,33,13:02:06,False,,True,False,738.83,42,669873580,train
669873561,738.69,33,13:02:07,False,,True,False,738.83,42,669873580,train
669873562,738.73,33,13:02:08,False,,True,False,738.83,42,669873580,train
669873563,738.73,33,13:02:09,False,,True,False,738.83,42,669873580,train
669873564,738.76,33,13:02:10,False,,True,False,738.83,42,669873580,train
669873565,738.73,33,13:02:11,False,,True,False,738.83,42,669873580,train
669873566,738.82,33,13:02:12,False,,True,False,738.83,42,669873580,train
669873567,738.8,33,13:02:12,False,,True,False,738.83,42,669873580,train
669873568,738.73,33,13:02:13,False,,True,False,738.83,42,669873580,train
669873569,738.8,33,13:02:14,False,,True,False,738.82,42,669873580,train
669873570,738.79,33,13:02:15,False,,True,False,738.82,42,669873580,train
669873571,738.75,33,13:02:16,False,,True,False,738.82,42,669873580,train
669873572,738.82,33,13:02:17,False,,True,True,738.82,42,669873580,train
669873573,738.81,33,13:02:18,False,,True,True,738.82,42,669873580,train
669873574,738.79,33,13:02:19,False,,True,True,738.82,42,669873580,train
669873575,738.75,33,13:02:20,False,,True,True,738.82,42,669873580,train
669873576,738.61,33,13:02:21,False,,True,True,738.82,42,669873580,train
669873577,738.61,33,13:02:22,False,,True,True,738.82,42,669873580,train
669881970,731.64,33,15:18:33,False,,True,False,731.9,43,669882031,train
669881971,731.65,33,15:18:34,False,,True,False,731.9,43,669882031,train
669881972,731.57,33,15:18:35,False,,True,False,731.9,43,669882031,train
669881973,731.59,33,15:18:36,False,,True,False,731.9,43,669882031,train
669881974,731.66,33,15:18:37,False,,True,False,731.9,43,669882031,train
669881975,731.63,33,15:18:38,False,,True,False,731.9,43,669882031,train
669881976,731.63,33,15:18:39,False,,True,False,731.89,43,669882031,train
669881977,731.61,33,15:18:40,False,,True,False,731.89,43,669882031,train
669881978,731.59,33,15:18:41,False,,True,False,731.89,43,669882031,train
669881979,731.7,33,15:18:42,False,,True,False,731.89,43,669882031,train
669881980,731.65,33,15:18:43,False,,True,False,731.89,43,669882031,train
669881981,731.65,33,15:18:44,False,,True,False,731.89,43,669882031,train
669881982,731.63,33,15:18:44,False,,True,False,731.89,43,669882031,train
669881983,731.61,33,15:18:45,False,,True,False,731.89,43,669882031,train
669881984,731.65,33,15:18:46,False,,True,False,731.89,43,669882031,train
669881985,731.63,33,15:18:47,False,,True,False,731.89,43,669882031,train
669881986,731.62,33,15:18:48,False,,True,False,731.89,43,669882031,train
669881987,731.6,33,15:18:49,False,,True,False,731.89,43,669882031,train
669881988,731.6,33,15:18:50,False,,True,False,731.89,43,669882031,train
669881989,731.67,33,15:18:51,False,,True,False,731.89,43,669882031,train
669881990,731.62,33,15:18:52,False,,True,False,731.89,43,669882031,train
669881991,731.73,33,15:18:53,False,,True,False,731.89,43,669882031,train
669881992,731.69,33,15:18:54,False,,True,False,731.88,43,669882031,train
669881993,731.6,33,15:18:55,False,,True,False,731.88,43,669882031,train
669881994,731.6,33,15:18:56,False,,True,False,731.88,43,669882031,train
669881995,731.62,33,15:18:57,False,,True,False,731.88,43,669882031,train
669881996,731.57,33,15:18:58,False,,True,False,731.88,43,669882031,train
669881997,731.6,33,15:18:59,False,,True,False,731.88,43,669882031,train
669881998,731.62,33,15:19:00,False,,True,False,731.88,43,669882031,train
669881999,731.62,33,15:19:01,False,,True,False,731.88,43,669882031,train
669882000,731.66,33,15:19:02,False,,True,False,731.88,43,669882031,train
669882001,731.64,33,15:19:03,False,,True,False,731.88,43,669882031,train
669882002,731.6,33,15:19:04,False,,True,False,731.88,43,669882031,train
669882003,731.68,33,15:19:05,False,,True,False,731.88,43,669882031,train
669882004,731.68,33,15:19:06,False,,True,False,731.88,43,669882031,train
669882005,731.7,33,15:19:07,False,,True,False,731.88,43,669882031,train
669882006,731.66,33,15:19:08,False,,True,False,731.88,43,669882031,train
669882007,731.68,33,15:19:09,False,,True,False,731.88,43,669882031,train
669882008,731.66,33,15:19:10,False,,True,False,731.88,43,669882031,train
669882009,731.72,33,15:19:11,False,,True,False,731.87,43,669882031,train
669882010,731.7,33,15:19:12,False,,True,False,731.87,43,669882031,train
669882011,731.72,33,15:19:13,False,,True,False,731.87,43,669882031,train
669882012,731.72,33,15:19:14,False,,True,False,731.87,43,669882031,train
669882013,731.74,33,15:19:15,False,,True,False,731.87,43,669882031,train
669882014,731.72,33,15:19:16,False,,True,False,731.87,43,669882031,train
669882015,731.72,33,15:19:17,False,,True,False,731.87,43,669882031,train
669882016,731.72,33,15:19:18,False,,True,False,731.87,43,669882031,train
669882017,731.76,33,15:19:19,False,,True,False,731.87,43,669882031,train
669882018,731.7,33,15:19:20,False,,True,False,731.87,43,669882031,train
669882019,731.72,33,15:19:21,False,,True,False,731.87,43,669882031,train
669882020,731.69,33,15:19:21,False,,True,False,731.87,43,669882031,train
669882021,731.67,33,15:19:22,False,,True,False,731.87,43,669882031,train
669882022,731.67,33,15:19:23,False,,True,False,731.87,43,669882031,train
669882023,731.72,33,15:19:24,False,,True,False,731.87,43,669882031,train
669882024,731.6,33,15:19:25,False,,True,False,731.87,43,669882031,train
669882025,731.64,33,15:19:26,False,,True,True,731.87,43,669882031,train
669882026,731.53,33,15:19:27,False,,True,True,731.87,43,669882031,train
669882027,731.48,33,15:19:28,False,,True,True,731.86,43,669882031,train
669882028,731.39,33,15:19:29,False,,True,True,731.86,43,669882031,train
669882029,730.94,33,15:19:30,False,,True,True,731.86,43,669882031,train
669886800,730.61,33,16:36:55,False,,True,False,730.67,44,669886865,train
669886801,730.63,33,16:36:56,False,,True,False,730.67,44,669886865,train
669886802,730.57,33,16:36:57,False,,True,False,730.67,44,669886865,train
669886803,730.61,33,16:36:58,False,,True,False,730.67,44,669886865,train
669886804,730.64,33,16:36:59,False,,True,False,730.67,44,669886865,train
669886805,730.57,33,16:37:00,False,,True,False,730.67,44,669886865,train
669886806,730.61,33,16:37:01,False,,True,False,730.67,44,669886865,train
669886807,730.61,33,16:37:02,False,,True,False,730.67,44,669886865,train
669886808,730.52,33,16:37:03,False,,True,False,730.67,44,669886865,train
669886809,730.61,33,16:37:04,False,,True,False,730.67,44,669886865,train
669886810,730.62,33,16:37:05,False,,True,False,730.67,44,669886865,train
669886811,730.64,33,16:37:06,False,,True,False,730.67,44,669886865,train
669886812,730.63,33,16:37:06,False,,True,False,730.67,44,669886865,train
669886813,730.64,33,16:37:07,False,,True,False,730.67,44,669886865,train
669886814,730.66,33,16:37:08,False,,True,False,730.67,44,669886865,train
669886815,730.63,33,16:37:09,False,,True,False,730.67,44,669886865,train
669886816,730.62,33,16:37:10,False,,True,False,730.67,44,669886865,train
669886817,730.61,33,16:37:11,False,,True,False,730.67,44,669886865,train
669886818,730.59,33,16:37:12,False,,True,False,730.67,44,669886865,train
669886819,730.61,33,16:37:13,False,,True,False,730.67,44,669886865,train
669886820,730.57,33,16:37:14,False,,True,False,730.67,44,669886865,train
669886821,730.59,33,16:37:15,False,,True,False,730.67,44,669886865,train
669886822,730.63,33,16:37:16,False,,True,False,730.67,44,669886865,train
669886823,730.55,33,16:37:17,False,,True,False,730.66,44,669886865,train
669886824,730.55,33,16:37:18,False,,True,False,730.66,44,669886865,train
669886825,730.52,33,16:37:19,False,,True,False,730.66,44,669886865,train
669886826,730.57,33,16:37:20,False,,True,False,730.66,44,669886865,train
669886827,730.57,33,16:37:21,False,,True,False,730.66,44,669886865,train
669886828,730.5,33,16:37:22,False,,True,False,730.66,44,669886865,train
669886829,730.55,33,16:37:23,False,,True,False,730.66,44,669886865,train
669886830,730.59,33,16:37:24,False,,True,False,730.66,44,669886865,train
669886831,730.55,33,16:37:25,False,,True,False,730.66,44,669886865,train
669886832,730.55,33,16:37:26,False,,True,False,730.66,44,669886865,train
669886833,730.59,33,16:37:27,False,,True,False,730.66,44,669886865,train
669886834,730.59,33,16:37:28,False,,True,False,730.66,44,669886865,train
669886835,730.55,33,16:37:29,False,,True,False,730.66,44,669886865,train
669886836,730.54,33,16:37:30,False,,True,False,730.66,44,669886865,train
669886837,730.55,33,16:37:31,False,,True,False,730.66,44,669886865,train
669886838,730.48,33,16:37:32,False,,True,False,730.65,44,669886865,train
669886839,730.5,33,16:37:33,False,,True,False,730.65,44,669886865,train
669886840,730.52,33,16:37:34,False,,True,False,730.65,44,669886865,train
669886841,730.44,33,16:37:35,False,,True,False,730.65,44,669886865,train
669886842,730.46,33,16:37:36,False,,True,False,730.65,44,669886865,train
669886843,730.48,33,16:37:37,False,,True,True,730.65,44,669886865,train
669886844,730.48,33,16:37:38,False,,True,True,730.65,44,669886865,train
669886845,730.48,33,16:37:39,False,,True,True,730.65,44,669886865,train
669886846,730.53,33,16:37:40,False,,True,True,730.65,44,669886865,train
669886847,730.52,33,16:37:41,False,,True,True,730.65,44,669886865,train
669886848,730.54,33,16:37:42,False,,True,True,730.65,44,669886865,train
669886849,730.5,33,16:37:43,False,,True,True,730.64,44,669886865,train
669886850,730.44,33,16:37:43,False,,True,True,730.64,44,669886865,train
669886851,730.5,33,16:37:44,False,,True,True,730.64,44,669886865,train
669886852,730.5,33,16:37:45,False,,True,True,730.64,44,669886865,train
669886853,730.46,33,16:37:46,False,,True,True,730.64,44,669886865,train
669886854,730.46,33,16:37:47,False,,True,True,730.64,44,669886865,train
669886855,730.44,33,16:37:48,False,,True,True,730.64,44,669886865,train
669886856,730.46,33,16:37:49,False,,True,True,730.64,44,669886865,train
669886857,730.37,33,16:37:50,False,,True,True,730.64,44,669886865,train
669886858,730.41,33,16:37:51,False,,True,True,730.64,44,669886865,train
669886859,730.35,33,16:37:52,False,,True,True,730.63,44,669886865,train
669957996,737.39,34,11:52:04,False,,True,True,737.34,45,669958088,train
669957997,737.39,34,11:52:05,False,,True,True,737.34,45,669958088,train
669957998,737.37,34,11:52:06,False,,True,True,737.34,45,669958088,train
669957999,737.39,34,11:52:07,False,,True,True,737.34,45,669958088,train
669958000,737.34,34,11:52:08,False,,True,True,737.34,45,669958088,train
669958001,737.38,34,11:52:09,False,,True,True,737.34,45,669958088,train
669958002,737.39,34,11:52:10,False,,True,True,737.34,45,669958088,train
669958003,737.4,34,11:52:11,False,,True,True,737.34,45,669958088,train
669958004,737.4,34,11:52:12,False,,True,True,737.34,45,669958088,train
669958005,737.42,34,11:52:13,False,,True,True,737.34,45,669958088,train
669958006,737.38,34,11:52:14,False,,True,True,737.34,45,669958088,train
669958007,737.42,34,11:52:15,False,,True,True,737.34,45,669958088,train
669958008,737.4,34,11:52:16,False,,True,True,737.34,45,669958088,train
669958009,737.39,34,11:52:17,False,,True,True,737.34,45,669958088,train
669958010,737.41,34,11:52:18,False,,True,True,737.34,45,669958088,train
669958011,737.39,34,11:52:19,False,,True,True,737.34,45,669958088,train
669958012,737.41,34,11:52:20,False,,True,True,737.34,45,669958088,train
669958013,737.38,34,11:52:21,False,,True,True,737.34,45,669958088,train
669958014,737.35,34,11:52:22,False,,True,True,737.34,45,669958088,train
669958015,737.4,34,11:52:23,False,,True,True,737.34,45,669958088,train
669958016,737.38,34,11:52:24,False,,True,True,737.34,45,669958088,train
669958017,737.36,34,11:52:25,False,,True,True,737.34,45,669958088,train
669958018,737.42,34,11:52:26,False,,True,True,737.34,45,669958088,train
669958019,737.41,34,11:52:27,False,,True,True,737.34,45,669958088,train
669958020,737.37,34,11:52:28,False,,True,True,737.34,45,669958088,train
669958021,737.37,34,11:52:28,False,,True,True,737.34,45,669958088,train
669958022,737.35,34,11:52:29,False,,True,True,737.34,45,669958088,train
669958023,737.32,34,11:52:30,False,,True,True,737.34,45,669958088,train
669958024,737.32,34,11:52:31,False,,True,True,737.34,45,669958088,train
669958025,737.34,34,11:52:32,False,,True,True,737.34,45,669958088,train
669958026,737.38,34,11:52:33,False,,True,True,737.34,45,669958088,train
669958027,737.33,34,11:52:34,False,,True,True,737.34,45,669958088,train
669958028,737.38,34,11:52:35,False,,True,True,737.34,45,669958088,train
669958029,737.28,34,11:52:36,False,,True,True,737.34,45,669958088,train
669958030,737.37,34,11:52:37,False,,True,True,737.34,45,669958088,train
669958031,737.32,34,11:52:38,False,,True,True,737.34,45,669958088,train
669958032,737.37,34,11:52:39,False,,True,True,737.34,45,669958088,train
669958033,737.32,34,11:52:40,False,,True,True,737.34,45,669958088,train
669958034,737.34,34,11:52:41,False,,True,True,737.34,45,669958088,train
669958035,737.32,34,11:52:42,False,,True,True,737.35,45,669958088,train
669958036,737.36,34,11:52:43,False,,True,True,737.35,45,669958088,train
669958037,737.36,34,11:52:44,False,,True,True,737.35,45,669958088,train
669958038,737.31,34,11:52:45,False,,True,True,737.35,45,669958088,train
669958039,737.35,34,11:52:46,False,,True,True,737.35,45,669958088,train
669958040,737.28,34,11:52:47,False,,True,True,737.35,45,669958088,train
669958041,737.3,34,11:52:48,False,,True,True,737.35,45,669958088,train
669958042,737.3,34,11:52:49,False,,True,True,737.35,45,669958088,train
669958043,737.32,34,11:52:50,False,,True,True,737.35,45,669958088,train
669958044,737.32,34,11:52:51,False,,True,True,737.35,45,669958088,train
669958045,737.27,34,11:52:52,False,,True,True,737.35,45,669958088,train
669958046,737.27,34,11:52:53,False,,True,True,737.35,45,669958088,train
669958047,737.27,34,11:52:54,False,,True,True,737.35,45,669958088,train
669958048,737.29,34,11:52:55,False,,True,True,737.35,45,669958088,train
669958049,737.27,34,11:52:56,False,,True,True,737.35,45,669958088,train
669958050,737.27,34,11:52:57,False,,True,True,737.35,45,669958088,train
669958051,737.26,34,11:52:58,False,,True,True,737.35,45,669958088,train
669958052,737.26,34,11:52:59,False,,True,True,737.35,45,669958088,train
669958053,737.3,34,11:53:00,False,,True,True,737.35,45,669958088,train
669958054,737.23,34,11:53:01,False,,True,True,737.35,45,669958088,train
669958055,737.25,34,11:53:02,False,,True,True,737.34,45,669958088,train
669959311,738.14,34,12:13:24,False,,True,False,738.01,46,669959376,train
669959312,738.16,34,12:13:25,False,,True,False,738.01,46,669959376,train
669959313,738.11,34,12:13:26,False,,True,False,738.01,46,669959376,train
669959314,738.11,34,12:13:27,False,,True,False,738.01,46,669959376,train
669959315,738.09,34,12:13:28,False,,True,False,738.01,46,669959376,train
669959316,738.13,34,12:13:29,False,,True,False,738.01,46,669959376,train
669959317,738.15,34,12:13:30,False,,True,False,738.01,46,669959376,train
669959318,738.15,34,12:13:31,False,,True,False,738.01,46,669959376,train
669959319,738.15,34,12:13:32,False,,True,False,738.01,46,669959376,train
669959320,738.12,34,12:13:33,False,,True,False,738.01,46,669959376,train
669959321,738.1,34,12:13:34,False,,True,False,738.01,46,669959376,train
669959322,738.19,34,12:13:35,False,,True,False,738.02,46,669959376,train
669959323,738.16,34,12:13:36,False,,True,False,738.02,46,669959376,train
669959324,738.17,34,12:13:37,False,,True,False,738.02,46,669959376,train
669959325,738.14,34,12:13:38,False,,True,False,738.02,46,669959376,train
669959326,738.16,34,12:13:39,False,,True,False,738.02,46,669959376,train
669959327,738.12,34,12:13:40,False,,True,False,738.02,46,669959376,train
669959328,738.18,34,12:13:41,False,,True,False,738.02,46,669959376,train
669959329,738.11,34,12:13:42,False,,True,False,738.02,46,669959376,train
669959330,738.16,34,12:13:43,False,,True,False,738.02,46,669959376,train
669959331,738.11,34,12:13:44,False,,True,False,738.02,46,669959376,train
669959332,738.19,34,12:13:45,False,,True,False,738.02,46,669959376,train
669959333,738.17,34,12:13:46,False,,True,False,738.02,46,669959376,train
669959334,738.15,34,12:13:47,False,,True,False,738.02,46,669959376,train
669959335,738.13,34,12:13:48,False,,True,False,738.02,46,669959376,train
669959336,738.15,34,12:13:49,False,,True,False,738.02,46,669959376,train
669959337,738.14,34,12:13:50,False,,True,False,738.03,46,669959376,train
669959338,738.19,34,12:13:51,False,,True,False,738.03,46,669959376,train
669959339,738.12,34,12:13:52,False,,True,False,738.03,46,669959376,train
669959340,738.14,34,12:13:53,False,,True,False,738.03,46,669959376,train
669959341,738.1,34,12:13:54,False,,True,False,738.03,46,669959376,train
669959342,738.14,34,12:13:54,False,,True,False,738.03,46,669959376,train
669959343,738.11,34,12:13:55,False,,True,False,738.03,46,669959376,train
669959344,738.09,34,12:13:56,False,,True,False,738.03,46,669959376,train
669959345,738.07,34,12:13:57,False,,True,False,738.03,46,669959376,train
669959346,738.11,34,12:13:58,False,,True,False,738.03,46,669959376,train
669959347,738.11,34,12:13:59,False,,True,False,738.03,46,669959376,train
669959348,738.11,34,12:14:00,False,,True,False,738.03,46,669959376,train
669959349,738.06,34,12:14:01,False,,True,False,738.03,46,669959376,train
669959350,738.1,34,12:14:02,False,,True,False,738.03,46,669959376,train
669959351,738.06,34,12:14:03,False,,True,False,738.03,46,669959376,train
669959352,738.04,34,12:14:04,False,,True,False,738.03,46,669959376,train
669959353,738.03,34,12:14:05,False,,True,False,738.03,46,669959376,train
669959354,738.03,34,12:14:06,False,,True,False,738.03,46,669959376,train
669959355,738.01,34,12:14:07,False,,True,False,738.03,46,669959376,train
669959356,738.03,34,12:14:08,False,,True,True,738.03,46,669959376,train
669959357,738.01,34,12:14:09,False,,True,True,738.04,46,669959376,train
669959358,737.94,34,12:14:10,False,,True,True,738.04,46,669959376,train
669959359,737.96,34,12:14:11,False,,True,True,738.04,46,669959376,train
669959360,737.98,34,12:14:12,False,,True,True,738.04,46,669959376,train
669959361,737.93,34,12:14:13,False,,True,True,738.04,46,669959376,train
669959362,738.0,34,12:14:14,False,,True,True,738.04,46,669959376,train
669959363,737.93,34,12:14:15,False,,True,True,738.04,46,669959376,train
669959364,738.0,34,12:14:16,False,,True,True,738.04,46,669959376,train
669959365,737.97,34,12:14:17,False,,True,True,738.04,46,669959376,train
669959366,737.95,34,12:14:18,False,,True,True,738.04,46,669959376,train
669959367,737.95,34,12:14:19,False,,True,True,738.04,46,669959376,train
669959368,737.99,34,12:14:20,False,,True,True,738.04,46,669959376,train
669959369,738.01,34,12:14:21,False,,True,True,738.04,46,669959376,train
669959370,737.9,34,12:14:22,False,,True,True,738.04,46,669959376,train
669959650,738.25,34,12:18:54,False,,True,False,738.19,47,669959712,train
669959651,738.29,34,12:18:55,False,,True,False,738.19,47,669959712,train
669959652,738.27,34,12:18:56,False,,True,False,738.19,47,669959712,train
669959653,738.22,34,12:18:57,False,,True,False,738.19,47,669959712,train
669959654,738.27,34,12:18:58,False,,True,False,738.19,47,669959712,train
669959655,738.29,34,12:18:59,False,,True,False,738.19,47,669959712,train
669959656,738.25,34,12:19:00,False,,True,False,738.19,47,669959712,train
669959657,738.33,34,12:19:01,False,,True,False,738.2,47,669959712,train
669959658,738.24,34,12:19:02,False,,True,False,738.2,47,669959712,train
669959659,738.28,34,12:19:03,False,,True,False,738.2,47,669959712,train
669959660,738.28,34,12:19:04,False,,True,False,738.2,47,669959712,train
669959661,738.28,34,12:19:05,False,,True,False,738.2,47,669959712,train
669959662,738.26,34,12:19:06,False,,True,False,738.2,47,669959712,train
669959663,738.24,34,12:19:07,False,,True,False,738.2,47,669959712,train
669959664,738.25,34,12:19:08,False,,True,False,738.2,47,669959712,train
669959665,738.28,34,12:19:09,False,,True,False,738.2,47,669959712,train
669959666,738.32,34,12:19:10,False,,True,False,738.2,47,669959712,train
669959667,738.3,34,12:19:11,False,,True,False,738.2,47,669959712,train
669959668,738.32,34,12:19:12,False,,True,False,738.2,47,669959712,train
669959669,738.29,34,12:19:13,False,,True,False,738.2,47,669959712,train
669959670,738.27,34,12:19:14,False,,True,False,738.2,47,669959712,train
669959671,738.29,34,12:19:15,False,,True,False,738.2,47,669959712,train
669959672,738.27,34,12:19:16,False,,True,False,738.2,47,669959712,train
669959673,738.27,34,12:19:17,False,,True,False,738.2,47,669959712,train
669959674,738.24,34,12:19:18,False,,True,False,738.2,47,669959712,train
669959675,738.28,34,12:19:19,False,,True,False,738.2,47,669959712,train
669959676,738.28,34,12:19:20,False,,True,False,738.2,47,669959712,train
669959677,738.28,34,12:19:21,False,,True,False,738.2,47,669959712,train
669959678,738.26,34,12:19:22,False,,True,False,738.2,47,669959712,train
669959679,738.28,34,12:19:23,False,,True,False,738.2,47,669959712,train
669959680,738.28,34,12:19:24,False,,True,False,738.2,47,669959712,train
669959681,738.3,34,12:19:24,False,,True,False,738.2,47,669959712,train
669959682,738.3,34,12:19:25,False,,True,False,738.21,47,669959712,train
669959683,738.26,34,12:19:26,False,,True,False,738.21,47,669959712,train
669959684,738.25,34,12:19:27,False,,True,False,738.21,47,669959712,train
669959685,738.32,34,12:19:28,False,,True,False,738.21,47,669959712,train
669959686,738.27,34,12:19:29,False,,True,False,738.21,47,669959712,train
669959687,738.29,34,12:19:30,False,,True,False,738.21,47,669959712,train
669959688,738.29,34,12:19:31,False,,True,False,738.21,47,669959712,train
669959689,738.27,34,12:19:32,False,,True,False,738.21,47,669959712,train
669959690,738.22,34,12:19:33,False,,True,False,738.21,47,669959712,train
669959691,738.29,34,12:19:34,False,,True,False,738.21,47,669959712,train
669959692,738.29,34,12:19:35,False,,True,False,738.21,47,669959712,train
669959693,738.29,34,12:19:36,False,,True,False,738.21,47,669959712,train
669959694,738.31,34,12:19:37,False,,True,False,738.21,47,669959712,train
669959695,738.26,34,12:19:38,False,,True,False,738.21,47,669959712,train
669959696,738.3,34,12:19:39,False,,True,False,738.21,47,669959712,train
669959697,738.28,34,12:19:40,False,,True,False,738.21,47,669959712,train
669959698,738.26,34,12:19:41,False,,True,False,738.21,47,669959712,train
669959699,738.28,34,12:19:42,False,,True,False,738.21,47,669959712,train
669959700,738.28,34,12:19:43,False,,True,False,738.21,47,669959712,train
669959701,738.25,34,12:19:44,False,,True,False,738.21,47,669959712,train
669959702,738.25,34,12:19:45,False,,True,False,738.21,47,669959712,train
669959703,738.18,34,12:19:46,False,,True,False,738.21,47,669959712,train
669959704,738.23,34,12:19:47,False,,True,True,738.22,47,669959712,train
669959705,738.2,34,12:19:48,False,,True,True,738.22,47,669959712,train
669959706,738.2,34,12:19:49,False,,True,True,738.22,47,669959712,train
669959707,738.17,34,12:19:50,False,,True,True,738.22,47,669959712,train
669959708,738.06,34,12:19:51,False,,True,True,738.22,47,669959712,train
669959709,737.95,34,12:19:52,False,,True,True,738.22,47,669959712,train
669959927,738.3,34,12:23:24,False,,True,True,738.3,48,669960008,train
669959928,738.35,34,12:23:25,False,,True,True,738.3,48,669960008,train
669959929,738.39,34,12:23:26,False,,True,True,738.3,48,669960008,train
669959930,738.35,34,12:23:27,False,,True,True,738.3,48,669960008,train
669959931,738.34,34,12:23:28,False,,True,True,738.3,48,669960008,train
669959932,738.39,34,12:23:29,False,,True,True,738.3,48,669960008,train
669959933,738.36,34,12:23:30,False,,True,True,738.3,48,669960008,train
669959934,738.3,34,12:23:31,False,,True,True,738.3,48,669960008,train
669959935,738.38,34,12:23:32,False,,True,True,738.3,48,669960008,train
669959936,738.38,34,12:23:33,False,,True,True,738.3,48,669960008,train
669959937,738.34,34,12:23:34,False,,True,True,738.3,48,669960008,train
669959938,738.31,34,12:23:35,False,,True,True,738.3,48,669960008,train
669959939,738.32,34,12:23:36,False,,True,True,738.3,48,669960008,train
669959940,738.38,34,12:23:37,False,,True,True,738.3,48,669960008,train
669959941,738.36,34,12:23:38,False,,True,True,738.3,48,669960008,train
669959942,738.34,34,12:23:39,False,,True,True,738.3,48,669960008,train
669959943,738.43,34,12:23:40,False,,True,True,738.3,48,669960008,train
669959944,738.42,34,12:23:41,False,,True,True,738.3,48,669960008,train
669959945,738.45,34,12:23:42,False,,True,True,738.3,48,669960008,train
669959946,738.42,34,12:23:42,False,,True,True,738.3,48,669960008,train
669959947,738.47,34,12:23:43,False,,True,True,738.3,48,669960008,train
669959948,738.44,34,12:23:44,False,,True,True,738.3,48,669960008,train
669959949,738.51,34,12:23:45,False,,True,True,738.3,48,669960008,train
669959950,738.4,34,12:23:46,False,,True,True,738.3,48,669960008,train
669959951,738.46,34,12:23:47,False,,True,True,738.3,48,669960008,train
669959952,738.48,34,12:23:48,False,,True,True,738.3,48,669960008,train
669959953,738.44,34,12:23:49,False,,True,True,738.3,48,669960008,train
669959954,738.46,34,12:23:50,False,,True,True,738.3,48,669960008,train
669959955,738.43,34,12:23:51,False,,True,True,738.3,48,669960008,train
669959956,738.46,34,12:23:52,False,,True,True,738.3,48,669960008,train
669959957,738.41,34,12:23:53,False,,True,True,738.3,48,669960008,train
669959958,738.48,34,12:23:54,False,,True,True,738.3,48,669960008,train
669959959,738.45,34,12:23:55,False,,True,True,738.3,48,669960008,train
669959960,738.41,34,12:23:56,False,,True,True,738.3,48,669960008,train
669959961,738.41,34,12:23:57,False,,True,True,738.3,48,669960008,train
669959962,738.4,34,12:23:58,False,,True,True,738.3,48,669960008,train
669959963,738.36,34,12:23:59,False,,True,True,738.3,48,669960008,train
669959964,738.4,34,12:24:00,False,,True,True,738.3,48,669960008,train
669959965,738.38,34,12:24:01,False,,True,True,738.3,48,669960008,train
669959966,738.38,34,12:24:02,False,,True,True,738.3,48,669960008,train
669959967,738.4,34,12:24:03,False,,True,True,738.3,48,669960008,train
669959968,738.42,34,12:24:04,False,,True,True,738.3,48,669960008,train
669959969,738.4,34,12:24:05,False,,True,True,738.31,48,669960008,train
669959970,738.44,34,12:24:06,False,,True,True,738.31,48,669960008,train
669959971,738.39,34,12:24:07,False,,True,True,738.31,48,669960008,train
669959972,738.37,34,12:24:08,False,,True,True,738.31,48,669960008,train
669959973,738.35,34,12:24:09,False,,True,True,738.31,48,669960008,train
669959974,738.34,34,12:24:10,False,,True,True,738.31,48,669960008,train
669959975,738.3,34,12:24:11,False,,True,True,738.31,48,669960008,train
669959976,738.32,34,12:24:12,False,,True,True,738.31,48,669960008,train
669959977,738.35,34,12:24:13,False,,True,True,738.31,48,669960008,train
669959978,738.35,34,12:24:14,False,,True,True,738.31,48,669960008,train
669959979,738.41,34,12:24:15,False,,True,True,738.31,48,669960008,train
669959980,738.34,34,12:24:16,False,,True,True,738.31,48,669960008,train
669959981,738.31,34,12:24:17,False,,True,True,738.31,48,669960008,train
669959982,738.36,34,12:24:18,False,,True,True,738.31,48,669960008,train
669959983,738.34,34,12:24:18,False,,True,True,738.31,48,669960008,train
669959984,738.34,34,12:24:19,False,,True,True,738.31,48,669960008,train
669959985,738.42,34,12:24:20,False,,True,True,738.31,48,669960008,train
669959986,738.33,34,12:24:21,False,,True,True,738.31,48,669960008,train
669960281,738.44,34,12:29:09,False,,True,False,738.4,49,669960347,train
669960282,738.46,34,12:29:10,False,,True,False,738.4,49,669960347,train
669960283,738.49,34,12:29:11,False,,True,False,738.4,49,669960347,train
669960284,738.5,34,12:29:12,False,,True,False,738.4,49,669960347,train
669960285,738.48,34,12:29:12,False,,True,False,738.4,49,669960347,train
669960286,738.55,34,12:29:13,False,,True,False,738.4,49,669960347,train
669960287,738.5,34,12:29:14,False,,True,False,738.4,49,669960347,train
669960288,738.48,34,12:29:15,False,,True,False,738.4,49,669960347,train
669960289,738.5,34,12:29:16,False,,True,False,738.4,49,669960347,train
669960290,738.51,34,12:29:17,False,,True,False,738.4,49,669960347,train
669960291,738.48,34,12:29:18,False,,True,False,738.4,49,669960347,train
669960292,738.48,34,12:29:19,False,,True,False,738.4,49,669960347,train
669960293,738.48,34,12:29:20,False,,True,False,738.4,49,669960347,train
669960294,738.48,34,12:29:21,False,,True,False,738.4,49,669960347,train
669960295,738.45,34,12:29:22,False,,True,False,738.4,49,669960347,train
669960296,738.48,34,12:29:23,False,,True,False,738.4,49,669960347,train
669960297,738.48,34,12:29:24,False,,True,False,738.4,49,669960347,train
669960298,738.41,34,12:29:25,False,,True,False,738.4,49,669960347,train
669960299,738.47,34,12:29:26,False,,True,False,738.4,49,669960347,train
669960300,738.49,34,12:29:27,False,,True,False,738.4,49,669960347,train
669960301,738.5,34,12:29:28,False,,True,False,738.4,49,669960347,train
669960302,738.45,34,12:29:29,False,,True,False,738.4,49,669960347,train
669960303,738.45,34,12:29:30,False,,True,False,738.4,49,669960347,train
669960304,738.51,34,12:29:31,False,,True,False,738.41,49,669960347,train
669960305,738.47,34,12:29:32,False,,True,False,738.41,49,669960347,train
669960306,738.41,34,12:29:33,False,,True,False,738.41,49,669960347,train
669960307,738.43,34,12:29:34,False,,True,False,738.41,49,669960347,train
669960308,738.47,34,12:29:35,False,,True,False,738.41,49,669960347,train
669960309,738.4,34,12:29:36,False,,True,False,738.41,49,669960347,train
669960310,738.38,34,12:29:37,False,,True,False,738.41,49,669960347,train
669960311,738.37,34,12:29:38,False,,True,False,738.41,49,669960347,train
669960312,738.42,34,12:29:39,False,,True,False,738.41,49,669960347,train
669960313,738.44,34,12:29:40,False,,True,False,738.41,49,669960347,train
669960314,738.37,34,12:29:41,False,,True,False,738.41,49,669960347,train
669960315,738.39,34,12:29:42,False,,True,False,738.41,49,669960347,train
669960316,738.37,34,12:29:43,False,,True,False,738.41,49,669960347,train
669960317,738.39,34,12:29:44,False,,True,False,738.41,49,669960347,train
669960318,738.44,34,12:29:45,False,,True,False,738.41,49,669960347,train
669960319,738.46,34,12:29:46,False,,True,False,738.41,49,669960347,train
669960320,738.48,34,12:29:47,False,,True,True,738.41,49,669960347,train
669960321,738.46,34,12:29:48,False,,True,True,738.41,49,669960347,train
669960322,738.52,34,12:29:49,False,,True,True,738.41,49,669960347,train
669960323,738.41,34,12:29:49,False,,True,True,738.41,49,669960347,train
669960324,738.46,34,12:29:50,False,,True,True,738.41,49,669960347,train
669960325,738.43,34,12:29:51,False,,True,True,738.41,49,669960347,train
669960326,738.39,34,12:29:52,False,,True,True,738.41,49,669960347,train
669960327,738.41,34,12:29:53,False,,True,True,738.41,49,669960347,train
669960328,738.36,34,12:29:54,False,,True,True,738.41,49,669960347,train
669960329,738.32,34,12:29:55,False,,True,True,738.41,49,669960347,train
669960330,738.25,34,12:29:56,False,,True,True,738.41,49,669960347,train
669960331,738.16,34,12:29:57,False,,True,True,738.41,49,669960347,train
669960332,738.15,34,12:29:58,False,,True,True,738.41,49,669960347,train
669960333,738.13,34,12:29:59,False,,True,True,738.41,49,669960347,train
669960334,738.11,34,12:30:00,False,,True,True,738.41,49,669960347,train
669960335,738.02,34,12:30:01,False,,True,True,738.41,49,669960347,train
669960336,737.97,34,12:30:02,False,,True,True,738.41,49,669960347,train
669960337,737.86,34,12:30:03,False,,True,True,738.41,49,669960347,train
669960338,737.63,34,12:30:04,False,,True,True,738.4,49,669960347,train
669960339,737.52,34,12:30:05,False,,True,True,738.4,49,669960347,train
669960340,737.32,34,12:30:06,False,,True,True,738.4,49,669960347,train
669962862,738.65,34,13:11:01,False,,True,False,738.77,50,669962940,train
669962863,738.66,34,13:11:02,False,,True,False,738.77,50,669962940,train
669962864,738.65,34,13:11:03,False,,True,False,738.77,50,669962940,train
669962865,738.63,34,13:11:04,False,,True,False,738.77,50,669962940,train
669962866,738.61,34,13:11:05,False,,True,True,738.76,50,669962940,train
669962867,738.57,34,13:11:06,False,,True,True,738.76,50,669962940,train
669962868,738.58,34,13:11:07,False,,True,True,738.76,50,669962940,train
669962869,738.62,34,13:11:08,False,,True,True,738.76,50,669962940,train
669962870,738.6,34,13:11:09,False,,True,True,738.76,50,669962940,train
669962871,738.58,34,13:11:10,False,,True,True,738.76,50,669962940,train
669962872,738.6,34,13:11:11,False,,True,True,738.76,50,669962940,train
669962873,738.65,34,13:11:12,False,,True,True,738.76,50,669962940,train
669962874,738.67,34,13:11:13,False,,True,True,738.76,50,669962940,train
669962875,738.69,34,13:11:14,False,,True,True,738.76,50,669962940,train
669962876,738.67,34,13:11:15,False,,True,True,738.76,50,669962940,train
669962877,738.74,34,13:11:16,False,,True,True,738.76,50,669962940,train
669962878,738.65,34,13:11:17,False,,True,True,738.76,50,669962940,train
669962879,738.69,34,13:11:18,False,,True,True,738.76,50,669962940,train
669962880,738.71,34,13:11:19,False,,True,True,738.76,50,669962940,train
669962881,738.69,34,13:11:20,False,,True,True,738.76,50,669962940,train
669962882,738.75,34,13:11:21,False,,True,True,738.76,50,669962940,train
669962883,738.71,34,13:11:22,False,,True,True,738.76,50,669962940,train
669962884,738.71,34,13:11:23,False,,True,True,738.76,50,669962940,train
669962885,738.7,34,13:11:24,False,,True,True,738.76,50,669962940,train
669962886,738.77,34,13:11:25,False,,True,True,738.76,50,669962940,train
669962887,738.7,34,13:11:26,False,,True,True,738.76,50,669962940,train
669962888,738.68,34,13:11:27,False,,True,True,738.76,50,669962940,train
669962889,738.68,34,13:11:27,False,,True,True,738.76,50,669962940,train
669962890,738.68,34,13:11:28,False,,True,True,738.76,50,669962940,train
669962891,738.7,34,13:11:29,False,,True,True,738.76,50,669962940,train
669962892,738.7,34,13:11:30,False,,True,True,738.76,50,669962940,train
669962893,738.72,34,13:11:31,False,,True,True,738.76,50,669962940,train
669962894,738.7,34,13:11:32,False,,True,True,738.76,50,669962940,train
669962895,738.7,34,13:11:33,False,,True,True,738.76,50,669962940,train
669962896,738.68,34,13:11:34,False,,True,True,738.76,50,669962940,train
669962897,738.76,34,13:11:35,False,,True,True,738.76,50,669962940,train
669962898,738.69,34,13:11:36,False,,True,True,738.76,50,669962940,train
669962899,738.72,34,13:11:37,False,,True,True,738.76,50,669962940,train
669962900,738.71,34,13:11:38,False,,True,True,738.76,50,669962940,train
669962901,738.67,34,13:11:39,False,,True,True,738.76,50,669962940,train
669962902,738.67,34,13:11:40,False,,True,True,738.76,50,669962940,train
669962903,738.65,34,13:11:41,False,,True,True,738.76,50,669962940,train
669962904,738.67,34,13:11:42,False,,True,True,738.76,50,669962940,train
669962905,738.62,34,13:11:43,False,,True,True,738.76,50,669962940,train
669962906,738.6,34,13:11:44,False,,True,True,738.76,50,669962940,train
669962907,738.48,34,13:11:45,False,,True,True,738.76,50,669962940,train
669962908,738.53,34,13:11:46,False,,True,True,738.76,50,669962940,train
669962909,738.5,34,13:11:47,False,,True,True,738.76,50,669962940,train
669962910,738.5,34,13:11:48,False,,True,True,738.76,50,669962940,train
669962911,738.5,34,13:11:49,False,,True,True,738.76,50,669962940,train
669962912,738.5,34,13:11:50,False,,True,True,738.76,50,669962940,train
669962913,738.56,34,13:11:51,False,,True,True,738.76,50,669962940,train
669962914,738.54,34,13:11:52,False,,True,True,738.76,50,669962940,train
669962915,738.52,34,13:11:53,False,,True,True,738.76,50,669962940,train
669962916,738.56,34,13:11:54,False,,True,True,738.76,50,669962940,train
669962917,738.54,34,13:11:55,False,,True,True,738.76,50,669962940,train
669962918,738.43,34,13:11:56,False,,True,True,738.76,50,669962940,train
669962919,738.47,34,13:11:57,False,,True,True,738.76,50,669962940,train
669962920,738.45,34,13:11:58,False,,True,True,738.75,50,669962940,train
669962921,738.49,34,13:11:59,False,,True,True,738.75,50,669962940,train
669964251,738.11,34,13:33:33,False,,True,False,738.35,51,669964312,train
669964252,738.19,34,13:33:34,False,,True,False,738.35,51,669964312,train
669964253,738.15,34,13:33:35,False,,True,False,738.35,51,669964312,train
669964254,738.14,34,13:33:36,False,,True,False,738.35,51,669964312,train
669964255,738.17,34,13:33:37,False,,True,False,738.35,51,669964312,train
669964256,738.14,34,13:33:38,False,,True,False,738.35,51,669964312,train
669964257,738.16,34,13:33:39,False,,True,False,738.35,51,669964312,train
669964258,738.18,34,13:33:40,False,,True,False,738.35,51,669964312,train
669964259,738.16,34,13:33:41,False,,True,False,738.35,51,669964312,train
669964260,738.2,34,13:33:42,False,,True,False,738.35,51,669964312,train
669964261,738.16,34,13:33:43,False,,True,False,738.35,51,669964312,train
669964262,738.16,34,13:33:44,False,,True,False,738.35,51,669964312,train
669964263,738.16,34,13:33:45,False,,True,False,738.35,51,669964312,train
669964264,738.13,34,13:33:46,False,,True,False,738.35,51,669964312,train
669964265,738.15,34,13:33:47,False,,True,False,738.34,51,669964312,train
669964266,738.17,34,13:33:48,False,,True,False,738.34,51,669964312,train
669964267,738.15,34,13:33:49,False,,True,False,738.34,51,669964312,train
669964268,738.17,34,13:33:50,False,,True,False,738.34,51,669964312,train
669964269,738.15,34,13:33:51,False,,True,False,738.34,51,669964312,train
669964270,738.22,34,13:33:52,False,,True,False,738.34,51,669964312,train
669964271,738.12,34,13:33:53,False,,True,False,738.34,51,669964312,train
669964272,738.1,34,13:33:54,False,,True,False,738.34,51,669964312,train
669964273,738.19,34,13:33:55,False,,True,False,738.34,51,669964312,train
669964274,738.12,34,13:33:56,False,,True,False,738.34,51,669964312,train
669964275,738.17,34,13:33:57,False,,True,False,738.34,51,669964312,train
669964276,738.14,34,13:33:58,False,,True,False,738.34,51,669964312,train
669964277,738.16,34,13:33:59,False,,True,False,738.34,51,669964312,train
669964278,738.12,34,13:34:00,False,,True,False,738.34,51,669964312,train
669964279,738.14,34,13:34:01,False,,True,False,738.34,51,669964312,train
669964280,738.14,34,13:34:02,False,,True,False,738.34,51,669964312,train
669964281,738.09,34,13:34:03,False,,True,False,738.34,51,669964312,train
669964282,738.09,34,13:34:04,False,,True,False,738.34,51,669964312,train
669964283,738.13,34,13:34:05,False,,True,False,738.33,51,669964312,train
669964284,738.09,34,13:34:06,False,,True,False,738.33,51,669964312,train
669964285,738.11,34,13:34:06,False,,True,False,738.33,51,669964312,train
669964286,738.09,34,13:34:07,False,,True,False,738.33,51,669964312,train
669964287,738.06,34,13:34:08,False,,True,False,738.33,51,669964312,train
669964288,738.13,34,13:34:09,False,,True,False,738.33,51,669964312,train
669964289,738.06,34,13:34:10,False,,True,False,738.33,51,669964312,train
669964290,738.06,34,13:34:11,False,,True,False,738.33,51,669964312,train
669964291,738.08,34,13:34:12,False,,True,False,738.33,51,669964312,train
669964292,738.12,34,13:34:13,False,,True,False,738.33,51,669964312,train
669964293,738.1,34,13:34:14,False,,True,False,738.33,51,669964312,train
669964294,738.07,34,13:34:15,False,,True,False,738.33,51,669964312,train
669964295,738.03,34,13:34:16,False,,True,False,738.33,51,669964312,train
669964296,738.05,34,13:34:17,False,,True,False,738.33,51,669964312,train
669964297,738.03,34,13:34:18,False,,True,False,738.33,51,669964312,train
669964298,738.03,34,13:34:19,False,,True,False,738.32,51,669964312,train
669964299,737.96,34,13:34:20,False,,True,False,738.32,51,669964312,train
669964300,737.93,34,13:34:21,False,,True,False,738.32,51,669964312,train
669964301,737.98,34,13:34:22,False,,True,False,738.32,51,669964312,train
669964302,738.02,34,13:34:23,False,,True,False,738.32,51,669964312,train
669964303,738.04,34,13:34:24,False,,True,False,738.32,51,669964312,train
669964304,738.02,34,13:34:25,False,,True,False,738.32,51,669964312,train
669964305,738.02,34,13:34:26,False,,True,True,738.32,51,669964312,train
669964306,738.04,34,13:34:27,False,,True,True,738.32,51,669964312,train
669964307,737.97,34,13:34:28,False,,True,True,738.32,51,669964312,train
669964308,737.88,34,13:34:29,False,,True,True,738.32,51,669964312,train
669964309,737.88,34,13:34:30,False,,True,True,738.32,51,669964312,train
669964310,737.77,34,13:34:31,False,,True,True,738.31,51,669964312,train
669965088,737.27,34,13:47:08,False,,True,False,737.6,52,669965150,train
669965089,737.27,34,13:47:09,False,,True,False,737.6,52,669965150,train
669965090,737.25,34,13:47:10,False,,True,False,737.6,52,669965150,train
669965091,737.38,34,13:47:11,False,,True,False,737.6,52,669965150,train
669965092,737.32,34,13:47:12,False,,True,False,737.6,52,669965150,train
669965093,737.36,34,13:47:13,False,,True,False,737.6,52,669965150,train
669965094,737.33,34,13:47:14,False,,True,False,737.59,52,669965150,train
669965095,737.31,34,13:47:15,False,,True,False,737.59,52,669965150,train
669965096,737.36,34,13:47:16,False,,True,False,737.59,52,669965150,train
669965097,737.31,34,13:47:17,False,,True,False,737.59,52,669965150,train
669965098,737.4,34,13:47:18,False,,True,False,737.59,52,669965150,train
669965099,737.35,34,13:47:19,False,,True,False,737.59,52,669965150,train
669965100,737.37,34,13:47:20,False,,True,False,737.59,52,669965150,train
669965101,737.35,34,13:47:21,False,,True,False,737.59,52,669965150,train
669965102,737.33,34,13:47:22,False,,True,False,737.59,52,669965150,train
669965103,737.35,34,13:47:23,False,,True,False,737.58,52,669965150,train
669965104,737.33,34,13:47:24,False,,True,False,737.58,52,669965150,train
669965105,737.32,34,13:47:25,False,,True,False,737.58,52,669965150,train
669965106,737.3,34,13:47:26,False,,True,False,737.58,52,669965150,train
669965107,737.36,34,13:47:27,False,,True,False,737.58,52,669965150,train
669965108,737.32,34,13:47:28,False,,True,False,737.58,52,669965150,train
669965109,737.34,34,13:47:29,False,,True,False,737.58,52,669965150,train
669965110,737.29,34,13:47:30,False,,True,False,737.58,52,669965150,train
669965111,737.32,34,13:47:31,False,,True,False,737.58,52,669965150,train
669965112,737.34,34,13:47:32,False,,True,False,737.57,52,669965150,train
669965113,737.33,34,13:47:33,False,,True,False,737.57,52,669965150,train
669965114,737.29,34,13:47:34,False,,True,False,737.57,52,669965150,train
669965115,737.29,34,13:47:34,False,,True,False,737.57,52,669965150,train
669965116,737.31,34,13:47:35,False,,True,False,737.57,52,669965150,train
669965117,737.35,34,13:47:36,False,,True,False,737.57,52,669965150,train
669965118,737.31,34,13:47:37,False,,True,False,737.57,52,669965150,train
669965119,737.31,34,13:47:38,False,,True,False,737.57,52,669965150,train
669965120,737.3,34,13:47:39,False,,True,False,737.56,52,669965150,train
669965121,737.28,34,13:47:40,False,,True,False,737.56,52,669965150,train
669965122,737.3,34,13:47:41,False,,True,False,737.56,52,669965150,train
669965123,737.3,34,13:47:42,False,,True,False,737.56,52,669965150,train
669965124,737.34,34,13:47:43,False,,True,False,737.56,52,669965150,train
669965125,737.32,34,13:47:44,False,,True,False,737.56,52,669965150,train
669965126,737.32,34,13:47:45,False,,True,False,737.56,52,669965150,train
669965127,737.34,34,13:47:46,False,,True,False,737.56,52,669965150,train
669965128,737.36,34,13:47:47,False,,True,False,737.55,52,669965150,train
669965129,737.29,34,13:47:48,False,,True,False,737.55,52,669965150,train
669965130,737.31,34,13:47:49,False,,True,False,737.55,52,669965150,train
669965131,737.27,34,13:47:50,False,,True,False,737.55,52,669965150,train
669965132,737.27,34,13:47:51,False,,True,False,737.55,52,669965150,train
669965133,737.27,34,13:47:52,False,,True,False,737.55,52,669965150,train
669965134,737.24,34,13:47:53,False,,True,False,737.55,52,669965150,train
669965135,737.22,34,13:47:54,False,,True,False,737.55,52,669965150,train
669965136,737.24,34,13:47:55,False,,True,False,737.55,52,669965150,train
669965137,737.22,34,13:47:56,False,,True,False,737.54,52,669965150,train
669965138,737.17,34,13:47:57,False,,True,False,737.54,52,669965150,train
669965139,737.21,34,13:47:58,False,,True,False,737.54,52,669965150,train
669965140,737.19,34,13:47:59,False,,True,False,737.54,52,669965150,train
669965141,737.12,34,13:48:00,False,,True,True,737.54,52,669965150,train
669965142,737.1,34,13:48:01,False,,True,True,737.54,52,669965150,train
669965143,737.07,34,13:48:02,False,,True,True,737.54,52,669965150,train
669965144,736.94,34,13:48:03,False,,True,True,737.53,52,669965150,train
669965145,736.85,34,13:48:04,False,,True,True,737.53,52,669965150,train
669965146,736.73,34,13:48:05,False,,True,True,737.53,52,669965150,train
669965147,736.26,34,13:48:06,False,,True,True,737.53,52,669965150,train
669971634,731.34,34,15:33:21,False,,True,False,731.6,53,669971696,train
669971635,731.32,34,15:33:22,False,,True,False,731.6,53,669971696,train
669971636,731.35,34,15:33:23,False,,True,False,731.59,53,669971696,train
669971637,731.35,34,15:33:24,False,,True,False,731.59,53,669971696,train
669971638,731.32,34,15:33:25,False,,True,False,731.59,53,669971696,train
669971639,731.39,34,15:33:26,False,,True,False,731.59,53,669971696,train
669971640,731.35,34,15:33:27,False,,True,False,731.59,53,669971696,train
669971641,731.33,34,15:33:28,False,,True,False,731.59,53,669971696,train
669971642,731.28,34,15:33:29,False,,True,False,731.59,53,669971696,train
669971643,731.34,34,15:33:30,False,,True,False,731.59,53,669971696,train
669971644,731.34,34,15:33:30,False,,True,False,731.59,53,669971696,train
669971645,731.33,34,15:33:31,False,,True,False,731.59,53,669971696,train
669971646,731.35,34,15:33:32,False,,True,False,731.59,53,669971696,train
669971647,731.35,34,15:33:33,False,,True,False,731.58,53,669971696,train
669971648,731.35,34,15:33:34,False,,True,False,731.58,53,669971696,train
669971649,731.35,34,15:33:35,False,,True,False,731.58,53,669971696,train
669971650,731.35,34,15:33:36,False,,True,False,731.58,53,669971696,train
669971651,731.32,34,15:33:37,False,,True,False,731.58,53,669971696,train
669971652,731.39,34,15:33:38,False,,True,False,731.58,53,669971696,train
669971653,731.37,34,15:33:39,False,,True,False,731.58,53,669971696,train
669971654,731.35,34,15:33:40,False,,True,False,731.58,53,669971696,train
669971655,731.35,34,15:33:41,False,,True,False,731.58,53,669971696,train
669971656,731.32,34,15:33:42,False,,True,False,731.57,53,669971696,train
669971657,731.37,34,15:33:43,False,,True,False,731.57,53,669971696,train
669971658,731.35,34,15:33:44,False,,True,False,731.57,53,669971696,train
669971659,731.35,34,15:33:45,False,,True,False,731.57,53,669971696,train
669971660,731.41,34,15:33:46,False,,True,False,731.57,53,669971696,train
669971661,731.32,34,15:33:47,False,,True,False,731.57,53,669971696,train
669971662,731.35,34,15:33:48,False,,True,False,731.57,53,669971696,train
669971663,731.35,34,15:33:49,False,,True,False,731.57,53,669971696,train
669971664,731.35,34,15:33:50,False,,True,False,731.57,53,669971696,train
669971665,731.32,34,15:33:51,False,,True,False,731.57,53,669971696,train
669971666,731.37,34,15:33:52,False,,True,False,731.56,53,669971696,train
669971667,731.33,34,15:33:53,False,,True,False,731.56,53,669971696,train
669971668,731.31,34,15:33:54,False,,True,False,731.56,53,669971696,train
669971669,731.3,34,15:33:55,False,,True,False,731.56,53,669971696,train
669971670,731.32,34,15:33:56,False,,True,False,731.56,53,669971696,train
669971671,731.35,34,15:33:57,False,,True,False,731.56,53,669971696,train
669971672,731.33,34,15:33:58,False,,True,False,731.56,53,669971696,train
669971673,731.35,34,15:33:59,False,,True,False,731.56,53,669971696,train
669971674,731.39,34,15:34:00,False,,True,False,731.56,53,669971696,train
669971675,731.33,34,15:34:01,False,,True,False,731.56,53,669971696,train
669971676,731.32,34,15:34:02,False,,True,False,731.55,53,669971696,train
669971677,731.3,34,15:34:03,False,,True,False,731.55,53,669971696,train
669971678,731.3,34,15:34:04,False,,True,False,731.55,53,669971696,train
669971679,731.32,34,15:34:05,False,,True,False,731.55,53,669971696,train
669971680,731.26,34,15:34:06,False,,True,False,731.55,53,669971696,train
669971681,731.21,34,15:34:07,False,,True,False,731.55,53,669971696,train
669971682,731.26,34,15:34:07,False,,True,False,731.55,53,669971696,train
669971683,731.26,34,15:34:08,False,,True,False,731.55,53,669971696,train
669971684,731.24,34,15:34:09,False,,True,False,731.55,53,669971696,train
669971685,731.19,34,15:34:10,False,,True,False,731.54,53,669971696,train
669971686,731.21,34,15:34:11,False,,True,False,731.54,53,669971696,train
669971687,731.22,34,15:34:12,False,,True,False,731.54,53,669971696,train
669971688,731.24,34,15:34:13,False,,True,True,731.54,53,669971696,train
669971689,731.15,34,15:34:14,False,,True,True,731.54,53,669971696,train
669971690,731.15,34,15:34:15,False,,True,True,731.54,53,669971696,train
669971691,731.17,34,15:34:16,False,,True,True,731.54,53,669971696,train
669971692,731.12,34,15:34:17,False,,True,True,731.53,53,669971696,train
669971693,731.08,34,15:34:18,False,,True,True,731.53,53,669971696,train
670046881,737.13,35,11:54:14,False,,True,False,737.14,54,670046942,train
670046882,737.13,35,11:54:15,False,,True,False,737.14,54,670046942,train
670046883,737.06,35,11:54:16,False,,True,False,737.14,54,670046942,train
670046884,737.1,35,11:54:17,False,,True,False,737.14,54,670046942,train
670046885,737.12,35,11:54:18,False,,True,False,737.14,54,670046942,train
670046886,737.14,35,11:54:19,False,,True,False,737.15,54,670046942,train
670046887,737.12,35,11:54:20,False,,True,False,737.15,54,670046942,train
670046888,737.16,35,11:54:21,False,,True,False,737.15,54,670046942,train
670046889,737.14,35,11:54:22,False,,True,False,737.15,54,670046942,train
670046890,737.13,35,11:54:23,False,,True,False,737.15,54,670046942,train
670046891,737.18,35,11:54:23,False,,True,False,737.15,54,670046942,train
670046892,737.15,35,11:54:24,False,,True,False,737.15,54,670046942,train
670046893,737.15,35,11:54:25,False,,True,False,737.15,54,670046942,train
670046894,737.15,35,11:54:26,False,,True,False,737.15,54,670046942,train
670046895,737.14,35,11:54:27,False,,True,False,737.15,54,670046942,train
670046896,737.16,35,11:54:28,False,,True,False,737.15,54,670046942,train
670046897,737.12,35,11:54:29,False,,True,False,737.15,54,670046942,train
670046898,737.16,35,11:54:30,False,,True,False,737.15,54,670046942,train
670046899,737.07,35,11:54:31,False,,True,False,737.15,54,670046942,train
670046900,737.04,35,11:54:32,False,,True,False,737.15,54,670046942,train
670046901,737.04,35,11:54:33,False,,True,False,737.15,54,670046942,train
670046902,737.13,35,11:54:34,False,,True,False,737.15,54,670046942,train
670046903,737.17,35,11:54:35,False,,True,False,737.15,54,670046942,train
670046904,737.21,35,11:54:36,False,,True,False,737.15,54,670046942,train
670046905,737.21,35,11:54:37,False,,True,False,737.15,54,670046942,train
670046906,737.12,35,11:54:38,False,,True,False,737.15,54,670046942,train
670046907,737.18,35,11:54:39,False,,True,False,737.15,54,670046942,train
670046908,737.16,35,11:54:40,False,,True,False,737.15,54,670046942,train
670046909,737.14,35,11:54:41,False,,True,False,737.15,54,670046942,train
670046910,737.18,35,11:54:42,False,,True,False,737.15,54,670046942,train
670046911,737.22,35,11:54:43,False,,True,False,737.15,54,670046942,train
670046912,737.19,35,11:54:44,False,,True,False,737.15,54,670046942,train
670046913,737.13,35,11:54:45,False,,True,False,737.15,54,670046942,train
670046914,737.12,35,11:54:46,False,,True,False,737.15,54,670046942,train
670046915,737.16,35,11:54:47,False,,True,False,737.15,54,670046942,train
670046916,737.16,35,11:54:48,False,,True,False,737.15,54,670046942,train
670046917,737.05,35,11:54:49,False,,True,False,737.15,54,670046942,train
670046918,737.09,35,11:54:50,False,,True,False,737.16,54,670046942,train
670046919,737.05,35,11:54:51,False,,True,False,737.16,54,670046942,train
670046920,737.13,35,11:54:52,False,,True,False,737.16,54,670046942,train
670046921,737.09,35,11:54:53,False,,True,False,737.16,54,670046942,train
670046922,737.06,35,11:54:54,False,,True,False,737.16,54,670046942,train
670046923,737.01,35,11:54:55,False,,True,False,737.16,54,670046942,train
670046924,737.04,35,11:54:56,False,,True,False,737.16,54,670046942,train
670046925,737.03,35,11:54:57,False,,True,False,737.16,54,670046942,train
670046926,736.92,35,11:54:58,False,,True,False,737.16,54,670046942,train
670046927,736.85,35,11:54:59,False,,True,False,737.15,54,670046942,train
670046928,736.93,35,11:55:00,False,,True,False,737.15,54,670046942,train
670046929,737.12,35,11:55:00,False,,True,False,737.15,54,670046942,train
670046930,737.14,35,11:55:01,False,,True,False,737.15,54,670046942,train
670046931,737.11,35,11:55:02,False,,True,False,737.15,54,670046942,train
670046932,737.13,35,11:55:03,False,,True,False,737.15,54,670046942,train
670046933,737.15,35,11:55:04,False,,True,False,737.15,54,670046942,train
670046934,737.15,35,11:55:05,False,,True,False,737.16,54,670046942,train
670046935,737.17,35,11:55:06,False,,True,False,737.16,54,670046942,train
670046936,737.05,35,11:55:07,False,,True,True,737.16,54,670046942,train
670046937,737.01,35,11:55:08,False,,True,True,737.16,54,670046942,train
670046938,736.94,35,11:55:09,False,,True,True,737.16,54,670046942,train
670046939,736.77,35,11:55:10,False,,True,True,737.15,54,670046942,train
670046940,736.57,35,11:55:11,False,,True,True,737.15,54,670046942,train
670047470,737.51,35,12:03:47,False,,True,False,737.44,55,670047546,train
670047471,737.46,35,12:03:48,False,,True,False,737.44,55,670047546,train
670047472,737.49,35,12:03:49,False,,True,False,737.44,55,670047546,train
670047473,737.53,35,12:03:50,False,,True,False,737.44,55,670047546,train
670047474,737.5,35,12:03:51,False,,True,False,737.44,55,670047546,train
670047475,737.5,35,12:03:52,False,,True,False,737.44,55,670047546,train
670047476,737.55,35,12:03:53,False,,True,False,737.44,55,670047546,train
670047477,737.48,35,12:03:54,False,,True,False,737.44,55,670047546,train
670047478,737.46,35,12:03:55,False,,True,False,737.45,55,670047546,train
670047479,737.45,35,12:03:56,False,,True,False,737.45,55,670047546,train
670047480,737.52,35,12:03:57,False,,True,True,737.45,55,670047546,train
670047481,737.48,35,12:03:58,False,,True,True,737.45,55,670047546,train
670047482,737.5,35,12:03:59,False,,True,True,737.45,55,670047546,train
670047483,737.49,35,12:04:00,False,,True,True,737.45,55,670047546,train
670047484,737.54,35,12:04:01,False,,True,True,737.45,55,670047546,train
670047485,737.47,35,12:04:02,False,,True,True,737.45,55,670047546,train
670047486,737.49,35,12:04:03,False,,True,True,737.45,55,670047546,train
670047487,737.51,35,12:04:04,False,,True,True,737.45,55,670047546,train
670047488,737.53,35,12:04:05,False,,True,True,737.45,55,670047546,train
670047489,737.55,35,12:04:06,False,,True,True,737.45,55,670047546,train
670047490,737.59,35,12:04:07,False,,True,True,737.45,55,670047546,train
670047491,737.57,35,12:04:08,False,,True,True,737.45,55,670047546,train
670047492,737.55,35,12:04:09,False,,True,True,737.45,55,670047546,train
670047493,737.5,35,12:04:10,False,,True,True,737.45,55,670047546,train
670047494,737.5,35,12:04:11,False,,True,True,737.45,55,670047546,train
670047495,737.56,35,12:04:11,False,,True,True,737.45,55,670047546,train
670047496,737.54,35,12:04:12,False,,True,True,737.45,55,670047546,train
670047497,737.56,35,12:04:13,False,,True,True,737.45,55,670047546,train
670047498,737.56,35,12:04:14,False,,True,True,737.45,55,670047546,train
670047499,737.52,35,12:04:15,False,,True,True,737.45,55,670047546,train
670047500,737.56,35,12:04:16,False,,True,True,737.45,55,670047546,train
670047501,737.58,35,12:04:17,False,,True,True,737.45,55,670047546,train
670047502,737.56,35,12:04:18,False,,True,True,737.46,55,670047546,train
670047503,737.51,35,12:04:19,False,,True,True,737.46,55,670047546,train
670047504,737.53,35,12:04:20,False,,True,True,737.46,55,670047546,train
670047505,737.53,35,12:04:21,False,,True,True,737.46,55,670047546,train
670047506,737.48,35,12:04:22,False,,True,True,737.46,55,670047546,train
670047507,737.54,35,12:04:23,False,,True,True,737.46,55,670047546,train
670047508,737.5,35,12:04:24,False,,True,True,737.46,55,670047546,train
670047509,737.55,35,12:04:25,False,,True,True,737.46,55,670047546,train
670047510,737.52,35,12:04:26,False,,True,True,737.46,55,670047546,train
670047511,737.5,35,12:04:27,False,,True,True,737.46,55,670047546,train
670047512,737.52,35,12:04:28,False,,True,True,737.46,55,670047546,train
670047513,737.49,35,12:04:29,False,,True,True,737.46,55,670047546,train
670047514,737.47,35,12:04:30,False,,True,True,737.46,55,670047546,train
670047515,737.54,35,12:04:31,False,,True,True,737.46,55,670047546,train
670047516,737.47,35,12:04:32,False,,True,True,737.46,55,670047546,train
670047517,737.51,35,12:04:33,False,,True,True,737.46,55,670047546,train
670047518,737.42,35,12:04:34,False,,True,True,737.46,55,670047546,train
670047519,737.46,35,12:04:35,False,,True,True,737.46,55,670047546,train
670047520,737.44,35,12:04:36,False,,True,True,737.46,55,670047546,train
670047521,737.46,35,12:04:37,False,,True,True,737.46,55,670047546,train
670047522,737.42,35,12:04:38,False,,True,True,737.46,55,670047546,train
670047523,737.46,35,12:04:39,False,,True,True,737.46,55,670047546,train
670047524,737.46,35,12:04:40,False,,True,True,737.46,55,670047546,train
670047525,737.39,35,12:04:41,False,,True,True,737.46,55,670047546,train
670047526,737.36,35,12:04:42,False,,True,True,737.46,55,670047546,train
670047527,737.34,35,12:04:43,False,,True,True,737.46,55,670047546,train
670047528,737.34,35,12:04:44,False,,True,True,737.46,55,670047546,train
670047529,737.34,35,12:04:45,False,,True,True,737.46,55,670047546,train
670055535,735.57,35,14:14:38,False,,True,False,735.71,56,670055611,train
670055536,735.52,35,14:14:39,False,,True,False,735.71,56,670055611,train
670055537,735.5,35,14:14:40,False,,True,False,735.71,56,670055611,train
670055538,735.47,35,14:14:41,False,,True,False,735.71,56,670055611,train
670055539,735.5,35,14:14:42,False,,True,False,735.71,56,670055611,train
670055540,735.5,35,14:14:43,False,,True,False,735.71,56,670055611,train
670055541,735.52,35,14:14:44,False,,True,False,735.71,56,670055611,train
670055542,735.5,35,14:14:45,False,,True,False,735.71,56,670055611,train
670055543,735.51,35,14:14:46,False,,True,False,735.71,56,670055611,train
670055544,735.47,35,14:14:47,False,,True,False,735.71,56,670055611,train
670055545,735.51,35,14:14:48,False,,True,False,735.71,56,670055611,train
670055546,735.51,35,14:14:49,False,,True,False,735.71,56,670055611,train
670055547,735.49,35,14:14:50,False,,True,True,735.71,56,670055611,train
670055548,735.53,35,14:14:51,False,,True,True,735.71,56,670055611,train
670055549,735.53,35,14:14:52,False,,True,True,735.71,56,670055611,train
670055550,735.53,35,14:14:53,False,,True,True,735.71,56,670055611,train
670055551,735.55,35,14:14:54,False,,True,True,735.71,56,670055611,train
670055552,735.48,35,14:14:55,False,,True,True,735.71,56,670055611,train
670055553,735.39,35,14:14:56,False,,True,True,735.71,56,670055611,train
670055554,735.44,35,14:14:57,False,,True,True,735.71,56,670055611,train
670055555,735.46,35,14:14:58,False,,True,True,735.7,56,670055611,train
670055556,735.5,35,14:14:59,False,,True,True,735.7,56,670055611,train
670055557,735.41,35,14:15:00,False,,True,True,735.7,56,670055611,train
670055558,735.41,35,14:15:01,False,,True,True,735.7,56,670055611,train
670055559,735.5,35,14:15:02,False,,True,True,735.7,56,670055611,train
670055560,735.43,35,14:15:03,False,,True,True,735.7,56,670055611,train
670055561,735.5,35,14:15:04,False,,True,True,735.7,56,670055611,train
670055562,735.48,35,14:15:05,False,,True,True,735.7,56,670055611,train
670055563,735.47,35,14:15:06,False,,True,True,735.7,56,670055611,train
670055564,735.45,35,14:15:07,False,,True,True,735.7,56,670055611,train
670055565,735.43,35,14:15:08,False,,True,True,735.7,56,670055611,train
670055566,735.45,35,14:15:09,False,,True,True,735.7,56,670055611,train
670055567,735.43,35,14:15:10,False,,True,True,735.69,56,670055611,train
670055568,735.45,35,14:15:11,False,,True,True,735.69,56,670055611,train
670055569,735.53,35,14:15:12,False,,True,True,735.69,56,670055611,train
670055570,735.46,35,14:15:12,False,,True,True,735.69,56,670055611,train
670055571,735.49,35,14:15:13,False,,True,True,735.69,56,670055611,train
670055572,735.42,35,14:15:14,False,,True,True,735.69,56,670055611,train
670055573,735.49,35,14:15:15,False,,True,True,735.69,56,670055611,train
670055574,735.51,35,14:15:16,False,,True,True,735.69,56,670055611,train
670055575,735.46,35,14:15:17,False,,True,True,735.69,56,670055611,train
670055576,735.5,35,14:15:18,False,,True,True,735.69,56,670055611,train
670055577,735.53,35,14:15:19,False,,True,True,735.69,56,670055611,train
670055578,735.48,35,14:15:20,False,,True,True,735.69,56,670055611,train
670055579,735.48,35,14:15:21,False,,True,True,735.69,56,670055611,train
670055580,735.46,35,14:15:22,False,,True,True,735.68,56,670055611,train
670055581,735.48,35,14:15:23,False,,True,True,735.68,56,670055611,train
670055582,735.36,35,14:15:24,False,,True,True,735.68,56,670055611,train
670055583,735.39,35,14:15:25,False,,True,True,735.68,56,670055611,train
670055584,735.45,35,14:15:26,False,,True,True,735.68,56,670055611,train
670055585,735.43,35,14:15:27,False,,True,True,735.68,56,670055611,train
670055586,735.43,35,14:15:28,False,,True,True,735.68,56,670055611,train
670055587,735.29,35,14:15:29,False,,True,True,735.68,56,670055611,train
670055588,735.38,35,14:15:30,False,,True,True,735.68,56,670055611,train
670055589,735.36,35,14:15:31,False,,True,True,735.68,56,670055611,train
670055590,735.31,35,14:15:32,False,,True,True,735.68,56,670055611,train
670055591,735.29,35,14:15:33,False,,True,True,735.67,56,670055611,train
670055592,735.33,35,14:15:34,False,,True,True,735.67,56,670055611,train
670055593,735.26,35,14:15:35,False,,True,True,735.67,56,670055611,train
670055594,735.15,35,14:15:36,False,,True,True,735.67,56,670055611,train
670129589,741.0,36,10:16:10,False,,True,False,741.27,57,670129653,train
670129590,741.04,36,10:16:11,False,,True,False,741.27,57,670129653,train
670129591,741.02,36,10:16:12,False,,True,False,741.26,57,670129653,train
670129592,741.04,36,10:16:13,False,,True,False,741.26,57,670129653,train
670129593,740.93,36,10:16:14,False,,True,False,741.26,57,670129653,train
670129594,740.97,36,10:16:15,False,,True,False,741.26,57,670129653,train
670129595,740.99,36,10:16:16,False,,True,False,741.26,57,670129653,train
670129596,741.03,36,10:16:17,False,,True,False,741.26,57,670129653,train
670129597,741.01,36,10:16:18,False,,True,False,741.26,57,670129653,train
670129598,740.92,36,10:16:19,False,,True,False,741.25,57,670129653,train
670129599,740.98,36,10:16:20,False,,True,False,741.25,57,670129653,train
670129600,740.98,36,10:16:21,False,,True,False,741.25,57,670129653,train
670129601,740.98,36,10:16:22,False,,True,False,741.25,57,670129653,train
670129602,740.94,36,10:16:23,False,,True,False,741.25,57,670129653,train
670129603,740.89,36,10:16:24,False,,True,False,741.25,57,670129653,train
670129604,741.02,36,10:16:25,False,,True,False,741.24,57,670129653,train
670129605,740.95,36,10:16:26,False,,True,False,741.24,57,670129653,train
670129606,740.95,36,10:16:27,False,,True,False,741.24,57,670129653,train
670129607,740.95,36,10:16:28,False,,True,False,741.24,57,670129653,train
670129608,740.97,36,10:16:29,False,,True,False,741.24,57,670129653,train
670129609,740.95,36,10:16:30,False,,True,False,741.24,57,670129653,train
670129610,740.94,36,10:16:30,False,,True,False,741.24,57,670129653,train
670129611,740.94,36,10:16:31,False,,True,False,741.23,57,670129653,train
670129612,740.98,36,10:16:32,False,,True,False,741.23,57,670129653,train
670129613,740.96,36,10:16:33,False,,True,False,741.23,57,670129653,train
670129614,740.92,36,10:16:34,False,,True,False,741.23,57,670129653,train
670129615,740.98,36,10:16:35,False,,True,False,741.23,57,670129653,train
670129616,741.0,36,10:16:36,False,,True,False,741.23,57,670129653,train
670129617,740.95,36,10:16:37,False,,True,False,741.23,57,670129653,train
670129618,740.95,36,10:16:38,False,,True,False,741.22,57,670129653,train
670129619,740.95,36,10:16:39,False,,True,False,741.22,57,670129653,train
670129620,740.91,36,10:16:40,False,,True,False,741.22,57,670129653,train
670129621,740.92,36,10:16:41,False,,True,False,741.22,57,670129653,train
670129622,740.97,36,10:16:42,False,,True,False,741.22,57,670129653,train
670129623,740.9,36,10:16:43,False,,True,False,741.22,57,670129653,train
670129624,740.92,36,10:16:44,False,,True,False,741.22,57,670129653,train
670129625,740.92,36,10:16:45,False,,True,False,741.21,57,670129653,train
670129626,740.96,36,10:16:46,False,,True,False,741.21,57,670129653,train
670129627,740.94,36,10:16:47,False,,True,False,741.21,57,670129653,train
670129628,740.89,36,10:16:48,False,,True,False,741.21,57,670129653,train
670129629,740.91,36,10:16:49,False,,True,False,741.21,57,670129653,train
670129630,740.91,36,10:16:50,False,,True,False,741.21,57,670129653,train
670129631,740.93,36,10:16:51,False,,True,False,741.21,57,670129653,train
670129632,740.89,36,10:16:52,False,,True,False,741.2,57,670129653,train
670129633,740.93,36,10:16:53,False,,True,False,741.2,57,670129653,train
670129634,740.86,36,10:16:54,False,,True,False,741.2,57,670129653,train
670129635,740.86,36,10:16:55,False,,True,True,741.2,57,670129653,train
670129636,740.84,36,10:16:56,False,,True,True,741.2,57,670129653,train
670129637,740.88,36,10:16:57,False,,True,True,741.2,57,670129653,train
670129638,740.86,36,10:16:58,False,,True,True,741.19,57,670129653,train
670129639,740.89,36,10:16:59,False,,True,True,741.19,57,670129653,train
670129640,740.79,36,10:17:00,False,,True,True,741.19,57,670129653,train
670129641,740.76,36,10:17:01,False,,True,True,741.19,57,670129653,train
670129642,740.71,36,10:17:02,False,,True,True,741.19,57,670129653,train
670129643,740.64,36,10:17:03,False,,True,True,741.19,57,670129653,train
670129644,740.66,36,10:17:04,False,,True,True,741.18,57,670129653,train
670129645,740.57,36,10:17:05,False,,True,True,741.18,57,670129653,train
670129646,740.53,36,10:17:06,False,,True,True,741.18,57,670129653,train
670129647,740.39,36,10:17:07,False,,True,True,741.18,57,670129653,train
670129648,740.25,36,10:17:07,False,,True,True,741.17,57,670129653,train
670136554,739.18,36,12:09:10,False,,True,True,738.93,58,670136668,train
670136555,739.13,36,12:09:11,False,,True,True,738.93,58,670136668,train
670136556,739.17,36,12:09:12,False,,True,True,738.93,58,670136668,train
670136557,739.13,36,12:09:13,False,,True,True,738.93,58,670136668,train
670136558,739.13,36,12:09:14,False,,True,True,738.94,58,670136668,train
670136559,739.15,36,12:09:15,False,,True,True,738.94,58,670136668,train
670136560,739.13,36,12:09:16,False,,True,True,738.94,58,670136668,train
670136561,739.17,36,12:09:17,False,,True,True,738.94,58,670136668,train
670136562,739.16,36,12:09:18,False,,True,True,738.94,58,670136668,train
670136563,739.14,36,12:09:19,False,,True,True,738.94,58,670136668,train
670136564,739.16,36,12:09:20,False,,True,True,738.94,58,670136668,train
670136565,739.16,36,12:09:21,False,,True,True,738.94,58,670136668,train
670136566,739.18,36,12:09:22,False,,True,True,738.94,58,670136668,train
670136567,739.14,36,12:09:23,False,,True,True,738.94,58,670136668,train
670136568,739.2,36,12:09:24,False,,True,True,738.94,58,670136668,train
670136569,739.18,36,12:09:25,False,,True,True,738.94,58,670136668,train
670136570,739.15,36,12:09:26,False,,True,True,738.94,58,670136668,train
670136571,739.15,36,12:09:27,False,,True,True,738.95,58,670136668,train
670136572,739.15,36,12:09:28,False,,True,True,738.95,58,670136668,train
670136573,739.17,36,12:09:29,False,,True,True,738.95,58,670136668,train
670136574,739.15,36,12:09:30,False,,True,True,738.95,58,670136668,train
670136575,739.12,36,12:09:31,False,,True,True,738.95,58,670136668,train
670136576,739.14,36,12:09:32,False,,True,True,738.95,58,670136668,train
670136577,739.1,36,12:09:33,False,,True,True,738.95,58,670136668,train
670136578,739.16,36,12:09:34,False,,True,True,738.95,58,670136668,train
670136579,739.12,36,12:09:35,False,,True,True,738.95,58,670136668,train
670136580,739.14,36,12:09:36,False,,True,True,738.95,58,670136668,train
670136581,739.11,36,12:09:37,False,,True,True,738.95,58,670136668,train
670136582,739.07,36,12:09:38,False,,True,True,738.95,58,670136668,train
670136583,739.09,36,12:09:39,False,,True,True,738.95,58,670136668,train
670136584,739.09,36,12:09:40,False,,True,True,738.95,58,670136668,train
670136585,739.09,36,12:09:41,False,,True,True,738.95,58,670136668,train
670136586,739.08,36,12:09:42,False,,True,True,738.95,58,670136668,train
670136587,739.08,36,12:09:43,False,,True,True,738.95,58,670136668,train
670136588,739.08,36,12:09:44,False,,True,True,738.96,58,670136668,train
670136589,739.08,36,12:09:45,False,,True,True,738.96,58,670136668,train
670136590,739.1,36,12:09:46,False,,True,True,738.96,58,670136668,train
670136591,739.06,36,12:09:46,False,,True,True,738.96,58,670136668,train
670136592,739.07,36,12:09:47,False,,True,True,738.96,58,670136668,train
670136593,739.05,36,12:09:48,False,,True,True,738.96,58,670136668,train
670136594,739.05,36,12:09:49,False,,True,True,738.96,58,670136668,train
670136595,739.05,36,12:09:50,False,,True,True,738.96,58,670136668,train
670136596,739.07,36,12:09:51,False,,True,True,738.96,58,670136668,train
670136597,739.04,36,12:09:52,False,,True,True,738.96,58,670136668,train
670136598,739.06,36,12:09:53,False,,True,True,738.96,58,670136668,train
670136599,739.06,36,12:09:54,False,,True,True,738.96,58,670136668,train
670136600,739.02,36,12:09:55,False,,True,True,738.96,58,670136668,train
670136601,739.0,36,12:09:56,False,,True,True,738.96,58,670136668,train
670136602,739.02,36,12:09:57,False,,True,True,738.96,58,670136668,train
670136603,738.99,36,12:09:58,False,,True,True,738.96,58,670136668,train
670136604,738.98,36,12:09:59,False,,True,True,738.96,58,670136668,train
670136605,738.99,36,12:10:00,False,,True,True,738.96,58,670136668,train
670136606,738.96,36,12:10:01,False,,True,True,738.96,58,670136668,train
670136607,738.98,36,12:10:02,False,,True,True,738.96,58,670136668,train
670136608,738.98,36,12:10:03,False,,True,True,738.96,58,670136668,train
670136609,738.96,36,12:10:04,False,,True,True,738.96,58,670136668,train
670136610,738.96,36,12:10:05,False,,True,True,738.96,58,670136668,train
670136611,738.91,36,12:10:06,False,,True,True,738.96,58,670136668,train
670136612,738.93,36,12:10:07,False,,True,True,738.96,58,670136668,train
670136613,738.95,36,12:10:08,False,,True,True,738.96,58,670136668,train
670138632,739.81,36,12:42:53,False,,True,False,739.65,59,670138695,train
670138633,739.74,36,12:42:54,False,,True,False,739.65,59,670138695,train
670138634,739.74,36,12:42:55,False,,True,False,739.65,59,670138695,train
670138635,739.81,36,12:42:56,False,,True,False,739.65,59,670138695,train
670138636,739.72,36,12:42:57,False,,True,False,739.65,59,670138695,train
670138637,739.65,36,12:42:58,False,,True,False,739.65,59,670138695,train
670138638,739.73,36,12:42:59,False,,True,False,739.65,59,670138695,train
670138639,739.69,36,12:43:00,False,,True,False,739.65,59,670138695,train
670138640,739.69,36,12:43:01,False,,True,False,739.65,59,670138695,train
670138641,739.73,36,12:43:02,False,,True,False,739.65,59,670138695,train
670138642,739.71,36,12:43:03,False,,True,False,739.65,59,670138695,train
670138643,739.67,36,12:43:04,False,,True,False,739.65,59,670138695,train
670138644,739.68,36,12:43:05,False,,True,False,739.65,59,670138695,train
670138645,739.66,36,12:43:06,False,,True,False,739.65,59,670138695,train
670138646,739.68,36,12:43:07,False,,True,False,739.65,59,670138695,train
670138647,739.68,36,12:43:08,False,,True,False,739.65,59,670138695,train
670138648,739.66,36,12:43:09,False,,True,False,739.65,59,670138695,train
670138649,739.72,36,12:43:10,False,,True,False,739.65,59,670138695,train
670138650,739.65,36,12:43:11,False,,True,False,739.65,59,670138695,train
670138651,739.61,36,12:43:12,False,,True,False,739.65,59,670138695,train
670138652,739.67,36,12:43:13,False,,True,False,739.65,59,670138695,train
670138653,739.61,36,12:43:14,False,,True,False,739.65,59,670138695,train
670138654,739.58,36,12:43:15,False,,True,False,739.65,59,670138695,train
670138655,739.58,36,12:43:16,False,,True,False,739.65,59,670138695,train
670138656,739.6,36,12:43:17,False,,True,False,739.65,59,670138695,train
670138657,739.65,36,12:43:18,False,,True,False,739.65,59,670138695,train
670138658,739.64,36,12:43:19,False,,True,False,739.65,59,670138695,train
670138659,739.67,36,12:43:20,False,,True,False,739.65,59,670138695,train
670138660,739.62,36,12:43:21,False,,True,False,739.65,59,670138695,train
670138661,739.62,36,12:43:22,False,,True,False,739.65,59,670138695,train
670138662,739.66,36,12:43:23,False,,True,False,739.65,59,670138695,train
670138663,739.64,36,12:43:24,False,,True,False,739.65,59,670138695,train
670138664,739.68,36,12:43:25,False,,True,False,739.65,59,670138695,train
670138665,739.66,36,12:43:26,False,,True,False,739.65,59,670138695,train
670138666,739.62,36,12:43:27,False,,True,False,739.65,59,670138695,train
670138667,739.59,36,12:43:27,False,,True,False,739.65,59,670138695,train
670138668,739.59,36,12:43:28,False,,True,False,739.65,59,670138695,train
670138669,739.66,36,12:43:29,False,,True,False,739.65,59,670138695,train
670138670,739.65,36,12:43:30,False,,True,False,739.65,59,670138695,train
670138671,739.63,36,12:43:31,False,,True,False,739.65,59,670138695,train
670138672,739.61,36,12:43:32,False,,True,False,739.65,59,670138695,train
670138673,739.61,36,12:43:33,False,,True,False,739.65,59,670138695,train
670138674,739.58,36,12:43:34,False,,True,False,739.65,59,670138695,train
670138675,739.6,36,12:43:35,False,,True,False,739.65,59,670138695,train
670138676,739.58,36,12:43:36,False,,True,False,739.65,59,670138695,train
670138677,739.58,36,12:43:37,False,,True,False,739.65,59,670138695,train
670138678,739.6,36,12:43:38,False,,True,False,739.65,59,670138695,train
670138679,739.53,36,12:43:39,False,,True,False,739.65,59,670138695,train
670138680,739.49,36,12:43:40,False,,True,False,739.65,59,670138695,train
670138681,739.51,36,12:43:41,False,,True,False,739.65,59,670138695,train
670138682,739.44,36,12:43:42,False,,True,True,739.65,59,670138695,train
670138683,739.41,36,12:43:43,False,,True,True,739.65,59,670138695,train
670138684,739.35,36,12:43:44,False,,True,True,739.65,59,670138695,train
670138685,739.37,36,12:43:45,False,,True,True,739.65,59,670138695,train
670138686,739.34,36,12:43:46,False,,True,True,739.65,59,670138695,train
670138687,739.18,36,12:43:47,False,,True,True,739.65,59,670138695,train
670138688,739.0,36,12:43:48,False,,True,True,739.64,59,670138695,train
670138689,739.0,36,12:43:49,False,,True,True,739.64,59,670138695,train
670138690,738.93,36,12:43:50,False,,True,True,739.64,59,670138695,train
670138691,738.88,36,12:43:51,False,,True,True,739.64,59,670138695,train
670225376,739.48,37,12:10:19,False,,True,False,739.39,60,670225439,train
670225377,739.46,37,12:10:20,False,,True,False,739.39,60,670225439,train
670225378,739.48,37,12:10:21,False,,True,False,739.39,60,670225439,train
670225379,739.45,37,12:10:22,False,,True,False,739.39,60,670225439,train
670225380,739.52,37,12:10:23,False,,True,False,739.39,60,670225439,train
670225381,739.47,37,12:10:24,False,,True,False,739.39,60,670225439,train
670225382,739.49,37,12:10:25,False,,True,False,739.39,60,670225439,train
670225383,739.47,37,12:10:26,False,,True,False,739.39,60,670225439,train
670225384,739.49,37,12:10:27,False,,True,False,739.39,60,670225439,train
670225385,739.47,37,12:10:28,False,,True,False,739.39,60,670225439,train
670225386,739.43,37,12:10:29,False,,True,False,739.39,60,670225439,train
670225387,739.44,37,12:10:29,False,,True,False,739.39,60,670225439,train
670225388,739.49,37,12:10:30,False,,True,False,739.39,60,670225439,train
670225389,739.46,37,12:10:31,False,,True,False,739.39,60,670225439,train
670225390,739.36,37,12:10:32,False,,True,False,739.39,60,670225439,train
670225391,739.4,37,12:10:33,False,,True,False,739.4,60,670225439,train
670225392,739.39,37,12:10:34,False,,True,False,739.4,60,670225439,train
670225393,739.42,37,12:10:35,False,,True,False,739.4,60,670225439,train
670225394,739.37,37,12:10:36,False,,True,False,739.4,60,670225439,train
670225395,739.39,37,12:10:37,False,,True,False,739.4,60,670225439,train
670225396,739.43,37,12:10:38,False,,True,False,739.4,60,670225439,train
670225397,739.39,37,12:10:39,False,,True,False,739.4,60,670225439,train
670225398,739.43,37,12:10:40,False,,True,False,739.4,60,670225439,train
670225399,739.5,37,12:10:41,False,,True,False,739.4,60,670225439,train
670225400,739.43,37,12:10:42,False,,True,False,739.4,60,670225439,train
670225401,739.43,37,12:10:43,False,,True,False,739.4,60,670225439,train
670225402,739.49,37,12:10:44,False,,True,False,739.4,60,670225439,train
670225403,739.5,37,12:10:45,False,,True,False,739.4,60,670225439,train
670225404,739.52,37,12:10:46,False,,True,False,739.4,60,670225439,train
670225405,739.47,37,12:10:47,False,,True,False,739.4,60,670225439,train
670225406,739.47,37,12:10:48,False,,True,False,739.4,60,670225439,train
670225407,739.41,37,12:10:49,False,,True,False,739.4,60,670225439,train
670225408,739.43,37,12:10:50,False,,True,False,739.4,60,670225439,train
670225409,739.4,37,12:10:51,False,,True,False,739.4,60,670225439,train
670225410,739.42,37,12:10:52,False,,True,False,739.4,60,670225439,train
670225411,739.36,37,12:10:53,False,,True,False,739.4,60,670225439,train
670225412,739.38,37,12:10:54,False,,True,False,739.41,60,670225439,train
670225413,739.38,37,12:10:55,False,,True,False,739.41,60,670225439,train
670225414,739.35,37,12:10:56,False,,True,False,739.41,60,670225439,train
670225415,739.35,37,12:10:57,False,,True,False,739.41,60,670225439,train
670225416,739.33,37,12:10:58,False,,True,False,739.41,60,670225439,train
670225417,739.35,37,12:10:59,False,,True,False,739.41,60,670225439,train
670225418,739.33,37,12:11:00,False,,True,False,739.41,60,670225439,train
670225419,739.32,37,12:11:01,False,,True,False,739.41,60,670225439,train
670225420,739.32,37,12:11:02,False,,True,False,739.41,60,670225439,train
670225421,739.26,37,12:11:03,False,,True,False,739.41,60,670225439,train
670225422,739.3,37,12:11:04,False,,True,False,739.41,60,670225439,train
670225423,739.3,37,12:11:05,False,,True,False,739.41,60,670225439,train
670225424,739.28,37,12:11:05,False,,True,True,739.41,60,670225439,train
670225425,739.32,37,12:11:06,False,,True,True,739.41,60,670225439,train
670225426,739.28,37,12:11:07,False,,True,True,739.41,60,670225439,train
670225427,739.23,37,12:11:08,False,,True,True,739.41,60,670225439,train
670225428,739.25,37,12:11:09,False,,True,True,739.41,60,670225439,train
670225429,739.16,37,12:11:10,False,,True,True,739.41,60,670225439,train
670225430,739.2,37,12:11:11,False,,True,True,739.41,60,670225439,train
670225431,739.09,37,12:11:12,False,,True,True,739.41,60,670225439,train
670225432,739.09,37,12:11:13,False,,True,True,739.41,60,670225439,train
670225433,738.98,37,12:11:14,False,,True,True,739.41,60,670225439,train
670225434,738.95,37,12:11:15,False,,True,True,739.41,60,670225439,train
670225435,738.72,37,12:11:16,False,,True,True,739.41,60,670225439,train
670232255,738.33,37,14:01:55,False,,True,True,738.63,61,670232335,train
670232256,738.37,37,14:01:56,False,,True,True,738.63,61,670232335,train
670232257,738.37,37,14:01:57,False,,True,True,738.63,61,670232335,train
670232258,738.3,37,14:01:58,False,,True,True,738.63,61,670232335,train
670232259,738.37,37,14:01:59,False,,True,True,738.63,61,670232335,train
670232260,738.32,37,14:02:00,False,,True,True,738.63,61,670232335,train
670232261,738.37,37,14:02:01,False,,True,True,738.63,61,670232335,train
670232262,738.41,37,14:02:02,False,,True,True,738.63,61,670232335,train
670232263,738.38,37,14:02:03,False,,True,True,738.63,61,670232335,train
670232264,738.38,37,14:02:04,False,,True,True,738.63,61,670232335,train
670232265,738.36,37,14:02:05,False,,True,True,738.63,61,670232335,train
670232266,738.42,37,14:02:06,False,,True,True,738.63,61,670232335,train
670232267,738.42,37,14:02:07,False,,True,True,738.63,61,670232335,train
670232268,738.44,37,14:02:08,False,,True,True,738.63,61,670232335,train
670232269,738.44,37,14:02:09,False,,True,True,738.63,61,670232335,train
670232270,738.44,37,14:02:10,False,,True,True,738.63,61,670232335,train
670232271,738.43,37,14:02:11,False,,True,True,738.63,61,670232335,train
670232272,738.39,37,14:02:12,False,,True,True,738.63,61,670232335,train
670232273,738.46,37,14:02:13,False,,True,True,738.63,61,670232335,train
670232274,738.37,37,14:02:14,False,,True,True,738.62,61,670232335,train
670232275,738.41,37,14:02:15,False,,True,True,738.62,61,670232335,train
670232276,738.38,37,14:02:16,False,,True,True,738.62,61,670232335,train
670232277,738.38,37,14:02:17,False,,True,True,738.62,61,670232335,train
670232278,738.43,37,14:02:18,False,,True,True,738.62,61,670232335,train
670232279,738.45,37,14:02:19,False,,True,True,738.62,61,670232335,train
670232280,738.44,37,14:02:20,False,,True,True,738.62,61,670232335,train
670232281,738.4,37,14:02:21,False,,True,True,738.62,61,670232335,train
670232282,738.47,37,14:02:22,False,,True,True,738.62,61,670232335,train
670232283,738.46,37,14:02:23,False,,True,True,738.62,61,670232335,train
670232284,738.46,37,14:02:24,False,,True,True,738.62,61,670232335,train
670232285,738.48,37,14:02:25,False,,True,True,738.62,61,670232335,train
670232286,738.46,37,14:02:26,False,,True,True,738.62,61,670232335,train
670232287,738.5,37,14:02:27,False,,True,True,738.62,61,670232335,train
670232288,738.48,37,14:02:28,False,,True,True,738.62,61,670232335,train
670232289,738.52,37,14:02:29,False,,True,True,738.62,61,670232335,train
670232290,738.52,37,14:02:30,False,,True,True,738.62,61,670232335,train
670232291,738.54,37,14:02:31,False,,True,True,738.62,61,670232335,train
670232292,738.52,37,14:02:32,False,,True,True,738.62,61,670232335,train
670232293,738.54,37,14:02:32,False,,True,True,738.62,61,670232335,train
670232294,738.49,37,14:02:33,False,,True,True,738.62,61,670232335,train
670232295,738.46,37,14:02:34,False,,True,True,738.62,61,670232335,train
670232296,738.49,37,14:02:35,False,,True,True,738.62,61,670232335,train
670232297,738.54,37,14:02:36,False,,True,True,738.62,61,670232335,train
670232298,738.46,37,14:02:37,False,,True,True,738.61,61,670232335,train
670232299,738.48,37,14:02:38,False,,True,True,738.61,61,670232335,train
670232300,738.57,37,14:02:39,False,,True,True,738.61,61,670232335,train
670232301,738.48,37,14:02:40,False,,True,True,738.61,61,670232335,train
670232302,738.5,37,14:02:41,False,,True,True,738.61,61,670232335,train
670232303,738.39,37,14:02:42,False,,True,True,738.61,61,670232335,train
670232304,738.38,37,14:02:43,False,,True,True,738.61,61,670232335,train
670232305,738.42,37,14:02:44,False,,True,True,738.61,61,670232335,train
670232306,738.36,37,14:02:45,False,,True,True,738.61,61,670232335,train
670232307,738.37,37,14:02:46,False,,True,True,738.61,61,670232335,train
670232308,738.38,37,14:02:47,False,,True,True,738.61,61,670232335,train
670232309,738.33,37,14:02:48,False,,True,True,738.61,61,670232335,train
670232310,738.24,37,14:02:49,False,,True,True,738.61,61,670232335,train
670232311,738.3,37,14:02:50,False,,True,True,738.61,61,670232335,train
670232312,738.21,37,14:02:51,False,,True,True,738.61,61,670232335,train
670232313,738.3,37,14:02:52,False,,True,True,738.61,61,670232335,train
670232314,738.25,37,14:02:53,False,,True,True,738.6,61,670232335,train
670232924,737.85,37,14:12:47,False,,True,False,738.22,62,670232986,train
670232925,737.85,37,14:12:48,False,,True,False,738.22,62,670232986,train
670232926,737.94,37,14:12:49,False,,True,False,738.22,62,670232986,train
670232927,737.81,37,14:12:50,False,,True,False,738.22,62,670232986,train
670232928,737.83,37,14:12:51,False,,True,False,738.22,62,670232986,train
670232929,737.85,37,14:12:52,False,,True,False,738.21,62,670232986,train
670232930,737.85,37,14:12:53,False,,True,False,738.21,62,670232986,train
670232931,737.83,37,14:12:54,False,,True,False,738.21,62,670232986,train
670232932,737.85,37,14:12:55,False,,True,False,738.21,62,670232986,train
670232933,737.87,37,14:12:56,False,,True,False,738.21,62,670232986,train
670232934,737.82,37,14:12:56,False,,True,False,738.21,62,670232986,train
670232935,737.84,37,14:12:57,False,,True,False,738.21,62,670232986,train
670232936,737.78,37,14:12:58,False,,True,False,738.2,62,670232986,train
670232937,737.82,37,14:12:59,False,,True,False,738.2,62,670232986,train
670232938,737.82,37,14:13:00,False,,True,False,738.2,62,670232986,train
670232939,737.77,37,14:13:01,False,,True,False,738.2,62,670232986,train
670232940,737.84,37,14:13:02,False,,True,False,738.2,62,670232986,train
670232941,737.79,37,14:13:03,False,,True,False,738.2,62,670232986,train
670232942,737.81,37,14:13:04,False,,True,False,738.2,62,670232986,train
670232943,737.85,37,14:13:05,False,,True,False,738.19,62,670232986,train
670232944,737.83,37,14:13:06,False,,True,False,738.19,62,670232986,train
670232945,737.86,37,14:13:07,False,,True,False,738.19,62,670232986,train
670232946,737.81,37,14:13:08,False,,True,False,738.19,62,670232986,train
670232947,737.76,37,14:13:09,False,,True,False,738.19,62,670232986,train
670232948,737.85,37,14:13:10,False,,True,False,738.19,62,670232986,train
670232949,737.83,37,14:13:11,False,,True,False,738.18,62,670232986,train
670232950,737.85,37,14:13:12,False,,True,False,738.18,62,670232986,train
670232951,737.78,37,14:13:13,False,,True,False,738.18,62,670232986,train
670232952,737.85,37,14:13:14,False,,True,False,738.18,62,670232986,train
670232953,737.84,37,14:13:15,False,,True,False,738.18,62,670232986,train
670232954,737.82,37,14:13:16,False,,True,False,738.18,62,670232986,train
670232955,737.82,37,14:13:17,False,,True,False,738.18,62,670232986,train
670232956,737.86,37,14:13:18,False,,True,False,738.18,62,670232986,train
670232957,737.86,37,14:13:19,False,,True,False,738.17,62,670232986,train
670232958,737.86,37,14:13:20,False,,True,False,738.17,62,670232986,train
670232959,737.84,37,14:13:21,False,,True,False,738.17,62,670232986,train
670232960,737.86,37,14:13:22,False,,True,False,738.17,62,670232986,train
670232961,737.84,37,14:13:23,False,,True,False,738.17,62,670232986,train
670232962,737.88,37,14:13:24,False,,True,False,738.17,62,670232986,train
670232963,737.88,37,14:13:25,False,,True,False,738.17,62,670232986,train
670232964,737.92,37,14:13:26,False,,True,False,738.16,62,670232986,train
670232965,737.81,37,14:13:27,False,,True,False,738.16,62,670232986,train
670232966,737.87,37,14:13:28,False,,True,False,738.16,62,670232986,train
670232967,737.92,37,14:13:29,False,,True,False,738.16,62,670232986,train
670232968,737.83,37,14:13:30,False,,True,False,738.16,62,670232986,train
670232969,737.94,37,14:13:31,False,,True,False,738.16,62,670232986,train
670232970,737.92,37,14:13:32,False,,True,False,738.16,62,670232986,train
670232971,737.96,37,14:13:33,False,,True,False,738.16,62,670232986,train
670232972,737.91,37,14:13:33,False,,True,False,738.16,62,670232986,train
670232973,737.89,37,14:13:34,False,,True,False,738.15,62,670232986,train
670232974,737.84,37,14:13:35,False,,True,False,738.15,62,670232986,train
670232975,737.8,37,14:13:36,False,,True,True,738.15,62,670232986,train
670232976,737.8,37,14:13:37,False,,True,True,738.15,62,670232986,train
670232977,737.73,37,14:13:38,False,,True,True,738.15,62,670232986,train
670232978,737.61,37,14:13:39,False,,True,True,738.15,62,670232986,train
670232979,737.5,37,14:13:40,False,,True,True,738.15,62,670232986,train
670232980,737.59,37,14:13:41,False,,True,True,738.14,62,670232986,train
670232981,737.56,37,14:13:42,False,,True,True,738.14,62,670232986,train
670232982,737.52,37,14:13:43,False,,True,True,738.14,62,670232986,train
670232983,737.29,37,14:13:44,False,,True,True,738.14,62,670232986,train
670233808,737.39,37,14:27:07,False,,True,False,737.51,63,670233871,train
670233809,737.43,37,14:27:08,False,,True,False,737.51,63,670233871,train
670233810,737.41,37,14:27:09,False,,True,False,737.51,63,670233871,train
670233811,737.41,37,14:27:10,False,,True,False,737.51,63,670233871,train
670233812,737.38,37,14:27:11,False,,True,False,737.51,63,670233871,train
670233813,737.38,37,14:27:12,False,,True,False,737.51,63,670233871,train
670233814,737.38,37,14:27:13,False,,True,False,737.51,63,670233871,train
670233815,737.34,37,14:27:14,False,,True,False,737.51,63,670233871,train
670233816,737.42,37,14:27:15,False,,True,False,737.5,63,670233871,train
670233817,737.36,37,14:27:16,False,,True,False,737.5,63,670233871,train
670233818,737.31,37,14:27:17,False,,True,False,737.5,63,670233871,train
670233819,737.36,37,14:27:18,False,,True,False,737.5,63,670233871,train
670233820,737.34,37,14:27:19,False,,True,False,737.5,63,670233871,train
670233821,737.35,37,14:27:20,False,,True,False,737.5,63,670233871,train
670233822,737.4,37,14:27:21,False,,True,False,737.5,63,670233871,train
670233823,737.31,37,14:27:22,False,,True,False,737.5,63,670233871,train
670233824,737.31,37,14:27:23,False,,True,False,737.5,63,670233871,train
670233825,737.29,37,14:27:24,False,,True,False,737.5,63,670233871,train
670233826,737.31,37,14:27:25,False,,True,False,737.5,63,670233871,train
670233827,737.28,37,14:27:26,False,,True,False,737.5,63,670233871,train
670233828,737.33,37,14:27:27,False,,True,False,737.5,63,670233871,train
670233829,737.35,37,14:27:28,False,,True,False,737.5,63,670233871,train
670233830,737.33,37,14:27:29,False,,True,False,737.49,63,670233871,train
670233831,737.28,37,14:27:30,False,,True,False,737.49,63,670233871,train
670233832,737.28,37,14:27:31,False,,True,False,737.49,63,670233871,train
670233833,737.26,37,14:27:32,False,,True,False,737.49,63,670233871,train
670233834,737.3,37,14:27:33,False,,True,False,737.49,63,670233871,train
670233835,737.28,37,14:27:34,False,,True,False,737.49,63,670233871,train
670233836,737.32,37,14:27:35,False,,True,False,737.49,63,670233871,train
670233837,737.3,37,14:27:36,False,,True,False,737.49,63,670233871,train
670233838,737.32,37,14:27:37,False,,True,False,737.49,63,670233871,train
670233839,737.23,37,14:27:38,False,,True,False,737.49,63,670233871,train
670233840,737.3,37,14:27:38,False,,True,False,737.49,63,670233871,train
670233841,737.25,37,14:27:39,False,,True,False,737.49,63,670233871,train
670233842,737.29,37,14:27:40,False,,True,False,737.48,63,670233871,train
670233843,737.27,37,14:27:41,False,,True,False,737.48,63,670233871,train
670233844,737.29,37,14:27:42,False,,True,False,737.48,63,670233871,train
670233845,737.23,37,14:27:43,False,,True,False,737.48,63,670233871,train
670233846,737.31,37,14:27:44,False,,True,False,737.48,63,670233871,train
670233847,737.33,37,14:27:45,False,,True,False,737.48,63,670233871,train
670233848,737.25,37,14:27:46,False,,True,False,737.48,63,670233871,train
670233849,737.25,37,14:27:47,False,,True,False,737.48,63,670233871,train
670233850,737.29,37,14:27:48,False,,True,False,737.48,63,670233871,train
670233851,737.26,37,14:27:49,False,,True,False,737.48,63,670233871,train
670233852,737.24,37,14:27:50,False,,True,False,737.48,63,670233871,train
670233853,737.22,37,14:27:51,False,,True,False,737.48,63,670233871,train
670233854,737.2,37,14:27:52,False,,True,False,737.47,63,670233871,train
670233855,737.22,37,14:27:53,False,,True,False,737.47,63,670233871,train
670233856,737.19,37,14:27:54,False,,True,False,737.47,63,670233871,train
670233857,737.22,37,14:27:55,False,,True,True,737.47,63,670233871,train
670233858,737.26,37,14:27:56,False,,True,True,737.47,63,670233871,train
670233859,737.17,37,14:27:57,False,,True,True,737.47,63,670233871,train
670233860,737.26,37,14:27:58,False,,True,True,737.47,63,670233871,train
670233861,737.26,37,14:27:59,False,,True,True,737.47,63,670233871,train
670233862,737.17,37,14:28:00,False,,True,True,737.47,63,670233871,train
670233863,737.12,37,14:28:01,False,,True,True,737.47,63,670233871,train
670233864,737.12,37,14:28:02,False,,True,True,737.47,63,670233871,train
670233865,737.03,37,14:28:03,False,,True,True,737.47,63,670233871,train
670233866,736.96,37,14:28:04,False,,True,True,737.46,63,670233871,train
670233867,736.94,37,14:28:05,False,,True,True,737.46,63,670233871,train
670313692,737.63,38,12:03:14,False,,True,True,737.69,64,670313772,train
670313693,737.51,38,12:03:15,False,,True,True,737.69,64,670313772,train
670313694,737.58,38,12:03:16,False,,True,True,737.69,64,670313772,train
670313695,737.61,38,12:03:17,False,,True,True,737.69,64,670313772,train
670313696,737.61,38,12:03:18,False,,True,True,737.69,64,670313772,train
670313697,737.6,38,12:03:19,False,,True,True,737.69,64,670313772,train
670313698,737.6,38,12:03:20,False,,True,True,737.69,64,670313772,train
670313699,737.62,38,12:03:21,False,,True,True,737.69,64,670313772,train
670313700,737.55,38,12:03:22,False,,True,True,737.69,64,670313772,train
670313701,737.66,38,12:03:23,False,,True,True,737.69,64,670313772,train
670313702,737.64,38,12:03:24,False,,True,True,737.69,64,670313772,train
670313703,737.62,38,12:03:25,False,,True,True,737.69,64,670313772,train
670313704,737.69,38,12:03:26,False,,True,True,737.69,64,670313772,train
670313705,737.64,38,12:03:27,False,,True,True,737.69,64,670313772,train
670313706,737.7,38,12:03:28,False,,True,True,737.69,64,670313772,train
670313707,737.68,38,12:03:29,False,,True,True,737.69,64,670313772,train
670313708,737.64,38,12:03:30,False,,True,True,737.69,64,670313772,train
670313709,737.7,38,12:03:31,False,,True,True,737.69,64,670313772,train
670313710,737.72,38,12:03:32,False,,True,True,737.69,64,670313772,train
670313711,737.68,38,12:03:33,False,,True,True,737.69,64,670313772,train
670313712,737.69,38,12:03:34,False,,True,True,737.69,64,670313772,train
670313713,737.67,38,12:03:35,False,,True,True,737.69,64,670313772,train
670313714,737.67,38,12:03:36,False,,True,True,737.69,64,670313772,train
670313715,737.67,38,12:03:37,False,,True,True,737.69,64,670313772,train
670313716,737.67,38,12:03:38,False,,True,True,737.69,64,670313772,train
670313717,737.67,38,12:03:39,False,,True,True,737.69,64,670313772,train
670313718,737.64,38,12:03:40,False,,True,True,737.69,64,670313772,train
670313719,737.64,38,12:03:41,False,,True,True,737.69,64,670313772,train
670313720,737.66,38,12:03:42,False,,True,True,737.69,64,670313772,train
670313721,737.62,38,12:03:43,False,,True,True,737.69,64,670313772,train
670313722,737.68,38,12:03:44,False,,True,True,737.69,64,670313772,train
670313723,737.61,38,12:03:45,False,,True,True,737.69,64,670313772,train
670313724,737.61,38,12:03:46,False,,True,True,737.69,64,670313772,train
670313725,737.63,38,12:03:47,False,,True,True,737.69,64,670313772,train
670313726,737.59,38,12:03:48,False,,True,True,737.69,64,670313772,train
670313727,737.56,38,12:03:49,False,,True,True,737.69,64,670313772,train
670313728,737.58,38,12:03:50,False,,True,True,737.69,64,670313772,train
670313729,737.54,38,12:03:51,False,,True,True,737.69,64,670313772,train
670313730,737.54,38,12:03:51,False,,True,True,737.69,64,670313772,train
670313731,737.49,38,12:03:52,False,,True,True,737.69,64,670313772,train
670313732,737.58,38,12:03:53,False,,True,True,737.69,64,670313772,train
670313733,737.49,38,12:03:54,False,,True,True,737.69,64,670313772,train
670313734,737.53,38,12:03:55,False,,True,True,737.69,64,670313772,train
670313735,737.53,38,12:03:56,False,,True,True,737.69,64,670313772,train
670313736,737.53,38,12:03:57,False,,True,True,737.69,64,670313772,train
670313737,737.5,38,12:03:58,False,,True,True,737.69,64,670313772,train
670313738,737.52,38,12:03:59,False,,True,True,737.69,64,670313772,train
670313739,737.55,38,12:04:00,False,,True,True,737.68,64,670313772,train
670313740,737.55,38,12:04:01,False,,True,True,737.68,64,670313772,train
670313741,737.61,38,12:04:02,False,,True,True,737.68,64,670313772,train
670313742,737.59,38,12:04:03,False,,True,True,737.68,64,670313772,train
670313743,737.54,38,12:04:04,False,,True,True,737.68,64,670313772,train
670313744,737.54,38,12:04:05,False,,True,True,737.68,64,670313772,train
670313745,737.47,38,12:04:06,False,,True,True,737.68,64,670313772,train
670313746,737.49,38,12:04:07,False,,True,True,737.68,64,670313772,train
670313747,737.43,38,12:04:08,False,,True,True,737.68,64,670313772,train
670313748,737.46,38,12:04:09,False,,True,True,737.68,64,670313772,train
670313749,737.42,38,12:04:10,False,,True,True,737.68,64,670313772,train
670313750,737.38,38,12:04:11,False,,True,True,737.68,64,670313772,train
670313751,737.35,38,12:04:12,False,,True,True,737.68,64,670313772,train
670315265,738.61,38,12:28:46,False,,True,True,738.22,65,670315385,train
670315266,738.65,38,12:28:47,False,,True,True,738.22,65,670315385,train
670315267,738.62,38,12:28:48,False,,True,True,738.22,65,670315385,train
670315268,738.63,38,12:28:49,False,,True,True,738.23,65,670315385,train
670315269,738.62,38,12:28:50,False,,True,True,738.23,65,670315385,train
670315270,738.6,38,12:28:51,False,,True,True,738.23,65,670315385,train
670315271,738.6,38,12:28:52,False,,True,True,738.23,65,670315385,train
670315272,738.58,38,12:28:53,False,,True,True,738.23,65,670315385,train
670315273,738.57,38,12:28:54,False,,True,True,738.23,65,670315385,train
670315274,738.55,38,12:28:55,False,,True,True,738.23,65,670315385,train
670315275,738.59,38,12:28:56,False,,True,True,738.23,65,670315385,train
670315276,738.57,38,12:28:57,False,,True,True,738.23,65,670315385,train
670315277,738.59,38,12:28:57,False,,True,True,738.24,65,670315385,train
670315278,738.54,38,12:28:58,False,,True,True,738.24,65,670315385,train
670315279,738.59,38,12:28:59,False,,True,True,738.24,65,670315385,train
670315280,738.57,38,12:29:00,False,,True,True,738.24,65,670315385,train
670315281,738.54,38,12:29:01,False,,True,True,738.24,65,670315385,train
670315282,738.54,38,12:29:02,False,,True,True,738.24,65,670315385,train
670315283,738.56,38,12:29:03,False,,True,True,738.24,65,670315385,train
670315284,738.47,38,12:29:04,False,,True,True,738.24,65,670315385,train
670315285,738.52,38,12:29:05,False,,True,True,738.24,65,670315385,train
670315286,738.49,38,12:29:06,False,,True,True,738.24,65,670315385,train
670315287,738.54,38,12:29:07,False,,True,True,738.25,65,670315385,train
670315288,738.49,38,12:29:08,False,,True,True,738.25,65,670315385,train
670315289,738.55,38,12:29:09,False,,True,True,738.25,65,670315385,train
670315290,738.51,38,12:29:10,False,,True,True,738.25,65,670315385,train
670315291,738.53,38,12:29:11,False,,True,True,738.25,65,670315385,train
670315292,738.49,38,12:29:12,False,,True,True,738.25,65,670315385,train
670315293,738.46,38,12:29:13,False,,True,True,738.25,65,670315385,train
670315294,738.51,38,12:29:14,False,,True,True,738.25,65,670315385,train
670315295,738.49,38,12:29:15,False,,True,True,738.25,65,670315385,train
670315296,738.46,38,12:29:16,False,,True,True,738.25,65,670315385,train
670315297,738.5,38,12:29:17,False,,True,True,738.25,65,670315385,train
670315298,738.46,38,12:29:18,False,,True,True,738.25,65,670315385,train
670315299,738.47,38,12:29:19,False,,True,True,738.25,65,670315385,train
670315300,738.45,38,12:29:20,False,,True,True,738.25,65,670315385,train
670315301,738.43,38,12:29:21,False,,True,True,738.25,65,670315385,train
670315302,738.5,38,12:29:22,False,,True,True,738.25,65,670315385,train
670315303,738.41,38,12:29:23,False,,True,True,738.25,65,670315385,train
670315304,738.47,38,12:29:24,False,,True,True,738.25,65,670315385,train
670315305,738.43,38,12:29:25,False,,True,True,738.25,65,670315385,train
670315306,738.38,38,12:29:26,False,,True,True,738.25,65,670315385,train
670315307,738.4,38,12:29:27,False,,True,True,738.25,65,670315385,train
670315308,738.36,38,12:29:28,False,,True,True,738.25,65,670315385,train
670315309,738.4,38,12:29:29,False,,True,True,738.25,65,670315385,train
670315310,738.42,38,12:29:30,False,,True,True,738.25,65,670315385,train
670315311,738.44,38,12:29:31,False,,True,True,738.25,65,670315385,train
670315312,738.4,38,12:29:32,False,,True,True,738.25,65,670315385,train
670315313,738.4,38,12:29:33,False,,True,True,738.25,65,670315385,train
670315314,738.42,38,12:29:33,False,,True,True,738.25,65,670315385,train
670315315,738.39,38,12:29:34,False,,True,True,738.25,65,670315385,train
670315316,738.39,38,12:29:35,False,,True,True,738.26,65,670315385,train
670315317,738.41,38,12:29:36,False,,True,True,738.26,65,670315385,train
670315318,738.41,38,12:29:37,False,,True,True,738.26,65,670315385,train
670315319,738.39,38,12:29:38,False,,True,True,738.26,65,670315385,train
670315320,738.37,38,12:29:39,False,,True,True,738.26,65,670315385,train
670315321,738.41,38,12:29:40,False,,True,True,738.26,65,670315385,train
670315322,738.39,38,12:29:41,False,,True,True,738.26,65,670315385,train
670315323,738.3,38,12:29:42,False,,True,True,738.26,65,670315385,train
670315324,738.34,38,12:29:43,False,,True,True,738.26,65,670315385,train
670317643,739.33,38,13:07:21,False,,True,True,739.26,66,670317790,train
670317644,739.33,38,13:07:22,False,,True,True,739.26,66,670317790,train
670317645,739.33,38,13:07:23,False,,True,True,739.26,66,670317790,train
670317646,739.35,38,13:07:24,False,,True,True,739.26,66,670317790,train
670317647,739.26,38,13:07:25,False,,True,True,739.26,66,670317790,train
670317648,739.33,38,13:07:26,False,,True,True,739.26,66,670317790,train
670317649,739.26,38,13:07:27,False,,True,True,739.26,66,670317790,train
670317650,739.35,38,13:07:28,False,,True,True,739.26,66,670317790,train
670317651,739.21,38,13:07:29,False,,True,True,739.26,66,670317790,train
670317652,739.3,38,13:07:30,False,,True,True,739.26,66,670317790,train
670317653,739.25,38,13:07:31,False,,True,True,739.26,66,670317790,train
670317654,739.3,38,13:07:31,False,,True,True,739.26,66,670317790,train
670317655,739.23,38,13:07:32,False,,True,True,739.26,66,670317790,train
670317656,739.23,38,13:07:33,False,,True,True,739.26,66,670317790,train
670317657,739.25,38,13:07:34,False,,True,True,739.26,66,670317790,train
670317658,739.27,38,13:07:35,False,,True,True,739.26,66,670317790,train
670317659,739.2,38,13:07:36,False,,True,True,739.26,66,670317790,train
670317660,739.2,38,13:07:37,False,,True,True,739.26,66,670317790,train
670317661,739.25,38,13:07:38,False,,True,True,739.26,66,670317790,train
670317662,739.26,38,13:07:39,False,,True,True,739.26,66,670317790,train
670317663,739.2,38,13:07:40,False,,True,True,739.26,66,670317790,train
670317664,739.22,38,13:07:41,False,,True,True,739.26,66,670317790,train
670317665,739.17,38,13:07:42,False,,True,True,739.26,66,670317790,train
670317666,739.22,38,13:07:43,False,,True,True,739.26,66,670317790,train
670317667,739.22,38,13:07:44,False,,True,True,739.26,66,670317790,train
670317668,739.22,38,13:07:45,False,,True,True,739.26,66,670317790,train
670317669,739.17,38,13:07:46,False,,True,True,739.26,66,670317790,train
670317670,739.17,38,13:07:47,False,,True,True,739.26,66,670317790,train
670317671,739.21,38,13:07:48,False,,True,True,739.26,66,670317790,train
670317672,739.16,38,13:07:49,False,,True,True,739.26,66,670317790,train
670317673,739.19,38,13:07:50,False,,True,True,739.26,66,670317790,train
670317674,739.23,38,13:07:51,False,,True,True,739.26,66,670317790,train
670317675,739.21,38,13:07:52,False,,True,True,739.27,66,670317790,train
670317676,739.19,38,13:07:53,False,,True,True,739.27,66,670317790,train
670317677,739.21,38,13:07:54,False,,True,True,739.27,66,670317790,train
670317678,739.18,38,13:07:55,False,,True,True,739.27,66,670317790,train
670317679,739.23,38,13:07:56,False,,True,True,739.27,66,670317790,train
670317680,739.21,38,13:07:57,False,,True,True,739.27,66,670317790,train
670317681,739.23,38,13:07:58,False,,True,True,739.27,66,670317790,train
670317682,739.18,38,13:07:59,False,,True,True,739.27,66,670317790,train
670317683,739.18,38,13:08:00,False,,True,True,739.27,66,670317790,train
670317684,739.2,38,13:08:01,False,,True,True,739.27,66,670317790,train
670317685,739.22,38,13:08:02,False,,True,True,739.27,66,670317790,train
670317686,739.2,38,13:08:03,False,,True,True,739.27,66,670317790,train
670317687,739.2,38,13:08:04,False,,True,True,739.27,66,670317790,train
670317688,739.18,38,13:08:05,False,,True,True,739.27,66,670317790,train
670317689,739.22,38,13:08:06,False,,True,True,739.27,66,670317790,train
670317690,739.24,38,13:08:07,False,,True,True,739.27,66,670317790,train
670317691,739.15,38,13:08:08,False,,True,True,739.27,66,670317790,train
670317692,739.15,38,13:08:08,False,,True,True,739.27,66,670317790,train
670317693,739.17,38,13:08:09,False,,True,True,739.27,66,670317790,train
670317694,739.15,38,13:08:10,False,,True,True,739.27,66,670317790,train
670317695,739.14,38,13:08:11,False,,True,True,739.27,66,670317790,train
670317696,739.14,38,13:08:12,False,,True,True,739.27,66,670317790,train
670317697,739.14,38,13:08:13,False,,True,True,739.27,66,670317790,train
670317698,739.16,38,13:08:14,False,,True,True,739.27,66,670317790,train
670317699,739.14,38,13:08:15,False,,True,True,739.27,66,670317790,train
670317700,739.16,38,13:08:16,False,,True,True,739.27,66,670317790,train
670317701,739.12,38,13:08:17,False,,True,True,739.27,66,670317790,train
670317702,739.13,38,13:08:18,False,,True,True,739.27,66,670317790,train
670321537,737.58,38,14:10:32,False,,True,True,737.77,67,670321691,train
670321538,737.53,38,14:10:33,False,,True,True,737.77,67,670321691,train
670321539,737.58,38,14:10:34,False,,True,True,737.77,67,670321691,train
670321540,737.53,38,14:10:35,False,,True,True,737.77,67,670321691,train
670321541,737.6,38,14:10:35,False,,True,True,737.77,67,670321691,train
670321542,737.55,38,14:10:36,False,,True,True,737.77,67,670321691,train
670321543,737.64,38,14:10:37,False,,True,True,737.77,67,670321691,train
670321544,737.62,38,14:10:38,False,,True,True,737.77,67,670321691,train
670321545,737.71,38,14:10:39,False,,True,True,737.77,67,670321691,train
670321546,737.48,38,14:10:40,False,,True,True,737.77,67,670321691,train
670321547,737.44,38,14:10:41,False,,True,True,737.77,67,670321691,train
670321548,737.5,38,14:10:42,False,,True,True,737.77,67,670321691,train
670321549,737.46,38,14:10:43,False,,True,True,737.77,67,670321691,train
670321550,737.48,38,14:10:44,False,,True,True,737.77,67,670321691,train
670321551,737.5,38,14:10:45,False,,True,True,737.77,67,670321691,train
670321552,737.43,38,14:10:46,False,,True,True,737.77,67,670321691,train
670321553,737.39,38,14:10:47,False,,True,True,737.77,67,670321691,train
670321554,737.43,38,14:10:48,False,,True,True,737.76,67,670321691,train
670321555,737.45,38,14:10:49,False,,True,True,737.76,67,670321691,train
670321556,737.43,38,14:10:50,False,,True,True,737.76,67,670321691,train
670321557,737.36,38,14:10:51,False,,True,True,737.76,67,670321691,train
670321558,737.4,38,14:10:52,False,,True,True,737.76,67,670321691,train
670321559,737.38,38,14:10:53,False,,True,True,737.76,67,670321691,train
670321560,737.36,38,14:10:54,False,,True,True,737.76,67,670321691,train
670321561,737.4,38,14:10:55,False,,True,True,737.76,67,670321691,train
670321562,737.4,38,14:10:56,False,,True,True,737.76,67,670321691,train
670321563,737.4,38,14:10:57,False,,True,True,737.76,67,670321691,train
670321564,737.37,38,14:10:58,False,,True,True,737.75,67,670321691,train
670321565,737.35,38,14:10:59,False,,True,True,737.75,67,670321691,train
670321566,737.44,38,14:11:00,False,,True,True,737.75,67,670321691,train
670321567,737.39,38,14:11:01,False,,True,True,737.75,67,670321691,train
670321568,737.26,38,14:11:02,False,,True,True,737.75,67,670321691,train
670321569,737.35,38,14:11:03,False,,True,True,737.75,67,670321691,train
670321570,737.35,38,14:11:04,False,,True,True,737.75,67,670321691,train
670321571,737.37,38,14:11:05,False,,True,True,737.75,67,670321691,train
670321572,737.33,38,14:11:06,False,,True,True,737.75,67,670321691,train
670321573,737.37,38,14:11:07,False,,True,True,737.74,67,670321691,train
670321574,737.3,38,14:11:08,False,,True,True,737.74,67,670321691,train
670321575,737.33,38,14:11:09,False,,True,True,737.74,67,670321691,train
670321576,737.28,38,14:11:10,False,,True,True,737.74,67,670321691,train
670321577,737.3,38,14:11:11,False,,True,True,737.74,67,670321691,train
670321578,737.38,38,14:11:12,False,,True,True,737.74,67,670321691,train
670321579,737.32,38,14:11:12,False,,True,True,737.74,67,670321691,train
670321580,737.32,38,14:11:13,False,,True,True,737.74,67,670321691,train
670321581,737.34,38,14:11:14,False,,True,True,737.74,67,670321691,train
670321582,737.3,38,14:11:15,False,,True,True,737.73,67,670321691,train
670321583,737.38,38,14:11:16,False,,True,True,737.73,67,670321691,train
670321584,737.34,38,14:11:17,False,,True,True,737.73,67,670321691,train
670321585,737.29,38,14:11:18,False,,True,True,737.73,67,670321691,train
670321586,737.27,38,14:11:19,False,,True,True,737.73,67,670321691,train
670321587,737.36,38,14:11:20,False,,True,True,737.73,67,670321691,train
670321588,737.27,38,14:11:21,False,,True,True,737.73,67,670321691,train
670321589,737.27,38,14:11:22,False,,True,True,737.73,67,670321691,train
670321590,737.27,38,14:11:23,False,,True,True,737.73,67,670321691,train
670321591,737.24,38,14:11:24,False,,True,True,737.72,67,670321691,train
670321592,737.29,38,14:11:25,False,,True,True,737.72,67,670321691,train
670321593,737.24,38,14:11:26,False,,True,True,737.72,67,670321691,train
670321594,737.26,38,14:11:27,False,,True,True,737.72,67,670321691,train
670321595,737.22,38,14:11:28,False,,True,True,737.72,67,670321691,train
670321596,737.2,38,14:11:29,False,,True,True,737.72,67,670321691,train
670325625,732.92,38,15:16:51,False,,True,False,733.28,68,670325686,train
670325626,732.96,38,15:16:52,False,,True,False,733.27,68,670325686,train
670325627,732.92,38,15:16:53,False,,True,False,733.27,68,670325686,train
670325628,732.92,38,15:16:54,False,,True,False,733.27,68,670325686,train
670325629,732.96,38,15:16:55,False,,True,False,733.27,68,670325686,train
670325630,732.92,38,15:16:56,False,,True,False,733.27,68,670325686,train
670325631,732.92,38,15:16:57,False,,True,False,733.27,68,670325686,train
670325632,732.94,38,15:16:58,False,,True,False,733.27,68,670325686,train
670325633,732.93,38,15:16:59,False,,True,False,733.27,68,670325686,train
670325634,732.98,38,15:17:00,False,,True,False,733.27,68,670325686,train
670325635,733.02,38,15:17:01,False,,True,False,733.26,68,670325686,train
670325636,732.96,38,15:17:02,False,,True,False,733.26,68,670325686,train
670325637,732.91,38,15:17:03,False,,True,False,733.26,68,670325686,train
670325638,732.95,38,15:17:04,False,,True,False,733.26,68,670325686,train
670325639,732.91,38,15:17:05,False,,True,False,733.26,68,670325686,train
670325640,732.91,38,15:17:06,False,,True,False,733.26,68,670325686,train
670325641,732.98,38,15:17:07,False,,True,False,733.26,68,670325686,train
670325642,732.95,38,15:17:08,False,,True,False,733.26,68,670325686,train
670325643,732.89,38,15:17:09,False,,True,False,733.25,68,670325686,train
670325644,732.88,38,15:17:10,False,,True,False,733.25,68,670325686,train
670325645,732.86,38,15:17:11,False,,True,False,733.25,68,670325686,train
670325646,732.9,38,15:17:12,False,,True,False,733.25,68,670325686,train
670325647,732.91,38,15:17:13,False,,True,False,733.25,68,670325686,train
670325648,732.95,38,15:17:14,False,,True,False,733.25,68,670325686,train
670325649,732.93,38,15:17:15,False,,True,False,733.25,68,670325686,train
670325650,732.88,38,15:17:16,False,,True,False,733.25,68,670325686,train
670325651,732.88,38,15:17:17,False,,True,False,733.24,68,670325686,train
670325652,732.9,38,15:17:18,False,,True,False,733.24,68,670325686,train
670325653,732.88,38,15:17:19,False,,True,False,733.24,68,670325686,train
670325654,732.9,38,15:17:20,False,,True,False,733.24,68,670325686,train
670325655,732.9,38,15:17:20,False,,True,False,733.24,68,670325686,train
670325656,732.92,38,15:17:21,False,,True,False,733.24,68,670325686,train
670325657,732.9,38,15:17:22,False,,True,False,733.24,68,670325686,train
670325658,732.9,38,15:17:23,False,,True,False,733.24,68,670325686,train
670325659,732.87,38,15:17:24,False,,True,False,733.23,68,670325686,train
670325660,732.88,38,15:17:25,False,,True,False,733.23,68,670325686,train
670325661,732.94,38,15:17:26,False,,True,False,733.23,68,670325686,train
670325662,732.92,38,15:17:27,False,,True,False,733.23,68,670325686,train
670325663,732.89,38,15:17:28,False,,True,False,733.23,68,670325686,train
670325664,732.92,38,15:17:29,False,,True,False,733.23,68,670325686,train
670325665,732.92,38,15:17:30,False,,True,False,733.23,68,670325686,train
670325666,732.92,38,15:17:31,False,,True,False,733.23,68,670325686,train
670325667,732.92,38,15:17:32,False,,True,False,733.23,68,670325686,train
670325668,732.89,38,15:17:33,False,,True,False,733.22,68,670325686,train
670325669,732.9,38,15:17:34,False,,True,False,733.22,68,670325686,train
670325670,732.83,38,15:17:35,False,,True,False,733.22,68,670325686,train
670325671,732.87,38,15:17:36,False,,True,False,733.22,68,670325686,train
670325672,732.85,38,15:17:37,False,,True,False,733.22,68,670325686,train
670325673,732.87,38,15:17:38,False,,True,False,733.22,68,670325686,train
670325674,732.86,38,15:17:39,False,,True,False,733.22,68,670325686,train
670325675,732.85,38,15:17:40,False,,True,False,733.21,68,670325686,train
670325676,732.87,38,15:17:41,False,,True,False,733.21,68,670325686,train
670325677,732.91,38,15:17:42,False,,True,False,733.21,68,670325686,train
670325678,732.89,38,15:17:43,False,,True,False,733.21,68,670325686,train
670325679,732.91,38,15:17:44,False,,True,True,733.21,68,670325686,train
670325680,732.93,38,15:17:45,False,,True,True,733.21,68,670325686,train
670325681,732.75,38,15:17:46,False,,True,True,733.21,68,670325686,train
670325682,732.68,38,15:17:47,False,,True,True,733.21,68,670325686,train
670325683,732.7,38,15:17:48,False,,True,True,733.2,68,670325686,train
670325684,732.48,38,15:17:49,False,,True,True,733.2,68,670325686,train
670329183,732.09,38,16:14:35,False,,True,False,732.23,69,670329256,train
670329184,732.13,38,16:14:36,False,,True,False,732.23,69,670329256,train
670329185,732.11,38,16:14:37,False,,True,False,732.23,69,670329256,train
670329186,732.06,38,16:14:38,False,,True,False,732.23,69,670329256,train
670329187,732.11,38,16:14:39,False,,True,False,732.23,69,670329256,train
670329188,732.16,38,16:14:40,False,,True,False,732.23,69,670329256,train
670329189,732.13,38,16:14:41,False,,True,False,732.23,69,670329256,train
670329190,732.11,38,16:14:42,False,,True,False,732.23,69,670329256,train
670329191,732.18,38,16:14:43,False,,True,False,732.23,69,670329256,train
670329192,732.18,38,16:14:44,False,,True,False,732.23,69,670329256,train
670329193,732.14,38,16:14:45,False,,True,False,732.23,69,670329256,train
670329194,732.07,38,16:14:46,False,,True,False,732.23,69,670329256,train
670329195,732.11,38,16:14:47,False,,True,False,732.23,69,670329256,train
670329196,732.18,38,16:14:48,False,,True,False,732.23,69,670329256,train
670329197,732.11,38,16:14:49,False,,True,False,732.23,69,670329256,train
670329198,732.07,38,16:14:50,False,,True,False,732.23,69,670329256,train
670329199,732.12,38,16:14:51,False,,True,False,732.23,69,670329256,train
670329200,732.14,38,16:14:52,False,,True,False,732.23,69,670329256,train
670329201,732.11,38,16:14:53,False,,True,False,732.23,69,670329256,train
670329202,732.1,38,16:14:53,False,,True,False,732.23,69,670329256,train
670329203,732.05,38,16:14:54,False,,True,False,732.23,69,670329256,train
670329204,732.07,38,16:14:55,False,,True,True,732.23,69,670329256,train
670329205,732.03,38,16:14:56,False,,True,True,732.22,69,670329256,train
670329206,732.1,38,16:14:57,False,,True,True,732.22,69,670329256,train
670329207,732.1,38,16:14:58,False,,True,True,732.22,69,670329256,train
670329208,732.1,38,16:14:59,False,,True,True,732.22,69,670329256,train
670329209,732.07,38,16:15:00,False,,True,True,732.22,69,670329256,train
670329210,732.08,38,16:15:01,False,,True,True,732.22,69,670329256,train
670329211,732.05,38,16:15:02,False,,True,True,732.22,69,670329256,train
670329212,731.99,38,16:15:03,False,,True,True,732.22,69,670329256,train
670329213,732.01,38,16:15:04,False,,True,True,732.22,69,670329256,train
670329214,731.99,38,16:15:05,False,,True,True,732.22,69,670329256,train
670329215,732.03,38,16:15:06,False,,True,True,732.22,69,670329256,train
670329216,732.03,38,16:15:07,False,,True,True,732.22,69,670329256,train
670329217,732.01,38,16:15:08,False,,True,True,732.22,69,670329256,train
670329218,732.01,38,16:15:09,False,,True,True,732.22,69,670329256,train
670329219,731.95,38,16:15:10,False,,True,True,732.22,69,670329256,train
670329220,731.97,38,16:15:11,False,,True,True,732.22,69,670329256,train
670329221,732.04,38,16:15:12,False,,True,True,732.22,69,670329256,train
670329222,732.01,38,16:15:13,False,,True,True,732.22,69,670329256,train
670329223,732.04,38,16:15:14,False,,True,True,732.22,69,670329256,train
670329224,731.95,38,16:15:15,False,,True,True,732.21,69,670329256,train
670329225,731.97,38,16:15:16,False,,True,True,732.21,69,670329256,train
670329226,732.04,38,16:15:17,False,,True,True,732.21,69,670329256,train
670329227,732.01,38,16:15:18,False,,True,True,732.21,69,670329256,train
670329228,732.02,38,16:15:19,False,,True,True,732.21,69,670329256,train
670329229,732.06,38,16:15:20,False,,True,True,732.21,69,670329256,train
670329230,732.06,38,16:15:21,False,,True,True,732.21,69,670329256,train
670329231,732.09,38,16:15:22,False,,True,True,732.21,69,670329256,train
670329232,732.06,38,16:15:23,False,,True,True,732.21,69,670329256,train
670329233,732.02,38,16:15:24,False,,True,True,732.21,69,670329256,train
670329234,732.0,38,16:15:25,False,,True,True,732.21,69,670329256,train
670329235,731.98,38,16:15:26,False,,True,True,732.21,69,670329256,train
670329236,731.93,38,16:15:27,False,,True,True,732.21,69,670329256,train
670329237,731.93,38,16:15:28,False,,True,True,732.21,69,670329256,train
670329238,731.93,38,16:15:29,False,,True,True,732.21,69,670329256,train
670329239,731.91,38,16:15:30,False,,True,True,732.21,69,670329256,train
670329240,731.91,38,16:15:30,False,,True,True,732.21,69,670329256,train
670329241,731.92,38,16:15:31,False,,True,True,732.2,69,670329256,train
670329242,731.95,38,16:15:32,False,,True,True,732.2,69,670329256,train
670398660,737.13,39,11:01:51,False,,True,False,737.26,70,670398725,train
670398661,737.11,39,11:01:52,False,,True,False,737.26,70,670398725,train
670398662,737.17,39,11:01:53,False,,True,False,737.26,70,670398725,train
670398663,737.13,39,11:01:54,False,,True,False,737.26,70,670398725,train
670398664,737.13,39,11:01:55,False,,True,False,737.26,70,670398725,train
670398665,737.17,39,11:01:56,False,,True,False,737.26,70,670398725,train
670398666,737.14,39,11:01:57,False,,True,False,737.26,70,670398725,train
670398667,737.19,39,11:01:58,False,,True,False,737.26,70,670398725,train
670398668,737.19,39,11:01:59,False,,True,False,737.26,70,670398725,train
670398669,737.16,39,11:02:00,False,,True,False,737.26,70,670398725,train
670398670,737.11,39,11:02:01,False,,True,False,737.26,70,670398725,train
670398671,737.2,39,11:02:02,False,,True,False,737.26,70,670398725,train
670398672,737.16,39,11:02:03,False,,True,False,737.25,70,670398725,train
670398673,737.18,39,11:02:04,False,,True,False,737.25,70,670398725,train
670398674,737.2,39,11:02:05,False,,True,False,737.25,70,670398725,train
670398675,737.17,39,11:02:06,False,,True,False,737.25,70,670398725,train
670398676,737.15,39,11:02:06,False,,True,False,737.25,70,670398725,train
670398677,737.15,39,11:02:07,False,,True,False,737.25,70,670398725,train
670398678,737.12,39,11:02:08,False,,True,False,737.25,70,670398725,train
670398679,737.15,39,11:02:09,False,,True,False,737.25,70,670398725,train
670398680,737.12,39,11:02:10,False,,True,False,737.25,70,670398725,train
670398681,737.14,39,11:02:11,False,,True,False,737.25,70,670398725,train
670398682,737.12,39,11:02:12,False,,True,False,737.25,70,670398725,train
670398683,737.08,39,11:02:13,False,,True,False,737.25,70,670398725,train
670398684,737.14,39,11:02:14,False,,True,False,737.25,70,670398725,train
670398685,737.14,39,11:02:15,False,,True,False,737.25,70,670398725,train
670398686,737.11,39,11:02:16,False,,True,False,737.25,70,670398725,train
670398687,737.11,39,11:02:17,False,,True,False,737.25,70,670398725,train
670398688,737.09,39,11:02:18,False,,True,False,737.25,70,670398725,train
670398689,737.08,39,11:02:19,False,,True,False,737.25,70,670398725,train
670398690,737.06,39,11:02:20,False,,True,False,737.25,70,670398725,train
670398691,737.1,39,11:02:21,False,,True,False,737.24,70,670398725,train
670398692,737.06,39,11:02:22,False,,True,False,737.24,70,670398725,train
670398693,737.12,39,11:02:23,False,,True,False,737.24,70,670398725,train
670398694,737.12,39,11:02:24,False,,True,False,737.24,70,670398725,train
670398695,737.1,39,11:02:25,False,,True,False,737.24,70,670398725,train
670398696,737.12,39,11:02:26,False,,True,False,737.24,70,670398725,train
670398697,737.07,39,11:02:27,False,,True,False,737.24,70,670398725,train
670398698,737.05,39,11:02:28,False,,True,False,737.24,70,670398725,train
670398699,737.02,39,11:02:29,False,,True,False,737.24,70,670398725,train
670398700,737.02,39,11:02:30,False,,True,False,737.24,70,670398725,train
670398701,737.02,39,11:02:31,False,,True,False,737.24,70,670398725,train
670398702,737.04,39,11:02:32,False,,True,False,737.24,70,670398725,train
670398703,737.02,39,11:02:33,False,,True,False,737.24,70,670398725,train
670398704,737.02,39,11:02:34,False,,True,True,737.24,70,670398725,train
670398705,736.99,39,11:02:35,False,,True,True,737.24,70,670398725,train
670398706,736.99,39,11:02:36,False,,True,True,737.24,70,670398725,train
670398707,736.92,39,11:02:37,False,,True,True,737.23,70,670398725,train
670398708,736.9,39,11:02:38,False,,True,True,737.23,70,670398725,train
670398709,736.94,39,11:02:39,False,,True,True,737.23,70,670398725,train
670398710,736.92,39,11:02:40,False,,True,True,737.23,70,670398725,train
670398711,736.89,39,11:02:41,False,,True,True,737.23,70,670398725,train
670398712,736.87,39,11:02:42,False,,True,True,737.23,70,670398725,train
670398713,736.82,39,11:02:43,False,,True,True,737.23,70,670398725,train
670398714,736.75,39,11:02:43,False,,True,True,737.23,70,670398725,train
670398715,736.68,39,11:02:44,False,,True,True,737.23,70,670398725,train
670398716,736.72,39,11:02:45,False,,True,True,737.22,70,670398725,train
670398717,736.64,39,11:02:46,False,,True,True,737.22,70,670398725,train
670398718,736.52,39,11:02:47,False,,True,True,737.22,70,670398725,train
670398719,736.5,39,11:02:48,False,,True,True,737.22,70,670398725,train
670402793,738.96,39,12:08:54,False,,True,False,738.78,71,670402854,train
670402794,739.01,39,12:08:55,False,,True,False,738.78,71,670402854,train
670402795,738.98,39,12:08:56,False,,True,False,738.78,71,670402854,train
670402796,738.96,39,12:08:57,False,,True,False,738.78,71,670402854,train
670402797,738.96,39,12:08:58,False,,True,False,738.78,71,670402854,train
670402798,738.94,39,12:08:59,False,,True,False,738.78,71,670402854,train
670402799,738.98,39,12:09:00,False,,True,False,738.78,71,670402854,train
670402800,738.98,39,12:09:01,False,,True,False,738.78,71,670402854,train
670402801,738.98,39,12:09:02,False,,True,False,738.78,71,670402854,train
670402802,738.93,39,12:09:03,False,,True,False,738.78,71,670402854,train
670402803,738.95,39,12:09:04,False,,True,False,738.78,71,670402854,train
670402804,738.97,39,12:09:05,False,,True,False,738.78,71,670402854,train
670402805,738.95,39,12:09:06,False,,True,False,738.78,71,670402854,train
670402806,739.02,39,12:09:07,False,,True,False,738.78,71,670402854,train
670402807,739.0,39,12:09:08,False,,True,False,738.78,71,670402854,train
670402808,738.95,39,12:09:09,False,,True,False,738.78,71,670402854,train
670402809,738.97,39,12:09:10,False,,True,False,738.78,71,670402854,train
670402810,739.01,39,12:09:11,False,,True,False,738.78,71,670402854,train
670402811,738.95,39,12:09:12,False,,True,False,738.79,71,670402854,train
670402812,738.95,39,12:09:13,False,,True,False,738.79,71,670402854,train
670402813,738.94,39,12:09:14,False,,True,False,738.79,71,670402854,train
670402814,739.01,39,12:09:15,False,,True,False,738.79,71,670402854,train
670402815,738.92,39,12:09:16,False,,True,False,738.79,71,670402854,train
670402816,738.99,39,12:09:17,False,,True,False,738.79,71,670402854,train
670402817,738.97,39,12:09:18,False,,True,False,738.79,71,670402854,train
670402818,738.95,39,12:09:19,False,,True,False,738.79,71,670402854,train
670402819,738.92,39,12:09:20,False,,True,False,738.79,71,670402854,train
670402820,738.99,39,12:09:21,False,,True,False,738.79,71,670402854,train
670402821,738.92,39,12:09:22,False,,True,False,738.79,71,670402854,train
670402822,738.94,39,12:09:23,False,,True,False,738.79,71,670402854,train
670402823,738.94,39,12:09:24,False,,True,False,738.79,71,670402854,train
670402824,738.89,39,12:09:25,False,,True,False,738.79,71,670402854,train
670402825,738.89,39,12:09:26,False,,True,False,738.79,71,670402854,train
670402826,738.91,39,12:09:27,False,,True,False,738.79,71,670402854,train
670402827,738.95,39,12:09:27,False,,True,False,738.79,71,670402854,train
670402828,738.98,39,12:09:28,False,,True,False,738.79,71,670402854,train
670402829,738.95,39,12:09:29,False,,True,False,738.79,71,670402854,train
670402830,738.95,39,12:09:30,False,,True,False,738.79,71,670402854,train
670402831,738.95,39,12:09:31,False,,True,False,738.79,71,670402854,train
670402832,738.91,39,12:09:32,False,,True,False,738.79,71,670402854,train
670402833,738.91,39,12:09:33,False,,True,False,738.79,71,670402854,train
670402834,738.93,39,12:09:34,False,,True,False,738.8,71,670402854,train
670402835,738.88,39,12:09:35,False,,True,False,738.8,71,670402854,train
670402836,738.88,39,12:09:36,False,,True,False,738.8,71,670402854,train
670402837,738.9,39,12:09:37,False,,True,False,738.8,71,670402854,train
670402838,738.9,39,12:09:38,False,,True,False,738.8,71,670402854,train
670402839,738.92,39,12:09:39,False,,True,False,738.8,71,670402854,train
670402840,738.86,39,12:09:40,False,,True,False,738.8,71,670402854,train
670402841,738.81,39,12:09:41,False,,True,False,738.8,71,670402854,train
670402842,738.88,39,12:09:42,False,,True,False,738.8,71,670402854,train
670402843,738.9,39,12:09:43,False,,True,False,738.8,71,670402854,train
670402844,738.9,39,12:09:44,False,,True,False,738.8,71,670402854,train
670402845,738.94,39,12:09:45,False,,True,False,738.8,71,670402854,train
670402846,738.92,39,12:09:46,False,,True,False,738.8,71,670402854,train
670402847,738.83,39,12:09:47,False,,True,False,738.8,71,670402854,train
670402848,738.76,39,12:09:48,False,,True,False,738.8,71,670402854,train
670402849,738.71,39,12:09:49,False,,True,False,738.8,71,670402854,train
670402850,738.64,39,12:09:50,False,,True,True,738.8,71,670402854,train
670402851,738.53,39,12:09:51,False,,True,True,738.8,71,670402854,train
670402852,738.21,39,12:09:52,False,,True,True,738.8,71,670402854,train
670403805,739.03,39,12:25:20,False,,True,False,739.06,72,670403870,train
670403806,739.05,39,12:25:21,False,,True,False,739.06,72,670403870,train
670403807,739.01,39,12:25:22,False,,True,False,739.06,72,670403870,train
670403808,739.05,39,12:25:22,False,,True,False,739.06,72,670403870,train
670403809,739.07,39,12:25:23,False,,True,False,739.06,72,670403870,train
670403810,739.03,39,12:25:24,False,,True,False,739.06,72,670403870,train
670403811,739.07,39,12:25:25,False,,True,False,739.06,72,670403870,train
670403812,739.0,39,12:25:26,False,,True,False,739.06,72,670403870,train
670403813,739.03,39,12:25:27,False,,True,False,739.06,72,670403870,train
670403814,739.02,39,12:25:28,False,,True,False,739.06,72,670403870,train
670403815,739.05,39,12:25:29,False,,True,False,739.06,72,670403870,train
670403816,738.98,39,12:25:30,False,,True,False,739.06,72,670403870,train
670403817,739.11,39,12:25:31,False,,True,False,739.06,72,670403870,train
670403818,739.0,39,12:25:32,False,,True,False,739.06,72,670403870,train
670403819,739.04,39,12:25:33,False,,True,False,739.06,72,670403870,train
670403820,739.04,39,12:25:34,False,,True,False,739.06,72,670403870,train
670403821,738.99,39,12:25:35,False,,True,False,739.06,72,670403870,train
670403822,738.97,39,12:25:36,False,,True,False,739.06,72,670403870,train
670403823,739.02,39,12:25:37,False,,True,False,739.06,72,670403870,train
670403824,739.04,39,12:25:38,False,,True,False,739.06,72,670403870,train
670403825,739.02,39,12:25:39,False,,True,False,739.06,72,670403870,train
670403826,738.99,39,12:25:40,False,,True,False,739.06,72,670403870,train
670403827,739.08,39,12:25:41,False,,True,False,739.06,72,670403870,train
670403828,739.1,39,12:25:42,False,,True,False,739.06,72,670403870,train
670403829,739.1,39,12:25:43,False,,True,False,739.06,72,670403870,train
670403830,739.08,39,12:25:44,False,,True,False,739.06,72,670403870,train
670403831,739.08,39,12:25:45,False,,True,False,739.06,72,670403870,train
670403832,739.14,39,12:25:46,False,,True,False,739.06,72,670403870,train
670403833,739.08,39,12:25:47,False,,True,False,739.06,72,670403870,train
670403834,739.12,39,12:25:48,False,,True,False,739.06,72,670403870,train
670403835,739.1,39,12:25:49,False,,True,False,739.06,72,670403870,train
670403836,739.12,39,12:25:50,False,,True,False,739.06,72,670403870,train
670403837,739.1,39,12:25:51,False,,True,False,739.06,72,670403870,train
670403838,739.12,39,12:25:52,False,,True,False,739.06,72,670403870,train
670403839,739.12,39,12:25:53,False,,True,False,739.06,72,670403870,train
670403840,739.12,39,12:25:54,False,,True,False,739.06,72,670403870,train
670403841,739.09,39,12:25:55,False,,True,False,739.07,72,670403870,train
670403842,739.14,39,12:25:56,False,,True,False,739.07,72,670403870,train
670403843,739.12,39,12:25:57,False,,True,False,739.07,72,670403870,train
670403844,739.18,39,12:25:58,False,,True,False,739.07,72,670403870,train
670403845,739.13,39,12:25:59,False,,True,False,739.07,72,670403870,train
670403846,739.18,39,12:25:59,False,,True,False,739.07,72,670403870,train
670403847,739.11,39,12:26:00,False,,True,False,739.07,72,670403870,train
670403848,739.09,39,12:26:01,False,,True,True,739.07,72,670403870,train
670403849,739.11,39,12:26:02,False,,True,True,739.07,72,670403870,train
670403850,739.15,39,12:26:03,False,,True,True,739.07,72,670403870,train
670403851,739.13,39,12:26:04,False,,True,True,739.07,72,670403870,train
670403852,739.11,39,12:26:05,False,,True,True,739.07,72,670403870,train
670403853,739.11,39,12:26:06,False,,True,True,739.07,72,670403870,train
670403854,739.15,39,12:26:07,False,,True,True,739.07,72,670403870,train
670403855,739.15,39,12:26:08,False,,True,True,739.07,72,670403870,train
670403856,739.15,39,12:26:09,False,,True,True,739.07,72,670403870,train
670403857,739.17,39,12:26:10,False,,True,True,739.07,72,670403870,train
670403858,739.17,39,12:26:11,False,,True,True,739.07,72,670403870,train
670403859,739.15,39,12:26:12,False,,True,True,739.07,72,670403870,train
670403860,739.13,39,12:26:13,False,,True,True,739.07,72,670403870,train
670403861,739.19,39,12:26:14,False,,True,True,739.07,72,670403870,train
670403862,739.12,39,12:26:15,False,,True,True,739.07,72,670403870,train
670403863,739.08,39,12:26:16,False,,True,True,739.07,72,670403870,train
670403864,739.07,39,12:26:17,False,,True,True,739.07,72,670403870,train
670409746,737.74,39,14:01:43,False,,True,True,738.09,73,670409834,train
670409747,737.81,39,14:01:44,False,,True,True,738.09,73,670409834,train
670409748,737.81,39,14:01:45,False,,True,True,738.09,73,670409834,train
670409749,737.83,39,14:01:46,False,,True,True,738.09,73,670409834,train
670409750,737.74,39,14:01:47,False,,True,True,738.09,73,670409834,train
670409751,737.78,39,14:01:48,False,,True,True,738.08,73,670409834,train
670409752,737.8,39,14:01:49,False,,True,True,738.08,73,670409834,train
670409753,737.78,39,14:01:50,False,,True,True,738.08,73,670409834,train
670409754,737.78,39,14:01:51,False,,True,True,738.08,73,670409834,train
670409755,737.8,39,14:01:52,False,,True,True,738.08,73,670409834,train
670409756,737.79,39,14:01:53,False,,True,True,738.08,73,670409834,train
670409757,737.82,39,14:01:54,False,,True,True,738.08,73,670409834,train
670409758,737.81,39,14:01:55,False,,True,True,738.08,73,670409834,train
670409759,737.79,39,14:01:56,False,,True,True,738.08,73,670409834,train
670409760,737.81,39,14:01:57,False,,True,True,738.07,73,670409834,train
670409761,737.74,39,14:01:58,False,,True,True,738.07,73,670409834,train
670409762,737.81,39,14:01:59,False,,True,True,738.07,73,670409834,train
670409763,737.78,39,14:02:00,False,,True,True,738.07,73,670409834,train
670409764,737.74,39,14:02:01,False,,True,True,738.07,73,670409834,train
670409765,737.81,39,14:02:02,False,,True,True,738.07,73,670409834,train
670409766,737.83,39,14:02:03,False,,True,True,738.07,73,670409834,train
670409767,737.8,39,14:02:04,False,,True,True,738.07,73,670409834,train
670409768,737.82,39,14:02:05,False,,True,True,738.07,73,670409834,train
670409769,737.82,39,14:02:06,False,,True,True,738.06,73,670409834,train
670409770,737.84,39,14:02:07,False,,True,True,738.06,73,670409834,train
670409771,737.84,39,14:02:07,False,,True,True,738.06,73,670409834,train
670409772,737.81,39,14:02:08,False,,True,True,738.06,73,670409834,train
670409773,737.81,39,14:02:09,False,,True,True,738.06,73,670409834,train
670409774,737.79,39,14:02:10,False,,True,True,738.06,73,670409834,train
670409775,737.83,39,14:02:11,False,,True,True,738.06,73,670409834,train
670409776,737.77,39,14:02:12,False,,True,True,738.06,73,670409834,train
670409777,737.76,39,14:02:13,False,,True,True,738.06,73,670409834,train
670409778,737.76,39,14:02:14,False,,True,True,738.05,73,670409834,train
670409779,737.79,39,14:02:15,False,,True,True,738.05,73,670409834,train
670409780,737.8,39,14:02:16,False,,True,True,738.05,73,670409834,train
670409781,737.8,39,14:02:17,False,,True,True,738.05,73,670409834,train
670409782,737.76,39,14:02:18,False,,True,True,738.05,73,670409834,train
670409783,737.78,39,14:02:19,False,,True,True,738.05,73,670409834,train
670409784,737.78,39,14:02:20,False,,True,True,738.05,73,670409834,train
670409785,737.77,39,14:02:21,False,,True,True,738.05,73,670409834,train
670409786,737.77,39,14:02:22,False,,True,True,738.05,73,670409834,train
670409787,737.75,39,14:02:23,False,,True,True,738.04,73,670409834,train
670409788,737.75,39,14:02:24,False,,True,True,738.04,73,670409834,train
670409789,737.77,39,14:02:25,False,,True,True,738.04,73,670409834,train
670409790,737.77,39,14:02:26,False,,True,True,738.04,73,670409834,train
670409791,737.74,39,14:02:27,False,,True,True,738.04,73,670409834,train
670409792,737.76,39,14:02:28,False,,True,True,738.04,73,670409834,train
670409793,737.76,39,14:02:29,False,,True,True,738.04,73,670409834,train
670409794,737.67,39,14:02:30,False,,True,True,738.04,73,670409834,train
670409795,737.71,39,14:02:31,False,,True,True,738.04,73,670409834,train
670409796,737.74,39,14:02:32,False,,True,True,738.03,73,670409834,train
670409797,737.69,39,14:02:33,False,,True,True,738.03,73,670409834,train
670409798,737.69,39,14:02:34,False,,True,True,738.03,73,670409834,train
670409799,737.71,39,14:02:35,False,,True,True,738.03,73,670409834,train
670409800,737.73,39,14:02:36,False,,True,True,738.03,73,670409834,train
670409801,737.71,39,14:02:37,False,,True,True,738.03,73,670409834,train
670409802,737.7,39,14:02:38,False,,True,True,738.03,73,670409834,train
670409803,737.7,39,14:02:39,False,,True,True,738.03,73,670409834,train
670409804,737.68,39,14:02:40,False,,True,True,738.02,73,670409834,train
670409805,737.7,39,14:02:41,False,,True,True,738.02,73,670409834,train
670412216,736.04,39,14:41:48,False,,True,False,736.2,74,670412275,train
670412217,735.98,39,14:41:49,False,,True,False,736.2,74,670412275,train
670412218,736.0,39,14:41:50,False,,True,False,736.2,74,670412275,train
670412219,736.02,39,14:41:51,False,,True,False,736.2,74,670412275,train
670412220,735.96,39,14:41:52,False,,True,False,736.2,74,670412275,train
670412221,735.93,39,14:41:53,False,,True,False,736.2,74,670412275,train
670412222,735.97,39,14:41:54,False,,True,False,736.2,74,670412275,train
670412223,735.99,39,14:41:55,False,,True,False,736.19,74,670412275,train
670412224,735.99,39,14:41:55,False,,True,False,736.19,74,670412275,train
670412225,735.97,39,14:41:56,False,,True,True,736.19,74,670412275,train
670412226,735.97,39,14:41:57,False,,True,True,736.19,74,670412275,train
670412227,735.97,39,14:41:58,False,,True,True,736.19,74,670412275,train
670412228,736.01,39,14:41:59,False,,True,True,736.19,74,670412275,train
670412229,735.97,39,14:42:00,False,,True,True,736.19,74,670412275,train
670412230,735.92,39,14:42:01,False,,True,True,736.19,74,670412275,train
670412231,736.01,39,14:42:02,False,,True,True,736.19,74,670412275,train
670412232,735.94,39,14:42:03,False,,True,True,736.19,74,670412275,train
670412233,735.94,39,14:42:04,False,,True,True,736.18,74,670412275,train
670412234,736.01,39,14:42:05,False,,True,True,736.18,74,670412275,train
670412235,735.94,39,14:42:06,False,,True,True,736.18,74,670412275,train
670412236,736.0,39,14:42:07,False,,True,True,736.18,74,670412275,train
670412237,735.94,39,14:42:08,False,,True,True,736.18,74,670412275,train
670412238,735.98,39,14:42:09,False,,True,True,736.18,74,670412275,train
670412239,735.98,39,14:42:10,False,,True,True,736.18,74,670412275,train
670412240,736.02,39,14:42:11,False,,True,True,736.18,74,670412275,train
670412241,735.98,39,14:42:12,False,,True,True,736.18,74,670412275,train
670412242,735.98,39,14:42:13,False,,True,True,736.17,74,670412275,train
670412243,735.96,39,14:42:14,False,,True,True,736.17,74,670412275,train
670412244,736.0,39,14:42:15,False,,True,True,736.17,74,670412275,train
670412245,736.0,39,14:42:16,False,,True,True,736.17,74,670412275,train
670412246,735.93,39,14:42:17,False,,True,True,736.17,74,670412275,train
670412247,736.02,39,14:42:18,False,,True,True,736.17,74,670412275,train
670412248,736.02,39,14:42:19,False,,True,True,736.17,74,670412275,train
670412249,736.0,39,14:42:20,False,,True,True,736.17,74,670412275,train
670412250,736.01,39,14:42:21,False,,True,True,736.17,74,670412275,train
670412251,736.01,39,14:42:22,False,,True,True,736.17,74,670412275,train
670412252,735.97,39,14:42:23,False,,True,True,736.17,74,670412275,train
670412253,735.97,39,14:42:24,False,,True,True,736.16,74,670412275,train
670412254,735.99,39,14:42:25,False,,True,True,736.16,74,670412275,train
670412255,735.95,39,14:42:26,False,,True,True,736.16,74,670412275,train
670412256,735.94,39,14:42:27,False,,True,True,736.16,74,670412275,train
670412257,735.94,39,14:42:28,False,,True,True,736.16,74,670412275,train
670412258,735.94,39,14:42:29,False,,True,True,736.16,74,670412275,train
670412259,735.94,39,14:42:30,False,,True,True,736.16,74,670412275,train
670412260,735.87,39,14:42:31,False,,True,True,736.16,74,670412275,train
670412261,735.83,39,14:42:32,False,,True,True,736.16,74,670412275,train
670412262,735.78,39,14:42:32,False,,True,True,736.15,74,670412275,train
670412263,735.75,39,14:42:33,True,74.0,True,True,736.15,74,670412275,train
670412264,735.71,39,14:42:34,True,74.0,True,True,736.15,74,670412275,train
670412265,735.66,39,14:42:35,True,74.0,True,True,736.15,74,670412275,train
670412266,735.61,39,14:42:36,True,74.0,True,True,736.15,74,670412275,train
670412267,735.64,39,14:42:37,True,74.0,True,True,736.15,74,670412275,train
670412268,735.63,39,14:42:38,True,74.0,True,True,736.15,74,670412275,train
670412269,735.56,39,14:42:39,True,74.0,True,True,736.14,74,670412275,train
670412270,735.54,39,14:42:40,True,74.0,True,True,736.14,74,670412275,train
670412271,735.63,39,14:42:41,True,74.0,True,True,736.14,74,670412275,train
670412272,735.61,39,14:42:42,True,74.0,True,True,736.14,74,670412275,train
670412273,735.63,39,14:42:43,True,74.0,True,True,736.14,74,670412275,train
670412274,735.54,39,14:42:44,True,74.0,True,True,736.14,74,670412275,train
670412275,735.52,39,14:42:45,True,74.0,True,True,736.13,74,670412275,train
670412262,735.78,39,14:42:32,False,,True,True,736.15,75,670412326,train
670412263,735.75,39,14:42:33,True,74.0,True,True,736.15,75,670412326,train
670412264,735.71,39,14:42:34,True,74.0,True,True,736.15,75,670412326,train
670412265,735.66,39,14:42:35,True,74.0,True,True,736.15,75,670412326,train
670412266,735.61,39,14:42:36,True,74.0,True,True,736.15,75,670412326,train
670412267,735.64,39,14:42:37,True,74.0,True,True,736.15,75,670412326,train
670412268,735.63,39,14:42:38,True,74.0,True,True,736.15,75,670412326,train
670412269,735.56,39,14:42:39,True,74.0,True,True,736.14,75,670412326,train
670412270,735.54,39,14:42:40,True,74.0,True,True,736.14,75,670412326,train
670412271,735.63,39,14:42:41,True,74.0,True,True,736.14,75,670412326,train
670412272,735.61,39,14:42:42,True,74.0,True,True,736.14,75,670412326,train
670412273,735.63,39,14:42:43,True,74.0,True,True,736.14,75,670412326,train
670412274,735.54,39,14:42:44,True,74.0,True,True,736.14,75,670412326,train
670412275,735.52,39,14:42:45,True,74.0,True,True,736.13,75,670412326,train
670412276,735.52,39,14:42:46,True,74.0,True,True,736.13,75,670412326,train
670412277,735.47,39,14:42:47,True,74.0,True,True,736.13,75,670412326,train
670412278,735.42,39,14:42:48,True,74.0,True,True,736.13,75,670412326,train
670412279,735.54,39,14:42:49,True,74.0,True,True,736.13,75,670412326,train
670412280,735.65,39,14:42:50,True,74.0,True,True,736.12,75,670412326,train
670412281,735.63,39,14:42:51,True,74.0,True,True,736.12,75,670412326,train
670412282,735.61,39,14:42:52,True,74.0,True,True,736.12,75,670412326,train
670412283,735.67,39,14:42:53,True,74.0,True,True,736.12,75,670412326,train
670412284,735.6,39,14:42:54,True,74.0,True,True,736.12,75,670412326,train
670412285,735.58,39,14:42:55,True,74.0,True,True,736.12,75,670412326,train
670412286,735.64,39,14:42:56,True,74.0,True,True,736.11,75,670412326,train
670412287,735.67,39,14:42:57,False,,True,True,736.11,75,670412326,train
670412288,735.6,39,14:42:58,False,,True,True,736.11,75,670412326,train
670412289,735.64,39,14:42:59,False,,True,True,736.11,75,670412326,train
670412290,735.71,39,14:43:00,False,,True,True,736.11,75,670412326,train
670412291,735.68,39,14:43:01,False,,True,True,736.11,75,670412326,train
670412292,735.66,39,14:43:02,False,,True,True,736.11,75,670412326,train
670412293,735.73,39,14:43:03,False,,True,True,736.11,75,670412326,train
670412294,735.68,39,14:43:04,False,,True,True,736.1,75,670412326,train
670412295,735.77,39,14:43:05,False,,True,True,736.1,75,670412326,train
670412296,735.81,39,14:43:06,False,,True,True,736.1,75,670412326,train
670412297,735.77,39,14:43:07,False,,True,True,736.1,75,670412326,train
670412298,735.84,39,14:43:08,False,,True,True,736.1,75,670412326,train
670412299,735.79,39,14:43:08,False,,True,True,736.1,75,670412326,train
670412300,735.79,39,14:43:09,False,,True,True,736.1,75,670412326,train
670412301,735.79,39,14:43:10,False,,True,True,736.1,75,670412326,train
670412302,735.79,39,14:43:11,False,,True,True,736.09,75,670412326,train
670412303,735.79,39,14:43:12,False,,True,True,736.09,75,670412326,train
670412304,735.81,39,14:43:13,False,,True,True,736.09,75,670412326,train
670412305,735.78,39,14:43:14,False,,True,True,736.09,75,670412326,train
670412306,735.76,39,14:43:15,False,,True,True,736.09,75,670412326,train
670412307,735.76,39,14:43:16,False,,True,True,736.09,75,670412326,train
670412308,735.71,39,14:43:17,False,,True,True,736.09,75,670412326,train
670412309,735.67,39,14:43:18,False,,True,True,736.09,75,670412326,train
670412310,735.63,39,14:43:19,False,,True,True,736.08,75,670412326,train
670412311,735.62,39,14:43:20,False,,True,True,736.08,75,670412326,train
670412312,735.62,39,14:43:21,False,,True,True,736.08,75,670412326,train
670412313,735.62,39,14:43:22,False,,True,True,736.08,75,670412326,train
670412314,735.6,39,14:43:23,False,,True,True,736.08,75,670412326,train
670412315,735.62,39,14:43:24,False,,True,True,736.08,75,670412326,train
670412316,735.57,39,14:43:25,False,,True,True,736.08,75,670412326,train
670412317,735.55,39,14:43:26,False,,True,True,736.07,75,670412326,train
670412318,735.5,39,14:43:27,False,,True,True,736.07,75,670412326,train
670412319,735.43,39,14:43:28,False,,True,True,736.07,75,670412326,train
670412320,735.41,39,14:43:29,False,,True,True,736.07,75,670412326,train
670412321,735.37,39,14:43:30,False,,True,True,736.07,75,670412326,train
670578390,738.58,41,11:37:58,False,,True,False,738.47,76,670578458,train
670578391,738.53,41,11:37:59,False,,True,False,738.47,76,670578458,train
670578392,738.55,41,11:38:00,False,,True,False,738.47,76,670578458,train
670578393,738.57,41,11:38:01,False,,True,False,738.47,76,670578458,train
670578394,738.51,41,11:38:02,False,,True,False,738.47,76,670578458,train
670578395,738.49,41,11:38:03,False,,True,False,738.47,76,670578458,train
670578396,738.55,41,11:38:04,False,,True,False,738.47,76,670578458,train
670578397,738.62,41,11:38:05,False,,True,False,738.47,76,670578458,train
670578398,738.55,41,11:38:06,False,,True,False,738.47,76,670578458,train
670578399,738.59,41,11:38:07,False,,True,False,738.47,76,670578458,train
670578400,738.55,41,11:38:08,False,,True,False,738.47,76,670578458,train
670578401,738.55,41,11:38:09,False,,True,False,738.47,76,670578458,train
670578402,738.48,41,11:38:10,False,,True,False,738.47,76,670578458,train
670578403,738.48,41,11:38:11,False,,True,False,738.47,76,670578458,train
670578404,738.52,41,11:38:12,False,,True,False,738.47,76,670578458,train
670578405,738.47,41,11:38:13,False,,True,False,738.47,76,670578458,train
670578406,738.49,41,11:38:14,False,,True,False,738.47,76,670578458,train
670578407,738.45,41,11:38:15,False,,True,False,738.47,76,670578458,train
670578408,738.53,41,11:38:16,False,,True,False,738.47,76,670578458,train
670578409,738.54,41,11:38:17,False,,True,False,738.47,76,670578458,train
670578410,738.54,41,11:38:18,False,,True,False,738.47,76,670578458,train
670578411,738.53,41,11:38:19,False,,True,False,738.47,76,670578458,train
670578412,738.58,41,11:38:20,False,,True,False,738.47,76,670578458,train
670578413,738.49,41,11:38:21,False,,True,False,738.47,76,670578458,train
670578414,738.46,41,11:38:22,False,,True,False,738.47,76,670578458,train
670578415,738.46,41,11:38:23,False,,True,False,738.47,76,670578458,train
670578416,738.5,41,11:38:24,False,,True,False,738.47,76,670578458,train
670578417,738.48,41,11:38:25,False,,True,False,738.47,76,670578458,train
670578418,738.46,41,11:38:26,False,,True,False,738.47,76,670578458,train
670578419,738.37,41,11:38:26,False,,True,False,738.47,76,670578458,train
670578420,738.43,41,11:38:27,False,,True,False,738.47,76,670578458,train
670578421,738.39,41,11:38:28,False,,True,False,738.47,76,670578458,train
670578422,738.39,41,11:38:29,False,,True,False,738.47,76,670578458,train
670578423,738.39,41,11:38:30,False,,True,False,738.47,76,670578458,train
670578424,738.41,41,11:38:31,False,,True,True,738.47,76,670578458,train
670578425,738.43,41,11:38:32,False,,True,True,738.47,76,670578458,train
670578426,738.38,41,11:38:33,False,,True,True,738.47,76,670578458,train
670578427,738.36,41,11:38:34,False,,True,True,738.47,76,670578458,train
670578428,738.4,41,11:38:35,False,,True,True,738.47,76,670578458,train
670578429,738.45,41,11:38:36,False,,True,True,738.47,76,670578458,train
670578430,738.45,41,11:38:37,False,,True,True,738.47,76,670578458,train
670578431,738.36,41,11:38:38,False,,True,True,738.47,76,670578458,train
670578432,738.27,41,11:38:39,False,,True,True,738.47,76,670578458,train
670578433,738.37,41,11:38:40,False,,True,True,738.47,76,670578458,train
670578434,738.33,41,11:38:41,False,,True,True,738.47,76,670578458,train
670578435,738.31,41,11:38:42,False,,True,True,738.47,76,670578458,train
670578436,738.35,41,11:38:43,False,,True,True,738.47,76,670578458,train
670578437,738.35,41,11:38:44,False,,True,True,738.47,76,670578458,train
670578438,738.34,41,11:38:45,False,,True,True,738.47,76,670578458,train
670578439,738.44,41,11:38:46,False,,True,True,738.47,76,670578458,train
670578440,738.34,41,11:38:47,False,,True,True,738.46,76,670578458,train
670578441,738.34,41,11:38:48,False,,True,True,738.46,76,670578458,train
670578442,738.27,41,11:38:49,False,,True,True,738.46,76,670578458,train
670578443,738.32,41,11:38:50,False,,True,True,738.46,76,670578458,train
670578444,738.23,41,11:38:51,False,,True,True,738.46,76,670578458,train
670578445,738.27,41,11:38:52,False,,True,True,738.46,76,670578458,train
670578446,738.25,41,11:38:53,False,,True,True,738.46,76,670578458,train
670578447,738.25,41,11:38:54,False,,True,True,738.46,76,670578458,train
670578448,738.25,41,11:38:55,False,,True,True,738.46,76,670578458,train
670578449,738.14,41,11:38:56,False,,True,True,738.46,76,670578458,train
670580518,739.49,41,12:12:30,False,,True,True,739.53,77,670580613,train
670580519,739.53,41,12:12:31,False,,True,True,739.53,77,670580613,train
670580520,739.46,41,12:12:32,False,,True,True,739.53,77,670580613,train
670580521,739.5,41,12:12:33,False,,True,True,739.53,77,670580613,train
670580522,739.5,41,12:12:34,False,,True,True,739.53,77,670580613,train
670580523,739.54,41,12:12:35,False,,True,True,739.53,77,670580613,train
670580524,739.55,41,12:12:36,False,,True,True,739.53,77,670580613,train
670580525,739.52,41,12:12:37,False,,True,True,739.53,77,670580613,train
670580526,739.52,41,12:12:38,False,,True,True,739.53,77,670580613,train
670580527,739.56,41,12:12:39,False,,True,True,739.53,77,670580613,train
670580528,739.54,41,12:12:40,False,,True,True,739.53,77,670580613,train
670580529,739.6,41,12:12:41,False,,True,True,739.53,77,670580613,train
670580530,739.51,41,12:12:42,False,,True,True,739.53,77,670580613,train
670580531,739.54,41,12:12:43,False,,True,True,739.53,77,670580613,train
670580532,739.47,41,12:12:43,False,,True,True,739.53,77,670580613,train
670580533,739.49,41,12:12:44,False,,True,True,739.53,77,670580613,train
670580534,739.54,41,12:12:45,False,,True,True,739.53,77,670580613,train
670580535,739.56,41,12:12:46,False,,True,True,739.53,77,670580613,train
670580536,739.53,41,12:12:47,False,,True,True,739.53,77,670580613,train
670580537,739.51,41,12:12:48,False,,True,True,739.53,77,670580613,train
670580538,739.51,41,12:12:49,False,,True,True,739.53,77,670580613,train
670580539,739.51,41,12:12:50,False,,True,True,739.53,77,670580613,train
670580540,739.5,41,12:12:51,False,,True,True,739.53,77,670580613,train
670580541,739.5,41,12:12:52,False,,True,True,739.53,77,670580613,train
670580542,739.55,41,12:12:53,False,,True,True,739.53,77,670580613,train
670580543,739.48,41,12:12:54,False,,True,True,739.53,77,670580613,train
670580544,739.52,41,12:12:55,False,,True,True,739.53,77,670580613,train
670580545,739.59,41,12:12:56,False,,True,True,739.53,77,670580613,train
670580546,739.52,41,12:12:57,False,,True,True,739.53,77,670580613,train
670580547,739.54,41,12:12:58,False,,True,True,739.53,77,670580613,train
670580548,739.59,41,12:12:59,False,,True,True,739.53,77,670580613,train
670580549,739.56,41,12:13:00,False,,True,True,739.53,77,670580613,train
670580550,739.59,41,12:13:01,False,,True,True,739.53,77,670580613,train
670580551,739.56,41,12:13:02,False,,True,True,739.53,77,670580613,train
670580552,739.53,41,12:13:03,False,,True,True,739.53,77,670580613,train
670580553,739.61,41,12:13:04,False,,True,True,739.53,77,670580613,train
670580554,739.58,41,12:13:05,False,,True,True,739.53,77,670580613,train
670580555,739.6,41,12:13:06,False,,True,True,739.53,77,670580613,train
670580556,739.58,41,12:13:07,False,,True,True,739.53,77,670580613,train
670580557,739.56,41,12:13:08,False,,True,True,739.53,77,670580613,train
670580558,739.55,41,12:13:09,False,,True,True,739.53,77,670580613,train
670580559,739.55,41,12:13:10,False,,True,True,739.53,77,670580613,train
670580560,739.57,41,12:13:11,False,,True,True,739.53,77,670580613,train
670580561,739.53,41,12:13:12,False,,True,True,739.53,77,670580613,train
670580562,739.55,41,12:13:13,False,,True,True,739.53,77,670580613,train
670580563,739.53,41,12:13:14,False,,True,True,739.53,77,670580613,train
670580564,739.5,41,12:13:15,False,,True,True,739.53,77,670580613,train
670580565,739.48,41,12:13:16,False,,True,True,739.53,77,670580613,train
670580566,739.57,41,12:13:17,False,,True,True,739.53,77,670580613,train
670580567,739.57,41,12:13:18,False,,True,True,739.53,77,670580613,train
670580568,739.52,41,12:13:19,False,,True,True,739.53,77,670580613,train
670580569,739.5,41,12:13:20,False,,True,True,739.53,77,670580613,train
670580570,739.5,41,12:13:20,False,,True,True,739.53,77,670580613,train
670580571,739.56,41,12:13:21,False,,True,True,739.53,77,670580613,train
670580572,739.5,41,12:13:22,False,,True,True,739.53,77,670580613,train
670580573,739.56,41,12:13:23,False,,True,True,739.53,77,670580613,train
670580574,739.5,41,12:13:24,False,,True,True,739.53,77,670580613,train
670580575,739.56,41,12:13:25,False,,True,True,739.53,77,670580613,train
670580576,739.52,41,12:13:26,False,,True,True,739.53,77,670580613,train
670580577,739.56,41,12:13:27,False,,True,True,739.53,77,670580613,train
670584504,740.78,41,13:17:10,False,,True,False,740.66,78,670584569,train
670584505,740.73,41,13:17:11,False,,True,False,740.66,78,670584569,train
670584506,740.77,41,13:17:12,False,,True,False,740.66,78,670584569,train
670584507,740.72,41,13:17:13,False,,True,False,740.66,78,670584569,train
670584508,740.68,41,13:17:14,False,,True,False,740.66,78,670584569,train
670584509,740.77,41,13:17:15,False,,True,False,740.66,78,670584569,train
670584510,740.75,41,13:17:16,False,,True,False,740.67,78,670584569,train
670584511,740.74,41,13:17:17,False,,True,False,740.67,78,670584569,train
670584512,740.79,41,13:17:18,False,,True,False,740.67,78,670584569,train
670584513,740.86,41,13:17:19,False,,True,False,740.67,78,670584569,train
670584514,740.86,41,13:17:20,False,,True,False,740.67,78,670584569,train
670584515,740.86,41,13:17:21,False,,True,False,740.67,78,670584569,train
670584516,740.87,41,13:17:22,False,,True,False,740.67,78,670584569,train
670584517,740.85,41,13:17:23,False,,True,False,740.67,78,670584569,train
670584518,740.9,41,13:17:24,False,,True,False,740.67,78,670584569,train
670584519,740.87,41,13:17:25,False,,True,False,740.67,78,670584569,train
670584520,740.89,41,13:17:26,False,,True,False,740.67,78,670584569,train
670584521,740.89,41,13:17:27,False,,True,False,740.67,78,670584569,train
670584522,740.89,41,13:17:28,False,,True,False,740.68,78,670584569,train
670584523,740.87,41,13:17:29,False,,True,False,740.68,78,670584569,train
670584524,740.87,41,13:17:30,False,,True,False,740.68,78,670584569,train
670584525,740.89,41,13:17:31,False,,True,False,740.68,78,670584569,train
670584526,740.8,41,13:17:32,False,,True,False,740.68,78,670584569,train
670584527,740.84,41,13:17:33,False,,True,False,740.68,78,670584569,train
670584528,740.87,41,13:17:34,False,,True,False,740.68,78,670584569,train
670584529,740.84,41,13:17:35,False,,True,False,740.68,78,670584569,train
670584530,740.84,41,13:17:36,False,,True,False,740.68,78,670584569,train
670584531,740.84,41,13:17:37,False,,True,False,740.68,78,670584569,train
670584532,740.88,41,13:17:37,False,,True,False,740.68,78,670584569,train
670584533,740.84,41,13:17:38,False,,True,False,740.68,78,670584569,train
670584534,740.84,41,13:17:39,False,,True,False,740.69,78,670584569,train
670584535,740.82,41,13:17:40,False,,True,False,740.69,78,670584569,train
670584536,740.86,41,13:17:41,False,,True,False,740.69,78,670584569,train
670584537,740.77,41,13:17:42,False,,True,False,740.69,78,670584569,train
670584538,740.86,41,13:17:43,False,,True,False,740.69,78,670584569,train
670584539,740.81,41,13:17:44,False,,True,False,740.69,78,670584569,train
670584540,740.9,41,13:17:45,False,,True,False,740.69,78,670584569,train
670584541,740.83,41,13:17:46,False,,True,False,740.69,78,670584569,train
670584542,740.87,41,13:17:47,False,,True,False,740.69,78,670584569,train
670584543,740.7,41,13:17:48,False,,True,False,740.69,78,670584569,train
670584544,740.76,41,13:17:49,False,,True,False,740.69,78,670584569,train
670584545,740.76,41,13:17:50,False,,True,False,740.69,78,670584569,train
670584546,740.78,41,13:17:51,False,,True,False,740.7,78,670584569,train
670584547,740.8,41,13:17:52,False,,True,True,740.7,78,670584569,train
670584548,740.71,41,13:17:53,False,,True,True,740.7,78,670584569,train
670584549,740.73,41,13:17:54,False,,True,True,740.7,78,670584569,train
670584550,740.69,41,13:17:55,False,,True,True,740.7,78,670584569,train
670584551,740.71,41,13:17:56,False,,True,True,740.7,78,670584569,train
670584552,740.71,41,13:17:57,False,,True,True,740.7,78,670584569,train
670584553,740.71,41,13:17:58,False,,True,True,740.7,78,670584569,train
670584554,740.68,41,13:17:59,False,,True,True,740.7,78,670584569,train
670584555,740.64,41,13:18:00,False,,True,True,740.7,78,670584569,train
670584556,740.66,41,13:18:01,False,,True,True,740.7,78,670584569,train
670584557,740.61,41,13:18:02,False,,True,True,740.7,78,670584569,train
670584558,740.63,41,13:18:03,False,,True,True,740.7,78,670584569,train
670584559,740.56,41,13:18:04,False,,True,True,740.7,78,670584569,train
670584560,740.54,41,13:18:05,False,,True,True,740.7,78,670584569,train
670584561,740.54,41,13:18:06,False,,True,True,740.7,78,670584569,train
670584562,740.51,41,13:18:07,False,,True,True,740.7,78,670584569,train
670584563,740.43,41,13:18:08,False,,True,True,740.7,78,670584569,train
670584583,740.7,41,13:18:27,False,,True,True,740.7,79,670584657,train
670584584,740.7,41,13:18:28,False,,True,True,740.7,79,670584657,train
670584585,740.66,41,13:18:29,False,,True,True,740.7,79,670584657,train
670584586,740.63,41,13:18:30,False,,True,True,740.7,79,670584657,train
670584587,740.7,41,13:18:31,False,,True,True,740.7,79,670584657,train
670584588,740.7,41,13:18:32,False,,True,True,740.7,79,670584657,train
670584589,740.72,41,13:18:33,False,,True,True,740.7,79,670584657,train
670584590,740.74,41,13:18:34,False,,True,True,740.7,79,670584657,train
670584591,740.68,41,13:18:35,False,,True,False,740.7,79,670584657,train
670584592,740.72,41,13:18:36,False,,True,False,740.7,79,670584657,train
670584593,740.7,41,13:18:37,False,,True,False,740.7,79,670584657,train
670584594,740.76,41,13:18:38,False,,True,False,740.7,79,670584657,train
670584595,740.74,41,13:18:39,False,,True,False,740.7,79,670584657,train
670584596,740.76,41,13:18:40,False,,True,False,740.7,79,670584657,train
670584597,740.74,41,13:18:41,False,,True,False,740.71,79,670584657,train
670584598,740.74,41,13:18:42,False,,True,False,740.71,79,670584657,train
670584599,740.76,41,13:18:43,False,,True,False,740.71,79,670584657,train
670584600,740.71,41,13:18:44,False,,True,False,740.71,79,670584657,train
670584601,740.67,41,13:18:45,False,,True,True,740.71,79,670584657,train
670584602,740.77,41,13:18:46,False,,True,True,740.71,79,670584657,train
670584603,740.78,41,13:18:47,False,,True,True,740.71,79,670584657,train
670584604,740.82,41,13:18:48,False,,True,True,740.71,79,670584657,train
670584605,740.77,41,13:18:49,False,,True,True,740.71,79,670584657,train
670584606,740.77,41,13:18:50,False,,True,True,740.71,79,670584657,train
670584607,740.73,41,13:18:51,False,,True,True,740.71,79,670584657,train
670584608,740.79,41,13:18:51,False,,True,True,740.71,79,670584657,train
670584609,740.77,41,13:18:52,False,,True,True,740.71,79,670584657,train
670584610,740.73,41,13:18:53,False,,True,True,740.71,79,670584657,train
670584611,740.73,41,13:18:54,False,,True,True,740.71,79,670584657,train
670584612,740.75,41,13:18:55,False,,True,True,740.71,79,670584657,train
670584613,740.72,41,13:18:56,False,,True,True,740.71,79,670584657,train
670584614,740.68,41,13:18:57,False,,True,True,740.71,79,670584657,train
670584615,740.7,41,13:18:58,False,,True,True,740.71,79,670584657,train
670584616,740.74,41,13:18:59,False,,True,True,740.71,79,670584657,train
670584617,740.79,41,13:19:00,False,,True,True,740.71,79,670584657,train
670584618,740.72,41,13:19:01,False,,True,True,740.71,79,670584657,train
670584619,740.74,41,13:19:02,False,,True,True,740.72,79,670584657,train
670584620,740.8,41,13:19:03,False,,True,True,740.72,79,670584657,train
670584621,740.74,41,13:19:04,False,,True,True,740.72,79,670584657,train
670584622,740.76,41,13:19:05,False,,True,True,740.72,79,670584657,train
670584623,740.71,41,13:19:06,False,,True,True,740.72,79,670584657,train
670584624,740.74,41,13:19:07,False,,True,True,740.72,79,670584657,train
670584625,740.71,41,13:19:08,False,,True,True,740.72,79,670584657,train
670584626,740.78,41,13:19:09,False,,True,True,740.72,79,670584657,train
670584627,740.8,41,13:19:10,False,,True,True,740.72,79,670584657,train
670584628,740.75,41,13:19:11,False,,True,True,740.72,79,670584657,train
670584629,740.66,41,13:19:12,False,,True,True,740.72,79,670584657,train
670584630,740.68,41,13:19:13,False,,True,True,740.72,79,670584657,train
670584631,740.68,41,13:19:14,False,,True,True,740.72,79,670584657,train
670584632,740.66,41,13:19:15,False,,True,True,740.72,79,670584657,train
670584633,740.64,41,13:19:16,False,,True,True,740.72,79,670584657,train
670584634,740.61,41,13:19:17,False,,True,True,740.72,79,670584657,train
670584635,740.66,41,13:19:18,False,,True,True,740.72,79,670584657,train
670584636,740.7,41,13:19:19,False,,True,True,740.72,79,670584657,train
670584637,740.61,41,13:19:20,False,,True,True,740.72,79,670584657,train
670584638,740.66,41,13:19:21,False,,True,True,740.72,79,670584657,train
670584639,740.68,41,13:19:22,False,,True,True,740.72,79,670584657,train
670584640,740.63,41,13:19:23,False,,True,True,740.72,79,670584657,train
670584641,740.65,41,13:19:24,False,,True,True,740.72,79,670584657,train
670584642,740.59,41,13:19:25,False,,True,True,740.72,79,670584657,train
670587595,739.28,41,14:07:19,False,,True,False,739.54,80,670587674,train
670587596,739.31,41,14:07:20,False,,True,False,739.54,80,670587674,train
670587597,739.29,41,14:07:21,False,,True,False,739.54,80,670587674,train
670587598,739.26,41,14:07:22,False,,True,True,739.54,80,670587674,train
670587599,739.28,41,14:07:23,False,,True,True,739.54,80,670587674,train
670587600,739.24,41,14:07:24,False,,True,True,739.53,80,670587674,train
670587601,739.24,41,14:07:25,False,,True,True,739.53,80,670587674,train
670587602,739.26,41,14:07:26,False,,True,True,739.53,80,670587674,train
670587603,739.28,41,14:07:27,False,,True,True,739.53,80,670587674,train
670587604,739.21,41,14:07:28,False,,True,True,739.53,80,670587674,train
670587605,739.17,41,14:07:29,False,,True,True,739.53,80,670587674,train
670587606,739.19,41,14:07:30,False,,True,True,739.53,80,670587674,train
670587607,739.19,41,14:07:31,False,,True,True,739.53,80,670587674,train
670587608,739.21,41,14:07:32,False,,True,True,739.53,80,670587674,train
670587609,739.26,41,14:07:33,False,,True,True,739.53,80,670587674,train
670587610,739.24,41,14:07:34,False,,True,True,739.52,80,670587674,train
670587611,739.3,41,14:07:35,False,,True,True,739.52,80,670587674,train
670587612,739.24,41,14:07:36,False,,True,True,739.52,80,670587674,train
670587613,739.35,41,14:07:37,False,,True,True,739.52,80,670587674,train
670587614,739.32,41,14:07:38,False,,True,True,739.52,80,670587674,train
670587615,739.37,41,14:07:39,False,,True,True,739.52,80,670587674,train
670587616,739.39,41,14:07:40,False,,True,True,739.52,80,670587674,train
670587617,739.3,41,14:07:41,False,,True,True,739.52,80,670587674,train
670587618,739.44,41,14:07:42,False,,True,True,739.52,80,670587674,train
670587619,739.48,41,14:07:43,False,,True,True,739.52,80,670587674,train
670587620,739.39,41,14:07:44,False,,True,True,739.52,80,670587674,train
670587621,739.44,41,14:07:45,False,,True,True,739.52,80,670587674,train
670587622,739.41,41,14:07:46,False,,True,True,739.51,80,670587674,train
670587623,739.37,41,14:07:47,False,,True,True,739.51,80,670587674,train
670587624,739.38,41,14:07:48,False,,True,True,739.51,80,670587674,train
670587625,739.34,41,14:07:49,False,,True,True,739.51,80,670587674,train
670587626,739.32,41,14:07:50,False,,True,True,739.51,80,670587674,train
670587627,739.25,41,14:07:50,False,,True,True,739.51,80,670587674,train
670587628,739.23,41,14:07:51,False,,True,True,739.51,80,670587674,train
670587629,739.25,41,14:07:52,False,,True,True,739.51,80,670587674,train
670587630,739.25,41,14:07:53,False,,True,True,739.51,80,670587674,train
670587631,739.23,41,14:07:54,False,,True,True,739.51,80,670587674,train
670587632,739.23,41,14:07:55,False,,True,True,739.51,80,670587674,train
670587633,739.25,41,14:07:56,False,,True,True,739.5,80,670587674,train
670587634,739.25,41,14:07:57,False,,True,True,739.5,80,670587674,train
670587635,739.2,41,14:07:58,False,,True,True,739.5,80,670587674,train
670587636,739.21,41,14:07:59,False,,True,True,739.5,80,670587674,train
670587637,739.22,41,14:08:00,False,,True,True,739.5,80,670587674,train
670587638,739.2,41,14:08:01,False,,True,True,739.5,80,670587674,train
670587639,739.18,41,14:08:02,False,,True,True,739.5,80,670587674,train
670587640,739.13,41,14:08:03,False,,True,True,739.5,80,670587674,train
670587641,739.13,41,14:08:04,False,,True,True,739.5,80,670587674,train
670587642,739.09,41,14:08:05,False,,True,True,739.5,80,670587674,train
670587643,739.13,41,14:08:06,False,,True,True,739.49,80,670587674,train
670587644,739.02,41,14:08:07,False,,True,True,739.49,80,670587674,train
670587645,739.06,41,14:08:08,False,,True,True,739.49,80,670587674,train
670587646,739.02,41,14:08:09,False,,True,True,739.49,80,670587674,train
670587647,739.02,41,14:08:10,False,,True,True,739.49,80,670587674,train
670587648,738.95,41,14:08:11,False,,True,True,739.49,80,670587674,train
670587649,739.0,41,14:08:12,False,,True,True,739.49,80,670587674,train
670587650,739.0,41,14:08:13,False,,True,True,739.49,80,670587674,train
670587651,738.93,41,14:08:14,False,,True,True,739.48,80,670587674,train
670587652,738.9,41,14:08:15,False,,True,True,739.48,80,670587674,train
670587653,738.86,41,14:08:16,False,,True,True,739.48,80,670587674,train
670587654,738.86,41,14:08:17,False,,True,True,739.48,80,670587674,train
670594395,733.77,41,15:57:39,False,,True,False,733.85,81,670594461,train
670594396,733.77,41,15:57:40,False,,True,False,733.85,81,670594461,train
670594397,733.79,41,15:57:41,False,,True,False,733.85,81,670594461,train
670594398,733.82,41,15:57:42,False,,True,False,733.85,81,670594461,train
670594399,733.77,41,15:57:43,False,,True,False,733.85,81,670594461,train
670594400,733.81,41,15:57:44,False,,True,False,733.85,81,670594461,train
670594401,733.84,41,15:57:45,False,,True,False,733.85,81,670594461,train
670594402,733.82,41,15:57:46,False,,True,False,733.85,81,670594461,train
670594403,733.84,41,15:57:47,False,,True,False,733.85,81,670594461,train
670594404,733.79,41,15:57:48,False,,True,False,733.85,81,670594461,train
670594405,733.79,41,15:57:49,False,,True,False,733.85,81,670594461,train
670594406,733.79,41,15:57:50,False,,True,False,733.85,81,670594461,train
670594407,733.79,41,15:57:51,False,,True,False,733.85,81,670594461,train
670594408,733.88,41,15:57:52,False,,True,False,733.85,81,670594461,train
670594409,733.9,41,15:57:53,False,,True,False,733.85,81,670594461,train
670594410,733.83,41,15:57:54,False,,True,False,733.85,81,670594461,train
670594411,733.85,41,15:57:55,False,,True,False,733.85,81,670594461,train
670594412,733.92,41,15:57:56,False,,True,False,733.85,81,670594461,train
670594413,733.85,41,15:57:57,False,,True,False,733.85,81,670594461,train
670594414,733.83,41,15:57:58,False,,True,False,733.85,81,670594461,train
670594415,733.78,41,15:57:59,False,,True,False,733.85,81,670594461,train
670594416,733.85,41,15:58:00,False,,True,False,733.85,81,670594461,train
670594417,733.85,41,15:58:01,False,,True,False,733.85,81,670594461,train
670594418,733.89,41,15:58:02,False,,True,False,733.85,81,670594461,train
670594419,733.8,41,15:58:03,False,,True,False,733.85,81,670594461,train
670594420,733.85,41,15:58:03,False,,True,False,733.85,81,670594461,train
670594421,733.83,41,15:58:04,False,,True,False,733.85,81,670594461,train
670594422,733.78,41,15:58:05,False,,True,False,733.85,81,670594461,train
670594423,733.76,41,15:58:06,False,,True,False,733.85,81,670594461,train
670594424,733.75,41,15:58:07,False,,True,False,733.85,81,670594461,train
670594425,733.76,41,15:58:08,False,,True,False,733.85,81,670594461,train
670594426,733.76,41,15:58:09,False,,True,False,733.85,81,670594461,train
670594427,733.74,41,15:58:10,False,,True,False,733.85,81,670594461,train
670594428,733.69,41,15:58:11,False,,True,False,733.85,81,670594461,train
670594429,733.75,41,15:58:12,False,,True,False,733.85,81,670594461,train
670594430,733.76,41,15:58:13,False,,True,False,733.85,81,670594461,train
670594431,733.76,41,15:58:14,False,,True,False,733.85,81,670594461,train
670594432,733.73,41,15:58:15,False,,True,False,733.85,81,670594461,train
670594433,733.82,41,15:58:16,False,,True,False,733.85,81,670594461,train
670594434,733.77,41,15:58:17,False,,True,False,733.85,81,670594461,train
670594435,733.78,41,15:58:18,False,,True,True,733.85,81,670594461,train
670594436,733.8,41,15:58:19,False,,True,True,733.85,81,670594461,train
670594437,733.77,41,15:58:20,False,,True,True,733.85,81,670594461,train
670594438,733.75,41,15:58:21,False,,True,True,733.85,81,670594461,train
670594439,733.79,41,15:58:22,False,,True,True,733.85,81,670594461,train
670594440,733.73,41,15:58:23,False,,True,True,733.85,81,670594461,train
670594441,733.75,41,15:58:24,False,,True,True,733.85,81,670594461,train
670594442,733.68,41,15:58:25,False,,True,True,733.85,81,670594461,train
670594443,733.7,41,15:58:26,False,,True,True,733.85,81,670594461,train
670594444,733.7,41,15:58:27,False,,True,True,733.85,81,670594461,train
670594445,733.63,41,15:58:28,False,,True,True,733.85,81,670594461,train
670594446,733.59,41,15:58:29,False,,True,True,733.85,81,670594461,train
670594447,733.61,41,15:58:30,False,,True,True,733.85,81,670594461,train
670594448,733.59,41,15:58:31,False,,True,True,733.85,81,670594461,train
670594449,733.61,41,15:58:32,False,,True,True,733.85,81,670594461,train
670594450,733.61,41,15:58:33,False,,True,True,733.85,81,670594461,train
670594451,733.61,41,15:58:34,False,,True,True,733.85,81,670594461,train
670594452,733.6,41,15:58:35,False,,True,True,733.84,81,670594461,train
670594453,733.58,41,15:58:36,False,,True,True,733.84,81,670594461,train
670594454,733.65,41,15:58:37,False,,True,True,733.84,81,670594461,train
670841769,741.39,44,10:51:18,False,,True,False,741.54,82,670841835,train
670841770,741.44,44,10:51:19,False,,True,False,741.54,82,670841835,train
670841771,741.35,44,10:51:20,False,,True,False,741.54,82,670841835,train
670841772,741.43,44,10:51:21,False,,True,False,741.54,82,670841835,train
670841773,741.43,44,10:51:22,False,,True,False,741.54,82,670841835,train
670841774,741.45,44,10:51:23,False,,True,False,741.54,82,670841835,train
670841775,741.39,44,10:51:24,False,,True,False,741.54,82,670841835,train
670841776,741.5,44,10:51:25,False,,True,False,741.54,82,670841835,train
670841777,741.4,44,10:51:26,False,,True,False,741.54,82,670841835,train
670841778,741.41,44,10:51:27,False,,True,False,741.53,82,670841835,train
670841779,741.41,44,10:51:28,False,,True,False,741.53,82,670841835,train
670841780,741.38,44,10:51:29,False,,True,False,741.53,82,670841835,train
670841781,741.34,44,10:51:30,False,,True,False,741.53,82,670841835,train
670841782,741.45,44,10:51:31,False,,True,False,741.53,82,670841835,train
670841783,741.42,44,10:51:32,False,,True,False,741.53,82,670841835,train
670841784,741.44,44,10:51:33,False,,True,False,741.53,82,670841835,train
670841785,741.46,44,10:51:34,False,,True,False,741.53,82,670841835,train
670841786,741.42,44,10:51:34,False,,True,False,741.53,82,670841835,train
670841787,741.39,44,10:51:35,False,,True,False,741.53,82,670841835,train
670841788,741.41,44,10:51:36,False,,True,False,741.53,82,670841835,train
670841789,741.41,44,10:51:37,False,,True,False,741.52,82,670841835,train
670841790,741.44,44,10:51:38,False,,True,False,741.52,82,670841835,train
670841791,741.39,44,10:51:39,False,,True,False,741.52,82,670841835,train
670841792,741.43,44,10:51:40,False,,True,False,741.52,82,670841835,train
670841793,741.39,44,10:51:41,False,,True,False,741.52,82,670841835,train
670841794,741.34,44,10:51:42,False,,True,False,741.52,82,670841835,train
670841795,741.41,44,10:51:43,False,,True,False,741.52,82,670841835,train
670841796,741.43,44,10:51:44,False,,True,False,741.52,82,670841835,train
670841797,741.39,44,10:51:45,False,,True,False,741.52,82,670841835,train
670841798,741.38,44,10:51:46,False,,True,False,741.52,82,670841835,train
670841799,741.4,44,10:51:47,False,,True,False,741.52,82,670841835,train
670841800,741.43,44,10:51:48,False,,True,False,741.52,82,670841835,train
670841801,741.36,44,10:51:49,False,,True,False,741.52,82,670841835,train
670841802,741.4,44,10:51:50,False,,True,False,741.51,82,670841835,train
670841803,741.42,44,10:51:51,False,,True,False,741.51,82,670841835,train
670841804,741.4,44,10:51:52,False,,True,False,741.51,82,670841835,train
670841805,741.4,44,10:51:53,False,,True,False,741.51,82,670841835,train
670841806,741.42,44,10:51:54,False,,True,False,741.51,82,670841835,train
670841807,741.39,44,10:51:55,False,,True,False,741.51,82,670841835,train
670841808,741.37,44,10:51:56,False,,True,False,741.51,82,670841835,train
670841809,741.39,44,10:51:57,False,,True,False,741.51,82,670841835,train
670841810,741.39,44,10:51:58,False,,True,False,741.51,82,670841835,train
670841811,741.37,44,10:51:59,False,,True,True,741.51,82,670841835,train
670841812,741.36,44,10:52:00,False,,True,True,741.51,82,670841835,train
670841813,741.29,44,10:52:01,False,,True,True,741.51,82,670841835,train
670841814,741.32,44,10:52:02,False,,True,True,741.5,82,670841835,train
670841815,741.29,44,10:52:03,False,,True,True,741.5,82,670841835,train
670841816,741.36,44,10:52:04,False,,True,True,741.5,82,670841835,train
670841817,741.4,44,10:52:05,False,,True,True,741.5,82,670841835,train
670841818,741.4,44,10:52:06,False,,True,True,741.5,82,670841835,train
670841819,741.4,44,10:52:07,False,,True,True,741.5,82,670841835,train
670841820,741.36,44,10:52:08,False,,True,True,741.5,82,670841835,train
670841821,741.36,44,10:52:09,False,,True,True,741.5,82,670841835,train
670841822,741.33,44,10:52:10,False,,True,True,741.5,82,670841835,train
670841823,741.35,44,10:52:11,False,,True,True,741.5,82,670841835,train
670841824,741.35,44,10:52:11,False,,True,True,741.49,82,670841835,train
670841825,741.37,44,10:52:12,False,,True,True,741.49,82,670841835,train
670841826,741.26,44,10:52:13,False,,True,True,741.49,82,670841835,train
670841827,741.26,44,10:52:14,False,,True,True,741.49,82,670841835,train
670841828,741.3,44,10:52:15,False,,True,True,741.49,82,670841835,train
670842398,741.04,44,11:01:30,False,,True,False,741.46,83,670842459,train
670842399,741.06,44,11:01:31,False,,True,False,741.46,83,670842459,train
670842400,741.13,44,11:01:32,False,,True,False,741.46,83,670842459,train
670842401,741.06,44,11:01:33,False,,True,False,741.46,83,670842459,train
670842402,741.11,44,11:01:34,False,,True,False,741.46,83,670842459,train
670842403,741.08,44,11:01:35,False,,True,False,741.46,83,670842459,train
670842404,741.08,44,11:01:36,False,,True,False,741.46,83,670842459,train
670842405,741.08,44,11:01:37,False,,True,False,741.46,83,670842459,train
670842406,741.06,44,11:01:38,False,,True,False,741.46,83,670842459,train
670842407,741.08,44,11:01:39,False,,True,False,741.46,83,670842459,train
670842408,741.12,44,11:01:40,False,,True,False,741.46,83,670842459,train
670842409,741.08,44,11:01:41,False,,True,False,741.46,83,670842459,train
670842410,741.1,44,11:01:42,False,,True,False,741.46,83,670842459,train
670842411,741.19,44,11:01:43,False,,True,False,741.46,83,670842459,train
670842412,741.16,44,11:01:44,False,,True,False,741.46,83,670842459,train
670842413,741.12,44,11:01:45,False,,True,False,741.46,83,670842459,train
670842414,741.16,44,11:01:46,False,,True,False,741.46,83,670842459,train
670842415,741.2,44,11:01:47,False,,True,False,741.45,83,670842459,train
670842416,741.07,44,11:01:48,False,,True,False,741.45,83,670842459,train
670842417,741.14,44,11:01:49,False,,True,False,741.45,83,670842459,train
670842418,741.16,44,11:01:50,False,,True,False,741.45,83,670842459,train
670842419,741.09,44,11:01:51,False,,True,False,741.45,83,670842459,train
670842420,741.15,44,11:01:52,False,,True,False,741.45,83,670842459,train
670842421,741.17,44,11:01:53,False,,True,False,741.45,83,670842459,train
670842422,741.11,44,11:01:54,False,,True,False,741.45,83,670842459,train
670842423,741.09,44,11:01:55,False,,True,False,741.45,83,670842459,train
670842424,741.13,44,11:01:56,False,,True,False,741.45,83,670842459,train
670842425,741.12,44,11:01:57,False,,True,False,741.45,83,670842459,train
670842426,741.08,44,11:01:58,False,,True,False,741.45,83,670842459,train
670842427,741.12,44,11:01:59,False,,True,False,741.45,83,670842459,train
670842428,741.14,44,11:01:59,False,,True,False,741.45,83,670842459,train
670842429,741.1,44,11:02:00,False,,True,False,741.45,83,670842459,train
670842430,741.12,44,11:02:01,False,,True,False,741.45,83,670842459,train
670842431,741.12,44,11:02:02,False,,True,False,741.45,83,670842459,train
670842432,741.12,44,11:02:03,False,,True,False,741.45,83,670842459,train
670842433,741.19,44,11:02:04,False,,True,False,741.44,83,670842459,train
670842434,741.12,44,11:02:05,False,,True,False,741.44,83,670842459,train
670842435,741.16,44,11:02:06,False,,True,False,741.44,83,670842459,train
670842436,741.12,44,11:02:07,False,,True,False,741.44,83,670842459,train
670842437,741.18,44,11:02:08,False,,True,False,741.44,83,670842459,train
670842438,741.11,44,11:02:09,False,,True,False,741.44,83,670842459,train
670842439,741.16,44,11:02:10,False,,True,False,741.44,83,670842459,train
670842440,741.14,44,11:02:11,False,,True,False,741.44,83,670842459,train
670842441,741.11,44,11:02:12,False,,True,False,741.44,83,670842459,train
670842442,741.18,44,11:02:13,False,,True,False,741.44,83,670842459,train
670842443,741.11,44,11:02:14,False,,True,False,741.44,83,670842459,train
670842444,741.16,44,11:02:15,False,,True,False,741.44,83,670842459,train
670842445,741.15,44,11:02:16,False,,True,False,741.44,83,670842459,train
670842446,741.15,44,11:02:17,False,,True,False,741.44,83,670842459,train
670842447,741.15,44,11:02:18,False,,True,False,741.44,83,670842459,train
670842448,741.1,44,11:02:19,False,,True,False,741.44,83,670842459,train
670842449,741.1,44,11:02:20,False,,True,False,741.43,83,670842459,train
670842450,741.08,44,11:02:21,False,,True,False,741.43,83,670842459,train
670842451,741.08,44,11:02:22,False,,True,False,741.43,83,670842459,train
670842452,741.1,44,11:02:23,False,,True,False,741.43,83,670842459,train
670842453,741.14,44,11:02:24,False,,True,False,741.43,83,670842459,train
670842454,741.05,44,11:02:25,False,,True,True,741.43,83,670842459,train
670842455,741.12,44,11:02:26,False,,True,True,741.43,83,670842459,train
670842456,740.9,44,11:02:27,False,,True,True,741.43,83,670842459,train
670842457,740.87,44,11:02:28,False,,True,True,741.43,83,670842459,train
670848974,744.9,44,12:48:12,False,,True,False,745.0,84,670849047,train
670848975,744.88,44,12:48:13,False,,True,False,745.0,84,670849047,train
670848976,744.88,44,12:48:14,False,,True,False,745.0,84,670849047,train
670848977,744.95,44,12:48:15,False,,True,False,745.0,84,670849047,train
670848978,744.94,44,12:48:16,False,,True,False,745.0,84,670849047,train
670848979,744.96,44,12:48:17,False,,True,False,745.0,84,670849047,train
670848980,744.96,44,12:48:18,False,,True,False,745.0,84,670849047,train
670848981,745.01,44,12:48:19,False,,True,False,745.0,84,670849047,train
670848982,745.03,44,12:48:20,False,,True,False,745.0,84,670849047,train
670848983,745.01,44,12:48:21,False,,True,False,745.0,84,670849047,train
670848984,745.05,44,12:48:22,False,,True,False,745.0,84,670849047,train
670848985,745.09,44,12:48:23,False,,True,False,745.0,84,670849047,train
670848986,745.07,44,12:48:24,False,,True,False,745.0,84,670849047,train
670848987,744.98,44,12:48:25,False,,True,False,745.0,84,670849047,train
670848988,745.05,44,12:48:26,False,,True,False,745.0,84,670849047,train
670848989,745.12,44,12:48:27,False,,True,False,745.0,84,670849047,train
670848990,745.13,44,12:48:28,False,,True,False,745.0,84,670849047,train
670848991,745.24,44,12:48:29,False,,True,False,745.01,84,670849047,train
670848992,745.2,44,12:48:30,False,,True,False,745.01,84,670849047,train
670848993,745.2,44,12:48:31,False,,True,True,745.01,84,670849047,train
670848994,745.2,44,12:48:31,False,,True,True,745.01,84,670849047,train
670848995,745.2,44,12:48:32,False,,True,True,745.01,84,670849047,train
670848996,745.22,44,12:48:33,False,,True,True,745.01,84,670849047,train
670848997,745.26,44,12:48:34,False,,True,True,745.01,84,670849047,train
670848998,745.24,44,12:48:35,False,,True,True,745.01,84,670849047,train
670848999,745.24,44,12:48:36,False,,True,True,745.01,84,670849047,train
670849000,745.26,44,12:48:37,False,,True,True,745.01,84,670849047,train
670849001,745.19,44,12:48:38,False,,True,True,745.01,84,670849047,train
670849002,745.28,44,12:48:39,False,,True,True,745.01,84,670849047,train
670849003,745.32,44,12:48:40,False,,True,True,745.01,84,670849047,train
670849004,745.28,44,12:48:41,False,,True,True,745.02,84,670849047,train
670849005,745.28,44,12:48:42,False,,True,True,745.02,84,670849047,train
670849006,745.3,44,12:48:43,False,,True,True,745.02,84,670849047,train
670849007,745.23,44,12:48:44,False,,True,True,745.02,84,670849047,train
670849008,745.17,44,12:48:45,False,,True,True,745.02,84,670849047,train
670849009,745.21,44,12:48:46,False,,True,True,745.02,84,670849047,train
670849010,745.23,44,12:48:47,False,,True,True,745.02,84,670849047,train
670849011,745.21,44,12:48:48,False,,True,True,745.02,84,670849047,train
670849012,745.23,44,12:48:49,False,,True,True,745.02,84,670849047,train
670849013,745.18,44,12:48:50,False,,True,True,745.02,84,670849047,train
670849014,745.2,44,12:48:51,False,,True,True,745.02,84,670849047,train
670849015,745.22,44,12:48:52,False,,True,True,745.02,84,670849047,train
670849016,745.22,44,12:48:53,False,,True,True,745.03,84,670849047,train
670849017,745.16,44,12:48:54,False,,True,True,745.03,84,670849047,train
670849018,745.27,44,12:48:55,False,,True,True,745.03,84,670849047,train
670849019,745.23,44,12:48:56,False,,True,True,745.03,84,670849047,train
670849020,745.24,44,12:48:57,False,,True,True,745.03,84,670849047,train
670849021,745.22,44,12:48:58,False,,True,True,745.03,84,670849047,train
670849022,745.18,44,12:48:59,False,,True,True,745.03,84,670849047,train
670849023,745.2,44,12:49:00,False,,True,True,745.03,84,670849047,train
670849024,745.15,44,12:49:01,False,,True,True,745.03,84,670849047,train
670849025,745.17,44,12:49:02,False,,True,True,745.03,84,670849047,train
670849026,745.1,44,12:49:03,False,,True,True,745.03,84,670849047,train
670849027,745.08,44,12:49:04,False,,True,True,745.03,84,670849047,train
670849028,745.1,44,12:49:05,False,,True,True,745.03,84,670849047,train
670849029,744.99,44,12:49:06,False,,True,True,745.03,84,670849047,train
670849030,744.97,44,12:49:07,False,,True,True,745.03,84,670849047,train
670849031,745.01,44,12:49:08,False,,True,True,745.03,84,670849047,train
670849032,744.96,44,12:49:08,False,,True,True,745.03,84,670849047,train
670849033,744.96,44,12:49:09,False,,True,True,745.03,84,670849047,train
670852673,745.14,44,13:48:13,False,,True,False,745.32,85,670852738,train
670852674,745.12,44,13:48:14,False,,True,False,745.32,85,670852738,train
670852675,745.19,44,13:48:15,False,,True,False,745.32,85,670852738,train
670852676,745.15,44,13:48:16,False,,True,False,745.32,85,670852738,train
670852677,745.16,44,13:48:17,False,,True,False,745.32,85,670852738,train
670852678,745.18,44,13:48:18,False,,True,False,745.32,85,670852738,train
670852679,745.16,44,13:48:19,False,,True,False,745.32,85,670852738,train
670852680,745.21,44,13:48:20,False,,True,False,745.31,85,670852738,train
670852681,745.18,44,13:48:21,False,,True,False,745.31,85,670852738,train
670852682,745.18,44,13:48:22,False,,True,False,745.31,85,670852738,train
670852683,745.18,44,13:48:23,False,,True,False,745.31,85,670852738,train
670852684,745.23,44,13:48:24,False,,True,False,745.31,85,670852738,train
670852685,745.12,44,13:48:25,False,,True,False,745.31,85,670852738,train
670852686,745.2,44,13:48:26,False,,True,False,745.31,85,670852738,train
670852687,745.2,44,13:48:27,False,,True,False,745.31,85,670852738,train
670852688,745.11,44,13:48:28,False,,True,False,745.31,85,670852738,train
670852689,745.18,44,13:48:29,False,,True,False,745.31,85,670852738,train
670852690,745.13,44,13:48:30,False,,True,False,745.31,85,670852738,train
670852691,745.2,44,13:48:31,False,,True,False,745.3,85,670852738,train
670852692,745.17,44,13:48:31,False,,True,False,745.3,85,670852738,train
670852693,745.13,44,13:48:32,False,,True,False,745.3,85,670852738,train
670852694,745.2,44,13:48:33,False,,True,False,745.3,85,670852738,train
670852695,745.15,44,13:48:34,False,,True,False,745.3,85,670852738,train
670852696,745.19,44,13:48:35,False,,True,False,745.3,85,670852738,train
670852697,745.15,44,13:48:36,False,,True,False,745.3,85,670852738,train
670852698,745.17,44,13:48:37,False,,True,False,745.3,85,670852738,train
670852699,745.15,44,13:48:38,False,,True,False,745.3,85,670852738,train
670852700,745.12,44,13:48:39,False,,True,False,745.3,85,670852738,train
670852701,745.08,44,13:48:40,False,,True,False,745.29,85,670852738,train
670852702,745.14,44,13:48:41,False,,True,False,745.29,85,670852738,train
670852703,745.1,44,13:48:42,False,,True,False,745.29,85,670852738,train
670852704,745.1,44,13:48:43,False,,True,False,745.29,85,670852738,train
670852705,745.12,44,13:48:44,False,,True,False,745.29,85,670852738,train
670852706,745.08,44,13:48:45,False,,True,False,745.29,85,670852738,train
670852707,745.16,44,13:48:46,False,,True,False,745.29,85,670852738,train
670852708,745.12,44,13:48:47,False,,True,False,745.29,85,670852738,train
670852709,745.12,44,13:48:48,False,,True,False,745.29,85,670852738,train
670852710,745.11,44,13:48:49,False,,True,False,745.29,85,670852738,train
670852711,745.16,44,13:48:50,False,,True,False,745.28,85,670852738,train
670852712,745.1,44,13:48:51,False,,True,False,745.28,85,670852738,train
670852713,745.14,44,13:48:52,False,,True,False,745.28,85,670852738,train
670852714,745.16,44,13:48:53,False,,True,False,745.28,85,670852738,train
670852715,745.12,44,13:48:54,False,,True,False,745.28,85,670852738,train
670852716,745.13,44,13:48:55,False,,True,False,745.28,85,670852738,train
670852717,745.18,44,13:48:56,False,,True,False,745.28,85,670852738,train
670852718,745.12,44,13:48:57,False,,True,True,745.28,85,670852738,train
670852719,745.09,44,13:48:58,False,,True,True,745.28,85,670852738,train
670852720,745.16,44,13:48:59,False,,True,True,745.28,85,670852738,train
670852721,745.15,44,13:49:00,False,,True,True,745.27,85,670852738,train
670852722,745.16,44,13:49:01,False,,True,True,745.27,85,670852738,train
670852723,745.16,44,13:49:02,False,,True,True,745.27,85,670852738,train
670852724,745.15,44,13:49:03,False,,True,True,745.27,85,670852738,train
670852725,745.2,44,13:49:04,False,,True,True,745.27,85,670852738,train
670852726,745.13,44,13:49:05,False,,True,True,745.27,85,670852738,train
670852727,745.15,44,13:49:06,False,,True,True,745.27,85,670852738,train
670852728,745.11,44,13:49:07,False,,True,True,745.27,85,670852738,train
670852729,745.06,44,13:49:08,False,,True,True,745.27,85,670852738,train
670852730,745.01,44,13:49:08,False,,True,True,745.27,85,670852738,train
670852731,744.92,44,13:49:09,False,,True,True,745.26,85,670852738,train
670852732,744.87,44,13:49:10,False,,True,True,745.26,85,670852738,train
670856231,741.38,44,14:45:57,False,,True,True,741.55,86,670856365,train
670856232,741.38,44,14:45:58,False,,True,True,741.55,86,670856365,train
670856233,741.43,44,14:45:59,False,,True,True,741.55,86,670856365,train
670856234,741.38,44,14:46:00,False,,True,True,741.55,86,670856365,train
670856235,741.35,44,14:46:01,False,,True,True,741.55,86,670856365,train
670856236,741.37,44,14:46:02,False,,True,True,741.55,86,670856365,train
670856237,741.37,44,14:46:03,False,,True,True,741.55,86,670856365,train
670856238,741.33,44,14:46:04,False,,True,True,741.55,86,670856365,train
670856239,741.32,44,14:46:05,False,,True,True,741.55,86,670856365,train
670856240,741.34,44,14:46:05,False,,True,True,741.55,86,670856365,train
670856241,741.34,44,14:46:06,False,,True,True,741.55,86,670856365,train
670856242,741.3,44,14:46:07,False,,True,True,741.55,86,670856365,train
670856243,741.32,44,14:46:08,False,,True,True,741.55,86,670856365,train
670856244,741.36,44,14:46:09,False,,True,True,741.55,86,670856365,train
670856245,741.31,44,14:46:10,False,,True,True,741.55,86,670856365,train
670856246,741.31,44,14:46:11,False,,True,True,741.55,86,670856365,train
670856247,741.29,44,14:46:12,False,,True,True,741.54,86,670856365,train
670856248,741.33,44,14:46:13,False,,True,True,741.54,86,670856365,train
670856249,741.24,44,14:46:14,False,,True,True,741.54,86,670856365,train
670856250,741.3,44,14:46:15,False,,True,True,741.54,86,670856365,train
670856251,741.28,44,14:46:16,False,,True,True,741.54,86,670856365,train
670856252,741.33,44,14:46:17,False,,True,True,741.54,86,670856365,train
670856253,741.28,44,14:46:18,False,,True,True,741.54,86,670856365,train
670856254,741.28,44,14:46:19,False,,True,True,741.54,86,670856365,train
670856255,741.3,44,14:46:20,False,,True,True,741.54,86,670856365,train
670856256,741.22,44,14:46:21,False,,True,True,741.54,86,670856365,train
670856257,741.18,44,14:46:22,False,,True,True,741.54,86,670856365,train
670856258,741.23,44,14:46:23,False,,True,True,741.54,86,670856365,train
670856259,741.27,44,14:46:24,False,,True,True,741.54,86,670856365,train
670856260,741.27,44,14:46:25,False,,True,True,741.53,86,670856365,train
670856261,741.24,44,14:46:26,False,,True,True,741.53,86,670856365,train
670856262,741.26,44,14:46:27,False,,True,True,741.53,86,670856365,train
670856263,741.22,44,14:46:28,False,,True,True,741.53,86,670856365,train
670856264,741.21,44,14:46:29,False,,True,True,741.53,86,670856365,train
670856265,741.15,44,14:46:30,False,,True,True,741.53,86,670856365,train
670856266,741.19,44,14:46:31,False,,True,True,741.53,86,670856365,train
670856267,741.23,44,14:46:32,False,,True,True,741.53,86,670856365,train
670856268,741.19,44,14:46:33,False,,True,True,741.53,86,670856365,train
670856269,741.19,44,14:46:34,False,,True,True,741.53,86,670856365,train
670856270,741.21,44,14:46:35,False,,True,True,741.53,86,670856365,train
670856271,741.18,44,14:46:36,False,,True,True,741.52,86,670856365,train
670856272,741.18,44,14:46:37,False,,True,True,741.52,86,670856365,train
670856273,741.13,44,14:46:38,False,,True,True,741.52,86,670856365,train
670856274,741.15,44,14:46:39,False,,True,True,741.52,86,670856365,train
670856275,741.13,44,14:46:40,False,,True,True,741.52,86,670856365,train
670856276,741.15,44,14:46:41,False,,True,True,741.52,86,670856365,train
670856277,741.15,44,14:46:41,False,,True,True,741.52,86,670856365,train
670856278,741.15,44,14:46:42,False,,True,True,741.52,86,670856365,train
670856279,741.1,44,14:46:43,False,,True,True,741.52,86,670856365,train
670856280,741.14,44,14:46:44,False,,True,True,741.52,86,670856365,train
670856281,741.16,44,14:46:45,False,,True,True,741.51,86,670856365,train
670856282,741.09,44,14:46:46,False,,True,True,741.51,86,670856365,train
670856283,741.0,44,14:46:47,False,,True,True,741.51,86,670856365,train
670856284,741.07,44,14:46:48,False,,True,True,741.51,86,670856365,train
670856285,741.09,44,14:46:49,False,,True,True,741.51,86,670856365,train
670856286,741.07,44,14:46:50,False,,True,True,741.51,86,670856365,train
670856287,741.06,44,14:46:51,False,,True,True,741.51,86,670856365,train
670856288,741.04,44,14:46:52,False,,True,True,741.51,86,670856365,train
670856289,741.04,44,14:46:53,False,,True,True,741.5,86,670856365,train
670856290,741.06,44,14:46:54,False,,True,True,741.5,86,670856365,train
670859690,737.76,44,15:42:04,False,,True,False,738.09,87,670859755,train
670859691,737.74,44,15:42:05,False,,True,False,738.09,87,670859755,train
670859692,737.78,44,15:42:06,False,,True,False,738.09,87,670859755,train
670859693,737.78,44,15:42:07,False,,True,False,738.09,87,670859755,train
670859694,737.74,44,15:42:08,False,,True,False,738.09,87,670859755,train
670859695,737.79,44,15:42:09,False,,True,False,738.09,87,670859755,train
670859696,737.74,44,15:42:10,False,,True,False,738.09,87,670859755,train
670859697,737.74,44,15:42:11,False,,True,False,738.09,87,670859755,train
670859698,737.75,44,15:42:12,False,,True,False,738.09,87,670859755,train
670859699,737.75,44,15:42:13,False,,True,False,738.09,87,670859755,train
670859700,737.72,44,15:42:14,False,,True,False,738.08,87,670859755,train
670859701,737.7,44,15:42:15,False,,True,False,738.08,87,670859755,train
670859702,737.7,44,15:42:16,False,,True,False,738.08,87,670859755,train
670859703,737.79,44,15:42:17,False,,True,False,738.08,87,670859755,train
670859704,737.77,44,15:42:18,False,,True,False,738.08,87,670859755,train
670859705,737.75,44,15:42:19,False,,True,False,738.08,87,670859755,train
670859706,737.77,44,15:42:20,False,,True,False,738.08,87,670859755,train
670859707,737.73,44,15:42:21,False,,True,False,738.08,87,670859755,train
670859708,737.73,44,15:42:22,False,,True,False,738.07,87,670859755,train
670859709,737.75,44,15:42:23,False,,True,False,738.07,87,670859755,train
670859710,737.75,44,15:42:24,False,,True,False,738.07,87,670859755,train
670859711,737.75,44,15:42:25,False,,True,False,738.07,87,670859755,train
670859712,737.75,44,15:42:25,False,,True,False,738.07,87,670859755,train
670859713,737.79,44,15:42:26,False,,True,False,738.07,87,670859755,train
670859714,737.8,44,15:42:27,False,,True,False,738.07,87,670859755,train
670859715,737.75,44,15:42:28,False,,True,False,738.07,87,670859755,train
670859716,737.75,44,15:42:29,False,,True,False,738.07,87,670859755,train
670859717,737.74,44,15:42:30,False,,True,False,738.06,87,670859755,train
670859718,737.77,44,15:42:31,False,,True,False,738.06,87,670859755,train
670859719,737.69,44,15:42:32,False,,True,False,738.06,87,670859755,train
670859720,737.76,44,15:42:33,False,,True,False,738.06,87,670859755,train
670859721,737.78,44,15:42:34,False,,True,False,738.06,87,670859755,train
670859722,737.75,44,15:42:35,False,,True,False,738.06,87,670859755,train
670859723,737.76,44,15:42:36,False,,True,False,738.06,87,670859755,train
670859724,737.75,44,15:42:37,False,,True,False,738.06,87,670859755,train
670859725,737.76,44,15:42:38,False,,True,False,738.06,87,670859755,train
670859726,737.72,44,15:42:39,False,,True,False,738.06,87,670859755,train
670859727,737.72,44,15:42:40,False,,True,False,738.05,87,670859755,train
670859728,737.74,44,15:42:41,False,,True,False,738.05,87,670859755,train
670859729,737.74,44,15:42:42,False,,True,False,738.05,87,670859755,train
670859730,737.74,44,15:42:43,False,,True,False,738.05,87,670859755,train
670859731,737.74,44,15:42:44,False,,True,False,738.05,87,670859755,train
670859732,737.72,44,15:42:45,False,,True,False,738.05,87,670859755,train
670859733,737.72,44,15:42:46,False,,True,False,738.05,87,670859755,train
670859734,737.78,44,15:42:47,False,,True,False,738.05,87,670859755,train
670859735,737.7,44,15:42:48,False,,True,True,738.05,87,670859755,train
670859736,737.68,44,15:42:49,False,,True,True,738.05,87,670859755,train
670859737,737.7,44,15:42:50,False,,True,True,738.04,87,670859755,train
670859738,737.7,44,15:42:51,False,,True,True,738.04,87,670859755,train
670859739,737.74,44,15:42:52,False,,True,True,738.04,87,670859755,train
670859740,737.7,44,15:42:53,False,,True,True,738.04,87,670859755,train
670859741,737.68,44,15:42:54,False,,True,True,738.04,87,670859755,train
670859742,737.68,44,15:42:55,False,,True,True,738.04,87,670859755,train
670859743,737.68,44,15:42:56,False,,True,True,738.04,87,670859755,train
670859744,737.59,44,15:42:57,False,,True,True,738.04,87,670859755,train
670859745,737.59,44,15:42:58,False,,True,True,738.03,87,670859755,train
670859746,737.52,44,15:42:59,False,,True,True,738.03,87,670859755,train
670859747,737.5,44,15:43:00,False,,True,True,738.03,87,670859755,train
670859748,737.5,44,15:43:01,False,,True,True,738.03,87,670859755,train
670859749,737.45,44,15:43:01,False,,True,True,738.03,87,670859755,train
670870195,736.98,44,18:32:31,False,,True,True,736.82,88,670870370,train
670870196,736.98,44,18:32:32,False,,True,True,736.82,88,670870370,train
670870197,737.0,44,18:32:33,False,,True,True,736.82,88,670870370,train
670870198,736.98,44,18:32:34,False,,True,True,736.82,88,670870370,train
670870199,737.01,44,18:32:35,False,,True,True,736.82,88,670870370,train
670870200,737.03,44,18:32:36,False,,True,True,736.82,88,670870370,train
670870201,737.0,44,18:32:37,False,,True,True,736.82,88,670870370,train
670870202,737.01,44,18:32:37,False,,True,True,736.82,88,670870370,train
670870203,736.94,44,18:32:38,False,,True,True,736.82,88,670870370,train
670870204,737.01,44,18:32:39,False,,True,True,736.82,88,670870370,train
670870205,737.03,44,18:32:40,False,,True,True,736.82,88,670870370,train
670870206,737.01,44,18:32:41,False,,True,True,736.82,88,670870370,train
670870207,737.01,44,18:32:42,False,,True,True,736.83,88,670870370,train
670870208,736.99,44,18:32:43,False,,True,True,736.83,88,670870370,train
670870209,737.05,44,18:32:44,False,,True,True,736.83,88,670870370,train
670870210,736.95,44,18:32:45,False,,True,True,736.83,88,670870370,train
670870211,737.03,44,18:32:46,False,,True,True,736.83,88,670870370,train
670870212,737.01,44,18:32:47,False,,True,True,736.83,88,670870370,train
670870213,736.99,44,18:32:48,False,,True,True,736.83,88,670870370,train
670870214,736.99,44,18:32:49,False,,True,True,736.83,88,670870370,train
670870215,736.97,44,18:32:50,False,,True,True,736.83,88,670870370,train
670870216,736.99,44,18:32:51,False,,True,True,736.83,88,670870370,train
670870217,737.0,44,18:32:52,False,,True,True,736.83,88,670870370,train
670870218,737.01,44,18:32:53,False,,True,True,736.83,88,670870370,train
670870219,737.02,44,18:32:54,False,,True,True,736.83,88,670870370,train
670870220,736.97,44,18:32:55,False,,True,True,736.84,88,670870370,train
670870221,736.97,44,18:32:56,False,,True,True,736.84,88,670870370,train
670870222,737.0,44,18:32:57,False,,True,True,736.84,88,670870370,train
670870223,737.0,44,18:32:58,False,,True,True,736.84,88,670870370,train
670870224,736.98,44,18:32:59,False,,True,True,736.84,88,670870370,train
670870225,737.0,44,18:33:00,False,,True,True,736.84,88,670870370,train
670870226,736.98,44,18:33:01,False,,True,True,736.84,88,670870370,train
670870227,737.02,44,18:33:02,False,,True,True,736.84,88,670870370,train
670870228,736.96,44,18:33:03,False,,True,True,736.84,88,670870370,train
670870229,736.96,44,18:33:04,False,,True,True,736.84,88,670870370,train
670870230,736.94,44,18:33:05,False,,True,True,736.84,88,670870370,train
670870231,736.94,44,18:33:06,False,,True,True,736.84,88,670870370,train
670870232,736.98,44,18:33:07,False,,True,True,736.84,88,670870370,train
670870233,736.98,44,18:33:08,False,,True,True,736.84,88,670870370,train
670870234,737.0,44,18:33:09,False,,True,True,736.85,88,670870370,train
670870235,736.96,44,18:33:10,False,,True,True,736.85,88,670870370,train
670870236,737.03,44,18:33:11,False,,True,True,736.85,88,670870370,train
670870237,736.96,44,18:33:12,False,,True,True,736.85,88,670870370,train
670870238,736.98,44,18:33:13,False,,True,True,736.85,88,670870370,train
670870239,736.99,44,18:33:14,False,,True,True,736.85,88,670870370,train
670870240,736.92,44,18:33:14,False,,True,True,736.85,88,670870370,train
670870241,736.94,44,18:33:15,False,,True,True,736.85,88,670870370,train
670870242,736.9,44,18:33:16,False,,True,True,736.85,88,670870370,train
670870243,736.99,44,18:33:17,False,,True,True,736.85,88,670870370,train
670870244,736.99,44,18:33:18,False,,True,True,736.85,88,670870370,train
670870245,736.97,44,18:33:19,False,,True,True,736.85,88,670870370,train
670870246,736.94,44,18:33:20,False,,True,True,736.85,88,670870370,train
670870247,736.97,44,18:33:21,False,,True,True,736.85,88,670870370,train
670870248,736.97,44,18:33:22,False,,True,True,736.85,88,670870370,train
670870249,736.97,44,18:33:23,False,,True,True,736.86,88,670870370,train
670870250,736.9,44,18:33:24,False,,True,True,736.86,88,670870370,train
670870251,736.92,44,18:33:25,False,,True,True,736.86,88,670870370,train
670870252,736.93,44,18:33:26,False,,True,True,736.86,88,670870370,train
670870253,736.93,44,18:33:27,False,,True,True,736.86,88,670870370,train
670870254,736.95,44,18:33:28,False,,True,True,736.86,88,670870370,train
670926298,746.87,45,09:42:47,False,,False,False,747.36,89,670929808,train
670926299,746.89,45,09:42:48,False,,False,False,747.36,89,670929808,train
670926300,746.86,45,09:42:49,False,,False,False,747.35,89,670929808,train
670926301,746.84,45,09:42:50,False,,False,False,747.35,89,670929808,train
670926302,746.84,45,09:42:51,False,,False,False,747.35,89,670929808,train
670926303,746.83,45,09:42:52,False,,False,False,747.35,89,670929808,train
670926304,746.86,45,09:42:53,False,,False,False,747.34,89,670929808,train
670926305,746.85,45,09:42:54,False,,False,False,747.34,89,670929808,train
670926306,746.85,45,09:42:55,False,,False,False,747.34,89,670929808,train
670926307,746.83,45,09:42:56,False,,False,False,747.34,89,670929808,train
670926308,746.81,45,09:42:57,False,,False,False,747.34,89,670929808,train
670926309,746.85,45,09:42:58,False,,False,False,747.33,89,670929808,train
670926310,746.81,45,09:42:59,False,,False,False,747.33,89,670929808,train
670926311,746.78,45,09:43:00,False,,False,False,747.33,89,670929808,train
670926312,746.87,45,09:43:01,False,,False,False,747.33,89,670929808,train
670926313,746.82,45,09:43:02,False,,False,False,747.32,89,670929808,train
670926314,746.82,45,09:43:03,False,,False,False,747.32,89,670929808,train
670926315,746.84,45,09:43:04,False,,False,False,747.32,89,670929808,train
670926316,746.84,45,09:43:05,False,,False,False,747.32,89,670929808,train
670926317,746.84,45,09:43:05,False,,False,False,747.32,89,670929808,train
670926318,746.79,45,09:43:06,False,,False,False,747.31,89,670929808,train
670926319,746.81,45,09:43:07,False,,False,False,747.31,89,670929808,train
670926320,746.85,45,09:43:08,False,,False,False,747.31,89,670929808,train
670929768,741.75,45,10:39:05,False,,True,False,741.75,89,670929808,train
670929769,741.78,45,10:39:06,False,,True,False,741.76,89,670929808,train
670929770,741.79,45,10:39:07,False,,True,False,741.77,89,670929808,train
670929771,741.81,45,10:39:08,False,,True,False,741.78,89,670929808,train
670929772,741.78,45,10:39:09,False,,True,False,741.78,89,670929808,train
670929773,741.8,45,10:39:10,False,,True,False,741.78,89,670929808,train
670929774,741.8,45,10:39:11,False,,True,False,741.79,89,670929808,train
670929775,741.84,45,10:39:12,False,,True,False,741.79,89,670929808,train
670929776,741.83,45,10:39:13,False,,True,False,741.8,89,670929808,train
670929777,741.79,45,10:39:14,False,,True,False,741.8,89,670929808,train
670929778,741.85,45,10:39:15,False,,True,False,741.8,89,670929808,train
670929779,741.83,45,10:39:16,False,,True,False,741.8,89,670929808,train
670929780,741.85,45,10:39:17,False,,True,False,741.81,89,670929808,train
670929781,741.85,45,10:39:18,False,,True,False,741.81,89,670929808,train
670929782,741.89,45,10:39:19,False,,True,False,741.82,89,670929808,train
670929783,741.83,45,10:39:20,False,,True,False,741.82,89,670929808,train
670929784,741.89,45,10:39:21,False,,True,False,741.82,89,670929808,train
670929785,741.89,45,10:39:22,False,,True,False,741.82,89,670929808,train
670929786,741.82,45,10:39:23,False,,True,False,741.82,89,670929808,train
670929787,741.86,45,10:39:24,False,,True,False,741.83,89,670929808,train
670929788,741.86,45,10:39:25,False,,True,False,741.83,89,670929808,train
670929789,741.86,45,10:39:25,False,,True,False,741.83,89,670929808,train
670929790,741.84,45,10:39:26,False,,True,False,741.83,89,670929808,train
670929791,741.86,45,10:39:27,False,,True,False,741.83,89,670929808,train
670929792,741.79,45,10:39:28,False,,True,False,741.83,89,670929808,train
670929793,741.86,45,10:39:29,False,,True,True,741.83,89,670929808,train
670929794,741.83,45,10:39:30,False,,True,True,741.83,89,670929808,train
670929795,741.85,45,10:39:31,False,,True,True,741.83,89,670929808,train
670929796,741.83,45,10:39:32,False,,True,True,741.83,89,670929808,train
670929797,741.85,45,10:39:33,False,,True,True,741.83,89,670929808,train
670929798,741.83,45,10:39:34,False,,True,True,741.83,89,670929808,train
670929799,741.8,45,10:39:35,False,,True,True,741.83,89,670929808,train
670929800,741.85,45,10:39:36,False,,True,True,741.83,89,670929808,train
670929801,741.8,45,10:39:37,False,,True,True,741.83,89,670929808,train
670929802,741.69,45,10:39:38,False,,True,True,741.83,89,670929808,train
670929803,741.71,45,10:39:39,False,,True,True,741.82,89,670929808,train
670929804,741.59,45,10:39:40,False,,True,True,741.82,89,670929808,train
670930474,741.85,45,10:50:32,False,,True,True,741.88,90,670930554,train
670930475,741.91,45,10:50:33,False,,True,True,741.89,90,670930554,train
670930476,741.91,45,10:50:34,False,,True,True,741.89,90,670930554,train
670930477,741.91,45,10:50:35,False,,True,True,741.89,90,670930554,train
670930478,741.88,45,10:50:36,False,,True,True,741.88,90,670930554,train
670930479,741.91,45,10:50:37,False,,True,True,741.88,90,670930554,train
670930480,741.86,45,10:50:38,False,,True,True,741.88,90,670930554,train
670930481,741.86,45,10:50:39,False,,True,True,741.88,90,670930554,train
670930482,741.83,45,10:50:40,False,,True,True,741.88,90,670930554,train
670930483,741.8,45,10:50:41,False,,True,True,741.88,90,670930554,train
670930484,741.78,45,10:50:42,False,,True,True,741.88,90,670930554,train
670930485,741.83,45,10:50:43,False,,True,True,741.88,90,670930554,train
670930486,741.82,45,10:50:44,False,,True,True,741.88,90,670930554,train
670930487,741.87,45,10:50:45,False,,True,True,741.88,90,670930554,train
670930488,741.89,45,10:50:46,False,,True,True,741.88,90,670930554,train
670930489,741.95,45,10:50:47,False,,True,True,741.88,90,670930554,train
670930490,741.88,45,10:50:48,False,,True,True,741.88,90,670930554,train
670930491,741.9,45,10:50:49,False,,True,True,741.88,90,670930554,train
670930492,741.81,45,10:50:50,False,,True,True,741.88,90,670930554,train
670930493,741.94,45,10:50:51,False,,True,True,741.88,90,670930554,train
670930494,741.87,45,10:50:52,False,,True,True,741.88,90,670930554,train
670930495,741.87,45,10:50:53,False,,True,True,741.88,90,670930554,train
670930496,741.87,45,10:50:54,False,,True,True,741.88,90,670930554,train
670930497,741.84,45,10:50:55,False,,True,True,741.88,90,670930554,train
670930498,741.91,45,10:50:56,False,,True,True,741.88,90,670930554,train
670930499,741.82,45,10:50:57,False,,True,True,741.88,90,670930554,train
670930500,741.82,45,10:50:58,False,,True,True,741.88,90,670930554,train
670930501,741.84,45,10:50:59,False,,True,True,741.88,90,670930554,train
670930502,741.84,45,10:51:00,False,,True,True,741.88,90,670930554,train
670930503,741.86,45,10:51:01,False,,True,True,741.88,90,670930554,train
670930504,741.9,45,10:51:02,False,,True,True,741.88,90,670930554,train
670930505,741.85,45,10:51:03,False,,True,True,741.88,90,670930554,train
670930506,741.87,45,10:51:03,False,,True,True,741.88,90,670930554,train
670930507,741.83,45,10:51:04,False,,True,True,741.88,90,670930554,train
670930508,741.82,45,10:51:05,False,,True,True,741.88,90,670930554,train
670930509,741.86,45,10:51:06,False,,True,True,741.88,90,670930554,train
670930510,741.89,45,10:51:07,False,,True,True,741.88,90,670930554,train
670930511,741.86,45,10:51:08,False,,True,True,741.88,90,670930554,train
670930512,741.86,45,10:51:09,False,,True,True,741.88,90,670930554,train
670930513,741.84,45,10:51:10,False,,True,True,741.88,90,670930554,train
670930514,741.83,45,10:51:11,False,,True,True,741.88,90,670930554,train
670930515,741.83,45,10:51:12,False,,True,True,741.88,90,670930554,train
670930516,741.85,45,10:51:13,False,,True,True,741.88,90,670930554,train
670930517,741.85,45,10:51:14,False,,True,True,741.88,90,670930554,train
670930518,741.85,45,10:51:15,False,,True,True,741.88,90,670930554,train
670930519,741.78,45,10:51:16,False,,True,True,741.88,90,670930554,train
670930520,741.78,45,10:51:17,False,,True,True,741.88,90,670930554,train
670930521,741.8,45,10:51:18,False,,True,True,741.88,90,670930554,train
670930522,741.78,45,10:51:19,False,,True,True,741.88,90,670930554,train
670930523,741.75,45,10:51:20,False,,True,True,741.88,90,670930554,train
670930524,741.81,45,10:51:21,False,,True,True,741.88,90,670930554,train
670930525,741.77,45,10:51:22,False,,True,True,741.88,90,670930554,train
670930526,741.76,45,10:51:23,False,,True,True,741.88,90,670930554,train
670930527,741.78,45,10:51:24,False,,True,True,741.88,90,670930554,train
670930528,741.72,45,10:51:25,False,,True,True,741.88,90,670930554,train
670930529,741.76,45,10:51:26,False,,True,True,741.88,90,670930554,train
670930530,741.73,45,10:51:27,False,,True,True,741.88,90,670930554,train
670930531,741.68,45,10:51:28,False,,True,True,741.88,90,670930554,train
670930532,741.66,45,10:51:29,False,,True,True,741.88,90,670930554,train
670930533,741.68,45,10:51:30,False,,True,True,741.87,90,670930554,train
670933045,742.02,45,11:32:15,False,,True,False,741.81,91,670933108,train
670933046,742.02,45,11:32:16,False,,True,False,741.81,91,670933108,train
670933047,742.04,45,11:32:17,False,,True,False,741.81,91,670933108,train
670933048,742.04,45,11:32:18,False,,True,False,741.81,91,670933108,train
670933049,742.06,45,11:32:19,False,,True,False,741.81,91,670933108,train
670933050,742.04,45,11:32:20,False,,True,False,741.82,91,670933108,train
670933051,742.06,45,11:32:21,False,,True,False,741.82,91,670933108,train
670933052,742.04,45,11:32:22,False,,True,False,741.82,91,670933108,train
670933053,742.14,45,11:32:23,False,,True,False,741.82,91,670933108,train
670933054,742.12,45,11:32:24,False,,True,False,741.82,91,670933108,train
670933055,742.14,45,11:32:25,False,,True,False,741.82,91,670933108,train
670933056,742.03,45,11:32:26,False,,True,False,741.82,91,670933108,train
670933057,742.1,45,11:32:27,False,,True,False,741.82,91,670933108,train
670933058,742.1,45,11:32:28,False,,True,False,741.82,91,670933108,train
670933059,742.16,45,11:32:29,False,,True,False,741.82,91,670933108,train
670933060,742.11,45,11:32:30,False,,True,False,741.82,91,670933108,train
670933061,742.14,45,11:32:31,False,,True,False,741.82,91,670933108,train
670933062,742.14,45,11:32:32,False,,True,False,741.83,91,670933108,train
670933063,742.15,45,11:32:33,False,,True,False,741.83,91,670933108,train
670933064,742.16,45,11:32:34,False,,True,False,741.83,91,670933108,train
670933065,742.13,45,11:32:35,False,,True,False,741.83,91,670933108,train
670933066,742.13,45,11:32:36,False,,True,False,741.83,91,670933108,train
670933067,742.11,45,11:32:37,False,,True,False,741.83,91,670933108,train
670933068,742.15,45,11:32:38,False,,True,False,741.83,91,670933108,train
670933069,742.15,45,11:32:39,False,,True,False,741.83,91,670933108,train
670933070,742.15,45,11:32:40,False,,True,False,741.83,91,670933108,train
670933071,742.12,45,11:32:41,False,,True,False,741.83,91,670933108,train
670933072,742.14,45,11:32:41,False,,True,False,741.84,91,670933108,train
670933073,742.12,45,11:32:42,False,,True,False,741.84,91,670933108,train
670933074,742.14,45,11:32:43,False,,True,False,741.84,91,670933108,train
670933075,742.14,45,11:32:44,False,,True,False,741.84,91,670933108,train
670933076,742.16,45,11:32:45,False,,True,False,741.84,91,670933108,train
670933077,742.1,45,11:32:46,False,,True,False,741.84,91,670933108,train
670933078,742.14,45,11:32:47,False,,True,False,741.84,91,670933108,train
670933079,742.14,45,11:32:48,False,,True,False,741.84,91,670933108,train
670933080,742.16,45,11:32:49,False,,True,False,741.84,91,670933108,train
670933081,742.16,45,11:32:50,False,,True,False,741.84,91,670933108,train
670933082,742.11,45,11:32:51,False,,True,False,741.85,91,670933108,train
670933083,742.13,45,11:32:52,False,,True,False,741.85,91,670933108,train
670933084,742.13,45,11:32:53,False,,True,False,741.85,91,670933108,train
670933085,742.1,45,11:32:54,False,,True,False,741.85,91,670933108,train
670933086,742.08,45,11:32:55,False,,True,False,741.85,91,670933108,train
670933087,742.08,45,11:32:56,False,,True,False,741.85,91,670933108,train
670933088,742.1,45,11:32:57,False,,True,False,741.85,91,670933108,train
670933089,742.15,45,11:32:58,False,,True,False,741.85,91,670933108,train
670933090,742.17,45,11:32:59,False,,True,False,741.85,91,670933108,train
670933091,742.14,45,11:33:00,False,,True,False,741.85,91,670933108,train
670933092,742.14,45,11:33:01,False,,True,False,741.85,91,670933108,train
670933093,742.17,45,11:33:02,False,,True,False,741.86,91,670933108,train
670933094,742.03,45,11:33:03,False,,True,False,741.86,91,670933108,train
670933095,742.11,45,11:33:04,False,,True,True,741.86,91,670933108,train
670933096,742.09,45,11:33:05,False,,True,True,741.86,91,670933108,train
670933097,742.09,45,11:33:06,False,,True,True,741.86,91,670933108,train
670933098,742.09,45,11:33:07,False,,True,True,741.86,91,670933108,train
670933099,742.07,45,11:33:08,False,,True,True,741.86,91,670933108,train
670933100,742.09,45,11:33:09,False,,True,True,741.86,91,670933108,train
670933101,742.02,45,11:33:10,False,,True,True,741.86,91,670933108,train
670933102,742.08,45,11:33:11,False,,True,True,741.86,91,670933108,train
670933103,742.06,45,11:33:12,False,,True,True,741.86,91,670933108,train
670933104,741.95,45,11:33:13,False,,True,True,741.86,91,670933108,train
670934513,742.3,45,11:56:04,False,,True,False,742.38,92,670934582,train
670934514,742.35,45,11:56:05,False,,True,False,742.38,92,670934582,train
670934515,742.3,45,11:56:06,False,,True,False,742.38,92,670934582,train
670934516,742.28,45,11:56:07,False,,True,False,742.37,92,670934582,train
670934517,742.35,45,11:56:08,False,,True,False,742.37,92,670934582,train
670934518,742.28,45,11:56:09,False,,True,False,742.37,92,670934582,train
670934519,742.28,45,11:56:10,False,,True,False,742.37,92,670934582,train
670934520,742.3,45,11:56:11,False,,True,False,742.37,92,670934582,train
670934521,742.25,45,11:56:12,False,,True,False,742.37,92,670934582,train
670934522,742.32,45,11:56:13,False,,True,False,742.37,92,670934582,train
670934523,742.32,45,11:56:14,False,,True,False,742.37,92,670934582,train
670934524,742.25,45,11:56:15,False,,True,False,742.37,92,670934582,train
670934525,742.3,45,11:56:16,False,,True,False,742.37,92,670934582,train
670934526,742.25,45,11:56:17,False,,True,False,742.37,92,670934582,train
670934527,742.3,45,11:56:18,False,,True,False,742.37,92,670934582,train
670934528,742.32,45,11:56:19,False,,True,False,742.37,92,670934582,train
670934529,742.32,45,11:56:20,False,,True,False,742.37,92,670934582,train
670934530,742.32,45,11:56:21,False,,True,False,742.37,92,670934582,train
670934531,742.34,45,11:56:22,False,,True,False,742.37,92,670934582,train
670934532,742.34,45,11:56:23,False,,True,False,742.37,92,670934582,train
670934533,742.36,45,11:56:24,False,,True,False,742.37,92,670934582,train
670934534,742.36,45,11:56:25,False,,True,False,742.37,92,670934582,train
670934535,742.29,45,11:56:26,False,,True,False,742.37,92,670934582,train
670934536,742.33,45,11:56:27,False,,True,False,742.37,92,670934582,train
670934537,742.33,45,11:56:28,False,,True,False,742.37,92,670934582,train
670934538,742.35,45,11:56:29,False,,True,False,742.37,92,670934582,train
670934539,742.26,45,11:56:30,False,,True,False,742.37,92,670934582,train
670934540,742.28,45,11:56:31,False,,True,False,742.37,92,670934582,train
670934541,742.31,45,11:56:32,False,,True,False,742.37,92,670934582,train
670934542,742.33,45,11:56:33,False,,True,False,742.37,92,670934582,train
670934543,742.28,45,11:56:34,False,,True,False,742.37,92,670934582,train
670934544,742.28,45,11:56:34,False,,True,True,742.37,92,670934582,train
670934545,742.3,45,11:56:35,False,,True,True,742.37,92,670934582,train
670934546,742.3,45,11:56:36,False,,True,True,742.37,92,670934582,train
670934547,742.28,45,11:56:37,False,,True,True,742.37,92,670934582,train
670934548,742.32,45,11:56:38,False,,True,True,742.37,92,670934582,train
670934549,742.31,45,11:56:39,False,,True,True,742.37,92,670934582,train
670934550,742.32,45,11:56:40,False,,True,True,742.37,92,670934582,train
670934551,742.3,45,11:56:41,False,,True,True,742.36,92,670934582,train
670934552,742.35,45,11:56:42,False,,True,True,742.36,92,670934582,train
670934553,742.32,45,11:56:43,False,,True,True,742.36,92,670934582,train
670934554,742.32,45,11:56:44,False,,True,True,742.36,92,670934582,train
670934555,742.32,45,11:56:45,False,,True,True,742.36,92,670934582,train
670934556,742.3,45,11:56:46,False,,True,True,742.36,92,670934582,train
670934557,742.32,45,11:56:47,False,,True,True,742.36,92,670934582,train
670934558,742.3,45,11:56:48,False,,True,True,742.36,92,670934582,train
670934559,742.21,45,11:56:49,False,,True,True,742.36,92,670934582,train
670934560,742.27,45,11:56:50,False,,True,True,742.36,92,670934582,train
670934561,742.21,45,11:56:51,False,,True,True,742.36,92,670934582,train
670934562,742.2,45,11:56:52,False,,True,True,742.36,92,670934582,train
670934563,742.18,45,11:56:53,False,,True,True,742.36,92,670934582,train
670934564,742.12,45,11:56:54,False,,True,True,742.36,92,670934582,train
670934565,742.07,45,11:56:55,False,,True,True,742.36,92,670934582,train
670934566,742.07,45,11:56:56,False,,True,True,742.36,92,670934582,train
670934567,742.07,45,11:56:57,False,,True,True,742.36,92,670934582,train
670934568,742.09,45,11:56:58,False,,True,True,742.36,92,670934582,train
670934569,742.0,45,11:56:59,False,,True,True,742.35,92,670934582,train
670934570,742.0,45,11:57:00,False,,True,True,742.35,92,670934582,train
670934571,742.06,45,11:57:01,False,,True,True,742.35,92,670934582,train
670934572,742.09,45,11:57:02,False,,True,True,742.35,92,670934582,train
670938268,744.95,45,12:57:00,False,,True,False,744.97,93,670938327,train
670938269,744.91,45,12:57:01,False,,True,False,744.97,93,670938327,train
670938270,744.91,45,12:57:02,False,,True,False,744.97,93,670938327,train
670938271,744.89,45,12:57:03,False,,True,False,744.97,93,670938327,train
670938272,744.84,45,12:57:04,False,,True,False,744.97,93,670938327,train
670938273,744.92,45,12:57:05,False,,True,False,744.97,93,670938327,train
670938274,744.84,45,12:57:06,False,,True,False,744.97,93,670938327,train
670938275,744.86,45,12:57:07,False,,True,False,744.97,93,670938327,train
670938276,744.88,45,12:57:08,False,,True,False,744.97,93,670938327,train
670938277,744.88,45,12:57:09,False,,True,False,744.97,93,670938327,train
670938278,744.81,45,12:57:10,False,,True,False,744.97,93,670938327,train
670938279,744.81,45,12:57:11,False,,True,False,744.97,93,670938327,train
670938280,744.85,45,12:57:11,False,,True,False,744.97,93,670938327,train
670938281,744.85,45,12:57:12,False,,True,False,744.97,93,670938327,train
670938282,744.76,45,12:57:13,False,,True,False,744.97,93,670938327,train
670938283,744.81,45,12:57:14,False,,True,False,744.97,93,670938327,train
670938284,744.85,45,12:57:15,False,,True,False,744.97,93,670938327,train
670938285,744.85,45,12:57:16,False,,True,False,744.97,93,670938327,train
670938286,744.85,45,12:57:17,False,,True,False,744.97,93,670938327,train
670938287,744.87,45,12:57:18,False,,True,False,744.97,93,670938327,train
670938288,744.87,45,12:57:19,False,,True,False,744.97,93,670938327,train
670938289,744.87,45,12:57:20,False,,True,False,744.97,93,670938327,train
670938290,744.89,45,12:57:21,False,,True,False,744.97,93,670938327,train
670938291,744.91,45,12:57:22,False,,True,False,744.97,93,670938327,train
670938292,744.93,45,12:57:23,False,,True,False,744.97,93,670938327,train
670938293,744.89,45,12:57:24,False,,True,False,744.97,93,670938327,train
670938294,744.89,45,12:57:25,False,,True,False,744.97,93,670938327,train
670938295,744.96,45,12:57:26,False,,True,False,744.97,93,670938327,train
670938296,744.98,45,12:57:27,False,,True,False,744.97,93,670938327,train
670938297,744.98,45,12:57:28,False,,True,False,744.97,93,670938327,train
670938298,745.07,45,12:57:29,False,,True,False,744.97,93,670938327,train
670938299,745.05,45,12:57:30,False,,True,False,744.97,93,670938327,train
670938300,745.02,45,12:57:31,False,,True,False,744.97,93,670938327,train
670938301,745.0,45,12:57:32,False,,True,False,744.97,93,670938327,train
670938302,745.11,45,12:57:33,False,,True,False,744.97,93,670938327,train
670938303,745.04,45,12:57:34,False,,True,True,744.97,93,670938327,train
670938304,745.08,45,12:57:35,False,,True,True,744.97,93,670938327,train
670938305,745.11,45,12:57:36,False,,True,True,744.97,93,670938327,train
670938306,745.11,45,12:57:37,False,,True,True,744.97,93,670938327,train
670938307,745.13,45,12:57:38,False,,True,True,744.97,93,670938327,train
670938308,745.15,45,12:57:39,False,,True,True,744.97,93,670938327,train
670938309,745.17,45,12:57:40,False,,True,True,744.98,93,670938327,train
670938310,745.12,45,12:57:41,False,,True,True,744.98,93,670938327,train
670938311,745.1,45,12:57:42,False,,True,True,744.98,93,670938327,train
670938312,745.1,45,12:57:43,False,,True,True,744.98,93,670938327,train
670938313,745.05,45,12:57:44,False,,True,True,744.98,93,670938327,train
670938314,745.08,45,12:57:45,False,,True,True,744.98,93,670938327,train
670938315,745.05,45,12:57:46,False,,True,True,744.98,93,670938327,train
670938316,744.8,45,12:57:47,False,,True,True,744.98,93,670938327,train
670938317,744.6,45,12:57:47,False,,True,True,744.98,93,670938327,train
670938318,744.42,45,12:57:48,False,,True,True,744.98,93,670938327,train
670938319,744.48,45,12:57:49,False,,True,True,744.97,93,670938327,train
670938320,744.51,45,12:57:50,False,,True,True,744.97,93,670938327,train
670938321,744.42,45,12:57:51,True,93.0,False,True,744.97,93,670938327,train
670938322,744.39,45,12:57:52,True,93.0,False,True,744.97,93,670938327,train
670938323,744.3,45,12:57:53,True,93.0,True,True,744.97,93,670938327,train
670938324,744.1,45,12:57:54,True,93.0,True,True,744.97,93,670938327,train
670938325,743.94,45,12:57:55,True,93.0,True,True,744.97,93,670938327,train
670938326,743.87,45,12:57:56,True,93.0,True,True,744.96,93,670938327,train
670938327,743.82,45,12:57:57,True,93.0,True,True,744.96,93,670938327,train
670938323,744.3,45,12:57:53,True,93.0,True,True,744.97,94,670938389,train
670938324,744.1,45,12:57:54,True,93.0,True,True,744.97,94,670938389,train
670938325,743.94,45,12:57:55,True,93.0,True,True,744.97,94,670938389,train
670938326,743.87,45,12:57:56,True,93.0,True,True,744.96,94,670938389,train
670938327,743.82,45,12:57:57,True,93.0,True,True,744.96,94,670938389,train
670938328,743.96,45,12:57:58,True,93.0,True,True,744.96,94,670938389,train
670938329,744.05,45,12:57:59,True,93.0,True,True,744.96,94,670938389,train
670938330,744.23,45,12:58:00,True,93.0,True,True,744.96,94,670938389,train
670938331,744.46,45,12:58:01,True,93.0,True,True,744.96,94,670938389,train
670938332,744.5,45,12:58:02,True,93.0,True,True,744.96,94,670938389,train
670938333,744.59,45,12:58:03,False,,True,True,744.96,94,670938389,train
670938334,744.63,45,12:58:04,False,,True,True,744.95,94,670938389,train
670938335,744.65,45,12:58:05,False,,True,True,744.95,94,670938389,train
670938336,744.52,45,12:58:06,False,,True,True,744.95,94,670938389,train
670938337,744.49,45,12:58:07,False,,True,True,744.95,94,670938389,train
670938338,744.6,45,12:58:08,False,,True,True,744.95,94,670938389,train
670938339,744.63,45,12:58:09,False,,True,True,744.95,94,670938389,train
670938340,744.65,45,12:58:10,False,,True,True,744.95,94,670938389,train
670938341,744.67,45,12:58:11,False,,True,True,744.95,94,670938389,train
670938342,744.72,45,12:58:12,False,,True,True,744.95,94,670938389,train
670938343,744.78,45,12:58:13,False,,True,True,744.95,94,670938389,train
670938344,744.81,45,12:58:14,False,,True,True,744.95,94,670938389,train
670938345,744.76,45,12:58:15,False,,True,True,744.95,94,670938389,train
670938346,744.83,45,12:58:16,False,,True,True,744.95,94,670938389,train
670938347,744.78,45,12:58:17,False,,True,True,744.95,94,670938389,train
670938348,744.74,45,12:58:18,False,,True,True,744.95,94,670938389,train
670938349,744.74,45,12:58:19,False,,True,True,744.95,94,670938389,train
670938350,744.8,45,12:58:20,False,,True,True,744.95,94,670938389,train
670938351,744.8,45,12:58:21,False,,True,False,744.95,94,670938389,train
670938352,744.75,45,12:58:22,False,,True,False,744.95,94,670938389,train
670938353,744.69,45,12:58:23,False,,True,False,744.95,94,670938389,train
670938354,744.71,45,12:58:24,False,,True,False,744.95,94,670938389,train
670938355,744.71,45,12:58:24,False,,True,False,744.95,94,670938389,train
670938356,744.73,45,12:58:25,False,,True,False,744.95,94,670938389,train
670938357,744.77,45,12:58:26,False,,True,False,744.95,94,670938389,train
670938358,744.84,45,12:58:27,False,,True,False,744.95,94,670938389,train
670938359,744.79,45,12:58:28,False,,True,False,744.95,94,670938389,train
670938360,744.77,45,12:58:29,False,,True,False,744.95,94,670938389,train
670938361,744.79,45,12:58:30,False,,True,False,744.95,94,670938389,train
670938362,744.84,45,12:58:31,False,,True,False,744.95,94,670938389,train
670938363,744.99,45,12:58:32,False,,True,True,744.95,94,670938389,train
670938364,745.02,45,12:58:33,False,,True,True,744.95,94,670938389,train
670938365,745.06,45,12:58:34,False,,True,True,744.95,94,670938389,train
670938366,744.97,45,12:58:35,False,,True,True,744.95,94,670938389,train
670938367,744.94,45,12:58:36,False,,True,True,744.95,94,670938389,train
670938368,744.92,45,12:58:37,False,,True,True,744.95,94,670938389,train
670938369,744.79,45,12:58:38,False,,True,True,744.95,94,670938389,train
670938370,744.78,45,12:58:39,False,,True,True,744.95,94,670938389,train
670938371,744.72,45,12:58:40,False,,True,True,744.95,94,670938389,train
670938372,744.76,45,12:58:41,False,,True,True,744.95,94,670938389,train
670938373,744.74,45,12:58:42,False,,True,True,744.95,94,670938389,train
670938374,744.74,45,12:58:43,False,,True,True,744.95,94,670938389,train
670938375,744.74,45,12:58:44,False,,True,True,744.95,94,670938389,train
670938376,744.78,45,12:58:45,False,,True,True,744.95,94,670938389,train
670938377,744.73,45,12:58:46,False,,True,True,744.95,94,670938389,train
670938378,744.8,45,12:58:47,False,,True,True,744.95,94,670938389,train
670938379,744.8,45,12:58:48,False,,True,True,744.95,94,670938389,train
670938380,744.67,45,12:58:49,False,,True,True,744.95,94,670938389,train
670938381,744.66,45,12:58:50,False,,True,True,744.95,94,670938389,train
670938382,744.62,45,12:58:51,False,,True,True,744.95,94,670938389,train
670940642,745.5,45,13:35:31,False,,True,False,745.53,95,670940703,train
670940643,745.52,45,13:35:32,False,,True,False,745.53,95,670940703,train
670940644,745.48,45,13:35:33,False,,True,False,745.53,95,670940703,train
670940645,745.55,45,13:35:34,False,,True,False,745.53,95,670940703,train
670940646,745.5,45,13:35:35,False,,True,False,745.53,95,670940703,train
670940647,745.5,45,13:35:36,False,,True,False,745.53,95,670940703,train
670940648,745.52,45,13:35:37,False,,True,False,745.53,95,670940703,train
670940649,745.5,45,13:35:38,False,,True,False,745.53,95,670940703,train
670940650,745.52,45,13:35:39,False,,True,False,745.53,95,670940703,train
670940651,745.52,45,13:35:40,False,,True,False,745.53,95,670940703,train
670940652,745.52,45,13:35:41,False,,True,False,745.53,95,670940703,train
670940653,745.48,45,13:35:42,False,,True,False,745.53,95,670940703,train
670940654,745.54,45,13:35:43,False,,True,False,745.53,95,670940703,train
670940655,745.48,45,13:35:44,False,,True,False,745.53,95,670940703,train
670940656,745.52,45,13:35:45,False,,True,False,745.53,95,670940703,train
670940657,745.5,45,13:35:45,False,,True,False,745.53,95,670940703,train
670940658,745.47,45,13:35:46,False,,True,False,745.53,95,670940703,train
670940659,745.52,45,13:35:47,False,,True,False,745.53,95,670940703,train
670940660,745.52,45,13:35:48,False,,True,False,745.53,95,670940703,train
670940661,745.52,45,13:35:49,False,,True,False,745.53,95,670940703,train
670940662,745.54,45,13:35:50,False,,True,False,745.53,95,670940703,train
670940663,745.52,45,13:35:51,False,,True,False,745.53,95,670940703,train
670940664,745.52,45,13:35:52,False,,True,False,745.53,95,670940703,train
670940665,745.56,45,13:35:53,False,,True,False,745.53,95,670940703,train
670940666,745.54,45,13:35:54,False,,True,False,745.53,95,670940703,train
670940667,745.49,45,13:35:55,False,,True,False,745.53,95,670940703,train
670940668,745.52,45,13:35:56,False,,True,False,745.53,95,670940703,train
670940669,745.49,45,13:35:57,False,,True,False,745.53,95,670940703,train
670940670,745.49,45,13:35:58,False,,True,False,745.53,95,670940703,train
670940671,745.56,45,13:35:59,False,,True,False,745.53,95,670940703,train
670940672,745.52,45,13:36:00,False,,True,False,745.53,95,670940703,train
670940673,745.49,45,13:36:01,False,,True,False,745.53,95,670940703,train
670940674,745.49,45,13:36:02,False,,True,False,745.53,95,670940703,train
670940675,745.45,45,13:36:03,False,,True,False,745.53,95,670940703,train
670940676,745.47,45,13:36:04,False,,True,False,745.53,95,670940703,train
670940677,745.51,45,13:36:05,False,,True,False,745.53,95,670940703,train
670940678,745.44,45,13:36:06,False,,True,False,745.53,95,670940703,train
670940679,745.42,45,13:36:07,False,,True,False,745.53,95,670940703,train
670940680,745.47,45,13:36:08,False,,True,False,745.53,95,670940703,train
670940681,745.47,45,13:36:09,False,,True,False,745.53,95,670940703,train
670940682,745.44,45,13:36:10,False,,True,False,745.53,95,670940703,train
670940683,745.48,45,13:36:11,False,,True,False,745.53,95,670940703,train
670940684,745.44,45,13:36:12,False,,True,False,745.53,95,670940703,train
670940685,745.42,45,13:36:13,False,,True,False,745.53,95,670940703,train
670940686,745.42,45,13:36:14,False,,True,False,745.53,95,670940703,train
670940687,745.42,45,13:36:15,False,,True,False,745.53,95,670940703,train
670940688,745.4,45,13:36:16,False,,True,False,745.53,95,670940703,train
670940689,745.37,45,13:36:17,False,,True,False,745.53,95,670940703,train
670940690,745.46,45,13:36:18,False,,True,False,745.53,95,670940703,train
670940691,745.37,45,13:36:19,False,,True,False,745.53,95,670940703,train
670940692,745.35,45,13:36:20,False,,True,False,745.53,95,670940703,train
670940693,745.37,45,13:36:21,False,,True,False,745.53,95,670940703,train
670940694,745.41,45,13:36:22,False,,True,False,745.53,95,670940703,train
670940695,745.37,45,13:36:22,False,,True,False,745.53,95,670940703,train
670940696,745.37,45,13:36:23,False,,True,False,745.53,95,670940703,train
670940697,745.34,45,13:36:24,False,,True,False,745.53,95,670940703,train
670940698,745.37,45,13:36:25,False,,True,False,745.53,95,670940703,train
670940699,745.25,45,13:36:26,False,,True,True,745.53,95,670940703,train
670940700,745.28,45,13:36:27,False,,True,True,745.53,95,670940703,train
670940701,745.16,45,13:36:28,False,,True,True,745.52,95,670940703,train
670945311,741.01,45,14:51:16,False,,True,False,741.23,96,670945386,train
670945312,741.03,45,14:51:17,False,,True,False,741.23,96,670945386,train
670945313,741.01,45,14:51:18,False,,True,False,741.22,96,670945386,train
670945314,740.98,45,14:51:19,False,,True,False,741.22,96,670945386,train
670945315,740.99,45,14:51:20,False,,True,False,741.22,96,670945386,train
670945316,741.03,45,14:51:21,False,,True,False,741.22,96,670945386,train
670945317,741.05,45,14:51:22,False,,True,False,741.22,96,670945386,train
670945318,741.01,45,14:51:23,False,,True,False,741.22,96,670945386,train
670945319,741.03,45,14:51:24,False,,True,False,741.22,96,670945386,train
670945320,741.03,45,14:51:25,False,,True,False,741.22,96,670945386,train
670945321,741.01,45,14:51:26,False,,True,False,741.22,96,670945386,train
670945322,741.02,45,14:51:27,False,,True,False,741.22,96,670945386,train
670945323,740.96,45,14:51:28,False,,True,False,741.22,96,670945386,train
670945324,741.04,45,14:51:29,False,,True,False,741.21,96,670945386,train
670945325,740.94,45,14:51:30,False,,True,False,741.21,96,670945386,train
670945326,741.0,45,14:51:31,False,,True,True,741.21,96,670945386,train
670945327,741.02,45,14:51:32,False,,True,True,741.21,96,670945386,train
670945328,741.0,45,14:51:33,False,,True,True,741.21,96,670945386,train
670945329,740.96,45,14:51:34,False,,True,True,741.21,96,670945386,train
670945330,740.97,45,14:51:35,False,,True,True,741.21,96,670945386,train
670945331,740.97,45,14:51:36,False,,True,True,741.21,96,670945386,train
670945332,740.95,45,14:51:37,False,,True,True,741.21,96,670945386,train
670945333,740.98,45,14:51:38,False,,True,True,741.21,96,670945386,train
670945334,740.95,45,14:51:39,False,,True,True,741.21,96,670945386,train
670945335,740.95,45,14:51:40,False,,True,True,741.2,96,670945386,train
670945336,740.95,45,14:51:40,False,,True,True,741.2,96,670945386,train
670945337,740.95,45,14:51:41,False,,True,True,741.2,96,670945386,train
670945338,740.98,45,14:51:42,False,,True,True,741.2,96,670945386,train
670945339,740.93,45,14:51:43,False,,True,True,741.2,96,670945386,train
670945340,740.93,45,14:51:44,False,,True,True,741.2,96,670945386,train
670945341,740.97,45,14:51:45,False,,True,True,741.2,96,670945386,train
670945342,740.95,45,14:51:46,False,,True,True,741.2,96,670945386,train
670945343,740.95,45,14:51:47,False,,True,True,741.2,96,670945386,train
670945344,741.02,45,14:51:48,False,,True,True,741.2,96,670945386,train
670945345,740.95,45,14:51:49,False,,True,True,741.2,96,670945386,train
670945346,741.01,45,14:51:50,False,,True,True,741.19,96,670945386,train
670945347,740.95,45,14:51:51,False,,True,True,741.19,96,670945386,train
670945348,740.99,45,14:51:52,False,,True,True,741.19,96,670945386,train
670945349,740.93,45,14:51:53,False,,True,True,741.19,96,670945386,train
670945350,740.95,45,14:51:54,False,,True,True,741.19,96,670945386,train
670945351,740.83,45,14:51:55,False,,True,True,741.19,96,670945386,train
670945352,740.84,45,14:51:56,False,,True,True,741.19,96,670945386,train
670945353,740.91,45,14:51:57,False,,True,True,741.19,96,670945386,train
670945354,740.9,45,14:51:58,False,,True,True,741.19,96,670945386,train
670945355,740.9,45,14:51:59,False,,True,True,741.18,96,670945386,train
670945356,740.88,45,14:52:00,False,,True,True,741.18,96,670945386,train
670945357,740.88,45,14:52:01,False,,True,True,741.18,96,670945386,train
670945358,740.85,45,14:52:02,False,,True,True,741.18,96,670945386,train
670945359,740.88,45,14:52:03,False,,True,True,741.18,96,670945386,train
670945360,740.88,45,14:52:04,False,,True,True,741.18,96,670945386,train
670945361,740.81,45,14:52:05,False,,True,True,741.18,96,670945386,train
670945362,740.81,45,14:52:06,False,,True,True,741.18,96,670945386,train
670945363,740.81,45,14:52:07,False,,True,True,741.18,96,670945386,train
670945364,740.74,45,14:52:08,False,,True,True,741.17,96,670945386,train
670945365,740.74,45,14:52:09,False,,True,True,741.17,96,670945386,train
670945366,740.74,45,14:52:10,False,,True,True,741.17,96,670945386,train
670945367,740.71,45,14:52:11,False,,True,True,741.17,96,670945386,train
670945368,740.69,45,14:52:12,False,,True,True,741.17,96,670945386,train
670945369,740.65,45,14:52:13,False,,True,True,741.17,96,670945386,train
670945370,740.69,45,14:52:14,False,,True,True,741.17,96,670945386,train
670961263,741.95,45,19:10:05,False,,True,True,741.22,97,670961352,train
670961264,742.0,45,19:10:06,False,,True,True,741.23,97,670961352,train
670961265,742.01,45,19:10:07,False,,True,True,741.23,97,670961352,train
670961266,742.04,45,19:10:08,False,,True,True,741.23,97,670961352,train
670961267,741.99,45,19:10:09,False,,True,True,741.24,97,670961352,train
670961268,742.02,45,19:10:10,False,,True,True,741.24,97,670961352,train
670961269,741.99,45,19:10:11,False,,True,True,741.24,97,670961352,train
670961270,742.02,45,19:10:12,False,,True,True,741.24,97,670961352,train
670961271,742.02,45,19:10:13,False,,True,True,741.25,97,670961352,train
670961272,741.99,45,19:10:14,False,,True,True,741.25,97,670961352,train
670961273,742.02,45,19:10:15,False,,True,True,741.25,97,670961352,train
670961274,742.0,45,19:10:16,False,,True,True,741.25,97,670961352,train
670961275,742.04,45,19:10:17,False,,True,True,741.26,97,670961352,train
670961276,742.04,45,19:10:18,False,,True,True,741.26,97,670961352,train
670961277,742.02,45,19:10:19,False,,True,True,741.26,97,670961352,train
670961278,741.95,45,19:10:20,False,,True,True,741.27,97,670961352,train
670961279,742.04,45,19:10:21,False,,True,True,741.27,97,670961352,train
670961280,742.0,45,19:10:22,False,,True,True,741.27,97,670961352,train
670961281,742.02,45,19:10:23,False,,True,True,741.27,97,670961352,train
670961282,742.04,45,19:10:24,False,,True,True,741.28,97,670961352,train
670961283,742.0,45,19:10:25,False,,True,True,741.28,97,670961352,train
670961284,742.04,45,19:10:26,False,,True,True,741.28,97,670961352,train
670961285,742.0,45,19:10:27,False,,True,True,741.28,97,670961352,train
670961286,742.05,45,19:10:28,False,,True,True,741.29,97,670961352,train
670961287,742.04,45,19:10:29,False,,True,True,741.29,97,670961352,train
670961288,741.96,45,19:10:30,False,,True,True,741.29,97,670961352,train
670961289,741.96,45,19:10:31,False,,True,True,741.3,97,670961352,train
670961290,741.98,45,19:10:32,False,,True,True,741.3,97,670961352,train
670961291,742.05,45,19:10:33,False,,True,True,741.3,97,670961352,train
670961292,742.02,45,19:10:34,False,,True,True,741.3,97,670961352,train
670961293,741.98,45,19:10:35,False,,True,True,741.31,97,670961352,train
670961294,742.0,45,19:10:36,False,,True,True,741.31,97,670961352,train
670961295,742.0,45,19:10:37,False,,True,True,741.31,97,670961352,train
670961296,742.03,45,19:10:38,False,,True,True,741.31,97,670961352,train
670961297,741.98,45,19:10:39,False,,True,True,741.32,97,670961352,train
670961298,741.98,45,19:10:40,False,,True,True,741.32,97,670961352,train
670961299,741.98,45,19:10:40,False,,True,True,741.32,97,670961352,train
670961300,741.98,45,19:10:41,False,,True,True,741.32,97,670961352,train
670961301,741.98,45,19:10:42,False,,True,True,741.33,97,670961352,train
670961302,742.03,45,19:10:43,False,,True,True,741.33,97,670961352,train
670961303,741.98,45,19:10:44,False,,True,True,741.33,97,670961352,train
670961304,742.05,45,19:10:45,False,,True,True,741.33,97,670961352,train
670961305,741.98,45,19:10:46,False,,True,True,741.34,97,670961352,train
670961306,741.99,45,19:10:47,False,,True,True,741.34,97,670961352,train
670961307,741.96,45,19:10:48,False,,True,True,741.34,97,670961352,train
670961308,741.96,45,19:10:49,False,,True,True,741.34,97,670961352,train
670961309,741.96,45,19:10:50,False,,True,True,741.35,97,670961352,train
670961310,741.94,45,19:10:51,False,,True,True,741.35,97,670961352,train
670961311,741.96,45,19:10:52,False,,True,True,741.35,97,670961352,train
670961312,741.96,45,19:10:53,False,,True,True,741.35,97,670961352,train
670961313,741.94,45,19:10:54,False,,True,True,741.36,97,670961352,train
670961314,741.94,45,19:10:55,False,,True,True,741.36,97,670961352,train
670961315,741.94,45,19:10:56,False,,True,True,741.36,97,670961352,train
670961316,741.92,45,19:10:57,False,,True,True,741.36,97,670961352,train
670961317,741.94,45,19:10:58,False,,True,True,741.36,97,670961352,train
670961318,741.94,45,19:10:59,False,,True,True,741.37,97,670961352,train
670961319,741.88,45,19:11:00,False,,True,True,741.37,97,670961352,train
670961320,741.94,45,19:11:01,False,,True,True,741.37,97,670961352,train
670961321,741.9,45,19:11:02,False,,True,True,741.37,97,670961352,train
670961322,741.88,45,19:11:03,False,,True,True,741.38,97,670961352,train
671024044,745.3,46,12:08:43,False,,True,False,745.03,98,671024106,train
671024045,745.32,46,12:08:44,False,,True,False,745.03,98,671024106,train
671024046,745.37,46,12:08:45,False,,True,False,745.03,98,671024106,train
671024047,745.41,46,12:08:46,False,,True,False,745.03,98,671024106,train
671024048,745.36,46,12:08:47,False,,True,False,745.03,98,671024106,train
671024049,745.38,46,12:08:48,False,,True,False,745.03,98,671024106,train
671024050,745.38,46,12:08:49,False,,True,False,745.03,98,671024106,train
671024051,745.33,46,12:08:50,False,,True,False,745.03,98,671024106,train
671024052,745.31,46,12:08:51,False,,True,False,745.04,98,671024106,train
671024053,745.35,46,12:08:52,False,,True,False,745.04,98,671024106,train
671024054,745.35,46,12:08:53,False,,True,False,745.04,98,671024106,train
671024055,745.33,46,12:08:53,False,,True,False,745.04,98,671024106,train
671024056,745.37,46,12:08:54,False,,True,False,745.04,98,671024106,train
671024057,745.37,46,12:08:55,False,,True,False,745.04,98,671024106,train
671024058,745.36,46,12:08:56,False,,True,False,745.04,98,671024106,train
671024059,745.37,46,12:08:57,False,,True,False,745.04,98,671024106,train
671024060,745.39,46,12:08:58,False,,True,False,745.04,98,671024106,train
671024061,745.32,46,12:08:59,False,,True,False,745.05,98,671024106,train
671024062,745.34,46,12:09:00,False,,True,False,745.05,98,671024106,train
671024063,745.34,46,12:09:01,False,,True,False,745.05,98,671024106,train
671024064,745.31,46,12:09:02,False,,True,False,745.05,98,671024106,train
671024065,745.29,46,12:09:03,False,,True,False,745.05,98,671024106,train
671024066,745.38,46,12:09:04,False,,True,False,745.05,98,671024106,train
671024067,745.29,46,12:09:05,False,,True,False,745.05,98,671024106,train
671024068,745.35,46,12:09:06,False,,True,False,745.05,98,671024106,train
671024069,745.28,46,12:09:07,False,,True,False,745.05,98,671024106,train
671024070,745.31,46,12:09:08,False,,True,False,745.05,98,671024106,train
671024071,745.28,46,12:09:09,False,,True,False,745.05,98,671024106,train
671024072,745.32,46,12:09:10,False,,True,False,745.05,98,671024106,train
671024073,745.26,46,12:09:11,False,,True,False,745.06,98,671024106,train
671024074,745.34,46,12:09:12,False,,True,False,745.06,98,671024106,train
671024075,745.29,46,12:09:13,False,,True,False,745.06,98,671024106,train
671024076,745.34,46,12:09:14,False,,True,False,745.06,98,671024106,train
671024077,745.27,46,12:09:15,False,,True,False,745.06,98,671024106,train
671024078,745.33,46,12:09:16,False,,True,False,745.06,98,671024106,train
671024079,745.25,46,12:09:17,False,,True,False,745.06,98,671024106,train
671024080,745.26,46,12:09:18,False,,True,False,745.06,98,671024106,train
671024081,745.26,46,12:09:19,False,,True,False,745.06,98,671024106,train
671024082,745.26,46,12:09:20,False,,True,False,745.06,98,671024106,train
671024083,745.24,46,12:09:21,False,,True,False,745.06,98,671024106,train
671024084,745.26,46,12:09:22,False,,True,False,745.06,98,671024106,train
671024085,745.24,46,12:09:23,False,,True,False,745.07,98,671024106,train
671024086,745.19,46,12:09:24,False,,True,False,745.07,98,671024106,train
671024087,745.23,46,12:09:25,False,,True,False,745.07,98,671024106,train
671024088,745.25,46,12:09:26,False,,True,False,745.07,98,671024106,train
671024089,745.2,46,12:09:27,False,,True,False,745.07,98,671024106,train
671024090,745.18,46,12:09:28,False,,True,False,745.07,98,671024106,train
671024091,745.23,46,12:09:29,False,,True,False,745.07,98,671024106,train
671024092,745.2,46,12:09:29,False,,True,False,745.07,98,671024106,train
671024093,745.18,46,12:09:30,False,,True,False,745.07,98,671024106,train
671024094,745.15,46,12:09:31,False,,True,False,745.07,98,671024106,train
671024095,745.19,46,12:09:32,False,,True,False,745.07,98,671024106,train
671024096,745.17,46,12:09:33,False,,True,False,745.07,98,671024106,train
671024097,745.19,46,12:09:34,False,,True,True,745.07,98,671024106,train
671024098,745.17,46,12:09:35,False,,True,True,745.07,98,671024106,train
671024099,745.19,46,12:09:36,False,,True,True,745.08,98,671024106,train
671024100,745.19,46,12:09:37,False,,True,True,745.08,98,671024106,train
671024101,745.14,46,12:09:38,False,,True,True,745.08,98,671024106,train
671024102,745.07,46,12:09:39,False,,True,True,745.08,98,671024106,train
671024103,745.03,46,12:09:40,False,,True,True,745.08,98,671024106,train
671027784,747.39,46,13:09:24,False,,True,True,747.29,99,671027864,train
671027785,747.4,46,13:09:25,False,,True,True,747.29,99,671027864,train
671027786,747.36,46,13:09:26,False,,True,True,747.29,99,671027864,train
671027787,747.36,46,13:09:27,False,,True,True,747.29,99,671027864,train
671027788,747.33,46,13:09:28,False,,True,True,747.29,99,671027864,train
671027789,747.35,46,13:09:29,False,,True,True,747.29,99,671027864,train
671027790,747.36,46,13:09:30,False,,True,True,747.29,99,671027864,train
671027791,747.29,46,13:09:30,False,,True,True,747.29,99,671027864,train
671027792,747.33,46,13:09:31,False,,True,True,747.29,99,671027864,train
671027793,747.37,46,13:09:32,False,,True,True,747.29,99,671027864,train
671027794,747.38,46,13:09:33,False,,True,True,747.29,99,671027864,train
671027795,747.33,46,13:09:34,False,,True,True,747.29,99,671027864,train
671027796,747.37,46,13:09:35,False,,True,True,747.29,99,671027864,train
671027797,747.31,46,13:09:36,False,,True,True,747.29,99,671027864,train
671027798,747.33,46,13:09:37,False,,True,True,747.29,99,671027864,train
671027799,747.28,46,13:09:38,False,,True,True,747.29,99,671027864,train
671027800,747.28,46,13:09:39,False,,True,True,747.29,99,671027864,train
671027801,747.3,46,13:09:40,False,,True,True,747.29,99,671027864,train
671027802,747.28,46,13:09:41,False,,True,True,747.29,99,671027864,train
671027803,747.34,46,13:09:42,False,,True,True,747.3,99,671027864,train
671027804,747.32,46,13:09:43,False,,True,True,747.3,99,671027864,train
671027805,747.3,46,13:09:44,False,,True,True,747.3,99,671027864,train
671027806,747.32,46,13:09:45,False,,True,True,747.3,99,671027864,train
671027807,747.3,46,13:09:46,False,,True,True,747.3,99,671027864,train
671027808,747.27,46,13:09:47,False,,True,True,747.3,99,671027864,train
671027809,747.32,46,13:09:48,False,,True,True,747.3,99,671027864,train
671027810,747.29,46,13:09:49,False,,True,True,747.3,99,671027864,train
671027811,747.29,46,13:09:50,False,,True,True,747.3,99,671027864,train
671027812,747.25,46,13:09:51,False,,True,True,747.3,99,671027864,train
671027813,747.36,46,13:09:52,False,,True,True,747.3,99,671027864,train
671027814,747.29,46,13:09:53,False,,True,True,747.3,99,671027864,train
671027815,747.29,46,13:09:54,False,,True,True,747.3,99,671027864,train
671027816,747.24,46,13:09:55,False,,True,True,747.3,99,671027864,train
671027817,747.22,46,13:09:56,False,,True,True,747.3,99,671027864,train
671027818,747.29,46,13:09:57,False,,True,True,747.3,99,671027864,train
671027819,747.29,46,13:09:58,False,,True,True,747.3,99,671027864,train
671027820,747.26,46,13:09:59,False,,True,True,747.3,99,671027864,train
671027821,747.22,46,13:10:00,False,,True,True,747.3,99,671027864,train
671027822,747.31,46,13:10:01,False,,True,True,747.3,99,671027864,train
671027823,747.22,46,13:10:02,False,,True,True,747.3,99,671027864,train
671027824,747.26,46,13:10:03,False,,True,True,747.31,99,671027864,train
671027825,747.21,46,13:10:04,False,,True,True,747.31,99,671027864,train
671027826,747.21,46,13:10:05,False,,True,True,747.31,99,671027864,train
671027827,747.21,46,13:10:06,False,,True,True,747.31,99,671027864,train
671027828,747.25,46,13:10:06,False,,True,True,747.31,99,671027864,train
671027829,747.19,46,13:10:07,False,,True,True,747.31,99,671027864,train
671027830,747.16,46,13:10:08,False,,True,True,747.31,99,671027864,train
671027831,747.23,46,13:10:09,False,,True,True,747.31,99,671027864,train
671027832,747.16,46,13:10:10,False,,True,True,747.31,99,671027864,train
671027833,747.23,46,13:10:11,False,,True,True,747.31,99,671027864,train
671027834,747.22,46,13:10:12,False,,True,True,747.31,99,671027864,train
671027835,747.18,46,13:10:13,False,,True,True,747.31,99,671027864,train
671027836,747.25,46,13:10:14,False,,True,True,747.31,99,671027864,train
671027837,747.24,46,13:10:15,False,,True,True,747.31,99,671027864,train
671027838,747.24,46,13:10:16,False,,True,True,747.31,99,671027864,train
671027839,747.18,46,13:10:17,False,,True,True,747.31,99,671027864,train
671027840,747.16,46,13:10:18,False,,True,True,747.31,99,671027864,train
671027841,747.2,46,13:10:19,False,,True,True,747.31,99,671027864,train
671027842,747.18,46,13:10:20,False,,True,True,747.31,99,671027864,train
671027843,747.11,46,13:10:21,False,,True,True,747.31,99,671027864,train
671027911,747.41,46,13:11:27,False,,True,True,747.29,100,671027972,train
671027912,747.43,46,13:11:28,False,,True,True,747.29,100,671027972,train
671027913,747.41,46,13:11:29,False,,True,True,747.29,100,671027972,train
671027914,747.47,46,13:11:30,False,,True,True,747.29,100,671027972,train
671027915,747.51,46,13:11:31,False,,True,True,747.29,100,671027972,train
671027916,747.42,46,13:11:32,False,,True,True,747.29,100,671027972,train
671027917,747.36,46,13:11:33,False,,True,True,747.29,100,671027972,train
671027918,747.42,46,13:11:34,False,,True,True,747.29,100,671027972,train
671027919,747.42,46,13:11:35,False,,True,True,747.3,100,671027972,train
671027920,747.44,46,13:11:36,False,,True,True,747.3,100,671027972,train
671027921,747.42,46,13:11:37,False,,True,True,747.3,100,671027972,train
671027922,747.46,46,13:11:38,False,,True,True,747.3,100,671027972,train
671027923,747.42,46,13:11:39,False,,True,True,747.3,100,671027972,train
671027924,747.42,46,13:11:40,False,,True,True,747.3,100,671027972,train
671027925,747.39,46,13:11:41,False,,True,True,747.3,100,671027972,train
671027926,747.46,46,13:11:42,False,,True,True,747.3,100,671027972,train
671027927,747.44,46,13:11:43,False,,True,True,747.3,100,671027972,train
671027928,747.46,46,13:11:44,False,,True,True,747.3,100,671027972,train
671027929,747.39,46,13:11:45,False,,True,True,747.3,100,671027972,train
671027930,747.41,46,13:11:46,False,,True,True,747.3,100,671027972,train
671027931,747.43,46,13:11:47,False,,True,True,747.3,100,671027972,train
671027932,747.41,46,13:11:48,False,,True,True,747.3,100,671027972,train
671027933,747.41,46,13:11:49,False,,True,True,747.3,100,671027972,train
671027934,747.41,46,13:11:50,False,,True,True,747.3,100,671027972,train
671027935,747.43,46,13:11:51,False,,True,True,747.3,100,671027972,train
671027936,747.41,46,13:11:52,False,,True,True,747.3,100,671027972,train
671027937,747.43,46,13:11:53,False,,True,True,747.3,100,671027972,train
671027938,747.36,46,13:11:54,False,,True,True,747.3,100,671027972,train
671027939,747.38,46,13:11:55,False,,True,True,747.3,100,671027972,train
671027940,747.45,46,13:11:56,False,,True,True,747.3,100,671027972,train
671027941,747.34,46,13:11:57,False,,True,True,747.3,100,671027972,train
671027942,747.36,46,13:11:57,False,,True,True,747.31,100,671027972,train
671027943,747.35,46,13:11:58,False,,True,True,747.31,100,671027972,train
671027944,747.44,46,13:11:59,False,,True,True,747.31,100,671027972,train
671027945,747.4,46,13:12:00,False,,True,True,747.31,100,671027972,train
671027946,747.42,46,13:12:01,False,,True,False,747.31,100,671027972,train
671027947,747.42,46,13:12:02,False,,True,False,747.31,100,671027972,train
671027948,747.44,46,13:12:03,False,,True,False,747.31,100,671027972,train
671027949,747.46,46,13:12:04,False,,True,False,747.31,100,671027972,train
671027950,747.46,46,13:12:05,False,,True,False,747.31,100,671027972,train
671027951,747.48,46,13:12:06,False,,True,False,747.31,100,671027972,train
671027952,747.46,46,13:12:07,False,,True,False,747.31,100,671027972,train
671027953,747.46,46,13:12:08,False,,True,False,747.31,100,671027972,train
671027954,747.44,46,13:12:09,False,,True,False,747.31,100,671027972,train
671027955,747.43,46,13:12:10,False,,True,False,747.31,100,671027972,train
671027956,747.41,46,13:12:11,False,,True,False,747.31,100,671027972,train
671027957,747.41,46,13:12:12,False,,True,False,747.31,100,671027972,train
671027958,747.39,46,13:12:13,False,,True,False,747.31,100,671027972,train
671027959,747.36,46,13:12:14,False,,True,False,747.31,100,671027972,train
671027960,747.34,46,13:12:15,False,,True,False,747.31,100,671027972,train
671027961,747.38,46,13:12:16,False,,True,False,747.31,100,671027972,train
671027962,747.25,46,13:12:17,False,,True,False,747.31,100,671027972,train
671027963,747.29,46,13:12:18,False,,True,False,747.31,100,671027972,train
671027964,747.24,46,13:12:19,False,,True,False,747.31,100,671027972,train
671027965,747.2,46,13:12:20,False,,True,False,747.31,100,671027972,train
671027966,747.25,46,13:12:21,False,,True,False,747.31,100,671027972,train
671027967,747.27,46,13:12:22,False,,True,False,747.31,100,671027972,train
671027968,747.22,46,13:12:23,False,,True,True,747.31,100,671027972,train
671027969,747.17,46,13:12:24,False,,True,True,747.31,100,671027972,train
671027970,747.01,46,13:12:25,False,,True,True,747.31,100,671027972,train
671033753,742.91,46,14:46:14,False,,True,True,743.32,101,671033906,train
671033754,742.94,46,14:46:15,False,,True,True,743.32,101,671033906,train
671033755,742.93,46,14:46:16,False,,True,True,743.32,101,671033906,train
671033756,742.98,46,14:46:17,False,,True,True,743.31,101,671033906,train
671033757,742.98,46,14:46:18,False,,True,True,743.31,101,671033906,train
671033758,743.07,46,14:46:19,False,,True,True,743.31,101,671033906,train
671033759,743.0,46,14:46:20,False,,True,True,743.31,101,671033906,train
671033760,743.11,46,14:46:21,False,,True,True,743.31,101,671033906,train
671033761,743.09,46,14:46:22,False,,True,True,743.31,101,671033906,train
671033762,743.09,46,14:46:23,False,,True,True,743.31,101,671033906,train
671033763,743.16,46,14:46:24,False,,True,True,743.3,101,671033906,train
671033764,743.11,46,14:46:25,False,,True,True,743.3,101,671033906,train
671033765,743.11,46,14:46:26,False,,True,True,743.3,101,671033906,train
671033766,743.11,46,14:46:27,False,,True,True,743.3,101,671033906,train
671033767,743.16,46,14:46:28,False,,True,True,743.3,101,671033906,train
671033768,743.13,46,14:46:29,False,,True,True,743.3,101,671033906,train
671033769,743.13,46,14:46:30,False,,True,True,743.3,101,671033906,train
671033770,743.13,46,14:46:31,False,,True,True,743.3,101,671033906,train
671033771,743.09,46,14:46:32,False,,True,True,743.29,101,671033906,train
671033772,743.14,46,14:46:33,False,,True,True,743.29,101,671033906,train
671033773,743.12,46,14:46:34,False,,True,True,743.29,101,671033906,train
671033774,743.11,46,14:46:35,False,,True,True,743.29,101,671033906,train
671033775,743.07,46,14:46:36,False,,True,True,743.29,101,671033906,train
671033776,743.09,46,14:46:37,False,,True,True,743.29,101,671033906,train
671033777,743.05,46,14:46:38,False,,True,True,743.29,101,671033906,train
671033778,743.03,46,14:46:39,False,,True,True,743.29,101,671033906,train
671033779,743.09,46,14:46:40,False,,True,True,743.29,101,671033906,train
671033780,743.04,46,14:46:41,False,,True,True,743.28,101,671033906,train
671033781,743.04,46,14:46:42,False,,True,True,743.28,101,671033906,train
671033782,743.02,46,14:46:43,False,,True,True,743.28,101,671033906,train
671033783,743.07,46,14:46:44,False,,True,True,743.28,101,671033906,train
671033784,743.0,46,14:46:45,False,,True,True,743.28,101,671033906,train
671033785,743.04,46,14:46:46,False,,True,True,743.28,101,671033906,train
671033786,743.02,46,14:46:47,False,,True,True,743.28,101,671033906,train
671033787,743.02,46,14:46:48,False,,True,True,743.27,101,671033906,train
671033788,742.97,46,14:46:49,False,,True,True,743.27,101,671033906,train
671033789,743.02,46,14:46:50,False,,True,True,743.27,101,671033906,train
671033790,742.95,46,14:46:51,False,,True,True,743.27,101,671033906,train
671033791,742.97,46,14:46:51,False,,True,True,743.27,101,671033906,train
671033792,742.95,46,14:46:52,False,,True,True,743.27,101,671033906,train
671033793,742.91,46,14:46:53,False,,True,True,743.27,101,671033906,train
671033794,742.93,46,14:46:54,False,,True,True,743.26,101,671033906,train
671033795,742.95,46,14:46:55,False,,True,True,743.26,101,671033906,train
671033796,742.93,46,14:46:56,False,,True,True,743.26,101,671033906,train
671033797,742.93,46,14:46:57,False,,True,True,743.26,101,671033906,train
671033798,742.88,46,14:46:58,False,,True,True,743.26,101,671033906,train
671033799,742.88,46,14:46:59,False,,True,True,743.26,101,671033906,train
671033800,742.97,46,14:47:00,False,,True,True,743.26,101,671033906,train
671033801,742.93,46,14:47:01,False,,True,True,743.25,101,671033906,train
671033802,742.88,46,14:47:02,False,,True,True,743.25,101,671033906,train
671033803,742.9,46,14:47:03,False,,True,True,743.25,101,671033906,train
671033804,742.86,46,14:47:04,False,,True,True,743.25,101,671033906,train
671033805,742.9,46,14:47:05,False,,True,True,743.25,101,671033906,train
671033806,742.82,46,14:47:06,False,,True,True,743.25,101,671033906,train
671033807,742.89,46,14:47:07,False,,True,True,743.24,101,671033906,train
671033808,742.84,46,14:47:08,False,,True,True,743.24,101,671033906,train
671033809,742.86,46,14:47:09,False,,True,True,743.24,101,671033906,train
671033810,742.86,46,14:47:10,False,,True,True,743.24,101,671033906,train
671033811,742.88,46,14:47:11,False,,True,True,743.24,101,671033906,train
671033812,742.9,46,14:47:12,False,,True,True,743.24,101,671033906,train
671039135,738.97,46,16:13:34,False,,True,False,739.19,102,671039200,train
671039136,739.01,46,16:13:35,False,,True,False,739.19,102,671039200,train
671039137,739.02,46,16:13:36,False,,True,False,739.19,102,671039200,train
671039138,739.04,46,16:13:37,False,,True,False,739.19,102,671039200,train
671039139,739.02,46,16:13:38,False,,True,False,739.19,102,671039200,train
671039140,739.02,46,16:13:39,False,,True,False,739.19,102,671039200,train
671039141,739.08,46,16:13:40,False,,True,False,739.18,102,671039200,train
671039142,739.04,46,16:13:41,False,,True,False,739.18,102,671039200,train
671039143,739.04,46,16:13:42,False,,True,False,739.18,102,671039200,train
671039144,739.08,46,16:13:43,False,,True,False,739.18,102,671039200,train
671039145,739.04,46,16:13:44,False,,True,False,739.18,102,671039200,train
671039146,739.09,46,16:13:45,False,,True,False,739.18,102,671039200,train
671039147,739.04,46,16:13:46,False,,True,False,739.18,102,671039200,train
671039148,739.06,46,16:13:47,False,,True,False,739.18,102,671039200,train
671039149,739.02,46,16:13:47,False,,True,False,739.18,102,671039200,train
671039150,738.99,46,16:13:48,False,,True,False,739.18,102,671039200,train
671039151,739.08,46,16:13:49,False,,True,False,739.18,102,671039200,train
671039152,739.06,46,16:13:50,False,,True,False,739.18,102,671039200,train
671039153,739.09,46,16:13:51,False,,True,False,739.18,102,671039200,train
671039154,739.09,46,16:13:52,False,,True,False,739.18,102,671039200,train
671039155,739.09,46,16:13:53,False,,True,False,739.18,102,671039200,train
671039156,739.07,46,16:13:54,False,,True,False,739.18,102,671039200,train
671039157,739.11,46,16:13:55,False,,True,False,739.18,102,671039200,train
671039158,739.09,46,16:13:56,False,,True,False,739.18,102,671039200,train
671039159,739.09,46,16:13:57,False,,True,False,739.18,102,671039200,train
671039160,739.09,46,16:13:58,False,,True,False,739.18,102,671039200,train
671039161,739.04,46,16:13:59,False,,True,False,739.18,102,671039200,train
671039162,739.04,46,16:14:00,False,,True,False,739.18,102,671039200,train
671039163,739.04,46,16:14:01,False,,True,False,739.18,102,671039200,train
671039164,739.06,46,16:14:02,False,,True,False,739.17,102,671039200,train
671039165,739.08,46,16:14:03,False,,True,False,739.17,102,671039200,train
671039166,739.11,46,16:14:04,False,,True,False,739.17,102,671039200,train
671039167,739.11,46,16:14:05,False,,True,False,739.17,102,671039200,train
671039168,739.09,46,16:14:06,False,,True,False,739.17,102,671039200,train
671039169,739.09,46,16:14:07,False,,True,False,739.17,102,671039200,train
671039170,739.11,46,16:14:08,False,,True,False,739.17,102,671039200,train
671039171,739.13,46,16:14:09,False,,True,False,739.17,102,671039200,train
671039172,739.09,46,16:14:10,False,,True,False,739.17,102,671039200,train
671039173,739.16,46,16:14:11,False,,True,False,739.17,102,671039200,train
671039174,739.16,46,16:14:12,False,,True,False,739.17,102,671039200,train
671039175,739.14,46,16:14:13,False,,True,False,739.17,102,671039200,train
671039176,739.2,46,16:14:14,False,,True,False,739.17,102,671039200,train
671039177,739.07,46,16:14:15,False,,True,False,739.17,102,671039200,train
671039178,739.05,46,16:14:16,False,,True,False,739.17,102,671039200,train
671039179,739.04,46,16:14:17,False,,True,False,739.17,102,671039200,train
671039180,739.11,46,16:14:18,False,,True,True,739.17,102,671039200,train
671039181,739.13,46,16:14:19,False,,True,True,739.17,102,671039200,train
671039182,739.03,46,16:14:20,False,,True,True,739.17,102,671039200,train
671039183,739.09,46,16:14:21,False,,True,True,739.17,102,671039200,train
671039184,739.05,46,16:14:22,False,,True,True,739.17,102,671039200,train
671039185,738.96,46,16:14:23,False,,True,True,739.17,102,671039200,train
671039186,739.03,46,16:14:24,False,,True,True,739.17,102,671039200,train
671039187,739.03,46,16:14:24,False,,True,True,739.17,102,671039200,train
671039188,739.09,46,16:14:25,False,,True,True,739.17,102,671039200,train
671039189,739.14,46,16:14:26,False,,True,True,739.17,102,671039200,train
671039190,739.09,46,16:14:27,False,,True,True,739.17,102,671039200,train
671039191,739.07,46,16:14:28,False,,True,True,739.17,102,671039200,train
671039192,739.11,46,16:14:29,False,,True,True,739.17,102,671039200,train
671039193,739.07,46,16:14:30,False,,True,True,739.17,102,671039200,train
671039194,738.96,46,16:14:31,False,,True,True,739.17,102,671039200,train
671109258,742.08,47,11:11:19,False,,True,True,742.25,103,671109364,train
671109259,742.1,47,11:11:20,False,,True,True,742.25,103,671109364,train
671109260,742.12,47,11:11:21,False,,True,True,742.25,103,671109364,train
671109261,742.08,47,11:11:22,False,,True,True,742.25,103,671109364,train
671109262,742.05,47,11:11:23,False,,True,True,742.25,103,671109364,train
671109263,742.03,47,11:11:23,False,,True,True,742.25,103,671109364,train
671109264,742.03,47,11:11:24,False,,True,True,742.25,103,671109364,train
671109265,742.12,47,11:11:25,False,,True,True,742.25,103,671109364,train
671109266,742.09,47,11:11:26,False,,True,True,742.25,103,671109364,train
671109267,742.04,47,11:11:27,False,,True,True,742.25,103,671109364,train
671109268,742.05,47,11:11:28,False,,True,True,742.25,103,671109364,train
671109269,742.05,47,11:11:29,False,,True,True,742.25,103,671109364,train
671109270,742.02,47,11:11:30,False,,True,True,742.25,103,671109364,train
671109271,742.04,47,11:11:31,False,,True,True,742.25,103,671109364,train
671109272,741.99,47,11:11:32,False,,True,True,742.25,103,671109364,train
671109273,742.04,47,11:11:33,False,,True,True,742.25,103,671109364,train
671109274,742.06,47,11:11:34,False,,True,True,742.25,103,671109364,train
671109275,742.02,47,11:11:35,False,,True,True,742.25,103,671109364,train
671109276,742.1,47,11:11:36,False,,True,True,742.25,103,671109364,train
671109277,742.06,47,11:11:37,False,,True,True,742.25,103,671109364,train
671109278,742.06,47,11:11:38,False,,True,True,742.25,103,671109364,train
671109279,742.06,47,11:11:39,False,,True,True,742.25,103,671109364,train
671109280,742.06,47,11:11:40,False,,True,True,742.25,103,671109364,train
671109281,742.05,47,11:11:41,False,,True,True,742.25,103,671109364,train
671109282,742.1,47,11:11:42,False,,True,True,742.25,103,671109364,train
671109283,742.11,47,11:11:43,False,,True,True,742.25,103,671109364,train
671109284,742.07,47,11:11:44,False,,True,True,742.25,103,671109364,train
671109285,742.07,47,11:11:45,False,,True,True,742.25,103,671109364,train
671109286,742.0,47,11:11:46,False,,True,True,742.25,103,671109364,train
671109287,742.09,47,11:11:47,False,,True,True,742.25,103,671109364,train
671109288,742.09,47,11:11:48,False,,True,True,742.25,103,671109364,train
671109289,742.06,47,11:11:49,False,,True,True,742.24,103,671109364,train
671109290,742.04,47,11:11:50,False,,True,True,742.24,103,671109364,train
671109291,742.06,47,11:11:51,False,,True,True,742.24,103,671109364,train
671109292,742.06,47,11:11:52,False,,True,True,742.24,103,671109364,train
671109293,742.03,47,11:11:53,False,,True,True,742.24,103,671109364,train
671109294,742.01,47,11:11:54,False,,True,True,742.24,103,671109364,train
671109295,742.08,47,11:11:55,False,,True,True,742.24,103,671109364,train
671109296,742.05,47,11:11:56,False,,True,True,742.24,103,671109364,train
671109297,742.05,47,11:11:57,False,,True,True,742.24,103,671109364,train
671109298,742.03,47,11:11:58,False,,True,True,742.24,103,671109364,train
671109299,742.05,47,11:11:59,False,,True,True,742.24,103,671109364,train
671109300,742.05,47,11:12:00,False,,True,True,742.24,103,671109364,train
671109301,742.07,47,11:12:00,False,,True,True,742.24,103,671109364,train
671109302,742.09,47,11:12:01,False,,True,True,742.24,103,671109364,train
671109303,742.04,47,11:12:02,False,,True,True,742.24,103,671109364,train
671109304,742.04,47,11:12:03,False,,True,True,742.24,103,671109364,train
671109305,742.06,47,11:12:04,False,,True,True,742.24,103,671109364,train
671109306,742.06,47,11:12:05,False,,True,True,742.24,103,671109364,train
671109307,742.06,47,11:12:06,False,,True,True,742.24,103,671109364,train
671109308,742.04,47,11:12:07,False,,True,True,742.24,103,671109364,train
671109309,742.06,47,11:12:08,False,,True,True,742.23,103,671109364,train
671109310,742.03,47,11:12:09,False,,True,True,742.23,103,671109364,train
671109311,742.03,47,11:12:10,False,,True,True,742.23,103,671109364,train
671109312,742.05,47,11:12:11,False,,True,True,742.23,103,671109364,train
671109313,742.05,47,11:12:12,False,,True,True,742.23,103,671109364,train
671109314,742.03,47,11:12:13,False,,True,True,742.23,103,671109364,train
671109315,742.05,47,11:12:14,False,,True,True,742.23,103,671109364,train
671109316,742.03,47,11:12:15,False,,True,True,742.23,103,671109364,train
671109317,742.05,47,11:12:16,False,,True,True,742.23,103,671109364,train
671113843,745.07,47,12:25:42,False,,True,False,744.87,104,671113914,train
671113844,745.05,47,12:25:43,False,,True,False,744.87,104,671113914,train
671113845,745.04,47,12:25:44,False,,True,False,744.87,104,671113914,train
671113846,745.0,47,12:25:45,False,,True,False,744.87,104,671113914,train
671113847,745.0,47,12:25:46,False,,True,False,744.87,104,671113914,train
671113848,745.04,47,12:25:47,False,,True,False,744.88,104,671113914,train
671113849,745.04,47,12:25:48,False,,True,False,744.88,104,671113914,train
671113850,744.99,47,12:25:49,False,,True,False,744.88,104,671113914,train
671113851,745.03,47,12:25:50,False,,True,False,744.88,104,671113914,train
671113852,745.03,47,12:25:51,False,,True,False,744.88,104,671113914,train
671113853,745.03,47,12:25:52,False,,True,False,744.88,104,671113914,train
671113854,745.01,47,12:25:53,False,,True,False,744.88,104,671113914,train
671113855,744.94,47,12:25:54,False,,True,False,744.88,104,671113914,train
671113856,745.03,47,12:25:55,False,,True,False,744.88,104,671113914,train
671113857,745.03,47,12:25:56,False,,True,False,744.88,104,671113914,train
671113858,745.03,47,12:25:57,False,,True,False,744.88,104,671113914,train
671113859,745.01,47,12:25:58,False,,True,False,744.89,104,671113914,train
671113860,744.99,47,12:25:59,False,,True,False,744.89,104,671113914,train
671113861,745.03,47,12:26:00,False,,True,False,744.89,104,671113914,train
671113862,745.01,47,12:26:01,False,,True,False,744.89,104,671113914,train
671113863,745.03,47,12:26:02,False,,True,False,744.89,104,671113914,train
671113864,745.07,47,12:26:03,False,,True,False,744.89,104,671113914,train
671113865,745.05,47,12:26:04,False,,True,False,744.89,104,671113914,train
671113866,745.02,47,12:26:05,False,,True,False,744.89,104,671113914,train
671113867,745.0,47,12:26:05,False,,True,False,744.89,104,671113914,train
671113868,745.04,47,12:26:06,False,,True,True,744.89,104,671113914,train
671113869,745.02,47,12:26:07,False,,True,True,744.89,104,671113914,train
671113870,745.02,47,12:26:08,False,,True,True,744.89,104,671113914,train
671113871,745.02,47,12:26:09,False,,True,True,744.9,104,671113914,train
671113872,745.04,47,12:26:10,False,,True,True,744.9,104,671113914,train
671113873,745.02,47,12:26:11,False,,True,True,744.9,104,671113914,train
671113874,745.04,47,12:26:12,False,,True,True,744.9,104,671113914,train
671113875,745.01,47,12:26:13,False,,True,True,744.9,104,671113914,train
671113876,745.02,47,12:26:14,False,,True,True,744.9,104,671113914,train
671113877,745.06,47,12:26:15,False,,True,True,744.9,104,671113914,train
671113878,745.01,47,12:26:16,False,,True,True,744.9,104,671113914,train
671113879,744.99,47,12:26:17,False,,True,True,744.9,104,671113914,train
671113880,744.99,47,12:26:18,False,,True,True,744.91,104,671113914,train
671113881,745.01,47,12:26:19,False,,True,True,744.91,104,671113914,train
671113882,745.0,47,12:26:20,False,,True,True,744.91,104,671113914,train
671113883,745.05,47,12:26:21,False,,True,True,744.91,104,671113914,train
671113884,745.03,47,12:26:22,False,,True,True,744.91,104,671113914,train
671113885,744.98,47,12:26:23,False,,True,True,744.91,104,671113914,train
671113886,745.04,47,12:26:24,False,,True,True,744.91,104,671113914,train
671113887,745.0,47,12:26:25,False,,True,True,744.91,104,671113914,train
671113888,745.02,47,12:26:26,False,,True,True,744.91,104,671113914,train
671113889,745.02,47,12:26:27,False,,True,True,744.91,104,671113914,train
671113890,744.95,47,12:26:28,False,,True,True,744.91,104,671113914,train
671113891,745.04,47,12:26:29,False,,True,True,744.92,104,671113914,train
671113892,745.02,47,12:26:30,False,,True,True,744.92,104,671113914,train
671113893,745.06,47,12:26:31,False,,True,True,744.92,104,671113914,train
671113894,745.04,47,12:26:32,False,,True,True,744.92,104,671113914,train
671113895,745.04,47,12:26:33,False,,True,True,744.92,104,671113914,train
671113896,745.04,47,12:26:34,False,,True,True,744.92,104,671113914,train
671113897,745.02,47,12:26:35,False,,True,True,744.92,104,671113914,train
671113898,744.95,47,12:26:36,False,,True,True,744.92,104,671113914,train
671113899,744.9,47,12:26:37,False,,True,True,744.92,104,671113914,train
671113900,744.9,47,12:26:38,False,,True,True,744.92,104,671113914,train
671113901,744.92,47,12:26:39,False,,True,True,744.92,104,671113914,train
671113902,744.96,47,12:26:40,False,,True,True,744.92,104,671113914,train
671114609,745.52,47,12:38:08,False,,True,False,745.39,105,671114679,train
671114610,745.5,47,12:38:09,False,,True,False,745.39,105,671114679,train
671114611,745.47,47,12:38:10,False,,True,False,745.39,105,671114679,train
671114612,745.47,47,12:38:11,False,,True,False,745.39,105,671114679,train
671114613,745.51,47,12:38:12,False,,True,False,745.39,105,671114679,train
671114614,745.49,47,12:38:13,False,,True,False,745.39,105,671114679,train
671114615,745.47,47,12:38:14,False,,True,False,745.39,105,671114679,train
671114616,745.49,47,12:38:15,False,,True,False,745.39,105,671114679,train
671114617,745.53,47,12:38:16,False,,True,False,745.39,105,671114679,train
671114618,745.53,47,12:38:17,False,,True,False,745.39,105,671114679,train
671114619,745.44,47,12:38:18,False,,True,False,745.39,105,671114679,train
671114620,745.55,47,12:38:19,False,,True,False,745.39,105,671114679,train
671114621,745.53,47,12:38:20,False,,True,False,745.39,105,671114679,train
671114622,745.51,47,12:38:20,False,,True,False,745.39,105,671114679,train
671114623,745.55,47,12:38:21,False,,True,False,745.39,105,671114679,train
671114624,745.59,47,12:38:22,False,,True,False,745.39,105,671114679,train
671114625,745.57,47,12:38:23,False,,True,False,745.39,105,671114679,train
671114626,745.55,47,12:38:24,False,,True,False,745.39,105,671114679,train
671114627,745.55,47,12:38:25,False,,True,False,745.39,105,671114679,train
671114628,745.57,47,12:38:26,False,,True,False,745.39,105,671114679,train
671114629,745.57,47,12:38:27,False,,True,False,745.39,105,671114679,train
671114630,745.57,47,12:38:28,False,,True,False,745.39,105,671114679,train
671114631,745.52,47,12:38:29,False,,True,False,745.4,105,671114679,train
671114632,745.48,47,12:38:30,False,,True,False,745.4,105,671114679,train
671114633,745.54,47,12:38:31,False,,True,False,745.4,105,671114679,train
671114634,745.49,47,12:38:32,False,,True,False,745.4,105,671114679,train
671114635,745.47,47,12:38:33,False,,True,False,745.4,105,671114679,train
671114636,745.49,47,12:38:34,False,,True,False,745.4,105,671114679,train
671114637,745.47,47,12:38:35,False,,True,False,745.4,105,671114679,train
671114638,745.49,47,12:38:36,False,,True,False,745.4,105,671114679,train
671114639,745.44,47,12:38:37,False,,True,True,745.4,105,671114679,train
671114640,745.49,47,12:38:38,False,,True,True,745.4,105,671114679,train
671114641,745.46,47,12:38:39,False,,True,True,745.4,105,671114679,train
671114642,745.44,47,12:38:40,False,,True,True,745.4,105,671114679,train
671114643,745.44,47,12:38:41,False,,True,True,745.4,105,671114679,train
671114644,745.42,47,12:38:42,False,,True,True,745.4,105,671114679,train
671114645,745.46,47,12:38:43,False,,True,True,745.4,105,671114679,train
671114646,745.37,47,12:38:44,False,,True,True,745.4,105,671114679,train
671114647,745.41,47,12:38:45,False,,True,True,745.4,105,671114679,train
671114648,745.41,47,12:38:46,False,,True,True,745.4,105,671114679,train
671114649,745.43,47,12:38:47,False,,True,True,745.4,105,671114679,train
671114650,745.44,47,12:38:48,False,,True,True,745.4,105,671114679,train
671114651,745.52,47,12:38:49,False,,True,True,745.4,105,671114679,train
671114652,745.43,47,12:38:50,False,,True,True,745.4,105,671114679,train
671114653,745.49,47,12:38:51,False,,True,True,745.4,105,671114679,train
671114654,745.43,47,12:38:52,False,,True,True,745.4,105,671114679,train
671114655,745.43,47,12:38:53,False,,True,True,745.4,105,671114679,train
671114656,745.39,47,12:38:54,False,,True,True,745.4,105,671114679,train
671114657,745.43,47,12:38:55,False,,True,True,745.4,105,671114679,train
671114658,745.38,47,12:38:56,False,,True,True,745.4,105,671114679,train
671114659,745.4,47,12:38:57,False,,True,True,745.4,105,671114679,train
671114660,745.38,47,12:38:57,False,,True,True,745.4,105,671114679,train
671114661,745.45,47,12:38:58,False,,True,True,745.4,105,671114679,train
671114662,745.4,47,12:38:59,False,,True,True,745.4,105,671114679,train
671114663,745.4,47,12:39:00,False,,True,True,745.4,105,671114679,train
671114664,745.44,47,12:39:01,False,,True,True,745.4,105,671114679,train
671114665,745.42,47,12:39:02,False,,True,True,745.4,105,671114679,train
671114666,745.42,47,12:39:03,False,,True,True,745.4,105,671114679,train
671114667,745.44,47,12:39:04,False,,True,True,745.4,105,671114679,train
671114668,745.42,47,12:39:05,False,,True,True,745.4,105,671114679,train
671115187,745.65,47,12:47:31,False,,True,True,745.67,106,671115255,train
671115188,745.6,47,12:47:31,False,,True,True,745.67,106,671115255,train
671115189,745.6,47,12:47:32,False,,True,True,745.67,106,671115255,train
671115190,745.53,47,12:47:33,False,,True,True,745.67,106,671115255,train
671115191,745.62,47,12:47:34,False,,True,True,745.67,106,671115255,train
671115192,745.6,47,12:47:35,False,,True,True,745.67,106,671115255,train
671115193,745.62,47,12:47:36,False,,True,True,745.67,106,671115255,train
671115194,745.6,47,12:47:37,False,,True,True,745.67,106,671115255,train
671115195,745.57,47,12:47:38,False,,True,True,745.67,106,671115255,train
671115196,745.57,47,12:47:39,False,,True,True,745.67,106,671115255,train
671115197,745.59,47,12:47:40,False,,True,True,745.67,106,671115255,train
671115198,745.59,47,12:47:41,False,,True,True,745.67,106,671115255,train
671115199,745.57,47,12:47:42,False,,True,True,745.67,106,671115255,train
671115200,745.62,47,12:47:43,False,,True,True,745.67,106,671115255,train
671115201,745.57,47,12:47:44,False,,True,True,745.67,106,671115255,train
671115202,745.57,47,12:47:45,False,,True,True,745.67,106,671115255,train
671115203,745.61,47,12:47:46,False,,True,True,745.67,106,671115255,train
671115204,745.54,47,12:47:47,False,,True,True,745.67,106,671115255,train
671115205,745.58,47,12:47:48,False,,True,True,745.67,106,671115255,train
671115206,745.57,47,12:47:49,False,,True,True,745.67,106,671115255,train
671115207,745.56,47,12:47:50,False,,True,True,745.67,106,671115255,train
671115208,745.57,47,12:47:51,False,,True,True,745.67,106,671115255,train
671115209,745.56,47,12:47:52,False,,True,True,745.67,106,671115255,train
671115210,745.58,47,12:47:53,False,,True,True,745.67,106,671115255,train
671115211,745.55,47,12:47:54,False,,True,True,745.68,106,671115255,train
671115212,745.56,47,12:47:55,False,,True,True,745.68,106,671115255,train
671115213,745.58,47,12:47:56,False,,True,True,745.68,106,671115255,train
671115214,745.56,47,12:47:57,False,,True,True,745.68,106,671115255,train
671115215,745.58,47,12:47:58,False,,True,True,745.68,106,671115255,train
671115216,745.56,47,12:47:59,False,,True,True,745.68,106,671115255,train
671115217,745.62,47,12:48:00,False,,True,True,745.68,106,671115255,train
671115218,745.62,47,12:48:01,False,,True,True,745.68,106,671115255,train
671115219,745.58,47,12:48:02,False,,True,True,745.68,106,671115255,train
671115220,745.58,47,12:48:03,False,,True,True,745.68,106,671115255,train
671115221,745.62,47,12:48:04,False,,True,True,745.68,106,671115255,train
671115222,745.6,47,12:48:05,False,,True,True,745.68,106,671115255,train
671115223,745.59,47,12:48:06,False,,True,True,745.68,106,671115255,train
671115224,745.6,47,12:48:07,False,,True,True,745.68,106,671115255,train
671115225,745.59,47,12:48:08,False,,True,True,745.68,106,671115255,train
671115226,745.57,47,12:48:08,False,,True,True,745.68,106,671115255,train
671115227,745.59,47,12:48:09,False,,True,True,745.68,106,671115255,train
671115228,745.55,47,12:48:10,False,,True,True,745.68,106,671115255,train
671115229,745.61,47,12:48:11,False,,True,True,745.68,106,671115255,train
671115230,745.59,47,12:48:12,False,,True,True,745.68,106,671115255,train
671115231,745.65,47,12:48:13,False,,True,True,745.68,106,671115255,train
671115232,745.61,47,12:48:14,False,,True,True,745.68,106,671115255,train
671115233,745.65,47,12:48:15,False,,True,True,745.68,106,671115255,train
671115234,745.7,47,12:48:16,False,,True,True,745.68,106,671115255,train
671115235,745.7,47,12:48:17,False,,True,True,745.68,106,671115255,train
671115236,745.7,47,12:48:18,True,107.0,True,True,745.68,106,671115255,train
671115237,745.7,47,12:48:19,True,107.0,True,True,745.68,106,671115255,train
671115238,745.7,47,12:48:20,True,107.0,True,True,745.68,106,671115255,train
671115239,745.51,47,12:48:21,True,107.0,True,True,745.68,106,671115255,train
671115240,745.54,47,12:48:22,True,107.0,True,True,745.68,106,671115255,train
671115241,745.49,47,12:48:23,True,107.0,True,True,745.68,106,671115255,train
671115242,745.49,47,12:48:24,True,107.0,True,True,745.68,106,671115255,train
671115243,745.58,47,12:48:25,True,107.0,True,True,745.68,106,671115255,train
671115244,745.53,47,12:48:26,True,107.0,True,True,745.68,106,671115255,train
671115245,745.55,47,12:48:27,True,107.0,True,True,745.68,106,671115255,train
671115246,745.55,47,12:48:28,True,107.0,True,True,745.68,106,671115255,train
671115187,745.65,47,12:47:31,False,,True,True,745.67,107,671115289,train
671115188,745.6,47,12:47:31,False,,True,True,745.67,107,671115289,train
671115189,745.6,47,12:47:32,False,,True,True,745.67,107,671115289,train
671115190,745.53,47,12:47:33,False,,True,True,745.67,107,671115289,train
671115191,745.62,47,12:47:34,False,,True,True,745.67,107,671115289,train
671115192,745.6,47,12:47:35,False,,True,True,745.67,107,671115289,train
671115193,745.62,47,12:47:36,False,,True,True,745.67,107,671115289,train
671115194,745.6,47,12:47:37,False,,True,True,745.67,107,671115289,train
671115195,745.57,47,12:47:38,False,,True,True,745.67,107,671115289,train
671115196,745.57,47,12:47:39,False,,True,True,745.67,107,671115289,train
671115197,745.59,47,12:47:40,False,,True,True,745.67,107,671115289,train
671115198,745.59,47,12:47:41,False,,True,True,745.67,107,671115289,train
671115199,745.57,47,12:47:42,False,,True,True,745.67,107,671115289,train
671115200,745.62,47,12:47:43,False,,True,True,745.67,107,671115289,train
671115201,745.57,47,12:47:44,False,,True,True,745.67,107,671115289,train
671115202,745.57,47,12:47:45,False,,True,True,745.67,107,671115289,train
671115203,745.61,47,12:47:46,False,,True,True,745.67,107,671115289,train
671115204,745.54,47,12:47:47,False,,True,True,745.67,107,671115289,train
671115205,745.58,47,12:47:48,False,,True,True,745.67,107,671115289,train
671115206,745.57,47,12:47:49,False,,True,True,745.67,107,671115289,train
671115207,745.56,47,12:47:50,False,,True,True,745.67,107,671115289,train
671115208,745.57,47,12:47:51,False,,True,True,745.67,107,671115289,train
671115209,745.56,47,12:47:52,False,,True,True,745.67,107,671115289,train
671115210,745.58,47,12:47:53,False,,True,True,745.67,107,671115289,train
671115211,745.55,47,12:47:54,False,,True,True,745.68,107,671115289,train
671115212,745.56,47,12:47:55,False,,True,True,745.68,107,671115289,train
671115213,745.58,47,12:47:56,False,,True,True,745.68,107,671115289,train
671115214,745.56,47,12:47:57,False,,True,True,745.68,107,671115289,train
671115215,745.58,47,12:47:58,False,,True,True,745.68,107,671115289,train
671115216,745.56,47,12:47:59,False,,True,True,745.68,107,671115289,train
671115217,745.62,47,12:48:00,False,,True,True,745.68,107,671115289,train
671115218,745.62,47,12:48:01,False,,True,True,745.68,107,671115289,train
671115219,745.58,47,12:48:02,False,,True,True,745.68,107,671115289,train
671115220,745.58,47,12:48:03,False,,True,True,745.68,107,671115289,train
671115221,745.62,47,12:48:04,False,,True,True,745.68,107,671115289,train
671115222,745.6,47,12:48:05,False,,True,True,745.68,107,671115289,train
671115223,745.59,47,12:48:06,False,,True,True,745.68,107,671115289,train
671115224,745.6,47,12:48:07,False,,True,True,745.68,107,671115289,train
671115225,745.59,47,12:48:08,False,,True,True,745.68,107,671115289,train
671115226,745.57,47,12:48:08,False,,True,True,745.68,107,671115289,train
671115227,745.59,47,12:48:09,False,,True,True,745.68,107,671115289,train
671115228,745.55,47,12:48:10,False,,True,True,745.68,107,671115289,train
671115229,745.61,47,12:48:11,False,,True,True,745.68,107,671115289,train
671115230,745.59,47,12:48:12,False,,True,True,745.68,107,671115289,train
671115231,745.65,47,12:48:13,False,,True,True,745.68,107,671115289,train
671115232,745.61,47,12:48:14,False,,True,True,745.68,107,671115289,train
671115233,745.65,47,12:48:15,False,,True,True,745.68,107,671115289,train
671115234,745.7,47,12:48:16,False,,True,True,745.68,107,671115289,train
671115235,745.7,47,12:48:17,False,,True,True,745.68,107,671115289,train
671115236,745.7,47,12:48:18,True,107.0,True,True,745.68,107,671115289,train
671115237,745.7,47,12:48:19,True,107.0,True,True,745.68,107,671115289,train
671115238,745.7,47,12:48:20,True,107.0,True,True,745.68,107,671115289,train
671115239,745.51,47,12:48:21,True,107.0,True,True,745.68,107,671115289,train
671115240,745.54,47,12:48:22,True,107.0,True,True,745.68,107,671115289,train
671115241,745.49,47,12:48:23,True,107.0,True,True,745.68,107,671115289,train
671115242,745.49,47,12:48:24,True,107.0,True,True,745.68,107,671115289,train
671115243,745.58,47,12:48:25,True,107.0,True,True,745.68,107,671115289,train
671115244,745.53,47,12:48:26,True,107.0,True,True,745.68,107,671115289,train
671115245,745.55,47,12:48:27,True,107.0,True,True,745.68,107,671115289,train
671115246,745.55,47,12:48:28,True,107.0,True,True,745.68,107,671115289,train
671120220,744.51,47,14:09:10,False,,True,False,744.97,108,671120289,train
671120221,744.55,47,14:09:11,False,,True,False,744.97,108,671120289,train
671120222,744.55,47,14:09:12,False,,True,False,744.97,108,671120289,train
671120223,744.57,47,14:09:13,False,,True,False,744.97,108,671120289,train
671120224,744.58,47,14:09:14,False,,True,False,744.96,108,671120289,train
671120225,744.6,47,14:09:15,False,,True,False,744.96,108,671120289,train
671120226,744.55,47,14:09:16,False,,True,False,744.96,108,671120289,train
671120227,744.62,47,14:09:17,False,,True,False,744.96,108,671120289,train
671120228,744.57,47,14:09:18,False,,True,False,744.96,108,671120289,train
671120229,744.61,47,14:09:19,False,,True,False,744.96,108,671120289,train
671120230,744.57,47,14:09:20,False,,True,False,744.96,108,671120289,train
671120231,744.59,47,14:09:21,False,,True,False,744.96,108,671120289,train
671120232,744.59,47,14:09:22,False,,True,False,744.96,108,671120289,train
671120233,744.59,47,14:09:23,False,,True,False,744.95,108,671120289,train
671120234,744.57,47,14:09:24,False,,True,False,744.95,108,671120289,train
671120235,744.55,47,14:09:25,False,,True,False,744.95,108,671120289,train
671120236,744.61,47,14:09:26,False,,True,False,744.95,108,671120289,train
671120237,744.57,47,14:09:27,False,,True,False,744.95,108,671120289,train
671120238,744.55,47,14:09:28,False,,True,False,744.95,108,671120289,train
671120239,744.63,47,14:09:29,False,,True,False,744.95,108,671120289,train
671120240,744.59,47,14:09:30,False,,True,False,744.95,108,671120289,train
671120241,744.57,47,14:09:31,False,,True,False,744.95,108,671120289,train
671120242,744.59,47,14:09:32,False,,True,False,744.94,108,671120289,train
671120243,744.57,47,14:09:33,False,,True,False,744.94,108,671120289,train
671120244,744.61,47,14:09:34,False,,True,False,744.94,108,671120289,train
671120245,744.61,47,14:09:34,False,,True,False,744.94,108,671120289,train
671120246,744.61,47,14:09:35,False,,True,False,744.94,108,671120289,train
671120247,744.59,47,14:09:36,False,,True,False,744.94,108,671120289,train
671120248,744.61,47,14:09:37,False,,True,False,744.94,108,671120289,train
671120249,744.56,47,14:09:38,False,,True,False,744.94,108,671120289,train
671120250,744.65,47,14:09:39,False,,True,False,744.94,108,671120289,train
671120251,744.63,47,14:09:40,False,,True,False,744.93,108,671120289,train
671120252,744.63,47,14:09:41,False,,True,True,744.93,108,671120289,train
671120253,744.65,47,14:09:42,False,,True,True,744.93,108,671120289,train
671120254,744.61,47,14:09:43,False,,True,True,744.93,108,671120289,train
671120255,744.65,47,14:09:44,False,,True,True,744.93,108,671120289,train
671120256,744.56,47,14:09:45,False,,True,True,744.93,108,671120289,train
671120257,744.6,47,14:09:46,False,,True,True,744.93,108,671120289,train
671120258,744.6,47,14:09:47,False,,True,True,744.93,108,671120289,train
671120259,744.56,47,14:09:48,False,,True,True,744.93,108,671120289,train
671120260,744.52,47,14:09:49,False,,True,True,744.93,108,671120289,train
671120261,744.53,47,14:09:50,False,,True,True,744.93,108,671120289,train
671120262,744.58,47,14:09:51,False,,True,True,744.92,108,671120289,train
671120263,744.47,47,14:09:52,False,,True,True,744.92,108,671120289,train
671120264,744.51,47,14:09:53,False,,True,True,744.92,108,671120289,train
671120265,744.49,47,14:09:54,False,,True,True,744.92,108,671120289,train
671120266,744.53,47,14:09:55,False,,True,True,744.92,108,671120289,train
671120267,744.51,47,14:09:56,False,,True,True,744.92,108,671120289,train
671120268,744.49,47,14:09:57,False,,True,True,744.92,108,671120289,train
671120269,744.44,47,14:09:58,False,,True,True,744.91,108,671120289,train
671120270,744.44,47,14:09:59,False,,True,True,744.91,108,671120289,train
671120271,744.46,47,14:10:00,False,,True,True,744.91,108,671120289,train
671120272,744.46,47,14:10:01,False,,True,True,744.91,108,671120289,train
671120273,744.42,47,14:10:02,False,,True,True,744.91,108,671120289,train
671120274,744.4,47,14:10:03,False,,True,True,744.91,108,671120289,train
671120275,744.46,47,14:10:04,False,,True,True,744.91,108,671120289,train
671120276,744.37,47,14:10:05,False,,True,True,744.9,108,671120289,train
671120277,744.39,47,14:10:06,False,,True,True,744.9,108,671120289,train
671120278,744.34,47,14:10:07,False,,True,True,744.9,108,671120289,train
671120279,744.35,47,14:10:08,False,,True,True,744.9,108,671120289,train
671125945,738.68,47,15:42:03,False,,True,False,738.86,109,671126006,train
671125946,738.66,47,15:42:04,False,,True,False,738.86,109,671126006,train
671125947,738.68,47,15:42:05,False,,True,False,738.86,109,671126006,train
671125948,738.64,47,15:42:06,False,,True,False,738.86,109,671126006,train
671125949,738.62,47,15:42:07,False,,True,False,738.86,109,671126006,train
671125950,738.62,47,15:42:08,False,,True,False,738.86,109,671126006,train
671125951,738.68,47,15:42:09,False,,True,False,738.86,109,671126006,train
671125952,738.71,47,15:42:10,False,,True,False,738.86,109,671126006,train
671125953,738.68,47,15:42:11,False,,True,False,738.86,109,671126006,train
671125954,738.68,47,15:42:12,False,,True,False,738.86,109,671126006,train
671125955,738.54,47,15:42:13,False,,True,False,738.85,109,671126006,train
671125956,738.59,47,15:42:14,False,,True,False,738.85,109,671126006,train
671125957,738.62,47,15:42:15,False,,True,False,738.85,109,671126006,train
671125958,738.57,47,15:42:16,False,,True,False,738.85,109,671126006,train
671125959,738.62,47,15:42:17,False,,True,False,738.85,109,671126006,train
671125960,738.57,47,15:42:18,False,,True,False,738.85,109,671126006,train
671125961,738.59,47,15:42:19,False,,True,False,738.85,109,671126006,train
671125962,738.64,47,15:42:20,False,,True,False,738.85,109,671126006,train
671125963,738.59,47,15:42:21,False,,True,False,738.85,109,671126006,train
671125964,738.57,47,15:42:22,False,,True,False,738.85,109,671126006,train
671125965,738.62,47,15:42:23,False,,True,False,738.84,109,671126006,train
671125966,738.57,47,15:42:24,False,,True,False,738.84,109,671126006,train
671125967,738.62,47,15:42:25,False,,True,False,738.84,109,671126006,train
671125968,738.64,47,15:42:26,False,,True,False,738.84,109,671126006,train
671125969,738.62,47,15:42:27,False,,True,False,738.84,109,671126006,train
671125970,738.62,47,15:42:28,False,,True,False,738.84,109,671126006,train
671125971,738.62,47,15:42:29,False,,True,False,738.84,109,671126006,train
671125972,738.64,47,15:42:30,False,,True,False,738.84,109,671126006,train
671125973,738.69,47,15:42:31,False,,True,False,738.84,109,671126006,train
671125974,738.71,47,15:42:32,False,,True,False,738.84,109,671126006,train
671125975,738.69,47,15:42:33,False,,True,False,738.84,109,671126006,train
671125976,738.69,47,15:42:34,False,,True,False,738.83,109,671126006,train
671125977,738.6,47,15:42:35,False,,True,False,738.83,109,671126006,train
671125978,738.67,47,15:42:36,False,,True,False,738.83,109,671126006,train
671125979,738.56,47,15:42:37,False,,True,False,738.83,109,671126006,train
671125980,738.64,47,15:42:37,False,,True,False,738.83,109,671126006,train
671125981,738.64,47,15:42:38,False,,True,False,738.83,109,671126006,train
671125982,738.58,47,15:42:39,False,,True,False,738.83,109,671126006,train
671125983,738.6,47,15:42:40,False,,True,False,738.83,109,671126006,train
671125984,738.6,47,15:42:41,False,,True,False,738.83,109,671126006,train
671125985,738.55,47,15:42:42,False,,True,False,738.83,109,671126006,train
671125986,738.51,47,15:42:43,False,,True,False,738.83,109,671126006,train
671125987,738.58,47,15:42:44,False,,True,False,738.82,109,671126006,train
671125988,738.51,47,15:42:45,False,,True,False,738.82,109,671126006,train
671125989,738.58,47,15:42:46,False,,True,False,738.82,109,671126006,train
671125990,738.6,47,15:42:47,False,,True,False,738.82,109,671126006,train
671125991,738.58,47,15:42:48,False,,True,False,738.82,109,671126006,train
671125992,738.49,47,15:42:49,False,,True,False,738.82,109,671126006,train
671125993,738.55,47,15:42:50,False,,True,False,738.82,109,671126006,train
671125994,738.56,47,15:42:51,False,,True,False,738.82,109,671126006,train
671125995,738.54,47,15:42:52,False,,True,False,738.82,109,671126006,train
671125996,738.53,47,15:42:53,False,,True,False,738.82,109,671126006,train
671125997,738.47,47,15:42:54,False,,True,False,738.81,109,671126006,train
671125998,738.42,47,15:42:55,False,,True,False,738.81,109,671126006,train
671125999,738.39,47,15:42:56,False,,True,False,738.81,109,671126006,train
671126000,738.4,47,15:42:57,False,,True,False,738.81,109,671126006,train
671126001,738.22,47,15:42:58,False,,True,True,738.81,109,671126006,train
671126002,738.11,47,15:42:59,False,,True,True,738.81,109,671126006,train
671126003,738.08,47,15:43:00,False,,True,True,738.8,109,671126006,train
671126004,737.97,47,15:43:01,False,,True,True,738.8,109,671126006,train
671126502,738.32,47,15:51:06,False,,True,True,738.49,110,671126607,train
671126503,738.28,47,15:51:07,False,,True,True,738.49,110,671126607,train
671126504,738.27,47,15:51:08,False,,True,True,738.5,110,671126607,train
671126505,738.3,47,15:51:09,False,,True,True,738.5,110,671126607,train
671126506,738.27,47,15:51:10,False,,True,True,738.5,110,671126607,train
671126507,738.27,47,15:51:11,False,,True,True,738.5,110,671126607,train
671126508,738.3,47,15:51:12,False,,True,True,738.5,110,671126607,train
671126509,738.21,47,15:51:12,False,,True,True,738.5,110,671126607,train
671126510,738.21,47,15:51:13,False,,True,True,738.5,110,671126607,train
671126511,738.21,47,15:51:14,False,,True,True,738.5,110,671126607,train
671126512,738.3,47,15:51:15,False,,True,True,738.5,110,671126607,train
671126513,738.3,47,15:51:16,False,,True,True,738.49,110,671126607,train
671126514,738.21,47,15:51:17,False,,True,True,738.49,110,671126607,train
671126515,738.3,47,15:51:18,False,,True,True,738.49,110,671126607,train
671126516,738.28,47,15:51:19,False,,True,True,738.49,110,671126607,train
671126517,738.19,47,15:51:20,False,,True,True,738.49,110,671126607,train
671126518,738.24,47,15:51:21,False,,True,True,738.49,110,671126607,train
671126519,738.24,47,15:51:22,False,,True,True,738.49,110,671126607,train
671126520,738.3,47,15:51:23,False,,True,True,738.49,110,671126607,train
671126521,738.22,47,15:51:24,False,,True,True,738.49,110,671126607,train
671126522,738.26,47,15:51:25,False,,True,True,738.49,110,671126607,train
671126523,738.24,47,15:51:26,False,,True,True,738.49,110,671126607,train
671126524,738.26,47,15:51:27,False,,True,True,738.49,110,671126607,train
671126525,738.24,47,15:51:28,False,,True,True,738.49,110,671126607,train
671126526,738.2,47,15:51:29,False,,True,True,738.49,110,671126607,train
671126527,738.22,47,15:51:30,False,,True,True,738.49,110,671126607,train
671126528,738.22,47,15:51:31,False,,True,True,738.48,110,671126607,train
671126529,738.17,47,15:51:32,False,,True,True,738.48,110,671126607,train
671126530,738.2,47,15:51:33,False,,True,True,738.48,110,671126607,train
671126531,738.22,47,15:51:34,False,,True,True,738.48,110,671126607,train
671126532,738.25,47,15:51:35,False,,True,True,738.48,110,671126607,train
671126533,738.25,47,15:51:36,False,,True,True,738.48,110,671126607,train
671126534,738.27,47,15:51:37,False,,True,True,738.48,110,671126607,train
671126535,738.27,47,15:51:38,False,,True,True,738.48,110,671126607,train
671126536,738.27,47,15:51:39,False,,True,True,738.48,110,671126607,train
671126537,738.25,47,15:51:40,False,,True,True,738.48,110,671126607,train
671126538,738.29,47,15:51:41,False,,True,True,738.48,110,671126607,train
671126539,738.27,47,15:51:42,False,,True,True,738.48,110,671126607,train
671126540,738.23,47,15:51:43,False,,True,True,738.48,110,671126607,train
671126541,738.23,47,15:51:44,False,,True,True,738.48,110,671126607,train
671126542,738.27,47,15:51:45,False,,True,True,738.48,110,671126607,train
671126543,738.23,47,15:51:46,False,,True,True,738.48,110,671126607,train
671126544,738.18,47,15:51:47,False,,True,True,738.47,110,671126607,train
671126545,738.18,47,15:51:48,False,,True,True,738.47,110,671126607,train
671126546,738.19,47,15:51:48,False,,True,True,738.47,110,671126607,train
671126547,738.25,47,15:51:49,False,,True,True,738.47,110,671126607,train
671126548,738.14,47,15:51:50,False,,True,True,738.47,110,671126607,train
671126549,738.19,47,15:51:51,False,,True,True,738.47,110,671126607,train
671126550,738.1,47,15:51:52,False,,True,True,738.47,110,671126607,train
671126551,738.08,47,15:51:53,False,,True,True,738.47,110,671126607,train
671126552,738.12,47,15:51:54,False,,True,True,738.47,110,671126607,train
671126553,738.14,47,15:51:55,False,,True,True,738.47,110,671126607,train
671126554,738.12,47,15:51:56,False,,True,True,738.47,110,671126607,train
671126555,738.1,47,15:51:57,False,,True,True,738.47,110,671126607,train
671126556,738.02,47,15:51:58,False,,True,True,738.47,110,671126607,train
671126557,738.03,47,15:51:59,False,,True,True,738.46,110,671126607,train
671126558,738.03,47,15:52:00,False,,True,True,738.46,110,671126607,train
671126559,738.06,47,15:52:01,False,,True,True,738.46,110,671126607,train
671126560,738.03,47,15:52:02,False,,True,True,738.46,110,671126607,train
671126561,738.01,47,15:52:03,False,,True,True,738.46,110,671126607,train
671127169,737.98,47,16:01:55,False,,True,False,738.37,111,671127245,train
671127170,738.1,47,16:01:56,False,,True,False,738.37,111,671127245,train
671127171,738.01,47,16:01:57,False,,True,False,738.37,111,671127245,train
671127172,738.06,47,16:01:58,False,,True,False,738.37,111,671127245,train
671127173,738.03,47,16:01:59,False,,True,False,738.37,111,671127245,train
671127174,738.07,47,16:02:00,False,,True,False,738.36,111,671127245,train
671127175,738.1,47,16:02:01,False,,True,False,738.36,111,671127245,train
671127176,738.1,47,16:02:02,False,,True,False,738.36,111,671127245,train
671127177,738.14,47,16:02:03,False,,True,False,738.36,111,671127245,train
671127178,738.15,47,16:02:04,False,,True,False,738.36,111,671127245,train
671127179,738.13,47,16:02:05,False,,True,False,738.36,111,671127245,train
671127180,738.13,47,16:02:06,False,,True,False,738.36,111,671127245,train
671127181,738.06,47,16:02:07,False,,True,True,738.36,111,671127245,train
671127182,738.04,47,16:02:08,False,,True,True,738.36,111,671127245,train
671127183,738.04,47,16:02:09,False,,True,True,738.36,111,671127245,train
671127184,738.04,47,16:02:10,False,,True,True,738.36,111,671127245,train
671127185,738.08,47,16:02:11,False,,True,True,738.36,111,671127245,train
671127186,738.06,47,16:02:12,False,,True,True,738.36,111,671127245,train
671127187,738.07,47,16:02:13,False,,True,True,738.36,111,671127245,train
671127188,738.07,47,16:02:13,False,,True,True,738.36,111,671127245,train
671127189,738.06,47,16:02:14,False,,True,True,738.36,111,671127245,train
671127190,738.07,47,16:02:15,False,,True,True,738.36,111,671127245,train
671127191,738.11,47,16:02:16,False,,True,True,738.36,111,671127245,train
671127192,738.07,47,16:02:17,False,,True,True,738.36,111,671127245,train
671127193,738.02,47,16:02:18,False,,True,True,738.36,111,671127245,train
671127194,738.0,47,16:02:19,False,,True,True,738.35,111,671127245,train
671127195,738.0,47,16:02:20,False,,True,True,738.35,111,671127245,train
671127196,738.07,47,16:02:21,False,,True,True,738.35,111,671127245,train
671127197,738.05,47,16:02:22,False,,True,True,738.35,111,671127245,train
671127198,738.07,47,16:02:23,False,,True,True,738.35,111,671127245,train
671127199,738.1,47,16:02:24,False,,True,True,738.35,111,671127245,train
671127200,738.12,47,16:02:25,False,,True,True,738.35,111,671127245,train
671127201,738.03,47,16:02:26,False,,True,True,738.35,111,671127245,train
671127202,738.05,47,16:02:27,False,,True,True,738.35,111,671127245,train
671127203,737.99,47,16:02:28,False,,True,True,738.35,111,671127245,train
671127204,738.03,47,16:02:29,False,,True,True,738.35,111,671127245,train
671127205,738.03,47,16:02:30,False,,True,True,738.35,111,671127245,train
671127206,738.03,47,16:02:31,False,,True,True,738.34,111,671127245,train
671127207,738.08,47,16:02:32,False,,True,True,738.34,111,671127245,train
671127208,738.06,47,16:02:33,False,,True,True,738.34,111,671127245,train
671127209,738.06,47,16:02:34,False,,True,True,738.34,111,671127245,train
671127210,737.99,47,16:02:35,False,,True,True,738.34,111,671127245,train
671127211,738.01,47,16:02:36,False,,True,True,738.34,111,671127245,train
671127212,738.06,47,16:02:37,False,,True,True,738.34,111,671127245,train
671127213,738.02,47,16:02:38,False,,True,True,738.34,111,671127245,train
671127214,738.04,47,16:02:39,False,,True,True,738.34,111,671127245,train
671127215,737.95,47,16:02:40,False,,True,True,738.34,111,671127245,train
671127216,738.0,47,16:02:41,False,,True,True,738.34,111,671127245,train
671127217,738.01,47,16:02:42,False,,True,True,738.34,111,671127245,train
671127218,737.95,47,16:02:43,False,,True,True,738.33,111,671127245,train
671127219,737.97,47,16:02:44,False,,True,True,738.33,111,671127245,train
671127220,738.05,47,16:02:45,False,,True,True,738.33,111,671127245,train
671127221,737.94,47,16:02:46,False,,True,True,738.33,111,671127245,train
671127222,737.94,47,16:02:47,False,,True,True,738.33,111,671127245,train
671127223,737.98,47,16:02:48,False,,True,True,738.33,111,671127245,train
671127224,737.92,47,16:02:49,False,,True,True,738.33,111,671127245,train
671127225,737.94,47,16:02:50,False,,True,True,738.33,111,671127245,train
671127226,737.94,47,16:02:50,False,,True,True,738.33,111,671127245,train
671127227,737.96,47,16:02:51,False,,True,True,738.33,111,671127245,train
671127228,737.92,47,16:02:52,False,,True,True,738.32,111,671127245,train
671139364,744.72,47,19:19:47,False,,True,False,744.05,112,671139428,train
671139365,744.65,47,19:19:48,False,,True,False,744.05,112,671139428,train
671139366,744.63,47,19:19:49,False,,True,False,744.05,112,671139428,train
671139367,744.63,47,19:19:50,False,,True,False,744.05,112,671139428,train
671139368,744.62,47,19:19:51,False,,True,False,744.06,112,671139428,train
671139369,744.66,47,19:19:52,False,,True,False,744.06,112,671139428,train
671139370,744.59,47,19:19:53,False,,True,False,744.06,112,671139428,train
671139371,744.61,47,19:19:54,False,,True,False,744.06,112,671139428,train
671139372,744.59,47,19:19:55,False,,True,False,744.07,112,671139428,train
671139373,744.64,47,19:19:56,False,,True,False,744.07,112,671139428,train
671139374,744.62,47,19:19:57,False,,True,False,744.07,112,671139428,train
671139375,744.57,47,19:19:58,False,,True,False,744.07,112,671139428,train
671139376,744.6,47,19:19:59,False,,True,False,744.08,112,671139428,train
671139377,744.6,47,19:19:59,False,,True,False,744.08,112,671139428,train
671139378,744.57,47,19:20:00,False,,True,False,744.08,112,671139428,train
671139379,744.57,47,19:20:01,False,,True,False,744.08,112,671139428,train
671139380,744.55,47,19:20:02,False,,True,False,744.09,112,671139428,train
671139381,744.55,47,19:20:03,False,,True,False,744.09,112,671139428,train
671139382,744.55,47,19:20:04,False,,True,False,744.09,112,671139428,train
671139383,744.51,47,19:20:05,False,,True,False,744.09,112,671139428,train
671139384,744.53,47,19:20:06,False,,True,False,744.1,112,671139428,train
671139385,744.54,47,19:20:07,False,,True,False,744.1,112,671139428,train
671139386,744.56,47,19:20:08,False,,True,False,744.1,112,671139428,train
671139387,744.58,47,19:20:09,False,,True,False,744.1,112,671139428,train
671139388,744.56,47,19:20:10,False,,True,False,744.11,112,671139428,train
671139389,744.56,47,19:20:11,False,,True,False,744.11,112,671139428,train
671139390,744.54,47,19:20:12,False,,True,False,744.11,112,671139428,train
671139391,744.54,47,19:20:13,False,,True,False,744.11,112,671139428,train
671139392,744.63,47,19:20:14,False,,True,False,744.12,112,671139428,train
671139393,744.52,47,19:20:15,False,,True,False,744.12,112,671139428,train
671139394,744.58,47,19:20:16,False,,True,False,744.12,112,671139428,train
671139395,744.61,47,19:20:17,False,,True,False,744.12,112,671139428,train
671139396,744.66,47,19:20:18,False,,True,False,744.12,112,671139428,train
671139397,744.65,47,19:20:19,False,,True,False,744.13,112,671139428,train
671139398,744.63,47,19:20:20,False,,True,False,744.13,112,671139428,train
671139399,744.7,47,19:20:21,False,,True,False,744.13,112,671139428,train
671139400,744.66,47,19:20:22,False,,True,False,744.13,112,671139428,train
671139401,744.66,47,19:20:23,False,,True,False,744.14,112,671139428,train
671139402,744.68,47,19:20:24,False,,True,False,744.14,112,671139428,train
671139403,744.68,47,19:20:25,False,,True,False,744.14,112,671139428,train
671139404,744.77,47,19:20:26,False,,True,False,744.14,112,671139428,train
671139405,744.77,47,19:20:27,False,,True,False,744.15,112,671139428,train
671139406,744.71,47,19:20:28,False,,True,False,744.15,112,671139428,train
671139407,744.77,47,19:20:29,False,,True,False,744.15,112,671139428,train
671139408,744.78,47,19:20:30,False,,True,False,744.15,112,671139428,train
671139409,744.78,47,19:20:31,False,,True,False,744.16,112,671139428,train
671139410,744.69,47,19:20:32,False,,True,True,744.16,112,671139428,train
671139411,744.78,47,19:20:33,False,,True,True,744.16,112,671139428,train
671139412,744.87,47,19:20:34,False,,True,True,744.16,112,671139428,train
671139413,744.94,47,19:20:35,False,,True,True,744.17,112,671139428,train
671139414,744.89,47,19:20:35,False,,True,True,744.17,112,671139428,train
671139415,744.94,47,19:20:36,False,,True,True,744.17,112,671139428,train
671139416,744.92,47,19:20:37,False,,True,True,744.18,112,671139428,train
671139417,744.78,47,19:20:38,False,,True,True,744.18,112,671139428,train
671139418,744.81,47,19:20:39,False,,True,True,744.18,112,671139428,train
671139419,744.72,47,19:20:40,False,,True,True,744.18,112,671139428,train
671139420,744.74,47,19:20:41,False,,True,True,744.19,112,671139428,train
671139421,744.68,47,19:20:42,False,,True,True,744.19,112,671139428,train
671139422,744.65,47,19:20:43,False,,True,True,744.19,112,671139428,train
671139423,744.61,47,19:20:44,False,,True,True,744.19,112,671139428,train
671204111,745.05,48,12:50:18,False,,True,True,745.2,113,671204280,train
671204112,745.12,48,12:50:19,False,,True,True,745.2,113,671204280,train
671204113,745.05,48,12:50:20,False,,True,True,745.2,113,671204280,train
671204114,745.08,48,12:50:21,False,,True,True,745.2,113,671204280,train
671204115,745.09,48,12:50:22,False,,True,True,745.2,113,671204280,train
671204116,745.12,48,12:50:23,False,,True,True,745.2,113,671204280,train
671204117,745.14,48,12:50:24,False,,True,True,745.2,113,671204280,train
671204118,745.18,48,12:50:25,False,,True,True,745.2,113,671204280,train
671204119,745.18,48,12:50:26,False,,True,True,745.2,113,671204280,train
671204120,745.27,48,12:50:27,False,,True,True,745.2,113,671204280,train
671204121,745.21,48,12:50:28,False,,True,True,745.2,113,671204280,train
671204122,745.32,48,12:50:29,False,,True,True,745.2,113,671204280,train
671204123,745.32,48,12:50:30,False,,True,True,745.2,113,671204280,train
671204124,745.27,48,12:50:31,False,,True,True,745.2,113,671204280,train
671204125,745.31,48,12:50:32,False,,True,True,745.2,113,671204280,train
671204126,745.29,48,12:50:33,False,,True,True,745.2,113,671204280,train
671204127,745.29,48,12:50:34,False,,True,True,745.2,113,671204280,train
671204128,745.31,48,12:50:35,False,,True,True,745.2,113,671204280,train
671204129,745.33,48,12:50:36,False,,True,True,745.2,113,671204280,train
671204130,745.36,48,12:50:37,False,,True,True,745.2,113,671204280,train
671204131,745.42,48,12:50:38,False,,True,True,745.2,113,671204280,train
671204132,745.33,48,12:50:38,False,,True,True,745.2,113,671204280,train
671204133,745.35,48,12:50:39,False,,True,True,745.2,113,671204280,train
671204134,745.38,48,12:50:40,False,,True,True,745.2,113,671204280,train
671204135,745.44,48,12:50:41,False,,True,True,745.2,113,671204280,train
671204136,745.39,48,12:50:42,False,,True,True,745.2,113,671204280,train
671204137,745.4,48,12:50:43,False,,True,True,745.21,113,671204280,train
671204138,745.42,48,12:50:44,False,,True,True,745.21,113,671204280,train
671204139,745.42,48,12:50:45,False,,True,True,745.21,113,671204280,train
671204140,745.39,48,12:50:46,False,,True,True,745.21,113,671204280,train
671204141,745.39,48,12:50:47,False,,True,True,745.21,113,671204280,train
671204142,745.41,48,12:50:48,False,,True,True,745.21,113,671204280,train
671204143,745.41,48,12:50:49,False,,True,True,745.21,113,671204280,train
671204144,745.48,48,12:50:50,False,,True,True,745.21,113,671204280,train
671204145,745.39,48,12:50:51,False,,True,True,745.21,113,671204280,train
671204146,745.41,48,12:50:52,False,,True,True,745.21,113,671204280,train
671204147,745.45,48,12:50:53,False,,True,True,745.21,113,671204280,train
671204148,745.41,48,12:50:54,False,,True,True,745.21,113,671204280,train
671204149,745.45,48,12:50:55,False,,True,True,745.21,113,671204280,train
671204150,745.46,48,12:50:56,False,,True,True,745.21,113,671204280,train
671204151,745.4,48,12:50:57,False,,True,True,745.21,113,671204280,train
671204152,745.45,48,12:50:58,False,,True,True,745.21,113,671204280,train
671204153,745.45,48,12:50:59,False,,True,True,745.21,113,671204280,train
671204154,745.47,48,12:51:00,False,,True,True,745.21,113,671204280,train
671204155,745.47,48,12:51:01,False,,True,True,745.21,113,671204280,train
671204156,745.4,48,12:51:02,False,,True,True,745.21,113,671204280,train
671204157,745.42,48,12:51:03,False,,True,True,745.21,113,671204280,train
671204158,745.38,48,12:51:04,False,,True,True,745.21,113,671204280,train
671204159,745.4,48,12:51:05,False,,True,True,745.22,113,671204280,train
671204160,745.4,48,12:51:06,False,,True,True,745.22,113,671204280,train
671204161,745.38,48,12:51:07,False,,True,True,745.22,113,671204280,train
671204162,745.4,48,12:51:08,False,,True,True,745.22,113,671204280,train
671204163,745.4,48,12:51:09,False,,True,True,745.22,113,671204280,train
671204164,745.4,48,12:51:10,False,,True,True,745.22,113,671204280,train
671204165,745.41,48,12:51:11,False,,True,True,745.22,113,671204280,train
671204166,745.39,48,12:51:12,False,,True,True,745.22,113,671204280,train
671204167,745.41,48,12:51:13,False,,True,True,745.22,113,671204280,train
671204168,745.37,48,12:51:14,False,,True,True,745.22,113,671204280,train
671204169,745.39,48,12:51:14,False,,True,True,745.22,113,671204280,train
671204170,745.37,48,12:51:15,False,,True,True,745.22,113,671204280,train
671213180,739.15,48,15:17:27,False,,True,True,739.4,114,671213291,train
671213181,739.04,48,15:17:28,False,,True,True,739.4,114,671213291,train
671213182,739.11,48,15:17:29,False,,True,True,739.4,114,671213291,train
671213183,739.08,48,15:17:30,False,,True,True,739.4,114,671213291,train
671213184,739.15,48,15:17:31,False,,True,True,739.4,114,671213291,train
671213185,739.11,48,15:17:32,False,,True,True,739.39,114,671213291,train
671213186,739.08,48,15:17:33,False,,True,True,739.39,114,671213291,train
671213187,739.08,48,15:17:34,False,,True,True,739.39,114,671213291,train
671213188,739.13,48,15:17:34,False,,True,True,739.39,114,671213291,train
671213189,739.01,48,15:17:35,False,,True,True,739.39,114,671213291,train
671213190,739.1,48,15:17:36,False,,True,True,739.39,114,671213291,train
671213191,739.08,48,15:17:37,False,,True,True,739.39,114,671213291,train
671213192,739.12,48,15:17:38,False,,True,True,739.38,114,671213291,train
671213193,739.03,48,15:17:39,False,,True,True,739.38,114,671213291,train
671213194,739.03,48,15:17:40,False,,True,True,739.38,114,671213291,train
671213195,739.06,48,15:17:41,False,,True,True,739.38,114,671213291,train
671213196,739.05,48,15:17:42,False,,True,True,739.38,114,671213291,train
671213197,739.1,48,15:17:43,False,,True,True,739.38,114,671213291,train
671213198,739.03,48,15:17:44,False,,True,True,739.38,114,671213291,train
671213199,739.05,48,15:17:45,False,,True,True,739.37,114,671213291,train
671213200,739.05,48,15:17:46,False,,True,True,739.37,114,671213291,train
671213201,739.07,48,15:17:47,False,,True,True,739.37,114,671213291,train
671213202,739.09,48,15:17:48,False,,True,True,739.37,114,671213291,train
671213203,739.05,48,15:17:49,False,,True,True,739.37,114,671213291,train
671213204,739.09,48,15:17:50,False,,True,True,739.37,114,671213291,train
671213205,739.09,48,15:17:51,False,,True,True,739.37,114,671213291,train
671213206,739.14,48,15:17:52,False,,True,True,739.36,114,671213291,train
671213207,739.09,48,15:17:53,False,,True,True,739.36,114,671213291,train
671213208,739.09,48,15:17:54,False,,True,True,739.36,114,671213291,train
671213209,739.14,48,15:17:55,False,,True,True,739.36,114,671213291,train
671213210,739.11,48,15:17:56,False,,True,True,739.36,114,671213291,train
671213211,739.11,48,15:17:57,False,,True,True,739.36,114,671213291,train
671213212,739.09,48,15:17:58,False,,True,True,739.36,114,671213291,train
671213213,739.13,48,15:17:59,False,,True,True,739.35,114,671213291,train
671213214,739.13,48,15:18:00,False,,True,True,739.35,114,671213291,train
671213215,739.11,48,15:18:01,False,,True,True,739.35,114,671213291,train
671213216,739.13,48,15:18:02,False,,True,True,739.35,114,671213291,train
671213217,739.13,48,15:18:03,False,,True,True,739.35,114,671213291,train
671213218,739.08,48,15:18:04,False,,True,True,739.35,114,671213291,train
671213219,739.1,48,15:18:05,False,,True,True,739.35,114,671213291,train
671213220,739.12,48,15:18:06,False,,True,True,739.35,114,671213291,train
671213221,739.08,48,15:18:07,False,,True,True,739.34,114,671213291,train
671213222,739.12,48,15:18:08,False,,True,True,739.34,114,671213291,train
671213223,739.1,48,15:18:09,False,,True,True,739.34,114,671213291,train
671213224,739.08,48,15:18:10,False,,True,True,739.34,114,671213291,train
671213225,739.01,48,15:18:11,False,,True,True,739.34,114,671213291,train
671213226,739.05,48,15:18:11,False,,True,True,739.34,114,671213291,train
671213227,739.05,48,15:18:12,False,,True,True,739.34,114,671213291,train
671213228,739.01,48,15:18:13,False,,True,True,739.33,114,671213291,train
671213229,739.01,48,15:18:14,False,,True,True,739.33,114,671213291,train
671213230,739.05,48,15:18:15,False,,True,True,739.33,114,671213291,train
671213231,739.03,48,15:18:16,False,,True,True,739.33,114,671213291,train
671213232,739.0,48,15:18:17,False,,True,True,739.33,114,671213291,train
671213233,739.02,48,15:18:18,False,,True,True,739.33,114,671213291,train
671213234,738.96,48,15:18:19,False,,True,True,739.33,114,671213291,train
671213235,739.0,48,15:18:20,False,,True,True,739.32,114,671213291,train
671213236,738.98,48,15:18:21,False,,True,True,739.32,114,671213291,train
671213237,739.0,48,15:18:22,False,,True,True,739.32,114,671213291,train
671213238,738.98,48,15:18:23,False,,True,True,739.32,114,671213291,train
671213239,738.91,48,15:18:24,False,,True,True,739.32,114,671213291,train
671213933,738.61,48,15:29:40,False,,True,True,738.82,115,671214052,train
671213934,738.59,48,15:29:41,False,,True,True,738.82,115,671214052,train
671213935,738.53,48,15:29:42,False,,True,True,738.82,115,671214052,train
671213936,738.59,48,15:29:43,False,,True,True,738.82,115,671214052,train
671213937,738.59,48,15:29:44,False,,True,True,738.82,115,671214052,train
671213938,738.61,48,15:29:45,False,,True,True,738.82,115,671214052,train
671213939,738.66,48,15:29:46,False,,True,True,738.82,115,671214052,train
671213940,738.66,48,15:29:47,False,,True,True,738.82,115,671214052,train
671213941,738.64,48,15:29:48,False,,True,True,738.82,115,671214052,train
671213942,738.59,48,15:29:49,False,,True,True,738.82,115,671214052,train
671213943,738.59,48,15:29:49,False,,True,True,738.82,115,671214052,train
671213944,738.64,48,15:29:50,False,,True,True,738.82,115,671214052,train
671213945,738.66,48,15:29:51,False,,True,True,738.82,115,671214052,train
671213946,738.64,48,15:29:52,False,,True,True,738.82,115,671214052,train
671213947,738.62,48,15:29:53,False,,True,True,738.82,115,671214052,train
671213948,738.62,48,15:29:54,False,,True,True,738.81,115,671214052,train
671213949,738.61,48,15:29:55,False,,True,True,738.81,115,671214052,train
671213950,738.66,48,15:29:56,False,,True,True,738.81,115,671214052,train
671213951,738.64,48,15:29:57,False,,True,True,738.81,115,671214052,train
671213952,738.57,48,15:29:58,False,,True,True,738.81,115,671214052,train
671213953,738.57,48,15:29:59,False,,True,True,738.81,115,671214052,train
671213954,738.62,48,15:30:00,False,,True,True,738.81,115,671214052,train
671213955,738.6,48,15:30:01,False,,True,True,738.81,115,671214052,train
671213956,738.62,48,15:30:02,False,,True,True,738.81,115,671214052,train
671213957,738.66,48,15:30:03,False,,True,True,738.81,115,671214052,train
671213958,738.64,48,15:30:04,False,,True,True,738.81,115,671214052,train
671213959,738.66,48,15:30:05,False,,True,True,738.81,115,671214052,train
671213960,738.6,48,15:30:06,False,,True,True,738.81,115,671214052,train
671213961,738.59,48,15:30:07,False,,True,True,738.81,115,671214052,train
671213962,738.59,48,15:30:08,False,,True,True,738.81,115,671214052,train
671213963,738.58,48,15:30:09,False,,True,True,738.81,115,671214052,train
671213964,738.62,48,15:30:10,False,,True,True,738.81,115,671214052,train
671213965,738.59,48,15:30:11,False,,True,True,738.81,115,671214052,train
671213966,738.43,48,15:30:12,False,,True,True,738.81,115,671214052,train
671213967,738.37,48,15:30:13,False,,True,True,738.81,115,671214052,train
671213968,738.43,48,15:30:14,False,,True,True,738.81,115,671214052,train
671213969,738.39,48,15:30:15,False,,True,True,738.81,115,671214052,train
671213970,738.48,48,15:30:16,False,,True,True,738.8,115,671214052,train
671213971,738.5,48,15:30:17,False,,True,True,738.8,115,671214052,train
671213972,738.44,48,15:30:18,False,,True,True,738.8,115,671214052,train
671213973,738.48,48,15:30:19,False,,True,True,738.8,115,671214052,train
671213974,738.48,48,15:30:20,False,,True,True,738.8,115,671214052,train
671213975,738.44,48,15:30:21,False,,True,True,738.8,115,671214052,train
671213976,738.46,48,15:30:22,False,,True,True,738.8,115,671214052,train
671213977,738.42,48,15:30:23,False,,True,True,738.8,115,671214052,train
671213978,738.39,48,15:30:24,False,,True,True,738.8,115,671214052,train
671213979,738.42,48,15:30:25,False,,True,True,738.8,115,671214052,train
671213980,738.51,48,15:30:26,False,,True,True,738.8,115,671214052,train
671213981,738.51,48,15:30:26,False,,True,True,738.8,115,671214052,train
671213982,738.46,48,15:30:27,False,,True,True,738.79,115,671214052,train
671213983,738.51,48,15:30:28,False,,True,True,738.79,115,671214052,train
671213984,738.44,48,15:30:29,False,,True,True,738.79,115,671214052,train
671213985,738.49,48,15:30:30,False,,True,True,738.79,115,671214052,train
671213986,738.48,48,15:30:31,False,,True,True,738.79,115,671214052,train
671213987,738.42,48,15:30:32,False,,True,True,738.79,115,671214052,train
671213988,738.48,48,15:30:33,False,,True,True,738.79,115,671214052,train
671213989,738.44,48,15:30:34,False,,True,True,738.79,115,671214052,train
671213990,738.51,48,15:30:35,False,,True,True,738.79,115,671214052,train
671213991,738.4,48,15:30:36,False,,True,True,738.79,115,671214052,train
671213992,738.48,48,15:30:37,False,,True,True,738.79,115,671214052,train
671224836,738.57,48,18:26:34,False,,True,True,738.36,116,671224977,train
671224837,738.59,48,18:26:35,False,,True,True,738.36,116,671224977,train
671224838,738.57,48,18:26:36,False,,True,True,738.36,116,671224977,train
671224839,738.57,48,18:26:37,False,,True,True,738.36,116,671224977,train
671224840,738.59,48,18:26:38,False,,True,True,738.36,116,671224977,train
671224841,738.64,48,18:26:39,False,,True,True,738.36,116,671224977,train
671224842,738.55,48,18:26:40,False,,True,True,738.36,116,671224977,train
671224843,738.62,48,18:26:41,False,,True,True,738.36,116,671224977,train
671224844,738.58,48,18:26:42,False,,True,True,738.36,116,671224977,train
671224845,738.6,48,18:26:43,False,,True,True,738.36,116,671224977,train
671224846,738.62,48,18:26:44,False,,True,True,738.37,116,671224977,train
671224847,738.62,48,18:26:45,False,,True,True,738.37,116,671224977,train
671224848,738.6,48,18:26:45,False,,True,True,738.37,116,671224977,train
671224849,738.6,48,18:26:46,False,,True,True,738.37,116,671224977,train
671224850,738.6,48,18:26:47,False,,True,True,738.37,116,671224977,train
671224851,738.6,48,18:26:48,False,,True,True,738.37,116,671224977,train
671224852,738.6,48,18:26:49,False,,True,True,738.37,116,671224977,train
671224853,738.58,48,18:26:50,False,,True,True,738.37,116,671224977,train
671224854,738.54,48,18:26:51,False,,True,True,738.37,116,671224977,train
671224855,738.58,48,18:26:52,False,,True,True,738.37,116,671224977,train
671224856,738.54,48,18:26:53,False,,True,True,738.37,116,671224977,train
671224857,738.56,48,18:26:54,False,,True,True,738.38,116,671224977,train
671224858,738.56,48,18:26:55,False,,True,True,738.38,116,671224977,train
671224859,738.59,48,18:26:56,False,,True,True,738.38,116,671224977,train
671224860,738.58,48,18:26:57,False,,True,True,738.38,116,671224977,train
671224861,738.54,48,18:26:58,False,,True,True,738.38,116,671224977,train
671224862,738.59,48,18:26:59,False,,True,True,738.38,116,671224977,train
671224863,738.52,48,18:27:00,False,,True,True,738.38,116,671224977,train
671224864,738.54,48,18:27:01,False,,True,True,738.38,116,671224977,train
671224865,738.59,48,18:27:02,False,,True,True,738.38,116,671224977,train
671224866,738.57,48,18:27:03,False,,True,True,738.38,116,671224977,train
671224867,738.54,48,18:27:04,False,,True,True,738.38,116,671224977,train
671224868,738.57,48,18:27:05,False,,True,True,738.39,116,671224977,train
671224869,738.56,48,18:27:06,False,,True,True,738.39,116,671224977,train
671224870,738.55,48,18:27:07,False,,True,True,738.39,116,671224977,train
671224871,738.52,48,18:27:08,False,,True,True,738.39,116,671224977,train
671224872,738.56,48,18:27:09,False,,True,True,738.39,116,671224977,train
671224873,738.57,48,18:27:10,False,,True,True,738.39,116,671224977,train
671224874,738.57,48,18:27:11,False,,True,True,738.39,116,671224977,train
671224875,738.55,48,18:27:12,False,,True,True,738.39,116,671224977,train
671224876,738.57,48,18:27:13,False,,True,True,738.39,116,671224977,train
671224877,738.5,48,18:27:14,False,,True,True,738.39,116,671224977,train
671224878,738.57,48,18:27:15,False,,True,True,738.39,116,671224977,train
671224879,738.55,48,18:27:16,False,,True,True,738.39,116,671224977,train
671224880,738.52,48,18:27:17,False,,True,True,738.4,116,671224977,train
671224881,738.55,48,18:27:18,False,,True,True,738.4,116,671224977,train
671224882,738.5,48,18:27:19,False,,True,True,738.4,116,671224977,train
671224883,738.53,48,18:27:20,False,,True,True,738.4,116,671224977,train
671224884,738.51,48,18:27:21,False,,True,True,738.4,116,671224977,train
671224885,738.51,48,18:27:22,False,,True,True,738.4,116,671224977,train
671224886,738.49,48,18:27:22,False,,True,True,738.4,116,671224977,train
671224887,738.53,48,18:27:23,False,,True,True,738.4,116,671224977,train
671224888,738.51,48,18:27:24,False,,True,True,738.4,116,671224977,train
671224889,738.49,48,18:27:25,False,,True,True,738.4,116,671224977,train
671224890,738.49,48,18:27:26,False,,True,True,738.4,116,671224977,train
671224891,738.51,48,18:27:27,False,,True,True,738.4,116,671224977,train
671224892,738.51,48,18:27:28,False,,True,True,738.4,116,671224977,train
671224893,738.45,48,18:27:29,False,,True,True,738.4,116,671224977,train
671224894,738.49,48,18:27:30,False,,True,True,738.4,116,671224977,train
671224895,738.47,48,18:27:31,False,,True,True,738.4,116,671224977,train
671291586,744.84,49,12:29:35,False,,True,False,744.62,117,671291649,train
671291587,744.82,49,12:29:36,False,,True,False,744.62,117,671291649,train
671291588,744.82,49,12:29:37,False,,True,False,744.62,117,671291649,train
671291589,744.84,49,12:29:38,False,,True,False,744.62,117,671291649,train
671291590,744.84,49,12:29:39,False,,True,False,744.62,117,671291649,train
671291591,744.86,49,12:29:40,False,,True,False,744.62,117,671291649,train
671291592,744.84,49,12:29:41,False,,True,False,744.62,117,671291649,train
671291593,744.84,49,12:29:42,False,,True,False,744.62,117,671291649,train
671291594,744.79,49,12:29:43,False,,True,False,744.63,117,671291649,train
671291595,744.81,49,12:29:44,False,,True,False,744.63,117,671291649,train
671291596,744.84,49,12:29:45,False,,True,False,744.63,117,671291649,train
671291597,744.84,49,12:29:46,False,,True,False,744.63,117,671291649,train
671291598,744.86,49,12:29:47,False,,True,False,744.63,117,671291649,train
671291599,744.88,49,12:29:48,False,,True,False,744.63,117,671291649,train
671291600,744.88,49,12:29:49,False,,True,False,744.63,117,671291649,train
671291601,744.86,49,12:29:50,False,,True,False,744.63,117,671291649,train
671291602,744.81,49,12:29:51,False,,True,False,744.64,117,671291649,train
671291603,744.88,49,12:29:51,False,,True,False,744.64,117,671291649,train
671291604,744.81,49,12:29:52,False,,True,False,744.64,117,671291649,train
671291605,744.81,49,12:29:53,False,,True,False,744.64,117,671291649,train
671291606,744.81,49,12:29:54,False,,True,False,744.64,117,671291649,train
671291607,744.79,49,12:29:55,False,,True,False,744.64,117,671291649,train
671291608,744.81,49,12:29:56,False,,True,False,744.64,117,671291649,train
671291609,744.81,49,12:29:57,False,,True,False,744.64,117,671291649,train
671291610,744.79,49,12:29:58,False,,True,False,744.64,117,671291649,train
671291611,744.77,49,12:29:59,False,,True,False,744.64,117,671291649,train
671291612,744.76,49,12:30:00,False,,True,False,744.65,117,671291649,train
671291613,744.76,49,12:30:01,False,,True,False,744.65,117,671291649,train
671291614,744.81,49,12:30:02,False,,True,False,744.65,117,671291649,train
671291615,744.74,49,12:30:03,False,,True,False,744.65,117,671291649,train
671291616,744.76,49,12:30:04,False,,True,False,744.65,117,671291649,train
671291617,744.76,49,12:30:05,False,,True,False,744.65,117,671291649,train
671291618,744.83,49,12:30:06,False,,True,False,744.65,117,671291649,train
671291619,744.78,49,12:30:07,False,,True,False,744.65,117,671291649,train
671291620,744.78,49,12:30:08,False,,True,False,744.65,117,671291649,train
671291621,744.78,49,12:30:09,False,,True,False,744.65,117,671291649,train
671291622,744.76,49,12:30:10,False,,True,False,744.65,117,671291649,train
671291623,744.85,49,12:30:11,False,,True,False,744.66,117,671291649,train
671291624,744.78,49,12:30:12,False,,True,False,744.66,117,671291649,train
671291625,744.8,49,12:30:13,False,,True,False,744.66,117,671291649,train
671291626,744.8,49,12:30:14,False,,True,False,744.66,117,671291649,train
671291627,744.76,49,12:30:15,False,,True,False,744.66,117,671291649,train
671291628,744.78,49,12:30:16,False,,True,False,744.66,117,671291649,train
671291629,744.84,49,12:30:17,False,,True,False,744.66,117,671291649,train
671291630,744.76,49,12:30:18,False,,True,False,744.66,117,671291649,train
671291631,744.8,49,12:30:19,False,,True,False,744.66,117,671291649,train
671291632,744.8,49,12:30:20,False,,True,False,744.66,117,671291649,train
671291633,744.78,49,12:30:21,False,,True,False,744.66,117,671291649,train
671291634,744.75,49,12:30:22,False,,True,False,744.67,117,671291649,train
671291635,744.77,49,12:30:23,False,,True,False,744.67,117,671291649,train
671291636,744.73,49,12:30:24,False,,True,True,744.67,117,671291649,train
671291637,744.75,49,12:30:25,False,,True,True,744.67,117,671291649,train
671291638,744.68,49,12:30:26,False,,True,True,744.67,117,671291649,train
671291639,744.79,49,12:30:27,False,,True,True,744.67,117,671291649,train
671291640,744.75,49,12:30:27,False,,True,True,744.67,117,671291649,train
671291641,744.73,49,12:30:28,False,,True,True,744.67,117,671291649,train
671291642,744.61,49,12:30:29,False,,True,True,744.67,117,671291649,train
671291643,744.61,49,12:30:30,False,,True,True,744.67,117,671291649,train
671291644,744.5,49,12:30:31,False,,True,True,744.67,117,671291649,train
671291645,744.39,49,12:30:32,False,,True,True,744.67,117,671291649,train
671294527,746.43,49,13:17:18,False,,True,True,746.39,118,671294608,train
671294528,746.45,49,13:17:19,False,,True,True,746.39,118,671294608,train
671294529,746.39,49,13:17:20,False,,True,True,746.39,118,671294608,train
671294530,746.43,49,13:17:21,False,,True,True,746.39,118,671294608,train
671294531,746.34,49,13:17:22,False,,True,True,746.39,118,671294608,train
671294532,746.43,49,13:17:23,False,,True,True,746.39,118,671294608,train
671294533,746.39,49,13:17:24,False,,True,True,746.39,118,671294608,train
671294534,746.36,49,13:17:25,False,,True,True,746.39,118,671294608,train
671294535,746.45,49,13:17:26,False,,True,True,746.39,118,671294608,train
671294536,746.4,49,13:17:27,False,,True,True,746.4,118,671294608,train
671294537,746.38,49,13:17:28,False,,True,True,746.4,118,671294608,train
671294538,746.4,49,13:17:29,False,,True,True,746.4,118,671294608,train
671294539,746.38,49,13:17:30,False,,True,True,746.4,118,671294608,train
671294540,746.4,49,13:17:31,False,,True,True,746.4,118,671294608,train
671294541,746.38,49,13:17:32,False,,True,True,746.4,118,671294608,train
671294542,746.4,49,13:17:33,False,,True,True,746.4,118,671294608,train
671294543,746.4,49,13:17:34,False,,True,True,746.4,118,671294608,train
671294544,746.42,49,13:17:35,False,,True,True,746.4,118,671294608,train
671294545,746.44,49,13:17:36,False,,True,True,746.4,118,671294608,train
671294546,746.4,49,13:17:36,False,,True,True,746.4,118,671294608,train
671294547,746.4,49,13:17:37,False,,True,True,746.4,118,671294608,train
671294548,746.42,49,13:17:38,False,,True,True,746.4,118,671294608,train
671294549,746.46,49,13:17:39,False,,True,True,746.4,118,671294608,train
671294550,746.44,49,13:17:40,False,,True,True,746.4,118,671294608,train
671294551,746.44,49,13:17:41,False,,True,True,746.4,118,671294608,train
671294552,746.44,49,13:17:42,False,,True,True,746.4,118,671294608,train
671294553,746.46,49,13:17:43,False,,True,True,746.4,118,671294608,train
671294554,746.44,49,13:17:44,False,,True,True,746.4,118,671294608,train
671294555,746.42,49,13:17:45,False,,True,True,746.4,118,671294608,train
671294556,746.39,49,13:17:46,False,,True,True,746.4,118,671294608,train
671294557,746.39,49,13:17:47,False,,True,True,746.4,118,671294608,train
671294558,746.43,49,13:17:48,False,,True,True,746.4,118,671294608,train
671294559,746.37,49,13:17:49,False,,True,True,746.4,118,671294608,train
671294560,746.43,49,13:17:50,False,,True,True,746.4,118,671294608,train
671294561,746.39,49,13:17:51,False,,True,True,746.4,118,671294608,train
671294562,746.41,49,13:17:52,False,,True,True,746.4,118,671294608,train
671294563,746.41,49,13:17:53,False,,True,True,746.4,118,671294608,train
671294564,746.39,49,13:17:54,False,,True,True,746.4,118,671294608,train
671294565,746.41,49,13:17:55,False,,True,True,746.4,118,671294608,train
671294566,746.43,49,13:17:56,False,,True,True,746.4,118,671294608,train
671294567,746.39,49,13:17:57,False,,True,True,746.4,118,671294608,train
671294568,746.43,49,13:17:58,False,,True,True,746.4,118,671294608,train
671294569,746.36,49,13:17:59,False,,True,True,746.4,118,671294608,train
671294570,746.36,49,13:18:00,False,,True,True,746.4,118,671294608,train
671294571,746.35,49,13:18:01,False,,True,True,746.4,118,671294608,train
671294572,746.34,49,13:18:02,False,,True,True,746.4,118,671294608,train
671294573,746.36,49,13:18:03,False,,True,True,746.4,118,671294608,train
671294574,746.38,49,13:18:04,False,,True,True,746.4,118,671294608,train
671294575,746.37,49,13:18:05,False,,True,True,746.4,118,671294608,train
671294576,746.38,49,13:18:06,False,,True,True,746.4,118,671294608,train
671294577,746.29,49,13:18:07,False,,True,True,746.4,118,671294608,train
671294578,746.33,49,13:18:08,False,,True,True,746.41,118,671294608,train
671294579,746.3,49,13:18:09,False,,True,True,746.41,118,671294608,train
671294580,746.24,49,13:18:10,False,,True,True,746.41,118,671294608,train
671294581,746.22,49,13:18:11,False,,True,True,746.41,118,671294608,train
671294582,746.28,49,13:18:12,False,,True,True,746.41,118,671294608,train
671294583,746.19,49,13:18:13,False,,True,True,746.41,118,671294608,train
671294584,746.26,49,13:18:13,False,,True,True,746.41,118,671294608,train
671294585,746.26,49,13:18:14,False,,True,True,746.41,118,671294608,train
671294586,746.21,49,13:18:15,False,,True,True,746.4,118,671294608,train
671302403,740.19,49,15:25:05,False,,True,False,740.53,119,671302478,train
671302404,740.19,49,15:25:06,False,,True,False,740.53,119,671302478,train
671302405,740.19,49,15:25:07,False,,True,False,740.53,119,671302478,train
671302406,740.17,49,15:25:08,False,,True,False,740.53,119,671302478,train
671302407,740.16,49,15:25:09,False,,True,False,740.52,119,671302478,train
671302408,740.16,49,15:25:10,False,,True,False,740.52,119,671302478,train
671302409,740.14,49,15:25:11,False,,True,False,740.52,119,671302478,train
671302410,740.14,49,15:25:12,False,,True,False,740.52,119,671302478,train
671302411,740.21,49,15:25:13,False,,True,False,740.52,119,671302478,train
671302412,740.14,49,15:25:14,False,,True,False,740.52,119,671302478,train
671302413,740.18,49,15:25:15,False,,True,False,740.52,119,671302478,train
671302414,740.09,49,15:25:16,False,,True,False,740.51,119,671302478,train
671302415,740.07,49,15:25:17,False,,True,False,740.51,119,671302478,train
671302416,740.12,49,15:25:18,False,,True,True,740.51,119,671302478,train
671302417,740.16,49,15:25:19,False,,True,True,740.51,119,671302478,train
671302418,740.05,49,15:25:20,False,,True,True,740.51,119,671302478,train
671302419,740.07,49,15:25:21,False,,True,True,740.5,119,671302478,train
671302420,740.03,49,15:25:22,False,,True,True,740.5,119,671302478,train
671302421,740.05,49,15:25:23,False,,True,True,740.5,119,671302478,train
671302422,740.03,49,15:25:24,False,,True,True,740.5,119,671302478,train
671302423,740.09,49,15:25:25,False,,True,True,740.5,119,671302478,train
671302424,740.05,49,15:25:26,False,,True,True,740.5,119,671302478,train
671302425,740.11,49,15:25:27,False,,True,True,740.49,119,671302478,train
671302426,740.07,49,15:25:28,False,,True,True,740.49,119,671302478,train
671302427,740.05,49,15:25:29,False,,True,True,740.49,119,671302478,train
671302428,740.09,49,15:25:30,False,,True,True,740.49,119,671302478,train
671302429,740.11,49,15:25:31,False,,True,True,740.49,119,671302478,train
671302430,740.09,49,15:25:32,False,,True,True,740.49,119,671302478,train
671302431,740.12,49,15:25:33,False,,True,True,740.48,119,671302478,train
671302432,740.05,49,15:25:34,False,,True,True,740.48,119,671302478,train
671302433,740.09,49,15:25:34,False,,True,True,740.48,119,671302478,train
671302434,740.14,49,15:25:35,False,,True,True,740.48,119,671302478,train
671302435,740.16,49,15:25:36,False,,True,True,740.48,119,671302478,train
671302436,740.09,49,15:25:37,False,,True,True,740.48,119,671302478,train
671302437,740.12,49,15:25:38,False,,True,True,740.48,119,671302478,train
671302438,740.14,49,15:25:39,False,,True,True,740.47,119,671302478,train
671302439,740.18,49,15:25:40,False,,True,True,740.47,119,671302478,train
671302440,740.16,49,15:25:41,False,,True,True,740.47,119,671302478,train
671302441,740.13,49,15:25:42,False,,True,True,740.47,119,671302478,train
671302442,740.18,49,15:25:43,False,,True,True,740.47,119,671302478,train
671302443,740.16,49,15:25:44,False,,True,True,740.47,119,671302478,train
671302444,740.15,49,15:25:45,False,,True,True,740.47,119,671302478,train
671302445,740.2,49,15:25:46,False,,True,True,740.46,119,671302478,train
671302446,740.18,49,15:25:47,False,,True,True,740.46,119,671302478,train
671302447,740.14,49,15:25:48,False,,True,True,740.46,119,671302478,train
671302448,740.2,49,15:25:49,False,,True,True,740.46,119,671302478,train
671302449,740.16,49,15:25:50,False,,True,True,740.46,119,671302478,train
671302450,740.23,49,15:25:51,False,,True,True,740.46,119,671302478,train
671302451,740.23,49,15:25:52,False,,True,True,740.46,119,671302478,train
671302452,740.22,49,15:25:53,False,,True,True,740.46,119,671302478,train
671302453,740.2,49,15:25:54,False,,True,True,740.45,119,671302478,train
671302454,740.11,49,15:25:55,False,,True,True,740.45,119,671302478,train
671302455,740.05,49,15:25:56,False,,True,True,740.45,119,671302478,train
671302456,740.02,49,15:25:57,False,,True,True,740.45,119,671302478,train
671302457,740.09,49,15:25:58,False,,True,True,740.45,119,671302478,train
671302458,740.11,49,15:25:59,False,,True,True,740.45,119,671302478,train
671302459,740.02,49,15:26:00,False,,True,True,740.45,119,671302478,train
671302460,740.05,49,15:26:01,False,,True,True,740.45,119,671302478,train
671302461,740.09,49,15:26:02,False,,True,True,740.44,119,671302478,train
671302462,740.09,49,15:26:03,False,,True,True,740.44,119,671302478,train
671302838,739.7,49,15:32:09,False,,True,False,740.0,120,671302909,train
671302839,739.74,49,15:32:10,False,,True,False,740.0,120,671302909,train
671302840,739.74,49,15:32:11,False,,True,False,740.0,120,671302909,train
671302841,739.72,49,15:32:12,False,,True,False,740.0,120,671302909,train
671302842,739.65,49,15:32:13,False,,True,False,739.99,120,671302909,train
671302843,739.63,49,15:32:14,False,,True,False,739.99,120,671302909,train
671302844,739.61,49,15:32:15,False,,True,False,739.99,120,671302909,train
671302845,739.63,49,15:32:16,False,,True,False,739.99,120,671302909,train
671302846,739.67,49,15:32:17,False,,True,False,739.99,120,671302909,train
671302847,739.65,49,15:32:18,False,,True,False,739.99,120,671302909,train
671302848,739.67,49,15:32:18,False,,True,False,739.99,120,671302909,train
671302849,739.72,49,15:32:19,False,,True,False,739.99,120,671302909,train
671302850,739.68,49,15:32:20,False,,True,False,739.98,120,671302909,train
671302851,739.63,49,15:32:21,False,,True,False,739.98,120,671302909,train
671302852,739.64,49,15:32:22,False,,True,False,739.98,120,671302909,train
671302853,739.67,49,15:32:23,False,,True,False,739.98,120,671302909,train
671302854,739.63,49,15:32:24,False,,True,False,739.98,120,671302909,train
671302855,739.65,49,15:32:25,False,,True,False,739.98,120,671302909,train
671302856,739.66,49,15:32:26,False,,True,False,739.98,120,671302909,train
671302857,739.65,49,15:32:27,False,,True,False,739.98,120,671302909,train
671302858,739.63,49,15:32:28,False,,True,False,739.97,120,671302909,train
671302859,739.65,49,15:32:29,False,,True,False,739.97,120,671302909,train
671302860,739.68,49,15:32:30,False,,True,False,739.97,120,671302909,train
671302861,739.66,49,15:32:31,False,,True,False,739.97,120,671302909,train
671302862,739.7,49,15:32:32,False,,True,False,739.97,120,671302909,train
671302863,739.68,49,15:32:33,False,,True,False,739.97,120,671302909,train
671302864,739.7,49,15:32:34,False,,True,False,739.97,120,671302909,train
671302865,739.63,49,15:32:35,False,,True,True,739.97,120,671302909,train
671302866,739.72,49,15:32:36,False,,True,True,739.97,120,671302909,train
671302867,739.64,49,15:32:37,False,,True,True,739.96,120,671302909,train
671302868,739.72,49,15:32:38,False,,True,True,739.96,120,671302909,train
671302869,739.68,49,15:32:39,False,,True,True,739.96,120,671302909,train
671302870,739.7,49,15:32:40,False,,True,True,739.96,120,671302909,train
671302871,739.61,49,15:32:41,False,,True,True,739.96,120,671302909,train
671302872,739.7,49,15:32:42,False,,True,True,739.96,120,671302909,train
671302873,739.64,49,15:32:43,False,,True,True,739.96,120,671302909,train
671302874,739.7,49,15:32:44,False,,True,True,739.96,120,671302909,train
671302875,739.64,49,15:32:45,False,,True,True,739.95,120,671302909,train
671302876,739.63,49,15:32:46,False,,True,True,739.95,120,671302909,train
671302877,739.63,49,15:32:47,False,,True,True,739.95,120,671302909,train
671302878,739.63,49,15:32:48,False,,True,True,739.95,120,671302909,train
671302879,739.61,49,15:32:49,False,,True,True,739.95,120,671302909,train
671302880,739.65,49,15:32:50,False,,True,True,739.95,120,671302909,train
671302881,739.59,49,15:32:51,False,,True,True,739.95,120,671302909,train
671302882,739.59,49,15:32:52,False,,True,True,739.94,120,671302909,train
671302883,739.57,49,15:32:53,False,,True,True,739.94,120,671302909,train
671302884,739.59,49,15:32:54,False,,True,True,739.94,120,671302909,train
671302885,739.61,49,15:32:55,False,,True,True,739.94,120,671302909,train
671302886,739.59,49,15:32:55,False,,True,True,739.94,120,671302909,train
671302887,739.57,49,15:32:56,False,,True,True,739.94,120,671302909,train
671302888,739.59,49,15:32:57,False,,True,True,739.94,120,671302909,train
671302889,739.63,49,15:32:58,False,,True,True,739.94,120,671302909,train
671302890,739.57,49,15:32:59,False,,True,True,739.93,120,671302909,train
671302891,739.61,49,15:33:00,False,,True,True,739.93,120,671302909,train
671302892,739.63,49,15:33:01,False,,True,True,739.93,120,671302909,train
671302893,739.43,49,15:33:02,False,,True,True,739.93,120,671302909,train
671302894,739.46,49,15:33:03,False,,True,True,739.93,120,671302909,train
671302895,739.43,49,15:33:04,False,,True,True,739.93,120,671302909,train
671302896,739.41,49,15:33:05,False,,True,True,739.93,120,671302909,train
671302897,739.5,49,15:33:06,False,,True,True,739.92,120,671302909,train
671308182,738.75,49,16:58:51,False,,True,True,738.86,121,671308300,train
671308183,738.73,49,16:58:52,False,,True,True,738.86,121,671308300,train
671308184,738.75,49,16:58:53,False,,True,True,738.86,121,671308300,train
671308185,738.73,49,16:58:54,False,,True,True,738.86,121,671308300,train
671308186,738.67,49,16:58:55,False,,True,True,738.86,121,671308300,train
671308187,738.78,49,16:58:56,False,,True,True,738.86,121,671308300,train
671308188,738.76,49,16:58:57,False,,True,True,738.86,121,671308300,train
671308189,738.78,49,16:58:58,False,,True,True,738.86,121,671308300,train
671308190,738.83,49,16:58:59,False,,True,True,738.86,121,671308300,train
671308191,738.83,49,16:59:00,False,,True,True,738.86,121,671308300,train
671308192,738.76,49,16:59:01,False,,True,True,738.86,121,671308300,train
671308193,738.81,49,16:59:02,False,,True,True,738.86,121,671308300,train
671308194,738.79,49,16:59:03,False,,True,True,738.86,121,671308300,train
671308195,738.81,49,16:59:04,False,,True,True,738.86,121,671308300,train
671308196,738.73,49,16:59:05,False,,True,True,738.86,121,671308300,train
671308197,738.68,49,16:59:06,False,,True,True,738.86,121,671308300,train
671308198,738.78,49,16:59:07,False,,True,True,738.86,121,671308300,train
671308199,738.78,49,16:59:08,False,,True,True,738.86,121,671308300,train
671308200,738.82,49,16:59:09,False,,True,True,738.86,121,671308300,train
671308201,738.76,49,16:59:10,False,,True,True,738.86,121,671308300,train
671308202,738.8,49,16:59:11,False,,True,True,738.86,121,671308300,train
671308203,738.76,49,16:59:12,False,,True,True,738.86,121,671308300,train
671308204,738.76,49,16:59:13,False,,True,True,738.86,121,671308300,train
671308205,738.76,49,16:59:14,False,,True,True,738.86,121,671308300,train
671308206,738.7,49,16:59:14,False,,True,True,738.86,121,671308300,train
671308207,738.81,49,16:59:15,False,,True,True,738.86,121,671308300,train
671308208,738.74,49,16:59:16,False,,True,True,738.86,121,671308300,train
671308209,738.72,49,16:59:17,False,,True,True,738.87,121,671308300,train
671308210,738.77,49,16:59:18,False,,True,True,738.86,121,671308300,train
671308211,738.79,49,16:59:19,False,,True,True,738.87,121,671308300,train
671308212,738.73,49,16:59:20,False,,True,True,738.87,121,671308300,train
671308213,738.77,49,16:59:21,False,,True,True,738.87,121,671308300,train
671308214,738.71,49,16:59:22,False,,True,True,738.87,121,671308300,train
671308215,738.77,49,16:59:23,False,,True,True,738.87,121,671308300,train
671308216,738.74,49,16:59:24,False,,True,True,738.87,121,671308300,train
671308217,738.76,49,16:59:25,False,,True,True,738.87,121,671308300,train
671308218,738.74,49,16:59:26,False,,True,True,738.87,121,671308300,train
671308219,738.76,49,16:59:27,False,,True,True,738.87,121,671308300,train
671308220,738.76,49,16:59:28,False,,True,True,738.87,121,671308300,train
671308221,738.74,49,16:59:29,False,,True,True,738.87,121,671308300,train
671308222,738.76,49,16:59:30,False,,True,True,738.87,121,671308300,train
671308223,738.7,49,16:59:31,False,,True,True,738.87,121,671308300,train
671308224,738.77,49,16:59:32,False,,True,True,738.87,121,671308300,train
671308225,738.79,49,16:59:33,False,,True,True,738.87,121,671308300,train
671308226,738.73,49,16:59:34,False,,True,True,738.87,121,671308300,train
671308227,738.75,49,16:59:35,False,,True,True,738.87,121,671308300,train
671308228,738.73,49,16:59:36,False,,True,True,738.87,121,671308300,train
671308229,738.79,49,16:59:37,False,,True,True,738.86,121,671308300,train
671308230,738.78,49,16:59:38,False,,True,True,738.86,121,671308300,train
671308231,738.6,49,16:59:39,False,,True,True,738.86,121,671308300,train
671308232,738.67,49,16:59:40,False,,True,True,738.86,121,671308300,train
671308233,738.62,49,16:59:41,False,,True,True,738.86,121,671308300,train
671308234,738.65,49,16:59:42,False,,True,True,738.86,121,671308300,train
671308235,738.56,49,16:59:43,False,,True,True,738.86,121,671308300,train
671308236,738.61,49,16:59:44,False,,True,True,738.86,121,671308300,train
671308237,738.58,49,16:59:45,False,,True,True,738.86,121,671308300,train
671308238,738.63,49,16:59:46,False,,True,True,738.86,121,671308300,train
671308239,738.59,49,16:59:47,False,,True,True,738.86,121,671308300,train
671308240,738.66,49,16:59:48,False,,True,True,738.86,121,671308300,train
671308241,738.63,49,16:59:49,False,,True,True,738.86,121,671308300,train
671375977,741.07,50,11:18:50,False,,True,True,741.14,122,671376036,train
671375978,741.04,50,11:18:51,False,,True,True,741.14,122,671376036,train
671375979,741.09,50,11:18:51,False,,True,True,741.14,122,671376036,train
671375980,741.04,50,11:18:52,False,,True,True,741.14,122,671376036,train
671375981,741.09,50,11:18:53,False,,True,True,741.14,122,671376036,train
671375982,741.08,50,11:18:54,False,,True,True,741.13,122,671376036,train
671375983,741.08,50,11:18:55,False,,True,True,741.13,122,671376036,train
671375984,741.05,50,11:18:56,False,,True,True,741.13,122,671376036,train
671375985,741.05,50,11:18:57,False,,True,True,741.13,122,671376036,train
671375986,741.05,50,11:18:58,False,,True,True,741.13,122,671376036,train
671375987,741.05,50,11:18:59,False,,True,True,741.13,122,671376036,train
671375988,741.0,50,11:19:00,False,,True,True,741.13,122,671376036,train
671375989,740.98,50,11:19:01,False,,True,True,741.13,122,671376036,train
671375990,741.06,50,11:19:02,False,,True,True,741.13,122,671376036,train
671375991,741.0,50,11:19:03,False,,True,True,741.13,122,671376036,train
671375992,741.04,50,11:19:04,False,,True,True,741.13,122,671376036,train
671375993,740.99,50,11:19:05,False,,True,True,741.13,122,671376036,train
671375994,740.99,50,11:19:06,False,,True,True,741.13,122,671376036,train
671375995,741.01,50,11:19:07,False,,True,True,741.13,122,671376036,train
671375996,741.01,50,11:19:08,False,,True,True,741.13,122,671376036,train
671375997,740.96,50,11:19:09,False,,True,True,741.13,122,671376036,train
671375998,740.98,50,11:19:10,False,,True,True,741.13,122,671376036,train
671375999,740.94,50,11:19:11,False,,True,True,741.13,122,671376036,train
671376000,740.95,50,11:19:12,False,,True,True,741.13,122,671376036,train
671376001,740.98,50,11:19:13,True,122.0,True,True,741.13,122,671376036,train
671376002,740.97,50,11:19:14,True,122.0,True,True,741.13,122,671376036,train
671376003,740.9,50,11:19:15,True,122.0,True,True,741.13,122,671376036,train
671376004,740.91,50,11:19:16,True,122.0,True,True,741.13,122,671376036,train
671376005,740.92,50,11:19:17,True,122.0,True,True,741.13,122,671376036,train
671376006,740.92,50,11:19:18,True,122.0,True,True,741.13,122,671376036,train
671376007,740.94,50,11:19:19,True,122.0,True,True,741.13,122,671376036,train
671376008,740.9,50,11:19:20,True,122.0,True,True,741.13,122,671376036,train
671376009,740.94,50,11:19:21,True,122.0,True,True,741.13,122,671376036,train
671376010,740.82,50,11:19:22,True,122.0,True,True,741.13,122,671376036,train
671376011,740.91,50,11:19:23,True,122.0,True,True,741.13,122,671376036,train
671376012,740.87,50,11:19:24,True,122.0,True,True,741.13,122,671376036,train
671376013,740.97,50,11:19:25,True,122.0,True,True,741.13,122,671376036,train
671376014,740.89,50,11:19:26,True,122.0,True,True,741.13,122,671376036,train
671376015,740.88,50,11:19:27,True,122.0,True,True,741.13,122,671376036,train
671376016,740.79,50,11:19:27,True,122.0,True,True,741.13,122,671376036,train
671376017,740.74,50,11:19:28,True,122.0,True,True,741.12,122,671376036,train
671376018,740.74,50,11:19:29,True,122.0,True,True,741.12,122,671376036,train
671376019,740.6,50,11:19:30,True,122.0,True,True,741.12,122,671376036,train
671376020,740.58,50,11:19:31,True,122.0,True,True,741.12,122,671376036,train
671376021,740.55,50,11:19:32,True,122.0,True,True,741.12,122,671376036,train
671376022,740.64,50,11:19:33,True,122.0,True,True,741.12,122,671376036,train
671376023,740.62,50,11:19:34,True,122.0,True,True,741.12,122,671376036,train
671376024,740.64,50,11:19:35,True,122.0,True,True,741.12,122,671376036,train
671376025,740.62,50,11:19:36,True,122.0,True,True,741.12,122,671376036,train
671376026,740.7,50,11:19:37,True,122.0,True,True,741.12,122,671376036,train
671376027,740.61,50,11:19:38,True,122.0,True,True,741.11,122,671376036,train
671376028,740.61,50,11:19:39,True,122.0,True,True,741.11,122,671376036,train
671376029,740.74,50,11:19:40,True,122.0,True,True,741.11,122,671376036,train
671376030,740.6,50,11:19:41,True,122.0,True,True,741.11,122,671376036,train
671376031,740.6,50,11:19:42,True,122.0,True,True,741.11,122,671376036,train
671376032,740.66,50,11:19:43,True,122.0,True,True,741.11,122,671376036,train
671376033,740.62,50,11:19:44,True,122.0,True,True,741.11,122,671376036,train
671376034,740.68,50,11:19:45,True,122.0,True,True,741.11,122,671376036,train
671376035,740.68,50,11:19:46,True,122.0,True,True,741.11,122,671376036,train
671376036,740.68,50,11:19:47,True,122.0,True,True,741.11,122,671376036,train
671375990,741.06,50,11:19:02,False,,True,True,741.13,123,671376059,train
671375991,741.0,50,11:19:03,False,,True,True,741.13,123,671376059,train
671375992,741.04,50,11:19:04,False,,True,True,741.13,123,671376059,train
671375993,740.99,50,11:19:05,False,,True,True,741.13,123,671376059,train
671375994,740.99,50,11:19:06,False,,True,True,741.13,123,671376059,train
671375995,741.01,50,11:19:07,False,,True,True,741.13,123,671376059,train
671375996,741.01,50,11:19:08,False,,True,True,741.13,123,671376059,train
671375997,740.96,50,11:19:09,False,,True,True,741.13,123,671376059,train
671375998,740.98,50,11:19:10,False,,True,True,741.13,123,671376059,train
671375999,740.94,50,11:19:11,False,,True,True,741.13,123,671376059,train
671376000,740.95,50,11:19:12,False,,True,True,741.13,123,671376059,train
671376001,740.98,50,11:19:13,True,122.0,True,True,741.13,123,671376059,train
671376002,740.97,50,11:19:14,True,122.0,True,True,741.13,123,671376059,train
671376003,740.9,50,11:19:15,True,122.0,True,True,741.13,123,671376059,train
671376004,740.91,50,11:19:16,True,122.0,True,True,741.13,123,671376059,train
671376005,740.92,50,11:19:17,True,122.0,True,True,741.13,123,671376059,train
671376006,740.92,50,11:19:18,True,122.0,True,True,741.13,123,671376059,train
671376007,740.94,50,11:19:19,True,122.0,True,True,741.13,123,671376059,train
671376008,740.9,50,11:19:20,True,122.0,True,True,741.13,123,671376059,train
671376009,740.94,50,11:19:21,True,122.0,True,True,741.13,123,671376059,train
671376010,740.82,50,11:19:22,True,122.0,True,True,741.13,123,671376059,train
671376011,740.91,50,11:19:23,True,122.0,True,True,741.13,123,671376059,train
671376012,740.87,50,11:19:24,True,122.0,True,True,741.13,123,671376059,train
671376013,740.97,50,11:19:25,True,122.0,True,True,741.13,123,671376059,train
671376014,740.89,50,11:19:26,True,122.0,True,True,741.13,123,671376059,train
671376015,740.88,50,11:19:27,True,122.0,True,True,741.13,123,671376059,train
671376016,740.79,50,11:19:27,True,122.0,True,True,741.13,123,671376059,train
671376017,740.74,50,11:19:28,True,122.0,True,True,741.12,123,671376059,train
671376018,740.74,50,11:19:29,True,122.0,True,True,741.12,123,671376059,train
671376019,740.6,50,11:19:30,True,122.0,True,True,741.12,123,671376059,train
671376020,740.58,50,11:19:31,True,122.0,True,True,741.12,123,671376059,train
671376021,740.55,50,11:19:32,True,122.0,True,True,741.12,123,671376059,train
671376022,740.64,50,11:19:33,True,122.0,True,True,741.12,123,671376059,train
671376023,740.62,50,11:19:34,True,122.0,True,True,741.12,123,671376059,train
671376024,740.64,50,11:19:35,True,122.0,True,True,741.12,123,671376059,train
671376025,740.62,50,11:19:36,True,122.0,True,True,741.12,123,671376059,train
671376026,740.7,50,11:19:37,True,122.0,True,True,741.12,123,671376059,train
671376027,740.61,50,11:19:38,True,122.0,True,True,741.11,123,671376059,train
671376028,740.61,50,11:19:39,True,122.0,True,True,741.11,123,671376059,train
671376029,740.74,50,11:19:40,True,122.0,True,True,741.11,123,671376059,train
671376030,740.6,50,11:19:41,True,122.0,True,True,741.11,123,671376059,train
671376031,740.6,50,11:19:42,True,122.0,True,True,741.11,123,671376059,train
671376032,740.66,50,11:19:43,True,122.0,True,True,741.11,123,671376059,train
671376033,740.62,50,11:19:44,True,122.0,True,True,741.11,123,671376059,train
671376034,740.68,50,11:19:45,True,122.0,True,True,741.11,123,671376059,train
671376035,740.68,50,11:19:46,True,122.0,True,True,741.11,123,671376059,train
671376036,740.68,50,11:19:47,True,122.0,True,True,741.11,123,671376059,train
671376037,740.7,50,11:19:48,True,122.0,True,True,741.11,123,671376059,train
671376038,740.72,50,11:19:49,True,122.0,True,True,741.1,123,671376059,train
671376039,740.77,50,11:19:50,True,122.0,True,True,741.1,123,671376059,train
671376040,740.81,50,11:19:51,True,122.0,True,True,741.1,123,671376059,train
671376041,740.81,50,11:19:52,True,122.0,True,True,741.1,123,671376059,train
671376042,740.76,50,11:19:53,True,122.0,True,True,741.1,123,671376059,train
671376043,740.84,50,11:19:54,True,122.0,True,True,741.1,123,671376059,train
671376044,740.85,50,11:19:55,True,122.0,True,True,741.1,123,671376059,train
671376045,740.86,50,11:19:56,True,122.0,True,True,741.1,123,671376059,train
671376046,740.82,50,11:19:57,True,122.0,True,True,741.1,123,671376059,train
671376047,740.84,50,11:19:58,True,122.0,True,True,741.1,123,671376059,train
671376048,740.82,50,11:19:59,True,122.0,True,True,741.1,123,671376059,train
671376049,740.77,50,11:20:00,True,122.0,True,True,741.1,123,671376059,train
671376273,741.47,50,11:23:38,False,,True,False,741.13,124,671376348,train
671376274,741.45,50,11:23:39,False,,True,False,741.13,124,671376348,train
671376275,741.45,50,11:23:40,False,,True,False,741.13,124,671376348,train
671376276,741.46,50,11:23:41,False,,True,False,741.13,124,671376348,train
671376277,741.42,50,11:23:42,False,,True,False,741.13,124,671376348,train
671376278,741.5,50,11:23:43,False,,True,False,741.13,124,671376348,train
671376279,741.43,50,11:23:44,False,,True,False,741.13,124,671376348,train
671376280,741.48,50,11:23:44,False,,True,False,741.14,124,671376348,train
671376281,741.41,50,11:23:45,False,,True,False,741.14,124,671376348,train
671376282,741.5,50,11:23:46,False,,True,False,741.14,124,671376348,train
671376283,741.45,50,11:23:47,False,,True,False,741.14,124,671376348,train
671376284,741.47,50,11:23:48,False,,True,False,741.14,124,671376348,train
671376285,741.45,50,11:23:49,False,,True,False,741.14,124,671376348,train
671376286,741.42,50,11:23:50,False,,True,True,741.14,124,671376348,train
671376287,741.54,50,11:23:51,False,,True,True,741.14,124,671376348,train
671376288,741.49,50,11:23:52,False,,True,True,741.14,124,671376348,train
671376289,741.53,50,11:23:53,False,,True,True,741.14,124,671376348,train
671376290,741.53,50,11:23:54,False,,True,True,741.14,124,671376348,train
671376291,741.53,50,11:23:55,False,,True,True,741.14,124,671376348,train
671376292,741.55,50,11:23:56,False,,True,True,741.14,124,671376348,train
671376293,741.51,50,11:23:57,False,,True,True,741.14,124,671376348,train
671376294,741.5,50,11:23:58,False,,True,True,741.14,124,671376348,train
671376295,741.54,50,11:23:59,False,,True,True,741.14,124,671376348,train
671376296,741.48,50,11:24:00,False,,True,True,741.14,124,671376348,train
671376297,741.49,50,11:24:01,False,,True,True,741.15,124,671376348,train
671376298,741.47,50,11:24:02,False,,True,True,741.15,124,671376348,train
671376299,741.49,50,11:24:03,False,,True,True,741.15,124,671376348,train
671376300,741.51,50,11:24:04,False,,True,True,741.15,124,671376348,train
671376301,741.51,50,11:24:05,False,,True,True,741.15,124,671376348,train
671376302,741.48,50,11:24:06,False,,True,True,741.15,124,671376348,train
671376303,741.46,50,11:24:07,False,,True,True,741.15,124,671376348,train
671376304,741.53,50,11:24:08,False,,True,True,741.15,124,671376348,train
671376305,741.55,50,11:24:09,False,,True,True,741.15,124,671376348,train
671376306,741.56,50,11:24:10,False,,True,True,741.15,124,671376348,train
671376307,741.52,50,11:24:11,False,,True,True,741.15,124,671376348,train
671376308,741.54,50,11:24:12,False,,True,True,741.16,124,671376348,train
671376309,741.5,50,11:24:13,False,,True,True,741.16,124,671376348,train
671376310,741.47,50,11:24:14,False,,True,True,741.16,124,671376348,train
671376311,741.51,50,11:24:15,False,,True,True,741.16,124,671376348,train
671376312,741.53,50,11:24:16,False,,True,True,741.16,124,671376348,train
671376313,741.56,50,11:24:17,False,,True,True,741.16,124,671376348,train
671376314,741.51,50,11:24:18,False,,True,True,741.16,124,671376348,train
671376315,741.46,50,11:24:19,False,,True,True,741.16,124,671376348,train
671376316,741.53,50,11:24:20,False,,True,True,741.16,124,671376348,train
671376317,741.44,50,11:24:21,False,,True,True,741.16,124,671376348,train
671376318,741.44,50,11:24:21,False,,True,True,741.16,124,671376348,train
671376319,741.41,50,11:24:22,False,,True,True,741.16,124,671376348,train
671376320,741.43,50,11:24:23,False,,True,True,741.17,124,671376348,train
671376321,741.41,50,11:24:24,False,,True,True,741.17,124,671376348,train
671376322,741.43,50,11:24:25,False,,True,True,741.17,124,671376348,train
671376323,741.4,50,11:24:26,False,,True,True,741.17,124,671376348,train
671376324,741.35,50,11:24:27,False,,True,True,741.17,124,671376348,train
671376325,741.38,50,11:24:28,False,,True,True,741.17,124,671376348,train
671376326,741.42,50,11:24:29,False,,True,True,741.17,124,671376348,train
671376327,741.31,50,11:24:30,False,,True,True,741.17,124,671376348,train
671376328,741.33,50,11:24:31,False,,True,True,741.17,124,671376348,train
671376329,741.3,50,11:24:32,False,,True,True,741.17,124,671376348,train
671376330,741.28,50,11:24:33,False,,True,True,741.17,124,671376348,train
671376331,741.23,50,11:24:34,False,,True,True,741.17,124,671376348,train
671376332,741.21,50,11:24:35,False,,True,True,741.17,124,671376348,train
671376778,741.77,50,11:31:49,False,,True,False,741.63,125,671376844,train
671376779,741.79,50,11:31:50,False,,True,False,741.63,125,671376844,train
671376780,741.79,50,11:31:51,False,,True,False,741.63,125,671376844,train
671376781,741.81,50,11:31:52,False,,True,False,741.63,125,671376844,train
671376782,741.79,50,11:31:53,False,,True,False,741.63,125,671376844,train
671376783,741.76,50,11:31:54,False,,True,False,741.63,125,671376844,train
671376784,741.79,50,11:31:55,False,,True,False,741.63,125,671376844,train
671376785,741.8,50,11:31:56,False,,True,False,741.63,125,671376844,train
671376786,741.85,50,11:31:57,False,,True,False,741.63,125,671376844,train
671376787,741.8,50,11:31:58,False,,True,False,741.63,125,671376844,train
671376788,741.78,50,11:31:59,False,,True,False,741.63,125,671376844,train
671376789,741.78,50,11:32:00,False,,True,False,741.63,125,671376844,train
671376790,741.73,50,11:32:01,False,,True,False,741.64,125,671376844,train
671376791,741.78,50,11:32:02,False,,True,False,741.64,125,671376844,train
671376792,741.75,50,11:32:03,False,,True,False,741.64,125,671376844,train
671376793,741.79,50,11:32:04,False,,True,False,741.64,125,671376844,train
671376794,741.72,50,11:32:05,False,,True,False,741.64,125,671376844,train
671376795,741.79,50,11:32:06,False,,True,False,741.64,125,671376844,train
671376796,741.79,50,11:32:07,False,,True,False,741.64,125,671376844,train
671376797,741.83,50,11:32:08,False,,True,False,741.64,125,671376844,train
671376798,741.78,50,11:32:09,False,,True,False,741.64,125,671376844,train
671376799,741.78,50,11:32:10,False,,True,False,741.64,125,671376844,train
671376800,741.74,50,11:32:11,False,,True,False,741.64,125,671376844,train
671376801,741.73,50,11:32:12,False,,True,False,741.64,125,671376844,train
671376802,741.73,50,11:32:13,False,,True,False,741.64,125,671376844,train
671376803,741.73,50,11:32:14,False,,True,False,741.64,125,671376844,train
671376804,741.71,50,11:32:15,False,,True,False,741.64,125,671376844,train
671376805,741.73,50,11:32:16,False,,True,False,741.64,125,671376844,train
671376806,741.77,50,11:32:17,False,,True,False,741.64,125,671376844,train
671376807,741.71,50,11:32:18,False,,True,False,741.64,125,671376844,train
671376808,741.75,50,11:32:19,False,,True,False,741.64,125,671376844,train
671376809,741.72,50,11:32:19,False,,True,False,741.64,125,671376844,train
671376810,741.68,50,11:32:20,False,,True,False,741.64,125,671376844,train
671376811,741.74,50,11:32:21,False,,True,False,741.65,125,671376844,train
671376812,741.72,50,11:32:22,False,,True,False,741.65,125,671376844,train
671376813,741.72,50,11:32:23,False,,True,False,741.65,125,671376844,train
671376814,741.7,50,11:32:24,False,,True,False,741.65,125,671376844,train
671376815,741.67,50,11:32:25,False,,True,False,741.65,125,671376844,train
671376816,741.71,50,11:32:26,False,,True,False,741.65,125,671376844,train
671376817,741.69,50,11:32:27,False,,True,False,741.65,125,671376844,train
671376818,741.69,50,11:32:28,False,,True,False,741.65,125,671376844,train
671376819,741.71,50,11:32:29,False,,True,False,741.65,125,671376844,train
671376820,741.68,50,11:32:30,False,,True,True,741.65,125,671376844,train
671376821,741.73,50,11:32:31,False,,True,True,741.65,125,671376844,train
671376822,741.75,50,11:32:32,False,,True,True,741.65,125,671376844,train
671376823,741.73,50,11:32:33,False,,True,True,741.65,125,671376844,train
671376824,741.75,50,11:32:34,False,,True,True,741.65,125,671376844,train
671376825,741.73,50,11:32:35,False,,True,True,741.65,125,671376844,train
671376826,741.74,50,11:32:36,False,,True,True,741.65,125,671376844,train
671376827,741.72,50,11:32:37,False,,True,True,741.65,125,671376844,train
671376828,741.76,50,11:32:38,False,,True,True,741.65,125,671376844,train
671376829,741.72,50,11:32:39,False,,True,True,741.66,125,671376844,train
671376830,741.7,50,11:32:40,False,,True,True,741.66,125,671376844,train
671376831,741.72,50,11:32:41,False,,True,True,741.66,125,671376844,train
671376832,741.67,50,11:32:42,False,,True,True,741.66,125,671376844,train
671376833,741.64,50,11:32:43,False,,True,True,741.66,125,671376844,train
671376834,741.62,50,11:32:44,False,,True,True,741.66,125,671376844,train
671376835,741.59,50,11:32:45,False,,True,True,741.66,125,671376844,train
671376836,741.5,50,11:32:46,False,,True,True,741.66,125,671376844,train
671376837,741.39,50,11:32:47,False,,True,True,741.66,125,671376844,train
671377848,742.48,50,11:49:11,False,,True,False,742.36,126,671377912,train
671377849,742.5,50,11:49:12,False,,True,False,742.36,126,671377912,train
671377850,742.46,50,11:49:13,False,,True,False,742.36,126,671377912,train
671377851,742.5,50,11:49:14,False,,True,False,742.36,126,671377912,train
671377852,742.48,50,11:49:15,False,,True,False,742.36,126,671377912,train
671377853,742.52,50,11:49:16,False,,True,False,742.36,126,671377912,train
671377854,742.54,50,11:49:17,False,,True,False,742.36,126,671377912,train
671377855,742.52,50,11:49:18,False,,True,False,742.36,126,671377912,train
671377856,742.56,50,11:49:19,False,,True,False,742.36,126,671377912,train
671377857,742.49,50,11:49:20,False,,True,False,742.36,126,671377912,train
671377858,742.51,50,11:49:21,False,,True,False,742.36,126,671377912,train
671377859,742.49,50,11:49:22,False,,True,False,742.36,126,671377912,train
671377860,742.49,50,11:49:23,False,,True,False,742.36,126,671377912,train
671377861,742.47,50,11:49:24,False,,True,False,742.36,126,671377912,train
671377862,742.53,50,11:49:25,False,,True,False,742.36,126,671377912,train
671377863,742.49,50,11:49:26,False,,True,False,742.36,126,671377912,train
671377864,742.51,50,11:49:27,False,,True,False,742.36,126,671377912,train
671377865,742.51,50,11:49:27,False,,True,False,742.36,126,671377912,train
671377866,742.46,50,11:49:28,False,,True,False,742.36,126,671377912,train
671377867,742.44,50,11:49:29,False,,True,False,742.36,126,671377912,train
671377868,742.43,50,11:49:30,False,,True,False,742.36,126,671377912,train
671377869,742.46,50,11:49:31,False,,True,False,742.37,126,671377912,train
671377870,742.39,50,11:49:32,False,,True,False,742.37,126,671377912,train
671377871,742.41,50,11:49:33,False,,True,False,742.37,126,671377912,train
671377872,742.41,50,11:49:34,False,,True,False,742.37,126,671377912,train
671377873,742.43,50,11:49:35,False,,True,False,742.37,126,671377912,train
671377874,742.39,50,11:49:36,False,,True,False,742.37,126,671377912,train
671377875,742.39,50,11:49:37,False,,True,False,742.37,126,671377912,train
671377876,742.38,50,11:49:38,False,,True,False,742.37,126,671377912,train
671377877,742.4,50,11:49:39,False,,True,False,742.37,126,671377912,train
671377878,742.36,50,11:49:40,False,,True,False,742.37,126,671377912,train
671377879,742.22,50,11:49:41,False,,True,False,742.37,126,671377912,train
671377880,742.22,50,11:49:42,False,,True,False,742.37,126,671377912,train
671377881,742.27,50,11:49:43,False,,True,False,742.37,126,671377912,train
671377882,742.25,50,11:49:44,False,,True,False,742.37,126,671377912,train
671377883,742.26,50,11:49:45,False,,True,False,742.37,126,671377912,train
671377884,742.18,50,11:49:46,False,,True,False,742.37,126,671377912,train
671377885,742.19,50,11:49:47,False,,True,False,742.37,126,671377912,train
671377886,742.19,50,11:49:48,False,,True,False,742.37,126,671377912,train
671377887,742.15,50,11:49:49,False,,True,False,742.37,126,671377912,train
671377888,742.1,50,11:49:50,False,,True,False,742.36,126,671377912,train
671377889,742.12,50,11:49:51,False,,True,False,742.36,126,671377912,train
671377890,742.17,50,11:49:52,False,,True,False,742.36,126,671377912,train
671377891,742.19,50,11:49:53,False,,True,False,742.36,126,671377912,train
671377892,742.14,50,11:49:54,False,,True,False,742.36,126,671377912,train
671377893,742.12,50,11:49:55,False,,True,False,742.36,126,671377912,train
671377894,742.1,50,11:49:56,False,,True,False,742.36,126,671377912,train
671377895,742.05,50,11:49:57,False,,True,True,742.36,126,671377912,train
671377896,742.09,50,11:49:58,False,,True,True,742.36,126,671377912,train
671377897,742.14,50,11:49:59,False,,True,True,742.36,126,671377912,train
671377898,742.07,50,11:50:00,False,,True,True,742.36,126,671377912,train
671377899,742.09,50,11:50:01,False,,True,True,742.36,126,671377912,train
671377900,742.09,50,11:50:02,False,,True,True,742.36,126,671377912,train
671377901,742.02,50,11:50:03,False,,True,True,742.36,126,671377912,train
671377902,741.97,50,11:50:04,False,,True,True,742.36,126,671377912,train
671377903,741.96,50,11:50:04,False,,True,True,742.36,126,671377912,train
671377904,741.99,50,11:50:05,False,,True,True,742.36,126,671377912,train
671377905,741.95,50,11:50:06,False,,True,True,742.36,126,671377912,train
671377906,741.9,50,11:50:07,False,,True,True,742.35,126,671377912,train
671377907,741.88,50,11:50:08,False,,True,True,742.35,126,671377912,train
671379062,743.19,50,12:08:53,False,,True,True,743.31,127,671379183,train
671379063,743.15,50,12:08:54,False,,True,True,743.31,127,671379183,train
671379064,743.19,50,12:08:55,False,,True,True,743.31,127,671379183,train
671379065,743.21,50,12:08:56,False,,True,True,743.31,127,671379183,train
671379066,743.25,50,12:08:57,False,,True,True,743.31,127,671379183,train
671379067,743.21,50,12:08:58,False,,True,True,743.31,127,671379183,train
671379068,743.22,50,12:08:59,False,,True,True,743.31,127,671379183,train
671379069,743.18,50,12:09:00,False,,True,True,743.31,127,671379183,train
671379070,743.18,50,12:09:01,False,,True,True,743.31,127,671379183,train
671379071,743.25,50,12:09:02,False,,True,True,743.31,127,671379183,train
671379072,743.25,50,12:09:03,False,,True,True,743.31,127,671379183,train
671379073,743.25,50,12:09:03,False,,True,True,743.31,127,671379183,train
671379074,743.27,50,12:09:04,False,,True,True,743.31,127,671379183,train
671379075,743.18,50,12:09:05,False,,True,True,743.31,127,671379183,train
671379076,743.22,50,12:09:06,False,,True,True,743.31,127,671379183,train
671379077,743.22,50,12:09:07,False,,True,True,743.31,127,671379183,train
671379078,743.25,50,12:09:08,False,,True,True,743.31,127,671379183,train
671379079,743.22,50,12:09:09,False,,True,True,743.31,127,671379183,train
671379080,743.22,50,12:09:10,False,,True,True,743.31,127,671379183,train
671379081,743.22,50,12:09:11,False,,True,True,743.31,127,671379183,train
671379082,743.2,50,12:09:12,False,,True,True,743.31,127,671379183,train
671379083,743.2,50,12:09:13,False,,True,True,743.31,127,671379183,train
671379084,743.15,50,12:09:14,False,,True,True,743.31,127,671379183,train
671379085,743.22,50,12:09:15,False,,True,True,743.31,127,671379183,train
671379086,743.28,50,12:09:16,False,,True,True,743.31,127,671379183,train
671379087,743.22,50,12:09:17,False,,True,True,743.31,127,671379183,train
671379088,743.26,50,12:09:18,False,,True,True,743.31,127,671379183,train
671379089,743.22,50,12:09:19,False,,True,True,743.31,127,671379183,train
671379090,743.26,50,12:09:20,False,,True,True,743.31,127,671379183,train
671379091,743.26,50,12:09:21,False,,True,True,743.31,127,671379183,train
671379092,743.3,50,12:09:22,False,,True,True,743.31,127,671379183,train
671379093,743.3,50,12:09:23,False,,True,True,743.31,127,671379183,train
671379094,743.34,50,12:09:24,False,,True,True,743.31,127,671379183,train
671379095,743.28,50,12:09:25,False,,True,True,743.31,127,671379183,train
671379096,743.3,50,12:09:26,False,,True,True,743.31,127,671379183,train
671379097,743.32,50,12:09:27,False,,True,True,743.31,127,671379183,train
671379098,743.28,50,12:09:28,False,,True,True,743.31,127,671379183,train
671379099,743.32,50,12:09:29,False,,True,True,743.31,127,671379183,train
671379100,743.39,50,12:09:30,False,,True,True,743.31,127,671379183,train
671379101,743.41,50,12:09:31,False,,True,True,743.31,127,671379183,train
671379102,743.41,50,12:09:32,False,,True,True,743.31,127,671379183,train
671379103,743.5,50,12:09:33,False,,True,True,743.31,127,671379183,train
671379104,743.49,50,12:09:34,False,,True,True,743.31,127,671379183,train
671379105,743.43,50,12:09:35,False,,True,True,743.31,127,671379183,train
671379106,743.39,50,12:09:36,False,,True,True,743.31,127,671379183,train
671379107,743.36,50,12:09:37,False,,True,True,743.31,127,671379183,train
671379108,743.4,50,12:09:38,False,,True,True,743.32,127,671379183,train
671379109,743.38,50,12:09:39,False,,True,True,743.32,127,671379183,train
671379110,743.36,50,12:09:40,False,,True,True,743.32,127,671379183,train
671379111,743.32,50,12:09:40,False,,True,True,743.32,127,671379183,train
671379112,743.4,50,12:09:41,False,,True,True,743.32,127,671379183,train
671379113,743.42,50,12:09:42,False,,True,True,743.32,127,671379183,train
671379114,743.36,50,12:09:43,False,,True,True,743.32,127,671379183,train
671379115,743.38,50,12:09:44,False,,True,True,743.32,127,671379183,train
671379116,743.31,50,12:09:45,False,,True,True,743.32,127,671379183,train
671379117,743.33,50,12:09:46,False,,True,True,743.32,127,671379183,train
671379118,743.35,50,12:09:47,False,,True,True,743.32,127,671379183,train
671379119,743.33,50,12:09:48,False,,True,True,743.32,127,671379183,train
671379120,743.31,50,12:09:49,False,,True,True,743.32,127,671379183,train
671379121,743.28,50,12:09:50,False,,True,True,743.32,127,671379183,train
671384050,746.09,50,13:29:49,False,,True,False,746.05,128,671384112,train
671384051,746.06,50,13:29:50,False,,True,False,746.05,128,671384112,train
671384052,746.04,50,13:29:51,False,,True,False,746.05,128,671384112,train
671384053,746.06,50,13:29:52,False,,True,False,746.05,128,671384112,train
671384054,746.06,50,13:29:52,False,,True,False,746.05,128,671384112,train
671384055,746.04,50,13:29:53,False,,True,False,746.05,128,671384112,train
671384056,746.1,50,13:29:54,False,,True,False,746.05,128,671384112,train
671384057,746.12,50,13:29:55,False,,True,False,746.05,128,671384112,train
671384058,746.1,50,13:29:56,False,,True,False,746.05,128,671384112,train
671384059,746.07,50,13:29:57,False,,True,False,746.05,128,671384112,train
671384060,746.12,50,13:29:58,False,,True,False,746.05,128,671384112,train
671384061,746.05,50,13:29:59,False,,True,False,746.05,128,671384112,train
671384062,746.12,50,13:30:00,False,,True,False,746.06,128,671384112,train
671384063,746.12,50,13:30:01,False,,True,False,746.06,128,671384112,train
671384064,746.1,50,13:30:02,False,,True,False,746.06,128,671384112,train
671384065,746.07,50,13:30:03,False,,True,False,746.06,128,671384112,train
671384066,746.12,50,13:30:04,False,,True,False,746.06,128,671384112,train
671384067,746.16,50,13:30:05,False,,True,False,746.06,128,671384112,train
671384068,746.14,50,13:30:06,False,,True,False,746.06,128,671384112,train
671384069,746.13,50,13:30:07,False,,True,False,746.06,128,671384112,train
671384070,746.11,50,13:30:08,False,,True,False,746.06,128,671384112,train
671384071,746.03,50,13:30:09,False,,True,False,746.06,128,671384112,train
671384072,746.05,50,13:30:10,False,,True,False,746.06,128,671384112,train
671384073,746.07,50,13:30:11,False,,True,False,746.06,128,671384112,train
671384074,746.06,50,13:30:12,False,,True,False,746.06,128,671384112,train
671384075,746.06,50,13:30:13,False,,True,False,746.06,128,671384112,train
671384076,746.06,50,13:30:14,False,,True,False,746.06,128,671384112,train
671384077,746.06,50,13:30:15,False,,True,False,746.06,128,671384112,train
671384078,746.06,50,13:30:16,False,,True,False,746.06,128,671384112,train
671384079,746.11,50,13:30:17,False,,True,False,746.06,128,671384112,train
671384080,746.06,50,13:30:18,False,,True,False,746.06,128,671384112,train
671384081,746.04,50,13:30:19,False,,True,False,746.06,128,671384112,train
671384082,746.12,50,13:30:20,False,,True,False,746.06,128,671384112,train
671384083,746.04,50,13:30:21,False,,True,False,746.06,128,671384112,train
671384084,746.12,50,13:30:22,False,,True,False,746.06,128,671384112,train
671384085,746.06,50,13:30:23,False,,True,False,746.06,128,671384112,train
671384086,746.1,50,13:30:24,False,,True,False,746.06,128,671384112,train
671384087,746.1,50,13:30:25,False,,True,False,746.06,128,671384112,train
671384088,746.08,50,13:30:26,False,,True,False,746.06,128,671384112,train
671384089,746.08,50,13:30:27,False,,True,False,746.06,128,671384112,train
671384090,746.07,50,13:30:28,False,,True,False,746.06,128,671384112,train
671384091,746.03,50,13:30:29,False,,True,False,746.06,128,671384112,train
671384092,746.01,50,13:30:29,False,,True,False,746.06,128,671384112,train
671384093,746.01,50,13:30:30,False,,True,False,746.06,128,671384112,train
671384094,745.96,50,13:30:31,False,,True,False,746.06,128,671384112,train
671384095,745.98,50,13:30:32,False,,True,False,746.06,128,671384112,train
671384096,745.94,50,13:30:33,False,,True,False,746.06,128,671384112,train
671384097,745.94,50,13:30:34,False,,True,False,746.06,128,671384112,train
671384098,745.89,50,13:30:35,False,,True,False,746.06,128,671384112,train
671384099,745.91,50,13:30:36,False,,True,False,746.06,128,671384112,train
671384100,745.98,50,13:30:37,False,,True,False,746.06,128,671384112,train
671384101,745.91,50,13:30:38,False,,True,False,746.06,128,671384112,train
671384102,745.93,50,13:30:39,False,,True,False,746.06,128,671384112,train
671384103,745.86,50,13:30:40,False,,True,True,746.06,128,671384112,train
671384104,745.86,50,13:30:41,False,,True,True,746.06,128,671384112,train
671384105,745.77,50,13:30:42,False,,True,True,746.05,128,671384112,train
671384106,745.79,50,13:30:43,False,,True,True,746.05,128,671384112,train
671384107,745.79,50,13:30:44,False,,True,True,746.05,128,671384112,train
671384108,745.7,50,13:30:45,False,,True,True,746.05,128,671384112,train
671384109,745.74,50,13:30:46,False,,True,True,746.05,128,671384112,train
671391014,739.25,50,15:22:48,False,,True,False,739.62,129,671391076,train
671391015,739.36,50,15:22:49,False,,True,False,739.62,129,671391076,train
671391016,739.34,50,15:22:50,False,,True,False,739.62,129,671391076,train
671391017,739.32,50,15:22:51,False,,True,False,739.62,129,671391076,train
671391018,739.32,50,15:22:52,False,,True,False,739.62,129,671391076,train
671391019,739.34,50,15:22:53,False,,True,False,739.61,129,671391076,train
671391020,739.3,50,15:22:54,False,,True,False,739.61,129,671391076,train
671391021,739.32,50,15:22:55,False,,True,False,739.61,129,671391076,train
671391022,739.3,50,15:22:56,False,,True,False,739.61,129,671391076,train
671391023,739.21,50,15:22:57,False,,True,False,739.61,129,671391076,train
671391024,739.25,50,15:22:58,False,,True,False,739.61,129,671391076,train
671391025,739.26,50,15:22:59,False,,True,False,739.61,129,671391076,train
671391026,739.28,50,15:23:00,False,,True,False,739.61,129,671391076,train
671391027,739.23,50,15:23:01,False,,True,False,739.6,129,671391076,train
671391028,739.21,50,15:23:02,False,,True,False,739.6,129,671391076,train
671391029,739.26,50,15:23:03,False,,True,False,739.6,129,671391076,train
671391030,739.19,50,15:23:04,False,,True,False,739.6,129,671391076,train
671391031,739.23,50,15:23:05,False,,True,False,739.6,129,671391076,train
671391032,739.28,50,15:23:06,False,,True,False,739.6,129,671391076,train
671391033,739.24,50,15:23:07,False,,True,False,739.6,129,671391076,train
671391034,739.3,50,15:23:08,False,,True,False,739.6,129,671391076,train
671391035,739.28,50,15:23:08,False,,True,False,739.6,129,671391076,train
671391036,739.28,50,15:23:09,False,,True,False,739.59,129,671391076,train
671391037,739.24,50,15:23:10,False,,True,False,739.59,129,671391076,train
671391038,739.26,50,15:23:11,False,,True,False,739.59,129,671391076,train
671391039,739.28,50,15:23:12,False,,True,False,739.59,129,671391076,train
671391040,739.28,50,15:23:13,False,,True,False,739.59,129,671391076,train
671391041,739.28,50,15:23:14,False,,True,False,739.59,129,671391076,train
671391042,739.3,50,15:23:15,False,,True,False,739.59,129,671391076,train
671391043,739.24,50,15:23:16,False,,True,False,739.59,129,671391076,train
671391044,739.28,50,15:23:17,False,,True,False,739.59,129,671391076,train
671391045,739.31,50,15:23:18,False,,True,False,739.58,129,671391076,train
671391046,739.26,50,15:23:19,False,,True,False,739.58,129,671391076,train
671391047,739.33,50,15:23:20,False,,True,False,739.58,129,671391076,train
671391048,739.24,50,15:23:21,False,,True,False,739.58,129,671391076,train
671391049,739.24,50,15:23:22,False,,True,False,739.58,129,671391076,train
671391050,739.19,50,15:23:23,False,,True,False,739.58,129,671391076,train
671391051,739.22,50,15:23:24,False,,True,False,739.58,129,671391076,train
671391052,739.17,50,15:23:25,False,,True,False,739.58,129,671391076,train
671391053,739.19,50,15:23:26,False,,True,False,739.58,129,671391076,train
671391054,739.17,50,15:23:27,False,,True,False,739.57,129,671391076,train
671391055,739.24,50,15:23:28,False,,True,False,739.57,129,671391076,train
671391056,739.17,50,15:23:29,False,,True,False,739.57,129,671391076,train
671391057,739.2,50,15:23:30,False,,True,False,739.57,129,671391076,train
671391058,739.22,50,15:23:31,False,,True,False,739.57,129,671391076,train
671391059,739.24,50,15:23:32,False,,True,False,739.57,129,671391076,train
671391060,739.24,50,15:23:33,False,,True,False,739.57,129,671391076,train
671391061,739.27,50,15:23:34,False,,True,False,739.56,129,671391076,train
671391062,739.25,50,15:23:35,False,,True,False,739.56,129,671391076,train
671391063,739.14,50,15:23:36,False,,True,False,739.56,129,671391076,train
671391064,739.07,50,15:23:37,False,,True,False,739.56,129,671391076,train
671391065,739.02,50,15:23:38,False,,True,True,739.56,129,671391076,train
671391066,739.06,50,15:23:39,False,,True,True,739.56,129,671391076,train
671391067,739.06,50,15:23:40,False,,True,True,739.56,129,671391076,train
671391068,739.06,50,15:23:41,False,,True,True,739.55,129,671391076,train
671391069,739.02,50,15:23:42,False,,True,True,739.55,129,671391076,train
671391070,738.88,50,15:23:43,False,,True,True,739.55,129,671391076,train
671391071,738.77,50,15:23:44,False,,True,True,739.55,129,671391076,train
671391072,738.48,50,15:23:45,False,,True,True,739.55,129,671391076,train
671391073,738.25,50,15:23:45,False,,True,True,739.54,129,671391076,train
671395160,736.48,50,16:30:04,False,,True,True,736.61,130,671395245,train
671395161,736.44,50,16:30:05,False,,True,True,736.61,130,671395245,train
671395162,736.42,50,16:30:06,False,,True,True,736.61,130,671395245,train
671395163,736.4,50,16:30:07,False,,True,True,736.61,130,671395245,train
671395164,736.42,50,16:30:08,False,,True,True,736.61,130,671395245,train
671395165,736.38,50,16:30:09,False,,True,True,736.6,130,671395245,train
671395166,736.4,50,16:30:10,False,,True,True,736.6,130,671395245,train
671395167,736.38,50,16:30:11,False,,True,True,736.6,130,671395245,train
671395168,736.41,50,16:30:12,False,,True,True,736.6,130,671395245,train
671395169,736.41,50,16:30:13,False,,True,True,736.6,130,671395245,train
671395170,736.41,50,16:30:14,False,,True,True,736.6,130,671395245,train
671395171,736.34,50,16:30:15,False,,True,True,736.6,130,671395245,train
671395172,736.37,50,16:30:16,False,,True,True,736.6,130,671395245,train
671395173,736.27,50,16:30:17,False,,True,True,736.6,130,671395245,train
671395174,736.26,50,16:30:18,False,,True,True,736.6,130,671395245,train
671395175,736.28,50,16:30:19,False,,True,True,736.6,130,671395245,train
671395176,736.37,50,16:30:20,False,,True,True,736.6,130,671395245,train
671395177,736.22,50,16:30:21,False,,True,True,736.6,130,671395245,train
671395178,736.17,50,16:30:22,False,,True,True,736.6,130,671395245,train
671395179,736.17,50,16:30:23,False,,True,True,736.6,130,671395245,train
671395180,736.08,50,16:30:24,False,,True,True,736.59,130,671395245,train
671395181,736.11,50,16:30:25,False,,True,True,736.59,130,671395245,train
671395182,736.2,50,16:30:26,False,,True,True,736.59,130,671395245,train
671395183,736.24,50,16:30:27,False,,True,True,736.59,130,671395245,train
671395184,736.2,50,16:30:28,False,,True,True,736.59,130,671395245,train
671395185,736.29,50,16:30:29,False,,True,True,736.59,130,671395245,train
671395186,736.29,50,16:30:29,False,,True,True,736.59,130,671395245,train
671395187,736.25,50,16:30:30,False,,True,True,736.59,130,671395245,train
671395188,736.23,50,16:30:31,False,,True,True,736.59,130,671395245,train
671395189,736.18,50,16:30:32,False,,True,True,736.59,130,671395245,train
671395190,736.12,50,16:30:33,False,,True,True,736.59,130,671395245,train
671395191,736.09,50,16:30:34,False,,True,True,736.58,130,671395245,train
671395192,736.16,50,16:30:35,False,,True,True,736.58,130,671395245,train
671395193,736.05,50,16:30:36,False,,True,True,736.58,130,671395245,train
671395194,736.09,50,16:30:37,False,,True,True,736.58,130,671395245,train
671395195,736.1,50,16:30:38,False,,True,True,736.58,130,671395245,train
671395196,736.13,50,16:30:39,False,,True,True,736.58,130,671395245,train
671395197,736.15,50,16:30:40,False,,True,True,736.58,130,671395245,train
671395198,736.12,50,16:30:41,False,,True,True,736.58,130,671395245,train
671395199,736.04,50,16:30:42,False,,True,True,736.58,130,671395245,train
671395200,736.02,50,16:30:43,False,,True,True,736.57,130,671395245,train
671395201,736.0,50,16:30:44,False,,True,True,736.57,130,671395245,train
671395202,736.09,50,16:30:45,False,,True,True,736.57,130,671395245,train
671395203,736.04,50,16:30:46,False,,True,True,736.57,130,671395245,train
671395204,736.04,50,16:30:47,False,,True,True,736.57,130,671395245,train
671395205,736.02,50,16:30:48,False,,True,True,736.57,130,671395245,train
671395206,735.98,50,16:30:49,False,,True,True,736.57,130,671395245,train
671395207,736.02,50,16:30:50,False,,True,True,736.56,130,671395245,train
671395208,736.02,50,16:30:51,False,,True,True,736.56,130,671395245,train
671395209,735.98,50,16:30:52,False,,True,True,736.56,130,671395245,train
671395210,735.96,50,16:30:53,False,,True,True,736.56,130,671395245,train
671395211,735.96,50,16:30:54,False,,True,True,736.56,130,671395245,train
671395212,735.98,50,16:30:55,False,,True,True,736.56,130,671395245,train
671395213,735.99,50,16:30:56,False,,True,True,736.56,130,671395245,train
671395214,736.01,50,16:30:57,False,,True,True,736.55,130,671395245,train
671395215,735.97,50,16:30:58,False,,True,True,736.55,130,671395245,train
671395216,735.97,50,16:30:59,False,,True,True,736.55,130,671395245,train
671395217,735.88,50,16:31:00,False,,True,True,736.55,130,671395245,train
671395218,735.95,50,16:31:01,False,,True,True,736.55,130,671395245,train
671395219,735.93,50,16:31:02,False,,True,True,736.55,130,671395245,train
671466865,742.35,51,11:53:29,False,,True,False,742.23,131,671466934,train
671466866,742.39,51,11:53:30,False,,True,False,742.23,131,671466934,train
671466867,742.37,51,11:53:31,False,,True,False,742.23,131,671466934,train
671466868,742.34,51,11:53:32,False,,True,False,742.23,131,671466934,train
671466869,742.39,51,11:53:33,False,,True,False,742.23,131,671466934,train
671466870,742.34,51,11:53:34,False,,True,False,742.23,131,671466934,train
671466871,742.39,51,11:53:35,False,,True,False,742.23,131,671466934,train
671466872,742.36,51,11:53:36,False,,True,False,742.23,131,671466934,train
671466873,742.34,51,11:53:37,False,,True,False,742.24,131,671466934,train
671466874,742.34,51,11:53:38,False,,True,False,742.24,131,671466934,train
671466875,742.38,51,11:53:39,False,,True,False,742.24,131,671466934,train
671466876,742.34,51,11:53:40,False,,True,False,742.24,131,671466934,train
671466877,742.4,51,11:53:41,False,,True,False,742.24,131,671466934,train
671466878,742.38,51,11:53:42,False,,True,False,742.24,131,671466934,train
671466879,742.36,51,11:53:43,False,,True,False,742.24,131,671466934,train
671466880,742.36,51,11:53:44,False,,True,False,742.24,131,671466934,train
671466881,742.36,51,11:53:45,False,,True,False,742.24,131,671466934,train
671466882,742.38,51,11:53:45,False,,True,False,742.24,131,671466934,train
671466883,742.33,51,11:53:46,False,,True,False,742.24,131,671466934,train
671466884,742.35,51,11:53:47,False,,True,False,742.24,131,671466934,train
671466885,742.35,51,11:53:48,False,,True,False,742.24,131,671466934,train
671466886,742.35,51,11:53:49,False,,True,False,742.24,131,671466934,train
671466887,742.42,51,11:53:50,False,,True,False,742.24,131,671466934,train
671466888,742.46,51,11:53:51,False,,True,False,742.25,131,671466934,train
671466889,742.46,51,11:53:52,False,,True,False,742.25,131,671466934,train
671466890,742.39,51,11:53:53,False,,True,False,742.25,131,671466934,train
671466891,742.44,51,11:53:54,False,,True,False,742.25,131,671466934,train
671466892,742.39,51,11:53:55,False,,True,False,742.25,131,671466934,train
671466893,742.44,51,11:53:56,False,,True,False,742.25,131,671466934,train
671466894,742.37,51,11:53:57,False,,True,False,742.25,131,671466934,train
671466895,742.41,51,11:53:58,False,,True,False,742.25,131,671466934,train
671466896,742.39,51,11:53:59,False,,True,False,742.25,131,671466934,train
671466897,742.37,51,11:54:00,False,,True,False,742.25,131,671466934,train
671466898,742.34,51,11:54:01,False,,True,True,742.25,131,671466934,train
671466899,742.34,51,11:54:02,False,,True,True,742.25,131,671466934,train
671466900,742.36,51,11:54:03,False,,True,True,742.25,131,671466934,train
671466901,742.34,51,11:54:04,False,,True,True,742.25,131,671466934,train
671466902,742.38,51,11:54:05,False,,True,True,742.26,131,671466934,train
671466903,742.38,51,11:54:06,False,,True,True,742.26,131,671466934,train
671466904,742.38,51,11:54:07,False,,True,True,742.26,131,671466934,train
671466905,742.38,51,11:54:08,False,,True,True,742.26,131,671466934,train
671466906,742.45,51,11:54:09,False,,True,True,742.26,131,671466934,train
671466907,742.4,51,11:54:10,False,,True,True,742.26,131,671466934,train
671466908,742.38,51,11:54:11,False,,True,True,742.26,131,671466934,train
671466909,742.38,51,11:54:12,False,,True,True,742.26,131,671466934,train
671466910,742.4,51,11:54:13,False,,True,True,742.26,131,671466934,train
671466911,742.38,51,11:54:14,False,,True,True,742.26,131,671466934,train
671466912,742.42,51,11:54:15,False,,True,True,742.26,131,671466934,train
671466913,742.4,51,11:54:16,False,,True,True,742.26,131,671466934,train
671466914,742.33,51,11:54:17,False,,True,True,742.26,131,671466934,train
671466915,742.4,51,11:54:18,False,,True,True,742.26,131,671466934,train
671466916,742.42,51,11:54:19,False,,True,True,742.26,131,671466934,train
671466917,742.37,51,11:54:20,False,,True,True,742.27,131,671466934,train
671466918,742.37,51,11:54:21,False,,True,True,742.27,131,671466934,train
671466919,742.28,51,11:54:21,False,,True,True,742.27,131,671466934,train
671466920,742.24,51,11:54:22,False,,True,True,742.27,131,671466934,train
671466921,742.23,51,11:54:23,False,,True,True,742.27,131,671466934,train
671466922,742.28,51,11:54:24,False,,True,True,742.27,131,671466934,train
671466923,742.21,51,11:54:25,False,,True,True,742.27,131,671466934,train
671466924,742.23,51,11:54:26,False,,True,True,742.27,131,671466934,train
671468138,743.35,51,12:14:08,False,,True,False,743.17,132,671468200,train
671468139,743.33,51,12:14:09,False,,True,False,743.17,132,671468200,train
671468140,743.3,51,12:14:10,False,,True,False,743.17,132,671468200,train
671468141,743.36,51,12:14:11,False,,True,False,743.17,132,671468200,train
671468142,743.37,51,12:14:12,False,,True,False,743.17,132,671468200,train
671468143,743.38,51,12:14:13,False,,True,False,743.17,132,671468200,train
671468144,743.43,51,12:14:14,False,,True,False,743.17,132,671468200,train
671468145,743.41,51,12:14:15,False,,True,False,743.17,132,671468200,train
671468146,743.41,51,12:14:16,False,,True,False,743.17,132,671468200,train
671468147,743.41,51,12:14:17,False,,True,False,743.17,132,671468200,train
671468148,743.41,51,12:14:18,False,,True,False,743.17,132,671468200,train
671468149,743.36,51,12:14:19,False,,True,False,743.17,132,671468200,train
671468150,743.43,51,12:14:20,False,,True,False,743.18,132,671468200,train
671468151,743.43,51,12:14:21,False,,True,False,743.18,132,671468200,train
671468152,743.43,51,12:14:22,False,,True,False,743.18,132,671468200,train
671468153,743.47,51,12:14:23,False,,True,False,743.18,132,671468200,train
671468154,743.49,51,12:14:24,False,,True,False,743.18,132,671468200,train
671468155,743.49,51,12:14:25,False,,True,False,743.18,132,671468200,train
671468156,743.56,51,12:14:26,False,,True,False,743.18,132,671468200,train
671468157,743.58,51,12:14:27,False,,True,False,743.18,132,671468200,train
671468158,743.53,51,12:14:28,False,,True,False,743.18,132,671468200,train
671468159,743.53,51,12:14:29,False,,True,False,743.19,132,671468200,train
671468160,743.56,51,12:14:30,False,,True,False,743.19,132,671468200,train
671468161,743.49,51,12:14:31,False,,True,False,743.19,132,671468200,train
671468162,743.55,51,12:14:32,False,,True,False,743.19,132,671468200,train
671468163,743.51,51,12:14:33,False,,True,False,743.19,132,671468200,train
671468164,743.51,51,12:14:34,False,,True,False,743.19,132,671468200,train
671468165,743.55,51,12:14:34,False,,True,False,743.19,132,671468200,train
671468166,743.55,51,12:14:35,False,,True,False,743.19,132,671468200,train
671468167,743.48,51,12:14:36,False,,True,False,743.19,132,671468200,train
671468168,743.37,51,12:14:37,False,,True,False,743.19,132,671468200,train
671468169,743.46,51,12:14:38,False,,True,False,743.19,132,671468200,train
671468170,743.48,51,12:14:39,False,,True,False,743.2,132,671468200,train
671468171,743.5,51,12:14:40,False,,True,False,743.2,132,671468200,train
671468172,743.39,51,12:14:41,False,,True,False,743.2,132,671468200,train
671468173,743.41,51,12:14:42,False,,True,False,743.2,132,671468200,train
671468174,743.34,51,12:14:43,False,,True,False,743.2,132,671468200,train
671468175,743.25,51,12:14:44,False,,True,False,743.2,132,671468200,train
671468176,743.09,51,12:14:45,False,,True,False,743.2,132,671468200,train
671468177,743.32,51,12:14:46,False,,True,False,743.2,132,671468200,train
671468178,743.43,51,12:14:47,False,,True,False,743.2,132,671468200,train
671468179,743.43,51,12:14:48,False,,True,False,743.2,132,671468200,train
671468180,743.43,51,12:14:49,False,,True,False,743.2,132,671468200,train
671468181,743.45,51,12:14:50,False,,True,False,743.2,132,671468200,train
671468182,743.45,51,12:14:51,False,,True,False,743.2,132,671468200,train
671468183,743.4,51,12:14:52,False,,True,False,743.2,132,671468200,train
671468184,743.42,51,12:14:53,False,,True,False,743.2,132,671468200,train
671468185,743.41,51,12:14:54,False,,True,False,743.21,132,671468200,train
671468186,743.45,51,12:14:55,False,,True,False,743.21,132,671468200,train
671468187,743.45,51,12:14:56,False,,True,False,743.21,132,671468200,train
671468188,743.44,51,12:14:57,False,,True,False,743.21,132,671468200,train
671468189,743.44,51,12:14:58,False,,True,False,743.21,132,671468200,train
671468190,743.42,51,12:14:59,False,,True,False,743.21,132,671468200,train
671468191,743.33,51,12:15:00,False,,True,False,743.21,132,671468200,train
671468192,743.28,51,12:15:01,False,,True,True,743.21,132,671468200,train
671468193,743.22,51,12:15:02,False,,True,True,743.21,132,671468200,train
671468194,743.2,51,12:15:03,False,,True,True,743.21,132,671468200,train
671468195,743.23,51,12:15:04,False,,True,True,743.21,132,671468200,train
671468196,743.23,51,12:15:05,False,,True,True,743.21,132,671468200,train
671468197,743.16,51,12:15:06,False,,True,True,743.21,132,671468200,train
671559243,745.07,52,12:52:19,False,,True,False,744.88,133,671559311,train
671559244,745.09,52,12:52:20,False,,True,False,744.88,133,671559311,train
671559245,745.09,52,12:52:21,False,,True,False,744.88,133,671559311,train
671559246,745.09,52,12:52:22,False,,True,False,744.89,133,671559311,train
671559247,745.06,52,12:52:23,False,,True,False,744.89,133,671559311,train
671559248,745.06,52,12:52:24,False,,True,False,744.89,133,671559311,train
671559249,745.06,52,12:52:25,False,,True,False,744.89,133,671559311,train
671559250,745.1,52,12:52:26,False,,True,False,744.89,133,671559311,train
671559251,745.08,52,12:52:27,False,,True,False,744.89,133,671559311,train
671559252,745.1,52,12:52:28,False,,True,False,744.89,133,671559311,train
671559253,745.08,52,12:52:29,False,,True,False,744.89,133,671559311,train
671559254,745.1,52,12:52:30,False,,True,False,744.89,133,671559311,train
671559255,745.06,52,12:52:30,False,,True,False,744.89,133,671559311,train
671559256,745.03,52,12:52:31,False,,True,False,744.89,133,671559311,train
671559257,745.06,52,12:52:32,False,,True,False,744.89,133,671559311,train
671559258,745.08,52,12:52:33,False,,True,False,744.89,133,671559311,train
671559259,745.07,52,12:52:34,False,,True,False,744.89,133,671559311,train
671559260,745.1,52,12:52:35,False,,True,False,744.9,133,671559311,train
671559261,745.07,52,12:52:36,False,,True,False,744.9,133,671559311,train
671559262,745.05,52,12:52:37,False,,True,False,744.9,133,671559311,train
671559263,745.05,52,12:52:38,False,,True,False,744.9,133,671559311,train
671559264,745.14,52,12:52:39,False,,True,False,744.9,133,671559311,train
671559265,745.07,52,12:52:40,False,,True,False,744.9,133,671559311,train
671559266,745.05,52,12:52:41,False,,True,False,744.9,133,671559311,train
671559267,745.09,52,12:52:42,False,,True,False,744.9,133,671559311,train
671559268,745.11,52,12:52:43,False,,True,False,744.9,133,671559311,train
671559269,745.09,52,12:52:44,False,,True,False,744.9,133,671559311,train
671559270,745.07,52,12:52:45,False,,True,False,744.9,133,671559311,train
671559271,745.04,52,12:52:46,False,,True,False,744.9,133,671559311,train
671559272,745.06,52,12:52:47,False,,True,False,744.91,133,671559311,train
671559273,745.07,52,12:52:48,False,,True,False,744.91,133,671559311,train
671559274,745.06,52,12:52:49,False,,True,False,744.91,133,671559311,train
671559275,745.09,52,12:52:50,False,,True,False,744.91,133,671559311,train
671559276,745.15,52,12:52:51,False,,True,True,744.91,133,671559311,train
671559277,745.11,52,12:52:52,False,,True,True,744.91,133,671559311,train
671559278,745.15,52,12:52:53,False,,True,True,744.91,133,671559311,train
671559279,745.11,52,12:52:54,False,,True,True,744.91,133,671559311,train
671559280,745.1,52,12:52:55,False,,True,True,744.91,133,671559311,train
671559281,745.08,52,12:52:56,False,,True,True,744.91,133,671559311,train
671559282,745.17,52,12:52:57,False,,True,True,744.91,133,671559311,train
671559283,745.14,52,12:52:58,False,,True,True,744.91,133,671559311,train
671559284,745.08,52,12:52:59,False,,True,True,744.92,133,671559311,train
671559285,745.08,52,12:53:00,False,,True,True,744.92,133,671559311,train
671559286,745.08,52,12:53:01,False,,True,True,744.92,133,671559311,train
671559287,745.05,52,12:53:02,False,,True,True,744.92,133,671559311,train
671559288,745.01,52,12:53:03,False,,True,True,744.92,133,671559311,train
671559289,745.05,52,12:53:04,False,,True,True,744.92,133,671559311,train
671559290,745.03,52,12:53:05,False,,True,True,744.92,133,671559311,train
671559291,745.05,52,12:53:06,False,,True,True,744.92,133,671559311,train
671559292,744.98,52,12:53:07,False,,True,True,744.92,133,671559311,train
671559293,745.03,52,12:53:07,False,,True,True,744.92,133,671559311,train
671559294,745.0,52,12:53:08,False,,True,True,744.92,133,671559311,train
671559295,745.0,52,12:53:09,False,,True,True,744.92,133,671559311,train
671559296,745.02,52,12:53:10,False,,True,True,744.92,133,671559311,train
671559297,745.02,52,12:53:11,False,,True,True,744.92,133,671559311,train
671559298,745.02,52,12:53:12,False,,True,True,744.92,133,671559311,train
671559299,745.0,52,12:53:13,False,,True,True,744.92,133,671559311,train
671559300,744.95,52,12:53:14,False,,True,True,744.92,133,671559311,train
671559301,744.93,52,12:53:15,False,,True,True,744.92,133,671559311,train
671559302,744.91,52,12:53:16,False,,True,True,744.92,133,671559311,train
671560143,745.57,52,13:06:55,False,,True,False,745.65,134,671560213,train
671560144,745.63,52,13:06:56,False,,True,False,745.65,134,671560213,train
671560145,745.59,52,13:06:57,False,,True,False,745.65,134,671560213,train
671560146,745.57,52,13:06:58,False,,True,False,745.65,134,671560213,train
671560147,745.61,52,13:06:59,False,,True,False,745.65,134,671560213,train
671560148,745.59,52,13:07:00,False,,True,False,745.65,134,671560213,train
671560149,745.56,52,13:07:01,False,,True,False,745.65,134,671560213,train
671560150,745.61,52,13:07:02,False,,True,False,745.65,134,671560213,train
671560151,745.59,52,13:07:03,False,,True,False,745.65,134,671560213,train
671560152,745.58,52,13:07:04,False,,True,False,745.65,134,671560213,train
671560153,745.52,52,13:07:05,False,,True,False,745.65,134,671560213,train
671560154,745.56,52,13:07:06,False,,True,False,745.65,134,671560213,train
671560155,745.58,52,13:07:07,False,,True,False,745.65,134,671560213,train
671560156,745.6,52,13:07:08,False,,True,False,745.65,134,671560213,train
671560157,745.56,52,13:07:09,False,,True,False,745.65,134,671560213,train
671560158,745.58,52,13:07:10,False,,True,False,745.65,134,671560213,train
671560159,745.62,52,13:07:11,False,,True,False,745.65,134,671560213,train
671560160,745.62,52,13:07:12,False,,True,False,745.65,134,671560213,train
671560161,745.6,52,13:07:12,False,,True,False,745.65,134,671560213,train
671560162,745.6,52,13:07:13,False,,True,False,745.65,134,671560213,train
671560163,745.6,52,13:07:14,False,,True,False,745.65,134,671560213,train
671560164,745.56,52,13:07:15,False,,True,False,745.65,134,671560213,train
671560165,745.55,52,13:07:16,False,,True,False,745.65,134,671560213,train
671560166,745.6,52,13:07:17,False,,True,False,745.65,134,671560213,train
671560167,745.61,52,13:07:18,False,,True,False,745.66,134,671560213,train
671560168,745.59,52,13:07:19,False,,True,False,745.66,134,671560213,train
671560169,745.57,52,13:07:20,False,,True,False,745.66,134,671560213,train
671560170,745.62,52,13:07:21,False,,True,False,745.66,134,671560213,train
671560171,745.63,52,13:07:22,False,,True,True,745.66,134,671560213,train
671560172,745.61,52,13:07:23,False,,True,True,745.66,134,671560213,train
671560173,745.59,52,13:07:24,False,,True,True,745.66,134,671560213,train
671560174,745.59,52,13:07:25,False,,True,True,745.66,134,671560213,train
671560175,745.63,52,13:07:26,False,,True,True,745.66,134,671560213,train
671560176,745.59,52,13:07:27,False,,True,True,745.66,134,671560213,train
671560177,745.59,52,13:07:28,False,,True,True,745.66,134,671560213,train
671560178,745.57,52,13:07:29,False,,True,True,745.66,134,671560213,train
671560179,745.57,52,13:07:30,False,,True,True,745.66,134,671560213,train
671560180,745.56,52,13:07:31,False,,True,True,745.66,134,671560213,train
671560181,745.54,52,13:07:32,False,,True,True,745.66,134,671560213,train
671560182,745.52,52,13:07:33,False,,True,True,745.66,134,671560213,train
671560183,745.54,52,13:07:34,False,,True,True,745.66,134,671560213,train
671560184,745.6,52,13:07:35,False,,True,True,745.66,134,671560213,train
671560185,745.58,52,13:07:36,False,,True,True,745.66,134,671560213,train
671560186,745.56,52,13:07:37,False,,True,True,745.66,134,671560213,train
671560187,745.58,52,13:07:38,False,,True,True,745.66,134,671560213,train
671560188,745.54,52,13:07:39,False,,True,True,745.66,134,671560213,train
671560189,745.51,52,13:07:40,False,,True,True,745.66,134,671560213,train
671560190,745.51,52,13:07:41,False,,True,True,745.66,134,671560213,train
671560191,745.49,52,13:07:42,False,,True,True,745.66,134,671560213,train
671560192,745.49,52,13:07:43,False,,True,True,745.66,134,671560213,train
671560193,745.53,52,13:07:44,False,,True,True,745.66,134,671560213,train
671560194,745.44,52,13:07:45,False,,True,True,745.66,134,671560213,train
671560195,745.44,52,13:07:46,False,,True,True,745.66,134,671560213,train
671560196,745.41,52,13:07:47,False,,True,True,745.66,134,671560213,train
671560197,745.42,52,13:07:48,False,,True,True,745.66,134,671560213,train
671560198,745.46,52,13:07:48,False,,True,True,745.66,134,671560213,train
671560199,745.43,52,13:07:49,False,,True,True,745.66,134,671560213,train
671560200,745.44,52,13:07:50,False,,True,True,745.66,134,671560213,train
671560201,745.41,52,13:07:51,False,,True,True,745.66,134,671560213,train
671560202,745.35,52,13:07:52,False,,True,True,745.66,134,671560213,train
671561004,745.98,52,13:20:53,False,,True,False,745.83,135,671561065,train
671561005,745.89,52,13:20:54,False,,True,False,745.83,135,671561065,train
671561006,745.93,52,13:20:55,False,,True,False,745.83,135,671561065,train
671561007,745.98,52,13:20:56,False,,True,False,745.83,135,671561065,train
671561008,745.95,52,13:20:57,False,,True,False,745.83,135,671561065,train
671561009,745.95,52,13:20:58,False,,True,False,745.83,135,671561065,train
671561010,745.95,52,13:20:59,False,,True,False,745.83,135,671561065,train
671561011,745.93,52,13:21:00,False,,True,False,745.83,135,671561065,train
671561012,745.99,52,13:21:01,False,,True,False,745.83,135,671561065,train
671561013,745.89,52,13:21:02,False,,True,False,745.83,135,671561065,train
671561014,745.91,52,13:21:03,False,,True,False,745.83,135,671561065,train
671561015,745.88,52,13:21:04,False,,True,False,745.83,135,671561065,train
671561016,745.92,52,13:21:05,False,,True,False,745.83,135,671561065,train
671561017,745.86,52,13:21:06,False,,True,False,745.83,135,671561065,train
671561018,745.86,52,13:21:07,False,,True,False,745.83,135,671561065,train
671561019,745.9,52,13:21:08,False,,True,False,745.83,135,671561065,train
671561020,745.84,52,13:21:09,False,,True,False,745.84,135,671561065,train
671561021,745.94,52,13:21:10,False,,True,False,745.84,135,671561065,train
671561022,745.87,52,13:21:11,False,,True,False,745.84,135,671561065,train
671561023,745.9,52,13:21:12,False,,True,False,745.84,135,671561065,train
671561024,745.87,52,13:21:13,False,,True,False,745.84,135,671561065,train
671561025,745.9,52,13:21:14,False,,True,False,745.84,135,671561065,train
671561026,745.85,52,13:21:15,False,,True,False,745.84,135,671561065,train
671561027,745.87,52,13:21:16,False,,True,False,745.84,135,671561065,train
671561028,745.87,52,13:21:17,False,,True,False,745.84,135,671561065,train
671561029,745.89,52,13:21:17,False,,True,False,745.84,135,671561065,train
671561030,745.94,52,13:21:18,False,,True,False,745.84,135,671561065,train
671561031,745.91,52,13:21:19,False,,True,False,745.84,135,671561065,train
671561032,745.89,52,13:21:20,False,,True,False,745.84,135,671561065,train
671561033,745.91,52,13:21:21,False,,True,False,745.84,135,671561065,train
671561034,745.85,52,13:21:22,False,,True,False,745.84,135,671561065,train
671561035,745.89,52,13:21:23,False,,True,False,745.84,135,671561065,train
671561036,745.91,52,13:21:24,False,,True,False,745.84,135,671561065,train
671561037,745.91,52,13:21:25,False,,True,False,745.84,135,671561065,train
671561038,745.89,52,13:21:26,False,,True,False,745.84,135,671561065,train
671561039,745.93,52,13:21:27,False,,True,False,745.84,135,671561065,train
671561040,745.89,52,13:21:28,False,,True,False,745.85,135,671561065,train
671561041,745.93,52,13:21:29,False,,True,False,745.85,135,671561065,train
671561042,745.86,52,13:21:30,False,,True,False,745.85,135,671561065,train
671561043,745.86,52,13:21:31,False,,True,False,745.85,135,671561065,train
671561044,745.93,52,13:21:32,False,,True,False,745.85,135,671561065,train
671561045,745.95,52,13:21:33,False,,True,False,745.85,135,671561065,train
671561046,745.95,52,13:21:34,False,,True,False,745.85,135,671561065,train
671561047,745.92,52,13:21:35,False,,True,False,745.85,135,671561065,train
671561048,745.91,52,13:21:36,False,,True,False,745.85,135,671561065,train
671561049,745.9,52,13:21:37,False,,True,False,745.85,135,671561065,train
671561050,745.9,52,13:21:38,False,,True,False,745.85,135,671561065,train
671561051,745.96,52,13:21:39,False,,True,False,745.85,135,671561065,train
671561052,745.93,52,13:21:40,False,,True,False,745.85,135,671561065,train
671561053,745.9,52,13:21:41,False,,True,False,745.85,135,671561065,train
671561054,745.88,52,13:21:42,False,,True,False,745.85,135,671561065,train
671561055,745.9,52,13:21:43,False,,True,False,745.85,135,671561065,train
671561056,745.88,52,13:21:44,False,,True,False,745.85,135,671561065,train
671561057,745.92,52,13:21:45,False,,True,False,745.85,135,671561065,train
671561058,745.9,52,13:21:46,False,,True,False,745.85,135,671561065,train
671561059,745.89,52,13:21:47,False,,True,False,745.85,135,671561065,train
671561060,745.94,52,13:21:48,False,,True,False,745.86,135,671561065,train
671561061,745.87,52,13:21:49,False,,True,True,745.86,135,671561065,train
671561062,745.91,52,13:21:50,False,,True,True,745.86,135,671561065,train
671561063,745.78,52,13:21:51,False,,True,True,745.86,135,671561065,train
671563807,745.07,52,14:06:22,False,,True,False,745.3,136,671563881,train
671563808,745.04,52,14:06:23,False,,True,False,745.3,136,671563881,train
671563809,745.02,52,14:06:24,False,,True,False,745.3,136,671563881,train
671563810,745.05,52,14:06:25,False,,True,False,745.3,136,671563881,train
671563811,745.07,52,14:06:26,False,,True,False,745.3,136,671563881,train
671563812,745.04,52,14:06:27,False,,True,False,745.29,136,671563881,train
671563813,745.07,52,14:06:28,False,,True,False,745.29,136,671563881,train
671563814,744.98,52,14:06:29,False,,True,False,745.29,136,671563881,train
671563815,745.0,52,14:06:30,False,,True,False,745.29,136,671563881,train
671563816,745.02,52,14:06:31,False,,True,False,745.29,136,671563881,train
671563817,744.99,52,14:06:32,False,,True,False,745.29,136,671563881,train
671563818,745.0,52,14:06:33,False,,True,False,745.29,136,671563881,train
671563819,744.97,52,14:06:34,False,,True,False,745.29,136,671563881,train
671563820,745.0,52,14:06:35,False,,True,False,745.29,136,671563881,train
671563821,745.06,52,14:06:35,False,,True,False,745.29,136,671563881,train
671563822,745.0,52,14:06:36,False,,True,False,745.29,136,671563881,train
671563823,744.9,52,14:06:37,False,,True,True,745.29,136,671563881,train
671563824,744.97,52,14:06:38,False,,True,True,745.29,136,671563881,train
671563825,744.99,52,14:06:39,False,,True,True,745.28,136,671563881,train
671563826,744.97,52,14:06:40,False,,True,True,745.28,136,671563881,train
671563827,745.01,52,14:06:41,False,,True,True,745.28,136,671563881,train
671563828,744.95,52,14:06:42,False,,True,True,745.28,136,671563881,train
671563829,744.92,52,14:06:43,False,,True,True,745.28,136,671563881,train
671563830,744.99,52,14:06:44,False,,True,True,745.28,136,671563881,train
671563831,744.99,52,14:06:45,False,,True,True,745.28,136,671563881,train
671563832,744.97,52,14:06:46,False,,True,True,745.28,136,671563881,train
671563833,744.92,52,14:06:47,False,,True,True,745.28,136,671563881,train
671563834,745.01,52,14:06:48,False,,True,True,745.28,136,671563881,train
671563835,744.99,52,14:06:49,False,,True,True,745.28,136,671563881,train
671563836,744.9,52,14:06:50,False,,True,True,745.28,136,671563881,train
671563837,745.03,52,14:06:51,False,,True,True,745.28,136,671563881,train
671563838,745.01,52,14:06:52,False,,True,True,745.27,136,671563881,train
671563839,744.92,52,14:06:53,False,,True,True,745.27,136,671563881,train
671563840,744.94,52,14:06:54,False,,True,True,745.27,136,671563881,train
671563841,745.0,52,14:06:55,False,,True,True,745.27,136,671563881,train
671563842,744.96,52,14:06:56,False,,True,True,745.27,136,671563881,train
671563843,744.99,52,14:06:57,False,,True,True,745.27,136,671563881,train
671563844,744.96,52,14:06:58,False,,True,True,745.27,136,671563881,train
671563845,744.92,52,14:06:59,False,,True,True,745.27,136,671563881,train
671563846,744.87,52,14:07:00,False,,True,True,745.27,136,671563881,train
671563847,744.87,52,14:07:01,False,,True,True,745.27,136,671563881,train
671563848,744.89,52,14:07:02,False,,True,True,745.27,136,671563881,train
671563849,744.96,52,14:07:03,False,,True,True,745.26,136,671563881,train
671563850,744.85,52,14:07:04,False,,True,True,745.26,136,671563881,train
671563851,744.91,52,14:07:05,False,,True,True,745.26,136,671563881,train
671563852,744.92,52,14:07:06,False,,True,True,745.26,136,671563881,train
671563853,744.94,52,14:07:07,False,,True,True,745.26,136,671563881,train
671563854,744.87,52,14:07:08,False,,True,True,745.26,136,671563881,train
671563855,744.89,52,14:07:09,False,,True,True,745.26,136,671563881,train
671563856,744.91,52,14:07:10,False,,True,True,745.26,136,671563881,train
671563857,744.87,52,14:07:11,False,,True,True,745.26,136,671563881,train
671563858,744.87,52,14:07:12,False,,True,True,745.26,136,671563881,train
671563859,744.87,52,14:07:12,False,,True,True,745.26,136,671563881,train
671563860,744.89,52,14:07:13,False,,True,True,745.25,136,671563881,train
671563861,744.91,52,14:07:14,False,,True,True,745.25,136,671563881,train
671563862,744.95,52,14:07:15,False,,True,True,745.25,136,671563881,train
671563863,744.86,52,14:07:16,False,,True,True,745.25,136,671563881,train
671563864,744.86,52,14:07:17,False,,True,True,745.25,136,671563881,train
671563865,744.84,52,14:07:18,False,,True,True,745.25,136,671563881,train
671563866,744.8,52,14:07:19,False,,True,True,745.25,136,671563881,train
671570263,738.8,52,15:51:07,False,,True,False,738.84,137,671570327,train
671570264,738.8,52,15:51:08,False,,True,False,738.84,137,671570327,train
671570265,738.78,52,15:51:09,False,,True,False,738.84,137,671570327,train
671570266,738.86,52,15:51:10,False,,True,False,738.84,137,671570327,train
671570267,738.75,52,15:51:11,False,,True,False,738.84,137,671570327,train
671570268,738.77,52,15:51:12,False,,True,False,738.84,137,671570327,train
671570269,738.7,52,15:51:13,False,,True,False,738.84,137,671570327,train
671570270,738.79,52,15:51:14,False,,True,False,738.83,137,671570327,train
671570271,738.74,52,15:51:15,False,,True,False,738.83,137,671570327,train
671570272,738.75,52,15:51:16,False,,True,False,738.83,137,671570327,train
671570273,738.79,52,15:51:16,False,,True,False,738.83,137,671570327,train
671570274,738.72,52,15:51:17,False,,True,False,738.83,137,671570327,train
671570275,738.74,52,15:51:18,False,,True,False,738.83,137,671570327,train
671570276,738.69,52,15:51:19,False,,True,False,738.83,137,671570327,train
671570277,738.78,52,15:51:20,False,,True,False,738.83,137,671570327,train
671570278,738.72,52,15:51:21,False,,True,False,738.83,137,671570327,train
671570279,738.7,52,15:51:22,False,,True,False,738.83,137,671570327,train
671570280,738.67,52,15:51:23,False,,True,False,738.83,137,671570327,train
671570281,738.69,52,15:51:24,False,,True,False,738.83,137,671570327,train
671570282,738.69,52,15:51:25,False,,True,False,738.83,137,671570327,train
671570283,738.75,52,15:51:26,False,,True,False,738.83,137,671570327,train
671570284,738.64,52,15:51:27,False,,True,False,738.83,137,671570327,train
671570285,738.64,52,15:51:28,False,,True,False,738.83,137,671570327,train
671570286,738.68,52,15:51:29,False,,True,False,738.83,137,671570327,train
671570287,738.66,52,15:51:30,False,,True,False,738.83,137,671570327,train
671570288,738.67,52,15:51:31,False,,True,False,738.83,137,671570327,train
671570289,738.66,52,15:51:32,False,,True,False,738.83,137,671570327,train
671570290,738.71,52,15:51:33,False,,True,False,738.83,137,671570327,train
671570291,738.61,52,15:51:34,False,,True,False,738.83,137,671570327,train
671570292,738.66,52,15:51:35,False,,True,False,738.83,137,671570327,train
671570293,738.65,52,15:51:36,False,,True,False,738.83,137,671570327,train
671570294,738.66,52,15:51:37,False,,True,False,738.83,137,671570327,train
671570295,738.59,52,15:51:38,False,,True,False,738.82,137,671570327,train
671570296,738.68,52,15:51:39,False,,True,False,738.82,137,671570327,train
671570297,738.65,52,15:51:40,False,,True,False,738.82,137,671570327,train
671570298,738.65,52,15:51:41,False,,True,False,738.82,137,671570327,train
671570299,738.63,52,15:51:42,False,,True,False,738.82,137,671570327,train
671570300,738.65,52,15:51:43,False,,True,False,738.82,137,671570327,train
671570301,738.6,52,15:51:44,False,,True,False,738.82,137,671570327,train
671570302,738.65,52,15:51:45,False,,True,False,738.82,137,671570327,train
671570303,738.62,52,15:51:46,False,,True,False,738.82,137,671570327,train
671570304,738.65,52,15:51:47,False,,True,False,738.82,137,671570327,train
671570305,738.64,52,15:51:48,False,,True,False,738.82,137,671570327,train
671570306,738.64,52,15:51:49,False,,True,False,738.82,137,671570327,train
671570307,738.64,52,15:51:50,False,,True,False,738.82,137,671570327,train
671570308,738.64,52,15:51:51,False,,True,False,738.82,137,671570327,train
671570309,738.66,52,15:51:52,False,,True,False,738.82,137,671570327,train
671570310,738.68,52,15:51:53,False,,True,False,738.82,137,671570327,train
671570311,738.64,52,15:51:53,False,,True,True,738.82,137,671570327,train
671570312,738.64,52,15:51:54,False,,True,True,738.82,137,671570327,train
671570313,738.72,52,15:51:55,False,,True,True,738.82,137,671570327,train
671570314,738.73,52,15:51:56,False,,True,True,738.82,137,671570327,train
671570315,738.72,52,15:51:57,False,,True,True,738.81,137,671570327,train
671570316,738.61,52,15:51:58,False,,True,True,738.81,137,671570327,train
671570317,738.68,52,15:51:59,False,,True,True,738.81,137,671570327,train
671570318,738.65,52,15:52:00,False,,True,True,738.81,137,671570327,train
671570319,738.63,52,15:52:01,False,,True,True,738.81,137,671570327,train
671570320,738.58,52,15:52:02,False,,True,True,738.81,137,671570327,train
671570321,738.54,52,15:52:03,False,,True,True,738.81,137,671570327,train
671570322,738.4,52,15:52:04,False,,True,True,738.81,137,671570327,train
671641380,742.85,53,11:04:59,False,,True,False,742.87,138,671641441,train
671641381,742.87,53,11:05:00,False,,True,False,742.87,138,671641441,train
671641382,742.82,53,11:05:01,False,,True,False,742.87,138,671641441,train
671641383,742.84,53,11:05:02,False,,True,False,742.87,138,671641441,train
671641384,742.84,53,11:05:03,False,,True,False,742.87,138,671641441,train
671641385,742.84,53,11:05:04,False,,True,False,742.87,138,671641441,train
671641386,742.84,53,11:05:05,False,,True,False,742.87,138,671641441,train
671641387,742.88,53,11:05:06,False,,True,False,742.87,138,671641441,train
671641388,742.79,53,11:05:07,False,,True,False,742.87,138,671641441,train
671641389,742.79,53,11:05:08,False,,True,False,742.87,138,671641441,train
671641390,742.7,53,11:05:09,False,,True,False,742.87,138,671641441,train
671641391,742.78,53,11:05:10,False,,True,False,742.87,138,671641441,train
671641392,742.74,53,11:05:11,False,,True,False,742.87,138,671641441,train
671641393,742.78,53,11:05:12,False,,True,False,742.87,138,671641441,train
671641394,742.78,53,11:05:13,False,,True,False,742.87,138,671641441,train
671641395,742.69,53,11:05:14,False,,True,False,742.87,138,671641441,train
671641396,742.73,53,11:05:15,False,,True,False,742.87,138,671641441,train
671641397,742.66,53,11:05:16,False,,True,False,742.87,138,671641441,train
671641398,742.73,53,11:05:17,False,,True,False,742.86,138,671641441,train
671641399,742.72,53,11:05:18,False,,True,False,742.86,138,671641441,train
671641400,742.79,53,11:05:19,False,,True,False,742.86,138,671641441,train
671641401,742.77,53,11:05:19,False,,True,False,742.86,138,671641441,train
671641402,742.74,53,11:05:20,False,,True,False,742.86,138,671641441,train
671641403,742.76,53,11:05:21,False,,True,False,742.86,138,671641441,train
671641404,742.71,53,11:05:22,False,,True,False,742.86,138,671641441,train
671641405,742.69,53,11:05:23,False,,True,False,742.86,138,671641441,train
671641406,742.66,53,11:05:24,False,,True,False,742.86,138,671641441,train
671641407,742.69,53,11:05:25,False,,True,False,742.86,138,671641441,train
671641408,742.71,53,11:05:26,False,,True,False,742.86,138,671641441,train
671641409,742.71,53,11:05:27,False,,True,False,742.86,138,671641441,train
671641410,742.68,53,11:05:28,False,,True,False,742.86,138,671641441,train
671641411,742.7,53,11:05:29,False,,True,False,742.86,138,671641441,train
671641412,742.73,53,11:05:30,False,,True,False,742.86,138,671641441,train
671641413,742.72,53,11:05:31,False,,True,False,742.86,138,671641441,train
671641414,742.7,53,11:05:32,False,,True,False,742.86,138,671641441,train
671641415,742.72,53,11:05:33,False,,True,False,742.86,138,671641441,train
671641416,742.72,53,11:05:34,False,,True,False,742.86,138,671641441,train
671641417,742.74,53,11:05:35,False,,True,False,742.86,138,671641441,train
671641418,742.65,53,11:05:36,False,,True,False,742.86,138,671641441,train
671641419,742.67,53,11:05:37,False,,True,False,742.86,138,671641441,train
671641420,742.71,53,11:05:38,False,,True,False,742.86,138,671641441,train
671641421,742.71,53,11:05:39,False,,True,False,742.86,138,671641441,train
671641422,742.79,53,11:05:40,False,,True,False,742.86,138,671641441,train
671641423,742.77,53,11:05:41,False,,True,False,742.86,138,671641441,train
671641424,742.79,53,11:05:42,False,,True,False,742.86,138,671641441,train
671641425,742.79,53,11:05:43,False,,True,False,742.86,138,671641441,train
671641426,742.75,53,11:05:44,False,,True,False,742.86,138,671641441,train
671641427,742.81,53,11:05:45,False,,True,False,742.86,138,671641441,train
671641428,742.79,53,11:05:46,False,,True,False,742.86,138,671641441,train
671641429,742.79,53,11:05:47,False,,True,False,742.86,138,671641441,train
671641430,742.77,53,11:05:48,False,,True,False,742.85,138,671641441,train
671641431,742.69,53,11:05:49,False,,True,False,742.85,138,671641441,train
671641432,742.81,53,11:05:50,False,,True,False,742.85,138,671641441,train
671641433,742.78,53,11:05:51,False,,True,False,742.85,138,671641441,train
671641434,742.73,53,11:05:52,False,,True,False,742.85,138,671641441,train
671641435,742.69,53,11:05:53,False,,True,False,742.85,138,671641441,train
671641436,742.68,53,11:05:54,False,,True,False,742.85,138,671641441,train
671641437,742.64,53,11:05:55,False,,True,True,742.85,138,671641441,train
671641438,742.59,53,11:05:56,False,,True,True,742.85,138,671641441,train
671641439,742.48,53,11:05:56,False,,True,True,742.85,138,671641441,train
671644397,744.22,53,11:53:56,False,,True,True,744.24,139,671644549,train
671644398,744.24,53,11:53:57,False,,True,True,744.24,139,671644549,train
671644399,744.23,53,11:53:58,False,,True,True,744.24,139,671644549,train
671644400,744.26,53,11:53:59,False,,True,True,744.24,139,671644549,train
671644401,744.32,53,11:54:00,False,,True,True,744.24,139,671644549,train
671644402,744.28,53,11:54:01,False,,True,True,744.24,139,671644549,train
671644403,744.28,53,11:54:02,False,,True,True,744.24,139,671644549,train
671644404,744.3,53,11:54:03,False,,True,True,744.24,139,671644549,train
671644405,744.28,53,11:54:04,False,,True,True,744.24,139,671644549,train
671644406,744.28,53,11:54:05,False,,True,True,744.24,139,671644549,train
671644407,744.25,53,11:54:06,False,,True,True,744.24,139,671644549,train
671644408,744.32,53,11:54:07,False,,True,True,744.24,139,671644549,train
671644409,744.25,53,11:54:08,False,,True,True,744.24,139,671644549,train
671644410,744.25,53,11:54:09,False,,True,True,744.24,139,671644549,train
671644411,744.25,53,11:54:10,False,,True,True,744.24,139,671644549,train
671644412,744.29,53,11:54:11,False,,True,True,744.24,139,671644549,train
671644413,744.25,53,11:54:12,False,,True,True,744.24,139,671644549,train
671644414,744.27,53,11:54:13,False,,True,True,744.24,139,671644549,train
671644415,744.22,53,11:54:14,False,,True,True,744.24,139,671644549,train
671644416,744.27,53,11:54:15,False,,True,True,744.24,139,671644549,train
671644417,744.18,53,11:54:16,False,,True,True,744.24,139,671644549,train
671644418,744.18,53,11:54:17,False,,True,True,744.24,139,671644549,train
671644419,744.22,53,11:54:18,False,,True,True,744.24,139,671644549,train
671644420,744.18,53,11:54:18,False,,True,True,744.24,139,671644549,train
671644421,744.22,53,11:54:19,False,,True,True,744.24,139,671644549,train
671644422,744.26,53,11:54:20,False,,True,True,744.24,139,671644549,train
671644423,744.29,53,11:54:21,False,,True,True,744.24,139,671644549,train
671644424,744.29,53,11:54:22,False,,True,True,744.24,139,671644549,train
671644425,744.27,53,11:54:23,False,,True,True,744.24,139,671644549,train
671644426,744.3,53,11:54:24,False,,True,True,744.24,139,671644549,train
671644427,744.29,53,11:54:25,False,,True,True,744.24,139,671644549,train
671644428,744.33,53,11:54:26,False,,True,True,744.24,139,671644549,train
671644429,744.3,53,11:54:27,False,,True,True,744.25,139,671644549,train
671644430,744.31,53,11:54:28,False,,True,True,744.25,139,671644549,train
671644431,744.31,53,11:54:29,False,,True,True,744.25,139,671644549,train
671644432,744.26,53,11:54:30,False,,True,True,744.25,139,671644549,train
671644433,744.26,53,11:54:31,False,,True,True,744.25,139,671644549,train
671644434,744.24,53,11:54:32,False,,True,True,744.25,139,671644549,train
671644435,744.3,53,11:54:33,False,,True,True,744.25,139,671644549,train
671644436,744.26,53,11:54:34,False,,True,True,744.25,139,671644549,train
671644437,744.23,53,11:54:35,False,,True,True,744.25,139,671644549,train
671644438,744.23,53,11:54:36,False,,True,True,744.25,139,671644549,train
671644439,744.3,53,11:54:37,False,,True,True,744.25,139,671644549,train
671644440,744.28,53,11:54:38,False,,True,True,744.25,139,671644549,train
671644441,744.25,53,11:54:39,False,,True,True,744.25,139,671644549,train
671644442,744.26,53,11:54:40,False,,True,True,744.25,139,671644549,train
671644443,744.25,53,11:54:41,False,,True,True,744.25,139,671644549,train
671644444,744.23,53,11:54:42,False,,True,True,744.25,139,671644549,train
671644445,744.23,53,11:54:43,False,,True,True,744.25,139,671644549,train
671644446,744.27,53,11:54:44,False,,True,True,744.25,139,671644549,train
671644447,744.25,53,11:54:45,False,,True,True,744.25,139,671644549,train
671644448,744.27,53,11:54:46,False,,True,True,744.25,139,671644549,train
671644449,744.23,53,11:54:47,False,,True,True,744.25,139,671644549,train
671644450,744.22,53,11:54:48,False,,True,True,744.25,139,671644549,train
671644451,744.22,53,11:54:49,False,,True,True,744.25,139,671644549,train
671644452,744.18,53,11:54:50,False,,True,True,744.25,139,671644549,train
671644453,744.22,53,11:54:51,False,,True,True,744.25,139,671644549,train
671644454,744.13,53,11:54:52,False,,True,True,744.25,139,671644549,train
671644455,744.18,53,11:54:53,False,,True,True,744.25,139,671644549,train
671644456,744.15,53,11:54:54,False,,True,True,744.25,139,671644549,train
671645368,745.05,53,12:09:41,False,,True,False,744.87,140,671645443,train
671645369,745.05,53,12:09:42,False,,True,False,744.88,140,671645443,train
671645370,745.1,53,12:09:43,False,,True,False,744.88,140,671645443,train
671645371,745.05,53,12:09:44,False,,True,False,744.88,140,671645443,train
671645372,745.03,53,12:09:45,False,,True,False,744.88,140,671645443,train
671645373,745.05,53,12:09:46,False,,True,False,744.88,140,671645443,train
671645374,745.05,53,12:09:47,False,,True,False,744.88,140,671645443,train
671645375,745.12,53,12:09:48,False,,True,False,744.88,140,671645443,train
671645376,745.01,53,12:09:49,False,,True,False,744.88,140,671645443,train
671645377,745.05,53,12:09:50,False,,True,False,744.88,140,671645443,train
671645378,745.0,53,12:09:51,False,,True,False,744.89,140,671645443,train
671645379,745.07,53,12:09:52,False,,True,False,744.89,140,671645443,train
671645380,745.07,53,12:09:53,False,,True,False,744.89,140,671645443,train
671645381,745.07,53,12:09:54,False,,True,False,744.89,140,671645443,train
671645382,745.12,53,12:09:55,False,,True,False,744.89,140,671645443,train
671645383,745.03,53,12:09:56,False,,True,True,744.89,140,671645443,train
671645384,745.11,53,12:09:57,False,,True,True,744.89,140,671645443,train
671645385,745.07,53,12:09:58,False,,True,True,744.89,140,671645443,train
671645386,745.05,53,12:09:59,False,,True,True,744.89,140,671645443,train
671645387,745.11,53,12:10:00,False,,True,True,744.9,140,671645443,train
671645388,745.02,53,12:10:01,False,,True,True,744.9,140,671645443,train
671645389,745.02,53,12:10:02,False,,True,True,744.9,140,671645443,train
671645390,745.09,53,12:10:03,False,,True,True,744.9,140,671645443,train
671645391,745.02,53,12:10:04,False,,True,True,744.9,140,671645443,train
671645392,745.04,53,12:10:05,False,,True,True,744.9,140,671645443,train
671645393,745.07,53,12:10:06,False,,True,True,744.9,140,671645443,train
671645394,745.11,53,12:10:07,False,,True,True,744.9,140,671645443,train
671645395,745.11,53,12:10:08,False,,True,True,744.9,140,671645443,train
671645396,745.06,53,12:10:09,False,,True,True,744.91,140,671645443,train
671645397,745.11,53,12:10:10,False,,True,True,744.91,140,671645443,train
671645398,745.09,53,12:10:11,False,,True,True,744.91,140,671645443,train
671645399,745.09,53,12:10:12,False,,True,True,744.91,140,671645443,train
671645400,745.06,53,12:10:13,False,,True,True,744.91,140,671645443,train
671645401,745.07,53,12:10:13,False,,True,True,744.91,140,671645443,train
671645402,745.08,53,12:10:14,False,,True,True,744.91,140,671645443,train
671645403,745.04,53,12:10:15,False,,True,True,744.91,140,671645443,train
671645404,745.08,53,12:10:16,False,,True,True,744.91,140,671645443,train
671645405,745.08,53,12:10:17,False,,True,True,744.91,140,671645443,train
671645406,745.04,53,12:10:18,False,,True,True,744.92,140,671645443,train
671645407,745.1,53,12:10:19,False,,True,True,744.92,140,671645443,train
671645408,745.06,53,12:10:20,False,,True,True,744.92,140,671645443,train
671645409,745.12,53,12:10:21,False,,True,True,744.92,140,671645443,train
671645410,745.07,53,12:10:22,False,,True,True,744.92,140,671645443,train
671645411,745.05,53,12:10:23,False,,True,True,744.92,140,671645443,train
671645412,745.05,53,12:10:24,False,,True,True,744.92,140,671645443,train
671645413,745.07,53,12:10:25,False,,True,True,744.92,140,671645443,train
671645414,745.05,53,12:10:26,False,,True,True,744.92,140,671645443,train
671645415,745.01,53,12:10:27,False,,True,True,744.93,140,671645443,train
671645416,745.01,53,12:10:28,False,,True,True,744.93,140,671645443,train
671645417,745.03,53,12:10:29,False,,True,True,744.93,140,671645443,train
671645418,745.05,53,12:10:30,False,,True,True,744.93,140,671645443,train
671645419,745.05,53,12:10:31,False,,True,True,744.93,140,671645443,train
671645420,745.03,53,12:10:32,False,,True,True,744.93,140,671645443,train
671645421,744.99,53,12:10:33,False,,True,True,744.93,140,671645443,train
671645422,745.05,53,12:10:34,False,,True,True,744.93,140,671645443,train
671645423,745.05,53,12:10:35,False,,True,True,744.93,140,671645443,train
671645424,745.07,53,12:10:36,False,,True,True,744.93,140,671645443,train
671645425,745.05,53,12:10:37,False,,True,True,744.94,140,671645443,train
671645426,745.02,53,12:10:38,False,,True,True,744.94,140,671645443,train
671645427,745.02,53,12:10:39,False,,True,True,744.94,140,671645443,train
671648145,747.02,53,12:54:45,False,,True,False,746.72,141,671648210,train
671648146,747.11,53,12:54:46,False,,True,False,746.72,141,671648210,train
671648147,747.11,53,12:54:47,False,,True,False,746.72,141,671648210,train
671648148,747.06,53,12:54:48,False,,True,False,746.72,141,671648210,train
671648149,747.02,53,12:54:49,False,,True,False,746.72,141,671648210,train
671648150,747.06,53,12:54:50,False,,True,False,746.72,141,671648210,train
671648151,747.06,53,12:54:51,False,,True,False,746.72,141,671648210,train
671648152,747.02,53,12:54:52,False,,True,False,746.73,141,671648210,train
671648153,747.02,53,12:54:53,False,,True,False,746.73,141,671648210,train
671648154,747.1,53,12:54:54,False,,True,False,746.73,141,671648210,train
671648155,747.02,53,12:54:55,False,,True,False,746.73,141,671648210,train
671648156,747.08,53,12:54:55,False,,True,False,746.73,141,671648210,train
671648157,747.08,53,12:54:56,False,,True,False,746.73,141,671648210,train
671648158,747.06,53,12:54:57,False,,True,False,746.73,141,671648210,train
671648159,747.08,53,12:54:58,False,,True,False,746.74,141,671648210,train
671648160,747.03,53,12:54:59,False,,True,False,746.74,141,671648210,train
671648161,747.04,53,12:55:00,False,,True,False,746.74,141,671648210,train
671648162,747.03,53,12:55:01,False,,True,False,746.74,141,671648210,train
671648163,747.1,53,12:55:02,False,,True,False,746.74,141,671648210,train
671648164,747.05,53,12:55:03,False,,True,False,746.74,141,671648210,train
671648165,747.1,53,12:55:04,False,,True,False,746.74,141,671648210,train
671648166,747.07,53,12:55:05,False,,True,False,746.74,141,671648210,train
671648167,746.98,53,12:55:06,False,,True,False,746.75,141,671648210,train
671648168,746.98,53,12:55:07,False,,True,False,746.75,141,671648210,train
671648169,747.02,53,12:55:08,False,,True,False,746.75,141,671648210,train
671648170,746.96,53,12:55:09,False,,True,False,746.75,141,671648210,train
671648171,746.96,53,12:55:10,False,,True,False,746.75,141,671648210,train
671648172,746.98,53,12:55:11,False,,True,False,746.75,141,671648210,train
671648173,747.02,53,12:55:12,False,,True,False,746.75,141,671648210,train
671648174,746.98,53,12:55:13,False,,True,False,746.75,141,671648210,train
671648175,746.96,53,12:55:14,False,,True,False,746.75,141,671648210,train
671648176,746.98,53,12:55:15,False,,True,False,746.76,141,671648210,train
671648177,746.97,53,12:55:16,False,,True,False,746.76,141,671648210,train
671648178,746.97,53,12:55:17,False,,True,False,746.76,141,671648210,train
671648179,747.02,53,12:55:18,False,,True,False,746.76,141,671648210,train
671648180,747.0,53,12:55:19,False,,True,False,746.76,141,671648210,train
671648181,747.02,53,12:55:20,False,,True,False,746.76,141,671648210,train
671648182,747.01,53,12:55:21,False,,True,False,746.76,141,671648210,train
671648183,746.95,53,12:55:22,False,,True,False,746.76,141,671648210,train
671648184,747.01,53,12:55:23,False,,True,False,746.76,141,671648210,train
671648185,746.99,53,12:55:24,False,,True,False,746.76,141,671648210,train
671648186,746.99,53,12:55:25,False,,True,False,746.77,141,671648210,train
671648187,747.01,53,12:55:26,False,,True,True,746.77,141,671648210,train
671648188,746.92,53,12:55:27,False,,True,True,746.77,141,671648210,train
671648189,746.92,53,12:55:28,False,,True,True,746.77,141,671648210,train
671648190,746.94,53,12:55:29,False,,True,True,746.77,141,671648210,train
671648191,746.92,53,12:55:30,False,,True,True,746.77,141,671648210,train
671648192,746.94,53,12:55:31,False,,True,True,746.77,141,671648210,train
671648193,746.99,53,12:55:31,False,,True,True,746.77,141,671648210,train
671648194,746.92,53,12:55:32,False,,True,True,746.77,141,671648210,train
671648195,746.85,53,12:55:33,False,,True,True,746.77,141,671648210,train
671648196,746.89,53,12:55:34,False,,True,True,746.77,141,671648210,train
671648197,746.87,53,12:55:35,False,,True,True,746.78,141,671648210,train
671648198,746.78,53,12:55:36,False,,True,True,746.78,141,671648210,train
671648199,746.82,53,12:55:37,False,,True,True,746.78,141,671648210,train
671648200,746.84,53,12:55:38,False,,True,True,746.78,141,671648210,train
671648201,746.77,53,12:55:39,False,,True,True,746.78,141,671648210,train
671648202,746.8,53,12:55:40,False,,True,True,746.78,141,671648210,train
671648203,746.77,53,12:55:41,False,,True,True,746.78,141,671648210,train
671648204,746.75,53,12:55:42,False,,True,True,746.78,141,671648210,train
671656021,742.66,53,15:02:32,False,,True,True,742.85,142,671656101,train
671656022,742.59,53,15:02:33,False,,True,True,742.85,142,671656101,train
671656023,742.63,53,15:02:34,False,,True,True,742.85,142,671656101,train
671656024,742.63,53,15:02:35,False,,True,True,742.85,142,671656101,train
671656025,742.58,53,15:02:36,False,,True,True,742.85,142,671656101,train
671656026,742.58,53,15:02:37,False,,True,True,742.85,142,671656101,train
671656027,742.63,53,15:02:38,False,,True,True,742.84,142,671656101,train
671656028,742.64,53,15:02:39,False,,True,True,742.84,142,671656101,train
671656029,742.62,53,15:02:40,False,,True,True,742.84,142,671656101,train
671656030,742.62,53,15:02:41,False,,True,True,742.84,142,671656101,train
671656031,742.57,53,15:02:42,False,,True,True,742.84,142,671656101,train
671656032,742.59,53,15:02:43,False,,True,True,742.84,142,671656101,train
671656033,742.59,53,15:02:44,False,,True,True,742.84,142,671656101,train
671656034,742.59,53,15:02:45,False,,True,True,742.84,142,671656101,train
671656035,742.61,53,15:02:46,False,,True,True,742.84,142,671656101,train
671656036,742.57,53,15:02:47,False,,True,True,742.84,142,671656101,train
671656037,742.59,53,15:02:48,False,,True,True,742.84,142,671656101,train
671656038,742.58,53,15:02:49,False,,True,True,742.84,142,671656101,train
671656039,742.58,53,15:02:50,False,,True,True,742.84,142,671656101,train
671656040,742.58,53,15:02:51,False,,True,True,742.84,142,671656101,train
671656041,742.56,53,15:02:52,False,,True,True,742.83,142,671656101,train
671656042,742.62,53,15:02:52,False,,True,True,742.83,142,671656101,train
671656043,742.6,53,15:02:53,False,,True,True,742.83,142,671656101,train
671656044,742.6,53,15:02:54,False,,True,True,742.83,142,671656101,train
671656045,742.55,53,15:02:55,False,,True,True,742.83,142,671656101,train
671656046,742.57,53,15:02:56,False,,True,True,742.83,142,671656101,train
671656047,742.59,53,15:02:57,False,,True,True,742.83,142,671656101,train
671656048,742.62,53,15:02:58,False,,True,True,742.83,142,671656101,train
671656049,742.59,53,15:02:59,False,,True,True,742.83,142,671656101,train
671656050,742.57,53,15:03:00,False,,True,True,742.83,142,671656101,train
671656051,742.61,53,15:03:01,False,,True,True,742.83,142,671656101,train
671656052,742.57,53,15:03:02,False,,True,True,742.83,142,671656101,train
671656053,742.58,53,15:03:03,False,,True,True,742.83,142,671656101,train
671656054,742.52,53,15:03:04,False,,True,True,742.83,142,671656101,train
671656055,742.58,53,15:03:05,False,,True,True,742.83,142,671656101,train
671656056,742.56,53,15:03:06,False,,True,True,742.82,142,671656101,train
671656057,742.56,53,15:03:07,False,,True,True,742.82,142,671656101,train
671656058,742.58,53,15:03:08,False,,True,True,742.82,142,671656101,train
671656059,742.53,53,15:03:09,False,,True,True,742.82,142,671656101,train
671656060,742.53,53,15:03:10,False,,True,True,742.82,142,671656101,train
671656061,742.51,53,15:03:11,False,,True,True,742.82,142,671656101,train
671656062,742.46,53,15:03:12,False,,True,True,742.82,142,671656101,train
671656063,742.5,53,15:03:13,False,,True,True,742.82,142,671656101,train
671656064,742.44,53,15:03:14,False,,True,True,742.82,142,671656101,train
671656065,742.43,53,15:03:15,False,,True,True,742.82,142,671656101,train
671656066,742.5,53,15:03:16,False,,True,True,742.82,142,671656101,train
671656067,742.41,53,15:03:17,False,,True,True,742.81,142,671656101,train
671656068,742.4,53,15:03:18,False,,True,True,742.81,142,671656101,train
671656069,742.39,53,15:03:19,False,,True,True,742.81,142,671656101,train
671656070,742.38,53,15:03:20,False,,True,True,742.81,142,671656101,train
671656071,742.4,53,15:03:21,False,,True,True,742.81,142,671656101,train
671656072,742.36,53,15:03:22,False,,True,True,742.81,142,671656101,train
671656073,742.38,53,15:03:23,False,,True,True,742.81,142,671656101,train
671656074,742.31,53,15:03:24,False,,True,True,742.81,142,671656101,train
671656075,742.33,53,15:03:25,False,,True,True,742.81,142,671656101,train
671656076,742.26,53,15:03:26,False,,True,True,742.8,142,671656101,train
671656077,742.26,53,15:03:27,False,,True,True,742.8,142,671656101,train
671656078,742.28,53,15:03:28,False,,True,True,742.8,142,671656101,train
671656079,742.26,53,15:03:29,False,,True,True,742.8,142,671656101,train
671656080,742.23,53,15:03:29,False,,True,True,742.8,142,671656101,train
671731581,742.37,54,11:28:30,False,,True,False,742.3,143,671731643,train
671731582,742.38,54,11:28:31,False,,True,False,742.3,143,671731643,train
671731583,742.45,54,11:28:32,False,,True,False,742.3,143,671731643,train
671731584,742.38,54,11:28:32,False,,True,False,742.3,143,671731643,train
671731585,742.4,54,11:28:33,False,,True,False,742.3,143,671731643,train
671731586,742.4,54,11:28:34,False,,True,False,742.3,143,671731643,train
671731587,742.37,54,11:28:35,False,,True,False,742.3,143,671731643,train
671731588,742.37,54,11:28:36,False,,True,False,742.3,143,671731643,train
671731589,742.37,54,11:28:37,False,,True,False,742.3,143,671731643,train
671731590,742.39,54,11:28:38,False,,True,False,742.3,143,671731643,train
671731591,742.41,54,11:28:39,False,,True,False,742.3,143,671731643,train
671731592,742.41,54,11:28:40,False,,True,False,742.3,143,671731643,train
671731593,742.47,54,11:28:41,False,,True,False,742.3,143,671731643,train
671731594,742.4,54,11:28:42,False,,True,False,742.3,143,671731643,train
671731595,742.4,54,11:28:43,False,,True,False,742.3,143,671731643,train
671731596,742.42,54,11:28:44,False,,True,False,742.31,143,671731643,train
671731597,742.42,54,11:28:45,False,,True,False,742.31,143,671731643,train
671731598,742.41,54,11:28:46,False,,True,False,742.31,143,671731643,train
671731599,742.46,54,11:28:47,False,,True,False,742.31,143,671731643,train
671731600,742.45,54,11:28:48,False,,True,False,742.31,143,671731643,train
671731601,742.5,54,11:28:49,False,,True,False,742.31,143,671731643,train
671731602,742.47,54,11:28:50,False,,True,False,742.31,143,671731643,train
671731603,742.43,54,11:28:51,False,,True,False,742.31,143,671731643,train
671731604,742.45,54,11:28:52,False,,True,False,742.31,143,671731643,train
671731605,742.44,54,11:28:53,False,,True,False,742.31,143,671731643,train
671731606,742.49,54,11:28:54,False,,True,False,742.31,143,671731643,train
671731607,742.42,54,11:28:55,False,,True,False,742.31,143,671731643,train
671731608,742.5,54,11:28:56,False,,True,False,742.31,143,671731643,train
671731609,742.46,54,11:28:57,False,,True,False,742.31,143,671731643,train
671731610,742.44,54,11:28:58,False,,True,False,742.31,143,671731643,train
671731611,742.52,54,11:28:59,False,,True,False,742.31,143,671731643,train
671731612,742.47,54,11:29:00,False,,True,False,742.31,143,671731643,train
671731613,742.47,54,11:29:01,False,,True,False,742.31,143,671731643,train
671731614,742.5,54,11:29:02,False,,True,False,742.31,143,671731643,train
671731615,742.45,54,11:29:03,False,,True,False,742.32,143,671731643,train
671731616,742.47,54,11:29:04,False,,True,False,742.32,143,671731643,train
671731617,742.44,54,11:29:05,False,,True,False,742.32,143,671731643,train
671731618,742.5,54,11:29:06,False,,True,False,742.32,143,671731643,train
671731619,742.44,54,11:29:07,False,,True,False,742.32,143,671731643,train
671731620,742.41,54,11:29:08,False,,True,False,742.32,143,671731643,train
671731621,742.41,54,11:29:08,False,,True,False,742.32,143,671731643,train
671731622,742.38,54,11:29:09,False,,True,False,742.32,143,671731643,train
671731623,742.36,54,11:29:10,False,,True,False,742.32,143,671731643,train
671731624,742.31,54,11:29:11,False,,True,False,742.32,143,671731643,train
671731625,742.27,54,11:29:12,False,,True,False,742.32,143,671731643,train
671731626,742.29,54,11:29:13,False,,True,False,742.32,143,671731643,train
671731627,742.33,54,11:29:14,False,,True,False,742.32,143,671731643,train
671731628,742.3,54,11:29:15,False,,True,False,742.32,143,671731643,train
671731629,742.28,54,11:29:16,False,,True,False,742.32,143,671731643,train
671731630,742.26,54,11:29:17,False,,True,False,742.32,143,671731643,train
671731631,742.24,54,11:29:18,False,,True,False,742.32,143,671731643,train
671731632,742.27,54,11:29:19,False,,True,False,742.32,143,671731643,train
671731633,742.21,54,11:29:20,False,,True,True,742.32,143,671731643,train
671731634,742.27,54,11:29:21,False,,True,True,742.32,143,671731643,train
671731635,742.22,54,11:29:22,False,,True,True,742.32,143,671731643,train
671731636,742.2,54,11:29:23,False,,True,True,742.32,143,671731643,train
671731637,742.17,54,11:29:24,False,,True,True,742.32,143,671731643,train
671731638,742.11,54,11:29:25,False,,True,True,742.32,143,671731643,train
671731639,741.97,54,11:29:26,False,,True,True,742.32,143,671731643,train
671731640,741.73,54,11:29:27,False,,True,True,742.32,143,671731643,train
671740714,747.44,54,13:56:41,False,,True,True,747.55,144,671740824,train
671740715,747.53,54,13:56:41,False,,True,True,747.55,144,671740824,train
671740716,747.5,54,13:56:42,False,,True,True,747.55,144,671740824,train
671740717,747.44,54,13:56:43,False,,True,True,747.55,144,671740824,train
671740718,747.48,54,13:56:44,False,,True,True,747.55,144,671740824,train
671740719,747.46,54,13:56:45,False,,True,True,747.55,144,671740824,train
671740720,747.44,54,13:56:46,False,,True,True,747.55,144,671740824,train
671740721,747.43,54,13:56:47,False,,True,True,747.55,144,671740824,train
671740722,747.44,54,13:56:48,False,,True,True,747.55,144,671740824,train
671740723,747.41,54,13:56:49,False,,True,True,747.55,144,671740824,train
671740724,747.39,54,13:56:50,False,,True,True,747.55,144,671740824,train
671740725,747.48,54,13:56:51,False,,True,True,747.55,144,671740824,train
671740726,747.44,54,13:56:52,False,,True,True,747.55,144,671740824,train
671740727,747.44,54,13:56:53,False,,True,True,747.55,144,671740824,train
671740728,747.43,54,13:56:54,False,,True,True,747.55,144,671740824,train
671740729,747.45,54,13:56:55,False,,True,True,747.55,144,671740824,train
671740730,747.46,54,13:56:56,False,,True,True,747.55,144,671740824,train
671740731,747.43,54,13:56:57,False,,True,True,747.55,144,671740824,train
671740732,747.41,54,13:56:58,False,,True,True,747.55,144,671740824,train
671740733,747.45,54,13:56:59,False,,True,True,747.55,144,671740824,train
671740734,747.43,54,13:57:00,False,,True,True,747.55,144,671740824,train
671740735,747.45,54,13:57:01,False,,True,True,747.55,144,671740824,train
671740736,747.45,54,13:57:02,False,,True,True,747.55,144,671740824,train
671740737,747.41,54,13:57:03,False,,True,True,747.54,144,671740824,train
671740738,747.43,54,13:57:04,False,,True,True,747.54,144,671740824,train
671740739,747.45,54,13:57:05,False,,True,True,747.54,144,671740824,train
671740740,747.47,54,13:57:06,False,,True,True,747.54,144,671740824,train
671740741,747.45,54,13:57:07,False,,True,True,747.54,144,671740824,train
671740742,747.47,54,13:57:08,False,,True,True,747.54,144,671740824,train
671740743,747.45,54,13:57:09,False,,True,True,747.54,144,671740824,train
671740744,747.36,54,13:57:10,False,,True,True,747.54,144,671740824,train
671740745,747.42,54,13:57:11,False,,True,True,747.54,144,671740824,train
671740746,747.44,54,13:57:12,False,,True,True,747.54,144,671740824,train
671740747,747.45,54,13:57:13,False,,True,True,747.54,144,671740824,train
671740748,747.38,54,13:57:14,False,,True,True,747.54,144,671740824,train
671740749,747.42,54,13:57:15,False,,True,True,747.54,144,671740824,train
671740750,747.38,54,13:57:16,False,,True,True,747.54,144,671740824,train
671740751,747.4,54,13:57:17,False,,True,True,747.54,144,671740824,train
671740752,747.44,54,13:57:18,False,,True,True,747.54,144,671740824,train
671740753,747.39,54,13:57:18,False,,True,True,747.54,144,671740824,train
671740754,747.37,54,13:57:19,False,,True,True,747.54,144,671740824,train
671740755,747.4,54,13:57:20,False,,True,True,747.54,144,671740824,train
671740756,747.37,54,13:57:21,False,,True,True,747.54,144,671740824,train
671740757,747.42,54,13:57:22,False,,True,True,747.54,144,671740824,train
671740758,747.44,54,13:57:23,False,,True,True,747.54,144,671740824,train
671740759,747.39,54,13:57:24,False,,True,True,747.54,144,671740824,train
671740760,747.37,54,13:57:25,False,,True,True,747.54,144,671740824,train
671740761,747.35,54,13:57:26,False,,True,True,747.54,144,671740824,train
671740762,747.34,54,13:57:27,False,,True,True,747.54,144,671740824,train
671740763,747.39,54,13:57:28,False,,True,True,747.54,144,671740824,train
671740764,747.32,54,13:57:29,False,,True,True,747.53,144,671740824,train
671740765,747.3,54,13:57:30,False,,True,True,747.53,144,671740824,train
671740766,747.3,54,13:57:31,False,,True,True,747.53,144,671740824,train
671740767,747.34,54,13:57:32,False,,True,True,747.53,144,671740824,train
671740768,747.32,54,13:57:33,False,,True,True,747.53,144,671740824,train
671740769,747.34,54,13:57:34,False,,True,True,747.53,144,671740824,train
671740770,747.32,54,13:57:35,False,,True,True,747.53,144,671740824,train
671740771,747.34,54,13:57:36,False,,True,True,747.53,144,671740824,train
671740772,747.37,54,13:57:37,False,,True,True,747.53,144,671740824,train
671740773,747.36,54,13:57:38,False,,True,True,747.53,144,671740824,train
671746803,741.17,54,15:35:28,False,,True,False,741.33,145,671746873,train
671746804,741.15,54,15:35:29,False,,True,False,741.33,145,671746873,train
671746805,741.12,54,15:35:30,False,,True,False,741.33,145,671746873,train
671746806,741.14,54,15:35:31,False,,True,False,741.32,145,671746873,train
671746807,741.07,54,15:35:32,False,,True,False,741.32,145,671746873,train
671746808,741.12,54,15:35:33,False,,True,False,741.32,145,671746873,train
671746809,741.1,54,15:35:34,False,,True,False,741.32,145,671746873,train
671746810,741.14,54,15:35:35,False,,True,False,741.32,145,671746873,train
671746811,741.1,54,15:35:36,False,,True,False,741.32,145,671746873,train
671746812,741.07,54,15:35:37,False,,True,False,741.32,145,671746873,train
671746813,741.1,54,15:35:38,False,,True,False,741.32,145,671746873,train
671746814,741.12,54,15:35:39,False,,True,False,741.32,145,671746873,train
671746815,741.12,54,15:35:40,False,,True,False,741.32,145,671746873,train
671746816,741.14,54,15:35:41,False,,True,False,741.32,145,671746873,train
671746817,741.14,54,15:35:42,False,,True,False,741.32,145,671746873,train
671746818,741.1,54,15:35:43,False,,True,False,741.32,145,671746873,train
671746819,741.16,54,15:35:44,False,,True,False,741.32,145,671746873,train
671746820,741.09,54,15:35:45,False,,True,False,741.32,145,671746873,train
671746821,741.07,54,15:35:46,False,,True,False,741.32,145,671746873,train
671746822,741.14,54,15:35:47,False,,True,False,741.31,145,671746873,train
671746823,741.07,54,15:35:48,False,,True,False,741.31,145,671746873,train
671746824,741.03,54,15:35:49,False,,True,False,741.31,145,671746873,train
671746825,741.09,54,15:35:50,False,,True,False,741.31,145,671746873,train
671746826,741.12,54,15:35:51,False,,True,False,741.31,145,671746873,train
671746827,741.05,54,15:35:52,False,,True,False,741.31,145,671746873,train
671746828,740.98,54,15:35:52,False,,True,False,741.31,145,671746873,train
671746829,741.0,54,15:35:53,False,,True,False,741.31,145,671746873,train
671746830,741.11,54,15:35:54,False,,True,False,741.31,145,671746873,train
671746831,741.0,54,15:35:55,False,,True,True,741.31,145,671746873,train
671746832,741.03,54,15:35:56,False,,True,True,741.31,145,671746873,train
671746833,740.98,54,15:35:57,False,,True,True,741.31,145,671746873,train
671746834,740.94,54,15:35:58,False,,True,True,741.31,145,671746873,train
671746835,741.02,54,15:35:59,False,,True,True,741.3,145,671746873,train
671746836,741.04,54,15:36:00,False,,True,True,741.3,145,671746873,train
671746837,741.07,54,15:36:01,False,,True,True,741.3,145,671746873,train
671746838,741.07,54,15:36:02,False,,True,True,741.3,145,671746873,train
671746839,741.11,54,15:36:03,False,,True,True,741.3,145,671746873,train
671746840,741.05,54,15:36:04,False,,True,True,741.3,145,671746873,train
671746841,741.05,54,15:36:05,False,,True,True,741.3,145,671746873,train
671746842,741.09,54,15:36:06,False,,True,True,741.3,145,671746873,train
671746843,741.09,54,15:36:07,False,,True,True,741.3,145,671746873,train
671746844,741.02,54,15:36:08,False,,True,True,741.3,145,671746873,train
671746845,741.07,54,15:36:09,False,,True,True,741.3,145,671746873,train
671746846,741.0,54,15:36:10,False,,True,True,741.3,145,671746873,train
671746847,741.02,54,15:36:11,False,,True,True,741.29,145,671746873,train
671746848,741.04,54,15:36:12,False,,True,True,741.29,145,671746873,train
671746849,741.02,54,15:36:13,False,,True,True,741.29,145,671746873,train
671746850,741.02,54,15:36:14,False,,True,True,741.29,145,671746873,train
671746851,741.02,54,15:36:15,False,,True,True,741.29,145,671746873,train
671746852,741.07,54,15:36:16,False,,True,True,741.29,145,671746873,train
671746853,741.06,54,15:36:17,False,,True,True,741.29,145,671746873,train
671746854,741.02,54,15:36:18,False,,True,True,741.29,145,671746873,train
671746855,741.0,54,15:36:19,False,,True,True,741.29,145,671746873,train
671746856,741.0,54,15:36:20,False,,True,True,741.29,145,671746873,train
671746857,740.95,54,15:36:21,False,,True,True,741.29,145,671746873,train
671746858,740.91,54,15:36:22,False,,True,True,741.28,145,671746873,train
671746859,740.91,54,15:36:23,False,,True,True,741.28,145,671746873,train
671746860,740.93,54,15:36:24,False,,True,True,741.28,145,671746873,train
671746861,740.93,54,15:36:25,False,,True,True,741.28,145,671746873,train
671746862,740.88,54,15:36:26,False,,True,True,741.28,145,671746873,train
671823090,744.46,55,12:13:13,False,,True,False,744.45,146,671823162,train
671823091,744.46,55,12:13:14,False,,True,False,744.46,146,671823162,train
671823092,744.5,55,12:13:15,False,,True,False,744.46,146,671823162,train
671823093,744.44,55,12:13:16,False,,True,False,744.46,146,671823162,train
671823094,744.46,55,12:13:17,False,,True,False,744.46,146,671823162,train
671823095,744.43,55,12:13:18,False,,True,False,744.46,146,671823162,train
671823096,744.44,55,12:13:19,False,,True,False,744.46,146,671823162,train
671823097,744.34,55,12:13:20,False,,True,False,744.46,146,671823162,train
671823098,744.32,55,12:13:21,False,,True,False,744.46,146,671823162,train
671823099,744.3,55,12:13:22,False,,True,False,744.46,146,671823162,train
671823100,744.3,55,12:13:23,False,,True,False,744.46,146,671823162,train
671823101,744.3,55,12:13:24,False,,True,False,744.46,146,671823162,train
671823102,744.3,55,12:13:25,False,,True,False,744.46,146,671823162,train
671823103,744.34,55,12:13:26,False,,True,False,744.46,146,671823162,train
671823104,744.3,55,12:13:27,False,,True,False,744.46,146,671823162,train
671823105,744.27,55,12:13:28,False,,True,False,744.46,146,671823162,train
671823106,744.25,55,12:13:29,False,,True,False,744.46,146,671823162,train
671823107,744.2,55,12:13:30,False,,True,False,744.46,146,671823162,train
671823108,744.23,55,12:13:31,False,,True,False,744.46,146,671823162,train
671823109,744.25,55,12:13:32,False,,True,False,744.46,146,671823162,train
671823110,744.25,55,12:13:33,False,,True,False,744.46,146,671823162,train
671823111,744.27,55,12:13:34,False,,True,False,744.46,146,671823162,train
671823112,744.25,55,12:13:35,False,,True,True,744.46,146,671823162,train
671823113,744.27,55,12:13:36,False,,True,True,744.46,146,671823162,train
671823114,744.29,55,12:13:37,False,,True,True,744.46,146,671823162,train
671823115,744.25,55,12:13:38,False,,True,True,744.46,146,671823162,train
671823116,744.24,55,12:13:39,False,,True,True,744.46,146,671823162,train
671823117,744.2,55,12:13:40,False,,True,True,744.46,146,671823162,train
671823118,744.2,55,12:13:41,False,,True,True,744.46,146,671823162,train
671823119,744.18,55,12:13:42,False,,True,True,744.46,146,671823162,train
671823120,744.2,55,12:13:43,False,,True,True,744.46,146,671823162,train
671823121,744.29,55,12:13:44,False,,True,True,744.46,146,671823162,train
671823122,744.24,55,12:13:45,False,,True,True,744.46,146,671823162,train
671823123,744.29,55,12:13:45,False,,True,True,744.46,146,671823162,train
671823124,744.3,55,12:13:46,False,,True,True,744.46,146,671823162,train
671823125,744.38,55,12:13:47,False,,True,True,744.46,146,671823162,train
671823126,744.33,55,12:13:48,False,,True,True,744.46,146,671823162,train
671823127,744.33,55,12:13:49,False,,True,True,744.46,146,671823162,train
671823128,744.22,55,12:13:50,False,,True,True,744.46,146,671823162,train
671823129,744.26,55,12:13:51,False,,True,True,744.46,146,671823162,train
671823130,744.3,55,12:13:52,False,,True,True,744.46,146,671823162,train
671823131,744.26,55,12:13:53,False,,True,True,744.46,146,671823162,train
671823132,744.19,55,12:13:54,False,,True,True,744.46,146,671823162,train
671823133,744.26,55,12:13:55,False,,True,True,744.46,146,671823162,train
671823134,744.19,55,12:13:56,False,,True,True,744.46,146,671823162,train
671823135,744.21,55,12:13:57,False,,True,True,744.46,146,671823162,train
671823136,744.14,55,12:13:58,False,,True,True,744.46,146,671823162,train
671823137,744.1,55,12:13:59,False,,True,True,744.45,146,671823162,train
671823138,744.08,55,12:14:00,False,,True,True,744.45,146,671823162,train
671823139,744.01,55,12:14:01,False,,True,True,744.45,146,671823162,train
671823140,743.98,55,12:14:02,False,,True,True,744.45,146,671823162,train
671823141,743.96,55,12:14:03,False,,True,True,744.45,146,671823162,train
671823142,743.94,55,12:14:04,False,,True,True,744.45,146,671823162,train
671823143,743.89,55,12:14:05,False,,True,True,744.45,146,671823162,train
671823144,743.89,55,12:14:06,False,,True,True,744.45,146,671823162,train
671823145,743.75,55,12:14:07,False,,True,True,744.45,146,671823162,train
671823146,743.69,55,12:14:08,False,,True,True,744.45,146,671823162,train
671823147,743.71,55,12:14:09,False,,True,True,744.45,146,671823162,train
671823148,743.57,55,12:14:10,False,,True,True,744.44,146,671823162,train
671823149,743.46,55,12:14:11,False,,True,True,744.44,146,671823162,train
671823590,744.63,55,12:21:20,False,,True,False,744.48,147,671823654,train
671823591,744.6,55,12:21:21,False,,True,False,744.48,147,671823654,train
671823592,744.65,55,12:21:22,False,,True,False,744.48,147,671823654,train
671823593,744.62,55,12:21:23,False,,True,False,744.48,147,671823654,train
671823594,744.6,55,12:21:24,False,,True,False,744.48,147,671823654,train
671823595,744.6,55,12:21:25,False,,True,False,744.48,147,671823654,train
671823596,744.6,55,12:21:26,False,,True,False,744.48,147,671823654,train
671823597,744.6,55,12:21:27,False,,True,False,744.48,147,671823654,train
671823598,744.64,55,12:21:28,False,,True,False,744.48,147,671823654,train
671823599,744.65,55,12:21:29,False,,True,False,744.49,147,671823654,train
671823600,744.55,55,12:21:30,False,,True,False,744.49,147,671823654,train
671823601,744.62,55,12:21:31,False,,True,False,744.49,147,671823654,train
671823602,744.67,55,12:21:32,False,,True,False,744.49,147,671823654,train
671823603,744.62,55,12:21:33,False,,True,False,744.49,147,671823654,train
671823604,744.64,55,12:21:34,False,,True,False,744.49,147,671823654,train
671823605,744.62,55,12:21:35,False,,True,False,744.49,147,671823654,train
671823606,744.6,55,12:21:36,False,,True,False,744.49,147,671823654,train
671823607,744.64,55,12:21:37,False,,True,False,744.49,147,671823654,train
671823608,744.59,55,12:21:38,False,,True,False,744.49,147,671823654,train
671823609,744.57,55,12:21:39,False,,True,False,744.49,147,671823654,train
671823610,744.61,55,12:21:40,False,,True,False,744.49,147,671823654,train
671823611,744.64,55,12:21:41,False,,True,False,744.49,147,671823654,train
671823612,744.62,55,12:21:42,False,,True,False,744.49,147,671823654,train
671823613,744.59,55,12:21:42,False,,True,False,744.49,147,671823654,train
671823614,744.63,55,12:21:43,False,,True,False,744.5,147,671823654,train
671823615,744.57,55,12:21:44,False,,True,False,744.5,147,671823654,train
671823616,744.54,55,12:21:45,False,,True,False,744.5,147,671823654,train
671823617,744.63,55,12:21:46,False,,True,False,744.5,147,671823654,train
671823618,744.63,55,12:21:47,False,,True,False,744.5,147,671823654,train
671823619,744.55,55,12:21:48,False,,True,False,744.5,147,671823654,train
671823620,744.59,55,12:21:49,False,,True,False,744.5,147,671823654,train
671823621,744.56,55,12:21:50,False,,True,False,744.5,147,671823654,train
671823622,744.58,55,12:21:51,False,,True,False,744.5,147,671823654,train
671823623,744.59,55,12:21:52,False,,True,False,744.5,147,671823654,train
671823624,744.52,55,12:21:53,False,,True,False,744.5,147,671823654,train
671823625,744.57,55,12:21:54,False,,True,False,744.5,147,671823654,train
671823626,744.58,55,12:21:55,False,,True,False,744.5,147,671823654,train
671823627,744.61,55,12:21:56,False,,True,False,744.5,147,671823654,train
671823628,744.54,55,12:21:57,False,,True,False,744.5,147,671823654,train
671823629,744.56,55,12:21:58,False,,True,False,744.51,147,671823654,train
671823630,744.58,55,12:21:59,False,,True,False,744.51,147,671823654,train
671823631,744.65,55,12:22:00,False,,True,False,744.51,147,671823654,train
671823632,744.6,55,12:22:01,False,,True,False,744.51,147,671823654,train
671823633,744.58,55,12:22:02,False,,True,False,744.51,147,671823654,train
671823634,744.54,55,12:22:03,False,,True,False,744.51,147,671823654,train
671823635,744.58,55,12:22:04,False,,True,True,744.51,147,671823654,train
671823636,744.56,55,12:22:05,False,,True,True,744.51,147,671823654,train
671823637,744.62,55,12:22:06,False,,True,True,744.51,147,671823654,train
671823638,744.55,55,12:22:07,False,,True,True,744.51,147,671823654,train
671823639,744.49,55,12:22:08,False,,True,True,744.51,147,671823654,train
671823640,744.53,55,12:22:09,False,,True,True,744.51,147,671823654,train
671823641,744.47,55,12:22:10,False,,True,True,744.52,147,671823654,train
671823642,744.47,55,12:22:11,False,,True,True,744.52,147,671823654,train
671823643,744.48,55,12:22:12,False,,True,True,744.52,147,671823654,train
671823644,744.49,55,12:22:13,False,,True,True,744.52,147,671823654,train
671823645,744.44,55,12:22:14,False,,True,True,744.52,147,671823654,train
671823646,744.39,55,12:22:15,False,,True,True,744.52,147,671823654,train
671823647,744.39,55,12:22:16,False,,True,True,744.52,147,671823654,train
671823648,744.25,55,12:22:17,False,,True,True,744.52,147,671823654,train
671823649,744.19,55,12:22:18,False,,True,True,744.53,147,671823654,train
671823884,745.0,55,12:26:06,False,,True,True,744.77,148,671823993,train
671823885,745.02,55,12:26:07,False,,True,True,744.77,148,671823993,train
671823886,745.06,55,12:26:08,False,,True,True,744.77,148,671823993,train
671823887,745.06,55,12:26:09,False,,True,True,744.77,148,671823993,train
671823888,745.08,55,12:26:10,False,,True,True,744.77,148,671823993,train
671823889,745.12,55,12:26:11,False,,True,True,744.77,148,671823993,train
671823890,745.06,55,12:26:12,False,,True,True,744.77,148,671823993,train
671823891,745.08,55,12:26:13,False,,True,True,744.77,148,671823993,train
671823892,745.06,55,12:26:14,False,,True,True,744.77,148,671823993,train
671823893,745.14,55,12:26:15,False,,True,True,744.77,148,671823993,train
671823894,745.08,55,12:26:16,False,,True,True,744.77,148,671823993,train
671823895,745.1,55,12:26:17,False,,True,True,744.77,148,671823993,train
671823896,745.1,55,12:26:18,False,,True,True,744.78,148,671823993,train
671823897,745.14,55,12:26:19,False,,True,True,744.78,148,671823993,train
671823898,745.14,55,12:26:20,False,,True,True,744.78,148,671823993,train
671823899,745.14,55,12:26:21,False,,True,True,744.78,148,671823993,train
671823900,745.1,55,12:26:22,False,,True,True,744.78,148,671823993,train
671823901,745.12,55,12:26:23,False,,True,True,744.78,148,671823993,train
671823902,745.1,55,12:26:24,False,,True,True,744.78,148,671823993,train
671823903,745.16,55,12:26:25,False,,True,True,744.78,148,671823993,train
671823904,745.16,55,12:26:26,False,,True,True,744.78,148,671823993,train
671823905,745.21,55,12:26:27,False,,True,True,744.78,148,671823993,train
671823906,745.16,55,12:26:28,False,,True,True,744.78,148,671823993,train
671823907,745.2,55,12:26:29,False,,True,True,744.78,148,671823993,train
671823908,745.22,55,12:26:30,False,,True,True,744.79,148,671823993,train
671823909,745.16,55,12:26:31,False,,True,True,744.79,148,671823993,train
671823910,745.11,55,12:26:32,False,,True,True,744.79,148,671823993,train
671823911,745.11,55,12:26:33,False,,True,True,744.79,148,671823993,train
671823912,745.09,55,12:26:34,False,,True,True,744.79,148,671823993,train
671823913,745.11,55,12:26:35,False,,True,True,744.79,148,671823993,train
671823914,745.1,55,12:26:36,False,,True,True,744.79,148,671823993,train
671823915,745.11,55,12:26:36,False,,True,True,744.79,148,671823993,train
671823916,745.06,55,12:26:37,False,,True,True,744.79,148,671823993,train
671823917,745.11,55,12:26:38,False,,True,True,744.79,148,671823993,train
671823918,745.15,55,12:26:39,False,,True,True,744.79,148,671823993,train
671823919,745.13,55,12:26:40,False,,True,True,744.8,148,671823993,train
671823920,745.15,55,12:26:41,False,,True,True,744.8,148,671823993,train
671823921,745.1,55,12:26:42,False,,True,True,744.8,148,671823993,train
671823922,745.13,55,12:26:43,False,,True,True,744.8,148,671823993,train
671823923,745.13,55,12:26:44,False,,True,True,744.8,148,671823993,train
671823924,745.1,55,12:26:45,False,,True,True,744.8,148,671823993,train
671823925,745.1,55,12:26:46,False,,True,True,744.8,148,671823993,train
671823926,745.1,55,12:26:47,False,,True,True,744.8,148,671823993,train
671823927,744.99,55,12:26:48,False,,True,True,744.8,148,671823993,train
671823928,744.98,55,12:26:49,False,,True,True,744.8,148,671823993,train
671823929,744.96,55,12:26:50,False,,True,True,744.8,148,671823993,train
671823930,744.99,55,12:26:51,False,,True,True,744.8,148,671823993,train
671823931,745.01,55,12:26:52,False,,True,True,744.81,148,671823993,train
671823932,745.03,55,12:26:53,False,,True,True,744.81,148,671823993,train
671823933,745.03,55,12:26:54,False,,True,True,744.81,148,671823993,train
671823934,745.02,55,12:26:55,False,,True,True,744.81,148,671823993,train
671823935,744.98,55,12:26:56,False,,True,True,744.81,148,671823993,train
671823936,745.0,55,12:26:57,False,,True,True,744.81,148,671823993,train
671823937,745.0,55,12:26:58,False,,True,True,744.81,148,671823993,train
671823938,745.02,55,12:26:59,False,,True,True,744.81,148,671823993,train
671823939,745.02,55,12:27:00,False,,True,True,744.81,148,671823993,train
671823940,744.93,55,12:27:01,False,,True,True,744.81,148,671823993,train
671823941,744.91,55,12:27:02,False,,True,True,744.81,148,671823993,train
671823942,744.97,55,12:27:03,False,,True,True,744.81,148,671823993,train
671823943,744.95,55,12:27:04,False,,True,True,744.82,148,671823993,train
671824579,745.48,55,12:37:23,False,,True,False,745.57,149,671824646,train
671824580,745.44,55,12:37:24,False,,True,False,745.57,149,671824646,train
671824581,745.48,55,12:37:25,False,,True,False,745.57,149,671824646,train
671824582,745.53,55,12:37:26,False,,True,False,745.57,149,671824646,train
671824583,745.48,55,12:37:27,False,,True,False,745.57,149,671824646,train
671824584,745.55,55,12:37:28,False,,True,False,745.57,149,671824646,train
671824585,745.55,55,12:37:29,False,,True,False,745.57,149,671824646,train
671824586,745.5,55,12:37:30,False,,True,False,745.57,149,671824646,train
671824587,745.54,55,12:37:31,False,,True,False,745.57,149,671824646,train
671824588,745.52,55,12:37:32,False,,True,False,745.57,149,671824646,train
671824589,745.43,55,12:37:33,False,,True,False,745.57,149,671824646,train
671824590,745.52,55,12:37:34,False,,True,False,745.57,149,671824646,train
671824591,745.52,55,12:37:35,False,,True,False,745.57,149,671824646,train
671824592,745.5,55,12:37:36,False,,True,False,745.57,149,671824646,train
671824593,745.5,55,12:37:37,False,,True,False,745.58,149,671824646,train
671824594,745.47,55,12:37:37,False,,True,False,745.58,149,671824646,train
671824595,745.52,55,12:37:38,False,,True,False,745.58,149,671824646,train
671824596,745.49,55,12:37:39,False,,True,False,745.58,149,671824646,train
671824597,745.45,55,12:37:40,False,,True,False,745.58,149,671824646,train
671824598,745.51,55,12:37:41,False,,True,False,745.58,149,671824646,train
671824599,745.49,55,12:37:42,False,,True,False,745.58,149,671824646,train
671824600,745.47,55,12:37:43,False,,True,False,745.58,149,671824646,train
671824601,745.48,55,12:37:44,False,,True,False,745.58,149,671824646,train
671824602,745.55,55,12:37:45,False,,True,False,745.58,149,671824646,train
671824603,745.51,55,12:37:46,False,,True,False,745.58,149,671824646,train
671824604,745.55,55,12:37:47,False,,True,False,745.58,149,671824646,train
671824605,745.51,55,12:37:48,False,,True,False,745.58,149,671824646,train
671824606,745.48,55,12:37:49,False,,True,False,745.58,149,671824646,train
671824607,745.51,55,12:37:50,False,,True,False,745.58,149,671824646,train
671824608,745.53,55,12:37:51,False,,True,False,745.58,149,671824646,train
671824609,745.48,55,12:37:52,False,,True,False,745.58,149,671824646,train
671824610,745.48,55,12:37:53,False,,True,False,745.58,149,671824646,train
671824611,745.53,55,12:37:54,False,,True,False,745.58,149,671824646,train
671824612,745.51,55,12:37:55,False,,True,False,745.58,149,671824646,train
671824613,745.55,55,12:37:56,False,,True,False,745.58,149,671824646,train
671824614,745.5,55,12:37:57,False,,True,False,745.58,149,671824646,train
671824615,745.48,55,12:37:58,False,,True,False,745.58,149,671824646,train
671824616,745.46,55,12:37:59,False,,True,False,745.58,149,671824646,train
671824617,745.52,55,12:38:00,False,,True,True,745.58,149,671824646,train
671824618,745.52,55,12:38:01,False,,True,True,745.58,149,671824646,train
671824619,745.52,55,12:38:02,False,,True,True,745.58,149,671824646,train
671824620,745.56,55,12:38:03,False,,True,True,745.58,149,671824646,train
671824621,745.5,55,12:38:04,False,,True,True,745.58,149,671824646,train
671824622,745.5,55,12:38:05,False,,True,True,745.58,149,671824646,train
671824623,745.54,55,12:38:06,False,,True,True,745.58,149,671824646,train
671824624,745.5,55,12:38:07,False,,True,True,745.58,149,671824646,train
671824625,745.56,55,12:38:08,False,,True,True,745.58,149,671824646,train
671824626,745.49,55,12:38:09,False,,True,True,745.58,149,671824646,train
671824627,745.5,55,12:38:10,False,,True,True,745.57,149,671824646,train
671824628,745.49,55,12:38:11,False,,True,True,745.57,149,671824646,train
671824629,745.47,55,12:38:12,False,,True,True,745.57,149,671824646,train
671824630,745.56,55,12:38:13,False,,True,True,745.57,149,671824646,train
671824631,745.51,55,12:38:14,False,,True,True,745.57,149,671824646,train
671824632,745.55,55,12:38:14,False,,True,True,745.57,149,671824646,train
671824633,745.51,55,12:38:15,False,,True,True,745.57,149,671824646,train
671824634,745.46,55,12:38:16,False,,True,True,745.57,149,671824646,train
671824635,745.35,55,12:38:17,False,,True,True,745.57,149,671824646,train
671824636,745.37,55,12:38:18,False,,True,True,745.57,149,671824646,train
671824637,745.3,55,12:38:19,False,,True,True,745.57,149,671824646,train
671824638,745.26,55,12:38:20,False,,True,True,745.57,149,671824646,train
671825442,746.41,55,12:51:23,False,,True,True,746.34,150,671825542,train
671825443,746.36,55,12:51:24,False,,True,True,746.34,150,671825542,train
671825444,746.41,55,12:51:25,False,,True,True,746.34,150,671825542,train
671825445,746.45,55,12:51:26,False,,True,True,746.34,150,671825542,train
671825446,746.45,55,12:51:27,False,,True,True,746.34,150,671825542,train
671825447,746.47,55,12:51:28,False,,True,True,746.34,150,671825542,train
671825448,746.42,55,12:51:29,False,,True,True,746.34,150,671825542,train
671825449,746.43,55,12:51:30,False,,True,True,746.34,150,671825542,train
671825450,746.42,55,12:51:31,False,,True,True,746.34,150,671825542,train
671825451,746.38,55,12:51:32,False,,True,True,746.34,150,671825542,train
671825452,746.42,55,12:51:33,False,,True,True,746.34,150,671825542,train
671825453,746.4,55,12:51:34,False,,True,True,746.34,150,671825542,train
671825454,746.44,55,12:51:35,False,,True,True,746.34,150,671825542,train
671825455,746.42,55,12:51:36,False,,True,True,746.34,150,671825542,train
671825456,746.44,55,12:51:37,False,,True,True,746.34,150,671825542,train
671825457,746.47,55,12:51:38,False,,True,True,746.34,150,671825542,train
671825458,746.46,55,12:51:39,False,,True,True,746.34,150,671825542,train
671825459,746.44,55,12:51:40,False,,True,True,746.35,150,671825542,train
671825460,746.46,55,12:51:41,False,,True,True,746.35,150,671825542,train
671825461,746.48,55,12:51:42,False,,True,True,746.35,150,671825542,train
671825462,746.44,55,12:51:42,False,,True,True,746.35,150,671825542,train
671825463,746.44,55,12:51:43,False,,True,True,746.35,150,671825542,train
671825464,746.48,55,12:51:44,False,,True,True,746.35,150,671825542,train
671825465,746.46,55,12:51:45,False,,True,True,746.35,150,671825542,train
671825466,746.5,55,12:51:46,False,,True,True,746.35,150,671825542,train
671825467,746.48,55,12:51:47,False,,True,True,746.35,150,671825542,train
671825468,746.47,55,12:51:48,False,,True,True,746.35,150,671825542,train
671825469,746.45,55,12:51:49,False,,True,True,746.35,150,671825542,train
671825470,746.47,55,12:51:50,False,,True,True,746.35,150,671825542,train
671825471,746.43,55,12:51:51,False,,True,True,746.35,150,671825542,train
671825472,746.49,55,12:51:52,False,,True,True,746.35,150,671825542,train
671825473,746.45,55,12:51:53,False,,True,True,746.35,150,671825542,train
671825474,746.54,55,12:51:54,False,,True,True,746.35,150,671825542,train
671825475,746.45,55,12:51:55,False,,True,True,746.35,150,671825542,train
671825476,746.49,55,12:51:56,False,,True,True,746.35,150,671825542,train
671825477,746.47,55,12:51:57,False,,True,True,746.36,150,671825542,train
671825478,746.49,55,12:51:58,False,,True,True,746.36,150,671825542,train
671825479,746.56,55,12:51:59,False,,True,True,746.36,150,671825542,train
671825480,746.47,55,12:52:00,False,,True,True,746.36,150,671825542,train
671825481,746.45,55,12:52:01,False,,True,True,746.36,150,671825542,train
671825482,746.49,55,12:52:02,False,,True,True,746.36,150,671825542,train
671825483,746.51,55,12:52:03,False,,True,True,746.36,150,671825542,train
671825484,746.4,55,12:52:04,False,,True,True,746.36,150,671825542,train
671825485,746.4,55,12:52:05,False,,True,True,746.36,150,671825542,train
671825486,746.4,55,12:52:06,False,,True,True,746.36,150,671825542,train
671825487,746.46,55,12:52:07,False,,True,True,746.36,150,671825542,train
671825488,746.4,55,12:52:08,False,,True,True,746.36,150,671825542,train
671825489,746.35,55,12:52:09,False,,True,True,746.36,150,671825542,train
671825490,746.37,55,12:52:10,False,,True,True,746.36,150,671825542,train
671825491,746.32,55,12:52:11,False,,True,True,746.36,150,671825542,train
671825492,746.37,55,12:52:12,False,,True,True,746.36,150,671825542,train
671825493,746.41,55,12:52:13,False,,True,True,746.36,150,671825542,train
671825494,746.3,55,12:52:14,False,,True,True,746.36,150,671825542,train
671825495,746.3,55,12:52:15,False,,True,True,746.36,150,671825542,train
671825496,746.32,55,12:52:16,False,,True,True,746.36,150,671825542,train
671825497,746.3,55,12:52:17,False,,True,True,746.36,150,671825542,train
671825498,746.3,55,12:52:18,False,,True,True,746.36,150,671825542,train
671825499,746.3,55,12:52:19,False,,True,True,746.36,150,671825542,train
671825500,746.29,55,12:52:19,False,,True,True,746.36,150,671825542,train
671825501,746.32,55,12:52:20,False,,True,True,746.36,150,671825542,train
671831504,746.34,55,14:29:44,False,,True,True,746.64,151,671831605,train
671831505,746.37,55,14:29:45,False,,True,True,746.64,151,671831605,train
671831506,746.29,55,14:29:46,False,,True,True,746.64,151,671831605,train
671831507,746.34,55,14:29:47,False,,True,True,746.64,151,671831605,train
671831508,746.31,55,14:29:48,False,,True,True,746.64,151,671831605,train
671831509,746.34,55,14:29:49,False,,True,True,746.64,151,671831605,train
671831510,746.31,55,14:29:50,False,,True,True,746.63,151,671831605,train
671831511,746.36,55,14:29:51,False,,True,True,746.63,151,671831605,train
671831512,746.29,55,14:29:52,False,,True,True,746.63,151,671831605,train
671831513,746.31,55,14:29:53,False,,True,True,746.63,151,671831605,train
671831514,746.29,55,14:29:54,False,,True,True,746.63,151,671831605,train
671831515,746.24,55,14:29:55,False,,True,True,746.63,151,671831605,train
671831516,746.24,55,14:29:56,False,,True,True,746.63,151,671831605,train
671831517,746.26,55,14:29:57,False,,True,True,746.63,151,671831605,train
671831518,746.19,55,14:29:58,False,,True,True,746.63,151,671831605,train
671831519,746.22,55,14:29:59,False,,True,True,746.62,151,671831605,train
671831520,746.22,55,14:30:00,False,,True,True,746.62,151,671831605,train
671831521,746.37,55,14:30:01,False,,True,True,746.62,151,671831605,train
671831522,746.26,55,14:30:02,False,,True,True,746.62,151,671831605,train
671831523,746.28,55,14:30:03,False,,True,True,746.62,151,671831605,train
671831524,746.21,55,14:30:04,False,,True,True,746.62,151,671831605,train
671831525,746.3,55,14:30:05,False,,True,True,746.62,151,671831605,train
671831526,746.3,55,14:30:06,False,,True,True,746.62,151,671831605,train
671831527,746.32,55,14:30:07,False,,True,True,746.61,151,671831605,train
671831528,746.3,55,14:30:08,False,,True,True,746.61,151,671831605,train
671831529,746.26,55,14:30:09,False,,True,True,746.61,151,671831605,train
671831530,746.3,55,14:30:10,False,,True,True,746.61,151,671831605,train
671831531,746.32,55,14:30:11,False,,True,True,746.61,151,671831605,train
671831532,746.28,55,14:30:12,False,,True,True,746.61,151,671831605,train
671831533,746.34,55,14:30:13,False,,True,True,746.61,151,671831605,train
671831534,746.27,55,14:30:14,False,,True,True,746.61,151,671831605,train
671831535,746.29,55,14:30:15,False,,True,True,746.6,151,671831605,train
671831536,746.25,55,14:30:16,False,,True,True,746.6,151,671831605,train
671831537,746.27,55,14:30:16,False,,True,True,746.6,151,671831605,train
671831538,746.27,55,14:30:17,False,,True,True,746.6,151,671831605,train
671831539,746.27,55,14:30:18,False,,True,True,746.6,151,671831605,train
671831540,746.2,55,14:30:19,False,,True,True,746.6,151,671831605,train
671831541,746.15,55,14:30:20,False,,True,True,746.6,151,671831605,train
671831542,746.24,55,14:30:21,False,,True,True,746.6,151,671831605,train
671831543,746.2,55,14:30:22,False,,True,True,746.59,151,671831605,train
671831544,746.17,55,14:30:23,False,,True,True,746.59,151,671831605,train
671831545,746.19,55,14:30:24,False,,True,True,746.59,151,671831605,train
671831546,746.24,55,14:30:25,False,,True,True,746.59,151,671831605,train
671831547,746.22,55,14:30:26,False,,True,True,746.59,151,671831605,train
671831548,746.17,55,14:30:27,False,,True,True,746.59,151,671831605,train
671831549,746.1,55,14:30:28,False,,True,True,746.59,151,671831605,train
671831550,746.08,55,14:30:29,False,,True,True,746.59,151,671831605,train
671831551,746.1,55,14:30:30,False,,True,True,746.58,151,671831605,train
671831552,746.12,55,14:30:31,False,,True,True,746.58,151,671831605,train
671831553,746.16,55,14:30:32,False,,True,True,746.58,151,671831605,train
671831554,746.16,55,14:30:33,False,,True,True,746.58,151,671831605,train
671831555,746.05,55,14:30:34,False,,True,True,746.58,151,671831605,train
671831556,746.1,55,14:30:35,False,,True,True,746.58,151,671831605,train
671831557,746.03,55,14:30:36,False,,True,True,746.57,151,671831605,train
671831558,746.0,55,14:30:37,False,,True,True,746.57,151,671831605,train
671831559,746.02,55,14:30:38,False,,True,True,746.57,151,671831605,train
671831560,746.01,55,14:30:39,False,,True,True,746.57,151,671831605,train
671831561,746.02,55,14:30:40,False,,True,True,746.57,151,671831605,train
671831562,746.09,55,14:30:41,False,,True,True,746.57,151,671831605,train
671831563,746.0,55,14:30:42,False,,True,True,746.56,151,671831605,train
671834675,741.99,55,15:21:11,False,,True,True,742.23,152,671834757,train
671834676,741.99,55,15:21:12,False,,True,True,742.23,152,671834757,train
671834677,741.99,55,15:21:13,False,,True,True,742.23,152,671834757,train
671834678,741.95,55,15:21:14,False,,True,True,742.23,152,671834757,train
671834679,741.99,55,15:21:15,False,,True,True,742.23,152,671834757,train
671834680,741.97,55,15:21:16,False,,True,True,742.23,152,671834757,train
671834681,742.01,55,15:21:17,False,,True,True,742.23,152,671834757,train
671834682,741.99,55,15:21:18,False,,True,True,742.23,152,671834757,train
671834683,742.02,55,15:21:19,False,,True,True,742.23,152,671834757,train
671834684,741.95,55,15:21:20,False,,True,True,742.22,152,671834757,train
671834685,741.97,55,15:21:21,False,,True,True,742.22,152,671834757,train
671834686,741.93,55,15:21:22,False,,True,True,742.22,152,671834757,train
671834687,741.97,55,15:21:23,False,,True,True,742.22,152,671834757,train
671834688,741.95,55,15:21:24,False,,True,True,742.22,152,671834757,train
671834689,741.93,55,15:21:25,False,,True,True,742.22,152,671834757,train
671834690,741.88,55,15:21:26,False,,True,True,742.22,152,671834757,train
671834691,741.95,55,15:21:27,False,,True,True,742.22,152,671834757,train
671834692,741.97,55,15:21:28,False,,True,True,742.21,152,671834757,train
671834693,741.95,55,15:21:29,False,,True,True,742.21,152,671834757,train
671834694,741.95,55,15:21:30,False,,True,True,742.21,152,671834757,train
671834695,741.95,55,15:21:31,False,,True,True,742.21,152,671834757,train
671834696,741.93,55,15:21:32,False,,True,True,742.21,152,671834757,train
671834697,741.93,55,15:21:33,False,,True,True,742.21,152,671834757,train
671834698,741.95,55,15:21:34,False,,True,True,742.21,152,671834757,train
671834699,741.93,55,15:21:35,False,,True,True,742.21,152,671834757,train
671834700,741.93,55,15:21:36,False,,True,True,742.21,152,671834757,train
671834701,741.91,55,15:21:37,False,,True,True,742.2,152,671834757,train
671834702,741.95,55,15:21:38,False,,True,True,742.2,152,671834757,train
671834703,741.93,55,15:21:39,False,,True,True,742.2,152,671834757,train
671834704,741.88,55,15:21:40,False,,True,True,742.2,152,671834757,train
671834705,741.88,55,15:21:41,False,,True,True,742.2,152,671834757,train
671834706,741.84,55,15:21:42,False,,True,True,742.2,152,671834757,train
671834707,741.89,55,15:21:42,False,,True,True,742.2,152,671834757,train
671834708,741.86,55,15:21:43,False,,True,True,742.2,152,671834757,train
671834709,741.93,55,15:21:44,False,,True,True,742.19,152,671834757,train
671834710,741.91,55,15:21:45,False,,True,True,742.19,152,671834757,train
671834711,741.91,55,15:21:46,False,,True,True,742.19,152,671834757,train
671834712,741.87,55,15:21:47,False,,True,True,742.19,152,671834757,train
671834713,741.89,55,15:21:48,False,,True,True,742.19,152,671834757,train
671834714,741.87,55,15:21:49,False,,True,True,742.19,152,671834757,train
671834715,741.87,55,15:21:50,False,,True,True,742.19,152,671834757,train
671834716,741.93,55,15:21:51,False,,True,True,742.19,152,671834757,train
671834717,741.82,55,15:21:52,False,,True,True,742.18,152,671834757,train
671834718,741.85,55,15:21:53,False,,True,True,742.18,152,671834757,train
671834719,741.87,55,15:21:54,False,,True,True,742.18,152,671834757,train
671834720,741.85,55,15:21:55,False,,True,True,742.18,152,671834757,train
671834721,741.8,55,15:21:56,False,,True,True,742.18,152,671834757,train
671834722,741.82,55,15:21:57,False,,True,True,742.18,152,671834757,train
671834723,741.84,55,15:21:58,False,,True,True,742.18,152,671834757,train
671834724,741.84,55,15:21:59,False,,True,True,742.17,152,671834757,train
671834725,741.8,55,15:22:00,False,,True,True,742.17,152,671834757,train
671834726,741.8,55,15:22:01,False,,True,True,742.17,152,671834757,train
671834727,741.85,55,15:22:02,False,,True,True,742.17,152,671834757,train
671834728,741.76,55,15:22:03,False,,True,True,742.17,152,671834757,train
671834729,741.78,55,15:22:04,False,,True,True,742.17,152,671834757,train
671834730,741.78,55,15:22:05,False,,True,True,742.17,152,671834757,train
671834731,741.78,55,15:22:06,False,,True,True,742.16,152,671834757,train
671834732,741.71,55,15:22:07,False,,True,True,742.16,152,671834757,train
671834733,741.69,55,15:22:08,False,,True,True,742.16,152,671834757,train
671834734,741.66,55,15:22:09,False,,True,True,742.16,152,671834757,train
671904763,746.27,56,10:18:22,False,,True,False,746.69,153,671904824,train
671904764,746.27,56,10:18:23,False,,True,False,746.69,153,671904824,train
671904765,746.27,56,10:18:24,False,,True,False,746.69,153,671904824,train
671904766,746.25,56,10:18:25,False,,True,False,746.69,153,671904824,train
671904767,746.31,56,10:18:26,False,,True,False,746.69,153,671904824,train
671904768,746.26,56,10:18:27,False,,True,False,746.69,153,671904824,train
671904769,746.24,56,10:18:28,False,,True,False,746.68,153,671904824,train
671904770,746.26,56,10:18:29,False,,True,False,746.68,153,671904824,train
671904771,746.26,56,10:18:30,False,,True,False,746.68,153,671904824,train
671904772,746.24,56,10:18:31,False,,True,False,746.68,153,671904824,train
671904773,746.23,56,10:18:32,False,,True,False,746.68,153,671904824,train
671904774,746.26,56,10:18:33,False,,True,False,746.68,153,671904824,train
671904775,746.21,56,10:18:33,False,,True,False,746.67,153,671904824,train
671904776,746.25,56,10:18:34,False,,True,False,746.67,153,671904824,train
671904777,746.28,56,10:18:35,False,,True,False,746.67,153,671904824,train
671904778,746.31,56,10:18:36,False,,True,False,746.67,153,671904824,train
671904779,746.25,56,10:18:37,False,,True,False,746.67,153,671904824,train
671904780,746.25,56,10:18:38,False,,True,False,746.67,153,671904824,train
671904781,746.25,56,10:18:39,False,,True,False,746.66,153,671904824,train
671904782,746.31,56,10:18:40,False,,True,False,746.66,153,671904824,train
671904783,746.26,56,10:18:41,False,,True,False,746.66,153,671904824,train
671904784,746.22,56,10:18:42,False,,True,False,746.66,153,671904824,train
671904785,746.22,56,10:18:43,False,,True,False,746.66,153,671904824,train
671904786,746.24,56,10:18:44,False,,True,False,746.66,153,671904824,train
671904787,746.21,56,10:18:45,False,,True,False,746.66,153,671904824,train
671904788,746.28,56,10:18:46,False,,True,False,746.65,153,671904824,train
671904789,746.25,56,10:18:47,False,,True,False,746.65,153,671904824,train
671904790,746.25,56,10:18:48,False,,True,False,746.65,153,671904824,train
671904791,746.21,56,10:18:49,False,,True,False,746.65,153,671904824,train
671904792,746.19,56,10:18:50,False,,True,False,746.65,153,671904824,train
671904793,746.25,56,10:18:51,False,,True,False,746.65,153,671904824,train
671904794,746.25,56,10:18:52,False,,True,False,746.64,153,671904824,train
671904795,746.25,56,10:18:53,False,,True,False,746.64,153,671904824,train
671904796,746.2,56,10:18:54,False,,True,False,746.64,153,671904824,train
671904797,746.22,56,10:18:55,False,,True,False,746.64,153,671904824,train
671904798,746.2,56,10:18:56,False,,True,False,746.64,153,671904824,train
671904799,746.24,56,10:18:57,False,,True,False,746.64,153,671904824,train
671904800,746.24,56,10:18:58,False,,True,False,746.63,153,671904824,train
671904801,746.24,56,10:18:59,False,,True,False,746.63,153,671904824,train
671904802,746.21,56,10:19:00,False,,True,False,746.63,153,671904824,train
671904803,746.23,56,10:19:01,False,,True,False,746.63,153,671904824,train
671904804,746.23,56,10:19:02,False,,True,False,746.63,153,671904824,train
671904805,746.23,56,10:19:03,False,,True,False,746.63,153,671904824,train
671904806,746.21,56,10:19:04,False,,True,False,746.62,153,671904824,train
671904807,746.25,56,10:19:05,False,,True,False,746.62,153,671904824,train
671904808,746.23,56,10:19:06,False,,True,False,746.62,153,671904824,train
671904809,746.2,56,10:19:07,False,,True,False,746.62,153,671904824,train
671904810,746.25,56,10:19:08,False,,True,False,746.62,153,671904824,train
671904811,746.18,56,10:19:09,False,,True,False,746.62,153,671904824,train
671904812,746.17,56,10:19:09,False,,True,False,746.62,153,671904824,train
671904813,746.15,56,10:19:10,False,,True,False,746.61,153,671904824,train
671904814,746.15,56,10:19:11,False,,True,False,746.61,153,671904824,train
671904815,746.17,56,10:19:12,False,,True,False,746.61,153,671904824,train
671904816,746.17,56,10:19:13,False,,True,False,746.61,153,671904824,train
671904817,746.17,56,10:19:14,False,,True,False,746.61,153,671904824,train
671904818,746.14,56,10:19:15,False,,True,True,746.61,153,671904824,train
671904819,746.16,56,10:19:16,False,,True,True,746.6,153,671904824,train
671904820,746.12,56,10:19:17,False,,True,True,746.6,153,671904824,train
671904821,746.07,56,10:19:18,False,,True,True,746.6,153,671904824,train
671904822,745.98,56,10:19:19,False,,True,True,746.6,153,671904824,train
671909246,745.04,56,11:31:06,False,,True,False,744.93,154,671909321,train
671909247,744.95,56,11:31:07,False,,True,False,744.93,154,671909321,train
671909248,744.99,56,11:31:08,False,,True,False,744.93,154,671909321,train
671909249,744.95,56,11:31:09,False,,True,False,744.93,154,671909321,train
671909250,745.01,56,11:31:10,False,,True,False,744.93,154,671909321,train
671909251,745.0,56,11:31:11,False,,True,False,744.93,154,671909321,train
671909252,744.91,56,11:31:12,False,,True,False,744.93,154,671909321,train
671909253,745.03,56,11:31:13,False,,True,False,744.93,154,671909321,train
671909254,744.98,56,11:31:14,False,,True,False,744.93,154,671909321,train
671909255,745.09,56,11:31:15,False,,True,False,744.93,154,671909321,train
671909256,745.0,56,11:31:16,False,,True,False,744.93,154,671909321,train
671909257,745.09,56,11:31:17,False,,True,False,744.93,154,671909321,train
671909258,745.0,56,11:31:18,False,,True,False,744.93,154,671909321,train
671909259,745.09,56,11:31:19,False,,True,True,744.93,154,671909321,train
671909260,745.08,56,11:31:20,False,,True,True,744.93,154,671909321,train
671909261,745.06,56,11:31:21,False,,True,True,744.93,154,671909321,train
671909262,745.04,56,11:31:22,False,,True,True,744.93,154,671909321,train
671909263,745.01,56,11:31:23,False,,True,True,744.93,154,671909321,train
671909264,745.07,56,11:31:24,False,,True,True,744.93,154,671909321,train
671909265,745.0,56,11:31:24,False,,True,True,744.93,154,671909321,train
671909266,745.01,56,11:31:25,False,,True,True,744.93,154,671909321,train
671909267,744.98,56,11:31:26,False,,True,True,744.93,154,671909321,train
671909268,745.0,56,11:31:27,False,,True,True,744.93,154,671909321,train
671909269,745.0,56,11:31:28,False,,True,True,744.93,154,671909321,train
671909270,744.98,56,11:31:29,False,,True,True,744.93,154,671909321,train
671909271,744.95,56,11:31:30,False,,True,True,744.93,154,671909321,train
671909272,744.95,56,11:31:31,False,,True,True,744.93,154,671909321,train
671909273,744.88,56,11:31:32,False,,True,True,744.93,154,671909321,train
671909274,744.9,56,11:31:33,False,,True,True,744.93,154,671909321,train
671909275,744.94,56,11:31:34,False,,True,True,744.93,154,671909321,train
671909276,744.9,56,11:31:35,False,,True,True,744.93,154,671909321,train
671909277,744.96,56,11:31:36,False,,True,True,744.93,154,671909321,train
671909278,744.9,56,11:31:37,False,,True,True,744.93,154,671909321,train
671909279,744.92,56,11:31:38,False,,True,True,744.93,154,671909321,train
671909280,744.94,56,11:31:39,False,,True,True,744.93,154,671909321,train
671909281,744.92,56,11:31:40,False,,True,True,744.93,154,671909321,train
671909282,744.96,56,11:31:41,False,,True,True,744.93,154,671909321,train
671909283,744.96,56,11:31:42,False,,True,True,744.93,154,671909321,train
671909284,744.91,56,11:31:43,False,,True,True,744.93,154,671909321,train
671909285,744.91,56,11:31:44,False,,True,True,744.93,154,671909321,train
671909286,744.91,56,11:31:45,False,,True,True,744.93,154,671909321,train
671909287,744.95,56,11:31:46,False,,True,True,744.93,154,671909321,train
671909288,744.95,56,11:31:47,False,,True,True,744.93,154,671909321,train
671909289,744.9,56,11:31:48,False,,True,True,744.93,154,671909321,train
671909290,744.95,56,11:31:49,False,,True,True,744.93,154,671909321,train
671909291,744.92,56,11:31:50,False,,True,True,744.93,154,671909321,train
671909292,744.99,56,11:31:51,False,,True,True,744.93,154,671909321,train
671909293,744.94,56,11:31:52,False,,True,True,744.93,154,671909321,train
671909294,745.0,56,11:31:53,False,,True,True,744.93,154,671909321,train
671909295,745.0,56,11:31:54,False,,True,True,744.93,154,671909321,train
671909296,744.95,56,11:31:55,False,,True,True,744.93,154,671909321,train
671909297,744.91,56,11:31:56,False,,True,True,744.93,154,671909321,train
671909298,744.87,56,11:31:57,False,,True,True,744.93,154,671909321,train
671909299,744.89,56,11:31:58,False,,True,True,744.93,154,671909321,train
671909300,744.88,56,11:31:59,False,,True,True,744.93,154,671909321,train
671909301,744.92,56,11:32:00,False,,True,True,744.93,154,671909321,train
671909302,744.86,56,11:32:01,False,,True,True,744.93,154,671909321,train
671909303,744.86,56,11:32:01,False,,True,True,744.93,154,671909321,train
671909304,744.83,56,11:32:02,False,,True,True,744.93,154,671909321,train
671909305,744.87,56,11:32:03,False,,True,True,744.93,154,671909321,train
671911288,746.56,56,12:04:14,False,,True,False,746.32,155,671911350,train
671911289,746.54,56,12:04:15,False,,True,False,746.32,155,671911350,train
671911290,746.54,56,12:04:16,False,,True,False,746.32,155,671911350,train
671911291,746.58,56,12:04:17,False,,True,False,746.32,155,671911350,train
671911292,746.59,56,12:04:18,False,,True,False,746.32,155,671911350,train
671911293,746.56,56,12:04:19,False,,True,False,746.32,155,671911350,train
671911294,746.52,56,12:04:20,False,,True,False,746.32,155,671911350,train
671911295,746.53,56,12:04:21,False,,True,False,746.33,155,671911350,train
671911296,746.51,56,12:04:22,False,,True,False,746.33,155,671911350,train
671911297,746.55,56,12:04:23,False,,True,False,746.33,155,671911350,train
671911298,746.58,56,12:04:24,False,,True,False,746.33,155,671911350,train
671911299,746.6,56,12:04:25,False,,True,False,746.33,155,671911350,train
671911300,746.58,56,12:04:26,False,,True,False,746.33,155,671911350,train
671911301,746.53,56,12:04:27,False,,True,False,746.33,155,671911350,train
671911302,746.57,56,12:04:27,False,,True,False,746.33,155,671911350,train
671911303,746.58,56,12:04:28,False,,True,False,746.33,155,671911350,train
671911304,746.58,56,12:04:29,False,,True,False,746.34,155,671911350,train
671911305,746.49,56,12:04:30,False,,True,False,746.34,155,671911350,train
671911306,746.48,56,12:04:31,False,,True,False,746.34,155,671911350,train
671911307,746.51,56,12:04:32,False,,True,False,746.34,155,671911350,train
671911308,746.53,56,12:04:33,False,,True,False,746.34,155,671911350,train
671911309,746.57,56,12:04:34,False,,True,False,746.34,155,671911350,train
671911310,746.57,56,12:04:35,False,,True,False,746.34,155,671911350,train
671911311,746.57,56,12:04:36,False,,True,False,746.34,155,671911350,train
671911312,746.57,56,12:04:37,False,,True,False,746.34,155,671911350,train
671911313,746.55,56,12:04:38,False,,True,False,746.35,155,671911350,train
671911314,746.57,56,12:04:39,False,,True,False,746.35,155,671911350,train
671911315,746.57,56,12:04:40,False,,True,False,746.35,155,671911350,train
671911316,746.52,56,12:04:41,False,,True,False,746.35,155,671911350,train
671911317,746.57,56,12:04:42,False,,True,False,746.35,155,671911350,train
671911318,746.52,56,12:04:43,False,,True,False,746.35,155,671911350,train
671911319,746.54,56,12:04:44,False,,True,False,746.35,155,671911350,train
671911320,746.6,56,12:04:45,False,,True,False,746.35,155,671911350,train
671911321,746.56,56,12:04:46,False,,True,False,746.35,155,671911350,train
671911322,746.54,56,12:04:47,False,,True,False,746.36,155,671911350,train
671911323,746.6,56,12:04:48,False,,True,False,746.36,155,671911350,train
671911324,746.53,56,12:04:49,False,,True,False,746.36,155,671911350,train
671911325,746.54,56,12:04:50,False,,True,False,746.36,155,671911350,train
671911326,746.51,56,12:04:51,False,,True,False,746.36,155,671911350,train
671911327,746.49,56,12:04:52,False,,True,False,746.36,155,671911350,train
671911328,746.56,56,12:04:53,False,,True,False,746.36,155,671911350,train
671911329,746.53,56,12:04:54,False,,True,False,746.36,155,671911350,train
671911330,746.53,56,12:04:55,False,,True,False,746.36,155,671911350,train
671911331,746.58,56,12:04:56,False,,True,False,746.36,155,671911350,train
671911332,746.57,56,12:04:57,False,,True,False,746.37,155,671911350,train
671911333,746.57,56,12:04:58,False,,True,False,746.37,155,671911350,train
671911334,746.57,56,12:04:59,False,,True,False,746.37,155,671911350,train
671911335,746.55,56,12:05:00,False,,True,False,746.37,155,671911350,train
671911336,746.49,56,12:05:01,False,,True,False,746.37,155,671911350,train
671911337,746.46,56,12:05:02,False,,True,False,746.37,155,671911350,train
671911338,746.46,56,12:05:03,False,,True,False,746.37,155,671911350,train
671911339,746.48,56,12:05:04,False,,True,True,746.37,155,671911350,train
671911340,746.48,56,12:05:04,False,,True,True,746.37,155,671911350,train
671911341,746.39,56,12:05:05,False,,True,True,746.37,155,671911350,train
671911342,746.37,56,12:05:06,False,,True,True,746.37,155,671911350,train
671911343,746.43,56,12:05:07,False,,True,True,746.37,155,671911350,train
671911344,746.36,56,12:05:08,False,,True,True,746.38,155,671911350,train
671911345,746.34,56,12:05:09,False,,True,True,746.38,155,671911350,train
671911346,746.25,56,12:05:10,False,,True,True,746.38,155,671911350,train
671911347,746.16,56,12:05:11,False,,True,True,746.38,155,671911350,train
671913167,747.56,56,12:34:43,False,,True,False,747.11,156,671913231,train
671913168,747.49,56,12:34:44,False,,True,False,747.11,156,671913231,train
671913169,747.54,56,12:34:45,False,,True,False,747.12,156,671913231,train
671913170,747.58,56,12:34:46,False,,True,False,747.12,156,671913231,train
671913171,747.51,56,12:34:47,False,,True,False,747.12,156,671913231,train
671913172,747.56,56,12:34:48,False,,True,False,747.12,156,671913231,train
671913173,747.56,56,12:34:49,False,,True,False,747.12,156,671913231,train
671913174,747.53,56,12:34:50,False,,True,False,747.12,156,671913231,train
671913175,747.53,56,12:34:51,False,,True,False,747.12,156,671913231,train
671913176,747.53,56,12:34:52,False,,True,False,747.13,156,671913231,train
671913177,747.59,56,12:34:53,False,,True,False,747.13,156,671913231,train
671913178,747.58,56,12:34:54,False,,True,False,747.13,156,671913231,train
671913179,747.55,56,12:34:55,False,,True,False,747.13,156,671913231,train
671913180,747.59,56,12:34:56,False,,True,False,747.13,156,671913231,train
671913181,747.55,56,12:34:57,False,,True,False,747.13,156,671913231,train
671913182,747.55,56,12:34:58,False,,True,False,747.14,156,671913231,train
671913183,747.57,56,12:34:59,False,,True,False,747.14,156,671913231,train
671913184,747.48,56,12:35:00,False,,True,False,747.14,156,671913231,train
671913185,747.51,56,12:35:01,False,,True,False,747.14,156,671913231,train
671913186,747.48,56,12:35:02,False,,True,False,747.14,156,671913231,train
671913187,747.48,56,12:35:03,False,,True,False,747.14,156,671913231,train
671913188,747.5,56,12:35:04,False,,True,False,747.15,156,671913231,train
671913189,747.5,56,12:35:04,False,,True,False,747.15,156,671913231,train
671913190,747.5,56,12:35:05,False,,True,False,747.15,156,671913231,train
671913191,747.54,56,12:35:06,False,,True,False,747.15,156,671913231,train
671913192,747.48,56,12:35:07,False,,True,False,747.15,156,671913231,train
671913193,747.54,56,12:35:08,False,,True,False,747.15,156,671913231,train
671913194,747.47,56,12:35:09,False,,True,False,747.15,156,671913231,train
671913195,747.54,56,12:35:10,False,,True,False,747.16,156,671913231,train
671913196,747.54,56,12:35:11,False,,True,False,747.16,156,671913231,train
671913197,747.52,56,12:35:12,False,,True,False,747.16,156,671913231,train
671913198,747.54,56,12:35:13,False,,True,False,747.16,156,671913231,train
671913199,747.52,56,12:35:14,False,,True,False,747.16,156,671913231,train
671913200,747.56,56,12:35:15,False,,True,False,747.16,156,671913231,train
671913201,747.52,56,12:35:16,False,,True,False,747.16,156,671913231,train
671913202,747.56,56,12:35:17,False,,True,False,747.17,156,671913231,train
671913203,747.54,56,12:35:18,False,,True,False,747.17,156,671913231,train
671913204,747.52,56,12:35:19,False,,True,False,747.17,156,671913231,train
671913205,747.54,56,12:35:20,False,,True,False,747.17,156,671913231,train
671913206,747.56,56,12:35:21,False,,True,False,747.17,156,671913231,train
671913207,747.51,56,12:35:22,False,,True,False,747.17,156,671913231,train
671913208,747.53,56,12:35:23,False,,True,False,747.18,156,671913231,train
671913209,747.51,56,12:35:24,False,,True,False,747.18,156,671913231,train
671913210,747.52,56,12:35:25,False,,True,False,747.18,156,671913231,train
671913211,747.6,56,12:35:26,False,,True,False,747.18,156,671913231,train
671913212,747.51,56,12:35:27,False,,True,False,747.18,156,671913231,train
671913213,747.49,56,12:35:28,False,,True,False,747.18,156,671913231,train
671913214,747.51,56,12:35:29,False,,True,False,747.18,156,671913231,train
671913215,747.49,56,12:35:30,False,,True,True,747.19,156,671913231,train
671913216,747.47,56,12:35:31,False,,True,True,747.19,156,671913231,train
671913217,747.46,56,12:35:32,False,,True,True,747.19,156,671913231,train
671913218,747.49,56,12:35:33,False,,True,True,747.19,156,671913231,train
671913219,747.5,56,12:35:34,False,,True,True,747.19,156,671913231,train
671913220,747.37,56,12:35:35,False,,True,True,747.19,156,671913231,train
671913221,747.39,56,12:35:36,False,,True,True,747.19,156,671913231,train
671913222,747.41,56,12:35:37,False,,True,True,747.19,156,671913231,train
671913223,747.26,56,12:35:38,False,,True,True,747.2,156,671913231,train
671913224,747.14,56,12:35:39,False,,True,True,747.2,156,671913231,train
671913225,747.01,56,12:35:40,False,,True,True,747.2,156,671913231,train
671913226,746.87,56,12:35:41,False,,True,True,747.2,156,671913231,train
671915612,748.81,56,13:14:23,False,,True,False,748.66,157,671915681,train
671915613,748.81,56,13:14:24,False,,True,False,748.66,157,671915681,train
671915614,748.81,56,13:14:25,False,,True,False,748.66,157,671915681,train
671915615,748.79,56,13:14:26,False,,True,False,748.66,157,671915681,train
671915616,748.81,56,13:14:27,False,,True,False,748.66,157,671915681,train
671915617,748.81,56,13:14:28,False,,True,False,748.66,157,671915681,train
671915618,748.76,56,13:14:29,False,,True,False,748.66,157,671915681,train
671915619,748.81,56,13:14:30,False,,True,False,748.66,157,671915681,train
671915620,748.83,56,13:14:31,False,,True,False,748.66,157,671915681,train
671915621,748.78,56,13:14:32,False,,True,False,748.66,157,671915681,train
671915622,748.78,56,13:14:33,False,,True,False,748.66,157,671915681,train
671915623,748.78,56,13:14:34,False,,True,False,748.66,157,671915681,train
671915624,748.82,56,13:14:35,False,,True,False,748.66,157,671915681,train
671915625,748.85,56,13:14:36,False,,True,False,748.66,157,671915681,train
671915626,748.75,56,13:14:37,False,,True,False,748.66,157,671915681,train
671915627,748.78,56,13:14:38,False,,True,False,748.66,157,671915681,train
671915628,748.73,56,13:14:39,False,,True,False,748.66,157,671915681,train
671915629,748.8,56,13:14:40,False,,True,False,748.66,157,671915681,train
671915630,748.77,56,13:14:41,False,,True,False,748.67,157,671915681,train
671915631,748.75,56,13:14:42,False,,True,False,748.67,157,671915681,train
671915632,748.79,56,13:14:43,False,,True,False,748.67,157,671915681,train
671915633,748.79,56,13:14:44,False,,True,False,748.67,157,671915681,train
671915634,748.75,56,13:14:45,False,,True,False,748.67,157,671915681,train
671915635,748.77,56,13:14:46,False,,True,False,748.67,157,671915681,train
671915636,748.79,56,13:14:47,False,,True,False,748.67,157,671915681,train
671915637,748.77,56,13:14:48,False,,True,False,748.67,157,671915681,train
671915638,748.81,56,13:14:49,False,,True,False,748.67,157,671915681,train
671915639,748.72,56,13:14:50,False,,True,False,748.67,157,671915681,train
671915640,748.74,56,13:14:51,False,,True,False,748.67,157,671915681,train
671915641,748.74,56,13:14:51,False,,True,False,748.67,157,671915681,train
671915642,748.74,56,13:14:52,False,,True,False,748.67,157,671915681,train
671915643,748.76,56,13:14:53,False,,True,True,748.67,157,671915681,train
671915644,748.78,56,13:14:54,False,,True,True,748.67,157,671915681,train
671915645,748.76,56,13:14:55,False,,True,True,748.67,157,671915681,train
671915646,748.78,56,13:14:56,False,,True,True,748.67,157,671915681,train
671915647,748.8,56,13:14:57,False,,True,True,748.68,157,671915681,train
671915648,748.74,56,13:14:58,False,,True,True,748.68,157,671915681,train
671915649,748.71,56,13:14:59,False,,True,True,748.68,157,671915681,train
671915650,748.73,56,13:15:00,False,,True,True,748.68,157,671915681,train
671915651,748.75,56,13:15:01,False,,True,True,748.68,157,671915681,train
671915652,748.69,56,13:15:02,False,,True,True,748.68,157,671915681,train
671915653,748.68,56,13:15:03,False,,True,True,748.68,157,671915681,train
671915654,748.71,56,13:15:04,False,,True,True,748.68,157,671915681,train
671915655,748.73,56,13:15:05,False,,True,True,748.68,157,671915681,train
671915656,748.66,56,13:15:06,False,,True,True,748.68,157,671915681,train
671915657,748.68,56,13:15:07,False,,True,True,748.68,157,671915681,train
671915658,748.68,56,13:15:08,False,,True,True,748.68,157,671915681,train
671915659,748.7,56,13:15:09,False,,True,True,748.68,157,671915681,train
671915660,748.7,56,13:15:10,False,,True,True,748.68,157,671915681,train
671915661,748.63,56,13:15:11,False,,True,True,748.68,157,671915681,train
671915662,748.66,56,13:15:12,False,,True,True,748.68,157,671915681,train
671915663,748.68,56,13:15:13,False,,True,True,748.68,157,671915681,train
671915664,748.59,56,13:15:14,False,,True,True,748.68,157,671915681,train
671915665,748.58,56,13:15:15,False,,True,True,748.68,157,671915681,train
671915666,748.63,56,13:15:16,False,,True,True,748.68,157,671915681,train
671915667,748.58,56,13:15:17,False,,True,True,748.68,157,671915681,train
671915668,748.56,56,13:15:18,False,,True,True,748.68,157,671915681,train
671915669,748.56,56,13:15:19,False,,True,True,748.68,157,671915681,train
671915670,748.58,56,13:15:20,False,,True,True,748.68,157,671915681,train
671915671,748.56,56,13:15:21,False,,True,True,748.68,157,671915681,train
671916400,748.92,56,13:27:10,False,,True,False,748.93,158,671916470,train
671916401,748.89,56,13:27:11,False,,True,False,748.93,158,671916470,train
671916402,748.94,56,13:27:12,False,,True,False,748.93,158,671916470,train
671916403,748.96,56,13:27:13,False,,True,False,748.93,158,671916470,train
671916404,748.91,56,13:27:14,False,,True,False,748.93,158,671916470,train
671916405,748.89,56,13:27:15,False,,True,False,748.93,158,671916470,train
671916406,748.89,56,13:27:16,False,,True,False,748.93,158,671916470,train
671916407,748.91,56,13:27:17,False,,True,False,748.93,158,671916470,train
671916408,748.91,56,13:27:18,False,,True,False,748.93,158,671916470,train
671916409,748.86,56,13:27:19,False,,True,False,748.93,158,671916470,train
671916410,748.87,56,13:27:20,False,,True,False,748.93,158,671916470,train
671916411,748.91,56,13:27:21,False,,True,False,748.93,158,671916470,train
671916412,748.95,56,13:27:22,False,,True,False,748.93,158,671916470,train
671916413,748.88,56,13:27:23,False,,True,False,748.93,158,671916470,train
671916414,748.86,56,13:27:24,False,,True,False,748.93,158,671916470,train
671916415,748.88,56,13:27:25,False,,True,False,748.93,158,671916470,train
671916416,748.91,56,13:27:26,False,,True,False,748.93,158,671916470,train
671916417,748.88,56,13:27:27,False,,True,False,748.93,158,671916470,train
671916418,748.88,56,13:27:28,False,,True,False,748.93,158,671916470,train
671916419,748.83,56,13:27:29,False,,True,False,748.93,158,671916470,train
671916420,748.88,56,13:27:30,False,,True,False,748.93,158,671916470,train
671916421,748.88,56,13:27:31,False,,True,False,748.93,158,671916470,train
671916422,748.88,56,13:27:32,False,,True,False,748.93,158,671916470,train
671916423,748.88,56,13:27:33,False,,True,False,748.93,158,671916470,train
671916424,748.86,56,13:27:34,False,,True,False,748.93,158,671916470,train
671916425,748.86,56,13:27:35,False,,True,False,748.93,158,671916470,train
671916426,748.92,56,13:27:36,False,,True,False,748.93,158,671916470,train
671916427,748.94,56,13:27:37,False,,True,False,748.93,158,671916470,train
671916428,748.92,56,13:27:38,False,,True,True,748.93,158,671916470,train
671916429,748.94,56,13:27:39,False,,True,True,748.93,158,671916470,train
671916430,748.94,56,13:27:40,False,,True,True,748.93,158,671916470,train
671916431,748.98,56,13:27:41,False,,True,True,748.93,158,671916470,train
671916432,749.03,56,13:27:42,False,,True,True,748.93,158,671916470,train
671916433,748.94,56,13:27:43,False,,True,True,748.93,158,671916470,train
671916434,748.98,56,13:27:43,False,,True,True,748.93,158,671916470,train
671916435,748.94,56,13:27:44,False,,True,True,748.93,158,671916470,train
671916436,748.98,56,13:27:45,False,,True,True,748.93,158,671916470,train
671916437,749.02,56,13:27:46,False,,True,True,748.93,158,671916470,train
671916438,748.96,56,13:27:47,False,,True,True,748.93,158,671916470,train
671916439,749.0,56,13:27:48,False,,True,True,748.93,158,671916470,train
671916440,748.96,56,13:27:49,False,,True,True,748.93,158,671916470,train
671916441,748.98,56,13:27:50,False,,True,True,748.93,158,671916470,train
671916442,748.97,56,13:27:51,False,,True,True,748.93,158,671916470,train
671916443,748.95,56,13:27:52,False,,True,True,748.94,158,671916470,train
671916444,748.97,56,13:27:53,False,,True,True,748.94,158,671916470,train
671916445,748.91,56,13:27:54,False,,True,True,748.94,158,671916470,train
671916446,748.93,56,13:27:55,False,,True,True,748.94,158,671916470,train
671916447,748.95,56,13:27:56,False,,True,True,748.94,158,671916470,train
671916448,748.92,56,13:27:57,False,,True,True,748.94,158,671916470,train
671916449,748.95,56,13:27:58,False,,True,True,748.94,158,671916470,train
671916450,748.95,56,13:27:59,False,,True,True,748.94,158,671916470,train
671916451,748.88,56,13:28:00,False,,True,True,748.94,158,671916470,train
671916452,748.9,56,13:28:01,False,,True,True,748.94,158,671916470,train
671916453,748.83,56,13:28:02,False,,True,True,748.94,158,671916470,train
671916454,748.87,56,13:28:03,False,,True,True,748.94,158,671916470,train
671916455,748.83,56,13:28:04,False,,True,True,748.94,158,671916470,train
671916456,748.76,56,13:28:05,False,,True,True,748.94,158,671916470,train
671916457,748.74,56,13:28:06,False,,True,True,748.94,158,671916470,train
671916458,748.67,56,13:28:07,False,,True,True,748.94,158,671916470,train
671916459,748.69,56,13:28:08,False,,True,True,748.94,158,671916470,train
671920710,746.31,56,14:37:06,False,,True,False,746.79,159,671920779,train
671920711,746.3,56,14:37:07,False,,True,False,746.79,159,671920779,train
671920712,746.34,56,14:37:08,False,,True,False,746.79,159,671920779,train
671920713,746.4,56,14:37:09,False,,True,False,746.79,159,671920779,train
671920714,746.34,56,14:37:10,False,,True,False,746.79,159,671920779,train
671920715,746.31,56,14:37:11,False,,True,False,746.78,159,671920779,train
671920716,746.27,56,14:37:12,False,,True,False,746.78,159,671920779,train
671920717,746.32,56,14:37:13,False,,True,False,746.78,159,671920779,train
671920718,746.27,56,14:37:14,False,,True,False,746.78,159,671920779,train
671920719,746.25,56,14:37:15,False,,True,False,746.78,159,671920779,train
671920720,746.27,56,14:37:16,False,,True,False,746.77,159,671920779,train
671920721,746.36,56,14:37:17,False,,True,False,746.77,159,671920779,train
671920722,746.33,56,14:37:18,False,,True,False,746.77,159,671920779,train
671920723,746.27,56,14:37:19,False,,True,False,746.77,159,671920779,train
671920724,746.25,56,14:37:20,False,,True,False,746.77,159,671920779,train
671920725,746.27,56,14:37:21,False,,True,False,746.76,159,671920779,train
671920726,746.36,56,14:37:22,False,,True,False,746.76,159,671920779,train
671920727,746.33,56,14:37:23,False,,True,False,746.76,159,671920779,train
671920728,746.33,56,14:37:24,False,,True,False,746.76,159,671920779,train
671920729,746.31,56,14:37:25,False,,True,False,746.76,159,671920779,train
671920730,746.33,56,14:37:26,False,,True,False,746.76,159,671920779,train
671920731,746.33,56,14:37:27,False,,True,False,746.75,159,671920779,train
671920732,746.26,56,14:37:28,False,,True,False,746.75,159,671920779,train
671920733,746.29,56,14:37:29,False,,True,False,746.75,159,671920779,train
671920734,746.29,56,14:37:30,False,,True,False,746.75,159,671920779,train
671920735,746.3,56,14:37:30,False,,True,False,746.75,159,671920779,train
671920736,746.28,56,14:37:31,False,,True,False,746.75,159,671920779,train
671920737,746.28,56,14:37:32,False,,True,False,746.74,159,671920779,train
671920738,746.31,56,14:37:33,False,,True,False,746.74,159,671920779,train
671920739,746.3,56,14:37:34,False,,True,False,746.74,159,671920779,train
671920740,746.31,56,14:37:35,False,,True,True,746.74,159,671920779,train
671920741,746.35,56,14:37:36,False,,True,True,746.74,159,671920779,train
671920742,746.29,56,14:37:37,False,,True,True,746.73,159,671920779,train
671920743,746.35,56,14:37:38,False,,True,True,746.73,159,671920779,train
671920744,746.28,56,14:37:39,False,,True,True,746.73,159,671920779,train
671920745,746.33,56,14:37:40,False,,True,True,746.73,159,671920779,train
671920746,746.28,56,14:37:41,False,,True,True,746.73,159,671920779,train
671920747,746.31,56,14:37:42,False,,True,True,746.73,159,671920779,train
671920748,746.35,56,14:37:43,False,,True,True,746.72,159,671920779,train
671920749,746.31,56,14:37:44,False,,True,True,746.72,159,671920779,train
671920750,746.33,56,14:37:45,False,,True,True,746.72,159,671920779,train
671920751,746.31,56,14:37:46,False,,True,True,746.72,159,671920779,train
671920752,746.32,56,14:37:47,False,,True,True,746.72,159,671920779,train
671920753,746.3,56,14:37:48,False,,True,True,746.71,159,671920779,train
671920754,746.35,56,14:37:49,False,,True,True,746.71,159,671920779,train
671920755,746.3,56,14:37:50,False,,True,True,746.71,159,671920779,train
671920756,746.26,56,14:37:51,False,,True,True,746.71,159,671920779,train
671920757,746.28,56,14:37:52,False,,True,True,746.71,159,671920779,train
671920758,746.28,56,14:37:53,False,,True,True,746.71,159,671920779,train
671920759,746.25,56,14:37:54,False,,True,True,746.7,159,671920779,train
671920760,746.24,56,14:37:55,False,,True,True,746.7,159,671920779,train
671920761,746.21,56,14:37:56,False,,True,True,746.7,159,671920779,train
671920762,746.19,56,14:37:57,False,,True,True,746.7,159,671920779,train
671920763,746.16,56,14:37:58,False,,True,True,746.7,159,671920779,train
671920764,746.21,56,14:37:59,False,,True,True,746.69,159,671920779,train
671920765,746.16,56,14:38:00,False,,True,True,746.69,159,671920779,train
671920766,746.12,56,14:38:01,False,,True,True,746.69,159,671920779,train
671920767,746.14,56,14:38:02,False,,True,True,746.69,159,671920779,train
671920768,746.07,56,14:38:03,False,,True,True,746.68,159,671920779,train
671920769,746.07,56,14:38:04,False,,True,True,746.68,159,671920779,train
671921720,745.14,56,14:53:29,False,,True,False,745.66,160,671921784,train
671921721,745.18,56,14:53:30,False,,True,False,745.65,160,671921784,train
671921722,745.18,56,14:53:31,False,,True,False,745.65,160,671921784,train
671921723,745.21,56,14:53:32,False,,True,False,745.65,160,671921784,train
671921724,745.21,56,14:53:33,False,,True,False,745.65,160,671921784,train
671921725,745.12,56,14:53:34,False,,True,False,745.65,160,671921784,train
671921726,745.16,56,14:53:35,False,,True,False,745.65,160,671921784,train
671921727,745.12,56,14:53:36,False,,True,False,745.65,160,671921784,train
671921728,745.16,56,14:53:37,False,,True,False,745.64,160,671921784,train
671921729,745.12,56,14:53:38,False,,True,False,745.64,160,671921784,train
671921730,745.16,56,14:53:39,False,,True,False,745.64,160,671921784,train
671921731,745.07,56,14:53:40,False,,True,False,745.64,160,671921784,train
671921732,745.14,56,14:53:41,False,,True,False,745.64,160,671921784,train
671921733,745.14,56,14:53:42,False,,True,False,745.64,160,671921784,train
671921734,745.12,56,14:53:43,False,,True,False,745.63,160,671921784,train
671921735,745.14,56,14:53:44,False,,True,False,745.63,160,671921784,train
671921736,745.16,56,14:53:45,False,,True,False,745.63,160,671921784,train
671921737,745.2,56,14:53:46,False,,True,False,745.63,160,671921784,train
671921738,745.16,56,14:53:47,False,,True,False,745.63,160,671921784,train
671921739,745.14,56,14:53:48,False,,True,False,745.63,160,671921784,train
671921740,745.21,56,14:53:49,False,,True,False,745.63,160,671921784,train
671921741,745.14,56,14:53:50,False,,True,False,745.63,160,671921784,train
671921742,745.16,56,14:53:51,False,,True,False,745.62,160,671921784,train
671921743,745.18,56,14:53:52,False,,True,False,745.62,160,671921784,train
671921744,745.16,56,14:53:53,False,,True,False,745.62,160,671921784,train
671921745,745.16,56,14:53:54,False,,True,False,745.62,160,671921784,train
671921746,745.14,56,14:53:55,False,,True,False,745.62,160,671921784,train
671921747,745.12,56,14:53:56,False,,True,False,745.62,160,671921784,train
671921748,745.14,56,14:53:57,False,,True,False,745.62,160,671921784,train
671921749,745.02,56,14:53:58,False,,True,False,745.61,160,671921784,train
671921750,745.02,56,14:53:59,False,,True,False,745.61,160,671921784,train
671921751,745.0,56,14:54:00,False,,True,False,745.61,160,671921784,train
671921752,744.87,56,14:54:01,False,,True,False,745.61,160,671921784,train
671921753,744.8,56,14:54:02,False,,True,False,745.61,160,671921784,train
671921754,744.8,56,14:54:02,False,,True,False,745.6,160,671921784,train
671921755,744.6,56,14:54:03,False,,True,False,745.6,160,671921784,train
671921756,744.53,56,14:54:04,False,,True,False,745.6,160,671921784,train
671921757,744.35,56,14:54:05,False,,True,False,745.6,160,671921784,train
671921758,744.26,56,14:54:06,False,,True,False,745.59,160,671921784,train
671921759,744.23,56,14:54:07,False,,True,False,745.59,160,671921784,train
671921760,744.46,56,14:54:08,False,,True,False,745.59,160,671921784,train
671921761,744.6,56,14:54:09,False,,True,False,745.59,160,671921784,train
671921762,744.58,56,14:54:10,False,,True,False,745.58,160,671921784,train
671921763,744.64,56,14:54:11,False,,True,False,745.58,160,671921784,train
671921764,744.64,56,14:54:12,False,,True,False,745.58,160,671921784,train
671921765,744.62,56,14:54:13,False,,True,False,745.58,160,671921784,train
671921766,744.62,56,14:54:14,False,,True,False,745.57,160,671921784,train
671921767,744.64,56,14:54:15,False,,True,True,745.57,160,671921784,train
671921768,744.62,56,14:54:16,False,,True,True,745.57,160,671921784,train
671921769,744.75,56,14:54:17,False,,True,True,745.57,160,671921784,train
671921770,744.78,56,14:54:18,False,,True,True,745.56,160,671921784,train
671921771,744.75,56,14:54:19,False,,True,True,745.56,160,671921784,train
671921772,744.78,56,14:54:20,False,,True,True,745.56,160,671921784,train
671921773,744.68,56,14:54:21,False,,True,True,745.56,160,671921784,train
671921774,744.71,56,14:54:22,False,,True,True,745.56,160,671921784,train
671921775,744.6,56,14:54:23,False,,True,True,745.55,160,671921784,train
671921776,744.53,56,14:54:24,False,,True,True,745.55,160,671921784,train
671921777,744.48,56,14:54:25,False,,True,True,745.55,160,671921784,train
671921778,744.35,56,14:54:26,False,,True,True,745.55,160,671921784,train
671921779,744.35,56,14:54:27,False,,True,True,745.54,160,671921784,train
671995927,745.2,57,10:57:30,False,,True,False,745.24,161,671995990,train
671995928,745.15,57,10:57:31,False,,True,False,745.24,161,671995990,train
671995929,745.2,57,10:57:32,False,,True,False,745.24,161,671995990,train
671995930,745.22,57,10:57:33,False,,True,False,745.24,161,671995990,train
671995931,745.2,57,10:57:34,False,,True,False,745.24,161,671995990,train
671995932,745.21,57,10:57:35,False,,True,False,745.24,161,671995990,train
671995933,745.19,57,10:57:35,False,,True,False,745.24,161,671995990,train
671995934,745.23,57,10:57:36,False,,True,False,745.24,161,671995990,train
671995935,745.27,57,10:57:37,False,,True,False,745.24,161,671995990,train
671995936,745.16,57,10:57:38,False,,True,False,745.24,161,671995990,train
671995937,745.15,57,10:57:39,False,,True,False,745.24,161,671995990,train
671995938,745.16,57,10:57:40,False,,True,False,745.24,161,671995990,train
671995939,745.15,57,10:57:41,False,,True,False,745.24,161,671995990,train
671995940,745.22,57,10:57:42,False,,True,False,745.24,161,671995990,train
671995941,745.15,57,10:57:43,False,,True,False,745.24,161,671995990,train
671995942,745.19,57,10:57:44,False,,True,False,745.24,161,671995990,train
671995943,745.21,57,10:57:45,False,,True,False,745.24,161,671995990,train
671995944,745.23,57,10:57:46,False,,True,False,745.24,161,671995990,train
671995945,745.22,57,10:57:47,False,,True,False,745.24,161,671995990,train
671995946,745.18,57,10:57:48,False,,True,False,745.24,161,671995990,train
671995947,745.18,57,10:57:49,False,,True,False,745.24,161,671995990,train
671995948,745.18,57,10:57:50,False,,True,False,745.24,161,671995990,train
671995949,745.22,57,10:57:51,False,,True,False,745.24,161,671995990,train
671995950,745.19,57,10:57:52,False,,True,False,745.24,161,671995990,train
671995951,745.17,57,10:57:53,False,,True,False,745.24,161,671995990,train
671995952,745.14,57,10:57:54,False,,True,False,745.24,161,671995990,train
671995953,745.16,57,10:57:55,False,,True,False,745.24,161,671995990,train
671995954,745.14,57,10:57:56,False,,True,False,745.24,161,671995990,train
671995955,745.22,57,10:57:57,False,,True,False,745.24,161,671995990,train
671995956,745.22,57,10:57:58,False,,True,False,745.24,161,671995990,train
671995957,745.2,57,10:57:59,False,,True,False,745.24,161,671995990,train
671995958,745.21,57,10:58:00,False,,True,False,745.24,161,671995990,train
671995959,745.19,57,10:58:01,False,,True,False,745.24,161,671995990,train
671995960,745.19,57,10:58:02,False,,True,False,745.24,161,671995990,train
671995961,745.21,57,10:58:03,False,,True,False,745.24,161,671995990,train
671995962,745.18,57,10:58:04,False,,True,False,745.24,161,671995990,train
671995963,745.18,57,10:58:05,False,,True,False,745.24,161,671995990,train
671995964,745.2,57,10:58:06,False,,True,False,745.24,161,671995990,train
671995965,745.17,57,10:58:07,False,,True,False,745.24,161,671995990,train
671995966,745.15,57,10:58:08,False,,True,False,745.24,161,671995990,train
671995967,745.17,57,10:58:09,False,,True,False,745.24,161,671995990,train
671995968,745.15,57,10:58:10,False,,True,False,745.24,161,671995990,train
671995969,745.1,57,10:58:11,False,,True,False,745.24,161,671995990,train
671995970,745.1,57,10:58:12,False,,True,False,745.24,161,671995990,train
671995971,745.11,57,10:58:12,False,,True,False,745.24,161,671995990,train
671995972,745.09,57,10:58:13,False,,True,False,745.24,161,671995990,train
671995973,745.07,57,10:58:14,False,,True,False,745.24,161,671995990,train
671995974,745.09,57,10:58:15,False,,True,False,745.23,161,671995990,train
671995975,745.04,57,10:58:16,False,,True,False,745.23,161,671995990,train
671995976,745.08,57,10:58:17,False,,True,False,745.23,161,671995990,train
671995977,745.03,57,10:58:18,False,,True,True,745.23,161,671995990,train
671995978,745.01,57,10:58:19,False,,True,True,745.23,161,671995990,train
671995979,744.93,57,10:58:20,False,,True,True,745.23,161,671995990,train
671995980,744.8,57,10:58:21,False,,True,True,745.23,161,671995990,train
671995981,744.79,57,10:58:22,False,,True,True,745.23,161,671995990,train
671995982,744.66,57,10:58:23,False,,True,True,745.23,161,671995990,train
671995983,744.54,57,10:58:24,False,,True,True,745.23,161,671995990,train
671995984,744.36,57,10:58:25,False,,True,True,745.23,161,671995990,train
671995985,744.15,57,10:58:26,False,,True,True,745.23,161,671995990,train
671995986,743.66,57,10:58:27,False,,True,True,745.22,161,671995990,train
672002108,748.14,57,12:37:47,False,,True,False,747.93,162,672002175,train
672002109,748.11,57,12:37:48,False,,True,False,747.93,162,672002175,train
672002110,748.16,57,12:37:49,False,,True,False,747.93,162,672002175,train
672002111,748.18,57,12:37:50,False,,True,False,747.94,162,672002175,train
672002112,748.14,57,12:37:51,False,,True,False,747.94,162,672002175,train
672002113,748.12,57,12:37:52,False,,True,False,747.94,162,672002175,train
672002114,748.13,57,12:37:53,False,,True,False,747.94,162,672002175,train
672002115,748.09,57,12:37:54,False,,True,False,747.94,162,672002175,train
672002116,748.15,57,12:37:55,False,,True,False,747.94,162,672002175,train
672002117,748.13,57,12:37:56,False,,True,False,747.94,162,672002175,train
672002118,748.13,57,12:37:57,False,,True,False,747.94,162,672002175,train
672002119,748.15,57,12:37:58,False,,True,False,747.94,162,672002175,train
672002120,748.11,57,12:37:59,False,,True,False,747.94,162,672002175,train
672002121,748.11,57,12:37:59,False,,True,False,747.94,162,672002175,train
672002122,748.15,57,12:38:00,False,,True,False,747.94,162,672002175,train
672002123,748.1,57,12:38:01,False,,True,False,747.94,162,672002175,train
672002124,748.12,57,12:38:02,False,,True,False,747.94,162,672002175,train
672002125,748.08,57,12:38:03,False,,True,False,747.94,162,672002175,train
672002126,748.08,57,12:38:04,False,,True,False,747.94,162,672002175,train
672002127,748.08,57,12:38:05,False,,True,False,747.94,162,672002175,train
672002128,748.05,57,12:38:06,False,,True,False,747.95,162,672002175,train
672002129,748.12,57,12:38:07,False,,True,False,747.95,162,672002175,train
672002130,748.06,57,12:38:08,False,,True,False,747.95,162,672002175,train
672002131,748.1,57,12:38:09,False,,True,False,747.95,162,672002175,train
672002132,748.05,57,12:38:10,False,,True,False,747.95,162,672002175,train
672002133,748.07,57,12:38:11,False,,True,False,747.95,162,672002175,train
672002134,748.12,57,12:38:12,False,,True,False,747.95,162,672002175,train
672002135,748.07,57,12:38:13,False,,True,False,747.95,162,672002175,train
672002136,748.05,57,12:38:14,False,,True,False,747.95,162,672002175,train
672002137,748.07,57,12:38:15,False,,True,False,747.95,162,672002175,train
672002138,748.04,57,12:38:16,False,,True,False,747.95,162,672002175,train
672002139,748.11,57,12:38:17,False,,True,False,747.95,162,672002175,train
672002140,748.07,57,12:38:18,False,,True,False,747.95,162,672002175,train
672002141,748.07,57,12:38:19,False,,True,False,747.95,162,672002175,train
672002142,748.04,57,12:38:20,False,,True,False,747.95,162,672002175,train
672002143,748.0,57,12:38:21,False,,True,False,747.95,162,672002175,train
672002144,747.97,57,12:38:22,False,,True,False,747.95,162,672002175,train
672002145,747.93,57,12:38:23,False,,True,False,747.95,162,672002175,train
672002146,747.93,57,12:38:24,False,,True,False,747.95,162,672002175,train
672002147,747.97,57,12:38:25,False,,True,True,747.95,162,672002175,train
672002148,747.97,57,12:38:26,False,,True,True,747.95,162,672002175,train
672002149,747.95,57,12:38:27,False,,True,True,747.95,162,672002175,train
672002150,747.95,57,12:38:28,False,,True,True,747.95,162,672002175,train
672002151,747.9,57,12:38:29,False,,True,True,747.95,162,672002175,train
672002152,747.9,57,12:38:30,False,,True,True,747.95,162,672002175,train
672002153,747.9,57,12:38:31,False,,True,True,747.95,162,672002175,train
672002154,747.83,57,12:38:32,False,,True,True,747.95,162,672002175,train
672002155,747.85,57,12:38:33,False,,True,True,747.95,162,672002175,train
672002156,747.74,57,12:38:34,False,,True,True,747.95,162,672002175,train
672002157,747.6,57,12:38:35,False,,True,True,747.95,162,672002175,train
672002158,747.62,57,12:38:36,False,,True,True,747.95,162,672002175,train
672002159,747.53,57,12:38:36,False,,True,True,747.95,162,672002175,train
672002160,747.44,57,12:38:37,False,,True,True,747.95,162,672002175,train
672002161,747.33,57,12:38:38,False,,True,True,747.95,162,672002175,train
672002162,747.12,57,12:38:39,False,,True,True,747.95,162,672002175,train
672002163,747.05,57,12:38:40,False,,True,True,747.95,162,672002175,train
672002164,746.87,57,12:38:41,False,,True,True,747.94,162,672002175,train
672002165,746.58,57,12:38:42,False,,True,True,747.94,162,672002175,train
672002166,746.42,57,12:38:43,False,,True,True,747.94,162,672002175,train
672002167,746.19,57,12:38:44,False,,True,True,747.94,162,672002175,train
672002297,748.18,57,12:40:51,False,,True,False,747.91,163,672002362,train
672002298,748.16,57,12:40:52,False,,True,False,747.91,163,672002362,train
672002299,748.14,57,12:40:53,False,,True,False,747.91,163,672002362,train
672002300,748.18,57,12:40:54,False,,True,False,747.91,163,672002362,train
672002301,748.18,57,12:40:55,False,,True,False,747.91,163,672002362,train
672002302,748.09,57,12:40:56,False,,True,False,747.91,163,672002362,train
672002303,748.11,57,12:40:57,False,,True,False,747.91,163,672002362,train
672002304,748.11,57,12:40:58,False,,True,False,747.91,163,672002362,train
672002305,748.13,57,12:40:59,False,,True,False,747.91,163,672002362,train
672002306,748.11,57,12:41:00,False,,True,False,747.91,163,672002362,train
672002307,748.09,57,12:41:01,False,,True,False,747.91,163,672002362,train
672002308,748.13,57,12:41:02,False,,True,False,747.91,163,672002362,train
672002309,748.08,57,12:41:03,False,,True,False,747.91,163,672002362,train
672002310,748.12,57,12:41:03,False,,True,False,747.91,163,672002362,train
672002311,748.08,57,12:41:04,False,,True,False,747.91,163,672002362,train
672002312,748.08,57,12:41:05,False,,True,False,747.91,163,672002362,train
672002313,748.08,57,12:41:06,False,,True,False,747.91,163,672002362,train
672002314,748.07,57,12:41:07,False,,True,False,747.91,163,672002362,train
672002315,748.05,57,12:41:08,False,,True,False,747.91,163,672002362,train
672002316,748.03,57,12:41:09,False,,True,False,747.91,163,672002362,train
672002317,747.99,57,12:41:10,False,,True,False,747.91,163,672002362,train
672002318,748.01,57,12:41:11,False,,True,False,747.91,163,672002362,train
672002319,748.05,57,12:41:12,False,,True,False,747.91,163,672002362,train
672002320,748.07,57,12:41:13,False,,True,False,747.91,163,672002362,train
672002321,747.98,57,12:41:14,False,,True,False,747.91,163,672002362,train
672002322,748.03,57,12:41:15,False,,True,False,747.91,163,672002362,train
672002323,747.98,57,12:41:16,False,,True,False,747.91,163,672002362,train
672002324,748.0,57,12:41:17,False,,True,False,747.91,163,672002362,train
672002325,747.93,57,12:41:18,False,,True,False,747.91,163,672002362,train
672002326,747.97,57,12:41:19,False,,True,False,747.91,163,672002362,train
672002327,747.95,57,12:41:20,False,,True,False,747.91,163,672002362,train
672002328,747.93,57,12:41:21,False,,True,False,747.91,163,672002362,train
672002329,747.91,57,12:41:22,False,,True,False,747.91,163,672002362,train
672002330,747.86,57,12:41:23,False,,True,False,747.91,163,672002362,train
672002331,747.88,57,12:41:24,False,,True,False,747.91,163,672002362,train
672002332,747.84,57,12:41:25,False,,True,False,747.91,163,672002362,train
672002333,747.88,57,12:41:26,False,,True,False,747.91,163,672002362,train
672002334,747.81,57,12:41:27,False,,True,False,747.91,163,672002362,train
672002335,747.79,57,12:41:28,False,,True,False,747.91,163,672002362,train
672002336,747.83,57,12:41:29,False,,True,False,747.91,163,672002362,train
672002337,747.79,57,12:41:30,False,,True,False,747.91,163,672002362,train
672002338,747.81,57,12:41:31,False,,True,False,747.91,163,672002362,train
672002339,747.79,57,12:41:32,False,,True,False,747.91,163,672002362,train
672002340,747.8,57,12:41:33,False,,True,True,747.91,163,672002362,train
672002341,747.83,57,12:41:34,False,,True,True,747.91,163,672002362,train
672002342,747.79,57,12:41:35,False,,True,True,747.91,163,672002362,train
672002343,747.78,57,12:41:36,False,,True,True,747.91,163,672002362,train
672002344,747.83,57,12:41:37,False,,True,True,747.91,163,672002362,train
672002345,747.71,57,12:41:38,False,,True,True,747.91,163,672002362,train
672002346,747.73,57,12:41:39,False,,True,True,747.91,163,672002362,train
672002347,747.67,57,12:41:40,False,,True,True,747.91,163,672002362,train
672002348,747.71,57,12:41:40,False,,True,True,747.91,163,672002362,train
672002349,747.71,57,12:41:41,False,,True,True,747.91,163,672002362,train
672002350,747.64,57,12:41:42,False,,True,True,747.91,163,672002362,train
672002351,747.68,57,12:41:43,False,,True,True,747.9,163,672002362,train
672002352,747.66,57,12:41:44,False,,True,True,747.9,163,672002362,train
672002353,747.61,57,12:41:45,False,,True,True,747.9,163,672002362,train
672002354,747.5,57,12:41:46,False,,True,True,747.9,163,672002362,train
672002355,747.45,57,12:41:47,False,,True,True,747.9,163,672002362,train
672002356,747.41,57,12:41:48,False,,True,True,747.9,163,672002362,train
672104417,743.72,58,16:17:44,False,,True,False,743.66,164,672104482,train
672104418,743.79,58,16:17:45,False,,True,False,743.66,164,672104482,train
672104419,743.77,58,16:17:46,False,,True,False,743.66,164,672104482,train
672104420,743.79,58,16:17:47,False,,True,False,743.65,164,672104482,train
672104421,743.84,58,16:17:48,False,,True,False,743.66,164,672104482,train
672104422,743.77,58,16:17:49,False,,True,False,743.65,164,672104482,train
672104423,743.78,58,16:17:50,False,,True,False,743.65,164,672104482,train
672104424,743.73,58,16:17:51,False,,True,False,743.65,164,672104482,train
672104425,743.78,58,16:17:52,False,,True,False,743.65,164,672104482,train
672104426,743.78,58,16:17:53,False,,True,False,743.65,164,672104482,train
672104427,743.84,58,16:17:54,False,,True,False,743.65,164,672104482,train
672104428,743.85,58,16:17:55,False,,True,False,743.65,164,672104482,train
672104429,743.84,58,16:17:56,False,,True,False,743.66,164,672104482,train
672104430,743.8,58,16:17:57,False,,True,False,743.66,164,672104482,train
672104431,743.85,58,16:17:58,False,,True,False,743.66,164,672104482,train
672104432,743.82,58,16:17:59,False,,True,False,743.66,164,672104482,train
672104433,743.87,58,16:18:00,False,,True,False,743.66,164,672104482,train
672104434,743.87,58,16:18:01,False,,True,False,743.66,164,672104482,train
672104435,743.74,58,16:18:02,False,,True,False,743.66,164,672104482,train
672104436,743.76,58,16:18:03,False,,True,False,743.66,164,672104482,train
672104437,743.74,58,16:18:04,False,,True,False,743.66,164,672104482,train
672104438,743.78,58,16:18:05,False,,True,False,743.66,164,672104482,train
672104439,743.72,58,16:18:06,False,,True,False,743.66,164,672104482,train
672104440,743.72,58,16:18:07,False,,True,False,743.66,164,672104482,train
672104441,743.77,58,16:18:08,False,,True,False,743.66,164,672104482,train
672104442,743.77,58,16:18:09,False,,True,False,743.66,164,672104482,train
672104443,743.77,58,16:18:10,False,,True,False,743.66,164,672104482,train
672104444,743.7,58,16:18:11,False,,True,False,743.66,164,672104482,train
672104445,743.7,58,16:18:12,False,,True,False,743.66,164,672104482,train
672104446,743.75,58,16:18:12,False,,True,False,743.66,164,672104482,train
672104447,743.68,58,16:18:13,False,,True,False,743.66,164,672104482,train
672104448,743.66,58,16:18:14,False,,True,False,743.66,164,672104482,train
672104449,743.73,58,16:18:15,False,,True,False,743.66,164,672104482,train
672104450,743.73,58,16:18:16,False,,True,False,743.66,164,672104482,train
672104451,743.71,58,16:18:17,False,,True,False,743.66,164,672104482,train
672104452,743.69,58,16:18:18,False,,True,False,743.66,164,672104482,train
672104453,743.71,58,16:18:19,False,,True,False,743.66,164,672104482,train
672104454,743.67,58,16:18:20,False,,True,False,743.66,164,672104482,train
672104455,743.69,58,16:18:21,False,,True,False,743.66,164,672104482,train
672104456,743.63,58,16:18:22,False,,True,False,743.66,164,672104482,train
672104457,743.65,58,16:18:23,False,,True,False,743.66,164,672104482,train
672104458,743.67,58,16:18:24,False,,True,False,743.66,164,672104482,train
672104459,743.69,58,16:18:25,False,,True,False,743.66,164,672104482,train
672104460,743.67,58,16:18:26,False,,True,True,743.66,164,672104482,train
672104461,743.69,58,16:18:27,False,,True,True,743.66,164,672104482,train
672104462,743.72,58,16:18:28,False,,True,True,743.66,164,672104482,train
672104463,743.72,58,16:18:29,False,,True,True,743.66,164,672104482,train
672104464,743.74,58,16:18:30,False,,True,True,743.66,164,672104482,train
672104465,743.65,58,16:18:31,False,,True,True,743.66,164,672104482,train
672104466,743.7,58,16:18:32,False,,True,True,743.66,164,672104482,train
672104467,743.67,58,16:18:33,False,,True,True,743.66,164,672104482,train
672104468,743.66,58,16:18:34,False,,True,True,743.66,164,672104482,train
672104469,743.63,58,16:18:35,False,,True,True,743.66,164,672104482,train
672104470,743.61,58,16:18:36,False,,True,True,743.66,164,672104482,train
672104471,743.59,58,16:18:37,False,,True,True,743.66,164,672104482,train
672104472,743.66,58,16:18:38,False,,True,True,743.66,164,672104482,train
672104473,743.61,58,16:18:39,False,,True,True,743.66,164,672104482,train
672104474,743.61,58,16:18:40,False,,True,True,743.66,164,672104482,train
672104475,743.53,58,16:18:41,False,,True,True,743.65,164,672104482,train
672104476,743.48,58,16:18:42,False,,True,True,743.65,164,672104482,train
672178017,748.41,59,12:11:54,False,,True,False,748.38,165,672178090,train
672178018,748.32,59,12:11:55,False,,True,False,748.38,165,672178090,train
672178019,748.43,59,12:11:55,False,,True,False,748.38,165,672178090,train
672178020,748.41,59,12:11:56,False,,True,False,748.38,165,672178090,train
672178021,748.5,59,12:11:57,False,,True,False,748.38,165,672178090,train
672178022,748.5,59,12:11:58,False,,True,False,748.39,165,672178090,train
672178023,748.52,59,12:11:59,False,,True,False,748.39,165,672178090,train
672178024,748.52,59,12:12:00,False,,True,False,748.39,165,672178090,train
672178025,748.5,59,12:12:01,False,,True,False,748.39,165,672178090,train
672178026,748.52,59,12:12:02,False,,True,False,748.39,165,672178090,train
672178027,748.56,59,12:12:03,False,,True,False,748.39,165,672178090,train
672178028,748.52,59,12:12:04,False,,True,False,748.39,165,672178090,train
672178029,748.56,59,12:12:05,False,,True,False,748.39,165,672178090,train
672178030,748.54,59,12:12:06,False,,True,False,748.39,165,672178090,train
672178031,748.56,59,12:12:07,False,,True,False,748.39,165,672178090,train
672178032,748.58,59,12:12:08,False,,True,False,748.39,165,672178090,train
672178033,748.52,59,12:12:09,False,,True,False,748.39,165,672178090,train
672178034,748.52,59,12:12:10,False,,True,False,748.39,165,672178090,train
672178035,748.51,59,12:12:11,False,,True,False,748.39,165,672178090,train
672178036,748.49,59,12:12:12,False,,True,False,748.39,165,672178090,train
672178037,748.51,59,12:12:13,False,,True,False,748.39,165,672178090,train
672178038,748.53,59,12:12:14,False,,True,True,748.39,165,672178090,train
672178039,748.56,59,12:12:15,False,,True,True,748.39,165,672178090,train
672178040,748.6,59,12:12:16,False,,True,True,748.39,165,672178090,train
672178041,748.53,59,12:12:17,False,,True,True,748.39,165,672178090,train
672178042,748.49,59,12:12:18,False,,True,True,748.39,165,672178090,train
672178043,748.49,59,12:12:19,False,,True,True,748.39,165,672178090,train
672178044,748.42,59,12:12:20,False,,True,True,748.39,165,672178090,train
672178045,748.46,59,12:12:21,False,,True,True,748.39,165,672178090,train
672178046,748.46,59,12:12:22,False,,True,True,748.39,165,672178090,train
672178047,748.48,59,12:12:23,False,,True,True,748.39,165,672178090,train
672178048,748.46,59,12:12:24,False,,True,True,748.39,165,672178090,train
672178049,748.48,59,12:12:25,False,,True,True,748.39,165,672178090,train
672178050,748.5,59,12:12:26,False,,True,True,748.39,165,672178090,train
672178051,748.46,59,12:12:27,False,,True,True,748.39,165,672178090,train
672178052,748.5,59,12:12:28,False,,True,True,748.39,165,672178090,train
672178053,748.48,59,12:12:29,False,,True,True,748.39,165,672178090,train
672178054,748.48,59,12:12:30,False,,True,True,748.39,165,672178090,train
672178055,748.46,59,12:12:31,False,,True,True,748.39,165,672178090,train
672178056,748.37,59,12:12:32,False,,True,True,748.39,165,672178090,train
672178057,748.45,59,12:12:32,False,,True,True,748.39,165,672178090,train
672178058,748.46,59,12:12:33,False,,True,True,748.39,165,672178090,train
672178059,748.41,59,12:12:34,False,,True,True,748.39,165,672178090,train
672178060,748.41,59,12:12:35,False,,True,True,748.39,165,672178090,train
672178061,748.43,59,12:12:36,False,,True,True,748.39,165,672178090,train
672178062,748.47,59,12:12:37,False,,True,True,748.39,165,672178090,train
672178063,748.43,59,12:12:38,False,,True,True,748.39,165,672178090,train
672178064,748.5,59,12:12:39,False,,True,True,748.39,165,672178090,train
672178065,748.47,59,12:12:40,False,,True,True,748.39,165,672178090,train
672178066,748.51,59,12:12:41,False,,True,True,748.39,165,672178090,train
672178067,748.51,59,12:12:42,False,,True,True,748.4,165,672178090,train
672178068,748.43,59,12:12:43,False,,True,True,748.4,165,672178090,train
672178069,748.45,59,12:12:44,False,,True,True,748.4,165,672178090,train
672178070,748.47,59,12:12:45,False,,True,True,748.4,165,672178090,train
672178071,748.42,59,12:12:46,False,,True,True,748.4,165,672178090,train
672178072,748.42,59,12:12:47,False,,True,True,748.4,165,672178090,train
672178073,748.49,59,12:12:48,False,,True,True,748.4,165,672178090,train
672178074,748.38,59,12:12:49,False,,True,True,748.4,165,672178090,train
672178075,748.44,59,12:12:50,False,,True,True,748.4,165,672178090,train
672178076,748.42,59,12:12:51,False,,True,True,748.4,165,672178090,train
672180615,750.58,59,12:54:03,False,,True,False,750.43,166,672180689,train
672180616,750.54,59,12:54:04,False,,True,False,750.43,166,672180689,train
672180617,750.6,59,12:54:05,False,,True,False,750.43,166,672180689,train
672180618,750.6,59,12:54:06,False,,True,False,750.43,166,672180689,train
672180619,750.58,59,12:54:07,False,,True,False,750.43,166,672180689,train
672180620,750.58,59,12:54:08,False,,True,False,750.43,166,672180689,train
672180621,750.65,59,12:54:09,False,,True,False,750.43,166,672180689,train
672180622,750.56,59,12:54:09,False,,True,False,750.43,166,672180689,train
672180623,750.58,59,12:54:10,False,,True,False,750.43,166,672180689,train
672180624,750.62,59,12:54:11,False,,True,False,750.43,166,672180689,train
672180625,750.67,59,12:54:12,False,,True,False,750.43,166,672180689,train
672180626,750.66,59,12:54:13,False,,True,False,750.43,166,672180689,train
672180627,750.62,59,12:54:14,False,,True,False,750.43,166,672180689,train
672180628,750.58,59,12:54:15,False,,True,False,750.43,166,672180689,train
672180629,750.64,59,12:54:16,False,,True,False,750.43,166,672180689,train
672180630,750.62,59,12:54:17,False,,True,False,750.43,166,672180689,train
672180631,750.64,59,12:54:18,False,,True,True,750.43,166,672180689,train
672180632,750.66,59,12:54:19,False,,True,True,750.44,166,672180689,train
672180633,750.64,59,12:54:20,False,,True,True,750.44,166,672180689,train
672180634,750.66,59,12:54:21,False,,True,True,750.44,166,672180689,train
672180635,750.6,59,12:54:22,False,,True,True,750.44,166,672180689,train
672180636,750.64,59,12:54:23,False,,True,True,750.44,166,672180689,train
672180637,750.66,59,12:54:24,False,,True,True,750.44,166,672180689,train
672180638,750.62,59,12:54:25,False,,True,True,750.44,166,672180689,train
672180639,750.68,59,12:54:26,False,,True,True,750.44,166,672180689,train
672180640,750.7,59,12:54:27,False,,True,True,750.44,166,672180689,train
672180641,750.66,59,12:54:28,False,,True,True,750.44,166,672180689,train
672180642,750.6,59,12:54:29,False,,True,True,750.44,166,672180689,train
672180643,750.68,59,12:54:30,False,,True,True,750.44,166,672180689,train
672180644,750.66,59,12:54:31,False,,True,True,750.44,166,672180689,train
672180645,750.63,59,12:54:32,False,,True,True,750.44,166,672180689,train
672180646,750.68,59,12:54:33,False,,True,True,750.44,166,672180689,train
672180647,750.63,59,12:54:34,False,,True,True,750.44,166,672180689,train
672180648,750.57,59,12:54:35,False,,True,True,750.44,166,672180689,train
672180649,750.55,59,12:54:36,False,,True,True,750.44,166,672180689,train
672180650,750.55,59,12:54:37,False,,True,True,750.44,166,672180689,train
672180651,750.54,59,12:54:38,False,,True,True,750.44,166,672180689,train
672180652,750.59,59,12:54:39,False,,True,True,750.44,166,672180689,train
672180653,750.52,59,12:54:40,False,,True,True,750.44,166,672180689,train
672180654,750.52,59,12:54:41,False,,True,True,750.45,166,672180689,train
672180655,750.52,59,12:54:42,False,,True,True,750.45,166,672180689,train
672180656,750.52,59,12:54:43,False,,True,True,750.45,166,672180689,train
672180657,750.48,59,12:54:44,False,,True,True,750.45,166,672180689,train
672180658,750.52,59,12:54:45,False,,True,True,750.45,166,672180689,train
672180659,750.47,59,12:54:46,False,,True,True,750.45,166,672180689,train
672180660,750.52,59,12:54:46,False,,True,True,750.45,166,672180689,train
672180661,750.47,59,12:54:47,False,,True,True,750.45,166,672180689,train
672180662,750.5,59,12:54:48,False,,True,True,750.45,166,672180689,train
672180663,750.45,59,12:54:49,False,,True,True,750.45,166,672180689,train
672180664,750.47,59,12:54:50,False,,True,True,750.45,166,672180689,train
672180665,750.45,59,12:54:51,False,,True,True,750.45,166,672180689,train
672180666,750.47,59,12:54:52,False,,True,True,750.45,166,672180689,train
672180667,750.4,59,12:54:53,False,,True,True,750.45,166,672180689,train
672180668,750.4,59,12:54:54,False,,True,True,750.45,166,672180689,train
672180669,750.4,59,12:54:55,False,,True,True,750.45,166,672180689,train
672180670,750.44,59,12:54:56,False,,True,True,750.45,166,672180689,train
672180671,750.36,59,12:54:57,False,,True,True,750.45,166,672180689,train
672180672,750.42,59,12:54:58,False,,True,True,750.45,166,672180689,train
672180673,750.33,59,12:54:59,False,,True,True,750.45,166,672180689,train
672180674,750.33,59,12:55:00,False,,True,True,750.45,166,672180689,train
672181383,751.16,59,13:06:30,False,,True,False,751.03,167,672181444,train
672181384,751.12,59,13:06:31,False,,True,False,751.03,167,672181444,train
672181385,751.1,59,13:06:32,False,,True,False,751.03,167,672181444,train
672181386,751.12,59,13:06:33,False,,True,False,751.03,167,672181444,train
672181387,751.18,59,13:06:34,False,,True,False,751.03,167,672181444,train
672181388,751.07,59,13:06:35,False,,True,False,751.03,167,672181444,train
672181389,751.18,59,13:06:36,False,,True,False,751.03,167,672181444,train
672181390,751.21,59,13:06:37,False,,True,False,751.03,167,672181444,train
672181391,751.2,59,13:06:38,False,,True,False,751.04,167,672181444,train
672181392,751.18,59,13:06:39,False,,True,False,751.04,167,672181444,train
672181393,751.21,59,13:06:40,False,,True,False,751.04,167,672181444,train
672181394,751.16,59,13:06:41,False,,True,False,751.04,167,672181444,train
672181395,751.16,59,13:06:42,False,,True,False,751.04,167,672181444,train
672181396,751.2,59,13:06:43,False,,True,False,751.04,167,672181444,train
672181397,751.16,59,13:06:44,False,,True,False,751.04,167,672181444,train
672181398,751.2,59,13:06:45,False,,True,False,751.04,167,672181444,train
672181399,751.2,59,13:06:46,False,,True,False,751.04,167,672181444,train
672181400,751.18,59,13:06:47,False,,True,False,751.04,167,672181444,train
672181401,751.2,59,13:06:48,False,,True,False,751.05,167,672181444,train
672181402,751.22,59,13:06:49,False,,True,False,751.05,167,672181444,train
672181403,751.18,59,13:06:50,False,,True,False,751.05,167,672181444,train
672181404,751.26,59,13:06:51,False,,True,False,751.05,167,672181444,train
672181405,751.24,59,13:06:52,False,,True,False,751.05,167,672181444,train
672181406,751.22,59,13:06:53,False,,True,False,751.05,167,672181444,train
672181407,751.22,59,13:06:54,False,,True,False,751.05,167,672181444,train
672181408,751.28,59,13:06:55,False,,True,False,751.05,167,672181444,train
672181409,751.24,59,13:06:56,False,,True,False,751.05,167,672181444,train
672181410,751.26,59,13:06:57,False,,True,False,751.05,167,672181444,train
672181411,751.24,59,13:06:58,False,,True,False,751.06,167,672181444,train
672181412,751.26,59,13:06:59,False,,True,False,751.06,167,672181444,train
672181413,751.31,59,13:07:00,False,,True,False,751.06,167,672181444,train
672181414,751.31,59,13:07:01,False,,True,False,751.06,167,672181444,train
672181415,751.33,59,13:07:01,False,,True,False,751.06,167,672181444,train
672181416,751.32,59,13:07:02,False,,True,False,751.06,167,672181444,train
672181417,751.3,59,13:07:03,False,,True,False,751.06,167,672181444,train
672181418,751.34,59,13:07:04,False,,True,False,751.06,167,672181444,train
672181419,751.32,59,13:07:05,False,,True,False,751.07,167,672181444,train
672181420,751.39,59,13:07:06,False,,True,False,751.07,167,672181444,train
672181421,751.32,59,13:07:07,False,,True,False,751.07,167,672181444,train
672181422,751.32,59,13:07:08,False,,True,False,751.07,167,672181444,train
672181423,751.28,59,13:07:09,False,,True,False,751.07,167,672181444,train
672181424,751.26,59,13:07:10,False,,True,False,751.07,167,672181444,train
672181425,751.19,59,13:07:11,False,,True,False,751.07,167,672181444,train
672181426,751.19,59,13:07:12,False,,True,False,751.07,167,672181444,train
672181427,751.14,59,13:07:13,False,,True,False,751.07,167,672181444,train
672181428,751.18,59,13:07:14,False,,True,False,751.07,167,672181444,train
672181429,751.14,59,13:07:15,False,,True,False,751.08,167,672181444,train
672181430,751.16,59,13:07:16,False,,True,False,751.08,167,672181444,train
672181431,751.16,59,13:07:17,False,,True,False,751.08,167,672181444,train
672181432,751.25,59,13:07:18,False,,True,False,751.08,167,672181444,train
672181433,751.29,59,13:07:19,False,,True,False,751.08,167,672181444,train
672181434,751.32,59,13:07:20,False,,True,False,751.08,167,672181444,train
672181435,751.18,59,13:07:21,False,,True,False,751.08,167,672181444,train
672181436,751.13,59,13:07:22,False,,True,False,751.08,167,672181444,train
672181437,751.07,59,13:07:23,False,,True,False,751.08,167,672181444,train
672181438,750.97,59,13:07:24,False,,True,True,751.08,167,672181444,train
672181439,750.86,59,13:07:25,False,,True,True,751.08,167,672181444,train
672181440,750.73,59,13:07:26,False,,True,True,751.08,167,672181444,train
672181441,750.61,59,13:07:27,False,,True,True,751.08,167,672181444,train
672181442,750.16,59,13:07:28,False,,True,True,751.08,167,672181444,train
672182053,751.78,59,13:17:23,False,,True,False,751.54,168,672182115,train
672182054,751.84,59,13:17:24,False,,True,False,751.54,168,672182115,train
672182055,751.84,59,13:17:25,False,,True,False,751.55,168,672182115,train
672182056,751.87,59,13:17:25,False,,True,False,751.55,168,672182115,train
672182057,751.8,59,13:17:26,False,,True,False,751.55,168,672182115,train
672182058,751.82,59,13:17:27,False,,True,False,751.55,168,672182115,train
672182059,751.73,59,13:17:28,False,,True,False,751.55,168,672182115,train
672182060,751.78,59,13:17:29,False,,True,False,751.55,168,672182115,train
672182061,751.78,59,13:17:30,False,,True,False,751.55,168,672182115,train
672182062,751.8,59,13:17:31,False,,True,False,751.56,168,672182115,train
672182063,751.79,59,13:17:32,False,,True,False,751.56,168,672182115,train
672182064,751.82,59,13:17:33,False,,True,False,751.56,168,672182115,train
672182065,751.71,59,13:17:34,False,,True,False,751.56,168,672182115,train
672182066,751.77,59,13:17:35,False,,True,False,751.56,168,672182115,train
672182067,751.68,59,13:17:36,False,,True,False,751.56,168,672182115,train
672182068,751.66,59,13:17:37,False,,True,False,751.56,168,672182115,train
672182069,751.72,59,13:17:38,False,,True,False,751.56,168,672182115,train
672182070,751.64,59,13:17:39,False,,True,False,751.57,168,672182115,train
672182071,751.65,59,13:17:40,False,,True,False,751.57,168,672182115,train
672182072,751.59,59,13:17:41,False,,True,False,751.57,168,672182115,train
672182073,751.59,59,13:17:42,False,,True,False,751.57,168,672182115,train
672182074,751.59,59,13:17:43,False,,True,False,751.57,168,672182115,train
672182075,751.61,59,13:17:44,False,,True,False,751.57,168,672182115,train
672182076,751.63,59,13:17:45,False,,True,False,751.57,168,672182115,train
672182077,751.63,59,13:17:46,False,,True,False,751.57,168,672182115,train
672182078,751.72,59,13:17:47,False,,True,False,751.57,168,672182115,train
672182079,751.7,59,13:17:48,False,,True,False,751.58,168,672182115,train
672182080,751.67,59,13:17:49,False,,True,False,751.58,168,672182115,train
672182081,751.72,59,13:17:50,False,,True,False,751.58,168,672182115,train
672182082,751.69,59,13:17:51,False,,True,False,751.58,168,672182115,train
672182083,751.74,59,13:17:52,False,,True,False,751.58,168,672182115,train
672182084,751.74,59,13:17:53,False,,True,False,751.58,168,672182115,train
672182085,751.74,59,13:17:54,False,,True,False,751.58,168,672182115,train
672182086,751.69,59,13:17:55,False,,True,False,751.58,168,672182115,train
672182087,751.69,59,13:17:56,False,,True,False,751.58,168,672182115,train
672182088,751.74,59,13:17:57,False,,True,False,751.59,168,672182115,train
672182089,751.74,59,13:17:58,False,,True,False,751.59,168,672182115,train
672182090,751.76,59,13:17:59,False,,True,False,751.59,168,672182115,train
672182091,751.78,59,13:18:00,False,,True,False,751.59,168,672182115,train
672182092,751.69,59,13:18:01,False,,True,False,751.59,168,672182115,train
672182093,751.8,59,13:18:02,False,,True,False,751.59,168,672182115,train
672182094,751.8,59,13:18:02,False,,True,False,751.59,168,672182115,train
672182095,751.78,59,13:18:03,False,,True,False,751.59,168,672182115,train
672182096,751.78,59,13:18:04,False,,True,False,751.59,168,672182115,train
672182097,751.75,59,13:18:05,False,,True,False,751.6,168,672182115,train
672182098,751.78,59,13:18:06,False,,True,False,751.6,168,672182115,train
672182099,751.75,59,13:18:07,False,,True,False,751.6,168,672182115,train
672182100,751.73,59,13:18:08,False,,True,False,751.6,168,672182115,train
672182101,751.79,59,13:18:09,False,,True,False,751.6,168,672182115,train
672182102,751.75,59,13:18:10,False,,True,False,751.6,168,672182115,train
672182103,751.77,59,13:18:11,False,,True,False,751.6,168,672182115,train
672182104,751.71,59,13:18:12,False,,True,False,751.6,168,672182115,train
672182105,751.75,59,13:18:13,False,,True,True,751.6,168,672182115,train
672182106,751.68,59,13:18:14,False,,True,True,751.6,168,672182115,train
672182107,751.7,59,13:18:15,False,,True,True,751.61,168,672182115,train
672182108,751.65,59,13:18:16,False,,True,True,751.61,168,672182115,train
672182109,751.64,59,13:18:17,False,,True,True,751.61,168,672182115,train
672182110,751.57,59,13:18:18,False,,True,True,751.61,168,672182115,train
672182111,751.52,59,13:18:19,False,,True,True,751.61,168,672182115,train
672182112,751.43,59,13:18:20,False,,True,True,751.61,168,672182115,train
672183483,752.23,59,13:40:35,False,,True,True,752.18,169,672183596,train
672183484,752.16,59,13:40:36,False,,True,True,752.18,169,672183596,train
672183485,752.14,59,13:40:37,False,,True,True,752.18,169,672183596,train
672183486,752.1,59,13:40:38,False,,True,True,752.18,169,672183596,train
672183487,752.12,59,13:40:39,False,,True,True,752.18,169,672183596,train
672183488,752.12,59,13:40:40,False,,True,True,752.18,169,672183596,train
672183489,752.16,59,13:40:41,False,,True,True,752.18,169,672183596,train
672183490,752.16,59,13:40:41,False,,True,True,752.17,169,672183596,train
672183491,752.16,59,13:40:42,False,,True,True,752.17,169,672183596,train
672183492,752.13,59,13:40:43,False,,True,True,752.17,169,672183596,train
672183493,752.16,59,13:40:44,False,,True,True,752.17,169,672183596,train
672183494,752.13,59,13:40:45,False,,True,True,752.17,169,672183596,train
672183495,752.11,59,13:40:46,False,,True,True,752.17,169,672183596,train
672183496,752.11,59,13:40:47,False,,True,True,752.17,169,672183596,train
672183497,752.08,59,13:40:48,False,,True,True,752.17,169,672183596,train
672183498,752.04,59,13:40:49,False,,True,True,752.17,169,672183596,train
672183499,752.13,59,13:40:50,False,,True,True,752.17,169,672183596,train
672183500,752.13,59,13:40:51,False,,True,True,752.17,169,672183596,train
672183501,752.19,59,13:40:52,False,,True,True,752.17,169,672183596,train
672183502,752.13,59,13:40:53,False,,True,True,752.17,169,672183596,train
672183503,752.2,59,13:40:54,False,,True,True,752.17,169,672183596,train
672183504,752.1,59,13:40:55,False,,True,True,752.17,169,672183596,train
672183505,752.13,59,13:40:56,False,,True,True,752.17,169,672183596,train
672183506,752.12,59,13:40:57,False,,True,True,752.17,169,672183596,train
672183507,752.12,59,13:40:58,False,,True,True,752.17,169,672183596,train
672183508,752.08,59,13:40:59,False,,True,True,752.17,169,672183596,train
672183509,752.06,59,13:41:00,False,,True,True,752.16,169,672183596,train
672183510,752.1,59,13:41:01,False,,True,True,752.16,169,672183596,train
672183511,752.14,59,13:41:02,False,,True,True,752.16,169,672183596,train
672183512,752.1,59,13:41:03,False,,True,True,752.16,169,672183596,train
672183513,752.1,59,13:41:04,False,,True,True,752.16,169,672183596,train
672183514,752.12,59,13:41:05,False,,True,True,752.16,169,672183596,train
672183515,752.08,59,13:41:06,False,,True,True,752.16,169,672183596,train
672183516,752.08,59,13:41:07,False,,True,True,752.16,169,672183596,train
672183517,752.05,59,13:41:08,False,,True,True,752.16,169,672183596,train
672183518,752.1,59,13:41:09,False,,True,True,752.16,169,672183596,train
672183519,752.14,59,13:41:10,False,,True,True,752.16,169,672183596,train
672183520,752.07,59,13:41:11,False,,True,True,752.16,169,672183596,train
672183521,752.16,59,13:41:12,False,,True,True,752.16,169,672183596,train
672183522,752.12,59,13:41:13,False,,True,True,752.16,169,672183596,train
672183523,752.1,59,13:41:14,False,,True,True,752.16,169,672183596,train
672183524,752.12,59,13:41:15,False,,True,True,752.16,169,672183596,train
672183525,752.16,59,13:41:16,False,,True,True,752.15,169,672183596,train
672183526,752.11,59,13:41:17,False,,True,True,752.15,169,672183596,train
672183527,752.13,59,13:41:17,False,,True,True,752.15,169,672183596,train
672183528,752.11,59,13:41:18,False,,True,True,752.15,169,672183596,train
672183529,752.09,59,13:41:19,False,,True,True,752.15,169,672183596,train
672183530,752.11,59,13:41:20,False,,True,True,752.15,169,672183596,train
672183531,752.04,59,13:41:21,False,,True,True,752.15,169,672183596,train
672183532,752.07,59,13:41:22,False,,True,True,752.15,169,672183596,train
672183533,752.08,59,13:41:23,False,,True,True,752.15,169,672183596,train
672183534,752.06,59,13:41:24,False,,True,True,752.15,169,672183596,train
672183535,752.08,59,13:41:25,False,,True,True,752.15,169,672183596,train
672183536,752.08,59,13:41:26,False,,True,True,752.15,169,672183596,train
672183537,752.04,59,13:41:27,False,,True,True,752.15,169,672183596,train
672183538,752.06,59,13:41:28,False,,True,True,752.15,169,672183596,train
672183539,752.06,59,13:41:29,False,,True,True,752.15,169,672183596,train
672183540,752.12,59,13:41:30,False,,True,True,752.14,169,672183596,train
672183541,752.08,59,13:41:31,False,,True,True,752.14,169,672183596,train
672183542,752.06,59,13:41:32,False,,True,True,752.14,169,672183596,train
672185107,751.25,59,14:06:56,False,,True,False,751.47,170,672185170,train
672185108,751.23,59,14:06:57,False,,True,False,751.47,170,672185170,train
672185109,751.21,59,14:06:58,False,,True,False,751.47,170,672185170,train
672185110,751.27,59,14:06:59,False,,True,False,751.47,170,672185170,train
672185111,751.27,59,14:07:00,False,,True,False,751.47,170,672185170,train
672185112,751.23,59,14:07:00,False,,True,False,751.47,170,672185170,train
672185113,751.27,59,14:07:01,False,,True,False,751.46,170,672185170,train
672185114,751.29,59,14:07:02,False,,True,False,751.46,170,672185170,train
672185115,751.32,59,14:07:03,False,,True,False,751.46,170,672185170,train
672185116,751.27,59,14:07:04,False,,True,False,751.46,170,672185170,train
672185117,751.25,59,14:07:05,False,,True,False,751.46,170,672185170,train
672185118,751.23,59,14:07:06,False,,True,False,751.46,170,672185170,train
672185119,751.38,59,14:07:07,False,,True,False,751.46,170,672185170,train
672185120,751.31,59,14:07:08,False,,True,False,751.46,170,672185170,train
672185121,751.27,59,14:07:09,False,,True,False,751.46,170,672185170,train
672185122,751.29,59,14:07:10,False,,True,False,751.46,170,672185170,train
672185123,751.29,59,14:07:11,False,,True,False,751.46,170,672185170,train
672185124,751.33,59,14:07:12,False,,True,False,751.46,170,672185170,train
672185125,751.31,59,14:07:13,False,,True,False,751.46,170,672185170,train
672185126,751.29,59,14:07:14,False,,True,False,751.46,170,672185170,train
672185127,751.31,59,14:07:15,False,,True,False,751.46,170,672185170,train
672185128,751.33,59,14:07:16,False,,True,False,751.46,170,672185170,train
672185129,751.33,59,14:07:17,False,,True,False,751.46,170,672185170,train
672185130,751.31,59,14:07:18,False,,True,False,751.46,170,672185170,train
672185131,751.35,59,14:07:19,False,,True,False,751.46,170,672185170,train
672185132,751.31,59,14:07:20,False,,True,False,751.46,170,672185170,train
672185133,751.29,59,14:07:21,False,,True,False,751.45,170,672185170,train
672185134,751.35,59,14:07:22,False,,True,False,751.45,170,672185170,train
672185135,751.35,59,14:07:23,False,,True,False,751.45,170,672185170,train
672185136,751.39,59,14:07:24,False,,True,False,751.45,170,672185170,train
672185137,751.35,59,14:07:25,False,,True,False,751.45,170,672185170,train
672185138,751.35,59,14:07:26,False,,True,False,751.45,170,672185170,train
672185139,751.37,59,14:07:27,False,,True,False,751.45,170,672185170,train
672185140,751.39,59,14:07:28,False,,True,False,751.45,170,672185170,train
672185141,751.33,59,14:07:29,False,,True,False,751.45,170,672185170,train
672185142,751.37,59,14:07:30,False,,True,False,751.45,170,672185170,train
672185143,751.42,59,14:07:31,False,,True,False,751.45,170,672185170,train
672185144,751.28,59,14:07:32,False,,True,False,751.45,170,672185170,train
672185145,751.34,59,14:07:33,False,,True,False,751.45,170,672185170,train
672185146,751.33,59,14:07:34,False,,True,False,751.45,170,672185170,train
672185147,751.28,59,14:07:35,False,,True,False,751.45,170,672185170,train
672185148,751.28,59,14:07:36,False,,True,False,751.45,170,672185170,train
672185149,751.26,59,14:07:37,False,,True,False,751.45,170,672185170,train
672185150,751.27,59,14:07:37,False,,True,False,751.45,170,672185170,train
672185151,751.23,59,14:07:38,False,,True,False,751.44,170,672185170,train
672185152,751.23,59,14:07:39,False,,True,False,751.44,170,672185170,train
672185153,751.21,59,14:07:40,False,,True,False,751.44,170,672185170,train
672185154,751.2,59,14:07:41,False,,True,False,751.44,170,672185170,train
672185155,751.25,59,14:07:42,False,,True,False,751.44,170,672185170,train
672185156,751.2,59,14:07:43,False,,True,False,751.44,170,672185170,train
672185157,751.18,59,14:07:44,False,,True,False,751.44,170,672185170,train
672185158,751.22,59,14:07:45,False,,True,True,751.44,170,672185170,train
672185159,751.2,59,14:07:46,False,,True,True,751.44,170,672185170,train
672185160,751.2,59,14:07:47,False,,True,True,751.44,170,672185170,train
672185161,751.27,59,14:07:48,False,,True,True,751.44,170,672185170,train
672185162,751.22,59,14:07:49,False,,True,True,751.44,170,672185170,train
672185163,751.22,59,14:07:50,False,,True,True,751.44,170,672185170,train
672185164,751.13,59,14:07:51,False,,True,True,751.43,170,672185170,train
672185165,751.0,59,14:07:52,False,,True,True,751.43,170,672185170,train
672185166,750.88,59,14:07:53,False,,True,True,751.43,170,672185170,train
672190558,745.48,59,15:35:22,False,,True,True,745.64,171,672190662,train
672190559,745.46,59,15:35:23,False,,True,True,745.63,171,672190662,train
672190560,745.44,59,15:35:24,False,,True,True,745.63,171,672190662,train
672190561,745.5,59,15:35:25,False,,True,True,745.63,171,672190662,train
672190562,745.42,59,15:35:26,False,,True,True,745.63,171,672190662,train
672190563,745.48,59,15:35:27,False,,True,True,745.63,171,672190662,train
672190564,745.5,59,15:35:28,False,,True,True,745.63,171,672190662,train
672190565,745.46,59,15:35:29,False,,True,True,745.63,171,672190662,train
672190566,745.41,59,15:35:30,False,,True,True,745.63,171,672190662,train
672190567,745.46,59,15:35:31,False,,True,True,745.63,171,672190662,train
672190568,745.48,59,15:35:32,False,,True,True,745.63,171,672190662,train
672190569,745.46,59,15:35:33,False,,True,True,745.63,171,672190662,train
672190570,745.48,59,15:35:34,False,,True,True,745.63,171,672190662,train
672190571,745.39,59,15:35:35,False,,True,True,745.63,171,672190662,train
672190572,745.37,59,15:35:36,False,,True,True,745.63,171,672190662,train
672190573,745.39,59,15:35:37,False,,True,True,745.62,171,672190662,train
672190574,745.34,59,15:35:38,False,,True,True,745.62,171,672190662,train
672190575,745.37,59,15:35:39,False,,True,True,745.62,171,672190662,train
672190576,745.34,59,15:35:40,False,,True,True,745.62,171,672190662,train
672190577,745.39,59,15:35:41,False,,True,True,745.62,171,672190662,train
672190578,745.43,59,15:35:42,False,,True,True,745.62,171,672190662,train
672190579,745.39,59,15:35:43,False,,True,True,745.62,171,672190662,train
672190580,745.37,59,15:35:44,False,,True,True,745.62,171,672190662,train
672190581,745.39,59,15:35:45,False,,True,True,745.62,171,672190662,train
672190582,745.39,59,15:35:46,False,,True,True,745.62,171,672190662,train
672190583,745.39,59,15:35:46,False,,True,True,745.62,171,672190662,train
672190584,745.41,59,15:35:47,False,,True,True,745.61,171,672190662,train
672190585,745.37,59,15:35:48,False,,True,True,745.61,171,672190662,train
672190586,745.37,59,15:35:49,False,,True,True,745.61,171,672190662,train
672190587,745.37,59,15:35:50,False,,True,True,745.61,171,672190662,train
672190588,745.41,59,15:35:51,False,,True,True,745.61,171,672190662,train
672190589,745.41,59,15:35:52,False,,True,True,745.61,171,672190662,train
672190590,745.39,59,15:35:53,False,,True,True,745.61,171,672190662,train
672190591,745.37,59,15:35:54,False,,True,True,745.61,171,672190662,train
672190592,745.37,59,15:35:55,False,,True,True,745.61,171,672190662,train
672190593,745.34,59,15:35:56,False,,True,True,745.61,171,672190662,train
672190594,745.39,59,15:35:57,False,,True,True,745.61,171,672190662,train
672190595,745.32,59,15:35:58,False,,True,True,745.61,171,672190662,train
672190596,745.34,59,15:35:59,False,,True,True,745.6,171,672190662,train
672190597,745.28,59,15:36:00,False,,True,True,745.6,171,672190662,train
672190598,745.25,59,15:36:01,False,,True,True,745.6,171,672190662,train
672190599,745.23,59,15:36:02,False,,True,True,745.6,171,672190662,train
672190600,745.25,59,15:36:03,False,,True,True,745.6,171,672190662,train
672190601,745.32,59,15:36:04,False,,True,True,745.6,171,672190662,train
672190602,745.27,59,15:36:05,False,,True,True,745.6,171,672190662,train
672190603,745.21,59,15:36:06,False,,True,True,745.6,171,672190662,train
672190604,745.21,59,15:36:07,False,,True,True,745.6,171,672190662,train
672190605,745.25,59,15:36:08,False,,True,True,745.6,171,672190662,train
672190606,745.23,59,15:36:09,False,,True,True,745.59,171,672190662,train
672190607,745.21,59,15:36:10,False,,True,True,745.59,171,672190662,train
672190608,745.27,59,15:36:11,False,,True,True,745.59,171,672190662,train
672190609,745.14,59,15:36:12,False,,True,True,745.59,171,672190662,train
672190610,745.18,59,15:36:13,False,,True,True,745.59,171,672190662,train
672190611,745.19,59,15:36:14,False,,True,True,745.59,171,672190662,train
672190612,745.12,59,15:36:15,False,,True,True,745.59,171,672190662,train
672190613,745.18,59,15:36:16,False,,True,True,745.59,171,672190662,train
672190614,745.21,59,15:36:17,False,,True,True,745.59,171,672190662,train
672190615,745.18,59,15:36:18,False,,True,True,745.58,171,672190662,train
672190616,745.16,59,15:36:19,False,,True,True,745.58,171,672190662,train
672190617,745.16,59,15:36:20,False,,True,True,745.58,171,672190662,train
672267176,749.56,60,12:18:29,False,,True,False,749.3,172,672267244,train
672267177,749.48,60,12:18:30,False,,True,False,749.3,172,672267244,train
672267178,749.54,60,12:18:31,False,,True,False,749.3,172,672267244,train
672267179,749.56,60,12:18:32,False,,True,False,749.3,172,672267244,train
672267180,749.56,60,12:18:33,False,,True,False,749.3,172,672267244,train
672267181,749.51,60,12:18:34,False,,True,False,749.31,172,672267244,train
672267182,749.56,60,12:18:35,False,,True,False,749.31,172,672267244,train
672267183,749.47,60,12:18:36,False,,True,False,749.31,172,672267244,train
672267184,749.49,60,12:18:37,False,,True,False,749.31,172,672267244,train
672267185,749.51,60,12:18:38,False,,True,False,749.31,172,672267244,train
672267186,749.49,60,12:18:39,False,,True,False,749.31,172,672267244,train
672267187,749.51,60,12:18:40,False,,True,False,749.31,172,672267244,train
672267188,749.51,60,12:18:41,False,,True,False,749.31,172,672267244,train
672267189,749.53,60,12:18:42,False,,True,False,749.31,172,672267244,train
672267190,749.51,60,12:18:43,False,,True,False,749.31,172,672267244,train
672267191,749.51,60,12:18:44,False,,True,False,749.31,172,672267244,train
672267192,749.49,60,12:18:45,False,,True,False,749.31,172,672267244,train
672267193,749.55,60,12:18:46,False,,True,False,749.31,172,672267244,train
672267194,749.5,60,12:18:47,False,,True,False,749.31,172,672267244,train
672267195,749.51,60,12:18:48,False,,True,False,749.32,172,672267244,train
672267196,749.46,60,12:18:49,False,,True,False,749.32,172,672267244,train
672267197,749.53,60,12:18:50,False,,True,False,749.32,172,672267244,train
672267198,749.44,60,12:18:51,False,,True,False,749.32,172,672267244,train
672267199,749.51,60,12:18:52,False,,True,False,749.32,172,672267244,train
672267200,749.52,60,12:18:53,False,,True,False,749.32,172,672267244,train
672267201,749.5,60,12:18:54,False,,True,False,749.32,172,672267244,train
672267202,749.51,60,12:18:55,False,,True,False,749.32,172,672267244,train
672267203,749.57,60,12:18:56,False,,True,False,749.32,172,672267244,train
672267204,749.5,60,12:18:57,False,,True,False,749.32,172,672267244,train
672267205,749.5,60,12:18:58,False,,True,False,749.32,172,672267244,train
672267206,749.54,60,12:18:59,False,,True,False,749.32,172,672267244,train
672267207,749.43,60,12:19:00,False,,True,False,749.32,172,672267244,train
672267208,749.36,60,12:19:01,False,,True,False,749.33,172,672267244,train
672267209,749.37,60,12:19:02,False,,True,False,749.33,172,672267244,train
672267210,749.36,60,12:19:02,False,,True,True,749.33,172,672267244,train
672267211,749.35,60,12:19:03,False,,True,True,749.33,172,672267244,train
672267212,749.27,60,12:19:04,False,,True,True,749.33,172,672267244,train
672267213,749.38,60,12:19:05,False,,True,True,749.33,172,672267244,train
672267214,749.27,60,12:19:06,False,,True,True,749.33,172,672267244,train
672267215,749.27,60,12:19:07,False,,True,True,749.33,172,672267244,train
672267216,749.29,60,12:19:08,False,,True,True,749.33,172,672267244,train
672267217,749.25,60,12:19:09,False,,True,True,749.33,172,672267244,train
672267218,749.27,60,12:19:10,False,,True,True,749.33,172,672267244,train
672267219,749.29,60,12:19:11,False,,True,True,749.33,172,672267244,train
672267220,749.34,60,12:19:12,False,,True,True,749.33,172,672267244,train
672267221,749.38,60,12:19:13,False,,True,True,749.33,172,672267244,train
672267222,749.34,60,12:19:14,False,,True,True,749.33,172,672267244,train
672267223,749.34,60,12:19:15,False,,True,True,749.33,172,672267244,train
672267224,749.4,60,12:19:16,False,,True,True,749.33,172,672267244,train
672267225,749.38,60,12:19:17,False,,True,True,749.33,172,672267244,train
672267226,749.4,60,12:19:18,False,,True,True,749.33,172,672267244,train
672267227,749.4,60,12:19:19,False,,True,True,749.33,172,672267244,train
672267228,749.33,60,12:19:20,False,,True,True,749.33,172,672267244,train
672267229,749.35,60,12:19:21,False,,True,True,749.33,172,672267244,train
672267230,749.38,60,12:19:22,False,,True,True,749.33,172,672267244,train
672267231,749.33,60,12:19:23,False,,True,True,749.33,172,672267244,train
672267232,749.4,60,12:19:24,False,,True,True,749.34,172,672267244,train
672267233,749.38,60,12:19:25,False,,True,True,749.34,172,672267244,train
672267234,749.33,60,12:19:26,False,,True,True,749.34,172,672267244,train
672267235,749.39,60,12:19:27,False,,True,True,749.34,172,672267244,train
672269203,750.71,60,12:51:23,False,,True,True,750.65,173,672269283,train
672269204,750.71,60,12:51:24,False,,True,True,750.65,173,672269283,train
672269205,750.77,60,12:51:25,False,,True,True,750.65,173,672269283,train
672269206,750.76,60,12:51:26,False,,True,True,750.65,173,672269283,train
672269207,750.75,60,12:51:27,False,,True,True,750.65,173,672269283,train
672269208,750.75,60,12:51:28,False,,True,True,750.65,173,672269283,train
672269209,750.77,60,12:51:29,False,,True,True,750.65,173,672269283,train
672269210,750.77,60,12:51:29,False,,True,True,750.65,173,672269283,train
672269211,750.77,60,12:51:30,False,,True,True,750.65,173,672269283,train
672269212,750.77,60,12:51:31,False,,True,True,750.65,173,672269283,train
672269213,750.73,60,12:51:32,False,,True,True,750.65,173,672269283,train
672269214,750.75,60,12:51:33,False,,True,True,750.65,173,672269283,train
672269215,750.77,60,12:51:34,False,,True,True,750.65,173,672269283,train
672269216,750.74,60,12:51:35,False,,True,True,750.65,173,672269283,train
672269217,750.7,60,12:51:36,False,,True,True,750.65,173,672269283,train
672269218,750.72,60,12:51:37,False,,True,True,750.65,173,672269283,train
672269219,750.67,60,12:51:38,False,,True,True,750.65,173,672269283,train
672269220,750.63,60,12:51:39,False,,True,True,750.65,173,672269283,train
672269221,750.54,60,12:51:40,False,,True,True,750.65,173,672269283,train
672269222,750.51,60,12:51:41,False,,True,True,750.65,173,672269283,train
672269223,750.43,60,12:51:42,False,,True,True,750.65,173,672269283,train
672269224,750.46,60,12:51:43,False,,True,True,750.65,173,672269283,train
672269225,750.51,60,12:51:44,False,,True,True,750.65,173,672269283,train
672269226,750.56,60,12:51:45,False,,True,True,750.65,173,672269283,train
672269227,750.64,60,12:51:46,False,,True,True,750.65,173,672269283,train
672269228,750.6,60,12:51:47,False,,True,True,750.64,173,672269283,train
672269229,750.62,60,12:51:48,False,,True,True,750.64,173,672269283,train
672269230,750.65,60,12:51:49,False,,True,True,750.64,173,672269283,train
672269231,750.73,60,12:51:50,False,,True,True,750.64,173,672269283,train
672269232,750.71,60,12:51:51,False,,True,True,750.64,173,672269283,train
672269233,750.75,60,12:51:52,False,,True,True,750.64,173,672269283,train
672269234,750.61,60,12:51:53,False,,True,True,750.64,173,672269283,train
672269235,750.55,60,12:51:54,False,,True,True,750.64,173,672269283,train
672269236,750.64,60,12:51:55,False,,True,True,750.64,173,672269283,train
672269237,750.73,60,12:51:56,False,,True,True,750.64,173,672269283,train
672269238,750.73,60,12:51:57,False,,True,True,750.64,173,672269283,train
672269239,750.64,60,12:51:58,False,,True,True,750.64,173,672269283,train
672269240,750.7,60,12:51:59,False,,True,True,750.64,173,672269283,train
672269241,750.61,60,12:52:00,False,,True,True,750.64,173,672269283,train
672269242,750.67,60,12:52:01,False,,True,True,750.64,173,672269283,train
672269243,750.57,60,12:52:02,False,,True,True,750.64,173,672269283,train
672269244,750.58,60,12:52:03,False,,True,True,750.64,173,672269283,train
672269245,750.6,60,12:52:04,False,,True,True,750.64,173,672269283,train
672269246,750.61,60,12:52:05,False,,True,True,750.64,173,672269283,train
672269247,750.56,60,12:52:05,False,,True,True,750.64,173,672269283,train
672269248,750.6,60,12:52:06,False,,True,True,750.64,173,672269283,train
672269249,750.54,60,12:52:07,False,,True,True,750.64,173,672269283,train
672269250,750.56,60,12:52:08,False,,True,True,750.64,173,672269283,train
672269251,750.54,60,12:52:09,False,,True,True,750.64,173,672269283,train
672269252,750.54,60,12:52:10,False,,True,True,750.64,173,672269283,train
672269253,750.54,60,12:52:11,False,,True,True,750.64,173,672269283,train
672269254,750.55,60,12:52:12,False,,True,True,750.64,173,672269283,train
672269255,750.53,60,12:52:13,False,,True,True,750.64,173,672269283,train
672269256,750.49,60,12:52:14,False,,True,True,750.63,173,672269283,train
672269257,750.53,60,12:52:15,False,,True,True,750.63,173,672269283,train
672269258,750.62,60,12:52:16,False,,True,True,750.63,173,672269283,train
672269259,750.57,60,12:52:17,False,,True,True,750.63,173,672269283,train
672269260,750.53,60,12:52:18,False,,True,True,750.63,173,672269283,train
672269261,750.52,60,12:52:19,False,,True,True,750.63,173,672269283,train
672269262,750.53,60,12:52:20,False,,True,True,750.63,173,672269283,train
672269731,750.83,60,12:59:57,False,,True,False,750.75,174,672269792,train
672269732,750.78,60,12:59:58,False,,True,False,750.75,174,672269792,train
672269733,750.83,60,12:59:59,False,,True,False,750.75,174,672269792,train
672269734,750.83,60,13:00:00,False,,True,False,750.75,174,672269792,train
672269735,750.85,60,13:00:01,False,,True,False,750.75,174,672269792,train
672269736,750.76,60,13:00:02,False,,True,False,750.75,174,672269792,train
672269737,750.76,60,13:00:03,False,,True,False,750.75,174,672269792,train
672269738,750.8,60,13:00:03,False,,True,False,750.75,174,672269792,train
672269739,750.76,60,13:00:04,False,,True,False,750.75,174,672269792,train
672269740,750.76,60,13:00:05,False,,True,False,750.75,174,672269792,train
672269741,750.75,60,13:00:06,False,,True,False,750.75,174,672269792,train
672269742,750.76,60,13:00:07,False,,True,False,750.75,174,672269792,train
672269743,750.73,60,13:00:08,False,,True,False,750.75,174,672269792,train
672269744,750.73,60,13:00:09,False,,True,False,750.75,174,672269792,train
672269745,750.64,60,13:00:10,False,,True,False,750.75,174,672269792,train
672269746,750.68,60,13:00:11,False,,True,False,750.75,174,672269792,train
672269747,750.68,60,13:00:12,False,,True,False,750.75,174,672269792,train
672269748,750.7,60,13:00:13,False,,True,False,750.75,174,672269792,train
672269749,750.7,60,13:00:14,False,,True,False,750.75,174,672269792,train
672269750,750.75,60,13:00:15,False,,True,False,750.75,174,672269792,train
672269751,750.68,60,13:00:16,False,,True,False,750.75,174,672269792,train
672269752,750.75,60,13:00:17,False,,True,False,750.75,174,672269792,train
672269753,750.75,60,13:00:18,False,,True,False,750.75,174,672269792,train
672269754,750.7,60,13:00:19,False,,True,False,750.75,174,672269792,train
672269755,750.72,60,13:00:20,False,,True,False,750.75,174,672269792,train
672269756,750.76,60,13:00:21,False,,True,False,750.75,174,672269792,train
672269757,750.79,60,13:00:22,False,,True,False,750.75,174,672269792,train
672269758,750.79,60,13:00:23,False,,True,False,750.76,174,672269792,train
672269759,750.81,60,13:00:24,False,,True,False,750.76,174,672269792,train
672269760,750.81,60,13:00:25,False,,True,False,750.76,174,672269792,train
672269761,750.83,60,13:00:26,False,,True,False,750.76,174,672269792,train
672269762,750.9,60,13:00:27,False,,True,False,750.76,174,672269792,train
672269763,750.85,60,13:00:28,False,,True,False,750.76,174,672269792,train
672269764,750.83,60,13:00:29,False,,True,False,750.76,174,672269792,train
672269765,750.85,60,13:00:30,False,,True,False,750.76,174,672269792,train
672269766,750.85,60,13:00:31,False,,True,False,750.76,174,672269792,train
672269767,750.87,60,13:00:32,False,,True,False,750.76,174,672269792,train
672269768,750.85,60,13:00:33,False,,True,False,750.76,174,672269792,train
672269769,750.89,60,13:00:34,False,,True,False,750.76,174,672269792,train
672269770,750.89,60,13:00:35,False,,True,False,750.76,174,672269792,train
672269771,750.89,60,13:00:36,False,,True,False,750.76,174,672269792,train
672269772,750.89,60,13:00:37,False,,True,False,750.76,174,672269792,train
672269773,750.89,60,13:00:38,False,,True,False,750.76,174,672269792,train
672269774,750.89,60,13:00:39,False,,True,False,750.77,174,672269792,train
672269775,750.87,60,13:00:40,False,,True,False,750.77,174,672269792,train
672269776,750.82,60,13:00:40,False,,True,False,750.77,174,672269792,train
672269777,750.82,60,13:00:41,False,,True,False,750.77,174,672269792,train
672269778,750.86,60,13:00:42,False,,True,False,750.77,174,672269792,train
672269779,750.86,60,13:00:43,False,,True,False,750.77,174,672269792,train
672269780,750.8,60,13:00:44,False,,True,False,750.77,174,672269792,train
672269781,750.82,60,13:00:45,False,,True,False,750.77,174,672269792,train
672269782,750.82,60,13:00:46,False,,True,False,750.77,174,672269792,train
672269783,750.84,60,13:00:47,False,,True,False,750.77,174,672269792,train
672269784,750.79,60,13:00:48,False,,True,False,750.77,174,672269792,train
672269785,750.81,60,13:00:49,False,,True,False,750.77,174,672269792,train
672269786,750.81,60,13:00:50,False,,True,False,750.77,174,672269792,train
672269787,750.77,60,13:00:51,False,,True,False,750.78,174,672269792,train
672269788,750.74,60,13:00:52,False,,True,True,750.78,174,672269792,train
672269789,750.65,60,13:00:53,False,,True,True,750.78,174,672269792,train
672269790,750.43,60,13:00:54,False,,True,True,750.78,174,672269792,train
672350585,746.43,61,10:51:48,False,,True,False,746.61,175,672350659,train
672350586,746.36,61,10:51:49,False,,True,False,746.61,175,672350659,train
672350587,746.4,61,10:51:50,False,,True,False,746.61,175,672350659,train
672350588,746.4,61,10:51:51,False,,True,False,746.61,175,672350659,train
672350589,746.4,61,10:51:51,False,,True,False,746.61,175,672350659,train
672350590,746.42,61,10:51:52,False,,True,False,746.61,175,672350659,train
672350591,746.37,61,10:51:53,False,,True,False,746.61,175,672350659,train
672350592,746.34,61,10:51:54,False,,True,False,746.6,175,672350659,train
672350593,746.36,61,10:51:55,False,,True,False,746.6,175,672350659,train
672350594,746.29,61,10:51:56,False,,True,False,746.6,175,672350659,train
672350595,746.27,61,10:51:57,False,,True,False,746.6,175,672350659,train
672350596,746.29,61,10:51:58,False,,True,False,746.6,175,672350659,train
672350597,746.27,61,10:51:59,False,,True,False,746.6,175,672350659,train
672350598,746.28,61,10:52:00,False,,True,False,746.6,175,672350659,train
672350599,746.28,61,10:52:01,False,,True,False,746.6,175,672350659,train
672350600,746.3,61,10:52:02,False,,True,False,746.6,175,672350659,train
672350601,746.32,61,10:52:03,False,,True,False,746.6,175,672350659,train
672350602,746.34,61,10:52:04,False,,True,False,746.6,175,672350659,train
672350603,746.3,61,10:52:05,False,,True,True,746.6,175,672350659,train
672350604,746.29,61,10:52:06,False,,True,True,746.6,175,672350659,train
672350605,746.29,61,10:52:07,False,,True,True,746.6,175,672350659,train
672350606,746.29,61,10:52:08,False,,True,True,746.59,175,672350659,train
672350607,746.29,61,10:52:09,False,,True,True,746.59,175,672350659,train
672350608,746.39,61,10:52:10,False,,True,True,746.59,175,672350659,train
672350609,746.35,61,10:52:11,False,,True,True,746.59,175,672350659,train
672350610,746.34,61,10:52:12,False,,True,True,746.59,175,672350659,train
672350611,746.32,61,10:52:13,False,,True,True,746.59,175,672350659,train
672350612,746.32,61,10:52:14,False,,True,True,746.59,175,672350659,train
672350613,746.27,61,10:52:15,False,,True,True,746.59,175,672350659,train
672350614,746.31,61,10:52:16,False,,True,True,746.59,175,672350659,train
672350615,746.31,61,10:52:17,False,,True,True,746.59,175,672350659,train
672350616,746.33,61,10:52:18,False,,True,True,746.59,175,672350659,train
672350617,746.31,61,10:52:19,False,,True,True,746.59,175,672350659,train
672350618,746.24,61,10:52:20,False,,True,True,746.59,175,672350659,train
672350619,746.36,61,10:52:21,False,,True,True,746.59,175,672350659,train
672350620,746.25,61,10:52:22,False,,True,True,746.59,175,672350659,train
672350621,746.29,61,10:52:23,False,,True,True,746.59,175,672350659,train
672350622,746.29,61,10:52:24,False,,True,True,746.59,175,672350659,train
672350623,746.31,61,10:52:25,False,,True,True,746.58,175,672350659,train
672350624,746.26,61,10:52:26,False,,True,True,746.58,175,672350659,train
672350625,746.35,61,10:52:27,False,,True,True,746.58,175,672350659,train
672350626,746.28,61,10:52:28,False,,True,True,746.58,175,672350659,train
672350627,746.32,61,10:52:28,False,,True,True,746.58,175,672350659,train
672350628,746.32,61,10:52:29,False,,True,True,746.58,175,672350659,train
672350629,746.32,61,10:52:30,False,,True,True,746.58,175,672350659,train
672350630,746.32,61,10:52:31,False,,True,True,746.58,175,672350659,train
672350631,746.27,61,10:52:32,False,,True,True,746.58,175,672350659,train
672350632,746.31,61,10:52:33,False,,True,True,746.58,175,672350659,train
672350633,746.29,61,10:52:34,False,,True,True,746.58,175,672350659,train
672350634,746.24,61,10:52:35,False,,True,True,746.58,175,672350659,train
672350635,746.26,61,10:52:36,False,,True,True,746.58,175,672350659,train
672350636,746.28,61,10:52:37,False,,True,True,746.58,175,672350659,train
672350637,746.19,61,10:52:38,False,,True,True,746.58,175,672350659,train
672350638,746.23,61,10:52:39,False,,True,True,746.58,175,672350659,train
672350639,746.16,61,10:52:40,False,,True,True,746.57,175,672350659,train
672350640,746.2,61,10:52:41,False,,True,True,746.57,175,672350659,train
672350641,746.2,61,10:52:42,False,,True,True,746.57,175,672350659,train
672350642,746.22,61,10:52:43,False,,True,True,746.57,175,672350659,train
672350643,746.22,61,10:52:44,False,,True,True,746.57,175,672350659,train
672350644,746.21,61,10:52:45,False,,True,True,746.57,175,672350659,train
672351933,746.49,61,11:13:40,False,,True,True,746.42,176,672352068,train
672351934,746.43,61,11:13:41,False,,True,True,746.42,176,672352068,train
672351935,746.47,61,11:13:42,False,,True,True,746.42,176,672352068,train
672351936,746.49,61,11:13:43,False,,True,True,746.42,176,672352068,train
672351937,746.46,61,11:13:44,False,,True,True,746.42,176,672352068,train
672351938,746.49,61,11:13:45,False,,True,True,746.42,176,672352068,train
672351939,746.42,61,11:13:46,False,,True,True,746.42,176,672352068,train
672351940,746.53,61,11:13:47,False,,True,True,746.42,176,672352068,train
672351941,746.48,61,11:13:48,False,,True,True,746.42,176,672352068,train
672351942,746.46,61,11:13:49,False,,True,True,746.42,176,672352068,train
672351943,746.45,61,11:13:50,False,,True,True,746.42,176,672352068,train
672351944,746.43,61,11:13:51,False,,True,True,746.42,176,672352068,train
672351945,746.45,61,11:13:52,False,,True,True,746.42,176,672352068,train
672351946,746.5,61,11:13:53,False,,True,True,746.42,176,672352068,train
672351947,746.45,61,11:13:53,False,,True,True,746.42,176,672352068,train
672351948,746.43,61,11:13:54,False,,True,True,746.42,176,672352068,train
672351949,746.4,61,11:13:55,False,,True,True,746.42,176,672352068,train
672351950,746.45,61,11:13:56,False,,True,True,746.42,176,672352068,train
672351951,746.47,61,11:13:57,False,,True,True,746.42,176,672352068,train
672351952,746.45,61,11:13:58,False,,True,True,746.42,176,672352068,train
672351953,746.44,61,11:13:59,False,,True,True,746.42,176,672352068,train
672351954,746.44,61,11:14:00,False,,True,True,746.42,176,672352068,train
672351955,746.48,61,11:14:01,False,,True,True,746.42,176,672352068,train
672351956,746.37,61,11:14:02,False,,True,True,746.42,176,672352068,train
672351957,746.44,61,11:14:03,False,,True,True,746.42,176,672352068,train
672351958,746.48,61,11:14:04,False,,True,True,746.42,176,672352068,train
672351959,746.39,61,11:14:05,False,,True,True,746.42,176,672352068,train
672351960,746.5,61,11:14:06,False,,True,True,746.42,176,672352068,train
672351961,746.45,61,11:14:07,False,,True,True,746.42,176,672352068,train
672351962,746.45,61,11:14:08,False,,True,True,746.42,176,672352068,train
672351963,746.5,61,11:14:09,False,,True,True,746.42,176,672352068,train
672351964,746.45,61,11:14:10,False,,True,True,746.42,176,672352068,train
672351965,746.45,61,11:14:11,False,,True,True,746.42,176,672352068,train
672351966,746.36,61,11:14:12,False,,True,True,746.42,176,672352068,train
672351967,746.43,61,11:14:13,False,,True,True,746.42,176,672352068,train
672351968,746.44,61,11:14:14,False,,True,True,746.42,176,672352068,train
672351969,746.42,61,11:14:15,False,,True,True,746.42,176,672352068,train
672351970,746.42,61,11:14:16,False,,True,True,746.42,176,672352068,train
672351971,746.4,61,11:14:17,False,,True,True,746.42,176,672352068,train
672351972,746.44,61,11:14:18,False,,True,True,746.42,176,672352068,train
672351973,746.46,61,11:14:19,False,,True,True,746.42,176,672352068,train
672351974,746.44,61,11:14:20,False,,True,True,746.42,176,672352068,train
672351975,746.35,61,11:14:21,False,,True,True,746.42,176,672352068,train
672351976,746.35,61,11:14:22,False,,True,True,746.42,176,672352068,train
672351977,746.37,61,11:14:23,False,,True,True,746.42,176,672352068,train
672351978,746.39,61,11:14:24,False,,True,True,746.42,176,672352068,train
672351979,746.41,61,11:14:25,False,,True,True,746.42,176,672352068,train
672351980,746.39,61,11:14:26,False,,True,True,746.42,176,672352068,train
672351981,746.34,61,11:14:27,False,,True,True,746.42,176,672352068,train
672351982,746.41,61,11:14:28,False,,True,True,746.42,176,672352068,train
672351983,746.34,61,11:14:29,False,,True,True,746.42,176,672352068,train
672351984,746.38,61,11:14:30,False,,True,True,746.42,176,672352068,train
672351985,746.34,61,11:14:30,False,,True,True,746.41,176,672352068,train
672351986,746.38,61,11:14:31,False,,True,True,746.41,176,672352068,train
672351987,746.36,61,11:14:32,False,,True,True,746.41,176,672352068,train
672351988,746.38,61,11:14:33,False,,True,True,746.41,176,672352068,train
672351989,746.42,61,11:14:34,False,,True,True,746.41,176,672352068,train
672351990,746.37,61,11:14:35,False,,True,True,746.41,176,672352068,train
672351991,746.42,61,11:14:36,False,,True,True,746.41,176,672352068,train
672351992,746.37,61,11:14:37,False,,True,True,746.41,176,672352068,train
672355433,748.41,61,12:10:27,False,,True,False,748.16,177,672355502,train
672355434,748.32,61,12:10:28,False,,True,False,748.16,177,672355502,train
672355435,748.32,61,12:10:29,False,,True,False,748.16,177,672355502,train
672355436,748.34,61,12:10:30,False,,True,False,748.16,177,672355502,train
672355437,748.36,61,12:10:31,False,,True,False,748.16,177,672355502,train
672355438,748.36,61,12:10:32,False,,True,False,748.16,177,672355502,train
672355439,748.34,61,12:10:33,False,,True,False,748.17,177,672355502,train
672355440,748.34,61,12:10:34,False,,True,False,748.17,177,672355502,train
672355441,748.32,61,12:10:35,False,,True,False,748.17,177,672355502,train
672355442,748.29,61,12:10:36,False,,True,False,748.17,177,672355502,train
672355443,748.29,61,12:10:37,False,,True,False,748.17,177,672355502,train
672355444,748.38,61,12:10:38,False,,True,False,748.17,177,672355502,train
672355445,748.31,61,12:10:39,False,,True,False,748.17,177,672355502,train
672355446,748.29,61,12:10:40,False,,True,False,748.17,177,672355502,train
672355447,748.29,61,12:10:41,False,,True,False,748.17,177,672355502,train
672355448,748.27,61,12:10:42,False,,True,False,748.17,177,672355502,train
672355449,748.27,61,12:10:43,False,,True,False,748.17,177,672355502,train
672355450,748.36,61,12:10:44,False,,True,False,748.17,177,672355502,train
672355451,748.31,61,12:10:45,False,,True,False,748.17,177,672355502,train
672355452,748.29,61,12:10:46,False,,True,False,748.17,177,672355502,train
672355453,748.29,61,12:10:47,False,,True,False,748.17,177,672355502,train
672355454,748.35,61,12:10:48,False,,True,False,748.17,177,672355502,train
672355455,748.31,61,12:10:49,False,,True,False,748.17,177,672355502,train
672355456,748.31,61,12:10:49,False,,True,False,748.17,177,672355502,train
672355457,748.33,61,12:10:50,False,,True,False,748.17,177,672355502,train
672355458,748.31,61,12:10:51,False,,True,False,748.17,177,672355502,train
672355459,748.31,61,12:10:52,False,,True,False,748.17,177,672355502,train
672355460,748.28,61,12:10:53,False,,True,False,748.17,177,672355502,train
672355461,748.31,61,12:10:54,False,,True,False,748.17,177,672355502,train
672355462,748.33,61,12:10:55,False,,True,False,748.17,177,672355502,train
672355463,748.35,61,12:10:56,False,,True,False,748.17,177,672355502,train
672355464,748.3,61,12:10:57,False,,True,True,748.18,177,672355502,train
672355465,748.33,61,12:10:58,False,,True,True,748.18,177,672355502,train
672355466,748.26,61,12:10:59,False,,True,True,748.18,177,672355502,train
672355467,748.28,61,12:11:00,False,,True,True,748.18,177,672355502,train
672355468,748.24,61,12:11:01,False,,True,True,748.18,177,672355502,train
672355469,748.26,61,12:11:02,False,,True,True,748.18,177,672355502,train
672355470,748.26,61,12:11:03,False,,True,True,748.18,177,672355502,train
672355471,748.23,61,12:11:04,False,,True,True,748.18,177,672355502,train
672355472,748.26,61,12:11:05,False,,True,True,748.18,177,672355502,train
672355473,748.28,61,12:11:06,False,,True,True,748.18,177,672355502,train
672355474,748.23,61,12:11:07,False,,True,True,748.18,177,672355502,train
672355475,748.23,61,12:11:08,False,,True,True,748.18,177,672355502,train
672355476,748.3,61,12:11:09,False,,True,True,748.18,177,672355502,train
672355477,748.23,61,12:11:10,False,,True,True,748.18,177,672355502,train
672355478,748.25,61,12:11:11,False,,True,True,748.18,177,672355502,train
672355479,748.23,61,12:11:12,False,,True,True,748.18,177,672355502,train
672355480,748.34,61,12:11:13,False,,True,True,748.18,177,672355502,train
672355481,748.27,61,12:11:14,False,,True,True,748.18,177,672355502,train
672355482,748.18,61,12:11:15,False,,True,True,748.18,177,672355502,train
672355483,748.19,61,12:11:16,False,,True,True,748.18,177,672355502,train
672355484,748.16,61,12:11:17,False,,True,True,748.18,177,672355502,train
672355485,748.16,61,12:11:18,False,,True,True,748.18,177,672355502,train
672355486,748.18,61,12:11:19,False,,True,True,748.18,177,672355502,train
672355487,748.09,61,12:11:20,False,,True,True,748.18,177,672355502,train
672355488,748.16,61,12:11:21,False,,True,True,748.18,177,672355502,train
672355489,748.18,61,12:11:22,False,,True,True,748.18,177,672355502,train
672355490,748.16,61,12:11:23,False,,True,True,748.18,177,672355502,train
672355491,748.18,61,12:11:24,False,,True,True,748.18,177,672355502,train
672355492,748.11,61,12:11:25,False,,True,True,748.18,177,672355502,train
672357169,749.68,61,12:38:37,False,,True,False,749.29,178,672357238,train
672357170,749.68,61,12:38:38,False,,True,False,749.29,178,672357238,train
672357171,749.7,61,12:38:39,False,,True,False,749.29,178,672357238,train
672357172,749.72,61,12:38:40,False,,True,False,749.29,178,672357238,train
672357173,749.74,61,12:38:41,False,,True,False,749.29,178,672357238,train
672357174,749.72,61,12:38:42,False,,True,False,749.29,178,672357238,train
672357175,749.72,61,12:38:43,False,,True,False,749.29,178,672357238,train
672357176,749.72,61,12:38:44,False,,True,False,749.3,178,672357238,train
672357177,749.72,61,12:38:45,False,,True,False,749.3,178,672357238,train
672357178,749.69,61,12:38:46,False,,True,False,749.3,178,672357238,train
672357179,749.69,61,12:38:47,False,,True,False,749.3,178,672357238,train
672357180,749.69,61,12:38:48,False,,True,False,749.3,178,672357238,train
672357181,749.69,61,12:38:49,False,,True,False,749.3,178,672357238,train
672357182,749.69,61,12:38:50,False,,True,False,749.3,178,672357238,train
672357183,749.67,61,12:38:51,False,,True,False,749.3,178,672357238,train
672357184,749.71,61,12:38:52,False,,True,False,749.31,178,672357238,train
672357185,749.71,61,12:38:53,False,,True,False,749.31,178,672357238,train
672357186,749.69,61,12:38:54,False,,True,False,749.31,178,672357238,train
672357187,749.71,61,12:38:55,False,,True,False,749.31,178,672357238,train
672357188,749.69,61,12:38:56,False,,True,False,749.31,178,672357238,train
672357189,749.69,61,12:38:57,False,,True,False,749.31,178,672357238,train
672357190,749.71,61,12:38:58,False,,True,False,749.31,178,672357238,train
672357191,749.73,61,12:38:58,False,,True,False,749.32,178,672357238,train
672357192,749.71,61,12:38:59,False,,True,False,749.32,178,672357238,train
672357193,749.7,61,12:39:00,False,,True,False,749.32,178,672357238,train
672357194,749.73,61,12:39:01,False,,True,False,749.32,178,672357238,train
672357195,749.75,61,12:39:02,False,,True,False,749.32,178,672357238,train
672357196,749.73,61,12:39:03,False,,True,False,749.32,178,672357238,train
672357197,749.68,61,12:39:04,False,,True,False,749.32,178,672357238,train
672357198,749.66,61,12:39:05,False,,True,False,749.33,178,672357238,train
672357199,749.65,61,12:39:06,False,,True,False,749.33,178,672357238,train
672357200,749.63,61,12:39:07,False,,True,False,749.33,178,672357238,train
672357201,749.61,61,12:39:08,False,,True,False,749.33,178,672357238,train
672357202,749.65,61,12:39:09,False,,True,True,749.33,178,672357238,train
672357203,749.65,61,12:39:10,False,,True,True,749.33,178,672357238,train
672357204,749.67,61,12:39:11,False,,True,True,749.33,178,672357238,train
672357205,749.61,61,12:39:12,False,,True,True,749.33,178,672357238,train
672357206,749.61,61,12:39:13,False,,True,True,749.33,178,672357238,train
672357207,749.6,61,12:39:14,False,,True,True,749.34,178,672357238,train
672357208,749.56,61,12:39:15,False,,True,True,749.34,178,672357238,train
672357209,749.47,61,12:39:16,False,,True,True,749.34,178,672357238,train
672357210,749.49,61,12:39:17,False,,True,True,749.34,178,672357238,train
672357211,749.49,61,12:39:18,False,,True,True,749.34,178,672357238,train
672357212,749.4,61,12:39:19,False,,True,True,749.34,178,672357238,train
672357213,749.42,61,12:39:20,False,,True,True,749.34,178,672357238,train
672357214,749.33,61,12:39:21,False,,True,True,749.34,178,672357238,train
672357215,749.3,61,12:39:22,False,,True,True,749.34,178,672357238,train
672357216,749.26,61,12:39:23,False,,True,True,749.34,178,672357238,train
672357217,749.21,61,12:39:24,False,,True,True,749.34,178,672357238,train
672357218,749.12,61,12:39:25,False,,True,True,749.34,178,672357238,train
672357219,749.12,61,12:39:26,False,,True,True,749.34,178,672357238,train
672357220,749.14,61,12:39:27,False,,True,True,749.34,178,672357238,train
672357221,749.06,61,12:39:28,False,,True,True,749.34,178,672357238,train
672357222,749.07,61,12:39:29,False,,True,True,749.34,178,672357238,train
672357223,749.05,61,12:39:30,False,,True,True,749.34,178,672357238,train
672357224,748.98,61,12:39:31,False,,True,True,749.34,178,672357238,train
672357225,748.94,61,12:39:32,False,,True,True,749.34,178,672357238,train
672357226,748.94,61,12:39:33,False,,True,True,749.34,178,672357238,train
672357227,748.93,61,12:39:34,False,,True,True,749.34,178,672357238,train
672357228,748.89,61,12:39:35,False,,True,True,749.34,178,672357238,train
672359320,750.66,61,13:13:31,False,,True,False,750.61,179,672359382,train
672359321,750.53,61,13:13:32,False,,True,False,750.61,179,672359382,train
672359322,750.57,61,13:13:33,False,,True,False,750.61,179,672359382,train
672359323,750.57,61,13:13:34,False,,True,False,750.61,179,672359382,train
672359324,750.57,61,13:13:35,False,,True,False,750.61,179,672359382,train
672359325,750.61,61,13:13:36,False,,True,False,750.61,179,672359382,train
672359326,750.63,61,13:13:37,False,,True,False,750.61,179,672359382,train
672359327,750.61,61,13:13:38,False,,True,False,750.61,179,672359382,train
672359328,750.61,61,13:13:39,False,,True,False,750.61,179,672359382,train
672359329,750.61,61,13:13:40,False,,True,False,750.61,179,672359382,train
672359330,750.56,61,13:13:41,False,,True,False,750.61,179,672359382,train
672359331,750.56,61,13:13:42,False,,True,False,750.61,179,672359382,train
672359332,750.61,61,13:13:43,False,,True,False,750.61,179,672359382,train
672359333,750.65,61,13:13:44,False,,True,False,750.61,179,672359382,train
672359334,750.6,61,13:13:45,False,,True,False,750.61,179,672359382,train
672359335,750.58,61,13:13:46,False,,True,False,750.61,179,672359382,train
672359336,750.67,61,13:13:47,False,,True,False,750.61,179,672359382,train
672359337,750.6,61,13:13:48,False,,True,False,750.61,179,672359382,train
672359338,750.62,61,13:13:49,False,,True,False,750.61,179,672359382,train
672359339,750.62,61,13:13:50,False,,True,False,750.61,179,672359382,train
672359340,750.58,61,13:13:51,False,,True,False,750.61,179,672359382,train
672359341,750.62,61,13:13:52,False,,True,False,750.61,179,672359382,train
672359342,750.58,61,13:13:52,False,,True,False,750.61,179,672359382,train
672359343,750.64,61,13:13:53,False,,True,False,750.61,179,672359382,train
672359344,750.55,61,13:13:54,False,,True,False,750.61,179,672359382,train
672359345,750.57,61,13:13:55,False,,True,False,750.61,179,672359382,train
672359346,750.57,61,13:13:56,False,,True,False,750.61,179,672359382,train
672359347,750.6,61,13:13:57,False,,True,False,750.61,179,672359382,train
672359348,750.62,61,13:13:58,False,,True,False,750.61,179,672359382,train
672359349,750.62,61,13:13:59,False,,True,False,750.61,179,672359382,train
672359350,750.61,61,13:14:00,False,,True,False,750.61,179,672359382,train
672359351,750.61,61,13:14:01,False,,True,False,750.61,179,672359382,train
672359352,750.57,61,13:14:02,False,,True,False,750.61,179,672359382,train
672359353,750.61,61,13:14:03,False,,True,False,750.61,179,672359382,train
672359354,750.57,61,13:14:04,False,,True,False,750.61,179,672359382,train
672359355,750.63,61,13:14:05,False,,True,False,750.61,179,672359382,train
672359356,750.59,61,13:14:06,False,,True,False,750.61,179,672359382,train
672359357,750.59,61,13:14:07,False,,True,False,750.61,179,672359382,train
672359358,750.56,61,13:14:08,False,,True,False,750.61,179,672359382,train
672359359,750.61,61,13:14:09,False,,True,False,750.61,179,672359382,train
672359360,750.6,61,13:14:10,False,,True,False,750.61,179,672359382,train
672359361,750.56,61,13:14:11,False,,True,False,750.61,179,672359382,train
672359362,750.56,61,13:14:12,False,,True,False,750.61,179,672359382,train
672359363,750.58,61,13:14:13,False,,True,False,750.61,179,672359382,train
672359364,750.58,61,13:14:14,False,,True,False,750.61,179,672359382,train
672359365,750.56,61,13:14:15,False,,True,False,750.61,179,672359382,train
672359366,750.54,61,13:14:16,False,,True,False,750.61,179,672359382,train
672359367,750.58,61,13:14:17,False,,True,False,750.61,179,672359382,train
672359368,750.51,61,13:14:18,False,,True,False,750.61,179,672359382,train
672359369,750.51,61,13:14:19,False,,True,False,750.61,179,672359382,train
672359370,750.49,61,13:14:20,False,,True,False,750.61,179,672359382,train
672359371,750.42,61,13:14:21,False,,True,False,750.61,179,672359382,train
672359372,750.35,61,13:14:22,False,,True,False,750.61,179,672359382,train
672359373,750.31,61,13:14:23,False,,True,True,750.61,179,672359382,train
672359374,750.29,61,13:14:24,False,,True,True,750.61,179,672359382,train
672359375,750.13,61,13:14:25,False,,True,True,750.61,179,672359382,train
672359376,750.01,61,13:14:26,False,,True,True,750.61,179,672359382,train
672359377,749.87,61,13:14:27,False,,True,True,750.61,179,672359382,train
672359378,749.63,61,13:14:28,False,,True,True,750.61,179,672359382,train
672359379,749.71,61,13:14:29,False,,True,True,750.6,179,672359382,train
672362476,750.53,61,14:04:43,False,,True,True,750.73,180,672362559,train
672362477,750.51,61,14:04:44,False,,True,True,750.73,180,672362559,train
672362478,750.57,61,14:04:45,False,,True,True,750.73,180,672362559,train
672362479,750.55,61,14:04:46,False,,True,True,750.73,180,672362559,train
672362480,750.55,61,14:04:47,False,,True,True,750.73,180,672362559,train
672362481,750.55,61,14:04:48,False,,True,True,750.72,180,672362559,train
672362482,750.55,61,14:04:49,False,,True,True,750.72,180,672362559,train
672362483,750.62,61,14:04:50,False,,True,True,750.72,180,672362559,train
672362484,750.57,61,14:04:51,False,,True,True,750.72,180,672362559,train
672362485,750.55,61,14:04:52,False,,True,True,750.72,180,672362559,train
672362486,750.61,61,14:04:53,False,,True,True,750.72,180,672362559,train
672362487,750.57,61,14:04:54,False,,True,True,750.72,180,672362559,train
672362488,750.52,61,14:04:55,False,,True,True,750.72,180,672362559,train
672362489,750.59,61,14:04:56,False,,True,True,750.72,180,672362559,train
672362490,750.54,61,14:04:57,False,,True,True,750.72,180,672362559,train
672362491,750.54,61,14:04:58,False,,True,True,750.72,180,672362559,train
672362492,750.52,61,14:04:59,False,,True,True,750.72,180,672362559,train
672362493,750.54,61,14:05:00,False,,True,True,750.71,180,672362559,train
672362494,750.52,61,14:05:01,False,,True,True,750.71,180,672362559,train
672362495,750.52,61,14:05:02,False,,True,True,750.71,180,672362559,train
672362496,750.51,61,14:05:03,False,,True,True,750.71,180,672362559,train
672362497,750.5,61,14:05:04,False,,True,True,750.71,180,672362559,train
672362498,750.54,61,14:05:05,False,,True,True,750.71,180,672362559,train
672362499,750.47,61,14:05:06,False,,True,True,750.71,180,672362559,train
672362500,750.49,61,14:05:07,False,,True,True,750.71,180,672362559,train
672362501,750.47,61,14:05:08,False,,True,True,750.71,180,672362559,train
672362502,750.51,61,14:05:09,False,,True,True,750.71,180,672362559,train
672362503,750.47,61,14:05:10,False,,True,True,750.71,180,672362559,train
672362504,750.53,61,14:05:11,False,,True,True,750.7,180,672362559,train
672362505,750.46,61,14:05:12,False,,True,True,750.7,180,672362559,train
672362506,750.44,61,14:05:13,False,,True,True,750.7,180,672362559,train
672362507,750.46,61,14:05:14,False,,True,True,750.7,180,672362559,train
672362508,750.48,61,14:05:15,False,,True,True,750.7,180,672362559,train
672362509,750.37,61,14:05:16,False,,True,True,750.7,180,672362559,train
672362510,750.48,61,14:05:17,False,,True,True,750.7,180,672362559,train
672362511,750.46,61,14:05:17,False,,True,True,750.7,180,672362559,train
672362512,750.44,61,14:05:18,False,,True,True,750.7,180,672362559,train
672362513,750.46,61,14:05:19,False,,True,True,750.7,180,672362559,train
672362514,750.37,61,14:05:20,False,,True,True,750.69,180,672362559,train
672362515,750.44,61,14:05:21,False,,True,True,750.69,180,672362559,train
672362516,750.41,61,14:05:22,False,,True,True,750.69,180,672362559,train
672362517,750.39,61,14:05:23,False,,True,True,750.69,180,672362559,train
672362518,750.43,61,14:05:24,False,,True,True,750.69,180,672362559,train
672362519,750.41,61,14:05:25,False,,True,True,750.69,180,672362559,train
672362520,750.34,61,14:05:26,False,,True,True,750.69,180,672362559,train
672362521,750.36,61,14:05:27,False,,True,True,750.69,180,672362559,train
672362522,750.4,61,14:05:28,False,,True,True,750.69,180,672362559,train
672362523,750.34,61,14:05:29,False,,True,True,750.69,180,672362559,train
672362524,750.34,61,14:05:30,False,,True,True,750.68,180,672362559,train
672362525,750.33,61,14:05:31,False,,True,True,750.68,180,672362559,train
672362526,750.35,61,14:05:32,False,,True,True,750.68,180,672362559,train
672362527,750.36,61,14:05:33,False,,True,True,750.68,180,672362559,train
672362528,750.35,61,14:05:34,False,,True,True,750.68,180,672362559,train
672362529,750.29,61,14:05:35,False,,True,True,750.68,180,672362559,train
672362530,750.33,61,14:05:36,False,,True,True,750.68,180,672362559,train
672362531,750.28,61,14:05:37,False,,True,True,750.68,180,672362559,train
672362532,750.35,61,14:05:38,False,,True,True,750.67,180,672362559,train
672362533,750.28,61,14:05:39,False,,True,True,750.67,180,672362559,train
672362534,750.3,61,14:05:40,False,,True,True,750.67,180,672362559,train
672362535,750.26,61,14:05:41,False,,True,True,750.67,180,672362559,train
672365441,746.79,61,14:52:50,False,,True,False,747.19,181,672365510,train
672365442,746.81,61,14:52:51,False,,True,False,747.19,181,672365510,train
672365443,746.83,61,14:52:52,False,,True,False,747.19,181,672365510,train
672365444,746.84,61,14:52:53,False,,True,False,747.19,181,672365510,train
672365445,746.84,61,14:52:54,False,,True,False,747.19,181,672365510,train
672365446,746.81,61,14:52:55,False,,True,False,747.18,181,672365510,train
672365447,746.83,61,14:52:56,False,,True,False,747.18,181,672365510,train
672365448,746.81,61,14:52:57,False,,True,False,747.18,181,672365510,train
672365449,746.81,61,14:52:58,False,,True,False,747.18,181,672365510,train
672365450,746.79,61,14:52:59,False,,True,False,747.18,181,672365510,train
672365451,746.75,61,14:53:00,False,,True,False,747.18,181,672365510,train
672365452,746.81,61,14:53:01,False,,True,False,747.17,181,672365510,train
672365453,746.74,61,14:53:02,False,,True,False,747.17,181,672365510,train
672365454,746.81,61,14:53:02,False,,True,False,747.17,181,672365510,train
672365455,746.74,61,14:53:03,False,,True,False,747.17,181,672365510,train
672365456,746.75,61,14:53:04,False,,True,False,747.17,181,672365510,train
672365457,746.79,61,14:53:05,False,,True,False,747.17,181,672365510,train
672365458,746.79,61,14:53:06,False,,True,False,747.16,181,672365510,train
672365459,746.74,61,14:53:07,False,,True,False,747.16,181,672365510,train
672365460,746.72,61,14:53:08,False,,True,False,747.16,181,672365510,train
672365461,746.66,61,14:53:09,False,,True,False,747.16,181,672365510,train
672365462,746.75,61,14:53:10,False,,True,False,747.16,181,672365510,train
672365463,746.76,61,14:53:11,False,,True,False,747.15,181,672365510,train
672365464,746.72,61,14:53:12,False,,True,False,747.15,181,672365510,train
672365465,746.78,61,14:53:13,False,,True,False,747.15,181,672365510,train
672365466,746.75,61,14:53:14,False,,True,False,747.15,181,672365510,train
672365467,746.79,61,14:53:15,False,,True,False,747.15,181,672365510,train
672365468,746.76,61,14:53:16,False,,True,False,747.15,181,672365510,train
672365469,746.72,61,14:53:17,False,,True,False,747.14,181,672365510,train
672365470,746.77,61,14:53:18,False,,True,False,747.14,181,672365510,train
672365471,746.72,61,14:53:19,False,,True,False,747.14,181,672365510,train
672365472,746.85,61,14:53:20,False,,True,True,747.14,181,672365510,train
672365473,746.74,61,14:53:21,False,,True,True,747.14,181,672365510,train
672365474,746.79,61,14:53:22,False,,True,True,747.14,181,672365510,train
672365475,746.75,61,14:53:23,False,,True,True,747.13,181,672365510,train
672365476,746.76,61,14:53:24,False,,True,True,747.13,181,672365510,train
672365477,746.77,61,14:53:25,False,,True,True,747.13,181,672365510,train
672365478,746.79,61,14:53:26,False,,True,True,747.13,181,672365510,train
672365479,746.77,61,14:53:27,False,,True,True,747.13,181,672365510,train
672365480,746.74,61,14:53:28,False,,True,True,747.13,181,672365510,train
672365481,746.81,61,14:53:29,False,,True,True,747.12,181,672365510,train
672365482,746.76,61,14:53:30,False,,True,True,747.12,181,672365510,train
672365483,746.79,61,14:53:31,False,,True,True,747.12,181,672365510,train
672365484,746.78,61,14:53:32,False,,True,True,747.12,181,672365510,train
672365485,746.72,61,14:53:33,False,,True,True,747.12,181,672365510,train
672365486,746.77,61,14:53:34,False,,True,True,747.12,181,672365510,train
672365487,746.8,61,14:53:35,False,,True,True,747.11,181,672365510,train
672365488,746.7,61,14:53:36,False,,True,True,747.11,181,672365510,train
672365489,746.76,61,14:53:37,False,,True,True,747.11,181,672365510,train
672365490,746.72,61,14:53:38,False,,True,True,747.11,181,672365510,train
672365491,746.72,61,14:53:39,False,,True,True,747.11,181,672365510,train
672365492,746.72,61,14:53:39,False,,True,True,747.11,181,672365510,train
672365493,746.7,61,14:53:40,False,,True,True,747.1,181,672365510,train
672365494,746.7,61,14:53:41,False,,True,True,747.1,181,672365510,train
672365495,746.7,61,14:53:42,False,,True,True,747.1,181,672365510,train
672365496,746.61,61,14:53:43,False,,True,True,747.1,181,672365510,train
672365497,746.62,61,14:53:44,False,,True,True,747.1,181,672365510,train
672365498,746.61,61,14:53:45,False,,True,True,747.09,181,672365510,train
672365499,746.58,61,14:53:46,False,,True,True,747.09,181,672365510,train
672365500,746.56,61,14:53:47,False,,True,True,747.09,181,672365510,train
672365748,746.6,61,14:57:49,False,,True,False,746.78,182,672365820,train
672365749,746.63,61,14:57:50,False,,True,False,746.78,182,672365820,train
672365750,746.54,61,14:57:51,False,,True,False,746.78,182,672365820,train
672365751,746.56,61,14:57:52,False,,True,False,746.78,182,672365820,train
672365752,746.54,61,14:57:53,False,,True,False,746.78,182,672365820,train
672365753,746.56,61,14:57:54,False,,True,False,746.78,182,672365820,train
672365754,746.54,61,14:57:55,False,,True,False,746.78,182,672365820,train
672365755,746.58,61,14:57:56,False,,True,False,746.78,182,672365820,train
672365756,746.51,61,14:57:56,False,,True,False,746.78,182,672365820,train
672365757,746.54,61,14:57:57,False,,True,False,746.77,182,672365820,train
672365758,746.54,61,14:57:58,False,,True,False,746.77,182,672365820,train
672365759,746.51,61,14:57:59,False,,True,False,746.77,182,672365820,train
672365760,746.49,61,14:58:00,False,,True,False,746.77,182,672365820,train
672365761,746.57,61,14:58:01,False,,True,False,746.77,182,672365820,train
672365762,746.56,61,14:58:02,False,,True,False,746.77,182,672365820,train
672365763,746.53,61,14:58:03,False,,True,False,746.77,182,672365820,train
672365764,746.56,61,14:58:04,False,,True,False,746.77,182,672365820,train
672365765,746.56,61,14:58:05,False,,True,False,746.77,182,672365820,train
672365766,746.56,61,14:58:06,False,,True,False,746.77,182,672365820,train
672365767,746.53,61,14:58:07,False,,True,False,746.76,182,672365820,train
672365768,746.51,61,14:58:08,False,,True,False,746.76,182,672365820,train
672365769,746.47,61,14:58:09,False,,True,False,746.76,182,672365820,train
672365770,746.44,61,14:58:10,False,,True,True,746.76,182,672365820,train
672365771,746.49,61,14:58:11,False,,True,True,746.76,182,672365820,train
672365772,746.49,61,14:58:12,False,,True,True,746.76,182,672365820,train
672365773,746.47,61,14:58:13,False,,True,True,746.76,182,672365820,train
672365774,746.49,61,14:58:14,False,,True,True,746.76,182,672365820,train
672365775,746.47,61,14:58:15,False,,True,True,746.75,182,672365820,train
672365776,746.51,61,14:58:16,False,,True,True,746.75,182,672365820,train
672365777,746.51,61,14:58:17,False,,True,True,746.75,182,672365820,train
672365778,746.49,61,14:58:18,False,,True,True,746.75,182,672365820,train
672365779,746.44,61,14:58:19,False,,True,True,746.75,182,672365820,train
672365780,746.4,61,14:58:20,False,,True,True,746.75,182,672365820,train
672365781,746.44,61,14:58:21,False,,True,True,746.75,182,672365820,train
672365782,746.42,61,14:58:22,False,,True,True,746.75,182,672365820,train
672365783,746.46,61,14:58:23,False,,True,True,746.74,182,672365820,train
672365784,746.49,61,14:58:24,False,,True,True,746.74,182,672365820,train
672365785,746.53,61,14:58:25,False,,True,True,746.74,182,672365820,train
672365786,746.44,61,14:58:26,False,,True,True,746.74,182,672365820,train
672365787,746.42,61,14:58:27,False,,True,True,746.74,182,672365820,train
672365788,746.4,61,14:58:28,False,,True,True,746.74,182,672365820,train
672365789,746.45,61,14:58:29,False,,True,True,746.74,182,672365820,train
672365790,746.4,61,14:58:30,False,,True,True,746.74,182,672365820,train
672365791,746.4,61,14:58:31,False,,True,True,746.74,182,672365820,train
672365792,746.44,61,14:58:32,False,,True,True,746.73,182,672365820,train
672365793,746.4,61,14:58:32,False,,True,True,746.73,182,672365820,train
672365794,746.42,61,14:58:33,False,,True,True,746.73,182,672365820,train
672365795,746.42,61,14:58:34,False,,True,True,746.73,182,672365820,train
672365796,746.44,61,14:58:35,False,,True,True,746.73,182,672365820,train
672365797,746.35,61,14:58:36,False,,True,True,746.73,182,672365820,train
672365798,746.33,61,14:58:37,False,,True,True,746.73,182,672365820,train
672365799,746.35,61,14:58:38,False,,True,True,746.73,182,672365820,train
672365800,746.42,61,14:58:39,False,,True,True,746.72,182,672365820,train
672365801,746.42,61,14:58:40,False,,True,True,746.72,182,672365820,train
672365802,746.4,61,14:58:41,False,,True,True,746.72,182,672365820,train
672365803,746.38,61,14:58:42,False,,True,True,746.72,182,672365820,train
672365804,746.35,61,14:58:43,False,,True,True,746.72,182,672365820,train
672365805,746.26,61,14:58:44,False,,True,True,746.72,182,672365820,train
672365806,746.33,61,14:58:45,False,,True,True,746.72,182,672365820,train
672365807,746.28,61,14:58:46,False,,True,True,746.71,182,672365820,train
672445159,748.27,62,12:26:15,False,,True,False,748.18,183,672445220,train
672445160,748.24,62,12:26:16,False,,True,False,748.18,183,672445220,train
672445161,748.27,62,12:26:17,False,,True,False,748.18,183,672445220,train
672445162,748.27,62,12:26:18,False,,True,False,748.18,183,672445220,train
672445163,748.29,62,12:26:19,False,,True,False,748.18,183,672445220,train
672445164,748.26,62,12:26:20,False,,True,False,748.18,183,672445220,train
672445165,748.22,62,12:26:21,False,,True,False,748.18,183,672445220,train
672445166,748.17,62,12:26:22,False,,True,False,748.18,183,672445220,train
672445167,748.17,62,12:26:23,False,,True,False,748.18,183,672445220,train
672445168,748.19,62,12:26:24,False,,True,False,748.18,183,672445220,train
672445169,748.15,62,12:26:25,False,,True,False,748.18,183,672445220,train
672445170,748.19,62,12:26:26,False,,True,False,748.18,183,672445220,train
672445171,748.21,62,12:26:26,False,,True,False,748.18,183,672445220,train
672445172,748.23,62,12:26:27,False,,True,False,748.18,183,672445220,train
672445173,748.28,62,12:26:28,False,,True,False,748.18,183,672445220,train
672445174,748.23,62,12:26:29,False,,True,False,748.18,183,672445220,train
672445175,748.3,62,12:26:30,False,,True,False,748.18,183,672445220,train
672445176,748.25,62,12:26:31,False,,True,False,748.18,183,672445220,train
672445177,748.27,62,12:26:32,False,,True,False,748.19,183,672445220,train
672445178,748.32,62,12:26:33,False,,True,False,748.19,183,672445220,train
672445179,748.22,62,12:26:34,False,,True,False,748.19,183,672445220,train
672445180,748.25,62,12:26:35,False,,True,False,748.19,183,672445220,train
672445181,748.24,62,12:26:36,False,,True,False,748.19,183,672445220,train
672445182,748.2,62,12:26:37,False,,True,False,748.19,183,672445220,train
672445183,748.2,62,12:26:38,False,,True,False,748.19,183,672445220,train
672445184,748.19,62,12:26:39,False,,True,False,748.19,183,672445220,train
672445185,748.2,62,12:26:40,False,,True,False,748.19,183,672445220,train
672445186,748.26,62,12:26:41,False,,True,False,748.19,183,672445220,train
672445187,748.22,62,12:26:42,False,,True,False,748.19,183,672445220,train
672445188,748.22,62,12:26:43,False,,True,False,748.19,183,672445220,train
672445189,748.3,62,12:26:44,False,,True,False,748.19,183,672445220,train
672445190,748.24,62,12:26:45,False,,True,False,748.19,183,672445220,train
672445191,748.26,62,12:26:46,False,,True,False,748.19,183,672445220,train
672445192,748.25,62,12:26:47,False,,True,False,748.19,183,672445220,train
672445193,748.28,62,12:26:48,False,,True,False,748.19,183,672445220,train
672445194,748.3,62,12:26:49,False,,True,False,748.19,183,672445220,train
672445195,748.21,62,12:26:50,False,,True,False,748.19,183,672445220,train
672445196,748.25,62,12:26:51,False,,True,False,748.19,183,672445220,train
672445197,748.27,62,12:26:52,False,,True,False,748.19,183,672445220,train
672445198,748.32,62,12:26:53,False,,True,False,748.19,183,672445220,train
672445199,748.32,62,12:26:54,False,,True,False,748.19,183,672445220,train
672445200,748.25,62,12:26:55,False,,True,False,748.19,183,672445220,train
672445201,748.27,62,12:26:56,False,,True,False,748.19,183,672445220,train
672445202,748.16,62,12:26:57,False,,True,False,748.19,183,672445220,train
672445203,748.2,62,12:26:58,False,,True,False,748.19,183,672445220,train
672445204,748.2,62,12:26:59,False,,True,False,748.19,183,672445220,train
672445205,748.22,62,12:27:00,False,,True,False,748.19,183,672445220,train
672445206,748.24,62,12:27:01,False,,True,False,748.19,183,672445220,train
672445207,748.31,62,12:27:02,False,,True,False,748.19,183,672445220,train
672445208,748.26,62,12:27:03,False,,True,False,748.19,183,672445220,train
672445209,748.24,62,12:27:03,False,,True,False,748.19,183,672445220,train
672445210,748.31,62,12:27:04,False,,True,False,748.2,183,672445220,train
672445211,748.2,62,12:27:05,False,,True,False,748.2,183,672445220,train
672445212,748.24,62,12:27:06,False,,True,False,748.2,183,672445220,train
672445213,748.26,62,12:27:07,False,,True,False,748.2,183,672445220,train
672445214,748.21,62,12:27:08,False,,True,True,748.2,183,672445220,train
672445215,748.21,62,12:27:09,False,,True,True,748.2,183,672445220,train
672445216,748.14,62,12:27:10,False,,True,True,748.2,183,672445220,train
672445217,748.14,62,12:27:11,False,,True,True,748.2,183,672445220,train
672445218,747.89,62,12:27:12,False,,True,True,748.2,183,672445220,train
672445401,748.62,62,12:30:10,False,,True,False,748.33,184,672445462,train
672445402,748.61,62,12:30:11,False,,True,False,748.34,184,672445462,train
672445403,748.63,62,12:30:12,False,,True,False,748.34,184,672445462,train
672445404,748.61,62,12:30:13,False,,True,False,748.34,184,672445462,train
672445405,748.57,62,12:30:14,False,,True,False,748.34,184,672445462,train
672445406,748.64,62,12:30:15,False,,True,False,748.34,184,672445462,train
672445407,748.59,62,12:30:16,False,,True,False,748.34,184,672445462,train
672445408,748.63,62,12:30:17,False,,True,False,748.34,184,672445462,train
672445409,748.65,62,12:30:18,False,,True,False,748.34,184,672445462,train
672445410,748.61,62,12:30:19,False,,True,False,748.34,184,672445462,train
672445411,748.63,62,12:30:20,False,,True,False,748.34,184,672445462,train
672445412,748.61,62,12:30:21,False,,True,False,748.34,184,672445462,train
672445413,748.59,62,12:30:22,False,,True,False,748.35,184,672445462,train
672445414,748.62,62,12:30:23,False,,True,False,748.35,184,672445462,train
672445415,748.6,62,12:30:24,False,,True,False,748.35,184,672445462,train
672445416,748.62,62,12:30:25,False,,True,False,748.35,184,672445462,train
672445417,748.62,62,12:30:26,False,,True,False,748.35,184,672445462,train
672445418,748.6,62,12:30:27,False,,True,False,748.35,184,672445462,train
672445419,748.62,62,12:30:28,False,,True,False,748.35,184,672445462,train
672445420,748.64,62,12:30:29,False,,True,False,748.35,184,672445462,train
672445421,748.64,62,12:30:30,False,,True,False,748.35,184,672445462,train
672445422,748.58,62,12:30:31,False,,True,False,748.35,184,672445462,train
672445423,748.64,62,12:30:32,False,,True,False,748.35,184,672445462,train
672445424,748.66,62,12:30:33,False,,True,False,748.35,184,672445462,train
672445425,748.61,62,12:30:34,False,,True,False,748.36,184,672445462,train
672445426,748.61,62,12:30:35,False,,True,False,748.36,184,672445462,train
672445427,748.64,62,12:30:36,False,,True,False,748.36,184,672445462,train
672445428,748.66,62,12:30:37,False,,True,False,748.36,184,672445462,train
672445429,748.64,62,12:30:38,False,,True,False,748.36,184,672445462,train
672445430,748.68,62,12:30:39,False,,True,False,748.36,184,672445462,train
672445431,748.65,62,12:30:40,False,,True,False,748.36,184,672445462,train
672445432,748.65,62,12:30:41,False,,True,False,748.36,184,672445462,train
672445433,748.65,62,12:30:42,False,,True,False,748.36,184,672445462,train
672445434,748.65,62,12:30:43,False,,True,False,748.36,184,672445462,train
672445435,748.61,62,12:30:43,False,,True,False,748.36,184,672445462,train
672445436,748.59,62,12:30:44,False,,True,False,748.36,184,672445462,train
672445437,748.65,62,12:30:45,False,,True,False,748.36,184,672445462,train
672445438,748.6,62,12:30:46,False,,True,False,748.37,184,672445462,train
672445439,748.62,62,12:30:47,False,,True,False,748.37,184,672445462,train
672445440,748.58,62,12:30:48,False,,True,False,748.37,184,672445462,train
672445441,748.6,62,12:30:49,False,,True,False,748.37,184,672445462,train
672445442,748.64,62,12:30:50,False,,True,False,748.37,184,672445462,train
672445443,748.6,62,12:30:51,False,,True,False,748.37,184,672445462,train
672445444,748.62,62,12:30:52,False,,True,False,748.37,184,672445462,train
672445445,748.62,62,12:30:53,False,,True,False,748.37,184,672445462,train
672445446,748.6,62,12:30:54,False,,True,False,748.37,184,672445462,train
672445447,748.64,62,12:30:55,False,,True,False,748.37,184,672445462,train
672445448,748.59,62,12:30:56,False,,True,False,748.37,184,672445462,train
672445449,748.59,62,12:30:57,False,,True,False,748.37,184,672445462,train
672445450,748.51,62,12:30:58,False,,True,False,748.38,184,672445462,train
672445451,748.5,62,12:30:59,False,,True,False,748.38,184,672445462,train
672445452,748.46,62,12:31:00,False,,True,False,748.38,184,672445462,train
672445453,748.41,62,12:31:01,False,,True,False,748.38,184,672445462,train
672445454,748.39,62,12:31:02,False,,True,False,748.38,184,672445462,train
672445455,748.43,62,12:31:03,False,,True,False,748.38,184,672445462,train
672445456,748.36,62,12:31:04,False,,True,True,748.38,184,672445462,train
672445457,748.4,62,12:31:05,False,,True,True,748.38,184,672445462,train
672445458,748.43,62,12:31:06,False,,True,True,748.38,184,672445462,train
672445459,748.34,62,12:31:07,False,,True,True,748.38,184,672445462,train
672445460,748.24,62,12:31:08,False,,True,True,748.38,184,672445462,train
672446265,749.07,62,12:44:11,False,,True,False,748.79,185,672446338,train
672446266,749.05,62,12:44:12,False,,True,False,748.8,185,672446338,train
672446267,749.05,62,12:44:13,False,,True,False,748.8,185,672446338,train
672446268,749.05,62,12:44:14,False,,True,False,748.8,185,672446338,train
672446269,748.98,62,12:44:15,False,,True,False,748.8,185,672446338,train
672446270,749.03,62,12:44:16,False,,True,False,748.8,185,672446338,train
672446271,749.05,62,12:44:17,False,,True,False,748.8,185,672446338,train
672446272,749.0,62,12:44:18,False,,True,False,748.8,185,672446338,train
672446273,748.98,62,12:44:19,False,,True,False,748.8,185,672446338,train
672446274,749.0,62,12:44:20,False,,True,False,748.8,185,672446338,train
672446275,749.04,62,12:44:21,False,,True,False,748.8,185,672446338,train
672446276,749.0,62,12:44:22,False,,True,False,748.8,185,672446338,train
672446277,749.04,62,12:44:23,False,,True,False,748.81,185,672446338,train
672446278,749.0,62,12:44:24,False,,True,False,748.81,185,672446338,train
672446279,749.04,62,12:44:25,False,,True,False,748.81,185,672446338,train
672446280,749.02,62,12:44:26,False,,True,False,748.81,185,672446338,train
672446281,749.04,62,12:44:27,False,,True,False,748.81,185,672446338,train
672446282,749.06,62,12:44:28,False,,True,False,748.81,185,672446338,train
672446283,749.04,62,12:44:29,False,,True,False,748.81,185,672446338,train
672446284,749.04,62,12:44:30,False,,True,False,748.81,185,672446338,train
672446285,749.02,62,12:44:31,False,,True,False,748.81,185,672446338,train
672446286,749.06,62,12:44:32,False,,True,True,748.81,185,672446338,train
672446287,749.06,62,12:44:33,False,,True,True,748.82,185,672446338,train
672446288,749.08,62,12:44:34,False,,True,True,748.82,185,672446338,train
672446289,749.01,62,12:44:35,False,,True,True,748.82,185,672446338,train
672446290,748.99,62,12:44:36,False,,True,True,748.82,185,672446338,train
672446291,749.01,62,12:44:37,False,,True,True,748.82,185,672446338,train
672446292,749.01,62,12:44:38,False,,True,True,748.82,185,672446338,train
672446293,749.08,62,12:44:39,False,,True,True,748.82,185,672446338,train
672446294,749.03,62,12:44:40,False,,True,True,748.82,185,672446338,train
672446295,748.97,62,12:44:41,False,,True,True,748.82,185,672446338,train
672446296,749.05,62,12:44:42,False,,True,True,748.82,185,672446338,train
672446297,749.05,62,12:44:43,False,,True,True,748.83,185,672446338,train
672446298,749.03,62,12:44:44,False,,True,True,748.83,185,672446338,train
672446299,749.03,62,12:44:45,False,,True,True,748.83,185,672446338,train
672446300,749.03,62,12:44:46,False,,True,True,748.83,185,672446338,train
672446301,749.03,62,12:44:47,False,,True,True,748.83,185,672446338,train
672446302,749.05,62,12:44:48,False,,True,True,748.83,185,672446338,train
672446303,749.03,62,12:44:48,False,,True,True,748.83,185,672446338,train
672446304,749.02,62,12:44:49,False,,True,True,748.83,185,672446338,train
672446305,749.0,62,12:44:50,False,,True,True,748.83,185,672446338,train
672446306,748.94,62,12:44:51,False,,True,True,748.83,185,672446338,train
672446307,748.93,62,12:44:52,False,,True,True,748.83,185,672446338,train
672446308,748.96,62,12:44:53,False,,True,True,748.83,185,672446338,train
672446309,748.95,62,12:44:54,False,,True,True,748.83,185,672446338,train
672446310,748.95,62,12:44:55,False,,True,True,748.84,185,672446338,train
672446311,749.0,62,12:44:56,False,,True,True,748.84,185,672446338,train
672446312,749.0,62,12:44:57,False,,True,True,748.84,185,672446338,train
672446313,748.95,62,12:44:58,False,,True,True,748.84,185,672446338,train
672446314,748.95,62,12:44:59,False,,True,True,748.84,185,672446338,train
672446315,748.92,62,12:45:00,False,,True,True,748.84,185,672446338,train
672446316,748.97,62,12:45:01,False,,True,True,748.84,185,672446338,train
672446317,748.88,62,12:45:02,False,,True,True,748.84,185,672446338,train
672446318,748.81,62,12:45:03,False,,True,True,748.84,185,672446338,train
672446319,748.77,62,12:45:04,False,,True,True,748.84,185,672446338,train
672446320,748.81,62,12:45:05,False,,True,True,748.84,185,672446338,train
672446321,748.76,62,12:45:06,False,,True,True,748.84,185,672446338,train
672446322,748.69,62,12:45:07,False,,True,True,748.84,185,672446338,train
672446323,748.69,62,12:45:08,False,,True,True,748.84,185,672446338,train
672446324,748.62,62,12:45:09,False,,True,True,748.84,185,672446338,train
672528634,746.19,63,11:00:37,False,,True,True,746.32,186,672528720,train
672528635,746.23,63,11:00:38,False,,True,True,746.32,186,672528720,train
672528636,746.16,63,11:00:39,False,,True,True,746.32,186,672528720,train
672528637,746.18,63,11:00:40,False,,True,True,746.32,186,672528720,train
672528638,746.27,63,11:00:41,False,,True,True,746.32,186,672528720,train
672528639,746.24,63,11:00:42,False,,True,True,746.32,186,672528720,train
672528640,746.2,63,11:00:43,False,,True,True,746.32,186,672528720,train
672528641,746.22,63,11:00:44,False,,True,True,746.31,186,672528720,train
672528642,746.22,63,11:00:45,False,,True,True,746.31,186,672528720,train
672528643,746.28,63,11:00:46,False,,True,True,746.31,186,672528720,train
672528644,746.27,63,11:00:47,False,,True,True,746.31,186,672528720,train
672528645,746.28,63,11:00:48,False,,True,True,746.31,186,672528720,train
672528646,746.21,63,11:00:49,False,,True,True,746.31,186,672528720,train
672528647,746.25,63,11:00:50,False,,True,True,746.31,186,672528720,train
672528648,746.36,63,11:00:51,False,,True,True,746.31,186,672528720,train
672528649,746.31,63,11:00:52,False,,True,True,746.31,186,672528720,train
672528650,746.22,63,11:00:53,False,,True,True,746.31,186,672528720,train
672528651,746.24,63,11:00:54,False,,True,True,746.31,186,672528720,train
672528652,746.26,63,11:00:55,False,,True,True,746.31,186,672528720,train
672528653,746.28,63,11:00:56,False,,True,True,746.31,186,672528720,train
672528654,746.35,63,11:00:57,False,,True,True,746.31,186,672528720,train
672528655,746.3,63,11:00:58,False,,True,True,746.31,186,672528720,train
672528656,746.26,63,11:00:59,False,,True,True,746.31,186,672528720,train
672528657,746.3,63,11:01:00,False,,True,True,746.31,186,672528720,train
672528658,746.27,63,11:01:01,False,,True,True,746.3,186,672528720,train
672528659,746.27,63,11:01:02,False,,True,True,746.3,186,672528720,train
672528660,746.18,63,11:01:02,False,,True,True,746.3,186,672528720,train
672528661,746.27,63,11:01:03,False,,True,True,746.3,186,672528720,train
672528662,746.24,63,11:01:04,False,,True,True,746.3,186,672528720,train
672528663,746.28,63,11:01:05,False,,True,True,746.3,186,672528720,train
672528664,746.26,63,11:01:06,False,,True,True,746.3,186,672528720,train
672528665,746.19,63,11:01:07,False,,True,True,746.3,186,672528720,train
672528666,746.23,63,11:01:08,False,,True,True,746.3,186,672528720,train
672528667,746.18,63,11:01:09,False,,True,True,746.3,186,672528720,train
672528668,746.18,63,11:01:10,False,,True,True,746.3,186,672528720,train
672528669,746.14,63,11:01:11,False,,True,True,746.3,186,672528720,train
672528670,746.22,63,11:01:12,False,,True,True,746.3,186,672528720,train
672528671,746.18,63,11:01:13,False,,True,True,746.29,186,672528720,train
672528672,746.15,63,11:01:14,False,,True,True,746.29,186,672528720,train
672528673,746.17,63,11:01:15,False,,True,True,746.29,186,672528720,train
672528674,746.17,63,11:01:16,False,,True,True,746.29,186,672528720,train
672528675,746.24,63,11:01:17,False,,True,True,746.29,186,672528720,train
672528676,746.13,63,11:01:18,False,,True,True,746.29,186,672528720,train
672528677,746.19,63,11:01:19,False,,True,True,746.29,186,672528720,train
672528678,746.25,63,11:01:20,False,,True,True,746.29,186,672528720,train
672528679,746.16,63,11:01:21,False,,True,True,746.29,186,672528720,train
672528680,746.11,63,11:01:22,False,,True,True,746.29,186,672528720,train
672528681,746.13,63,11:01:23,False,,True,True,746.29,186,672528720,train
672528682,746.22,63,11:01:24,False,,True,True,746.29,186,672528720,train
672528683,746.2,63,11:01:25,False,,True,True,746.29,186,672528720,train
672528684,746.15,63,11:01:26,False,,True,True,746.28,186,672528720,train
672528685,746.15,63,11:01:27,False,,True,True,746.28,186,672528720,train
672528686,746.22,63,11:01:28,False,,True,True,746.28,186,672528720,train
672528687,746.17,63,11:01:29,False,,True,True,746.28,186,672528720,train
672528688,746.14,63,11:01:30,False,,True,True,746.28,186,672528720,train
672528689,746.16,63,11:01:31,False,,True,True,746.28,186,672528720,train
672528690,746.12,63,11:01:32,False,,True,True,746.28,186,672528720,train
672528691,746.13,63,11:01:33,False,,True,True,746.28,186,672528720,train
672528692,746.11,63,11:01:34,False,,True,True,746.28,186,672528720,train
672528693,746.07,63,11:01:35,False,,True,True,746.28,186,672528720,train
672531755,747.23,63,11:51:15,False,,True,True,747.0,187,672531916,train
672531756,747.12,63,11:51:16,False,,True,True,747.0,187,672531916,train
672531757,747.14,63,11:51:17,False,,True,True,747.0,187,672531916,train
672531758,747.18,63,11:51:18,False,,True,True,747.0,187,672531916,train
672531759,747.21,63,11:51:19,False,,True,True,747.0,187,672531916,train
672531760,747.2,63,11:51:20,False,,True,True,747.0,187,672531916,train
672531761,747.24,63,11:51:21,False,,True,True,747.0,187,672531916,train
672531762,747.18,63,11:51:22,False,,True,True,747.0,187,672531916,train
672531763,747.18,63,11:51:23,False,,True,True,747.0,187,672531916,train
672531764,747.22,63,11:51:24,False,,True,True,747.0,187,672531916,train
672531765,747.24,63,11:51:25,False,,True,True,747.0,187,672531916,train
672531766,747.24,63,11:51:26,False,,True,True,747.0,187,672531916,train
672531767,747.27,63,11:51:27,False,,True,True,747.01,187,672531916,train
672531768,747.15,63,11:51:28,False,,True,True,747.01,187,672531916,train
672531769,747.2,63,11:51:29,False,,True,True,747.01,187,672531916,train
672531770,747.17,63,11:51:30,False,,True,True,747.01,187,672531916,train
672531771,747.15,63,11:51:31,False,,True,True,747.01,187,672531916,train
672531772,747.2,63,11:51:32,False,,True,True,747.01,187,672531916,train
672531773,747.17,63,11:51:33,False,,True,True,747.01,187,672531916,train
672531774,747.17,63,11:51:34,False,,True,True,747.01,187,672531916,train
672531775,747.15,63,11:51:35,False,,True,True,747.01,187,672531916,train
672531776,747.15,63,11:51:36,False,,True,True,747.01,187,672531916,train
672531777,747.14,63,11:51:37,False,,True,True,747.01,187,672531916,train
672531778,747.14,63,11:51:38,False,,True,True,747.01,187,672531916,train
672531779,747.12,63,11:51:39,False,,True,True,747.01,187,672531916,train
672531780,747.12,63,11:51:40,False,,True,True,747.01,187,672531916,train
672531781,747.17,63,11:51:41,False,,True,True,747.01,187,672531916,train
672531782,747.14,63,11:51:42,False,,True,True,747.01,187,672531916,train
672531783,747.12,63,11:51:43,False,,True,True,747.01,187,672531916,train
672531784,747.14,63,11:51:44,False,,True,True,747.01,187,672531916,train
672531785,747.14,63,11:51:45,False,,True,True,747.01,187,672531916,train
672531786,747.07,63,11:51:46,False,,True,True,747.01,187,672531916,train
672531787,747.16,63,11:51:47,False,,True,True,747.01,187,672531916,train
672531788,747.17,63,11:51:48,False,,True,True,747.01,187,672531916,train
672531789,747.12,63,11:51:49,False,,True,True,747.01,187,672531916,train
672531790,747.18,63,11:51:50,False,,True,True,747.01,187,672531916,train
672531791,747.14,63,11:51:50,False,,True,True,747.02,187,672531916,train
672531792,747.09,63,11:51:51,False,,True,True,747.02,187,672531916,train
672531793,747.07,63,11:51:52,False,,True,True,747.02,187,672531916,train
672531794,747.09,63,11:51:53,False,,True,True,747.02,187,672531916,train
672531795,747.09,63,11:51:54,False,,True,True,747.02,187,672531916,train
672531796,747.06,63,11:51:55,False,,True,True,747.02,187,672531916,train
672531797,747.04,63,11:51:56,False,,True,True,747.02,187,672531916,train
672531798,747.07,63,11:51:57,False,,True,True,747.02,187,672531916,train
672531799,747.04,63,11:51:58,False,,True,True,747.02,187,672531916,train
672531800,747.04,63,11:51:59,False,,True,True,747.02,187,672531916,train
672531801,747.04,63,11:52:00,False,,True,True,747.02,187,672531916,train
672531802,746.95,63,11:52:01,False,,True,True,747.02,187,672531916,train
672531803,747.04,63,11:52:02,False,,True,True,747.02,187,672531916,train
672531804,746.99,63,11:52:03,False,,True,True,747.02,187,672531916,train
672531805,746.97,63,11:52:04,False,,True,True,747.02,187,672531916,train
672531806,746.99,63,11:52:05,False,,True,True,747.02,187,672531916,train
672531807,747.01,63,11:52:06,False,,True,True,747.02,187,672531916,train
672531808,747.01,63,11:52:07,False,,True,True,747.02,187,672531916,train
672531809,747.03,63,11:52:08,False,,True,True,747.02,187,672531916,train
672531810,747.01,63,11:52:09,False,,True,True,747.02,187,672531916,train
672531811,747.01,63,11:52:10,False,,True,True,747.02,187,672531916,train
672531812,747.01,63,11:52:11,False,,True,True,747.02,187,672531916,train
672531813,747.01,63,11:52:12,False,,True,True,747.02,187,672531916,train
672531814,746.98,63,11:52:13,False,,True,True,747.02,187,672531916,train
