SCLK,PRESSURE,sol,time,gt_fwhm,gt_vortex_ind,gt_detection_win,gt_4xfwhm,PRESSURE_MA_500,window_id,event_sclk,split,label
668288052,723.17,15,16:17:19,False,,False,True,723.22,0,668288145,train,1
668288053,723.17,15,16:17:20,False,,False,True,723.22,0,668288145,train,1
668288054,723.08,15,16:17:21,False,,False,True,723.22,0,668288145,train,1
668288055,723.1,15,16:17:22,False,,True,True,723.22,0,668288145,train,1
668288059,722.9,15,16:17:26,False,,True,True,722.9,0,668288145,train,1
668288060,723.15,15,16:17:27,False,,True,True,723.02,0,668288145,train,1
668288061,722.93,15,16:17:28,False,,True,True,722.99,0,668288145,train,1
668288062,723.09,15,16:17:29,False,,True,True,723.02,0,668288145,train,1
668288063,723.17,15,16:17:30,False,,True,True,723.05,0,668288145,train,1
668288064,723.02,15,16:17:31,False,,True,True,723.04,0,668288145,train,1
668288065,722.95,15,16:17:32,False,,True,True,723.03,0,668288145,train,1
668288066,722.8,15,16:17:33,False,,True,True,723.0,0,668288145,train,1
668288067,723.19,15,16:17:34,False,,True,True,723.02,0,668288145,train,1
668288068,723.11,15,16:17:35,False,,True,True,723.03,0,668288145,train,1
668288069,722.65,15,16:17:36,False,,True,True,723.0,0,668288145,train,1
668288070,723.11,15,16:17:37,False,,True,True,723.01,0,668288145,train,1
668288071,722.88,15,16:17:38,False,,True,True,723.0,0,668288145,train,1
668288072,722.96,15,16:17:39,False,,True,True,722.99,0,668288145,train,1
668288073,722.89,15,16:17:40,False,,True,True,722.99,0,668288145,train,1
668288074,722.96,15,16:17:41,False,,True,True,722.98,0,668288145,train,1
668288075,722.81,15,16:17:42,False,,True,True,722.97,0,668288145,train,1
668288076,722.89,15,16:17:43,False,,True,True,722.97,0,668288145,train,1
668288077,722.89,15,16:17:44,False,,True,True,722.97,0,668288145,train,1
668288078,722.82,15,16:17:45,False,,True,True,722.96,0,668288145,train,1
668288079,722.97,15,16:17:46,False,,True,True,722.96,0,668288145,train,1
668288080,722.89,15,16:17:47,False,,True,True,722.96,0,668288145,train,1
668288081,722.89,15,16:17:48,False,,True,True,722.95,0,668288145,train,1
668288082,722.9,15,16:17:49,False,,True,True,722.95,0,668288145,train,1
668288083,722.81,15,16:17:50,False,,True,True,722.95,0,668288145,train,1
668288084,723.13,15,16:17:51,False,,True,True,722.95,0,668288145,train,1
668288085,722.97,15,16:17:52,False,,True,True,722.95,0,668288145,train,1
668288086,722.97,15,16:17:53,False,,True,True,722.95,0,668288145,train,1
668288087,722.97,15,16:17:54,False,,True,True,722.95,0,668288145,train,1
668288088,723.05,15,16:17:54,False,,True,True,722.96,0,668288145,train,1
668288089,722.82,15,16:17:55,False,,True,True,722.95,0,668288145,train,1
668288090,722.98,15,16:17:56,False,,True,True,722.95,0,668288145,train,1
668288091,722.98,15,16:17:57,False,,True,True,722.95,0,668288145,train,1
668288092,722.82,15,16:17:58,False,,True,True,722.95,0,668288145,train,1
668288093,722.9,15,16:17:59,False,,True,True,722.95,0,668288145,train,1
668288094,722.67,15,16:18:00,False,,True,True,722.94,0,668288145,train,1
668288095,722.9,15,16:18:01,False,,True,True,722.94,0,668288145,train,1
668288096,722.91,15,16:18:02,False,,True,True,722.94,0,668288145,train,1
668288097,722.83,15,16:18:03,False,,True,True,722.94,0,668288145,train,1
668288098,722.98,15,16:18:04,False,,True,True,722.94,0,668288145,train,1
668288099,722.91,15,16:18:05,False,,True,True,722.94,0,668288145,train,1
668288100,722.98,15,16:18:06,False,,True,True,722.94,0,668288145,train,1
668288101,722.67,15,16:18:07,False,,True,True,722.93,0,668288145,train,1
668288102,722.6,15,16:18:08,False,,True,True,722.92,0,668288145,train,1
668288103,722.98,15,16:18:09,False,,True,True,722.93,0,668288145,train,1
668288104,722.75,15,16:18:10,False,,True,True,722.92,0,668288145,train,1
668288105,722.83,15,16:18:11,False,,True,True,722.92,0,668288145,train,1
668288106,722.83,15,16:18:12,False,,True,True,722.92,0,668288145,train,1
668288107,722.83,15,16:18:13,False,,True,True,722.92,0,668288145,train,1
668288108,722.68,15,16:18:14,False,,True,True,722.91,0,668288145,train,1
668288109,722.98,15,16:18:15,False,,True,True,722.91,0,668288145,train,1
668288110,722.52,15,16:18:16,False,,True,True,722.91,0,668288145,train,1
668288111,722.91,15,16:18:17,False,,True,True,722.91,0,668288145,train,1
668288112,722.68,15,16:18:18,False,,True,True,722.9,0,668288145,train,1
668288113,722.84,15,16:18:19,False,,True,True,722.9,0,668288145,train,1
668288114,722.68,15,16:18:20,False,,True,True,722.9,0,668288145,train,1
668288290,722.6,15,16:21:11,False,,True,False,722.77,1,668288356,train,1
668288291,722.91,15,16:21:12,False,,True,False,722.77,1,668288356,train,1
668288292,722.83,15,16:21:13,False,,True,False,722.77,1,668288356,train,1
668288293,722.76,15,16:21:14,False,,True,False,722.77,1,668288356,train,1
668288294,722.84,15,16:21:15,False,,True,False,722.77,1,668288356,train,1
668288295,722.91,15,16:21:16,False,,True,False,722.77,1,668288356,train,1
668288296,722.83,15,16:21:17,False,,True,False,722.77,1,668288356,train,1
668288297,722.83,15,16:21:18,False,,True,False,722.77,1,668288356,train,1
668288298,722.91,15,16:21:19,False,,True,False,722.77,1,668288356,train,1
668288299,722.83,15,16:21:20,False,,True,False,722.77,1,668288356,train,1
668288300,722.92,15,16:21:21,False,,True,False,722.77,1,668288356,train,1
668288301,722.99,15,16:21:22,False,,True,False,722.77,1,668288356,train,1
668288302,722.68,15,16:21:23,False,,True,False,722.77,1,668288356,train,1
668288303,722.76,15,16:21:24,False,,True,False,722.77,1,668288356,train,1
668288304,722.91,15,16:21:25,False,,True,False,722.77,1,668288356,train,1
668288305,722.92,15,16:21:26,False,,True,False,722.77,1,668288356,train,1
668288306,722.84,15,16:21:27,False,,True,False,722.77,1,668288356,train,1
668288307,722.76,15,16:21:28,False,,True,False,722.77,1,668288356,train,1
668288308,722.76,15,16:21:29,False,,True,False,722.77,1,668288356,train,1
668288309,722.84,15,16:21:30,False,,True,False,722.77,1,668288356,train,1
668288310,722.76,15,16:21:31,False,,True,False,722.77,1,668288356,train,1
668288311,722.99,15,16:21:32,False,,True,False,722.77,1,668288356,train,1
668288312,722.77,15,16:21:33,False,,True,False,722.77,1,668288356,train,1
668288313,722.85,15,16:21:34,False,,True,False,722.77,1,668288356,train,1
668288314,722.84,15,16:21:34,False,,True,False,722.77,1,668288356,train,1
668288315,722.84,15,16:21:35,False,,True,False,722.77,1,668288356,train,1
668288316,722.85,15,16:21:36,False,,True,False,722.77,1,668288356,train,1
668288317,722.85,15,16:21:37,False,,True,False,722.77,1,668288356,train,1
668288318,723.0,15,16:21:38,False,,True,False,722.77,1,668288356,train,1
668288319,722.77,15,16:21:39,False,,True,False,722.77,1,668288356,train,1
668288320,722.77,15,16:21:40,False,,True,False,722.77,1,668288356,train,1
668288321,722.84,15,16:21:41,False,,True,False,722.77,1,668288356,train,1
668288322,722.77,15,16:21:42,False,,True,False,722.77,1,668288356,train,1
668288323,722.76,15,16:21:43,False,,True,False,722.77,1,668288356,train,1
668288324,722.77,15,16:21:44,False,,True,False,722.77,1,668288356,train,1
668288325,722.69,15,16:21:45,False,,True,False,722.77,1,668288356,train,1
668288326,722.69,15,16:21:46,False,,True,False,722.77,1,668288356,train,1
668288327,722.77,15,16:21:47,False,,True,False,722.77,1,668288356,train,1
668288328,722.69,15,16:21:48,False,,True,False,722.77,1,668288356,train,1
668288329,722.78,15,16:21:49,False,,True,False,722.77,1,668288356,train,1
668288330,722.7,15,16:21:50,False,,True,False,722.77,1,668288356,train,1
668288331,722.77,15,16:21:51,False,,True,False,722.77,1,668288356,train,1
668288332,722.77,15,16:21:52,False,,True,True,722.77,1,668288356,train,1
668288333,722.78,15,16:21:53,False,,True,True,722.77,1,668288356,train,1
668288334,722.62,15,16:21:54,False,,True,True,722.77,1,668288356,train,1
668288335,722.85,15,16:21:55,False,,True,True,722.77,1,668288356,train,1
668288336,722.78,15,16:21:56,False,,True,True,722.77,1,668288356,train,1
668288337,722.7,15,16:21:57,False,,True,True,722.77,1,668288356,train,1
668288338,722.55,15,16:21:58,False,,True,True,722.77,1,668288356,train,1
668288339,722.7,15,16:21:59,False,,True,True,722.77,1,668288356,train,1
668288340,722.54,15,16:22:00,False,,True,True,722.77,1,668288356,train,1
668288341,722.62,15,16:22:01,False,,True,True,722.77,1,668288356,train,1
668288342,722.55,15,16:22:02,False,,True,True,722.77,1,668288356,train,1
668288343,722.62,15,16:22:03,False,,True,True,722.77,1,668288356,train,1
668288344,722.55,15,16:22:04,False,,True,True,722.77,1,668288356,train,1
668288345,722.47,15,16:22:05,False,,True,True,722.77,1,668288356,train,1
668288346,722.23,15,16:22:06,False,,True,True,722.77,1,668288356,train,1
668288347,722.31,15,16:22:07,False,,True,True,722.76,1,668288356,train,1
668288348,722.31,15,16:22:08,False,,True,True,722.76,1,668288356,train,1
668288349,722.16,15,16:22:09,False,,True,True,722.76,1,668288356,train,1
668309440,731.17,15,22:04:20,False,,False,False,731.22,2,-1,,0
668309441,731.21,15,22:04:21,False,,False,False,731.22,2,-1,,0
668309442,731.23,15,22:04:22,False,,False,False,731.22,2,-1,,0
668309443,731.19,15,22:04:23,False,,False,False,731.22,2,-1,,0
668309444,731.25,15,22:04:24,False,,False,False,731.22,2,-1,,0
668309445,731.25,15,22:04:25,False,,False,False,731.22,2,-1,,0
668309446,731.25,15,22:04:26,False,,False,False,731.22,2,-1,,0
668309447,731.21,15,22:04:27,False,,False,False,731.22,2,-1,,0
668309448,731.21,15,22:04:28,False,,False,False,731.22,2,-1,,0
668309449,731.16,15,22:04:29,False,,False,False,731.22,2,-1,,0
668309450,731.21,15,22:04:30,False,,False,False,731.22,2,-1,,0
668309451,731.25,15,22:04:31,False,,False,False,731.22,2,-1,,0
668309452,731.18,15,22:04:32,False,,False,False,731.22,2,-1,,0
668309453,731.23,15,22:04:33,False,,False,False,731.22,2,-1,,0
668309454,731.2,15,22:04:34,False,,False,False,731.22,2,-1,,0
668309455,731.18,15,22:04:35,False,,False,False,731.22,2,-1,,0
668309456,731.2,15,22:04:36,False,,False,False,731.22,2,-1,,0
668309457,731.25,15,22:04:37,False,,False,False,731.22,2,-1,,0
668309458,731.22,15,22:04:38,False,,False,False,731.22,2,-1,,0
668309459,731.2,15,22:04:39,False,,False,False,731.22,2,-1,,0
668309460,731.27,15,22:04:40,False,,False,False,731.22,2,-1,,0
668309461,731.22,15,22:04:41,False,,False,False,731.22,2,-1,,0
668309462,731.16,15,22:04:42,False,,False,False,731.22,2,-1,,0
668309463,731.2,15,22:04:43,False,,False,False,731.22,2,-1,,0
668309464,731.22,15,22:04:44,False,,False,False,731.22,2,-1,,0
668309465,731.24,15,22:04:45,False,,False,False,731.22,2,-1,,0
668309466,731.18,15,22:04:46,False,,False,False,731.22,2,-1,,0
668309467,731.2,15,22:04:47,False,,False,False,731.22,2,-1,,0
668309468,731.2,15,22:04:48,False,,False,False,731.22,2,-1,,0
668309469,731.24,15,22:04:49,False,,False,False,731.22,2,-1,,0
668309470,731.22,15,22:04:50,False,,False,False,731.22,2,-1,,0
668309471,731.18,15,22:04:51,False,,False,False,731.21,2,-1,,0
668309472,731.22,15,22:04:52,False,,False,False,731.21,2,-1,,0
668309473,731.22,15,22:04:53,False,,False,False,731.21,2,-1,,0
668309474,731.26,15,22:04:54,False,,False,False,731.21,2,-1,,0
668309475,731.2,15,22:04:55,False,,False,False,731.21,2,-1,,0
668309476,731.22,15,22:04:55,False,,False,False,731.21,2,-1,,0
668309477,731.24,15,22:04:56,False,,False,False,731.21,2,-1,,0
668309478,731.22,15,22:04:57,False,,False,False,731.21,2,-1,,0
668309479,731.22,15,22:04:58,False,,False,False,731.21,2,-1,,0
668309480,731.26,15,22:04:59,False,,False,False,731.21,2,-1,,0
668309481,731.19,15,22:05:00,False,,False,False,731.21,2,-1,,0
668309482,731.22,15,22:05:01,False,,False,False,731.21,2,-1,,0
668309483,731.26,15,22:05:02,False,,False,False,731.21,2,-1,,0
668309484,731.22,15,22:05:03,False,,False,False,731.21,2,-1,,0
668309485,731.26,15,22:05:04,False,,False,False,731.21,2,-1,,0
668309486,731.22,15,22:05:05,False,,False,False,731.21,2,-1,,0
668309487,731.19,15,22:05:06,False,,False,False,731.21,2,-1,,0
668309488,731.19,15,22:05:07,False,,False,False,731.21,2,-1,,0
668309489,731.19,15,22:05:08,False,,False,False,731.21,2,-1,,0
668309490,731.24,15,22:05:09,False,,False,False,731.21,2,-1,,0
668309491,731.17,15,22:05:10,False,,False,False,731.21,2,-1,,0
668309492,731.26,15,22:05:11,False,,False,False,731.21,2,-1,,0
668309493,731.17,15,22:05:12,False,,False,False,731.21,2,-1,,0
668309494,731.26,15,22:05:13,False,,False,False,731.21,2,-1,,0
668309495,731.19,15,22:05:14,False,,False,False,731.21,2,-1,,0
668309496,731.21,15,22:05:15,False,,False,False,731.21,2,-1,,0
668309497,731.26,15,22:05:16,False,,False,False,731.21,2,-1,,0
668309498,731.17,15,22:05:17,False,,False,False,731.21,2,-1,,0
668309499,731.21,15,22:05:18,False,,False,False,731.21,2,-1,,0
668328712,740.07,16,3:17:02,False,,False,False,740.02,3,-1,,0
668328713,740.09,16,3:17:03,False,,False,False,740.02,3,-1,,0
668328714,740.09,16,3:17:04,False,,False,False,740.02,3,-1,,0
668328715,740.09,16,3:17:04,False,,False,False,740.02,3,-1,,0
668328716,740.04,16,3:17:05,False,,False,False,740.02,3,-1,,0
668328717,740.02,16,3:17:06,False,,False,False,740.02,3,-1,,0
668328718,740.04,16,3:17:07,False,,False,False,740.02,3,-1,,0
668328719,740.08,16,3:17:08,False,,False,False,740.02,3,-1,,0
668328720,740.09,16,3:17:09,False,,False,False,740.02,3,-1,,0
668328721,740.11,16,3:17:10,False,,False,False,740.02,3,-1,,0
668328722,740.04,16,3:17:11,False,,False,False,740.02,3,-1,,0
668328723,740.06,16,3:17:12,False,,False,False,740.02,3,-1,,0
668328724,740.04,16,3:17:13,False,,False,False,740.02,3,-1,,0
668328725,740.02,16,3:17:14,False,,False,False,740.02,3,-1,,0
668328726,740.04,16,3:17:15,False,,False,False,740.02,3,-1,,0
668328727,740.06,16,3:17:16,False,,False,False,740.02,3,-1,,0
668328728,740.06,16,3:17:17,False,,False,False,740.02,3,-1,,0
668328729,740.04,16,3:17:18,False,,False,False,740.02,3,-1,,0
668328730,740.04,16,3:17:19,False,,False,False,740.02,3,-1,,0
668328731,740.04,16,3:17:20,False,,False,False,740.02,3,-1,,0
668328732,740.08,16,3:17:21,False,,False,False,740.02,3,-1,,0
668328733,740.0,16,3:17:22,False,,False,False,740.02,3,-1,,0
668328734,740.04,16,3:17:23,False,,False,False,740.02,3,-1,,0
668328735,740.02,16,3:17:24,False,,False,False,740.02,3,-1,,0
668328736,740.06,16,3:17:25,False,,False,False,740.02,3,-1,,0
668328737,740.06,16,3:17:26,False,,False,False,740.02,3,-1,,0
668328738,740.02,16,3:17:27,False,,False,False,740.02,3,-1,,0
668328739,740.02,16,3:17:28,False,,False,False,740.02,3,-1,,0
668328740,740.1,16,3:17:29,False,,False,False,740.02,3,-1,,0
668328741,740.13,16,3:17:30,False,,False,False,740.02,3,-1,,0
668328742,740.04,16,3:17:31,False,,False,False,740.02,3,-1,,0
668328743,740.06,16,3:17:32,False,,False,False,740.02,3,-1,,0
668328747,739.78,16,3:17:36,False,,False,False,739.78,3,-1,,0
668328748,739.96,16,3:17:37,False,,False,False,739.87,3,-1,,0
668328749,739.88,16,3:17:38,False,,False,False,739.87,3,-1,,0
668328750,740.05,16,3:17:39,False,,False,False,739.92,3,-1,,0
668328751,739.9,16,3:17:40,False,,False,False,739.91,3,-1,,0
668328752,739.9,16,3:17:41,False,,False,False,739.91,3,-1,,0
668328753,740.21,16,3:17:41,False,,False,False,739.95,3,-1,,0
668328754,740.07,16,3:17:42,False,,False,False,739.97,3,-1,,0
668328755,739.91,16,3:17:43,False,,False,False,739.96,3,-1,,0
668328756,740.07,16,3:17:44,False,,False,False,739.97,3,-1,,0
668328757,740.07,16,3:17:45,False,,False,False,739.98,3,-1,,0
668328758,739.84,16,3:17:46,False,,False,False,739.97,3,-1,,0
668328759,740.0,16,3:17:47,False,,False,False,739.97,3,-1,,0
668328760,739.92,16,3:17:48,False,,False,False,739.97,3,-1,,0
668328761,739.61,16,3:17:49,False,,False,False,739.94,3,-1,,0
668328762,740.0,16,3:17:50,False,,False,False,739.95,3,-1,,0
668328763,740.15,16,3:17:51,False,,False,False,739.96,3,-1,,0
668328764,739.77,16,3:17:52,False,,False,False,739.95,3,-1,,0
668328765,740.15,16,3:17:53,False,,False,False,739.96,3,-1,,0
668328766,740.08,16,3:17:54,False,,False,False,739.97,3,-1,,0
668328767,740.0,16,3:17:55,False,,False,False,739.97,3,-1,,0
668328768,739.93,16,3:17:56,False,,False,False,739.97,3,-1,,0
668328769,740.0,16,3:17:57,False,,False,False,739.97,3,-1,,0
668328770,739.85,16,3:17:58,False,,False,False,739.96,3,-1,,0
668328771,739.93,16,3:17:59,False,,False,False,739.96,3,-1,,0
668328772,739.85,16,3:18:00,False,,False,False,739.96,3,-1,,0
668328773,740.09,16,3:18:01,False,,False,False,739.96,3,-1,,0
668328774,740.01,16,3:18:02,False,,False,False,739.96,3,-1,,0
668334729,740.95,16,4:54:39,False,,False,False,740.99,4,-1,,0
668334730,740.98,16,4:54:40,False,,False,False,740.99,4,-1,,0
668334731,741.04,16,4:54:41,False,,False,False,740.99,4,-1,,0
668334732,741.0,16,4:54:42,False,,False,False,740.99,4,-1,,0
668334733,740.99,16,4:54:43,False,,False,False,740.99,4,-1,,0
668334734,740.97,16,4:54:44,False,,False,False,740.99,4,-1,,0
668334735,741.01,16,4:54:45,False,,False,False,740.99,4,-1,,0
668334736,740.95,16,4:54:46,False,,False,False,740.99,4,-1,,0
668334737,740.94,16,4:54:47,False,,False,False,740.99,4,-1,,0
668334738,740.97,16,4:54:48,False,,False,False,740.99,4,-1,,0
668334739,740.99,16,4:54:49,False,,False,False,740.99,4,-1,,0
668334740,740.94,16,4:54:50,False,,False,False,740.99,4,-1,,0
668334741,741.01,16,4:54:51,False,,False,False,740.99,4,-1,,0
668334742,740.96,16,4:54:52,False,,False,False,740.99,4,-1,,0
668334743,740.96,16,4:54:53,False,,False,False,740.99,4,-1,,0
668334744,740.94,16,4:54:54,False,,False,False,740.99,4,-1,,0
668334745,741.0,16,4:54:55,False,,False,False,740.99,4,-1,,0
668334746,740.95,16,4:54:56,False,,False,False,740.99,4,-1,,0
668334747,740.97,16,4:54:57,False,,False,False,740.99,4,-1,,0
668334748,740.95,16,4:54:58,False,,False,False,740.99,4,-1,,0
668334749,741.01,16,4:54:59,False,,False,False,740.99,4,-1,,0
668334750,740.97,16,4:55:00,False,,False,False,740.99,4,-1,,0
668334751,740.97,16,4:55:00,False,,False,False,740.99,4,-1,,0
668334752,740.97,16,4:55:01,False,,False,False,740.99,4,-1,,0
668334753,740.97,16,4:55:02,False,,False,False,740.99,4,-1,,0
668334754,740.97,16,4:55:03,False,,False,False,740.99,4,-1,,0
668334755,740.97,16,4:55:04,False,,False,False,740.99,4,-1,,0
668334756,740.95,16,4:55:05,False,,False,False,740.99,4,-1,,0
668334757,740.94,16,4:55:06,False,,False,False,740.99,4,-1,,0
668334758,740.98,16,4:55:07,False,,False,False,740.99,4,-1,,0
668334759,740.96,16,4:55:08,False,,False,False,740.99,4,-1,,0
668334760,740.96,16,4:55:09,False,,False,False,740.99,4,-1,,0
668334761,740.96,16,4:55:10,False,,False,False,740.99,4,-1,,0
668334762,740.96,16,4:55:11,False,,False,False,740.99,4,-1,,0
668334763,740.93,16,4:55:12,False,,False,False,740.99,4,-1,,0
668334764,740.96,16,4:55:13,False,,False,False,740.99,4,-1,,0
668334765,740.97,16,4:55:14,False,,False,False,740.99,4,-1,,0
668334766,740.95,16,4:55:15,False,,False,False,740.99,4,-1,,0
668334767,740.98,16,4:55:16,False,,False,False,740.99,4,-1,,0
668334768,740.99,16,4:55:17,False,,False,False,740.99,4,-1,,0
668334769,740.95,16,4:55:18,False,,False,False,740.99,4,-1,,0
668334770,740.95,16,4:55:19,False,,False,False,740.99,4,-1,,0
668334771,740.9,16,4:55:20,False,,False,False,740.99,4,-1,,0
668334772,740.95,16,4:55:21,False,,False,False,740.99,4,-1,,0
668334773,740.95,16,4:55:22,False,,False,False,740.99,4,-1,,0
668334774,740.95,16,4:55:23,False,,False,False,740.99,4,-1,,0
668334775,740.96,16,4:55:24,False,,False,False,740.99,4,-1,,0
668334776,740.92,16,4:55:25,False,,False,False,740.99,4,-1,,0
668334777,740.92,16,4:55:26,False,,False,False,740.99,4,-1,,0
668334778,740.96,16,4:55:27,False,,False,False,740.99,4,-1,,0
668334779,740.96,16,4:55:28,False,,False,False,740.99,4,-1,,0
668334780,740.96,16,4:55:29,False,,False,False,740.99,4,-1,,0
668334781,740.93,16,4:55:30,False,,False,False,740.99,4,-1,,0
668334782,740.96,16,4:55:31,False,,False,False,740.99,4,-1,,0
668334783,740.98,16,4:55:32,False,,False,False,740.99,4,-1,,0
668334784,740.98,16,4:55:33,False,,False,False,740.99,4,-1,,0
668334785,740.95,16,4:55:34,False,,False,False,740.99,4,-1,,0
668334786,740.93,16,4:55:35,False,,False,False,740.99,4,-1,,0
668334787,740.91,16,4:55:36,False,,False,False,740.99,4,-1,,0
668334788,740.95,16,4:55:36,False,,False,False,740.99,4,-1,,0
668358168,731.31,16,11:14:57,False,,False,False,731.31,5,-1,,0
668358169,731.29,16,11:14:58,False,,False,False,731.31,5,-1,,0
668358170,731.26,16,11:14:59,False,,False,False,731.31,5,-1,,0
668358171,731.31,16,11:15:00,False,,False,False,731.31,5,-1,,0
668358172,731.37,16,11:15:01,False,,False,False,731.31,5,-1,,0
668358173,731.28,16,11:15:02,False,,False,False,731.31,5,-1,,0
668358174,731.26,16,11:15:03,False,,False,False,731.31,5,-1,,0
668358175,731.32,16,11:15:04,False,,False,False,731.31,5,-1,,0
668358176,731.28,16,11:15:05,False,,False,False,731.31,5,-1,,0
668358177,731.27,16,11:15:05,False,,False,False,731.31,5,-1,,0
668358178,731.27,16,11:15:06,False,,False,False,731.31,5,-1,,0
668358179,731.33,16,11:15:07,False,,False,False,731.31,5,-1,,0
668358180,731.24,16,11:15:08,False,,False,False,731.31,5,-1,,0
668358181,731.26,16,11:15:09,False,,False,False,731.31,5,-1,,0
668358182,731.3,16,11:15:10,False,,False,False,731.31,5,-1,,0
668358183,731.3,16,11:15:11,False,,False,False,731.31,5,-1,,0
668358184,731.3,16,11:15:12,False,,False,False,731.31,5,-1,,0
668358185,731.34,16,11:15:13,False,,False,False,731.31,5,-1,,0
668358186,731.32,16,11:15:14,False,,False,False,731.31,5,-1,,0
668358187,731.31,16,11:15:15,False,,False,False,731.31,5,-1,,0
668358188,731.34,16,11:15:16,False,,False,False,731.31,5,-1,,0
668358189,731.31,16,11:15:17,False,,False,False,731.31,5,-1,,0
668358190,731.31,16,11:15:18,False,,False,False,731.31,5,-1,,0
668358191,731.37,16,11:15:19,False,,False,False,731.31,5,-1,,0
668358192,731.32,16,11:15:20,False,,False,False,731.31,5,-1,,0
668358193,731.3,16,11:15:21,False,,False,False,731.31,5,-1,,0
668358194,731.3,16,11:15:22,False,,False,False,731.31,5,-1,,0
668358195,731.2,16,11:15:23,False,,False,False,731.31,5,-1,,0
668358196,731.22,16,11:15:24,False,,False,False,731.31,5,-1,,0
668358197,731.27,16,11:15:25,False,,False,False,731.31,5,-1,,0
668358198,731.22,16,11:15:26,False,,False,False,731.31,5,-1,,0
668358199,731.24,16,11:15:27,False,,False,False,731.31,5,-1,,0
668358200,731.19,16,11:15:28,False,,False,False,731.31,5,-1,,0
668358201,731.19,16,11:15:29,False,,False,False,731.31,5,-1,,0
668358202,731.26,16,11:15:30,False,,False,False,731.31,5,-1,,0
668358203,731.24,16,11:15:31,False,,False,False,731.31,5,-1,,0
668358204,731.23,16,11:15:32,False,,False,False,731.31,5,-1,,0
668358205,731.18,16,11:15:33,False,,False,False,731.31,5,-1,,0
668358206,731.23,16,11:15:34,False,,False,False,731.31,5,-1,,0
668358207,731.18,16,11:15:35,False,,False,False,731.31,5,-1,,0
668358208,731.24,16,11:15:36,False,,False,False,731.31,5,-1,,0
668358209,731.2,16,11:15:37,False,,False,False,731.31,5,-1,,0
668358210,731.24,16,11:15:38,False,,False,False,731.31,5,-1,,0
668358211,731.26,16,11:15:39,False,,False,False,731.31,5,-1,,0
668358212,731.24,16,11:15:40,False,,False,False,731.31,5,-1,,0
668358213,731.23,16,11:15:41,False,,False,False,731.31,5,-1,,0
668358214,731.3,16,11:15:41,False,,False,False,731.31,5,-1,,0
668358215,731.21,16,11:15:42,False,,False,False,731.31,5,-1,,0
668358216,731.2,16,11:15:43,False,,False,False,731.31,5,-1,,0
668358217,731.29,16,11:15:44,False,,False,False,731.31,5,-1,,0
668358218,731.27,16,11:15:45,False,,False,False,731.31,5,-1,,0
668358219,731.28,16,11:15:46,False,,False,False,731.31,5,-1,,0
668358220,731.3,16,11:15:47,False,,False,False,731.31,5,-1,,0
668358221,731.22,16,11:15:48,False,,False,False,731.31,5,-1,,0
668358222,731.26,16,11:15:49,False,,False,False,731.31,5,-1,,0
668358223,731.25,16,11:15:50,False,,False,False,731.31,5,-1,,0
668358224,731.28,16,11:15:51,False,,False,False,731.31,5,-1,,0
668358225,731.25,16,11:15:52,False,,False,False,731.31,5,-1,,0
668358226,731.22,16,11:15:53,False,,False,False,731.31,5,-1,,0
668358227,731.25,16,11:15:54,False,,False,False,731.31,5,-1,,0
668360206,733.05,16,11:48:01,False,,False,False,732.8,6,-1,,0
668360207,733.07,16,11:48:02,False,,False,False,732.81,6,-1,,0
668360208,733.11,16,11:48:03,False,,False,False,732.81,6,-1,,0
668360209,733.02,16,11:48:04,False,,False,False,732.81,6,-1,,0
668360210,733.03,16,11:48:05,False,,False,False,732.81,6,-1,,0
668360211,733.04,16,11:48:06,False,,False,False,732.81,6,-1,,0
668360212,733.02,16,11:48:07,False,,False,False,732.81,6,-1,,0
668360213,733.02,16,11:48:08,False,,False,False,732.81,6,-1,,0
668360214,733.06,16,11:48:08,False,,False,False,732.81,6,-1,,0
668360215,732.99,16,11:48:09,False,,False,False,732.81,6,-1,,0
668360216,732.95,16,11:48:10,False,,False,False,732.81,6,-1,,0
668360217,732.99,16,11:48:11,False,,False,False,732.81,6,-1,,0
668360218,733.01,16,11:48:12,False,,False,False,732.81,6,-1,,0
668360219,732.99,16,11:48:13,False,,False,False,732.81,6,-1,,0
668360220,732.97,16,11:48:14,False,,False,False,732.81,6,-1,,0
668360221,732.93,16,11:48:15,False,,False,False,732.81,6,-1,,0
668360222,732.97,16,11:48:16,False,,False,False,732.82,6,-1,,0
668360223,732.99,16,11:48:17,False,,False,False,732.82,6,-1,,0
668360224,732.92,16,11:48:18,False,,False,False,732.82,6,-1,,0
668360225,732.98,16,11:48:19,False,,False,False,732.82,6,-1,,0
668360226,732.92,16,11:48:20,False,,False,False,732.82,6,-1,,0
668360227,732.96,16,11:48:21,False,,False,False,732.82,6,-1,,0
668360228,732.91,16,11:48:22,False,,False,False,732.82,6,-1,,0
668360229,732.93,16,11:48:23,False,,False,False,732.82,6,-1,,0
668360230,732.91,16,11:48:24,False,,False,False,732.82,6,-1,,0
668360231,732.96,16,11:48:25,False,,False,False,732.82,6,-1,,0
668360232,732.91,16,11:48:26,False,,False,False,732.82,6,-1,,0
668360233,732.93,16,11:48:27,False,,False,False,732.82,6,-1,,0
668360234,732.95,16,11:48:28,False,,False,False,732.82,6,-1,,0
668360235,732.97,16,11:48:29,False,,False,False,732.82,6,-1,,0
668360236,732.95,16,11:48:30,False,,False,False,732.82,6,-1,,0
668360237,733.01,16,11:48:31,False,,False,False,732.82,6,-1,,0
668360238,732.95,16,11:48:32,False,,False,False,732.82,6,-1,,0
668360239,732.99,16,11:48:33,False,,False,False,732.82,6,-1,,0
668360240,733.04,16,11:48:34,False,,False,False,732.82,6,-1,,0
668360241,733.04,16,11:48:35,False,,False,False,732.82,6,-1,,0
668360242,733.06,16,11:48:36,False,,False,False,732.82,6,-1,,0
668360243,733.03,16,11:48:37,False,,False,False,732.82,6,-1,,0
668360244,733.06,16,11:48:38,False,,False,False,732.82,6,-1,,0
668360245,733.06,16,11:48:39,False,,False,False,732.83,6,-1,,0
668360246,733.12,16,11:48:40,False,,False,False,732.83,6,-1,,0
668360247,733.07,16,11:48:41,False,,False,False,732.83,6,-1,,0
668360248,733.08,16,11:48:42,False,,False,False,732.83,6,-1,,0
668360249,733.07,16,11:48:43,False,,False,False,732.83,6,-1,,0
668360250,733.07,16,11:48:44,False,,False,False,732.83,6,-1,,0
668360251,733.09,16,11:48:44,False,,False,False,732.83,6,-1,,0
668360252,733.07,16,11:48:45,False,,False,False,732.83,6,-1,,0
668360253,733.05,16,11:48:46,False,,False,False,732.83,6,-1,,0
668360254,733.09,16,11:48:47,False,,False,False,732.83,6,-1,,0
668360255,733.03,16,11:48:48,False,,False,False,732.83,6,-1,,0
668360256,733.11,16,11:48:49,False,,False,False,732.83,6,-1,,0
668360257,733.07,16,11:48:50,False,,False,False,732.83,6,-1,,0
668360258,733.07,16,11:48:51,False,,False,False,732.83,6,-1,,0
668360259,733.11,16,11:48:52,False,,False,False,732.83,6,-1,,0
668360260,733.11,16,11:48:53,False,,False,False,732.83,6,-1,,0
668360261,733.04,16,11:48:54,False,,False,False,732.83,6,-1,,0
668360262,733.02,16,11:48:55,False,,False,False,732.83,6,-1,,0
668360263,733.1,16,11:48:56,False,,False,False,732.84,6,-1,,0
668360264,733.08,16,11:48:57,False,,False,False,732.84,6,-1,,0
668360265,733.08,16,11:48:58,False,,False,False,732.84,6,-1,,0
668362930,734.05,16,12:32:12,False,,False,False,734.2,7,-1,,0
668362931,734.09,16,12:32:13,False,,False,False,734.2,7,-1,,0
668362932,734.05,16,12:32:14,False,,False,False,734.2,7,-1,,0
668362933,734.07,16,12:32:15,False,,False,False,734.2,7,-1,,0
668362934,734.05,16,12:32:16,False,,False,False,734.2,7,-1,,0
668362935,734.07,16,12:32:17,False,,False,False,734.2,7,-1,,0
668362936,734.12,16,12:32:18,False,,False,False,734.2,7,-1,,0
668362937,734.07,16,12:32:19,False,,False,False,734.2,7,-1,,0
668362938,734.09,16,12:32:20,False,,False,False,734.2,7,-1,,0
668362939,734.06,16,12:32:21,False,,False,False,734.2,7,-1,,0
668362940,734.06,16,12:32:22,False,,False,False,734.2,7,-1,,0
668362941,734.13,16,12:32:23,False,,False,False,734.2,7,-1,,0
668362942,734.12,16,12:32:24,False,,False,False,734.2,7,-1,,0
668362943,734.15,16,12:32:25,False,,False,False,734.2,7,-1,,0
668362944,734.11,16,12:32:26,False,,False,False,734.2,7,-1,,0
668362945,734.08,16,12:32:27,False,,False,False,734.2,7,-1,,0
668362946,734.11,16,12:32:28,False,,False,False,734.2,7,-1,,0
668362947,734.13,16,12:32:29,False,,False,False,734.2,7,-1,,0
668362948,734.17,16,12:32:30,False,,False,False,734.2,7,-1,,0
668362949,734.14,16,12:32:31,False,,False,False,734.2,7,-1,,0
668362950,734.15,16,12:32:32,False,,False,False,734.2,7,-1,,0
668362951,734.16,16,12:32:33,False,,False,False,734.2,7,-1,,0
668362952,734.19,16,12:32:34,False,,False,False,734.2,7,-1,,0
668362953,734.23,16,12:32:35,False,,False,False,734.2,7,-1,,0
668362954,734.14,16,12:32:36,False,,False,False,734.2,7,-1,,0
668362955,734.25,16,12:32:37,False,,False,False,734.2,7,-1,,0
668362956,734.21,16,12:32:38,False,,False,False,734.2,7,-1,,0
668362957,734.25,16,12:32:39,False,,False,False,734.2,7,-1,,0
668362958,734.21,16,12:32:40,False,,False,False,734.2,7,-1,,0
668362959,734.18,16,12:32:41,False,,False,False,734.2,7,-1,,0
668362960,734.2,16,12:32:42,False,,False,False,734.2,7,-1,,0
668362961,734.07,16,12:32:43,False,,False,False,734.2,7,-1,,0
668362962,734.08,16,12:32:44,False,,False,False,734.19,7,-1,,0
668362963,734.08,16,12:32:45,False,,False,False,734.19,7,-1,,0
668362964,734.01,16,12:32:46,False,,False,False,734.19,7,-1,,0
668362965,734.15,16,12:32:47,False,,False,False,734.19,7,-1,,0
668362966,734.15,16,12:32:48,False,,False,False,734.19,7,-1,,0
668362967,734.13,16,12:32:48,False,,False,False,734.19,7,-1,,0
668362968,734.08,16,12:32:49,False,,False,False,734.19,7,-1,,0
668362969,734.08,16,12:32:50,False,,False,False,734.19,7,-1,,0
668362970,734.01,16,12:32:51,False,,False,False,734.19,7,-1,,0
668362971,734.08,16,12:32:52,False,,False,False,734.19,7,-1,,0
668362972,734.03,16,12:32:53,False,,False,False,734.19,7,-1,,0
668362973,734.05,16,12:32:54,False,,False,False,734.19,7,-1,,0
668362974,734.07,16,12:32:55,False,,False,False,734.19,7,-1,,0
668362975,734.03,16,12:32:56,False,,False,False,734.19,7,-1,,0
668362976,734.05,16,12:32:57,False,,False,False,734.19,7,-1,,0
668362977,734.05,16,12:32:58,False,,False,False,734.19,7,-1,,0
668362978,734.05,16,12:32:59,False,,False,False,734.19,7,-1,,0
668362979,734.05,16,12:33:00,False,,False,False,734.19,7,-1,,0
668362980,734.07,16,12:33:01,False,,False,False,734.19,7,-1,,0
668362981,734.05,16,12:33:02,False,,False,False,734.19,7,-1,,0
668362982,734.04,16,12:33:03,False,,False,False,734.19,7,-1,,0
668362983,734.04,16,12:33:04,False,,False,False,734.18,7,-1,,0
668362984,734.06,16,12:33:05,False,,False,False,734.18,7,-1,,0
668362985,734.09,16,12:33:06,False,,False,False,734.18,7,-1,,0
668362986,734.15,16,12:33:07,False,,False,False,734.18,7,-1,,0
668362987,734.11,16,12:33:08,False,,False,False,734.18,7,-1,,0
668362988,734.08,16,12:33:09,False,,False,False,734.18,7,-1,,0
668362989,734.17,16,12:33:10,False,,False,False,734.18,7,-1,,0
668363780,733.6,16,12:46:00,False,,True,False,733.74,8,668363851,train,1
668363781,733.6,16,12:46:01,False,,True,False,733.74,8,668363851,train,1
668363782,733.58,16,12:46:02,False,,True,False,733.74,8,668363851,train,1
668363783,733.61,16,12:46:03,False,,True,False,733.74,8,668363851,train,1
668363784,733.61,16,12:46:04,False,,True,False,733.74,8,668363851,train,1
668363785,733.62,16,12:46:05,False,,True,False,733.74,8,668363851,train,1
668363786,733.66,16,12:46:06,False,,True,False,733.74,8,668363851,train,1
668363787,733.64,16,12:46:07,False,,True,False,733.74,8,668363851,train,1
668363788,733.61,16,12:46:08,False,,True,False,733.74,8,668363851,train,1
668363789,733.63,16,12:46:09,False,,True,False,733.74,8,668363851,train,1
668363790,733.61,16,12:46:10,False,,True,False,733.74,8,668363851,train,1
668363791,733.63,16,12:46:11,False,,True,False,733.74,8,668363851,train,1
668363792,733.6,16,12:46:12,False,,True,False,733.74,8,668363851,train,1
668363793,733.69,16,12:46:13,False,,True,False,733.73,8,668363851,train,1
668363794,733.71,16,12:46:14,False,,True,False,733.73,8,668363851,train,1
668363795,733.71,16,12:46:15,False,,True,False,733.73,8,668363851,train,1
668363796,733.68,16,12:46:16,False,,True,False,733.73,8,668363851,train,1
668363797,733.64,16,12:46:16,False,,True,False,733.73,8,668363851,train,1
668363798,733.7,16,12:46:17,False,,True,False,733.73,8,668363851,train,1
668363799,733.63,16,12:46:18,False,,True,False,733.73,8,668363851,train,1
668363800,733.72,16,12:46:19,False,,True,False,733.73,8,668363851,train,1
668363801,733.72,16,12:46:20,False,,True,False,733.73,8,668363851,train,1
668363802,733.72,16,12:46:21,False,,True,False,733.73,8,668363851,train,1
668363803,733.76,16,12:46:22,False,,True,False,733.73,8,668363851,train,1
668363804,733.76,16,12:46:23,False,,True,False,733.73,8,668363851,train,1
668363805,733.76,16,12:46:24,False,,True,True,733.73,8,668363851,train,1
668363806,733.74,16,12:46:25,False,,True,True,733.73,8,668363851,train,1
668363807,733.72,16,12:46:26,False,,True,True,733.73,8,668363851,train,1
668363808,733.73,16,12:46:27,False,,True,True,733.73,8,668363851,train,1
668363809,733.73,16,12:46:28,False,,True,True,733.73,8,668363851,train,1
668363810,733.71,16,12:46:29,False,,True,True,733.73,8,668363851,train,1
668363811,733.68,16,12:46:30,False,,True,True,733.73,8,668363851,train,1
668363812,733.79,16,12:46:31,False,,True,True,733.73,8,668363851,train,1
668363813,733.7,16,12:46:32,False,,True,True,733.73,8,668363851,train,1
668363814,733.68,16,12:46:33,False,,True,True,733.73,8,668363851,train,1
668363815,733.68,16,12:46:34,False,,True,True,733.73,8,668363851,train,1
668363816,733.64,16,12:46:35,False,,True,True,733.73,8,668363851,train,1
668363817,733.68,16,12:46:36,False,,True,True,733.73,8,668363851,train,1
668363818,733.63,16,12:46:37,False,,True,True,733.73,8,668363851,train,1
668363819,733.69,16,12:46:38,False,,True,True,733.73,8,668363851,train,1
668363820,733.64,16,12:46:39,False,,True,True,733.73,8,668363851,train,1
668363821,733.58,16,12:46:40,False,,True,True,733.73,8,668363851,train,1
668363822,733.64,16,12:46:41,False,,True,True,733.73,8,668363851,train,1
668363823,733.6,16,12:46:42,False,,True,True,733.73,8,668363851,train,1
668363824,733.55,16,12:46:43,False,,True,True,733.72,8,668363851,train,1
668363825,733.53,16,12:46:44,False,,True,True,733.72,8,668363851,train,1
668363826,733.52,16,12:46:45,False,,True,True,733.72,8,668363851,train,1
668363827,733.54,16,12:46:46,False,,True,True,733.72,8,668363851,train,1
668363828,733.48,16,12:46:47,False,,True,True,733.72,8,668363851,train,1
668363829,733.56,16,12:46:48,False,,True,True,733.72,8,668363851,train,1
668363830,733.56,16,12:46:49,False,,True,True,733.72,8,668363851,train,1
668363831,733.54,16,12:46:50,False,,True,True,733.72,8,668363851,train,1
668363832,733.56,16,12:46:51,False,,True,True,733.72,8,668363851,train,1
668363833,733.51,16,12:46:52,False,,True,True,733.72,8,668363851,train,1
668363834,733.53,16,12:46:53,False,,True,True,733.72,8,668363851,train,1
668363835,733.46,16,12:46:53,False,,True,True,733.72,8,668363851,train,1
668363836,733.4,16,12:46:54,False,,True,True,733.72,8,668363851,train,1
668363837,733.39,16,12:46:55,False,,True,True,733.72,8,668363851,train,1
668363838,733.37,16,12:46:56,False,,True,True,733.71,8,668363851,train,1
668363839,733.37,16,12:46:57,False,,True,True,733.71,8,668363851,train,1
668364406,733.51,16,12:56:09,False,,False,False,733.6,9,-1,,0
668364407,733.51,16,12:56:10,False,,False,False,733.6,9,-1,,0
668364408,733.46,16,12:56:11,False,,False,False,733.6,9,-1,,0
668364409,733.5,16,12:56:12,False,,False,False,733.6,9,-1,,0
668364410,733.48,16,12:56:13,False,,False,False,733.6,9,-1,,0
668364411,733.46,16,12:56:14,False,,False,False,733.6,9,-1,,0
668364412,733.48,16,12:56:15,False,,False,False,733.6,9,-1,,0
668364413,733.45,16,12:56:16,False,,False,False,733.6,9,-1,,0
668364414,733.5,16,12:56:17,False,,False,False,733.6,9,-1,,0
668364415,733.45,16,12:56:18,False,,False,False,733.6,9,-1,,0
668364416,733.45,16,12:56:19,False,,False,False,733.6,9,-1,,0
668364417,733.42,16,12:56:20,False,,False,False,733.6,9,-1,,0
668364418,733.42,16,12:56:21,False,,False,False,733.6,9,-1,,0
668364419,733.38,16,12:56:22,False,,False,False,733.6,9,-1,,0
668364420,733.44,16,12:56:23,False,,False,False,733.6,9,-1,,0
668364421,733.42,16,12:56:24,False,,False,False,733.6,9,-1,,0
668364422,733.39,16,12:56:25,False,,False,False,733.6,9,-1,,0
668364423,733.44,16,12:56:26,False,,False,False,733.6,9,-1,,0
668364424,733.37,16,12:56:27,False,,False,False,733.6,9,-1,,0
668364425,733.39,16,12:56:28,False,,False,False,733.6,9,-1,,0
668364426,733.39,16,12:56:29,False,,False,False,733.59,9,-1,,0
668364427,733.39,16,12:56:30,False,,False,False,733.59,9,-1,,0
668364428,733.34,16,12:56:31,False,,False,False,733.59,9,-1,,0
668364429,733.39,16,12:56:32,False,,False,False,733.59,9,-1,,0
668364430,733.4,16,12:56:33,False,,False,False,733.59,9,-1,,0
668364431,733.36,16,12:56:34,False,,False,False,733.59,9,-1,,0
668364432,733.4,16,12:56:35,False,,False,False,733.59,9,-1,,0
668364433,733.36,16,12:56:36,False,,False,False,733.59,9,-1,,0
668364434,733.38,16,12:56:37,False,,False,False,733.59,9,-1,,0
668364435,733.36,16,12:56:38,False,,False,False,733.59,9,-1,,0
668364436,733.4,16,12:56:39,False,,False,False,733.59,9,-1,,0
668364437,733.37,16,12:56:40,False,,False,False,733.59,9,-1,,0
668364438,733.28,16,12:56:41,False,,False,False,733.59,9,-1,,0
668364439,733.35,16,12:56:41,False,,False,False,733.59,9,-1,,0
668364440,733.35,16,12:56:42,False,,False,False,733.59,9,-1,,0
668364441,733.3,16,12:56:43,False,,False,False,733.59,9,-1,,0
668364442,733.32,16,12:56:44,False,,False,False,733.59,9,-1,,0
668364443,733.32,16,12:56:45,False,,False,False,733.59,9,-1,,0
668364444,733.34,16,12:56:46,False,,False,False,733.59,9,-1,,0
668364445,733.34,16,12:56:47,False,,False,False,733.59,9,-1,,0
668364446,733.34,16,12:56:48,False,,False,False,733.59,9,-1,,0
668364447,733.34,16,12:56:49,False,,False,False,733.59,9,-1,,0
668364448,733.31,16,12:56:50,False,,False,False,733.59,9,-1,,0
668364449,733.33,16,12:56:51,False,,False,False,733.58,9,-1,,0
668364450,733.27,16,12:56:52,False,,False,False,733.58,9,-1,,0
668364451,733.31,16,12:56:53,False,,False,False,733.58,9,-1,,0
668364452,733.29,16,12:56:54,False,,False,False,733.58,9,-1,,0
668364453,733.26,16,12:56:55,False,,False,False,733.58,9,-1,,0
668364454,733.31,16,12:56:56,False,,False,False,733.58,9,-1,,0
668364455,733.28,16,12:56:57,False,,False,False,733.58,9,-1,,0
668364456,733.3,16,12:56:58,False,,False,False,733.58,9,-1,,0
668364457,733.28,16,12:56:59,False,,False,False,733.58,9,-1,,0
668364458,733.28,16,12:57:00,False,,False,False,733.58,9,-1,,0
668364459,733.21,16,12:57:01,False,,False,False,733.58,9,-1,,0
668364460,733.25,16,12:57:02,False,,False,False,733.58,9,-1,,0
668364461,733.28,16,12:57:03,False,,False,False,733.58,9,-1,,0
668364462,733.32,16,12:57:04,False,,False,False,733.57,9,-1,,0
668364463,733.27,16,12:57:05,False,,False,False,733.57,9,-1,,0
668364464,733.27,16,12:57:06,False,,False,False,733.57,9,-1,,0
668364465,733.25,16,12:57:07,False,,False,False,733.57,9,-1,,0
668370621,727.24,16,14:37:00,False,,True,False,727.41,10,668370696,train,1
668370622,727.22,16,14:37:01,False,,True,False,727.41,10,668370696,train,1
668370623,727.21,16,14:37:02,False,,True,False,727.41,10,668370696,train,1
668370624,727.22,16,14:37:03,False,,True,False,727.41,10,668370696,train,1
668370625,727.25,16,14:37:03,False,,True,False,727.41,10,668370696,train,1
668370626,727.23,16,14:37:04,False,,True,False,727.41,10,668370696,train,1
668370627,727.19,16,14:37:05,False,,True,False,727.41,10,668370696,train,1
668370628,727.21,16,14:37:06,False,,True,False,727.41,10,668370696,train,1
668370629,727.23,16,14:37:07,False,,True,False,727.41,10,668370696,train,1
668370630,727.18,16,14:37:08,False,,True,False,727.41,10,668370696,train,1
668370631,727.11,16,14:37:09,False,,True,False,727.41,10,668370696,train,1
668370632,727.13,16,14:37:10,False,,True,False,727.41,10,668370696,train,1
668370633,727.13,16,14:37:11,False,,True,False,727.41,10,668370696,train,1
668370634,727.19,16,14:37:12,False,,True,False,727.41,10,668370696,train,1
668370635,727.26,16,14:37:13,False,,True,False,727.4,10,668370696,train,1
668370636,727.28,16,14:37:14,False,,True,True,727.4,10,668370696,train,1
668370637,727.27,16,14:37:15,False,,True,True,727.4,10,668370696,train,1
668370638,727.28,16,14:37:16,False,,True,True,727.4,10,668370696,train,1
668370639,727.25,16,14:37:17,False,,True,True,727.4,10,668370696,train,1
668370640,727.14,16,14:37:18,False,,True,True,727.4,10,668370696,train,1
668370641,727.2,16,14:37:19,False,,True,True,727.4,10,668370696,train,1
668370642,727.24,16,14:37:20,False,,True,True,727.4,10,668370696,train,1
668370643,727.15,16,14:37:21,False,,True,True,727.4,10,668370696,train,1
668370644,727.13,16,14:37:22,False,,True,True,727.4,10,668370696,train,1
668370645,727.17,16,14:37:23,False,,True,True,727.4,10,668370696,train,1
668370646,727.17,16,14:37:24,False,,True,True,727.4,10,668370696,train,1
668370647,727.16,16,14:37:25,False,,True,True,727.4,10,668370696,train,1
668370648,727.19,16,14:37:26,False,,True,True,727.4,10,668370696,train,1
668370649,727.18,16,14:37:27,False,,True,True,727.4,10,668370696,train,1
668370650,727.16,16,14:37:28,False,,True,True,727.4,10,668370696,train,1
668370651,727.14,16,14:37:29,False,,True,True,727.4,10,668370696,train,1
668370652,727.16,16,14:37:30,False,,True,True,727.4,10,668370696,train,1
668370653,727.15,16,14:37:31,False,,True,True,727.4,10,668370696,train,1
668370654,727.11,16,14:37:32,False,,True,True,727.4,10,668370696,train,1
668370655,727.17,16,14:37:33,False,,True,True,727.4,10,668370696,train,1
668370656,727.17,16,14:37:34,False,,True,True,727.4,10,668370696,train,1
668370657,727.13,16,14:37:35,False,,True,True,727.4,10,668370696,train,1
668370658,727.12,16,14:37:36,False,,True,True,727.4,10,668370696,train,1
668370659,727.05,16,14:37:37,False,,True,True,727.4,10,668370696,train,1
668370660,727.12,16,14:37:38,False,,True,True,727.4,10,668370696,train,1
668370661,727.07,16,14:37:39,False,,True,True,727.4,10,668370696,train,1
668370662,727.13,16,14:37:40,False,,True,True,727.4,10,668370696,train,1
668370663,727.14,16,14:37:40,False,,True,True,727.39,10,668370696,train,1
668370664,727.07,16,14:37:41,False,,True,True,727.39,10,668370696,train,1
668370665,727.11,16,14:37:42,False,,True,True,727.39,10,668370696,train,1
668370666,727.11,16,14:37:43,False,,True,True,727.39,10,668370696,train,1
668370667,727.06,16,14:37:44,False,,True,True,727.39,10,668370696,train,1
668370668,727.1,16,14:37:45,False,,True,True,727.39,10,668370696,train,1
668370669,727.1,16,14:37:46,False,,True,True,727.39,10,668370696,train,1
668370670,727.12,16,14:37:47,False,,True,True,727.39,10,668370696,train,1
668370671,727.03,16,14:37:48,False,,True,True,727.39,10,668370696,train,1
668370672,727.1,16,14:37:49,False,,True,True,727.39,10,668370696,train,1
668370673,727.05,16,14:37:50,False,,True,True,727.39,10,668370696,train,1
668370674,727.07,16,14:37:51,False,,True,True,727.39,10,668370696,train,1
668370675,727.05,16,14:37:52,False,,True,True,727.39,10,668370696,train,1
668370676,727.06,16,14:37:53,False,,True,True,727.39,10,668370696,train,1
668370677,727.09,16,14:37:54,False,,True,True,727.39,10,668370696,train,1
668370678,727.02,16,14:37:55,False,,True,True,727.39,10,668370696,train,1
668370679,726.99,16,14:37:56,False,,True,True,727.38,10,668370696,train,1
668370680,726.92,16,14:37:57,False,,True,True,727.38,10,668370696,train,1
668373397,726.28,16,15:22:02,False,,True,False,726.51,11,668373458,train,1
668373398,726.43,16,15:22:03,False,,True,False,726.51,11,668373458,train,1
668373399,726.43,16,15:22:04,False,,True,False,726.51,11,668373458,train,1
668373400,726.51,16,15:22:05,False,,True,False,726.51,11,668373458,train,1
668373401,726.51,16,15:22:06,False,,True,False,726.51,11,668373458,train,1
668373402,726.28,16,15:22:07,False,,True,False,726.51,11,668373458,train,1
668373403,726.44,16,15:22:08,False,,True,False,726.51,11,668373458,train,1
668373404,726.2,16,15:22:09,False,,True,False,726.51,11,668373458,train,1
668373405,726.51,16,15:22:10,False,,True,False,726.51,11,668373458,train,1
668373406,726.36,16,15:22:11,False,,True,False,726.51,11,668373458,train,1
668373407,726.67,16,15:22:12,False,,True,False,726.51,11,668373458,train,1
668373408,726.36,16,15:22:13,False,,True,False,726.51,11,668373458,train,1
668373409,726.43,16,15:22:14,False,,True,False,726.51,11,668373458,train,1
668373410,726.43,16,15:22:15,False,,True,False,726.51,11,668373458,train,1
668373411,726.28,16,15:22:16,False,,True,False,726.51,11,668373458,train,1
668373412,726.36,16,15:22:17,False,,True,False,726.51,11,668373458,train,1
668373413,726.35,16,15:22:18,False,,True,False,726.51,11,668373458,train,1
668373414,726.28,16,15:22:19,False,,True,False,726.51,11,668373458,train,1
668373415,726.59,16,15:22:20,False,,True,False,726.51,11,668373458,train,1
668373416,726.51,16,15:22:21,False,,True,False,726.51,11,668373458,train,1
668373417,726.51,16,15:22:21,False,,True,False,726.51,11,668373458,train,1
668373418,726.51,16,15:22:22,False,,True,False,726.51,11,668373458,train,1
668373419,726.51,16,15:22:23,False,,True,False,726.51,11,668373458,train,1
668373420,726.36,16,15:22:24,False,,True,False,726.51,11,668373458,train,1
668373421,726.27,16,15:22:25,False,,True,False,726.5,11,668373458,train,1
668373422,726.43,16,15:22:26,False,,True,False,726.5,11,668373458,train,1
668373423,726.43,16,15:22:27,False,,True,False,726.5,11,668373458,train,1
668373424,726.43,16,15:22:28,False,,True,False,726.5,11,668373458,train,1
668373425,726.28,16,15:22:29,False,,True,False,726.5,11,668373458,train,1
668373426,726.27,16,15:22:30,False,,True,False,726.5,11,668373458,train,1
668373427,726.43,16,15:22:31,False,,True,False,726.5,11,668373458,train,1
668373428,726.43,16,15:22:32,False,,True,False,726.5,11,668373458,train,1
668373429,726.66,16,15:22:33,False,,True,False,726.5,11,668373458,train,1
668373430,726.51,16,15:22:34,False,,True,False,726.5,11,668373458,train,1
668373431,726.35,16,15:22:35,False,,True,False,726.5,11,668373458,train,1
668373432,726.35,16,15:22:36,False,,True,False,726.5,11,668373458,train,1
668373433,726.59,16,15:22:37,False,,True,False,726.5,11,668373458,train,1
668373434,726.36,16,15:22:38,False,,True,False,726.5,11,668373458,train,1
668373435,726.2,16,15:22:39,False,,True,False,726.5,11,668373458,train,1
668373436,726.28,16,15:22:40,False,,True,False,726.5,11,668373458,train,1
668373437,726.35,16,15:22:41,False,,True,False,726.5,11,668373458,train,1
668373438,726.43,16,15:22:42,False,,True,False,726.5,11,668373458,train,1
668373439,726.43,16,15:22:43,False,,True,False,726.5,11,668373458,train,1
668373440,726.58,16,15:22:44,False,,True,False,726.5,11,668373458,train,1
668373441,726.51,16,15:22:45,False,,True,False,726.5,11,668373458,train,1
668373442,726.35,16,15:22:46,False,,True,False,726.5,11,668373458,train,1
668373443,726.12,16,15:22:47,False,,True,False,726.5,11,668373458,train,1
668373444,726.35,16,15:22:48,False,,True,False,726.5,11,668373458,train,1
668373445,726.2,16,15:22:49,False,,True,False,726.49,11,668373458,train,1
668373446,726.35,16,15:22:50,False,,True,False,726.49,11,668373458,train,1
668373447,726.35,16,15:22:51,False,,True,False,726.49,11,668373458,train,1
668373448,726.27,16,15:22:52,False,,True,False,726.49,11,668373458,train,1
668373449,726.2,16,15:22:53,False,,True,False,726.49,11,668373458,train,1
668373450,726.28,16,15:22:54,False,,True,False,726.49,11,668373458,train,1
668373451,726.43,16,15:22:55,False,,True,False,726.49,11,668373458,train,1
668373452,726.27,16,15:22:56,False,,True,False,726.49,11,668373458,train,1
668373453,726.43,16,15:22:57,False,,True,False,726.49,11,668373458,train,1
668373454,726.12,16,15:22:58,False,,True,True,726.49,11,668373458,train,1
668373455,726.12,16,15:22:58,False,,True,True,726.49,11,668373458,train,1
668373456,726.04,16,15:22:59,False,,True,True,726.49,11,668373458,train,1
668403042,737.39,16,23:23:01,False,,False,False,737.14,12,-1,,0
668403043,737.55,16,23:23:02,False,,False,False,737.14,12,-1,,0
668403044,737.55,16,23:23:03,False,,False,False,737.14,12,-1,,0
668403045,737.47,16,23:23:04,False,,False,False,737.15,12,-1,,0
668403046,737.39,16,23:23:05,False,,False,False,737.15,12,-1,,0
668403047,737.47,16,23:23:06,False,,False,False,737.15,12,-1,,0
668403048,737.47,16,23:23:07,False,,False,False,737.15,12,-1,,0
668403049,737.47,16,23:23:08,False,,False,False,737.15,12,-1,,0
668403050,737.31,16,23:23:09,False,,False,False,737.15,12,-1,,0
668403051,737.39,16,23:23:10,False,,False,False,737.15,12,-1,,0
668403052,737.31,16,23:23:11,False,,False,False,737.15,12,-1,,0
668403053,737.63,16,23:23:12,False,,False,False,737.15,12,-1,,0
668403054,737.62,16,23:23:13,False,,False,False,737.16,12,-1,,0
668403055,737.55,16,23:23:14,False,,False,False,737.16,12,-1,,0
668403056,737.47,16,23:23:15,False,,False,False,737.16,12,-1,,0
668403057,737.47,16,23:23:16,False,,False,False,737.16,12,-1,,0
668403058,737.62,16,23:23:17,False,,False,False,737.16,12,-1,,0
668403059,737.55,16,23:23:18,False,,False,False,737.16,12,-1,,0
668403060,737.86,16,23:23:19,False,,False,False,737.16,12,-1,,0
668403061,737.62,16,23:23:20,False,,False,False,737.17,12,-1,,0
668403062,737.54,16,23:23:21,False,,False,False,737.17,12,-1,,0
668403063,737.54,16,23:23:22,False,,False,False,737.17,12,-1,,0
668403064,737.31,16,23:23:23,False,,False,False,737.17,12,-1,,0
668403065,737.55,16,23:23:24,False,,False,False,737.17,12,-1,,0
668403066,737.47,16,23:23:25,False,,False,False,737.17,12,-1,,0
668403067,737.62,16,23:23:26,False,,False,False,737.17,12,-1,,0
668403068,737.47,16,23:23:26,False,,False,False,737.17,12,-1,,0
668403069,737.62,16,23:23:27,False,,False,False,737.18,12,-1,,0
668403070,737.62,16,23:23:28,False,,False,False,737.18,12,-1,,0
668403071,737.39,16,23:23:29,False,,False,False,737.18,12,-1,,0
668403072,737.39,16,23:23:30,False,,False,False,737.18,12,-1,,0
668403073,737.47,16,23:23:31,False,,False,False,737.18,12,-1,,0
668403074,737.31,16,23:23:32,False,,False,False,737.18,12,-1,,0
668403075,737.55,16,23:23:33,False,,False,False,737.18,12,-1,,0
668403076,737.55,16,23:23:34,False,,False,False,737.18,12,-1,,0
668403077,737.86,16,23:23:35,False,,False,False,737.19,12,-1,,0
668403078,737.54,16,23:23:36,False,,False,False,737.19,12,-1,,0
668403079,737.7,16,23:23:37,False,,False,False,737.19,12,-1,,0
668403080,737.55,16,23:23:38,False,,False,False,737.19,12,-1,,0
668403081,737.62,16,23:23:39,False,,False,False,737.19,12,-1,,0
668403082,737.55,16,23:23:40,False,,False,False,737.19,12,-1,,0
668403083,737.63,16,23:23:41,False,,False,False,737.19,12,-1,,0
668403084,737.7,16,23:23:42,False,,False,False,737.2,12,-1,,0
668403085,737.62,16,23:23:43,False,,False,False,737.2,12,-1,,0
668403086,737.55,16,23:23:44,False,,False,False,737.2,12,-1,,0
668403087,737.47,16,23:23:45,False,,False,False,737.2,12,-1,,0
668403088,737.55,16,23:23:46,False,,False,False,737.2,12,-1,,0
668403089,737.55,16,23:23:47,False,,False,False,737.2,12,-1,,0
668403090,737.39,16,23:23:48,False,,False,False,737.2,12,-1,,0
668403091,737.78,16,23:23:49,False,,False,False,737.2,12,-1,,0
668403092,737.47,16,23:23:50,False,,False,False,737.21,12,-1,,0
668403093,737.7,16,23:23:51,False,,False,False,737.21,12,-1,,0
668403094,737.55,16,23:23:52,False,,False,False,737.21,12,-1,,0
668403095,737.62,16,23:23:53,False,,False,False,737.21,12,-1,,0
668403096,737.85,16,23:23:54,False,,False,False,737.21,12,-1,,0
668403097,737.54,16,23:23:55,False,,False,False,737.21,12,-1,,0
668403098,737.62,16,23:23:56,False,,False,False,737.21,12,-1,,0
668403099,737.55,16,23:23:57,False,,False,False,737.21,12,-1,,0
668403100,737.78,16,23:23:58,False,,False,False,737.22,12,-1,,0
668403101,737.55,16,23:23:59,False,,False,False,737.22,12,-1,,0
668443812,732.05,17,10:24:30,False,,False,False,732.18,13,-1,,0
668443813,731.97,17,10:24:31,False,,False,False,732.18,13,-1,,0
668443814,731.73,17,10:24:32,False,,False,False,732.18,13,-1,,0
668443815,731.97,17,10:24:33,False,,False,False,732.18,13,-1,,0
668443816,731.97,17,10:24:34,False,,False,False,732.18,13,-1,,0
668443817,731.97,17,10:24:35,False,,False,False,732.18,13,-1,,0
668443818,731.73,17,10:24:36,False,,False,False,732.17,13,-1,,0
668443819,731.97,17,10:24:37,False,,False,False,732.17,13,-1,,0
668443820,731.97,17,10:24:38,False,,False,False,732.17,13,-1,,0
668443821,731.66,17,10:24:39,False,,False,False,732.17,13,-1,,0
668443822,731.96,17,10:24:40,False,,False,False,732.17,13,-1,,0
668443823,731.97,17,10:24:41,False,,False,False,732.17,13,-1,,0
668443824,731.81,17,10:24:42,False,,False,False,732.17,13,-1,,0
668443825,731.89,17,10:24:43,False,,False,False,732.17,13,-1,,0
668443826,732.04,17,10:24:44,False,,False,False,732.17,13,-1,,0
668443827,731.81,17,10:24:45,False,,False,False,732.17,13,-1,,0
668443828,731.89,17,10:24:46,False,,False,False,732.17,13,-1,,0
668443829,731.89,17,10:24:47,False,,False,False,732.17,13,-1,,0
668443830,731.89,17,10:24:48,False,,False,False,732.17,13,-1,,0
668443831,731.97,17,10:24:49,False,,False,False,732.16,13,-1,,0
668443832,731.89,17,10:24:50,False,,False,False,732.16,13,-1,,0
668443833,731.81,17,10:24:51,False,,False,False,732.16,13,-1,,0
668443834,732.04,17,10:24:52,False,,False,False,732.16,13,-1,,0
668443835,731.89,17,10:24:53,False,,False,False,732.16,13,-1,,0
668443836,732.04,17,10:24:54,False,,False,False,732.16,13,-1,,0
668443837,731.89,17,10:24:55,False,,False,False,732.16,13,-1,,0
668443838,731.81,17,10:24:56,False,,False,False,732.16,13,-1,,0
668443839,731.73,17,10:24:57,False,,False,False,732.16,13,-1,,0
668443840,732.04,17,10:24:58,False,,False,False,732.16,13,-1,,0
668443841,731.89,17,10:24:59,False,,False,False,732.16,13,-1,,0
668443842,731.88,17,10:25:00,False,,False,False,732.16,13,-1,,0
668443843,731.88,17,10:25:01,False,,False,False,732.16,13,-1,,0
668443844,731.88,17,10:25:02,False,,False,False,732.16,13,-1,,0
668443845,731.88,17,10:25:03,False,,False,False,732.15,13,-1,,0
668443846,731.81,17,10:25:04,False,,False,False,732.15,13,-1,,0
668443847,731.96,17,10:25:04,False,,False,False,732.15,13,-1,,0
668443848,731.73,17,10:25:05,False,,False,False,732.15,13,-1,,0
668443849,731.81,17,10:25:06,False,,False,False,732.15,13,-1,,0
668443850,731.96,17,10:25:07,False,,False,False,732.15,13,-1,,0
668443851,731.88,17,10:25:08,False,,False,False,732.15,13,-1,,0
668443852,732.04,17,10:25:09,False,,False,False,732.15,13,-1,,0
668443853,731.96,17,10:25:10,False,,False,False,732.15,13,-1,,0
668443854,731.8,17,10:25:11,False,,False,False,732.15,13,-1,,0
668443855,731.88,17,10:25:12,False,,False,False,732.15,13,-1,,0
668443856,731.8,17,10:25:13,False,,False,False,732.15,13,-1,,0
668443857,731.81,17,10:25:14,False,,False,False,732.15,13,-1,,0
668443858,731.88,17,10:25:15,False,,False,False,732.14,13,-1,,0
668443859,731.8,17,10:25:16,False,,False,False,732.14,13,-1,,0
668443860,732.03,17,10:25:17,False,,False,False,732.14,13,-1,,0
668443861,731.95,17,10:25:18,False,,False,False,732.14,13,-1,,0
668443862,732.11,17,10:25:19,False,,False,False,732.14,13,-1,,0
668443863,731.96,17,10:25:20,False,,False,False,732.14,13,-1,,0
668443864,732.03,17,10:25:21,False,,False,False,732.14,13,-1,,0
668443865,731.72,17,10:25:22,False,,False,False,732.14,13,-1,,0
668443866,732.03,17,10:25:23,False,,False,False,732.14,13,-1,,0
668443867,731.8,17,10:25:24,False,,False,False,732.14,13,-1,,0
668443868,731.88,17,10:25:25,False,,False,False,732.14,13,-1,,0
668443869,731.87,17,10:25:26,False,,False,False,732.14,13,-1,,0
668443870,731.88,17,10:25:27,False,,False,False,732.14,13,-1,,0
668443871,731.8,17,10:25:28,False,,False,False,732.14,13,-1,,0
668450609,733.66,17,12:14:47,False,,True,True,733.55,14,668450709,train,1
668450610,733.64,17,12:14:48,False,,True,True,733.55,14,668450709,train,1
668450611,733.62,17,12:14:49,False,,True,True,733.55,14,668450709,train,1
668450612,733.59,17,12:14:50,False,,True,True,733.55,14,668450709,train,1
668450613,733.55,17,12:14:51,False,,True,True,733.55,14,668450709,train,1
668450614,733.57,17,12:14:52,False,,True,True,733.55,14,668450709,train,1
668450615,733.55,17,12:14:53,False,,True,True,733.55,14,668450709,train,1
668450616,733.57,17,12:14:54,False,,True,True,733.55,14,668450709,train,1
668450617,733.56,17,12:14:55,False,,True,True,733.55,14,668450709,train,1
668450618,733.52,17,12:14:56,False,,True,True,733.55,14,668450709,train,1
668450619,733.52,17,12:14:57,False,,True,True,733.55,14,668450709,train,1
668450620,733.52,17,12:14:58,False,,True,True,733.55,14,668450709,train,1
668450621,733.54,17,12:14:59,False,,True,True,733.55,14,668450709,train,1
668450622,733.49,17,12:15:00,False,,True,True,733.55,14,668450709,train,1
668450623,733.54,17,12:15:01,False,,True,True,733.55,14,668450709,train,1
668450624,733.51,17,12:15:02,False,,True,True,733.55,14,668450709,train,1
668450625,733.56,17,12:15:03,False,,True,True,733.55,14,668450709,train,1
668450626,733.54,17,12:15:04,False,,True,True,733.55,14,668450709,train,1
668450627,733.54,17,12:15:05,False,,True,True,733.55,14,668450709,train,1
668450628,733.58,17,12:15:06,False,,True,True,733.56,14,668450709,train,1
668450629,733.58,17,12:15:07,False,,True,True,733.56,14,668450709,train,1
668450630,733.56,17,12:15:08,False,,True,True,733.56,14,668450709,train,1
668450631,733.55,17,12:15:09,False,,True,True,733.56,14,668450709,train,1
668450632,733.6,17,12:15:10,False,,True,True,733.56,14,668450709,train,1
668450633,733.62,17,12:15:11,False,,True,True,733.56,14,668450709,train,1
668450634,733.57,17,12:15:12,False,,True,True,733.56,14,668450709,train,1
668450635,733.57,17,12:15:13,False,,True,True,733.56,14,668450709,train,1
668450636,733.55,17,12:15:14,False,,True,True,733.56,14,668450709,train,1
668450637,733.57,17,12:15:15,False,,True,True,733.56,14,668450709,train,1
668450638,733.53,17,12:15:15,False,,True,True,733.56,14,668450709,train,1
668450639,733.57,17,12:15:16,False,,True,True,733.56,14,668450709,train,1
668450640,733.59,17,12:15:17,False,,True,True,733.56,14,668450709,train,1
668450641,733.61,17,12:15:18,False,,True,True,733.56,14,668450709,train,1
668450642,733.61,17,12:15:19,False,,True,True,733.56,14,668450709,train,1
668450643,733.61,17,12:15:20,False,,True,True,733.56,14,668450709,train,1
668450644,733.57,17,12:15:21,False,,True,True,733.56,14,668450709,train,1
668450645,733.59,17,12:15:22,False,,True,True,733.56,14,668450709,train,1
668450646,733.61,17,12:15:23,False,,True,True,733.56,14,668450709,train,1
668450647,733.65,17,12:15:24,False,,True,True,733.56,14,668450709,train,1
668450648,733.63,17,12:15:25,False,,True,True,733.56,14,668450709,train,1
668450649,733.67,17,12:15:26,False,,True,True,733.56,14,668450709,train,1
668450650,733.61,17,12:15:27,False,,True,True,733.56,14,668450709,train,1
668450651,733.65,17,12:15:28,False,,True,True,733.56,14,668450709,train,1
668450652,733.65,17,12:15:29,False,,True,True,733.56,14,668450709,train,1
668450653,733.65,17,12:15:30,False,,True,True,733.56,14,668450709,train,1
668450654,733.65,17,12:15:31,False,,True,True,733.56,14,668450709,train,1
668450655,733.58,17,12:15:32,False,,True,True,733.56,14,668450709,train,1
668450656,733.53,17,12:15:33,False,,True,True,733.56,14,668450709,train,1
668450657,733.55,17,12:15:34,False,,True,True,733.56,14,668450709,train,1
668450658,733.55,17,12:15:35,False,,True,True,733.56,14,668450709,train,1
668450659,733.53,17,12:15:36,False,,True,True,733.56,14,668450709,train,1
668450660,733.51,17,12:15:37,False,,True,True,733.56,14,668450709,train,1
668450661,733.55,17,12:15:38,False,,True,True,733.56,14,668450709,train,1
668450662,733.52,17,12:15:39,False,,True,True,733.56,14,668450709,train,1
668450663,733.46,17,12:15:40,False,,True,True,733.56,14,668450709,train,1
668450664,733.57,17,12:15:41,False,,True,True,733.56,14,668450709,train,1
668450665,733.48,17,12:15:42,False,,True,True,733.56,14,668450709,train,1
668450666,733.34,17,12:15:43,False,,True,True,733.56,14,668450709,train,1
668450667,733.31,17,12:15:44,False,,True,True,733.56,14,668450709,train,1
668450668,733.3,17,12:15:45,False,,True,True,733.56,14,668450709,train,1
668451615,733.69,17,12:31:07,False,,True,False,733.79,15,668451679,train,1
668451616,733.54,17,12:31:08,False,,True,False,733.79,15,668451679,train,1
668451617,733.77,17,12:31:09,False,,True,False,733.79,15,668451679,train,1
668451618,733.93,17,12:31:10,False,,True,False,733.79,15,668451679,train,1
668451619,733.77,17,12:31:10,False,,True,False,733.79,15,668451679,train,1
668451620,733.85,17,12:31:11,False,,True,False,733.79,15,668451679,train,1
668451621,733.85,17,12:31:12,False,,True,False,733.79,15,668451679,train,1
668451622,733.7,17,12:31:13,False,,True,False,733.79,15,668451679,train,1
668451623,733.46,17,12:31:14,False,,True,False,733.79,15,668451679,train,1
668451624,733.85,17,12:31:15,False,,True,False,733.79,15,668451679,train,1
668451625,733.7,17,12:31:16,False,,True,False,733.78,15,668451679,train,1
668451626,733.54,17,12:31:17,False,,True,False,733.78,15,668451679,train,1
668451627,733.62,17,12:31:18,False,,True,False,733.78,15,668451679,train,1
668451628,733.47,17,12:31:19,False,,True,False,733.78,15,668451679,train,1
668451629,733.77,17,12:31:20,False,,True,False,733.78,15,668451679,train,1
668451630,733.85,17,12:31:21,False,,True,False,733.78,15,668451679,train,1
668451631,733.85,17,12:31:22,False,,True,False,733.78,15,668451679,train,1
668451632,733.77,17,12:31:23,False,,True,False,733.78,15,668451679,train,1
668451633,733.77,17,12:31:24,False,,True,False,733.78,15,668451679,train,1
668451634,733.85,17,12:31:25,False,,True,False,733.78,15,668451679,train,1
668451635,733.92,17,12:31:26,False,,True,False,733.78,15,668451679,train,1
668451636,733.61,17,12:31:27,False,,True,False,733.78,15,668451679,train,1
668451637,733.84,17,12:31:28,False,,True,False,733.78,15,668451679,train,1
668451638,733.69,17,12:31:29,False,,True,False,733.78,15,668451679,train,1
668451639,733.69,17,12:31:30,False,,True,False,733.78,15,668451679,train,1
668451640,733.69,17,12:31:31,False,,True,False,733.77,15,668451679,train,1
668451641,733.77,17,12:31:32,False,,True,False,733.77,15,668451679,train,1
668451642,733.61,17,12:31:33,False,,True,False,733.77,15,668451679,train,1
668451643,733.62,17,12:31:34,False,,True,False,733.77,15,668451679,train,1
668451644,733.61,17,12:31:35,False,,True,False,733.77,15,668451679,train,1
668451645,733.69,17,12:31:36,False,,True,False,733.77,15,668451679,train,1
668451646,733.76,17,12:31:37,False,,True,False,733.77,15,668451679,train,1
668451647,733.69,17,12:31:38,False,,True,False,733.77,15,668451679,train,1
668451648,733.77,17,12:31:39,False,,True,False,733.77,15,668451679,train,1
668451649,733.69,17,12:31:40,False,,True,False,733.77,15,668451679,train,1
668451650,733.45,17,12:31:41,False,,True,False,733.77,15,668451679,train,1
668451651,733.77,17,12:31:42,False,,True,False,733.77,15,668451679,train,1
668451652,733.69,17,12:31:43,False,,True,False,733.77,15,668451679,train,1
668451653,733.46,17,12:31:44,False,,True,False,733.77,15,668451679,train,1
668451654,733.3,17,12:31:45,False,,True,False,733.77,15,668451679,train,1
668451655,733.68,17,12:31:46,False,,True,False,733.76,15,668451679,train,1
668451656,733.61,17,12:31:46,False,,True,False,733.76,15,668451679,train,1
668451657,733.53,17,12:31:47,False,,True,False,733.76,15,668451679,train,1
668451658,733.69,17,12:31:48,False,,True,False,733.76,15,668451679,train,1
668451659,733.45,17,12:31:49,False,,True,False,733.76,15,668451679,train,1
668451660,733.61,17,12:31:50,False,,True,False,733.76,15,668451679,train,1
668451661,733.45,17,12:31:51,False,,True,False,733.76,15,668451679,train,1
668451662,733.68,17,12:31:52,False,,True,False,733.76,15,668451679,train,1
668451663,733.61,17,12:31:53,False,,True,True,733.76,15,668451679,train,1
668451664,733.61,17,12:31:54,False,,True,True,733.76,15,668451679,train,1
668451665,733.53,17,12:31:55,False,,True,True,733.76,15,668451679,train,1
668451666,733.45,17,12:31:56,False,,True,True,733.76,15,668451679,train,1
668451667,733.45,17,12:31:57,False,,True,True,733.76,15,668451679,train,1
668451668,733.45,17,12:31:58,False,,True,True,733.75,15,668451679,train,1
668451669,733.6,17,12:31:59,False,,True,True,733.75,15,668451679,train,1
668451670,733.68,17,12:32:00,False,,True,True,733.75,15,668451679,train,1
668451671,733.53,17,12:32:01,False,,True,True,733.75,15,668451679,train,1
668451672,733.53,17,12:32:02,False,,True,True,733.75,15,668451679,train,1
668451673,733.45,17,12:32:03,False,,True,True,733.75,15,668451679,train,1
668451674,733.37,17,12:32:04,False,,True,True,733.75,15,668451679,train,1
668465510,723.12,17,16:16:33,False,,True,True,723.22,16,668465594,train,1
668465511,723.13,17,16:16:34,False,,True,True,723.22,16,668465594,train,1
668465512,723.06,17,16:16:35,False,,True,True,723.22,16,668465594,train,1
668465513,723.08,17,16:16:36,False,,True,True,723.22,16,668465594,train,1
668465514,723.13,17,16:16:37,False,,True,True,723.22,16,668465594,train,1
668465515,723.08,17,16:16:38,False,,True,True,723.22,16,668465594,train,1
668465516,723.1,17,16:16:39,False,,True,True,723.22,16,668465594,train,1
668465517,723.13,17,16:16:40,False,,True,True,723.22,16,668465594,train,1
668465518,723.08,17,16:16:41,False,,True,True,723.22,16,668465594,train,1
668465519,723.11,17,16:16:42,False,,True,True,723.22,16,668465594,train,1
668465520,723.09,17,16:16:43,False,,True,True,723.22,16,668465594,train,1
668465521,723.14,17,16:16:44,False,,True,True,723.22,16,668465594,train,1
668465522,723.1,17,16:16:45,False,,True,True,723.22,16,668465594,train,1
668465523,723.09,17,16:16:46,False,,True,True,723.22,16,668465594,train,1
668465524,723.14,17,16:16:47,False,,True,True,723.22,16,668465594,train,1
668465525,723.09,17,16:16:48,False,,True,True,723.22,16,668465594,train,1
668465526,723.12,17,16:16:49,False,,True,True,723.22,16,668465594,train,1
668465527,723.03,17,16:16:50,False,,True,True,723.22,16,668465594,train,1
668465528,723.03,17,16:16:51,False,,True,True,723.22,16,668465594,train,1
668465529,723.05,17,16:16:52,False,,True,True,723.22,16,668465594,train,1
668465530,723.01,17,16:16:53,False,,True,True,723.21,16,668465594,train,1
668465531,722.97,17,16:16:54,False,,True,True,723.21,16,668465594,train,1
668465532,722.99,17,16:16:55,False,,True,True,723.21,16,668465594,train,1
668465533,723.01,17,16:16:56,False,,True,True,723.21,16,668465594,train,1
668465534,722.95,17,16:16:57,False,,True,True,723.21,16,668465594,train,1
668465535,723.06,17,16:16:58,False,,True,True,723.21,16,668465594,train,1
668465536,723.08,17,16:16:59,False,,True,True,723.21,16,668465594,train,1
668465537,723.0,17,16:17:00,False,,True,True,723.21,16,668465594,train,1
668465538,723.02,17,16:17:01,False,,True,True,723.21,16,668465594,train,1
668465539,723.02,17,16:17:01,False,,True,True,723.21,16,668465594,train,1
668465540,722.99,17,16:17:02,False,,True,True,723.21,16,668465594,train,1
668465541,722.95,17,16:17:03,False,,True,True,723.21,16,668465594,train,1
668465542,722.98,17,16:17:04,False,,True,True,723.21,16,668465594,train,1
668465543,722.91,17,16:17:05,False,,True,True,723.21,16,668465594,train,1
668465544,722.91,17,16:17:06,False,,True,True,723.21,16,668465594,train,1
668465545,722.96,17,16:17:07,False,,True,True,723.21,16,668465594,train,1
668465546,722.94,17,16:17:08,False,,True,True,723.21,16,668465594,train,1
668465547,722.96,17,16:17:09,False,,True,True,723.21,16,668465594,train,1
668465548,722.9,17,16:17:10,False,,True,True,723.21,16,668465594,train,1
668465549,722.89,17,16:17:11,False,,True,True,723.21,16,668465594,train,1
668465550,722.92,17,16:17:12,False,,True,True,723.21,16,668465594,train,1
668465551,722.9,17,16:17:13,False,,True,True,723.21,16,668465594,train,1
668465552,722.87,17,16:17:14,False,,True,True,723.21,16,668465594,train,1
668465553,722.92,17,16:17:15,False,,True,True,723.21,16,668465594,train,1
668465554,722.9,17,16:17:16,False,,True,True,723.2,16,668465594,train,1
668465555,722.88,17,16:17:17,False,,True,True,723.2,16,668465594,train,1
668465556,722.88,17,16:17:18,False,,True,True,723.2,16,668465594,train,1
668465557,722.83,17,16:17:19,False,,True,True,723.2,16,668465594,train,1
668465558,722.83,17,16:17:20,False,,True,True,723.2,16,668465594,train,1
668465559,722.83,17,16:17:21,False,,True,True,723.2,16,668465594,train,1
668465560,722.82,17,16:17:22,False,,True,True,723.2,16,668465594,train,1
668465561,722.79,17,16:17:23,False,,True,True,723.2,16,668465594,train,1
668465562,722.86,17,16:17:24,False,,True,True,723.2,16,668465594,train,1
668465563,722.79,17,16:17:25,False,,True,True,723.2,16,668465594,train,1
668465564,722.75,17,16:17:26,False,,True,True,723.2,16,668465594,train,1
668465565,722.78,17,16:17:27,False,,True,True,723.2,16,668465594,train,1
668465566,722.84,17,16:17:28,False,,True,True,723.2,16,668465594,train,1
668465567,722.93,17,16:17:29,False,,True,True,723.2,16,668465594,train,1
668465568,722.87,17,16:17:30,False,,True,True,723.19,16,668465594,train,1
668465569,722.8,17,16:17:31,False,,True,True,723.19,16,668465594,train,1
668466030,723.02,17,16:24:59,False,,False,False,722.94,17,-1,,0
668466031,723.04,17,16:25:00,False,,False,False,722.94,17,-1,,0
668466032,723.0,17,16:25:01,False,,False,False,722.94,17,-1,,0
668466033,723.0,17,16:25:02,False,,False,False,722.94,17,-1,,0
668466034,722.93,17,16:25:03,False,,False,False,722.94,17,-1,,0
668466035,722.91,17,16:25:04,False,,False,False,722.94,17,-1,,0
668466036,722.94,17,16:25:05,False,,False,False,722.94,17,-1,,0
668466037,722.96,17,16:25:06,False,,False,False,722.94,17,-1,,0
668466038,722.92,17,16:25:07,False,,False,False,722.94,17,-1,,0
668466039,722.96,17,16:25:08,False,,False,False,722.94,17,-1,,0
668466040,722.97,17,16:25:09,False,,False,False,722.94,17,-1,,0
668466041,722.97,17,16:25:10,False,,False,False,722.94,17,-1,,0
668466042,722.95,17,16:25:11,False,,False,False,722.94,17,-1,,0
668466043,722.9,17,16:25:12,False,,False,False,722.94,17,-1,,0
668466044,722.92,17,16:25:13,False,,False,False,722.94,17,-1,,0
668466045,722.88,17,16:25:14,False,,False,False,722.94,17,-1,,0
668466046,722.86,17,16:25:15,False,,False,False,722.94,17,-1,,0
668466047,722.88,17,16:25:16,False,,False,False,722.94,17,-1,,0
668466048,722.88,17,16:25:17,False,,False,False,722.94,17,-1,,0
668466049,722.95,17,16:25:18,False,,False,False,722.94,17,-1,,0
668466050,722.89,17,16:25:19,False,,False,False,722.94,17,-1,,0
668466051,722.87,17,16:25:20,False,,False,False,722.94,17,-1,,0
668466052,722.93,17,16:25:21,False,,False,False,722.94,17,-1,,0
668466053,722.98,17,16:25:22,False,,False,False,722.94,17,-1,,0
668466054,722.92,17,16:25:23,False,,False,False,722.94,17,-1,,0
668466055,722.89,17,16:25:24,False,,False,False,722.94,17,-1,,0
668466056,722.87,17,16:25:25,False,,False,False,722.94,17,-1,,0
668466057,722.92,17,16:25:26,False,,False,False,722.94,17,-1,,0
668466058,722.9,17,16:25:27,False,,False,False,722.94,17,-1,,0
668466059,722.85,17,16:25:28,False,,False,False,722.94,17,-1,,0
668466060,722.9,17,16:25:29,False,,False,False,722.94,17,-1,,0
668466061,722.95,17,16:25:30,False,,False,False,722.94,17,-1,,0
668466062,722.92,17,16:25:31,False,,False,False,722.94,17,-1,,0
668466063,722.9,17,16:25:32,False,,False,False,722.94,17,-1,,0
668466064,722.95,17,16:25:33,False,,False,False,722.94,17,-1,,0
668466065,722.97,17,16:25:34,False,,False,False,722.94,17,-1,,0
668466066,722.9,17,16:25:35,False,,False,False,722.94,17,-1,,0
668466067,722.91,17,16:25:35,False,,False,False,722.94,17,-1,,0
668466068,722.89,17,16:25:36,False,,False,False,722.94,17,-1,,0
668466069,722.93,17,16:25:37,False,,False,False,722.94,17,-1,,0
668466070,722.84,17,16:25:38,False,,False,False,722.94,17,-1,,0
668466071,722.91,17,16:25:39,False,,False,False,722.94,17,-1,,0
668466072,722.96,17,16:25:40,False,,False,False,722.94,17,-1,,0
668466073,723.0,17,16:25:41,False,,False,False,722.94,17,-1,,0
668466074,722.98,17,16:25:42,False,,False,False,722.94,17,-1,,0
668466075,722.94,17,16:25:43,False,,False,False,722.95,17,-1,,0
668466076,723.03,17,16:25:44,False,,False,False,722.95,17,-1,,0
668466077,722.92,17,16:25:45,False,,False,False,722.95,17,-1,,0
668466078,722.95,17,16:25:46,False,,False,False,722.95,17,-1,,0
668466079,722.88,17,16:25:47,False,,False,False,722.95,17,-1,,0
668466080,722.97,17,16:25:48,False,,False,False,722.95,17,-1,,0
668466081,722.97,17,16:25:49,False,,False,False,722.95,17,-1,,0
668466082,722.99,17,16:25:50,False,,False,False,722.95,17,-1,,0
668466083,722.95,17,16:25:51,False,,False,False,722.95,17,-1,,0
668466084,723.02,17,16:25:52,False,,False,False,722.95,17,-1,,0
668466085,722.91,17,16:25:53,False,,False,False,722.95,17,-1,,0
668466086,722.91,17,16:25:54,False,,False,False,722.95,17,-1,,0
668466087,722.91,17,16:25:55,False,,False,False,722.96,17,-1,,0
668466088,722.91,17,16:25:56,False,,False,False,722.96,17,-1,,0
668466089,722.93,17,16:25:57,False,,False,False,722.96,17,-1,,0
668471296,723.05,17,17:50:26,False,,True,False,723.06,18,668471362,train,1
668471297,723.05,17,17:50:27,False,,True,False,723.06,18,668471362,train,1
668471298,723.03,17,17:50:28,False,,True,False,723.06,18,668471362,train,1
668471299,722.98,17,17:50:29,False,,True,False,723.06,18,668471362,train,1
668471300,723.03,17,17:50:30,False,,True,False,723.06,18,668471362,train,1
668471301,722.99,17,17:50:31,False,,True,False,723.06,18,668471362,train,1
668471302,723.05,17,17:50:32,False,,True,False,723.06,18,668471362,train,1
668471303,723.07,17,17:50:33,False,,True,False,723.06,18,668471362,train,1
668471304,723.03,17,17:50:34,False,,True,False,723.06,18,668471362,train,1
668471305,723.05,17,17:50:35,False,,True,False,723.06,18,668471362,train,1
668471306,723.09,17,17:50:36,False,,True,False,723.06,18,668471362,train,1
668471307,723.01,17,17:50:37,False,,True,False,723.06,18,668471362,train,1
668471308,722.96,17,17:50:38,False,,True,False,723.06,18,668471362,train,1
668471309,723.07,17,17:50:39,False,,True,False,723.06,18,668471362,train,1
668471310,723.03,17,17:50:40,False,,True,False,723.06,18,668471362,train,1
668471311,723.0,17,17:50:40,False,,True,False,723.06,18,668471362,train,1
668471312,723.03,17,17:50:41,False,,True,False,723.06,18,668471362,train,1
668471313,723.05,17,17:50:42,False,,True,False,723.06,18,668471362,train,1
668471314,723.03,17,17:50:43,False,,True,False,723.06,18,668471362,train,1
668471315,723.07,17,17:50:44,False,,True,False,723.06,18,668471362,train,1
668471316,723.01,17,17:50:45,False,,True,False,723.06,18,668471362,train,1
668471317,723.03,17,17:50:46,False,,True,False,723.06,18,668471362,train,1
668471318,722.99,17,17:50:47,False,,True,False,723.06,18,668471362,train,1
668471319,722.99,17,17:50:48,False,,True,False,723.06,18,668471362,train,1
668471320,722.99,17,17:50:49,False,,True,False,723.06,18,668471362,train,1
668471321,723.03,17,17:50:50,False,,True,False,723.06,18,668471362,train,1
668471322,723.03,17,17:50:51,False,,True,False,723.06,18,668471362,train,1
668471323,722.99,17,17:50:52,False,,True,False,723.06,18,668471362,train,1
668471324,723.05,17,17:50:53,False,,True,False,723.06,18,668471362,train,1
668471325,722.98,17,17:50:54,False,,True,False,723.05,18,668471362,train,1
668471326,723.01,17,17:50:55,False,,True,False,723.05,18,668471362,train,1
668471327,722.99,17,17:50:56,False,,True,False,723.05,18,668471362,train,1
668471328,722.96,17,17:50:57,False,,True,False,723.05,18,668471362,train,1
668471329,723.01,17,17:50:58,False,,True,False,723.05,18,668471362,train,1
668471330,723.01,17,17:50:59,False,,True,False,723.05,18,668471362,train,1
668471331,722.99,17,17:51:00,False,,True,False,723.05,18,668471362,train,1
668471332,722.94,17,17:51:01,False,,True,False,723.05,18,668471362,train,1
668471333,722.99,17,17:51:02,False,,True,False,723.05,18,668471362,train,1
668471334,723.03,17,17:51:03,False,,True,False,723.05,18,668471362,train,1
668471335,723.03,17,17:51:04,False,,True,False,723.05,18,668471362,train,1
668471336,722.96,17,17:51:05,False,,True,True,723.05,18,668471362,train,1
668471337,723.03,17,17:51:06,False,,True,True,723.05,18,668471362,train,1
668471338,723.0,17,17:51:07,False,,True,True,723.05,18,668471362,train,1
668471339,723.01,17,17:51:08,False,,True,True,723.05,18,668471362,train,1
668471340,722.98,17,17:51:09,False,,True,True,723.05,18,668471362,train,1
668471341,723.01,17,17:51:10,False,,True,True,723.05,18,668471362,train,1
668471342,723.05,17,17:51:11,False,,True,True,723.05,18,668471362,train,1
668471343,722.99,17,17:51:12,False,,True,True,723.05,18,668471362,train,1
668471344,722.96,17,17:51:13,False,,True,True,723.05,18,668471362,train,1
668471345,722.96,17,17:51:14,False,,True,True,723.05,18,668471362,train,1
668471346,722.99,17,17:51:15,False,,True,True,723.05,18,668471362,train,1
668471347,722.94,17,17:51:16,False,,True,True,723.05,18,668471362,train,1
668471348,722.94,17,17:51:16,False,,True,True,723.05,18,668471362,train,1
668471349,722.92,17,17:51:17,False,,True,True,723.05,18,668471362,train,1
668471350,722.87,17,17:51:18,False,,True,True,723.05,18,668471362,train,1
668471351,722.9,17,17:51:19,False,,True,True,723.05,18,668471362,train,1
668471352,722.85,17,17:51:20,False,,True,True,723.05,18,668471362,train,1
668471353,722.83,17,17:51:21,False,,True,True,723.05,18,668471362,train,1
668471354,722.85,17,17:51:22,False,,True,True,723.05,18,668471362,train,1
668471355,722.83,17,17:51:23,False,,True,True,723.05,18,668471362,train,1
668480633,739.43,17,20:21:55,False,,False,False,739.25,19,-1,,0
668480634,739.43,17,20:21:56,False,,False,False,739.26,19,-1,,0
668480635,739.43,17,20:21:57,False,,False,False,739.26,19,-1,,0
668480636,739.43,17,20:21:58,False,,False,False,739.26,19,-1,,0
668480637,739.41,17,20:21:59,False,,False,False,739.26,19,-1,,0
668480638,739.41,17,20:22:00,False,,False,False,739.26,19,-1,,0
668480639,739.45,17,20:22:01,False,,False,False,739.26,19,-1,,0
668480640,739.37,17,20:22:02,False,,False,False,739.26,19,-1,,0
668480641,739.41,17,20:22:03,False,,False,False,739.26,19,-1,,0
668480642,739.39,17,20:22:04,False,,False,False,739.26,19,-1,,0
668480643,739.43,17,20:22:05,False,,False,False,739.26,19,-1,,0
668480644,739.41,17,20:22:06,False,,False,False,739.26,19,-1,,0
668480645,739.46,17,20:22:07,False,,False,False,739.26,19,-1,,0
668480646,739.46,17,20:22:08,False,,False,False,739.26,19,-1,,0
668480647,739.42,17,20:22:09,False,,False,False,739.26,19,-1,,0
668480648,739.4,17,20:22:10,False,,False,False,739.26,19,-1,,0
668480649,739.47,17,20:22:11,False,,False,False,739.26,19,-1,,0
668480650,739.42,17,20:22:12,False,,False,False,739.26,19,-1,,0
668480651,739.43,17,20:22:13,False,,False,False,739.26,19,-1,,0
668480652,739.43,17,20:22:14,False,,False,False,739.26,19,-1,,0
668480653,739.43,17,20:22:15,False,,False,False,739.26,19,-1,,0
668480654,739.43,17,20:22:16,False,,False,False,739.26,19,-1,,0
668480655,739.38,17,20:22:17,False,,False,False,739.26,19,-1,,0
668480656,739.45,17,20:22:18,False,,False,False,739.27,19,-1,,0
668480657,739.43,17,20:22:19,False,,False,False,739.27,19,-1,,0
668480658,739.39,17,20:22:20,False,,False,False,739.27,19,-1,,0
668480659,739.41,17,20:22:21,False,,False,False,739.27,19,-1,,0
668480660,739.39,17,20:22:22,False,,False,False,739.27,19,-1,,0
668480661,739.41,17,20:22:23,False,,False,False,739.27,19,-1,,0
668480662,739.39,17,20:22:24,False,,False,False,739.27,19,-1,,0
668480663,739.44,17,20:22:25,False,,False,False,739.27,19,-1,,0
668480664,739.39,17,20:22:26,False,,False,False,739.27,19,-1,,0
668480665,739.37,17,20:22:27,False,,False,False,739.27,19,-1,,0
668480666,739.38,17,20:22:27,False,,False,False,739.27,19,-1,,0
668480667,739.44,17,20:22:28,False,,False,False,739.27,19,-1,,0
668480668,739.42,17,20:22:29,False,,False,False,739.27,19,-1,,0
668480669,739.38,17,20:22:30,False,,False,False,739.27,19,-1,,0
668480670,739.38,17,20:22:31,False,,False,False,739.27,19,-1,,0
668480671,739.43,17,20:22:32,False,,False,False,739.27,19,-1,,0
668480672,739.42,17,20:22:33,False,,False,False,739.27,19,-1,,0
668480673,739.36,17,20:22:34,False,,False,False,739.27,19,-1,,0
668480674,739.34,17,20:22:35,False,,False,False,739.27,19,-1,,0
668480675,739.38,17,20:22:36,False,,False,False,739.27,19,-1,,0
668480676,739.41,17,20:22:37,False,,False,False,739.27,19,-1,,0
668480677,739.39,17,20:22:38,False,,False,False,739.27,19,-1,,0
668480678,739.39,17,20:22:39,False,,False,False,739.27,19,-1,,0
668480679,739.39,17,20:22:40,False,,False,False,739.27,19,-1,,0
668480680,739.39,17,20:22:41,False,,False,False,739.27,19,-1,,0
668480681,739.37,17,20:22:42,False,,False,False,739.28,19,-1,,0
668480682,739.37,17,20:22:43,False,,False,False,739.28,19,-1,,0
668480683,739.39,17,20:22:44,False,,False,False,739.28,19,-1,,0
668480684,739.35,17,20:22:45,False,,False,False,739.28,19,-1,,0
668480685,739.39,17,20:22:46,False,,False,False,739.28,19,-1,,0
668480686,739.37,17,20:22:47,False,,False,False,739.28,19,-1,,0
668480687,739.39,17,20:22:48,False,,False,False,739.28,19,-1,,0
668480688,739.4,17,20:22:49,False,,False,False,739.28,19,-1,,0
668480689,739.33,17,20:22:50,False,,False,False,739.28,19,-1,,0
668480690,739.35,17,20:22:51,False,,False,False,739.28,19,-1,,0
668480691,739.42,17,20:22:52,False,,False,False,739.28,19,-1,,0
668480692,739.35,17,20:22:53,False,,False,False,739.28,19,-1,,0
668488334,732.15,17,22:26:52,False,,False,False,731.91,20,-1,,0
668488335,732.11,17,22:26:53,False,,False,False,731.91,20,-1,,0
668488336,732.13,17,22:26:54,False,,False,False,731.91,20,-1,,0
668488337,732.11,17,22:26:55,False,,False,False,731.91,20,-1,,0
668488338,732.11,17,22:26:56,False,,False,False,731.91,20,-1,,0
668488339,732.13,17,22:26:57,False,,False,False,731.91,20,-1,,0
668488340,732.1,17,22:26:58,False,,False,False,731.92,20,-1,,0
668488341,732.11,17,22:26:59,False,,False,False,731.92,20,-1,,0
668488342,732.13,17,22:27:00,False,,False,False,731.92,20,-1,,0
668488343,732.04,17,22:27:01,False,,False,False,731.92,20,-1,,0
668488344,732.09,17,22:27:02,False,,False,False,731.92,20,-1,,0
668488345,732.1,17,22:27:03,False,,False,False,731.92,20,-1,,0
668488346,732.1,17,22:27:04,False,,False,False,731.92,20,-1,,0
668488347,732.15,17,22:27:05,False,,False,False,731.92,20,-1,,0
668488348,732.19,17,22:27:06,False,,False,False,731.92,20,-1,,0
668488349,732.1,17,22:27:07,False,,False,False,731.92,20,-1,,0
668488350,732.06,17,22:27:08,False,,False,False,731.92,20,-1,,0
668488351,732.17,17,22:27:09,False,,False,False,731.92,20,-1,,0
668488352,732.17,17,22:27:10,False,,False,False,731.92,20,-1,,0
668488353,732.15,17,22:27:11,False,,False,False,731.92,20,-1,,0
668488354,732.17,17,22:27:12,False,,False,False,731.93,20,-1,,0
668488355,732.1,17,22:27:13,False,,False,False,731.93,20,-1,,0
668488356,732.16,17,22:27:14,False,,False,False,731.93,20,-1,,0
668488357,732.08,17,22:27:15,False,,False,False,731.93,20,-1,,0
668488358,732.14,17,22:27:16,False,,False,False,731.93,20,-1,,0
668488359,732.08,17,22:27:17,False,,False,False,731.93,20,-1,,0
668488360,732.18,17,22:27:18,False,,False,False,731.93,20,-1,,0
668488361,732.12,17,22:27:19,False,,False,False,731.93,20,-1,,0
668488362,732.12,17,22:27:19,False,,False,False,731.93,20,-1,,0
668488363,732.17,17,22:27:20,False,,False,False,731.93,20,-1,,0
668488364,732.08,17,22:27:21,False,,False,False,731.93,20,-1,,0
668488365,732.12,17,22:27:22,False,,False,False,731.93,20,-1,,0
668488366,732.19,17,22:27:23,False,,False,False,731.93,20,-1,,0
668488367,732.19,17,22:27:24,False,,False,False,731.93,20,-1,,0
668488368,732.08,17,22:27:25,False,,False,False,731.94,20,-1,,0
668488369,732.14,17,22:27:26,False,,False,False,731.94,20,-1,,0
668488370,732.16,17,22:27:27,False,,False,False,731.94,20,-1,,0
668488371,732.18,17,22:27:28,False,,False,False,731.94,20,-1,,0
668488372,732.14,17,22:27:29,False,,False,False,731.94,20,-1,,0
668488373,732.14,17,22:27:30,False,,False,False,731.94,20,-1,,0
668488374,732.14,17,22:27:31,False,,False,False,731.94,20,-1,,0
668488375,732.2,17,22:27:32,False,,False,False,731.94,20,-1,,0
668488376,732.18,17,22:27:33,False,,False,False,731.94,20,-1,,0
668488377,732.16,17,22:27:34,False,,False,False,731.94,20,-1,,0
668488378,732.2,17,22:27:35,False,,False,False,731.94,20,-1,,0
668488379,732.14,17,22:27:36,False,,False,False,731.94,20,-1,,0
668488380,732.15,17,22:27:37,False,,False,False,731.95,20,-1,,0
668488381,732.18,17,22:27:38,False,,False,False,731.95,20,-1,,0
668488382,732.18,17,22:27:39,False,,False,False,731.95,20,-1,,0
668488383,732.18,17,22:27:40,False,,False,False,731.95,20,-1,,0
668488384,732.18,17,22:27:41,False,,False,False,731.95,20,-1,,0
668488385,732.15,17,22:27:42,False,,False,False,731.95,20,-1,,0
668488386,732.11,17,22:27:43,False,,False,False,731.95,20,-1,,0
668488387,732.16,17,22:27:44,False,,False,False,731.95,20,-1,,0
668488388,732.15,17,22:27:45,False,,False,False,731.95,20,-1,,0
668488389,732.17,17,22:27:46,False,,False,False,731.95,20,-1,,0
668488390,732.22,17,22:27:47,False,,False,False,731.95,20,-1,,0
668488391,732.18,17,22:27:48,False,,False,False,731.95,20,-1,,0
668488392,732.15,17,22:27:49,False,,False,False,731.96,20,-1,,0
668488393,732.2,17,22:27:50,False,,False,False,731.96,20,-1,,0
668518154,742.67,18,6:30:42,False,,False,False,742.72,21,-1,,0
668518155,742.71,18,6:30:43,False,,False,False,742.72,21,-1,,0
668518156,742.71,18,6:30:44,False,,False,False,742.72,21,-1,,0
668518157,742.75,18,6:30:45,False,,False,False,742.72,21,-1,,0
668518158,742.73,18,6:30:46,False,,False,False,742.72,21,-1,,0
668518159,742.71,18,6:30:47,False,,False,False,742.72,21,-1,,0
668518160,742.64,18,6:30:48,False,,False,False,742.72,21,-1,,0
668518161,742.68,18,6:30:49,False,,False,False,742.72,21,-1,,0
668518162,742.72,18,6:30:50,False,,False,False,742.72,21,-1,,0
668518163,742.68,18,6:30:51,False,,False,False,742.72,21,-1,,0
668518164,742.68,18,6:30:52,False,,False,False,742.72,21,-1,,0
668518165,742.67,18,6:30:52,False,,False,False,742.72,21,-1,,0
668518166,742.65,18,6:30:53,False,,False,False,742.72,21,-1,,0
668518167,742.71,18,6:30:54,False,,False,False,742.72,21,-1,,0
668518168,742.69,18,6:30:55,False,,False,False,742.72,21,-1,,0
668518169,742.69,18,6:30:56,False,,False,False,742.72,21,-1,,0
668518170,742.64,18,6:30:57,False,,False,False,742.72,21,-1,,0
668518171,742.73,18,6:30:58,False,,False,False,742.72,21,-1,,0
668518172,742.69,18,6:30:59,False,,False,False,742.72,21,-1,,0
668518173,742.73,18,6:31:00,False,,False,False,742.72,21,-1,,0
668518174,742.71,18,6:31:01,False,,False,False,742.72,21,-1,,0
668518175,742.66,18,6:31:02,False,,False,False,742.72,21,-1,,0
668518176,742.7,18,6:31:03,False,,False,False,742.72,21,-1,,0
668518177,742.68,18,6:31:04,False,,False,False,742.72,21,-1,,0
668518178,742.72,18,6:31:05,False,,False,False,742.72,21,-1,,0
668518179,742.68,18,6:31:06,False,,False,False,742.72,21,-1,,0
668518180,742.72,18,6:31:07,False,,False,False,742.72,21,-1,,0
668518181,742.72,18,6:31:08,False,,False,False,742.72,21,-1,,0
668518182,742.72,18,6:31:09,False,,False,False,742.72,21,-1,,0
668518183,742.65,18,6:31:10,False,,False,False,742.72,21,-1,,0
668518184,742.67,18,6:31:11,False,,False,False,742.72,21,-1,,0
668518185,742.76,18,6:31:12,False,,False,False,742.72,21,-1,,0
668518186,742.74,18,6:31:13,False,,False,False,742.72,21,-1,,0
668518187,742.69,18,6:31:14,False,,False,False,742.72,21,-1,,0
668518188,742.67,18,6:31:15,False,,False,False,742.72,21,-1,,0
668518189,742.73,18,6:31:16,False,,False,False,742.72,21,-1,,0
668518190,742.67,18,6:31:17,False,,False,False,742.72,21,-1,,0
668518191,742.71,18,6:31:18,False,,False,False,742.72,21,-1,,0
668518192,742.7,18,6:31:19,False,,False,False,742.72,21,-1,,0
668518193,742.73,18,6:31:20,False,,False,False,742.72,21,-1,,0
668518194,742.72,18,6:31:21,False,,False,False,742.72,21,-1,,0
668518195,742.75,18,6:31:22,False,,False,False,742.72,21,-1,,0
668518196,742.72,18,6:31:23,False,,False,False,742.72,21,-1,,0
668518197,742.7,18,6:31:24,False,,False,False,742.72,21,-1,,0
668518198,742.74,18,6:31:25,False,,False,False,742.72,21,-1,,0
668518199,742.72,18,6:31:26,False,,False,False,742.72,21,-1,,0
668518200,742.74,18,6:31:27,False,,False,False,742.72,21,-1,,0
668518201,742.67,18,6:31:28,False,,False,False,742.72,21,-1,,0
668518202,742.76,18,6:31:29,False,,False,False,742.72,21,-1,,0
668518203,742.76,18,6:31:29,False,,False,False,742.72,21,-1,,0
668518204,742.69,18,6:31:30,False,,False,False,742.72,21,-1,,0
668518205,742.73,18,6:31:31,False,,False,False,742.72,21,-1,,0
668518206,742.75,18,6:31:32,False,,False,False,742.72,21,-1,,0
668518207,742.68,18,6:31:33,False,,False,False,742.72,21,-1,,0
668518208,742.73,18,6:31:34,False,,False,False,742.72,21,-1,,0
668518209,742.7,18,6:31:35,False,,False,False,742.72,21,-1,,0
668518210,742.7,18,6:31:36,False,,False,False,742.72,21,-1,,0
668518211,742.7,18,6:31:37,False,,False,False,742.72,21,-1,,0
668518212,742.7,18,6:31:38,False,,False,False,742.72,21,-1,,0
668518213,742.7,18,6:31:39,False,,False,False,742.72,21,-1,,0
668529362,736.81,18,9:32:33,False,,False,False,737.47,22,668534767,train,1
668529363,736.84,18,9:32:34,False,,False,False,737.46,22,668534767,train,1
668529364,736.8,18,9:32:35,False,,False,False,737.46,22,668534767,train,1
668529365,736.78,18,9:32:36,False,,False,False,737.46,22,668534767,train,1
668529366,736.82,18,9:32:37,False,,False,False,737.46,22,668534767,train,1
668529367,736.71,18,9:32:38,False,,False,False,737.45,22,668534767,train,1
668529368,736.81,18,9:32:39,False,,False,False,737.45,22,668534767,train,1
668529369,736.81,18,9:32:40,False,,False,False,737.45,22,668534767,train,1
668534710,728.79,18,10:59:19,False,,True,False,728.79,22,668534767,train,1
668534711,728.78,18,10:59:20,False,,True,False,728.78,22,668534767,train,1
668534712,728.81,18,10:59:21,False,,True,False,728.79,22,668534767,train,1
668534713,728.78,18,10:59:22,False,,True,False,728.79,22,668534767,train,1
668534714,728.78,18,10:59:23,False,,True,False,728.79,22,668534767,train,1
668534715,728.77,18,10:59:24,False,,True,False,728.78,22,668534767,train,1
668534716,728.79,18,10:59:25,False,,True,False,728.79,22,668534767,train,1
668534717,728.76,18,10:59:26,False,,True,False,728.78,22,668534767,train,1
668534718,728.79,18,10:59:27,False,,True,False,728.78,22,668534767,train,1
668534719,728.67,18,10:59:28,False,,True,False,728.77,22,668534767,train,1
668534720,728.69,18,10:59:29,False,,True,False,728.76,22,668534767,train,1
668534721,728.6,18,10:59:30,False,,True,False,728.75,22,668534767,train,1
668534722,728.62,18,10:59:31,False,,True,False,728.74,22,668534767,train,1
668534723,728.69,18,10:59:32,False,,True,False,728.74,22,668534767,train,1
668534724,728.73,18,10:59:33,False,,True,False,728.74,22,668534767,train,1
668534725,728.75,18,10:59:34,False,,True,False,728.74,22,668534767,train,1
668534726,728.73,18,10:59:35,False,,True,False,728.74,22,668534767,train,1
668534727,728.77,18,10:59:35,False,,True,False,728.74,22,668534767,train,1
668534728,728.77,18,10:59:36,False,,True,False,728.74,22,668534767,train,1
668534729,728.77,18,10:59:37,False,,True,False,728.74,22,668534767,train,1
668534730,728.75,18,10:59:38,False,,True,False,728.74,22,668534767,train,1
668534731,728.72,18,10:59:39,False,,True,False,728.74,22,668534767,train,1
668534732,728.78,18,10:59:40,False,,True,False,728.74,22,668534767,train,1
668534733,728.76,18,10:59:41,False,,True,False,728.74,22,668534767,train,1
668534734,728.72,18,10:59:42,False,,True,False,728.74,22,668534767,train,1
668534735,728.73,18,10:59:43,False,,True,False,728.74,22,668534767,train,1
668534736,728.76,18,10:59:44,False,,True,False,728.74,22,668534767,train,1
668534737,728.8,18,10:59:45,False,,True,False,728.74,22,668534767,train,1
668534738,728.76,18,10:59:46,False,,True,False,728.75,22,668534767,train,1
668534739,728.8,18,10:59:47,False,,True,False,728.75,22,668534767,train,1
668534740,728.8,18,10:59:48,False,,True,False,728.75,22,668534767,train,1
668534741,728.8,18,10:59:49,False,,True,False,728.75,22,668534767,train,1
668534742,728.86,18,10:59:50,False,,True,False,728.75,22,668534767,train,1
668534743,728.86,18,10:59:51,False,,True,False,728.76,22,668534767,train,1
668534744,728.83,18,10:59:52,False,,True,False,728.76,22,668534767,train,1
668534745,728.82,18,10:59:53,False,,True,False,728.76,22,668534767,train,1
668534746,728.9,18,10:59:54,False,,True,False,728.76,22,668534767,train,1
668534747,728.85,18,10:59:55,False,,True,True,728.77,22,668534767,train,1
668534748,728.85,18,10:59:56,False,,True,True,728.77,22,668534767,train,1
668534749,728.85,18,10:59:57,False,,True,True,728.77,22,668534767,train,1
668534750,728.79,18,10:59:58,False,,True,True,728.77,22,668534767,train,1
668534751,728.8,18,10:59:59,False,,True,True,728.77,22,668534767,train,1
668534752,728.8,18,11:00:00,False,,True,True,728.77,22,668534767,train,1
668534753,728.82,18,11:00:01,False,,True,True,728.77,22,668534767,train,1
668534754,728.71,18,11:00:02,False,,True,True,728.77,22,668534767,train,1
668534755,728.66,18,11:00:03,False,,True,True,728.77,22,668534767,train,1
668534756,728.75,18,11:00:04,False,,True,True,728.77,22,668534767,train,1
668534757,728.79,18,11:00:05,False,,True,True,728.77,22,668534767,train,1
668534758,728.72,18,11:00:06,False,,True,True,728.77,22,668534767,train,1
668534759,728.77,18,11:00:07,False,,True,True,728.77,22,668534767,train,1
668534760,728.72,18,11:00:08,False,,True,True,728.77,22,668534767,train,1
668534761,728.72,18,11:00:09,False,,True,True,728.77,22,668534767,train,1
668540903,731.14,18,12:39:48,False,,True,False,731.1,23,668540964,train,1
668540904,731.16,18,12:39:49,False,,True,False,731.1,23,668540964,train,1
668540905,731.18,18,12:39:50,False,,True,False,731.1,23,668540964,train,1
668540906,731.16,18,12:39:51,False,,True,False,731.1,23,668540964,train,1
668540907,731.18,18,12:39:52,False,,True,False,731.1,23,668540964,train,1
668540908,731.05,18,12:39:53,False,,True,False,731.11,23,668540964,train,1
668540909,731.15,18,12:39:54,False,,True,False,731.11,23,668540964,train,1
668540910,731.11,18,12:39:55,False,,True,False,731.11,23,668540964,train,1
668540911,731.11,18,12:39:56,False,,True,False,731.11,23,668540964,train,1
668540912,731.08,18,12:39:57,False,,True,False,731.11,23,668540964,train,1
668540913,731.13,18,12:39:58,False,,True,False,731.11,23,668540964,train,1
668540914,731.08,18,12:39:58,False,,True,False,731.11,23,668540964,train,1
668540915,731.15,18,12:39:59,False,,True,False,731.11,23,668540964,train,1
668540916,731.13,18,12:40:00,False,,True,False,731.11,23,668540964,train,1
668540917,731.06,18,12:40:01,False,,True,False,731.11,23,668540964,train,1
668540918,731.12,18,12:40:02,False,,True,False,731.11,23,668540964,train,1
668540919,731.14,18,12:40:03,False,,True,False,731.11,23,668540964,train,1
668540920,731.12,18,12:40:04,False,,True,False,731.11,23,668540964,train,1
668540921,731.1,18,12:40:05,False,,True,False,731.11,23,668540964,train,1
668540922,731.12,18,12:40:06,False,,True,False,731.11,23,668540964,train,1
668540923,731.12,18,12:40:07,False,,True,False,731.11,23,668540964,train,1
668540924,731.09,18,12:40:08,False,,True,False,731.11,23,668540964,train,1
668540925,731.03,18,12:40:09,False,,True,False,731.11,23,668540964,train,1
668540926,731.11,18,12:40:10,False,,True,False,731.11,23,668540964,train,1
668540927,731.11,18,12:40:11,False,,True,False,731.11,23,668540964,train,1
668540928,731.04,18,12:40:12,False,,True,False,731.11,23,668540964,train,1
668540929,731.11,18,12:40:13,False,,True,False,731.11,23,668540964,train,1
668540930,731.11,18,12:40:14,False,,True,False,731.11,23,668540964,train,1
668540931,731.06,18,12:40:15,False,,True,False,731.11,23,668540964,train,1
668540932,731.04,18,12:40:16,False,,True,False,731.11,23,668540964,train,1
668540933,731.1,18,12:40:17,False,,True,False,731.11,23,668540964,train,1
668540934,731.1,18,12:40:18,False,,True,False,731.11,23,668540964,train,1
668540935,731.04,18,12:40:19,False,,True,False,731.11,23,668540964,train,1
668540936,731.1,18,12:40:20,False,,True,False,731.11,23,668540964,train,1
668540937,731.1,18,12:40:21,False,,True,False,731.11,23,668540964,train,1
668540938,731.12,18,12:40:22,False,,True,False,731.11,23,668540964,train,1
668540939,731.08,18,12:40:23,False,,True,False,731.11,23,668540964,train,1
668540940,731.18,18,12:40:24,False,,True,False,731.11,23,668540964,train,1
668540941,731.08,18,12:40:25,False,,True,False,731.11,23,668540964,train,1
668540942,731.09,18,12:40:26,False,,True,False,731.11,23,668540964,train,1
668540943,731.1,18,12:40:27,False,,True,False,731.11,23,668540964,train,1
668540944,731.09,18,12:40:28,False,,True,False,731.11,23,668540964,train,1
668540945,731.16,18,12:40:29,False,,True,False,731.11,23,668540964,train,1
668540946,731.16,18,12:40:30,False,,True,False,731.11,23,668540964,train,1
668540947,731.09,18,12:40:31,False,,True,False,731.11,23,668540964,train,1
668540948,731.11,18,12:40:32,False,,True,False,731.11,23,668540964,train,1
668540949,731.13,18,12:40:33,False,,True,False,731.11,23,668540964,train,1
668540950,731.06,18,12:40:34,False,,True,False,731.11,23,668540964,train,1
668540951,731.09,18,12:40:34,False,,True,False,731.11,23,668540964,train,1
668540952,731.15,18,12:40:35,False,,True,False,731.11,23,668540964,train,1
668540953,731.13,18,12:40:36,False,,True,False,731.11,23,668540964,train,1
668540954,731.15,18,12:40:37,False,,True,False,731.11,23,668540964,train,1
668540955,731.06,18,12:40:38,False,,True,False,731.11,23,668540964,train,1
668540956,731.08,18,12:40:39,False,,True,False,731.11,23,668540964,train,1
668540957,731.01,18,12:40:40,False,,True,False,731.11,23,668540964,train,1
668540958,731.01,18,12:40:41,False,,True,True,731.11,23,668540964,train,1
668540959,731.03,18,12:40:42,False,,True,True,731.11,23,668540964,train,1
668540960,731.01,18,12:40:43,False,,True,True,731.11,23,668540964,train,1
668540961,730.96,18,12:40:44,False,,True,True,731.11,23,668540964,train,1
668540962,730.69,18,12:40:45,False,,True,True,731.11,23,668540964,train,1
668541431,730.93,18,12:48:22,False,,True,True,731.02,24,668541515,train,1
668541432,730.9,18,12:48:23,False,,True,True,731.02,24,668541515,train,1
668541433,730.95,18,12:48:24,False,,True,True,731.02,24,668541515,train,1
668541434,730.9,18,12:48:25,False,,True,True,731.02,24,668541515,train,1
668541435,730.9,18,12:48:26,False,,True,True,731.02,24,668541515,train,1
668541436,730.88,18,12:48:27,False,,True,True,731.02,24,668541515,train,1
668541437,730.94,18,12:48:28,False,,True,True,731.02,24,668541515,train,1
668541438,730.96,18,12:48:29,False,,True,True,731.02,24,668541515,train,1
668541439,730.94,18,12:48:30,False,,True,True,731.02,24,668541515,train,1
668541440,730.96,18,12:48:31,False,,True,True,731.02,24,668541515,train,1
668541441,730.94,18,12:48:32,False,,True,True,731.02,24,668541515,train,1
668541442,730.91,18,12:48:32,False,,True,True,731.02,24,668541515,train,1
668541443,730.97,18,12:48:33,False,,True,True,731.02,24,668541515,train,1
668541444,731.02,18,12:48:34,False,,True,True,731.02,24,668541515,train,1
668541445,731.0,18,12:48:35,False,,True,True,731.02,24,668541515,train,1
668541446,731.02,18,12:48:36,False,,True,True,731.01,24,668541515,train,1
668541447,730.95,18,12:48:37,False,,True,True,731.01,24,668541515,train,1
668541448,730.95,18,12:48:38,False,,True,True,731.01,24,668541515,train,1
668541449,731.02,18,12:48:39,False,,True,True,731.01,24,668541515,train,1
668541450,730.99,18,12:48:40,False,,True,True,731.01,24,668541515,train,1
668541451,731.02,18,12:48:41,False,,True,True,731.01,24,668541515,train,1
668541452,730.95,18,12:48:42,False,,True,True,731.01,24,668541515,train,1
668541453,731.01,18,12:48:43,False,,True,True,731.01,24,668541515,train,1
668541454,730.95,18,12:48:44,False,,True,True,731.01,24,668541515,train,1
668541455,730.97,18,12:48:45,False,,True,True,731.01,24,668541515,train,1
668541456,731.01,18,12:48:46,False,,True,True,731.01,24,668541515,train,1
668541457,730.99,18,12:48:47,False,,True,True,731.01,24,668541515,train,1
668541458,730.96,18,12:48:48,False,,True,True,731.01,24,668541515,train,1
668541459,731.01,18,12:48:49,False,,True,True,731.01,24,668541515,train,1
668541460,730.94,18,12:48:50,False,,True,True,731.01,24,668541515,train,1
668541461,730.98,18,12:48:51,False,,True,True,731.01,24,668541515,train,1
668541462,731.03,18,12:48:52,False,,True,True,731.01,24,668541515,train,1
668541463,730.93,18,12:48:53,False,,True,True,731.01,24,668541515,train,1
668541464,730.98,18,12:48:54,False,,True,True,731.01,24,668541515,train,1
668541465,730.96,18,12:48:55,False,,True,True,731.01,24,668541515,train,1
668541466,730.93,18,12:48:56,False,,True,True,731.01,24,668541515,train,1
668541467,730.91,18,12:48:57,False,,True,True,731.01,24,668541515,train,1
668541468,730.97,18,12:48:58,False,,True,True,731.01,24,668541515,train,1
668541469,730.86,18,12:48:59,False,,True,True,731.01,24,668541515,train,1
668541470,730.88,18,12:49:00,False,,True,True,731.01,24,668541515,train,1
668541471,730.83,18,12:49:01,False,,True,True,731.01,24,668541515,train,1
668541472,730.92,18,12:49:02,False,,True,True,731.01,24,668541515,train,1
668541473,730.87,18,12:49:03,False,,True,True,731.01,24,668541515,train,1
668541474,730.88,18,12:49:04,False,,True,True,731.01,24,668541515,train,1
668541475,730.94,18,12:49:05,False,,True,True,731.01,24,668541515,train,1
668541476,730.92,18,12:49:06,False,,True,True,731.01,24,668541515,train,1
668541477,730.87,18,12:49:07,False,,True,True,731.01,24,668541515,train,1
668541478,730.94,18,12:49:08,False,,True,True,731.01,24,668541515,train,1
668541479,730.87,18,12:49:09,False,,True,True,731.01,24,668541515,train,1
668541480,730.92,18,12:49:09,False,,True,True,731.01,24,668541515,train,1
668541481,730.82,18,12:49:10,False,,True,True,731.01,24,668541515,train,1
668541482,730.73,18,12:49:11,False,,True,True,731.01,24,668541515,train,1
668541483,730.73,18,12:49:12,False,,True,True,731.01,24,668541515,train,1
668541484,730.75,18,12:49:13,False,,True,True,731.01,24,668541515,train,1
668541485,730.77,18,12:49:14,False,,True,True,731.01,24,668541515,train,1
668541486,730.82,18,12:49:15,False,,True,True,731.01,24,668541515,train,1
668541487,730.79,18,12:49:16,False,,True,True,731.01,24,668541515,train,1
668541488,730.75,18,12:49:17,False,,True,True,731.01,24,668541515,train,1
668541489,730.68,18,12:49:18,False,,True,True,731.01,24,668541515,train,1
668541490,730.65,18,12:49:19,False,,True,True,731.0,24,668541515,train,1
668541990,730.64,18,12:57:26,False,,True,False,730.79,25,668542064,train,1
668541991,730.66,18,12:57:27,False,,True,False,730.79,25,668542064,train,1
668541992,730.66,18,12:57:28,False,,True,False,730.79,25,668542064,train,1
668541993,730.6,18,12:57:29,False,,True,False,730.79,25,668542064,train,1
668541994,730.64,18,12:57:30,False,,True,False,730.79,25,668542064,train,1
668541995,730.68,18,12:57:31,False,,True,False,730.79,25,668542064,train,1
668541996,730.63,18,12:57:32,False,,True,False,730.79,25,668542064,train,1
668541997,730.59,18,12:57:33,False,,True,False,730.79,25,668542064,train,1
668541998,730.68,18,12:57:34,False,,True,False,730.79,25,668542064,train,1
668541999,730.68,18,12:57:35,False,,True,False,730.79,25,668542064,train,1
668542000,730.7,18,12:57:36,False,,True,False,730.79,25,668542064,train,1
668542001,730.65,18,12:57:37,False,,True,False,730.79,25,668542064,train,1
668542002,730.69,18,12:57:38,False,,True,False,730.79,25,668542064,train,1
668542003,730.69,18,12:57:39,False,,True,False,730.79,25,668542064,train,1
668542004,730.67,18,12:57:40,False,,True,False,730.79,25,668542064,train,1
668542005,730.67,18,12:57:41,False,,True,False,730.79,25,668542064,train,1
668542006,730.69,18,12:57:42,False,,True,True,730.79,25,668542064,train,1
668542007,730.67,18,12:57:43,False,,True,True,730.79,25,668542064,train,1
668542008,730.67,18,12:57:43,False,,True,True,730.79,25,668542064,train,1
668542009,730.73,18,12:57:44,False,,True,True,730.79,25,668542064,train,1
668542010,730.69,18,12:57:45,False,,True,True,730.79,25,668542064,train,1
668542011,730.66,18,12:57:46,False,,True,True,730.79,25,668542064,train,1
668542012,730.66,18,12:57:47,False,,True,True,730.79,25,668542064,train,1
668542013,730.69,18,12:57:48,False,,True,True,730.79,25,668542064,train,1
668542014,730.68,18,12:57:49,False,,True,True,730.79,25,668542064,train,1
668542015,730.68,18,12:57:50,False,,True,True,730.79,25,668542064,train,1
668542016,730.72,18,12:57:51,False,,True,True,730.79,25,668542064,train,1
668542017,730.68,18,12:57:52,False,,True,True,730.79,25,668542064,train,1
668542018,730.68,18,12:57:53,False,,True,True,730.79,25,668542064,train,1
668542019,730.7,18,12:57:54,False,,True,True,730.79,25,668542064,train,1
668542020,730.7,18,12:57:55,False,,True,True,730.79,25,668542064,train,1
668542021,730.72,18,12:57:56,False,,True,True,730.79,25,668542064,train,1
668542022,730.63,18,12:57:57,False,,True,True,730.79,25,668542064,train,1
668542023,730.65,18,12:57:58,False,,True,True,730.79,25,668542064,train,1
668542024,730.65,18,12:57:59,False,,True,True,730.79,25,668542064,train,1
668542025,730.62,18,12:58:00,False,,True,True,730.79,25,668542064,train,1
668542026,730.65,18,12:58:01,False,,True,True,730.79,25,668542064,train,1
668542027,730.64,18,12:58:02,False,,True,True,730.79,25,668542064,train,1
668542028,730.59,18,12:58:03,False,,True,True,730.79,25,668542064,train,1
668542029,730.62,18,12:58:04,False,,True,True,730.79,25,668542064,train,1
668542030,730.64,18,12:58:05,False,,True,True,730.79,25,668542064,train,1
668542031,730.64,18,12:58:06,False,,True,True,730.79,25,668542064,train,1
668542032,730.62,18,12:58:07,False,,True,True,730.79,25,668542064,train,1
668542033,730.61,18,12:58:08,False,,True,True,730.79,25,668542064,train,1
668542034,730.61,18,12:58:09,False,,True,True,730.79,25,668542064,train,1
668542035,730.61,18,12:58:10,False,,True,True,730.79,25,668542064,train,1
668542036,730.61,18,12:58:11,False,,True,True,730.79,25,668542064,train,1
668542037,730.59,18,12:58:12,False,,True,True,730.79,25,668542064,train,1
668542038,730.54,18,12:58:13,False,,True,True,730.79,25,668542064,train,1
668542039,730.54,18,12:58:14,False,,True,True,730.79,25,668542064,train,1
668542040,730.51,18,12:58:15,False,,True,True,730.79,25,668542064,train,1
668542041,730.51,18,12:58:16,False,,True,True,730.79,25,668542064,train,1
668542042,730.49,18,12:58:17,False,,True,True,730.79,25,668542064,train,1
668542043,730.49,18,12:58:18,False,,True,True,730.79,25,668542064,train,1
668542044,730.51,18,12:58:19,False,,True,True,730.79,25,668542064,train,1
668542045,730.44,18,12:58:19,False,,True,True,730.79,25,668542064,train,1
668542046,730.51,18,12:58:20,False,,True,True,730.79,25,668542064,train,1
668542047,730.51,18,12:58:21,False,,True,True,730.79,25,668542064,train,1
668542048,730.51,18,12:58:22,False,,True,True,730.79,25,668542064,train,1
668542049,730.52,18,12:58:23,False,,True,True,730.79,25,668542064,train,1
668542273,730.62,18,13:02:01,False,,True,False,730.64,26,668542340,train,1
668542274,730.62,18,13:02:02,False,,True,False,730.64,26,668542340,train,1
668542275,730.58,18,13:02:03,False,,True,False,730.64,26,668542340,train,1
668542276,730.6,18,13:02:04,False,,True,False,730.64,26,668542340,train,1
668542277,730.66,18,13:02:05,False,,True,False,730.64,26,668542340,train,1
668542278,730.59,18,13:02:06,False,,True,False,730.64,26,668542340,train,1
668542279,730.64,18,13:02:07,False,,True,False,730.64,26,668542340,train,1
668542280,730.66,18,13:02:08,False,,True,False,730.64,26,668542340,train,1
668542281,730.66,18,13:02:09,False,,True,False,730.64,26,668542340,train,1
668542282,730.59,18,13:02:10,False,,True,False,730.64,26,668542340,train,1
668542283,730.59,18,13:02:11,False,,True,False,730.64,26,668542340,train,1
668542284,730.57,18,13:02:12,False,,True,False,730.64,26,668542340,train,1
668542285,730.65,18,13:02:13,False,,True,False,730.64,26,668542340,train,1
668542286,730.61,18,13:02:14,False,,True,False,730.64,26,668542340,train,1
668542287,730.56,18,13:02:15,False,,True,False,730.64,26,668542340,train,1
668542288,730.65,18,13:02:16,False,,True,False,730.64,26,668542340,train,1
668542289,730.63,18,13:02:17,False,,True,False,730.64,26,668542340,train,1
668542290,730.6,18,13:02:18,False,,True,False,730.64,26,668542340,train,1
668542291,730.58,18,13:02:19,False,,True,False,730.64,26,668542340,train,1
668542292,730.6,18,13:02:20,False,,True,False,730.64,26,668542340,train,1
668542293,730.51,18,13:02:21,False,,True,False,730.63,26,668542340,train,1
668542294,730.55,18,13:02:22,False,,True,False,730.63,26,668542340,train,1
668542295,730.57,18,13:02:23,False,,True,False,730.63,26,668542340,train,1
668542296,730.53,18,13:02:24,False,,True,False,730.63,26,668542340,train,1
668542297,730.59,18,13:02:25,False,,True,False,730.63,26,668542340,train,1
668542298,730.55,18,13:02:26,False,,True,False,730.63,26,668542340,train,1
668542299,730.55,18,13:02:27,False,,True,False,730.63,26,668542340,train,1
668542300,730.57,18,13:02:28,False,,True,False,730.63,26,668542340,train,1
668542301,730.5,18,13:02:29,False,,True,False,730.63,26,668542340,train,1
668542302,730.5,18,13:02:30,False,,True,False,730.63,26,668542340,train,1
668542303,730.47,18,13:02:31,False,,True,False,730.63,26,668542340,train,1
668542304,730.47,18,13:02:32,False,,True,False,730.63,26,668542340,train,1
668542305,730.47,18,13:02:33,False,,True,False,730.62,26,668542340,train,1
668542306,730.49,18,13:02:34,False,,True,False,730.62,26,668542340,train,1
668542307,730.54,18,13:02:35,False,,True,False,730.62,26,668542340,train,1
668542308,730.51,18,13:02:36,False,,True,False,730.62,26,668542340,train,1
668542309,730.53,18,13:02:36,False,,True,False,730.62,26,668542340,train,1
668542310,730.53,18,13:02:37,False,,True,False,730.62,26,668542340,train,1
668542311,730.53,18,13:02:38,False,,True,False,730.62,26,668542340,train,1
668542312,730.51,18,13:02:39,False,,True,True,730.62,26,668542340,train,1
668542313,730.51,18,13:02:40,False,,True,True,730.62,26,668542340,train,1
668542314,730.51,18,13:02:41,False,,True,True,730.62,26,668542340,train,1
668542315,730.57,18,13:02:42,False,,True,True,730.62,26,668542340,train,1
668542316,730.55,18,13:02:43,False,,True,True,730.62,26,668542340,train,1
668542317,730.59,18,13:02:44,False,,True,True,730.61,26,668542340,train,1
668542318,730.57,18,13:02:45,False,,True,True,730.61,26,668542340,train,1
668542319,730.57,18,13:02:46,False,,True,True,730.61,26,668542340,train,1
668542320,730.61,18,13:02:47,False,,True,True,730.61,26,668542340,train,1
668542321,730.59,18,13:02:48,False,,True,True,730.61,26,668542340,train,1
668542322,730.59,18,13:02:49,False,,True,True,730.61,26,668542340,train,1
668542323,730.5,18,13:02:50,False,,True,True,730.61,26,668542340,train,1
668542324,730.54,18,13:02:51,False,,True,True,730.61,26,668542340,train,1
668542325,730.54,18,13:02:52,False,,True,True,730.61,26,668542340,train,1
668542326,730.54,18,13:02:53,False,,True,True,730.61,26,668542340,train,1
668542327,730.49,18,13:02:54,False,,True,True,730.61,26,668542340,train,1
668542328,730.42,18,13:02:55,False,,True,True,730.61,26,668542340,train,1
668542329,730.46,18,13:02:56,False,,True,True,730.61,26,668542340,train,1
668542330,730.44,18,13:02:57,False,,True,True,730.61,26,668542340,train,1
668542331,730.42,18,13:02:58,False,,True,True,730.61,26,668542340,train,1
668542332,730.42,18,13:02:59,False,,True,True,730.6,26,668542340,train,1
668551022,723.91,18,15:23:59,False,,True,False,724.13,27,668551101,train,1
668551023,723.86,18,15:24:00,False,,True,True,724.13,27,668551101,train,1
668551024,723.8,18,15:24:00,False,,True,True,724.13,27,668551101,train,1
668551025,723.84,18,15:24:01,False,,True,True,724.13,27,668551101,train,1
668551026,723.79,18,15:24:02,False,,True,True,724.13,27,668551101,train,1
668551027,723.81,18,15:24:03,False,,True,True,724.13,27,668551101,train,1
668551028,723.81,18,15:24:04,False,,True,True,724.13,27,668551101,train,1
668551029,723.82,18,15:24:05,False,,True,True,724.13,27,668551101,train,1
668551030,723.82,18,15:24:06,False,,True,True,724.13,27,668551101,train,1
668551031,723.82,18,15:24:07,False,,True,True,724.12,27,668551101,train,1
668551032,723.79,18,15:24:08,False,,True,True,724.12,27,668551101,train,1
668551033,723.77,18,15:24:09,False,,True,True,724.12,27,668551101,train,1
668551034,723.84,18,15:24:10,False,,True,True,724.12,27,668551101,train,1
668551035,723.82,18,15:24:11,False,,True,True,724.12,27,668551101,train,1
668551036,723.81,18,15:24:12,False,,True,True,724.12,27,668551101,train,1
668551037,723.73,18,15:24:13,False,,True,True,724.12,27,668551101,train,1
668551038,723.77,18,15:24:14,False,,True,True,724.12,27,668551101,train,1
668551039,723.77,18,15:24:15,False,,True,True,724.11,27,668551101,train,1
668551040,723.79,18,15:24:16,False,,True,True,724.11,27,668551101,train,1
668551041,723.79,18,15:24:17,False,,True,True,724.11,27,668551101,train,1
668551042,723.83,18,15:24:18,False,,True,True,724.11,27,668551101,train,1
668551043,723.79,18,15:24:19,False,,True,True,724.11,27,668551101,train,1
668551044,723.75,18,15:24:20,False,,True,True,724.11,27,668551101,train,1
668551045,723.79,18,15:24:21,False,,True,True,724.11,27,668551101,train,1
668551046,723.79,18,15:24:22,False,,True,True,724.11,27,668551101,train,1
668551047,723.75,18,15:24:23,False,,True,True,724.11,27,668551101,train,1
668551048,723.81,18,15:24:24,False,,True,True,724.1,27,668551101,train,1
668551049,723.83,18,15:24:25,False,,True,True,724.1,27,668551101,train,1
668551050,723.73,18,15:24:26,False,,True,True,724.1,27,668551101,train,1
668551051,723.79,18,15:24:27,False,,True,True,724.1,27,668551101,train,1
668551052,723.79,18,15:24:28,False,,True,True,724.1,27,668551101,train,1
668551053,723.75,18,15:24:29,False,,True,True,724.1,27,668551101,train,1
668551054,723.73,18,15:24:30,False,,True,True,724.1,27,668551101,train,1
668551055,723.79,18,15:24:31,False,,True,True,724.1,27,668551101,train,1
668551056,723.76,18,15:24:32,False,,True,True,724.09,27,668551101,train,1
668551057,723.77,18,15:24:33,False,,True,True,724.09,27,668551101,train,1
668551058,723.79,18,15:24:34,False,,True,True,724.09,27,668551101,train,1
668551059,723.81,18,15:24:35,False,,True,True,724.09,27,668551101,train,1
668551060,723.83,18,15:24:36,False,,True,True,724.09,27,668551101,train,1
668551061,723.76,18,15:24:37,False,,True,True,724.09,27,668551101,train,1
668551062,723.79,18,15:24:37,False,,True,True,724.09,27,668551101,train,1
668551063,723.76,18,15:24:38,False,,True,True,724.09,27,668551101,train,1
668551064,723.74,18,15:24:39,False,,True,True,724.09,27,668551101,train,1
668551065,723.74,18,15:24:40,False,,True,True,724.08,27,668551101,train,1
668551066,723.76,18,15:24:41,False,,True,True,724.08,27,668551101,train,1
668551067,723.78,18,15:24:42,False,,True,True,724.08,27,668551101,train,1
668551068,723.76,18,15:24:43,False,,True,True,724.08,27,668551101,train,1
668551069,723.76,18,15:24:44,False,,True,True,724.08,27,668551101,train,1
668551070,723.74,18,15:24:45,False,,True,True,724.08,27,668551101,train,1
668551071,723.72,18,15:24:46,False,,True,True,724.08,27,668551101,train,1
668551072,723.68,18,15:24:47,False,,True,True,724.08,27,668551101,train,1
668551073,723.68,18,15:24:48,False,,True,True,724.07,27,668551101,train,1
668551074,723.67,18,15:24:49,False,,True,True,724.07,27,668551101,train,1
668551075,723.63,18,15:24:50,False,,True,True,724.07,27,668551101,train,1
668551076,723.68,18,15:24:51,False,,True,True,724.07,27,668551101,train,1
668551077,723.65,18,15:24:52,False,,True,True,724.07,27,668551101,train,1
668551078,723.63,18,15:24:53,False,,True,True,724.07,27,668551101,train,1
668551079,723.63,18,15:24:54,False,,True,True,724.07,27,668551101,train,1
668551080,723.49,18,15:24:55,False,,True,True,724.06,27,668551101,train,1
668551081,723.56,18,15:24:56,False,,True,True,724.06,27,668551101,train,1
668555571,723.24,18,16:37:47,False,,True,True,723.34,28,668555682,train,1
668555572,723.27,18,16:37:48,False,,True,True,723.34,28,668555682,train,1
668555573,723.2,18,16:37:49,False,,True,True,723.34,28,668555682,train,1
668555574,723.18,18,16:37:50,False,,True,True,723.34,28,668555682,train,1
668555575,723.22,18,16:37:51,False,,True,True,723.34,28,668555682,train,1
668555576,723.22,18,16:37:52,False,,True,True,723.34,28,668555682,train,1
668555577,723.24,18,16:37:53,False,,True,True,723.34,28,668555682,train,1
668555578,723.22,18,16:37:54,False,,True,True,723.34,28,668555682,train,1
668555579,723.24,18,16:37:55,False,,True,True,723.34,28,668555682,train,1
668555580,723.24,18,16:37:56,False,,True,True,723.34,28,668555682,train,1
668555581,723.17,18,16:37:57,False,,True,True,723.34,28,668555682,train,1
668555582,723.22,18,16:37:58,False,,True,True,723.34,28,668555682,train,1
668555583,723.22,18,16:37:59,False,,True,True,723.34,28,668555682,train,1
668555584,723.22,18,16:38:00,False,,True,True,723.34,28,668555682,train,1
668555585,723.17,18,16:38:01,False,,True,True,723.34,28,668555682,train,1
668555586,723.22,18,16:38:02,False,,True,True,723.33,28,668555682,train,1
668555587,723.13,18,16:38:03,False,,True,True,723.33,28,668555682,train,1
668555588,723.19,18,16:38:04,False,,True,True,723.33,28,668555682,train,1
668555589,723.22,18,16:38:04,False,,True,True,723.33,28,668555682,train,1
668555590,723.17,18,16:38:05,False,,True,True,723.33,28,668555682,train,1
668555591,723.24,18,16:38:06,False,,True,True,723.33,28,668555682,train,1
668555592,723.26,18,16:38:07,False,,True,True,723.33,28,668555682,train,1
668555593,723.21,18,16:38:08,False,,True,True,723.33,28,668555682,train,1
668555594,723.19,18,16:38:09,False,,True,True,723.33,28,668555682,train,1
668555595,723.23,18,16:38:10,False,,True,True,723.33,28,668555682,train,1
668555596,723.25,18,16:38:11,False,,True,True,723.33,28,668555682,train,1
668555597,723.24,18,16:38:12,False,,True,True,723.33,28,668555682,train,1
668555598,723.21,18,16:38:13,False,,True,True,723.33,28,668555682,train,1
668555599,723.19,18,16:38:14,False,,True,True,723.33,28,668555682,train,1
668555600,723.19,18,16:38:15,False,,True,True,723.33,28,668555682,train,1
668555601,723.19,18,16:38:16,False,,True,True,723.33,28,668555682,train,1
668555602,723.24,18,16:38:17,False,,True,True,723.33,28,668555682,train,1
668555603,723.21,18,16:38:18,False,,True,True,723.33,28,668555682,train,1
668555604,723.21,18,16:38:19,False,,True,True,723.33,28,668555682,train,1
668555605,723.23,18,16:38:20,False,,True,True,723.33,28,668555682,train,1
668555606,723.23,18,16:38:21,False,,True,True,723.32,28,668555682,train,1
668555607,723.21,18,16:38:22,False,,True,True,723.32,28,668555682,train,1
668555608,723.21,18,16:38:23,False,,True,True,723.32,28,668555682,train,1
668555609,723.19,18,16:38:24,False,,True,True,723.32,28,668555682,train,1
668555610,723.18,18,16:38:25,False,,True,True,723.32,28,668555682,train,1
668555611,723.16,18,16:38:26,False,,True,True,723.32,28,668555682,train,1
668555612,723.23,18,16:38:27,False,,True,True,723.32,28,668555682,train,1
668555613,723.18,18,16:38:28,False,,True,True,723.32,28,668555682,train,1
668555614,723.22,18,16:38:29,False,,True,True,723.32,28,668555682,train,1
668555615,723.12,18,16:38:30,False,,True,True,723.32,28,668555682,train,1
668555616,723.11,18,16:38:31,False,,True,True,723.32,28,668555682,train,1
668555617,723.25,18,16:38:32,False,,True,True,723.32,28,668555682,train,1
668555618,723.2,18,16:38:33,False,,True,True,723.32,28,668555682,train,1
668555619,723.16,18,16:38:34,False,,True,True,723.32,28,668555682,train,1
668555620,723.09,18,16:38:35,False,,True,True,723.32,28,668555682,train,1
668555621,723.2,18,16:38:36,False,,True,True,723.32,28,668555682,train,1
668555622,723.18,18,16:38:37,False,,True,True,723.32,28,668555682,train,1
668555623,723.2,18,16:38:38,False,,True,True,723.32,28,668555682,train,1
668555624,723.18,18,16:38:39,False,,True,True,723.31,28,668555682,train,1
668555625,723.16,18,16:38:40,False,,True,True,723.31,28,668555682,train,1
668555626,723.11,18,16:38:41,False,,True,True,723.31,28,668555682,train,1
668555627,723.04,18,16:38:41,False,,True,True,723.31,28,668555682,train,1
668555628,723.02,18,16:38:42,False,,True,True,723.31,28,668555682,train,1
668555629,723.06,18,16:38:43,False,,True,True,723.31,28,668555682,train,1
668555630,722.99,18,16:38:44,False,,True,True,723.31,28,668555682,train,1
668556045,722.93,18,16:45:28,False,,True,False,723.07,29,668556124,train,1
668556046,722.9,18,16:45:29,False,,True,False,723.07,29,668556124,train,1
668556047,722.87,18,16:45:30,False,,True,False,723.07,29,668556124,train,1
668556048,722.94,18,16:45:31,False,,True,True,723.07,29,668556124,train,1
668556049,722.98,18,16:45:32,False,,True,True,723.07,29,668556124,train,1
668556050,722.94,18,16:45:33,False,,True,True,723.07,29,668556124,train,1
668556051,722.96,18,16:45:34,False,,True,True,723.07,29,668556124,train,1
668556052,722.88,18,16:45:35,False,,True,True,723.07,29,668556124,train,1
668556053,722.95,18,16:45:36,False,,True,True,723.07,29,668556124,train,1
668556054,723.03,18,16:45:37,False,,True,True,723.07,29,668556124,train,1
668556055,723.04,18,16:45:38,False,,True,True,723.07,29,668556124,train,1
668556056,723.02,18,16:45:39,False,,True,True,723.06,29,668556124,train,1
668556057,723.0,18,16:45:40,False,,True,True,723.06,29,668556124,train,1
668556058,722.96,18,16:45:41,False,,True,True,723.06,29,668556124,train,1
668556059,723.05,18,16:45:42,False,,True,True,723.06,29,668556124,train,1
668556060,723.09,18,16:45:43,False,,True,True,723.06,29,668556124,train,1
668556061,723.07,18,16:45:44,False,,True,True,723.06,29,668556124,train,1
668556062,723.03,18,16:45:45,False,,True,True,723.06,29,668556124,train,1
668556063,723.04,18,16:45:46,False,,True,True,723.06,29,668556124,train,1
668556064,723.05,18,16:45:47,False,,True,True,723.06,29,668556124,train,1
668556065,723.08,18,16:45:48,False,,True,True,723.06,29,668556124,train,1
668556066,723.06,18,16:45:49,False,,True,True,723.06,29,668556124,train,1
668556067,723.04,18,16:45:50,False,,True,True,723.06,29,668556124,train,1
668556068,723.06,18,16:45:51,False,,True,True,723.06,29,668556124,train,1
668556069,722.95,18,16:45:52,False,,True,True,723.06,29,668556124,train,1
668556070,722.95,18,16:45:53,False,,True,True,723.06,29,668556124,train,1
668556071,722.95,18,16:45:54,False,,True,True,723.06,29,668556124,train,1
668556072,722.99,18,16:45:55,False,,True,True,723.06,29,668556124,train,1
668556073,722.97,18,16:45:56,False,,True,True,723.06,29,668556124,train,1
668556074,722.97,18,16:45:57,False,,True,True,723.06,29,668556124,train,1
668556075,722.99,18,16:45:58,False,,True,True,723.06,29,668556124,train,1
668556076,722.97,18,16:45:59,False,,True,True,723.06,29,668556124,train,1
668556077,722.97,18,16:46:00,False,,True,True,723.06,29,668556124,train,1
668556078,722.97,18,16:46:01,False,,True,True,723.06,29,668556124,train,1
668556079,722.97,18,16:46:01,False,,True,True,723.05,29,668556124,train,1
668556080,722.95,18,16:46:02,False,,True,True,723.05,29,668556124,train,1
668556081,722.97,18,16:46:03,False,,True,True,723.05,29,668556124,train,1
668556082,722.95,18,16:46:04,False,,True,True,723.05,29,668556124,train,1
668556083,722.97,18,16:46:05,False,,True,True,723.05,29,668556124,train,1
668556084,722.94,18,16:46:06,False,,True,True,723.05,29,668556124,train,1
668556085,722.97,18,16:46:07,False,,True,True,723.05,29,668556124,train,1
668556086,722.95,18,16:46:08,False,,True,True,723.05,29,668556124,train,1
668556087,722.9,18,16:46:09,False,,True,True,723.05,29,668556124,train,1
668556088,723.03,18,16:46:10,False,,True,True,723.05,29,668556124,train,1
668556089,722.95,18,16:46:11,False,,True,True,723.05,29,668556124,train,1
668556090,722.97,18,16:46:12,False,,True,True,723.05,29,668556124,train,1
668556091,722.96,18,16:46:13,False,,True,True,723.05,29,668556124,train,1
668556092,722.9,18,16:46:14,False,,True,True,723.05,29,668556124,train,1
668556093,722.9,18,16:46:15,False,,True,True,723.05,29,668556124,train,1
668556094,722.92,18,16:46:16,False,,True,True,723.05,29,668556124,train,1
668556095,722.83,18,16:46:17,False,,True,True,723.05,29,668556124,train,1
668556096,722.87,18,16:46:18,False,,True,True,723.05,29,668556124,train,1
668556097,722.92,18,16:46:19,False,,True,True,723.04,29,668556124,train,1
668556098,722.9,18,16:46:20,False,,True,True,723.04,29,668556124,train,1
668556099,722.96,18,16:46:21,False,,True,True,723.04,29,668556124,train,1
668556100,722.92,18,16:46:22,False,,True,True,723.04,29,668556124,train,1
668556101,722.94,18,16:46:23,False,,True,True,723.04,29,668556124,train,1
668556102,722.88,18,16:46:24,False,,True,True,723.04,29,668556124,train,1
668556103,722.87,18,16:46:25,False,,True,True,723.04,29,668556124,train,1
668556104,722.9,18,16:46:26,False,,True,True,723.04,29,668556124,train,1
668557399,722.92,18,17:07:27,False,,True,True,722.94,30,668557517,train,1
668557400,722.82,18,17:07:27,False,,True,True,722.94,30,668557517,train,1
668557401,722.88,18,17:07:28,False,,True,True,722.94,30,668557517,train,1
668557402,722.9,18,17:07:29,False,,True,True,722.94,30,668557517,train,1
668557403,722.88,18,17:07:30,False,,True,True,722.94,30,668557517,train,1
668557404,722.9,18,17:07:31,False,,True,True,722.94,30,668557517,train,1
668557405,722.91,18,17:07:32,False,,True,True,722.94,30,668557517,train,1
668557406,722.84,18,17:07:33,False,,True,True,722.94,30,668557517,train,1
668557407,722.89,18,17:07:34,False,,True,True,722.94,30,668557517,train,1
668557408,722.87,18,17:07:35,False,,True,True,722.94,30,668557517,train,1
668557409,722.91,18,17:07:36,False,,True,True,722.94,30,668557517,train,1
668557410,722.89,18,17:07:37,False,,True,True,722.94,30,668557517,train,1
668557411,722.85,18,17:07:38,False,,True,True,722.94,30,668557517,train,1
668557412,722.85,18,17:07:39,False,,True,True,722.94,30,668557517,train,1
668557413,722.83,18,17:07:40,False,,True,True,722.94,30,668557517,train,1
668557414,722.83,18,17:07:41,False,,True,True,722.94,30,668557517,train,1
668557415,722.8,18,17:07:42,False,,True,True,722.94,30,668557517,train,1
668557416,722.89,18,17:07:43,False,,True,True,722.94,30,668557517,train,1
668557417,722.94,18,17:07:44,False,,True,True,722.94,30,668557517,train,1
668557418,722.85,18,17:07:45,False,,True,True,722.94,30,668557517,train,1
668557419,722.83,18,17:07:46,False,,True,True,722.94,30,668557517,train,1
668557420,722.81,18,17:07:47,False,,True,True,722.94,30,668557517,train,1
668557421,722.81,18,17:07:48,False,,True,True,722.94,30,668557517,train,1
668557422,722.85,18,17:07:49,False,,True,True,722.94,30,668557517,train,1
668557423,722.79,18,17:07:50,False,,True,True,722.94,30,668557517,train,1
668557424,722.88,18,17:07:51,False,,True,True,722.94,30,668557517,train,1
668557425,722.84,18,17:07:52,False,,True,True,722.94,30,668557517,train,1
668557426,722.88,18,17:07:53,False,,True,True,722.94,30,668557517,train,1
668557427,722.88,18,17:07:54,False,,True,True,722.94,30,668557517,train,1
668557428,722.81,18,17:07:55,False,,True,True,722.94,30,668557517,train,1
668557429,722.86,18,17:07:56,False,,True,True,722.93,30,668557517,train,1
668557430,722.88,18,17:07:57,False,,True,True,722.93,30,668557517,train,1
668557431,722.82,18,17:07:58,False,,True,True,722.93,30,668557517,train,1
668557432,722.8,18,17:07:59,False,,True,True,722.93,30,668557517,train,1
668557433,722.84,18,17:08:00,False,,True,True,722.93,30,668557517,train,1
668557434,722.93,18,17:08:01,False,,True,True,722.93,30,668557517,train,1
668557435,722.89,18,17:08:02,False,,True,True,722.93,30,668557517,train,1
668557436,722.91,18,17:08:03,False,,True,True,722.93,30,668557517,train,1
668557437,722.96,18,17:08:03,False,,True,True,722.93,30,668557517,train,1
668557438,722.92,18,17:08:04,False,,True,True,722.93,30,668557517,train,1
668557439,722.92,18,17:08:05,False,,True,True,722.94,30,668557517,train,1
668557440,722.8,18,17:08:06,False,,True,True,722.94,30,668557517,train,1
668557441,722.78,18,17:08:07,False,,True,True,722.93,30,668557517,train,1
668557442,722.81,18,17:08:08,False,,True,True,722.93,30,668557517,train,1
668557443,722.96,18,17:08:09,False,,True,True,722.93,30,668557517,train,1
668557444,722.92,18,17:08:10,False,,True,True,722.93,30,668557517,train,1
668557445,722.87,18,17:08:11,False,,True,True,722.93,30,668557517,train,1
668557446,722.88,18,17:08:12,False,,True,True,722.93,30,668557517,train,1
668557447,722.92,18,17:08:13,False,,True,True,722.93,30,668557517,train,1
668557448,722.92,18,17:08:14,False,,True,True,722.93,30,668557517,train,1
668557449,722.92,18,17:08:15,False,,True,True,722.93,30,668557517,train,1
668557450,722.91,18,17:08:16,False,,True,True,722.93,30,668557517,train,1
668557451,722.79,18,17:08:17,False,,True,True,722.93,30,668557517,train,1
668557452,722.79,18,17:08:18,False,,True,True,722.93,30,668557517,train,1
668557453,722.77,18,17:08:19,False,,True,True,722.93,30,668557517,train,1
668557454,722.75,18,17:08:20,False,,True,True,722.93,30,668557517,train,1
668557455,722.8,18,17:08:21,False,,True,True,722.93,30,668557517,train,1
668557456,722.8,18,17:08:22,False,,True,True,722.93,30,668557517,train,1
668557457,722.82,18,17:08:23,False,,True,True,722.93,30,668557517,train,1
668557458,722.78,18,17:08:24,False,,True,True,722.93,30,668557517,train,1
668570470,738.77,18,20:39:31,False,,False,False,738.94,31,-1,,0
668570471,738.79,18,20:39:32,False,,False,False,738.94,31,-1,,0
668570472,738.77,18,20:39:33,False,,False,False,738.94,31,-1,,0
668570473,738.81,18,20:39:34,False,,False,False,738.94,31,-1,,0
668570474,738.79,18,20:39:35,False,,False,False,738.94,31,-1,,0
668570475,738.78,18,20:39:36,False,,False,False,738.94,31,-1,,0
668570476,738.74,18,20:39:37,False,,False,False,738.94,31,-1,,0
668570477,738.76,18,20:39:38,False,,False,False,738.94,31,-1,,0
668570478,738.78,18,20:39:39,False,,False,False,738.94,31,-1,,0
668570479,738.81,18,20:39:40,False,,False,False,738.94,31,-1,,0
668570480,738.76,18,20:39:41,False,,False,False,738.94,31,-1,,0
668570481,738.74,18,20:39:42,False,,False,False,738.94,31,-1,,0
668570482,738.74,18,20:39:43,False,,False,False,738.94,31,-1,,0
668570483,738.73,18,20:39:44,False,,False,False,738.94,31,-1,,0
668570484,738.8,18,20:39:45,False,,False,False,738.94,31,-1,,0
668570485,738.73,18,20:39:46,False,,False,False,738.94,31,-1,,0
668570486,738.75,18,20:39:47,False,,False,False,738.94,31,-1,,0
668570487,738.73,18,20:39:48,False,,False,False,738.94,31,-1,,0
668570488,738.73,18,20:39:49,False,,False,False,738.94,31,-1,,0
668570489,738.73,18,20:39:50,False,,False,False,738.94,31,-1,,0
668570490,738.75,18,20:39:51,False,,False,False,738.94,31,-1,,0
668570491,738.78,18,20:39:51,False,,False,False,738.94,31,-1,,0
668570492,738.82,18,20:39:52,False,,False,False,738.94,31,-1,,0
668570493,738.8,18,20:39:53,False,,False,False,738.94,31,-1,,0
668570494,738.75,18,20:39:54,False,,False,False,738.93,31,-1,,0
668570495,738.77,18,20:39:55,False,,False,False,738.93,31,-1,,0
668570496,738.73,18,20:39:56,False,,False,False,738.93,31,-1,,0
668570497,738.73,18,20:39:57,False,,False,False,738.93,31,-1,,0
668570498,738.79,18,20:39:58,False,,False,False,738.93,31,-1,,0
668570499,738.72,18,20:39:59,False,,False,False,738.93,31,-1,,0
668570500,738.75,18,20:40:00,False,,False,False,738.93,31,-1,,0
668570501,738.68,18,20:40:01,False,,False,False,738.93,31,-1,,0
668570502,738.74,18,20:40:02,False,,False,False,738.93,31,-1,,0
668570503,738.74,18,20:40:03,False,,False,False,738.93,31,-1,,0
668570504,738.76,18,20:40:04,False,,False,False,738.93,31,-1,,0
668570505,738.78,18,20:40:05,False,,False,False,738.93,31,-1,,0
668570506,738.74,18,20:40:06,False,,False,False,738.93,31,-1,,0
668570507,738.74,18,20:40:07,False,,False,False,738.93,31,-1,,0
668570508,738.81,18,20:40:08,False,,False,False,738.93,31,-1,,0
668570509,738.71,18,20:40:09,False,,False,False,738.93,31,-1,,0
668570510,738.69,18,20:40:10,False,,False,False,738.93,31,-1,,0
668570511,738.78,18,20:40:11,False,,False,False,738.93,31,-1,,0
668570512,738.73,18,20:40:12,False,,False,False,738.93,31,-1,,0
668570513,738.71,18,20:40:13,False,,False,False,738.93,31,-1,,0
668570514,738.69,18,20:40:14,False,,False,False,738.93,31,-1,,0
668570515,738.71,18,20:40:15,False,,False,False,738.93,31,-1,,0
668570516,738.73,18,20:40:16,False,,False,False,738.93,31,-1,,0
668570517,738.75,18,20:40:17,False,,False,False,738.93,31,-1,,0
668570518,738.73,18,20:40:18,False,,False,False,738.93,31,-1,,0
668570519,738.75,18,20:40:19,False,,False,False,738.93,31,-1,,0
668570520,738.75,18,20:40:20,False,,False,False,738.93,31,-1,,0
668570521,738.71,18,20:40:21,False,,False,False,738.93,31,-1,,0
668570522,738.66,18,20:40:22,False,,False,False,738.93,31,-1,,0
668570523,738.73,18,20:40:23,False,,False,False,738.93,31,-1,,0
668570524,738.73,18,20:40:24,False,,False,False,738.93,31,-1,,0
668570525,738.68,18,20:40:25,False,,False,False,738.93,31,-1,,0
668570526,738.7,18,20:40:26,False,,False,False,738.92,31,-1,,0
668570527,738.77,18,20:40:27,False,,False,False,738.92,31,-1,,0
668570528,738.75,18,20:40:27,False,,False,False,738.92,31,-1,,0
668570529,738.7,18,20:40:28,False,,False,False,738.92,31,-1,,0
668716779,732.79,20,12:13:22,False,,True,False,732.85,32,668716847,train,1
668716780,732.74,20,12:13:23,False,,True,False,732.85,32,668716847,train,1
668716781,732.65,20,12:13:24,False,,True,False,732.85,32,668716847,train,1
668716782,732.56,20,12:13:25,False,,True,False,732.84,32,668716847,train,1
668716783,732.67,20,12:13:26,False,,True,False,732.84,32,668716847,train,1
668716784,732.74,20,12:13:27,False,,True,False,732.84,32,668716847,train,1
668716785,732.76,20,12:13:28,False,,True,False,732.84,32,668716847,train,1
668716786,732.78,20,12:13:29,False,,True,False,732.84,32,668716847,train,1
668716787,732.78,20,12:13:30,False,,True,False,732.84,32,668716847,train,1
668716788,732.82,20,12:13:31,False,,True,False,732.84,32,668716847,train,1
668716789,732.8,20,12:13:32,False,,True,False,732.84,32,668716847,train,1
668716790,732.8,20,12:13:33,False,,True,False,732.84,32,668716847,train,1
668716791,732.8,20,12:13:34,False,,True,False,732.84,32,668716847,train,1
668716792,732.8,20,12:13:35,False,,True,False,732.84,32,668716847,train,1
668716793,732.82,20,12:13:36,False,,True,False,732.84,32,668716847,train,1
668716794,732.84,20,12:13:37,False,,True,False,732.84,32,668716847,train,1
668716795,732.86,20,12:13:37,False,,True,False,732.84,32,668716847,train,1
668716796,732.91,20,12:13:38,False,,True,False,732.84,32,668716847,train,1
668716797,732.91,20,12:13:39,False,,True,False,732.84,32,668716847,train,1
668716798,732.93,20,12:13:40,False,,True,False,732.84,32,668716847,train,1
668716799,733.0,20,12:13:41,False,,True,False,732.84,32,668716847,train,1
668716800,732.95,20,12:13:42,False,,True,False,732.84,32,668716847,train,1
668716801,732.91,20,12:13:43,False,,True,False,732.84,32,668716847,train,1
668716802,732.99,20,12:13:44,False,,True,False,732.84,32,668716847,train,1
668716803,732.93,20,12:13:45,False,,True,False,732.84,32,668716847,train,1
668716804,732.95,20,12:13:46,False,,True,False,732.84,32,668716847,train,1
668716805,732.95,20,12:13:47,False,,True,False,732.84,32,668716847,train,1
668716806,732.92,20,12:13:48,False,,True,False,732.84,32,668716847,train,1
668716807,732.94,20,12:13:49,False,,True,False,732.84,32,668716847,train,1
668716808,732.9,20,12:13:50,False,,True,False,732.84,32,668716847,train,1
668716809,732.88,20,12:13:51,False,,True,False,732.84,32,668716847,train,1
668716810,732.88,20,12:13:52,False,,True,False,732.84,32,668716847,train,1
668716811,732.92,20,12:13:53,False,,True,False,732.84,32,668716847,train,1
668716812,732.9,20,12:13:54,False,,True,False,732.84,32,668716847,train,1
668716813,732.94,20,12:13:55,False,,True,True,732.85,32,668716847,train,1
668716814,732.9,20,12:13:56,False,,True,True,732.84,32,668716847,train,1
668716815,732.92,20,12:13:57,False,,True,True,732.84,32,668716847,train,1
668716816,732.92,20,12:13:58,False,,True,True,732.85,32,668716847,train,1
668716817,732.92,20,12:13:59,False,,True,True,732.84,32,668716847,train,1
668716818,732.89,20,12:14:00,False,,True,True,732.84,32,668716847,train,1
668716819,732.91,20,12:14:01,False,,True,True,732.84,32,668716847,train,1
668716820,732.91,20,12:14:02,False,,True,True,732.84,32,668716847,train,1
668716821,732.91,20,12:14:03,False,,True,True,732.84,32,668716847,train,1
668716822,732.87,20,12:14:04,False,,True,True,732.84,32,668716847,train,1
668716823,732.85,20,12:14:05,False,,True,True,732.84,32,668716847,train,1
668716824,732.89,20,12:14:06,False,,True,True,732.84,32,668716847,train,1
668716825,732.8,20,12:14:07,False,,True,True,732.84,32,668716847,train,1
668716826,732.82,20,12:14:08,False,,True,True,732.84,32,668716847,train,1
668716827,732.84,20,12:14:09,False,,True,True,732.84,32,668716847,train,1
668716828,732.8,20,12:14:10,False,,True,True,732.84,32,668716847,train,1
668716829,732.75,20,12:14:11,False,,True,True,732.84,32,668716847,train,1
668716830,732.79,20,12:14:12,False,,True,True,732.84,32,668716847,train,1
668716831,732.77,20,12:14:13,False,,True,True,732.84,32,668716847,train,1
668716832,732.81,20,12:14:14,False,,True,True,732.84,32,668716847,train,1
668716833,732.77,20,12:14:14,False,,True,True,732.84,32,668716847,train,1
668716834,732.72,20,12:14:15,False,,True,True,732.84,32,668716847,train,1
668716835,732.72,20,12:14:16,False,,True,True,732.84,32,668716847,train,1
668716836,732.7,20,12:14:17,False,,True,True,732.84,32,668716847,train,1
668716837,732.68,20,12:14:18,False,,True,True,732.84,32,668716847,train,1
668716838,732.67,20,12:14:19,False,,True,True,732.84,32,668716847,train,1
668723613,729.45,20,14:04:15,False,,True,True,729.73,33,668723694,train,1
668723614,729.47,20,14:04:16,False,,True,True,729.73,33,668723694,train,1
668723615,729.44,20,14:04:17,False,,True,True,729.73,33,668723694,train,1
668723616,729.44,20,14:04:18,False,,True,True,729.72,33,668723694,train,1
668723617,729.51,20,14:04:19,False,,True,True,729.72,33,668723694,train,1
668723618,729.44,20,14:04:20,False,,True,True,729.72,33,668723694,train,1
668723619,729.44,20,14:04:21,False,,True,True,729.72,33,668723694,train,1
668723620,729.46,20,14:04:22,False,,True,True,729.72,33,668723694,train,1
668723621,729.46,20,14:04:23,False,,True,True,729.72,33,668723694,train,1
668723622,729.46,20,14:04:24,False,,True,True,729.72,33,668723694,train,1
668723623,729.45,20,14:04:25,False,,True,True,729.72,33,668723694,train,1
668723624,729.46,20,14:04:25,False,,True,True,729.71,33,668723694,train,1
668723625,729.5,20,14:04:26,False,,True,True,729.71,33,668723694,train,1
668723626,729.34,20,14:04:27,False,,True,True,729.71,33,668723694,train,1
668723627,729.36,20,14:04:28,False,,True,True,729.71,33,668723694,train,1
668723628,729.36,20,14:04:29,False,,True,True,729.71,33,668723694,train,1
668723629,729.34,20,14:04:30,False,,True,True,729.71,33,668723694,train,1
668723630,729.41,20,14:04:31,False,,True,True,729.71,33,668723694,train,1
668723631,729.36,20,14:04:32,False,,True,True,729.71,33,668723694,train,1
668723632,729.36,20,14:04:33,False,,True,True,729.7,33,668723694,train,1
668723633,729.38,20,14:04:34,False,,True,True,729.7,33,668723694,train,1
668723634,729.33,20,14:04:35,False,,True,True,729.7,33,668723694,train,1
668723635,729.33,20,14:04:36,False,,True,True,729.7,33,668723694,train,1
668723636,729.31,20,14:04:37,False,,True,True,729.7,33,668723694,train,1
668723637,729.31,20,14:04:38,False,,True,True,729.7,33,668723694,train,1
668723638,729.35,20,14:04:39,False,,True,True,729.7,33,668723694,train,1
668723639,729.35,20,14:04:40,False,,True,True,729.7,33,668723694,train,1
668723640,729.3,20,14:04:41,False,,True,True,729.69,33,668723694,train,1
668723641,729.35,20,14:04:42,False,,True,True,729.69,33,668723694,train,1
668723642,729.31,20,14:04:43,False,,True,True,729.69,33,668723694,train,1
668723643,729.3,20,14:04:44,False,,True,True,729.69,33,668723694,train,1
668723644,729.3,20,14:04:45,False,,True,True,729.69,33,668723694,train,1
668723645,729.3,20,14:04:46,False,,True,True,729.69,33,668723694,train,1
668723646,729.3,20,14:04:47,False,,True,True,729.69,33,668723694,train,1
668723647,729.34,20,14:04:48,False,,True,True,729.69,33,668723694,train,1
668723648,729.29,20,14:04:49,False,,True,True,729.68,33,668723694,train,1
668723649,729.29,20,14:04:50,False,,True,True,729.68,33,668723694,train,1
668723650,729.34,20,14:04:51,False,,True,True,729.68,33,668723694,train,1
668723651,729.22,20,14:04:52,False,,True,True,729.68,33,668723694,train,1
668723652,729.29,20,14:04:53,False,,True,True,729.68,33,668723694,train,1
668723653,729.25,20,14:04:54,False,,True,True,729.68,33,668723694,train,1
668723654,729.27,20,14:04:55,False,,True,True,729.68,33,668723694,train,1
668723655,729.31,20,14:04:56,False,,True,True,729.68,33,668723694,train,1
668723656,729.27,20,14:04:57,False,,True,True,729.67,33,668723694,train,1
668723657,729.18,20,14:04:58,False,,True,True,729.67,33,668723694,train,1
668723658,729.26,20,14:04:59,False,,True,True,729.67,33,668723694,train,1
668723659,729.26,20,14:05:00,False,,True,True,729.67,33,668723694,train,1
668723660,729.26,20,14:05:01,False,,True,True,729.67,33,668723694,train,1
668723661,729.24,20,14:05:02,False,,True,True,729.67,33,668723694,train,1
668723662,729.26,20,14:05:02,False,,True,True,729.67,33,668723694,train,1
668723663,729.26,20,14:05:03,False,,True,True,729.67,33,668723694,train,1
668723664,729.24,20,14:05:04,False,,True,True,729.66,33,668723694,train,1
668723665,729.19,20,14:05:05,False,,True,True,729.66,33,668723694,train,1
668723666,729.21,20,14:05:06,False,,True,True,729.66,33,668723694,train,1
668723667,729.19,20,14:05:07,False,,True,True,729.66,33,668723694,train,1
668723668,729.25,20,14:05:08,False,,True,True,729.66,33,668723694,train,1
668723669,729.21,20,14:05:09,False,,True,True,729.66,33,668723694,train,1
668723670,729.19,20,14:05:10,False,,True,True,729.65,33,668723694,train,1
668723671,729.23,20,14:05:11,False,,True,True,729.65,33,668723694,train,1
668723672,729.2,20,14:05:12,False,,True,True,729.65,33,668723694,train,1
668784575,745.32,21,6:33:21,False,,False,False,745.18,34,-1,,0
668784576,745.3,21,6:33:22,False,,False,False,745.18,34,-1,,0
668784577,745.32,21,6:33:23,False,,False,False,745.18,34,-1,,0
668784578,745.33,21,6:33:24,False,,False,False,745.18,34,-1,,0
668784579,745.31,21,6:33:25,False,,False,False,745.18,34,-1,,0
668784580,745.35,21,6:33:26,False,,False,False,745.18,34,-1,,0
668784581,745.31,21,6:33:27,False,,False,False,745.18,34,-1,,0
668784582,745.35,21,6:33:28,False,,False,False,745.18,34,-1,,0
668784583,745.37,21,6:33:29,False,,False,False,745.19,34,-1,,0
668784584,745.33,21,6:33:30,False,,False,False,745.19,34,-1,,0
668784585,745.32,21,6:33:31,False,,False,False,745.19,34,-1,,0
668784586,745.32,21,6:33:32,False,,False,False,745.19,34,-1,,0
668784587,745.34,21,6:33:33,False,,False,False,745.19,34,-1,,0
668784588,745.27,21,6:33:34,False,,False,False,745.19,34,-1,,0
668784589,745.29,21,6:33:35,False,,False,False,745.19,34,-1,,0
668784590,745.38,21,6:33:36,False,,False,False,745.19,34,-1,,0
668784591,745.31,21,6:33:37,False,,False,False,745.19,34,-1,,0
668784592,745.33,21,6:33:38,False,,False,False,745.19,34,-1,,0
668784593,745.33,21,6:33:38,False,,False,False,745.19,34,-1,,0
668784594,745.33,21,6:33:39,False,,False,False,745.19,34,-1,,0
668784595,745.35,21,6:33:40,False,,False,False,745.19,34,-1,,0
668784596,745.34,21,6:33:41,False,,False,False,745.19,34,-1,,0
668784597,745.28,21,6:33:42,False,,False,False,745.19,34,-1,,0
668784598,745.32,21,6:33:43,False,,False,False,745.19,34,-1,,0
668784599,745.34,21,6:33:44,False,,False,False,745.2,34,-1,,0
668784600,745.34,21,6:33:45,False,,False,False,745.2,34,-1,,0
668784601,745.31,21,6:33:46,False,,False,False,745.2,34,-1,,0
668784602,745.37,21,6:33:47,False,,False,False,745.2,34,-1,,0
668784603,745.35,21,6:33:48,False,,False,False,745.2,34,-1,,0
668784604,745.33,21,6:33:49,False,,False,False,745.2,34,-1,,0
668784605,745.33,21,6:33:50,False,,False,False,745.2,34,-1,,0
668784606,745.33,21,6:33:51,False,,False,False,745.2,34,-1,,0
668784607,745.35,21,6:33:52,False,,False,False,745.2,34,-1,,0
668784608,745.32,21,6:33:53,False,,False,False,745.2,34,-1,,0
668784609,745.36,21,6:33:54,False,,False,False,745.2,34,-1,,0
668784610,745.34,21,6:33:55,False,,False,False,745.2,34,-1,,0
668784611,745.36,21,6:33:56,False,,False,False,745.2,34,-1,,0
668784612,745.27,21,6:33:57,False,,False,False,745.2,34,-1,,0
668784613,745.36,21,6:33:58,False,,False,False,745.2,34,-1,,0
668784614,745.33,21,6:33:59,False,,False,False,745.2,34,-1,,0
668784615,745.41,21,6:34:00,False,,False,False,745.21,34,-1,,0
668784616,745.35,21,6:34:01,False,,False,False,745.21,34,-1,,0
668784617,745.39,21,6:34:02,False,,False,False,745.21,34,-1,,0
668784618,745.35,21,6:34:03,False,,False,False,745.21,34,-1,,0
668784619,745.39,21,6:34:04,False,,False,False,745.21,34,-1,,0
668784620,745.34,21,6:34:05,False,,False,False,745.21,34,-1,,0
668784621,745.36,21,6:34:06,False,,False,False,745.21,34,-1,,0
668784622,745.36,21,6:34:07,False,,False,False,745.21,34,-1,,0
668784623,745.42,21,6:34:08,False,,False,False,745.21,34,-1,,0
668784624,745.38,21,6:34:09,False,,False,False,745.21,34,-1,,0
668784625,745.4,21,6:34:10,False,,False,False,745.21,34,-1,,0
668784626,745.42,21,6:34:11,False,,False,False,745.21,34,-1,,0
668784627,745.42,21,6:34:12,False,,False,False,745.21,34,-1,,0
668784628,745.37,21,6:34:13,False,,False,False,745.22,34,-1,,0
668784629,745.41,21,6:34:14,False,,False,False,745.22,34,-1,,0
668784630,745.39,21,6:34:14,False,,False,False,745.22,34,-1,,0
668784631,745.39,21,6:34:15,False,,False,False,745.22,34,-1,,0
668784632,745.38,21,6:34:16,False,,False,False,745.22,34,-1,,0
668784633,745.4,21,6:34:17,False,,False,False,745.22,34,-1,,0
668784634,745.38,21,6:34:18,False,,False,False,745.22,34,-1,,0
668793814,745.05,21,9:03:15,False,,False,False,745.72,35,-1,,0
668793815,745.05,21,9:03:16,False,,False,False,745.71,35,-1,,0
668793816,745.04,21,9:03:17,False,,False,False,745.71,35,-1,,0
668793817,745.02,21,9:03:18,False,,False,False,745.71,35,-1,,0
668793818,745.08,21,9:03:19,False,,False,False,745.7,35,-1,,0
668793819,745.06,21,9:03:20,False,,False,False,745.7,35,-1,,0
668793820,745.06,21,9:03:21,False,,False,False,745.7,35,-1,,0
668793821,745.03,21,9:03:22,False,,False,False,745.7,35,-1,,0
668793822,745.06,21,9:03:23,False,,False,False,745.69,35,-1,,0
668793823,745.01,21,9:03:24,False,,False,False,745.69,35,-1,,0
668793824,745.05,21,9:03:25,False,,False,False,745.69,35,-1,,0
668793825,745.03,21,9:03:26,False,,False,False,745.69,35,-1,,0
668793826,745.05,21,9:03:27,False,,False,False,745.68,35,-1,,0
668793827,745.0,21,9:03:28,False,,False,False,745.68,35,-1,,0
668793828,745.0,21,9:03:29,False,,False,False,745.68,35,-1,,0
668793829,745.07,21,9:03:30,False,,False,False,745.68,35,-1,,0
668793830,745.04,21,9:03:31,False,,False,False,745.67,35,-1,,0
668793831,745.04,21,9:03:32,False,,False,False,745.67,35,-1,,0
668793832,745.02,21,9:03:33,False,,False,False,745.67,35,-1,,0
668793833,745.02,21,9:03:34,False,,False,False,745.66,35,-1,,0
668793834,745.06,21,9:03:35,False,,False,False,745.66,35,-1,,0
668793835,745.01,21,9:03:36,False,,False,False,745.66,35,-1,,0
668793836,744.98,21,9:03:36,False,,False,False,745.66,35,-1,,0
668793837,744.98,21,9:03:37,False,,False,False,745.65,35,-1,,0
668793838,744.98,21,9:03:38,False,,False,False,745.65,35,-1,,0
668793839,745.0,21,9:03:39,False,,False,False,745.65,35,-1,,0
668793840,745.06,21,9:03:40,False,,False,False,745.65,35,-1,,0
668793841,745.04,21,9:03:41,False,,False,False,745.64,35,-1,,0
668793842,745.02,21,9:03:42,False,,False,False,745.64,35,-1,,0
668793843,745.0,21,9:03:43,False,,False,False,745.64,35,-1,,0
668793844,745.04,21,9:03:44,False,,False,False,745.64,35,-1,,0
668793845,745.06,21,9:03:45,False,,False,False,745.63,35,-1,,0
668793846,744.99,21,9:03:46,False,,False,False,745.63,35,-1,,0
668793847,744.99,21,9:03:47,False,,False,False,745.63,35,-1,,0
668793848,745.03,21,9:03:48,False,,False,False,745.63,35,-1,,0
668793849,745.03,21,9:03:49,False,,False,False,745.62,35,-1,,0
668793850,745.0,21,9:03:50,False,,False,False,745.62,35,-1,,0
668793851,744.92,21,9:03:51,False,,False,False,745.62,35,-1,,0
668793852,744.98,21,9:03:52,False,,False,False,745.61,35,-1,,0
668793853,745.02,21,9:03:53,False,,False,False,745.61,35,-1,,0
668793854,745.0,21,9:03:54,False,,False,False,745.61,35,-1,,0
668793855,744.98,21,9:03:55,False,,False,False,745.61,35,-1,,0
668793856,744.95,21,9:03:56,False,,False,False,745.6,35,-1,,0
668793857,745.01,21,9:03:57,False,,False,False,745.6,35,-1,,0
668793858,744.91,21,9:03:58,False,,False,False,745.6,35,-1,,0
668793859,744.97,21,9:03:59,False,,False,False,745.6,35,-1,,0
668793860,744.96,21,9:04:00,False,,False,False,745.59,35,-1,,0
668793861,744.98,21,9:04:01,False,,False,False,745.59,35,-1,,0
668793862,744.94,21,9:04:02,False,,False,False,745.59,35,-1,,0
668793863,744.92,21,9:04:03,False,,False,False,745.59,35,-1,,0
668793864,744.94,21,9:04:04,False,,False,False,745.58,35,-1,,0
668793865,744.93,21,9:04:05,False,,False,False,745.58,35,-1,,0
668793866,744.91,21,9:04:06,False,,False,False,745.58,35,-1,,0
668793867,744.93,21,9:04:07,False,,False,False,745.58,35,-1,,0
668793868,744.93,21,9:04:08,False,,False,False,745.57,35,-1,,0
668793869,744.89,21,9:04:09,False,,False,False,745.57,35,-1,,0
668793870,744.88,21,9:04:10,False,,False,False,745.57,35,-1,,0
668793871,744.9,21,9:04:11,False,,False,False,745.56,35,-1,,0
668793872,744.88,21,9:04:12,False,,False,False,745.56,35,-1,,0
668793873,744.85,21,9:04:13,False,,False,False,745.56,35,-1,,0
668801708,731.59,21,11:11:20,False,,True,True,731.7,36,668801790,train,1
668801709,731.68,21,11:11:21,False,,True,True,731.7,36,668801790,train,1
668801710,731.62,21,11:11:22,False,,True,True,731.7,36,668801790,train,1
668801711,731.65,21,11:11:23,False,,True,True,731.7,36,668801790,train,1
668801712,731.68,21,11:11:24,False,,True,True,731.7,36,668801790,train,1
668801713,731.59,21,11:11:25,False,,True,True,731.7,36,668801790,train,1
668801714,731.63,21,11:11:26,False,,True,True,731.7,36,668801790,train,1
668801715,731.58,21,11:11:27,False,,True,True,731.7,36,668801790,train,1
668801716,731.58,21,11:11:28,False,,True,True,731.7,36,668801790,train,1
668801717,731.69,21,11:11:29,False,,True,True,731.71,36,668801790,train,1
668801718,731.65,21,11:11:30,False,,True,True,731.71,36,668801790,train,1
668801719,731.69,21,11:11:31,False,,True,True,731.71,36,668801790,train,1
668801720,731.64,21,11:11:32,False,,True,True,731.71,36,668801790,train,1
668801721,731.62,21,11:11:32,False,,True,True,731.71,36,668801790,train,1
668801722,731.55,21,11:11:33,False,,True,True,731.71,36,668801790,train,1
668801723,731.66,21,11:11:34,False,,True,True,731.71,36,668801790,train,1
668801724,731.68,21,11:11:35,False,,True,True,731.71,36,668801790,train,1
668801725,731.66,21,11:11:36,False,,True,True,731.71,36,668801790,train,1
668801726,731.64,21,11:11:37,False,,True,True,731.71,36,668801790,train,1
668801727,731.61,21,11:11:38,False,,True,True,731.71,36,668801790,train,1
668801728,731.61,21,11:11:39,False,,True,True,731.71,36,668801790,train,1
668801729,731.63,21,11:11:40,False,,True,True,731.71,36,668801790,train,1
668801730,731.63,21,11:11:41,False,,True,True,731.71,36,668801790,train,1
668801731,731.63,21,11:11:42,False,,True,True,731.71,36,668801790,train,1
668801732,731.67,21,11:11:43,False,,True,True,731.71,36,668801790,train,1
668801733,731.67,21,11:11:44,False,,True,True,731.71,36,668801790,train,1
668801734,731.65,21,11:11:45,False,,True,True,731.71,36,668801790,train,1
668801735,731.67,21,11:11:46,False,,True,True,731.71,36,668801790,train,1
668801736,731.62,21,11:11:47,False,,True,True,731.71,36,668801790,train,1
668801737,731.67,21,11:11:48,False,,True,True,731.71,36,668801790,train,1
668801738,731.69,21,11:11:49,False,,True,True,731.71,36,668801790,train,1
668801739,731.71,21,11:11:50,False,,True,True,731.71,36,668801790,train,1
668801740,731.68,21,11:11:51,False,,True,True,731.71,36,668801790,train,1
668801741,731.71,21,11:11:52,False,,True,True,731.71,36,668801790,train,1
668801742,731.71,21,11:11:53,False,,True,True,731.71,36,668801790,train,1
668801743,731.77,21,11:11:54,False,,True,True,731.71,36,668801790,train,1
668801744,731.72,21,11:11:55,False,,True,True,731.71,36,668801790,train,1
668801745,731.68,21,11:11:56,False,,True,True,731.71,36,668801790,train,1
668801746,731.7,21,11:11:57,False,,True,True,731.71,36,668801790,train,1
668801747,731.72,21,11:11:58,False,,True,True,731.71,36,668801790,train,1
668801748,731.65,21,11:11:59,False,,True,True,731.71,36,668801790,train,1
668801749,731.6,21,11:12:00,False,,True,True,731.71,36,668801790,train,1
668801750,731.56,21,11:12:01,False,,True,True,731.71,36,668801790,train,1
668801751,731.53,21,11:12:02,False,,True,True,731.71,36,668801790,train,1
668801752,731.6,21,11:12:03,False,,True,True,731.71,36,668801790,train,1
668801753,731.62,21,11:12:04,False,,True,True,731.71,36,668801790,train,1
668801754,731.55,21,11:12:05,False,,True,True,731.71,36,668801790,train,1
668801755,731.53,21,11:12:06,False,,True,True,731.7,36,668801790,train,1
668801756,731.55,21,11:12:07,False,,True,True,731.7,36,668801790,train,1
668801757,731.41,21,11:12:08,False,,True,True,731.7,36,668801790,train,1
668801758,731.43,21,11:12:09,False,,True,True,731.7,36,668801790,train,1
668801759,731.45,21,11:12:09,False,,True,True,731.7,36,668801790,train,1
668801760,731.43,21,11:12:10,False,,True,True,731.7,36,668801790,train,1
668801761,731.43,21,11:12:11,False,,True,True,731.7,36,668801790,train,1
668801762,731.43,21,11:12:12,False,,True,True,731.7,36,668801790,train,1
668801763,731.43,21,11:12:13,False,,True,True,731.7,36,668801790,train,1
668801764,731.4,21,11:12:14,False,,True,True,731.7,36,668801790,train,1
668801765,731.43,21,11:12:15,False,,True,True,731.7,36,668801790,train,1
668801766,731.43,21,11:12:16,False,,True,True,731.7,36,668801790,train,1
668801767,731.49,21,11:12:17,False,,True,True,731.7,36,668801790,train,1
668802333,731.64,21,11:21:28,False,,False,False,731.73,37,-1,,0
668802334,731.64,21,11:21:29,False,,False,False,731.73,37,-1,,0
668802335,731.62,21,11:21:30,False,,False,False,731.73,37,-1,,0
668802336,731.63,21,11:21:31,False,,False,False,731.73,37,-1,,0
668802337,731.59,21,11:21:32,False,,False,False,731.73,37,-1,,0
668802338,731.52,21,11:21:33,False,,False,False,731.73,37,-1,,0
668802339,731.63,21,11:21:34,False,,False,False,731.73,37,-1,,0
668802340,731.54,21,11:21:35,False,,False,False,731.73,37,-1,,0
668802341,731.56,21,11:21:36,False,,False,False,731.73,37,-1,,0
668802342,731.63,21,11:21:37,False,,False,False,731.73,37,-1,,0
668802343,731.58,21,11:21:38,False,,False,False,731.73,37,-1,,0
668802344,731.65,21,11:21:39,False,,False,False,731.73,37,-1,,0
668802345,731.6,21,11:21:40,False,,False,False,731.73,37,-1,,0
668802346,731.67,21,11:21:41,False,,False,False,731.73,37,-1,,0
668802347,731.67,21,11:21:42,False,,False,False,731.73,37,-1,,0
668802348,731.6,21,11:21:43,False,,False,False,731.73,37,-1,,0
668802349,731.6,21,11:21:44,False,,False,False,731.73,37,-1,,0
668802350,731.62,21,11:21:45,False,,False,False,731.73,37,-1,,0
668802351,731.53,21,11:21:46,False,,False,False,731.73,37,-1,,0
668802352,731.6,21,11:21:47,False,,False,False,731.73,37,-1,,0
668802353,731.6,21,11:21:48,False,,False,False,731.73,37,-1,,0
668802354,731.59,21,11:21:49,False,,False,False,731.73,37,-1,,0
668802355,731.57,21,11:21:50,False,,False,False,731.73,37,-1,,0
668802356,731.55,21,11:21:51,False,,False,False,731.73,37,-1,,0
668802357,731.52,21,11:21:52,False,,False,False,731.73,37,-1,,0
668802358,731.55,21,11:21:53,False,,False,False,731.73,37,-1,,0
668802359,731.48,21,11:21:54,False,,False,False,731.73,37,-1,,0
668802360,731.59,21,11:21:55,False,,False,False,731.73,37,-1,,0
668802361,731.54,21,11:21:56,False,,False,False,731.73,37,-1,,0
668802362,731.59,21,11:21:57,False,,False,False,731.73,37,-1,,0
668802363,731.63,21,11:21:57,False,,False,False,731.73,37,-1,,0
668802364,731.65,21,11:21:58,False,,False,False,731.73,37,-1,,0
668802365,731.65,21,11:21:59,False,,False,False,731.73,37,-1,,0
668802366,731.58,21,11:22:00,False,,False,False,731.73,37,-1,,0
668802367,731.54,21,11:22:01,False,,False,False,731.73,37,-1,,0
668802368,731.56,21,11:22:02,False,,False,False,731.73,37,-1,,0
668802369,731.54,21,11:22:03,False,,False,False,731.73,37,-1,,0
668802370,731.56,21,11:22:04,False,,False,False,731.73,37,-1,,0
668802371,731.58,21,11:22:05,False,,False,False,731.73,37,-1,,0
668802372,731.58,21,11:22:06,False,,False,False,731.73,37,-1,,0
668802373,731.56,21,11:22:07,False,,False,False,731.72,37,-1,,0
668802374,731.53,21,11:22:08,False,,False,False,731.72,37,-1,,0
668802375,731.64,21,11:22:09,False,,False,False,731.72,37,-1,,0
668802376,731.59,21,11:22:10,False,,False,False,731.72,37,-1,,0
668802377,731.51,21,11:22:11,False,,False,False,731.72,37,-1,,0
668802378,731.57,21,11:22:12,False,,False,False,731.72,37,-1,,0
668802379,731.59,21,11:22:13,False,,False,False,731.72,37,-1,,0
668802380,731.59,21,11:22:14,False,,False,False,731.72,37,-1,,0
668802381,731.62,21,11:22:15,False,,False,False,731.72,37,-1,,0
668802382,731.53,21,11:22:16,False,,False,False,731.72,37,-1,,0
668802383,731.59,21,11:22:17,False,,False,False,731.72,37,-1,,0
668802384,731.57,21,11:22:18,False,,False,False,731.72,37,-1,,0
668802385,731.59,21,11:22:19,False,,False,False,731.72,37,-1,,0
668802386,731.57,21,11:22:20,False,,False,False,731.72,37,-1,,0
668802387,731.56,21,11:22:21,False,,False,False,731.72,37,-1,,0
668802388,731.56,21,11:22:22,False,,False,False,731.72,37,-1,,0
668802389,731.54,21,11:22:23,False,,False,False,731.72,37,-1,,0
668802390,731.54,21,11:22:24,False,,False,False,731.72,37,-1,,0
668802391,731.56,21,11:22:25,False,,False,False,731.72,37,-1,,0
668802392,731.6,21,11:22:26,False,,False,False,731.72,37,-1,,0
668808866,731.64,21,13:07:28,False,,True,False,731.74,38,668808927,train,1
668808867,731.63,21,13:07:29,False,,True,False,731.74,38,668808927,train,1
668808868,731.7,21,13:07:30,False,,True,False,731.74,38,668808927,train,1
668808869,731.65,21,13:07:31,False,,True,False,731.74,38,668808927,train,1
668808870,731.68,21,13:07:32,False,,True,False,731.73,38,668808927,train,1
668808871,731.63,21,13:07:33,False,,True,False,731.73,38,668808927,train,1
668808872,731.61,21,13:07:34,False,,True,False,731.73,38,668808927,train,1
668808873,731.58,21,13:07:35,False,,True,False,731.73,38,668808927,train,1
668808874,731.58,21,13:07:36,False,,True,False,731.73,38,668808927,train,1
668808875,731.56,21,13:07:37,False,,True,False,731.73,38,668808927,train,1
668808876,731.6,21,13:07:38,False,,True,False,731.73,38,668808927,train,1
668808877,731.62,21,13:07:39,False,,True,False,731.73,38,668808927,train,1
668808878,731.6,21,13:07:40,False,,True,False,731.73,38,668808927,train,1
668808879,731.6,21,13:07:41,False,,True,False,731.73,38,668808927,train,1
668808880,731.59,21,13:07:42,False,,True,False,731.73,38,668808927,train,1
668808881,731.59,21,13:07:43,False,,True,False,731.73,38,668808927,train,1
668808882,731.56,21,13:07:44,False,,True,False,731.73,38,668808927,train,1
668808883,731.64,21,13:07:45,False,,True,False,731.73,38,668808927,train,1
668808884,731.61,21,13:07:46,False,,True,False,731.73,38,668808927,train,1
668808885,731.59,21,13:07:47,False,,True,False,731.73,38,668808927,train,1
668808886,731.55,21,13:07:48,False,,True,False,731.73,38,668808927,train,1
668808887,731.61,21,13:07:49,False,,True,False,731.73,38,668808927,train,1
668808888,731.63,21,13:07:50,False,,True,False,731.72,38,668808927,train,1
668808889,731.61,21,13:07:51,False,,True,False,731.72,38,668808927,train,1
668808890,731.58,21,13:07:51,False,,True,False,731.72,38,668808927,train,1
668808891,731.6,21,13:07:52,False,,True,False,731.72,38,668808927,train,1
668808892,731.6,21,13:07:53,False,,True,False,731.72,38,668808927,train,1
668808893,731.65,21,13:07:54,False,,True,False,731.72,38,668808927,train,1
668808894,731.63,21,13:07:55,False,,True,False,731.72,38,668808927,train,1
668808895,731.66,21,13:07:56,False,,True,False,731.72,38,668808927,train,1
668808896,731.68,21,13:07:57,False,,True,False,731.72,38,668808927,train,1
668808897,731.69,21,13:07:58,False,,True,False,731.72,38,668808927,train,1
668808898,731.66,21,13:07:59,False,,True,False,731.72,38,668808927,train,1
668808899,731.73,21,13:08:00,False,,True,False,731.72,38,668808927,train,1
668808900,731.77,21,13:08:01,False,,True,False,731.72,38,668808927,train,1
668808901,731.75,21,13:08:02,False,,True,False,731.72,38,668808927,train,1
668808902,731.72,21,13:08:03,False,,True,False,731.72,38,668808927,train,1
668808903,731.74,21,13:08:04,False,,True,False,731.72,38,668808927,train,1
668808904,731.79,21,13:08:05,False,,True,False,731.72,38,668808927,train,1
668808905,731.76,21,13:08:06,False,,True,False,731.72,38,668808927,train,1
668808906,731.83,21,13:08:07,False,,True,False,731.72,38,668808927,train,1
668808907,731.77,21,13:08:08,False,,True,False,731.72,38,668808927,train,1
668808908,731.8,21,13:08:09,False,,True,False,731.72,38,668808927,train,1
668808909,731.78,21,13:08:10,False,,True,False,731.72,38,668808927,train,1
668808910,731.76,21,13:08:11,False,,True,False,731.72,38,668808927,train,1
668808911,731.83,21,13:08:12,False,,True,False,731.72,38,668808927,train,1
668808912,731.83,21,13:08:13,False,,True,False,731.72,38,668808927,train,1
668808913,731.83,21,13:08:14,False,,True,False,731.72,38,668808927,train,1
668808914,731.89,21,13:08:15,False,,True,False,731.72,38,668808927,train,1
668808915,731.82,21,13:08:16,False,,True,False,731.72,38,668808927,train,1
668808916,731.82,21,13:08:17,False,,True,False,731.72,38,668808927,train,1
668808917,731.78,21,13:08:18,False,,True,False,731.72,38,668808927,train,1
668808918,731.77,21,13:08:19,False,,True,False,731.72,38,668808927,train,1
668808919,731.77,21,13:08:20,False,,True,False,731.72,38,668808927,train,1
668808920,731.66,21,13:08:21,False,,True,False,731.72,38,668808927,train,1
668808921,731.61,21,13:08:22,False,,True,True,731.72,38,668808927,train,1
668808922,731.52,21,13:08:23,False,,True,True,731.72,38,668808927,train,1
668808923,731.29,21,13:08:24,False,,True,True,731.72,38,668808927,train,1
668808924,730.75,21,13:08:25,False,,True,True,731.72,38,668808927,train,1
668808925,730.01,21,13:08:26,False,,True,True,731.71,38,668808927,train,1
668810444,731.08,21,13:33:04,False,,True,True,731.28,39,668810541,train,1
668810445,731.06,21,13:33:05,False,,True,True,731.28,39,668810541,train,1
668810446,731.06,21,13:33:06,False,,True,True,731.28,39,668810541,train,1
668810447,731.05,21,13:33:07,False,,True,True,731.28,39,668810541,train,1
668810448,731.05,21,13:33:08,False,,True,True,731.28,39,668810541,train,1
668810449,731.05,21,13:33:09,False,,True,True,731.27,39,668810541,train,1
668810450,731.05,21,13:33:10,False,,True,True,731.27,39,668810541,train,1
668810451,731.05,21,13:33:11,False,,True,True,731.27,39,668810541,train,1
668810452,731.04,21,13:33:12,False,,True,True,731.27,39,668810541,train,1
668810453,731.05,21,13:33:13,False,,True,True,731.27,39,668810541,train,1
668810454,731.02,21,13:33:14,False,,True,True,731.27,39,668810541,train,1
668810455,730.98,21,13:33:15,False,,True,True,731.27,39,668810541,train,1
668810456,731.02,21,13:33:16,False,,True,True,731.27,39,668810541,train,1
668810457,731.04,21,13:33:17,False,,True,True,731.27,39,668810541,train,1
668810458,731.02,21,13:33:18,False,,True,True,731.27,39,668810541,train,1
668810459,731.04,21,13:33:19,False,,True,True,731.27,39,668810541,train,1
668810460,731.08,21,13:33:20,False,,True,True,731.27,39,668810541,train,1
668810461,731.04,21,13:33:21,False,,True,True,731.27,39,668810541,train,1
668810462,731.04,21,13:33:22,False,,True,True,731.27,39,668810541,train,1
668810463,731.01,21,13:33:23,False,,True,True,731.27,39,668810541,train,1
668810464,731.01,21,13:33:24,False,,True,True,731.27,39,668810541,train,1
668810465,730.95,21,13:33:25,False,,True,True,731.27,39,668810541,train,1
668810466,731.03,21,13:33:26,False,,True,True,731.27,39,668810541,train,1
668810467,731.03,21,13:33:27,False,,True,True,731.26,39,668810541,train,1
668810468,730.96,21,13:33:28,False,,True,True,731.26,39,668810541,train,1
668810469,730.99,21,13:33:29,False,,True,True,731.26,39,668810541,train,1
668810470,731.0,21,13:33:30,False,,True,True,731.26,39,668810541,train,1
668810471,730.98,21,13:33:31,False,,True,True,731.26,39,668810541,train,1
668810472,730.96,21,13:33:32,False,,True,True,731.26,39,668810541,train,1
668810473,731.0,21,13:33:33,False,,True,True,731.26,39,668810541,train,1
668810474,731.0,21,13:33:33,False,,True,True,731.26,39,668810541,train,1
668810475,730.97,21,13:33:34,False,,True,True,731.26,39,668810541,train,1
668810476,730.93,21,13:33:35,False,,True,True,731.26,39,668810541,train,1
668810477,730.97,21,13:33:36,False,,True,True,731.26,39,668810541,train,1
668810478,730.95,21,13:33:37,False,,True,True,731.26,39,668810541,train,1
668810479,730.95,21,13:33:38,False,,True,True,731.26,39,668810541,train,1
668810480,730.94,21,13:33:39,False,,True,True,731.26,39,668810541,train,1
668810481,730.94,21,13:33:40,False,,True,True,731.26,39,668810541,train,1
668810482,730.97,21,13:33:41,False,,True,True,731.25,39,668810541,train,1
668810483,730.9,21,13:33:42,False,,True,True,731.25,39,668810541,train,1
668810484,730.88,21,13:33:43,False,,True,True,731.25,39,668810541,train,1
668810485,730.87,21,13:33:44,False,,True,True,731.25,39,668810541,train,1
668810486,730.89,21,13:33:45,False,,True,True,731.25,39,668810541,train,1
668810487,730.83,21,13:33:46,False,,True,True,731.25,39,668810541,train,1
668810488,730.87,21,13:33:47,False,,True,True,731.25,39,668810541,train,1
668810489,730.84,21,13:33:48,False,,True,True,731.25,39,668810541,train,1
668810490,730.84,21,13:33:49,False,,True,True,731.25,39,668810541,train,1
668810491,730.85,21,13:33:50,False,,True,True,731.25,39,668810541,train,1
668810492,730.84,21,13:33:51,False,,True,True,731.25,39,668810541,train,1
668810493,730.8,21,13:33:52,False,,True,True,731.24,39,668810541,train,1
668810494,730.8,21,13:33:53,False,,True,True,731.24,39,668810541,train,1
668810495,730.79,21,13:33:54,False,,True,True,731.24,39,668810541,train,1
668810496,730.75,21,13:33:55,False,,True,True,731.24,39,668810541,train,1
668810497,730.79,21,13:33:56,False,,True,True,731.24,39,668810541,train,1
668810498,730.77,21,13:33:57,False,,True,True,731.24,39,668810541,train,1
668810499,730.77,21,13:33:58,False,,True,True,731.24,39,668810541,train,1
668810500,730.77,21,13:33:59,False,,True,True,731.24,39,668810541,train,1
668810501,730.83,21,13:34:00,False,,True,True,731.24,39,668810541,train,1
668810502,730.8,21,13:34:01,False,,True,True,731.24,39,668810541,train,1
668810503,730.76,21,13:34:02,False,,True,True,731.23,39,668810541,train,1
668811589,729.81,21,13:51:39,False,,True,False,730.05,40,668811652,train,1
668811590,729.83,21,13:51:40,False,,True,False,730.05,40,668811652,train,1
668811591,729.8,21,13:51:41,False,,True,False,730.05,40,668811652,train,1
668811592,729.8,21,13:51:42,False,,True,False,730.05,40,668811652,train,1
668811593,729.76,21,13:51:43,False,,True,False,730.05,40,668811652,train,1
668811594,729.78,21,13:51:44,False,,True,False,730.04,40,668811652,train,1
668811595,729.76,21,13:51:45,False,,True,False,730.04,40,668811652,train,1
668811596,729.78,21,13:51:46,False,,True,False,730.04,40,668811652,train,1
668811597,729.82,21,13:51:47,False,,True,False,730.04,40,668811652,train,1
668811598,729.78,21,13:51:48,False,,True,False,730.04,40,668811652,train,1
668811599,729.84,21,13:51:49,False,,True,False,730.04,40,668811652,train,1
668811600,729.8,21,13:51:50,False,,True,False,730.04,40,668811652,train,1
668811601,729.77,21,13:51:51,False,,True,False,730.04,40,668811652,train,1
668811602,729.82,21,13:51:52,False,,True,False,730.04,40,668811652,train,1
668811603,729.8,21,13:51:53,False,,True,False,730.04,40,668811652,train,1
668811604,729.81,21,13:51:54,False,,True,False,730.04,40,668811652,train,1
668811605,729.88,21,13:51:55,False,,True,False,730.03,40,668811652,train,1
668811606,729.82,21,13:51:55,False,,True,False,730.03,40,668811652,train,1
668811607,729.86,21,13:51:56,False,,True,False,730.03,40,668811652,train,1
668811608,729.88,21,13:51:57,False,,True,False,730.03,40,668811652,train,1
668811609,729.88,21,13:51:58,False,,True,False,730.03,40,668811652,train,1
668811610,729.92,21,13:51:59,False,,True,False,730.03,40,668811652,train,1
668811611,729.88,21,13:52:00,False,,True,False,730.03,40,668811652,train,1
668811612,729.9,21,13:52:01,False,,True,False,730.03,40,668811652,train,1
668811613,729.92,21,13:52:02,False,,True,False,730.03,40,668811652,train,1
668811614,729.96,21,13:52:03,False,,True,False,730.03,40,668811652,train,1
668811615,729.92,21,13:52:04,False,,True,False,730.03,40,668811652,train,1
668811616,729.94,21,13:52:05,False,,True,False,730.03,40,668811652,train,1
668811617,729.94,21,13:52:06,False,,True,False,730.03,40,668811652,train,1
668811618,729.92,21,13:52:07,False,,True,False,730.03,40,668811652,train,1
668811619,729.96,21,13:52:08,False,,True,False,730.02,40,668811652,train,1
668811620,729.92,21,13:52:09,False,,True,False,730.02,40,668811652,train,1
668811621,729.95,21,13:52:10,False,,True,False,730.02,40,668811652,train,1
668811622,729.98,21,13:52:11,False,,True,False,730.02,40,668811652,train,1
668811623,729.94,21,13:52:12,False,,True,False,730.02,40,668811652,train,1
668811624,729.96,21,13:52:13,False,,True,False,730.02,40,668811652,train,1
668811625,729.98,21,13:52:14,False,,True,False,730.02,40,668811652,train,1
668811626,729.98,21,13:52:15,False,,True,False,730.02,40,668811652,train,1
668811627,729.96,21,13:52:16,False,,True,False,730.02,40,668811652,train,1
668811628,729.98,21,13:52:17,False,,True,False,730.02,40,668811652,train,1
668811629,729.91,21,13:52:18,False,,True,False,730.02,40,668811652,train,1
668811630,729.91,21,13:52:19,False,,True,False,730.02,40,668811652,train,1
668811631,729.9,21,13:52:20,False,,True,False,730.02,40,668811652,train,1
668811632,729.88,21,13:52:21,False,,True,False,730.02,40,668811652,train,1
668811633,729.95,21,13:52:22,False,,True,False,730.02,40,668811652,train,1
668811634,729.84,21,13:52:23,False,,True,False,730.01,40,668811652,train,1
668811635,729.84,21,13:52:24,False,,True,False,730.01,40,668811652,train,1
668811636,729.85,21,13:52:25,False,,True,False,730.01,40,668811652,train,1
668811637,729.81,21,13:52:26,False,,True,True,730.01,40,668811652,train,1
668811638,729.83,21,13:52:27,False,,True,True,730.01,40,668811652,train,1
668811639,729.81,21,13:52:28,False,,True,True,730.01,40,668811652,train,1
668811640,729.76,21,13:52:29,False,,True,True,730.01,40,668811652,train,1
668811641,729.76,21,13:52:30,False,,True,True,730.01,40,668811652,train,1
668811642,729.74,21,13:52:31,False,,True,True,730.01,40,668811652,train,1
668811643,729.74,21,13:52:32,False,,True,True,730.01,40,668811652,train,1
668811644,729.71,21,13:52:32,False,,True,True,730.01,40,668811652,train,1
668811645,729.71,21,13:52:33,False,,True,True,730.0,40,668811652,train,1
668811646,729.66,21,13:52:34,False,,True,True,730.0,40,668811652,train,1
668811647,729.55,21,13:52:35,False,,True,True,730.0,40,668811652,train,1
668811648,729.55,21,13:52:36,False,,True,True,730.0,40,668811652,train,1
668816055,726.2,21,15:04:07,False,,True,False,726.38,41,668816129,train,1
668816056,726.2,21,15:04:08,False,,True,False,726.38,41,668816129,train,1
668816057,726.2,21,15:04:09,False,,True,False,726.38,41,668816129,train,1
668816058,726.16,21,15:04:09,False,,True,False,726.38,41,668816129,train,1
668816059,726.14,21,15:04:10,False,,True,False,726.38,41,668816129,train,1
668816060,726.11,21,15:04:11,False,,True,False,726.37,41,668816129,train,1
668816061,726.18,21,15:04:12,False,,True,False,726.37,41,668816129,train,1
668816062,726.16,21,15:04:13,False,,True,False,726.37,41,668816129,train,1
668816063,726.16,21,15:04:14,False,,True,False,726.37,41,668816129,train,1
668816064,726.18,21,15:04:15,False,,True,False,726.37,41,668816129,train,1
668816065,726.16,21,15:04:16,False,,True,False,726.37,41,668816129,train,1
668816066,726.18,21,15:04:17,False,,True,False,726.37,41,668816129,train,1
668816067,726.2,21,15:04:18,False,,True,False,726.37,41,668816129,train,1
668816068,726.13,21,15:04:19,False,,True,False,726.37,41,668816129,train,1
668816069,726.16,21,15:04:20,False,,True,False,726.37,41,668816129,train,1
668816070,726.16,21,15:04:21,False,,True,False,726.37,41,668816129,train,1
668816071,726.13,21,15:04:22,False,,True,False,726.37,41,668816129,train,1
668816072,726.11,21,15:04:23,False,,True,False,726.37,41,668816129,train,1
668816073,726.11,21,15:04:24,False,,True,True,726.37,41,668816129,train,1
668816074,726.11,21,15:04:25,False,,True,True,726.37,41,668816129,train,1
668816075,726.07,21,15:04:26,False,,True,True,726.37,41,668816129,train,1
668816076,726.04,21,15:04:27,False,,True,True,726.37,41,668816129,train,1
668816077,726.06,21,15:04:28,False,,True,True,726.37,41,668816129,train,1
668816078,726.04,21,15:04:29,False,,True,True,726.36,41,668816129,train,1
668816079,726.02,21,15:04:30,False,,True,True,726.36,41,668816129,train,1
668816080,726.04,21,15:04:31,False,,True,True,726.36,41,668816129,train,1
668816081,726.04,21,15:04:32,False,,True,True,726.36,41,668816129,train,1
668816082,726.06,21,15:04:33,False,,True,True,726.36,41,668816129,train,1
668816083,726.04,21,15:04:34,False,,True,True,726.36,41,668816129,train,1
668816084,726.08,21,15:04:35,False,,True,True,726.36,41,668816129,train,1
668816085,726.04,21,15:04:36,False,,True,True,726.36,41,668816129,train,1
668816086,726.02,21,15:04:37,False,,True,True,726.36,41,668816129,train,1
668816087,726.13,21,15:04:38,False,,True,True,726.36,41,668816129,train,1
668816088,726.04,21,15:04:39,False,,True,True,726.36,41,668816129,train,1
668816089,726.06,21,15:04:40,False,,True,True,726.36,41,668816129,train,1
668816090,726.06,21,15:04:41,False,,True,True,726.36,41,668816129,train,1
668816091,725.99,21,15:04:42,False,,True,True,726.36,41,668816129,train,1
668816092,725.99,21,15:04:43,False,,True,True,726.35,41,668816129,train,1
668816093,726.06,21,15:04:44,False,,True,True,726.35,41,668816129,train,1
668816094,725.97,21,15:04:45,False,,True,True,726.35,41,668816129,train,1
668816095,726.04,21,15:04:46,False,,True,True,726.35,41,668816129,train,1
668816096,725.97,21,15:04:46,False,,True,True,726.35,41,668816129,train,1
668816097,726.06,21,15:04:47,False,,True,True,726.35,41,668816129,train,1
668816098,726.02,21,15:04:48,False,,True,True,726.35,41,668816129,train,1
668816099,725.97,21,15:04:49,False,,True,True,726.35,41,668816129,train,1
668816100,725.97,21,15:04:50,False,,True,True,726.35,41,668816129,train,1
668816101,726.03,21,15:04:51,False,,True,True,726.35,41,668816129,train,1
668816102,725.99,21,15:04:52,False,,True,True,726.35,41,668816129,train,1
668816103,726.06,21,15:04:53,False,,True,True,726.35,41,668816129,train,1
668816104,726.01,21,15:04:54,False,,True,True,726.34,41,668816129,train,1
668816105,726.06,21,15:04:55,False,,True,True,726.34,41,668816129,train,1
668816106,726.06,21,15:04:56,False,,True,True,726.34,41,668816129,train,1
668816107,725.97,21,15:04:57,False,,True,True,726.34,41,668816129,train,1
668816108,725.95,21,15:04:58,False,,True,True,726.34,41,668816129,train,1
668816109,725.96,21,15:04:59,False,,True,True,726.34,41,668816129,train,1
668816110,725.96,21,15:05:00,False,,True,True,726.34,41,668816129,train,1
668816111,725.9,21,15:05:01,False,,True,True,726.34,41,668816129,train,1
668816112,725.87,21,15:05:02,False,,True,True,726.34,41,668816129,train,1
668816113,725.88,21,15:05:03,False,,True,True,726.34,41,668816129,train,1
668816114,725.9,21,15:05:04,False,,True,True,726.34,41,668816129,train,1
668836557,740.89,21,20:36:45,False,,False,False,741.03,42,-1,,0
668836558,740.89,21,20:36:46,False,,False,False,741.03,42,-1,,0
668836559,740.95,21,20:36:47,False,,False,False,741.03,42,-1,,0
668836560,740.87,21,20:36:48,False,,False,False,741.03,42,-1,,0
668836561,740.91,21,20:36:49,False,,False,False,741.03,42,-1,,0
668836562,740.84,21,20:36:50,False,,False,False,741.03,42,-1,,0
668836563,740.88,21,20:36:51,False,,False,False,741.03,42,-1,,0
668836564,740.88,21,20:36:52,False,,False,False,741.03,42,-1,,0
668836565,740.93,21,20:36:53,False,,False,False,741.03,42,-1,,0
668836566,740.9,21,20:36:54,False,,False,False,741.03,42,-1,,0
668836567,740.92,21,20:36:55,False,,False,False,741.03,42,-1,,0
668836568,740.9,21,20:36:56,False,,False,False,741.03,42,-1,,0
668836569,740.9,21,20:36:57,False,,False,False,741.03,42,-1,,0
668836570,740.92,21,20:36:58,False,,False,False,741.03,42,-1,,0
668836571,740.9,21,20:36:59,False,,False,False,741.03,42,-1,,0
668836572,740.94,21,20:37:00,False,,False,False,741.03,42,-1,,0
668836573,740.91,21,20:37:01,False,,False,False,741.03,42,-1,,0
668836574,740.93,21,20:37:02,False,,False,False,741.03,42,-1,,0
668836575,740.89,21,20:37:03,False,,False,False,741.03,42,-1,,0
668836576,740.89,21,20:37:04,False,,False,False,741.03,42,-1,,0
668836577,740.91,21,20:37:05,False,,False,False,741.03,42,-1,,0
668836578,740.89,21,20:37:06,False,,False,False,741.03,42,-1,,0
668836579,740.91,21,20:37:07,False,,False,False,741.03,42,-1,,0
668836580,740.95,21,20:37:08,False,,False,False,741.03,42,-1,,0
668836581,740.9,21,20:37:09,False,,False,False,741.03,42,-1,,0
668836582,740.9,21,20:37:10,False,,False,False,741.03,42,-1,,0
668836583,740.88,21,20:37:10,False,,False,False,741.03,42,-1,,0
668836584,740.92,21,20:37:11,False,,False,False,741.03,42,-1,,0
668836585,740.9,21,20:37:12,False,,False,False,741.03,42,-1,,0
668836586,740.92,21,20:37:13,False,,False,False,741.03,42,-1,,0
668836587,740.92,21,20:37:14,False,,False,False,741.03,42,-1,,0
668836588,740.91,21,20:37:15,False,,False,False,741.03,42,-1,,0
668836589,740.91,21,20:37:16,False,,False,False,741.02,42,-1,,0
668836590,740.94,21,20:37:17,False,,False,False,741.02,42,-1,,0
668836591,740.94,21,20:37:18,False,,False,False,741.02,42,-1,,0
668836592,740.87,21,20:37:19,False,,False,False,741.02,42,-1,,0
668836593,740.93,21,20:37:20,False,,False,False,741.02,42,-1,,0
668836594,740.91,21,20:37:21,False,,False,False,741.02,42,-1,,0
668836595,740.91,21,20:37:22,False,,False,False,741.02,42,-1,,0
668836596,740.88,21,20:37:23,False,,False,False,741.02,42,-1,,0
668836597,740.86,21,20:37:24,False,,False,False,741.02,42,-1,,0
668836598,740.9,21,20:37:25,False,,False,False,741.02,42,-1,,0
668836599,740.9,21,20:37:26,False,,False,False,741.02,42,-1,,0
668836600,740.92,21,20:37:27,False,,False,False,741.02,42,-1,,0
668836601,740.9,21,20:37:28,False,,False,False,741.02,42,-1,,0
668836602,740.9,21,20:37:29,False,,False,False,741.02,42,-1,,0
668836603,740.89,21,20:37:30,False,,False,False,741.02,42,-1,,0
668836604,740.94,21,20:37:31,False,,False,False,741.02,42,-1,,0
668836605,740.96,21,20:37:32,False,,False,False,741.02,42,-1,,0
668836606,740.89,21,20:37:33,False,,False,False,741.02,42,-1,,0
668836607,740.89,21,20:37:34,False,,False,False,741.02,42,-1,,0
668836608,740.91,21,20:37:35,False,,False,False,741.02,42,-1,,0
668836609,740.89,21,20:37:36,False,,False,False,741.02,42,-1,,0
668836610,740.91,21,20:37:37,False,,False,False,741.02,42,-1,,0
668836611,740.93,21,20:37:38,False,,False,False,741.02,42,-1,,0
668836612,740.95,21,20:37:39,False,,False,False,741.02,42,-1,,0
668836613,740.93,21,20:37:40,False,,False,False,741.02,42,-1,,0
668836614,740.9,21,20:37:41,False,,False,False,741.02,42,-1,,0
668836615,740.92,21,20:37:42,False,,False,False,741.02,42,-1,,0
668836616,740.9,21,20:37:43,False,,False,False,741.02,42,-1,,0
669426414,737.93,28,12:07:09,False,,True,False,737.89,43,669426485,train,1
669426415,737.9,28,12:07:10,False,,True,False,737.89,43,669426485,train,1
669426416,737.88,28,12:07:11,False,,True,False,737.89,43,669426485,train,1
669426417,737.86,28,12:07:12,False,,True,False,737.89,43,669426485,train,1
669426418,737.92,28,12:07:13,False,,True,False,737.89,43,669426485,train,1
669426419,737.9,28,12:07:14,False,,True,False,737.89,43,669426485,train,1
669426420,737.9,28,12:07:15,False,,True,False,737.89,43,669426485,train,1
669426421,737.92,28,12:07:16,False,,True,False,737.89,43,669426485,train,1
669426422,737.87,28,12:07:17,False,,True,False,737.89,43,669426485,train,1
669426423,737.85,28,12:07:18,False,,True,False,737.89,43,669426485,train,1
669426424,737.9,28,12:07:19,False,,True,False,737.89,43,669426485,train,1
669426425,737.87,28,12:07:20,False,,True,False,737.89,43,669426485,train,1
669426426,737.87,28,12:07:21,False,,True,False,737.89,43,669426485,train,1
669426427,737.87,28,12:07:22,False,,True,False,737.89,43,669426485,train,1
669426428,737.91,28,12:07:23,False,,True,False,737.89,43,669426485,train,1
669426429,737.86,28,12:07:24,False,,True,False,737.89,43,669426485,train,1
669426430,737.91,28,12:07:25,False,,True,False,737.89,43,669426485,train,1
669426431,737.89,28,12:07:26,False,,True,False,737.89,43,669426485,train,1
669426432,737.86,28,12:07:27,False,,True,False,737.89,43,669426485,train,1
669426433,737.9,28,12:07:28,False,,True,False,737.89,43,669426485,train,1
669426434,737.88,28,12:07:29,False,,True,False,737.89,43,669426485,train,1
669426435,737.9,28,12:07:30,False,,True,False,737.89,43,669426485,train,1
669426436,737.9,28,12:07:31,False,,True,False,737.89,43,669426485,train,1
669426437,737.88,28,12:07:32,False,,True,False,737.89,43,669426485,train,1
669426438,737.88,28,12:07:33,False,,True,True,737.89,43,669426485,train,1
669426439,737.87,28,12:07:34,False,,True,True,737.9,43,669426485,train,1
669426440,737.9,28,12:07:35,False,,True,True,737.9,43,669426485,train,1
669426441,737.88,28,12:07:36,False,,True,True,737.9,43,669426485,train,1
669426442,737.87,28,12:07:36,False,,True,True,737.9,43,669426485,train,1
669426443,737.94,28,12:07:37,False,,True,True,737.9,43,669426485,train,1
669426444,737.91,28,12:07:38,False,,True,True,737.9,43,669426485,train,1
669426445,737.91,28,12:07:39,False,,True,True,737.9,43,669426485,train,1
669426446,737.83,28,12:07:40,False,,True,True,737.9,43,669426485,train,1
669426447,737.87,28,12:07:41,False,,True,True,737.9,43,669426485,train,1
669426448,737.93,28,12:07:42,False,,True,True,737.9,43,669426485,train,1
669426449,737.87,28,12:07:43,False,,True,True,737.9,43,669426485,train,1
669426450,737.89,28,12:07:44,False,,True,True,737.9,43,669426485,train,1
669426451,737.93,28,12:07:45,False,,True,True,737.9,43,669426485,train,1
669426452,737.89,28,12:07:46,False,,True,True,737.9,43,669426485,train,1
669426453,737.93,28,12:07:47,False,,True,True,737.9,43,669426485,train,1
669426454,737.86,28,12:07:48,False,,True,True,737.9,43,669426485,train,1
669426455,737.86,28,12:07:49,False,,True,True,737.9,43,669426485,train,1
669426456,737.88,28,12:07:50,False,,True,True,737.9,43,669426485,train,1
669426457,737.87,28,12:07:51,False,,True,True,737.9,43,669426485,train,1
669426458,737.81,28,12:07:52,False,,True,True,737.9,43,669426485,train,1
669426459,737.79,28,12:07:53,False,,True,True,737.9,43,669426485,train,1
669426460,737.87,28,12:07:54,False,,True,True,737.9,43,669426485,train,1
669426461,737.77,28,12:07:55,False,,True,True,737.9,43,669426485,train,1
669426462,737.8,28,12:07:56,False,,True,True,737.9,43,669426485,train,1
669426463,737.8,28,12:07:57,False,,True,True,737.9,43,669426485,train,1
669426464,737.76,28,12:07:58,False,,True,True,737.9,43,669426485,train,1
669426465,737.75,28,12:07:59,False,,True,True,737.9,43,669426485,train,1
669426466,737.73,28,12:08:00,False,,True,True,737.9,43,669426485,train,1
669426467,737.84,28,12:08:01,False,,True,True,737.9,43,669426485,train,1
669426468,737.73,28,12:08:02,False,,True,True,737.9,43,669426485,train,1
669426469,737.69,28,12:08:03,False,,True,True,737.9,43,669426485,train,1
669426470,737.66,28,12:08:04,False,,True,True,737.9,43,669426485,train,1
669426471,737.66,28,12:08:05,False,,True,True,737.89,43,669426485,train,1
669426472,737.68,28,12:08:06,False,,True,True,737.89,43,669426485,train,1
669426473,737.66,28,12:08:07,False,,True,True,737.89,43,669426485,train,1
669427279,738.14,28,12:21:11,False,,True,False,738.03,44,669427340,train,1
669427280,738.1,28,12:21:12,False,,True,False,738.03,44,669427340,train,1
669427281,738.12,28,12:21:13,False,,True,False,738.03,44,669427340,train,1
669427282,738.08,28,12:21:14,False,,True,False,738.03,44,669427340,train,1
669427283,738.05,28,12:21:15,False,,True,False,738.03,44,669427340,train,1
669427284,738.1,28,12:21:16,False,,True,False,738.03,44,669427340,train,1
669427285,738.07,28,12:21:17,False,,True,False,738.03,44,669427340,train,1
669427286,738.02,28,12:21:18,False,,True,False,738.03,44,669427340,train,1
669427287,738.0,28,12:21:19,False,,True,False,738.03,44,669427340,train,1
669427288,738.07,28,12:21:20,False,,True,False,738.03,44,669427340,train,1
669427289,738.04,28,12:21:21,False,,True,False,738.03,44,669427340,train,1
669427290,738.11,28,12:21:22,False,,True,False,738.03,44,669427340,train,1
669427291,738.02,28,12:21:23,False,,True,False,738.03,44,669427340,train,1
669427292,738.06,28,12:21:24,False,,True,False,738.03,44,669427340,train,1
669427293,738.06,28,12:21:25,False,,True,False,738.03,44,669427340,train,1
669427294,738.08,28,12:21:26,False,,True,False,738.03,44,669427340,train,1
669427295,738.08,28,12:21:27,False,,True,False,738.03,44,669427340,train,1
669427296,738.08,28,12:21:28,False,,True,False,738.03,44,669427340,train,1
669427297,738.06,28,12:21:29,False,,True,False,738.03,44,669427340,train,1
669427298,738.08,28,12:21:30,False,,True,False,738.03,44,669427340,train,1
669427299,738.01,28,12:21:31,False,,True,False,738.03,44,669427340,train,1
669427300,738.07,28,12:21:32,False,,True,False,738.03,44,669427340,train,1
669427301,738.09,28,12:21:33,False,,True,False,738.03,44,669427340,train,1
669427302,738.12,28,12:21:34,False,,True,False,738.03,44,669427340,train,1
669427303,738.09,28,12:21:35,False,,True,False,738.03,44,669427340,train,1
669427304,738.12,28,12:21:36,False,,True,False,738.03,44,669427340,train,1
669427305,738.14,28,12:21:37,False,,True,False,738.03,44,669427340,train,1
669427306,738.05,28,12:21:38,False,,True,False,738.03,44,669427340,train,1
669427307,738.09,28,12:21:39,False,,True,False,738.03,44,669427340,train,1
669427308,738.11,28,12:21:40,False,,True,False,738.03,44,669427340,train,1
669427309,738.13,28,12:21:41,False,,True,False,738.03,44,669427340,train,1
669427310,738.13,28,12:21:41,False,,True,False,738.03,44,669427340,train,1
669427311,738.15,28,12:21:42,False,,True,False,738.03,44,669427340,train,1
669427312,738.15,28,12:21:43,False,,True,False,738.03,44,669427340,train,1
669427313,738.17,28,12:21:44,False,,True,False,738.03,44,669427340,train,1
669427314,738.15,28,12:21:45,False,,True,False,738.03,44,669427340,train,1
669427315,738.13,28,12:21:46,False,,True,False,738.03,44,669427340,train,1
669427316,738.17,28,12:21:47,False,,True,False,738.03,44,669427340,train,1
669427317,738.19,28,12:21:48,False,,True,False,738.03,44,669427340,train,1
669427318,738.12,28,12:21:49,False,,True,False,738.03,44,669427340,train,1
669427319,738.19,28,12:21:50,False,,True,False,738.03,44,669427340,train,1
669427320,738.1,28,12:21:51,False,,True,False,738.03,44,669427340,train,1
669427321,738.14,28,12:21:52,False,,True,False,738.03,44,669427340,train,1
669427322,738.16,28,12:21:53,False,,True,False,738.03,44,669427340,train,1
669427323,738.12,28,12:21:54,False,,True,False,738.03,44,669427340,train,1
669427324,738.1,28,12:21:55,False,,True,False,738.03,44,669427340,train,1
669427325,738.16,28,12:21:56,False,,True,False,738.04,44,669427340,train,1
669427326,738.14,28,12:21:57,False,,True,False,738.04,44,669427340,train,1
669427327,738.16,28,12:21:58,False,,True,False,738.04,44,669427340,train,1
669427328,738.09,28,12:21:59,False,,True,False,738.04,44,669427340,train,1
669427329,738.11,28,12:22:00,False,,True,False,738.04,44,669427340,train,1
669427330,738.13,28,12:22:01,False,,True,False,738.04,44,669427340,train,1
669427331,738.13,28,12:22:02,False,,True,False,738.04,44,669427340,train,1
669427332,738.09,28,12:22:03,False,,True,False,738.04,44,669427340,train,1
669427333,738.06,28,12:22:04,False,,True,False,738.04,44,669427340,train,1
669427334,738.04,28,12:22:05,False,,True,False,738.04,44,669427340,train,1
669427335,737.97,28,12:22:06,False,,True,True,738.04,44,669427340,train,1
669427336,737.97,28,12:22:07,False,,True,True,738.04,44,669427340,train,1
669427337,737.8,28,12:22:08,False,,True,True,738.04,44,669427340,train,1
669427338,737.33,28,12:22:09,False,,True,True,738.04,44,669427340,train,1
669434343,733.84,28,14:15:48,False,,True,False,734.26,45,669434405,train,1
669434344,733.84,28,14:15:49,False,,True,False,734.26,45,669434405,train,1
669434345,733.91,28,14:15:50,False,,True,False,734.26,45,669434405,train,1
669434346,733.84,28,14:15:51,False,,True,False,734.26,45,669434405,train,1
669434347,733.79,28,14:15:52,False,,True,False,734.26,45,669434405,train,1
669434348,733.83,28,14:15:53,False,,True,False,734.25,45,669434405,train,1
669434349,733.86,28,14:15:54,False,,True,False,734.25,45,669434405,train,1
669434350,733.9,28,14:15:55,False,,True,False,734.25,45,669434405,train,1
669434351,733.81,28,14:15:56,False,,True,False,734.25,45,669434405,train,1
669434352,733.85,28,14:15:57,False,,True,False,734.25,45,669434405,train,1
669434353,733.85,28,14:15:58,False,,True,False,734.25,45,669434405,train,1
669434354,733.88,28,14:15:59,False,,True,False,734.24,45,669434405,train,1
669434355,733.87,28,14:16:00,False,,True,False,734.24,45,669434405,train,1
669434356,733.83,28,14:16:01,False,,True,False,734.24,45,669434405,train,1
669434357,733.87,28,14:16:02,False,,True,False,734.24,45,669434405,train,1
669434358,733.87,28,14:16:03,False,,True,False,734.24,45,669434405,train,1
669434359,733.78,28,14:16:04,False,,True,False,734.24,45,669434405,train,1
669434360,733.8,28,14:16:05,False,,True,False,734.24,45,669434405,train,1
669434361,733.85,28,14:16:06,False,,True,False,734.23,45,669434405,train,1
669434362,733.85,28,14:16:07,False,,True,False,734.23,45,669434405,train,1
669434363,733.85,28,14:16:08,False,,True,False,734.23,45,669434405,train,1
669434364,733.85,28,14:16:09,False,,True,False,734.23,45,669434405,train,1
669434365,733.82,28,14:16:10,False,,True,False,734.23,45,669434405,train,1
669434366,733.8,28,14:16:10,False,,True,False,734.23,45,669434405,train,1
669434367,733.87,28,14:16:11,False,,True,False,734.23,45,669434405,train,1
669434368,733.84,28,14:16:12,False,,True,False,734.22,45,669434405,train,1
669434369,733.82,28,14:16:13,False,,True,False,734.22,45,669434405,train,1
669434370,733.84,28,14:16:14,False,,True,False,734.22,45,669434405,train,1
669434371,733.86,28,14:16:15,False,,True,False,734.22,45,669434405,train,1
669434372,733.8,28,14:16:16,False,,True,False,734.22,45,669434405,train,1
669434373,733.86,28,14:16:17,False,,True,False,734.22,45,669434405,train,1
669434374,733.86,28,14:16:18,False,,True,False,734.22,45,669434405,train,1
669434375,733.79,28,14:16:19,False,,True,False,734.21,45,669434405,train,1
669434376,733.77,28,14:16:20,False,,True,False,734.21,45,669434405,train,1
669434377,733.81,28,14:16:21,False,,True,False,734.21,45,669434405,train,1
669434378,733.83,28,14:16:22,False,,True,False,734.21,45,669434405,train,1
669434379,733.77,28,14:16:23,False,,True,False,734.21,45,669434405,train,1
669434380,733.79,28,14:16:24,False,,True,False,734.21,45,669434405,train,1
669434381,733.77,28,14:16:25,False,,True,False,734.21,45,669434405,train,1
669434382,733.81,28,14:16:26,False,,True,False,734.2,45,669434405,train,1
669434383,733.79,28,14:16:27,False,,True,False,734.2,45,669434405,train,1
669434384,733.77,28,14:16:28,False,,True,False,734.2,45,669434405,train,1
669434385,733.83,28,14:16:29,False,,True,False,734.2,45,669434405,train,1
669434386,733.81,28,14:16:30,False,,True,False,734.2,45,669434405,train,1
669434387,733.8,28,14:16:31,False,,True,False,734.2,45,669434405,train,1
669434388,733.81,28,14:16:32,False,,True,False,734.19,45,669434405,train,1
669434389,733.8,28,14:16:33,False,,True,False,734.19,45,669434405,train,1
669434390,733.8,28,14:16:34,False,,True,False,734.19,45,669434405,train,1
669434391,733.8,28,14:16:35,False,,True,False,734.19,45,669434405,train,1
669434392,733.83,28,14:16:36,False,,True,False,734.19,45,669434405,train,1
669434393,733.71,28,14:16:37,False,,True,False,734.19,45,669434405,train,1
669434394,733.69,28,14:16:38,False,,True,False,734.19,45,669434405,train,1
669434395,733.71,28,14:16:39,False,,True,False,734.18,45,669434405,train,1
669434396,733.73,28,14:16:40,False,,True,False,734.18,45,669434405,train,1
669434397,733.69,28,14:16:41,False,,True,True,734.18,45,669434405,train,1
669434398,733.71,28,14:16:42,False,,True,True,734.18,45,669434405,train,1
669434399,733.64,28,14:16:43,False,,True,True,734.18,45,669434405,train,1
669434400,733.57,28,14:16:44,False,,True,True,734.18,45,669434405,train,1
669434401,733.44,28,14:16:45,False,,True,True,734.17,45,669434405,train,1
669434402,733.27,28,14:16:46,False,,True,True,734.17,45,669434405,train,1
669434621,733.68,28,14:20:19,False,,True,True,733.88,46,669434703,train,1
669434622,733.68,28,14:20:20,False,,True,True,733.88,46,669434703,train,1
669434623,733.71,28,14:20:21,False,,True,True,733.88,46,669434703,train,1
669434624,733.71,28,14:20:22,False,,True,True,733.88,46,669434703,train,1
669434625,733.66,28,14:20:23,False,,True,True,733.87,46,669434703,train,1
669434626,733.7,28,14:20:24,False,,True,True,733.87,46,669434703,train,1
669434627,733.75,28,14:20:25,False,,True,True,733.87,46,669434703,train,1
669434628,733.7,28,14:20:26,False,,True,True,733.87,46,669434703,train,1
669434629,733.68,28,14:20:27,False,,True,True,733.87,46,669434703,train,1
669434630,733.68,28,14:20:28,False,,True,True,733.87,46,669434703,train,1
669434631,733.72,28,14:20:28,False,,True,True,733.87,46,669434703,train,1
669434632,733.74,28,14:20:29,False,,True,True,733.87,46,669434703,train,1
669434633,733.65,28,14:20:30,False,,True,True,733.87,46,669434703,train,1
669434634,733.74,28,14:20:31,False,,True,True,733.86,46,669434703,train,1
669434635,733.72,28,14:20:32,False,,True,True,733.86,46,669434703,train,1
669434636,733.71,28,14:20:33,False,,True,True,733.86,46,669434703,train,1
669434637,733.65,28,14:20:34,False,,True,True,733.86,46,669434703,train,1
669434638,733.65,28,14:20:35,False,,True,True,733.86,46,669434703,train,1
669434639,733.65,28,14:20:36,False,,True,True,733.86,46,669434703,train,1
669434640,733.63,28,14:20:37,False,,True,True,733.86,46,669434703,train,1
669434641,733.65,28,14:20:38,False,,True,True,733.86,46,669434703,train,1
669434642,733.65,28,14:20:39,False,,True,True,733.86,46,669434703,train,1
669434643,733.67,28,14:20:40,False,,True,True,733.86,46,669434703,train,1
669434644,733.62,28,14:20:41,False,,True,True,733.86,46,669434703,train,1
669434645,733.62,28,14:20:42,False,,True,True,733.85,46,669434703,train,1
669434646,733.66,28,14:20:43,False,,True,True,733.85,46,669434703,train,1
669434647,733.66,28,14:20:44,False,,True,True,733.85,46,669434703,train,1
669434648,733.7,28,14:20:45,False,,True,True,733.85,46,669434703,train,1
669434649,733.66,28,14:20:46,False,,True,True,733.85,46,669434703,train,1
669434650,733.6,28,14:20:47,False,,True,True,733.85,46,669434703,train,1
669434651,733.53,28,14:20:48,False,,True,True,733.85,46,669434703,train,1
669434652,733.53,28,14:20:49,False,,True,True,733.85,46,669434703,train,1
669434653,733.53,28,14:20:50,False,,True,True,733.85,46,669434703,train,1
669434654,733.43,28,14:20:51,False,,True,True,733.85,46,669434703,train,1
669434655,733.52,28,14:20:52,False,,True,True,733.85,46,669434703,train,1
669434656,733.57,28,14:20:53,False,,True,True,733.84,46,669434703,train,1
669434657,733.52,28,14:20:54,False,,True,True,733.84,46,669434703,train,1
669434658,733.45,28,14:20:55,False,,True,True,733.84,46,669434703,train,1
669434659,733.48,28,14:20:56,False,,True,True,733.84,46,669434703,train,1
669434660,733.43,28,14:20:57,False,,True,True,733.84,46,669434703,train,1
669434661,733.45,28,14:20:58,False,,True,True,733.84,46,669434703,train,1
669434662,733.45,28,14:20:59,False,,True,True,733.84,46,669434703,train,1
669434663,733.47,28,14:21:00,False,,True,True,733.84,46,669434703,train,1
669434664,733.45,28,14:21:01,False,,True,True,733.83,46,669434703,train,1
669434665,733.4,28,14:21:02,False,,True,True,733.83,46,669434703,train,1
669434666,733.45,28,14:21:03,False,,True,True,733.83,46,669434703,train,1
669434667,733.4,28,14:21:04,False,,True,True,733.83,46,669434703,train,1
669434668,733.42,28,14:21:04,False,,True,True,733.83,46,669434703,train,1
669434669,733.38,28,14:21:05,False,,True,True,733.83,46,669434703,train,1
669434670,733.4,28,14:21:06,False,,True,True,733.83,46,669434703,train,1
669434671,733.4,28,14:21:07,False,,True,True,733.83,46,669434703,train,1
669434672,733.42,28,14:21:08,False,,True,True,733.82,46,669434703,train,1
669434673,733.42,28,14:21:09,False,,True,True,733.82,46,669434703,train,1
669434674,733.4,28,14:21:10,False,,True,True,733.82,46,669434703,train,1
669434675,733.4,28,14:21:11,False,,True,True,733.82,46,669434703,train,1
669434676,733.42,28,14:21:12,False,,True,True,733.82,46,669434703,train,1
669434677,733.35,28,14:21:13,False,,True,True,733.82,46,669434703,train,1
669434678,733.46,28,14:21:14,False,,True,True,733.82,46,669434703,train,1
669434679,733.46,28,14:21:15,False,,True,True,733.82,46,669434703,train,1
669434680,733.42,28,14:21:16,False,,True,True,733.81,46,669434703,train,1
669447061,728.94,28,17:42:09,False,,False,False,729.07,47,-1,,0
669447062,728.94,28,17:42:10,False,,False,False,729.07,47,-1,,0
669447063,728.96,28,17:42:11,False,,False,False,729.07,47,-1,,0
669447064,728.92,28,17:42:12,False,,False,False,729.07,47,-1,,0
669447065,728.9,28,17:42:13,False,,False,False,729.07,47,-1,,0
669447066,728.95,28,17:42:14,False,,False,False,729.06,47,-1,,0
669447067,728.98,28,17:42:15,False,,False,False,729.06,47,-1,,0
669447068,728.92,28,17:42:16,False,,False,False,729.06,47,-1,,0
669447069,728.94,28,17:42:17,False,,False,False,729.06,47,-1,,0
669447070,729.03,28,17:42:18,False,,False,False,729.06,47,-1,,0
669447071,728.98,28,17:42:19,False,,False,False,729.06,47,-1,,0
669447072,728.98,28,17:42:20,False,,False,False,729.06,47,-1,,0
669447073,728.96,28,17:42:21,False,,False,False,729.06,47,-1,,0
669447074,728.89,28,17:42:22,False,,False,False,729.06,47,-1,,0
669447075,728.94,28,17:42:23,False,,False,False,729.06,47,-1,,0
669447076,728.98,28,17:42:24,False,,False,False,729.06,47,-1,,0
669447077,728.94,28,17:42:25,False,,False,False,729.06,47,-1,,0
669447078,728.96,28,17:42:26,False,,False,False,729.06,47,-1,,0
669447079,728.93,28,17:42:27,False,,False,False,729.06,47,-1,,0
669447080,728.94,28,17:42:28,False,,False,False,729.06,47,-1,,0
669447081,728.96,28,17:42:29,False,,False,False,729.06,47,-1,,0
669447082,728.95,28,17:42:30,False,,False,False,729.06,47,-1,,0
669447083,728.96,28,17:42:30,False,,False,False,729.06,47,-1,,0
669447084,728.93,28,17:42:31,False,,False,False,729.06,47,-1,,0
669447085,728.87,28,17:42:32,False,,False,False,729.06,47,-1,,0
669447086,729.0,28,17:42:33,False,,False,False,729.06,47,-1,,0
669447087,728.88,28,17:42:34,False,,False,False,729.06,47,-1,,0
669447088,728.95,28,17:42:35,False,,False,False,729.06,47,-1,,0
669447089,728.97,28,17:42:36,False,,False,False,729.06,47,-1,,0
669447090,728.95,28,17:42:37,False,,False,False,729.06,47,-1,,0
669447091,728.97,28,17:42:38,False,,False,False,729.06,47,-1,,0
669447092,728.99,28,17:42:39,False,,False,False,729.06,47,-1,,0
669447093,728.95,28,17:42:40,False,,False,False,729.06,47,-1,,0
669447094,728.91,28,17:42:41,False,,False,False,729.06,47,-1,,0
669447095,728.97,28,17:42:42,False,,False,False,729.06,47,-1,,0
669447096,728.95,28,17:42:43,False,,False,False,729.06,47,-1,,0
669447097,728.93,28,17:42:44,False,,False,False,729.06,47,-1,,0
669447098,728.92,28,17:42:45,False,,False,False,729.06,47,-1,,0
669447099,728.94,28,17:42:46,False,,False,False,729.06,47,-1,,0
669447100,728.96,28,17:42:47,False,,False,False,729.06,47,-1,,0
669447101,728.97,28,17:42:48,False,,False,False,729.06,47,-1,,0
669447102,728.96,28,17:42:49,False,,False,False,729.06,47,-1,,0
669447103,728.96,28,17:42:50,False,,False,False,729.06,47,-1,,0
669447104,728.98,28,17:42:51,False,,False,False,729.06,47,-1,,0
669447105,728.96,28,17:42:52,False,,False,False,729.05,47,-1,,0
669447106,728.98,28,17:42:53,False,,False,False,729.05,47,-1,,0
669447107,728.92,28,17:42:54,False,,False,False,729.05,47,-1,,0
669447108,728.89,28,17:42:55,False,,False,False,729.05,47,-1,,0
669447109,728.96,28,17:42:56,False,,False,False,729.05,47,-1,,0
669447110,728.89,28,17:42:57,False,,False,False,729.05,47,-1,,0
669447111,728.98,28,17:42:58,False,,False,False,729.05,47,-1,,0
669447112,728.93,28,17:42:59,False,,False,False,729.05,47,-1,,0
669447113,728.98,28,17:43:00,False,,False,False,729.05,47,-1,,0
669447114,728.89,28,17:43:01,False,,False,False,729.05,47,-1,,0
669447115,728.96,28,17:43:02,False,,False,False,729.05,47,-1,,0
669447116,728.93,28,17:43:03,False,,False,False,729.05,47,-1,,0
669447117,728.91,28,17:43:04,False,,False,False,729.05,47,-1,,0
669447118,728.93,28,17:43:05,False,,False,False,729.05,47,-1,,0
669447119,728.97,28,17:43:06,False,,False,False,729.05,47,-1,,0
669447120,728.91,28,17:43:07,False,,False,False,729.05,47,-1,,0
669454121,740.99,28,19:36:42,False,,False,False,740.64,48,-1,,0
669454122,740.98,28,19:36:43,False,,False,False,740.65,48,-1,,0
669454123,740.96,28,19:36:44,False,,False,False,740.65,48,-1,,0
669454124,741.01,28,19:36:45,False,,False,False,740.65,48,-1,,0
669454125,740.96,28,19:36:46,False,,False,False,740.65,48,-1,,0
669454126,740.98,28,19:36:47,False,,False,False,740.65,48,-1,,0
669454127,741.0,28,19:36:48,False,,False,False,740.65,48,-1,,0
669454128,740.98,28,19:36:49,False,,False,False,740.65,48,-1,,0
669454129,741.0,28,19:36:50,False,,False,False,740.66,48,-1,,0
669454130,741.06,28,19:36:51,False,,False,False,740.66,48,-1,,0
669454131,741.0,28,19:36:52,False,,False,False,740.66,48,-1,,0
669454132,741.02,28,19:36:53,False,,False,False,740.66,48,-1,,0
669454133,741.02,28,19:36:54,False,,False,False,740.66,48,-1,,0
669454134,740.98,28,19:36:55,False,,False,False,740.66,48,-1,,0
669454135,740.99,28,19:36:56,False,,False,False,740.66,48,-1,,0
669454136,741.02,28,19:36:57,False,,False,False,740.67,48,-1,,0
669454137,741.0,28,19:36:58,False,,False,False,740.67,48,-1,,0
669454138,740.99,28,19:36:59,False,,False,False,740.67,48,-1,,0
669454139,741.08,28,19:36:59,False,,False,False,740.67,48,-1,,0
669454140,740.99,28,19:37:00,False,,False,False,740.67,48,-1,,0
669454141,741.01,28,19:37:01,False,,False,False,740.67,48,-1,,0
669454142,741.06,28,19:37:02,False,,False,False,740.67,48,-1,,0
669454143,741.03,28,19:37:03,False,,False,False,740.68,48,-1,,0
669454144,740.99,28,19:37:04,False,,False,False,740.68,48,-1,,0
669454145,741.12,28,19:37:05,False,,False,False,740.68,48,-1,,0
669454146,741.05,28,19:37:06,False,,False,False,740.68,48,-1,,0
669454147,741.07,28,19:37:07,False,,False,False,740.68,48,-1,,0
669454148,741.03,28,19:37:08,False,,False,False,740.68,48,-1,,0
669454149,741.07,28,19:37:09,False,,False,False,740.69,48,-1,,0
669454150,741.05,28,19:37:10,False,,False,False,740.69,48,-1,,0
669454151,741.07,28,19:37:11,False,,False,False,740.69,48,-1,,0
669454152,741.07,28,19:37:12,False,,False,False,740.69,48,-1,,0
669454153,741.09,28,19:37:13,False,,False,False,740.69,48,-1,,0
669454154,741.11,28,19:37:14,False,,False,False,740.69,48,-1,,0
669454155,741.09,28,19:37:15,False,,False,False,740.69,48,-1,,0
669454156,741.09,28,19:37:16,False,,False,False,740.7,48,-1,,0
669454157,741.08,28,19:37:17,False,,False,False,740.7,48,-1,,0
669454158,741.08,28,19:37:18,False,,False,False,740.7,48,-1,,0
669454159,741.11,28,19:37:19,False,,False,False,740.7,48,-1,,0
669454160,741.13,28,19:37:20,False,,False,False,740.7,48,-1,,0
669454161,741.15,28,19:37:21,False,,False,False,740.7,48,-1,,0
669454162,741.08,28,19:37:22,False,,False,False,740.7,48,-1,,0
669454163,741.14,28,19:37:23,False,,False,False,740.71,48,-1,,0
669454164,741.1,28,19:37:24,False,,False,False,740.71,48,-1,,0
669454165,741.14,28,19:37:25,False,,False,False,740.71,48,-1,,0
669454166,741.08,28,19:37:26,False,,False,False,740.71,48,-1,,0
669454167,741.14,28,19:37:27,False,,False,False,740.71,48,-1,,0
669454168,741.18,28,19:37:28,False,,False,False,740.71,48,-1,,0
669454169,741.16,28,19:37:29,False,,False,False,740.72,48,-1,,0
669454170,741.14,28,19:37:30,False,,False,False,740.72,48,-1,,0
669454171,741.16,28,19:37:31,False,,False,False,740.72,48,-1,,0
669454172,741.14,28,19:37:32,False,,False,False,740.72,48,-1,,0
669454173,741.11,28,19:37:33,False,,False,False,740.72,48,-1,,0
669454174,741.16,28,19:37:34,False,,False,False,740.72,48,-1,,0
669454175,741.16,28,19:37:35,False,,False,False,740.72,48,-1,,0
669454176,741.15,28,19:37:36,False,,False,False,740.73,48,-1,,0
669454177,741.17,28,19:37:36,False,,False,False,740.73,48,-1,,0
669454178,741.17,28,19:37:37,False,,False,False,740.73,48,-1,,0
669454179,741.15,28,19:37:38,False,,False,False,740.73,48,-1,,0
669454180,741.13,28,19:37:39,False,,False,False,740.73,48,-1,,0
669456931,745.46,28,20:22:17,False,,False,False,745.14,49,-1,,0
669456932,745.51,28,20:22:18,False,,False,False,745.14,49,-1,,0
669456933,745.44,28,20:22:19,False,,False,False,745.14,49,-1,,0
669456934,745.49,28,20:22:20,False,,False,False,745.14,49,-1,,0
669456935,745.51,28,20:22:21,False,,False,False,745.14,49,-1,,0
669456936,745.47,28,20:22:22,False,,False,False,745.14,49,-1,,0
669456937,745.53,28,20:22:23,False,,False,False,745.15,49,-1,,0
669456938,745.47,28,20:22:24,False,,False,False,745.15,49,-1,,0
669456939,745.45,28,20:22:25,False,,False,False,745.15,49,-1,,0
669456940,745.49,28,20:22:26,False,,False,False,745.15,49,-1,,0
669456941,745.51,28,20:22:27,False,,False,False,745.15,49,-1,,0
669456942,745.47,28,20:22:28,False,,False,False,745.15,49,-1,,0
669456943,745.47,28,20:22:29,False,,False,False,745.15,49,-1,,0
669456944,745.56,28,20:22:30,False,,False,False,745.15,49,-1,,0
669456945,745.54,28,20:22:31,False,,False,False,745.16,49,-1,,0
669456946,745.54,28,20:22:32,False,,False,False,745.16,49,-1,,0
669456947,745.54,28,20:22:33,False,,False,False,745.16,49,-1,,0
669456948,745.49,28,20:22:34,False,,False,False,745.16,49,-1,,0
669456949,745.52,28,20:22:35,False,,False,False,745.16,49,-1,,0
669456950,745.54,28,20:22:36,False,,False,False,745.16,49,-1,,0
669456951,745.54,28,20:22:37,False,,False,False,745.16,49,-1,,0
669456952,745.5,28,20:22:38,False,,False,False,745.16,49,-1,,0
669456953,745.48,28,20:22:39,False,,False,False,745.17,49,-1,,0
669456954,745.5,28,20:22:40,False,,False,False,745.17,49,-1,,0
669456955,745.5,28,20:22:41,False,,False,False,745.17,49,-1,,0
669456956,745.48,28,20:22:42,False,,False,False,745.17,49,-1,,0
669456957,745.5,28,20:22:43,False,,False,False,745.17,49,-1,,0
669456958,745.5,28,20:22:44,False,,False,False,745.17,49,-1,,0
669456959,745.46,28,20:22:45,False,,False,False,745.17,49,-1,,0
669456960,745.46,28,20:22:46,False,,False,False,745.17,49,-1,,0
669456961,745.46,28,20:22:47,False,,False,False,745.18,49,-1,,0
669456962,745.53,28,20:22:48,False,,False,False,745.18,49,-1,,0
669456963,745.48,28,20:22:49,False,,False,False,745.18,49,-1,,0
669456964,745.51,28,20:22:50,False,,False,False,745.18,49,-1,,0
669456965,745.48,28,20:22:51,False,,False,False,745.18,49,-1,,0
669456966,745.46,28,20:22:52,False,,False,False,745.18,49,-1,,0
669456967,745.55,28,20:22:53,False,,False,False,745.18,49,-1,,0
669456968,745.55,28,20:22:54,False,,False,False,745.18,49,-1,,0
669456969,745.48,28,20:22:54,False,,False,False,745.18,49,-1,,0
669456970,745.51,28,20:22:55,False,,False,False,745.19,49,-1,,0
669456971,745.53,28,20:22:56,False,,False,False,745.19,49,-1,,0
669456972,745.58,28,20:22:57,False,,False,False,745.19,49,-1,,0
669456973,745.55,28,20:22:58,False,,False,False,745.19,49,-1,,0
669456974,745.53,28,20:22:59,False,,False,False,745.19,49,-1,,0
669456975,745.51,28,20:23:00,False,,False,False,745.19,49,-1,,0
669456976,745.53,28,20:23:01,False,,False,False,745.19,49,-1,,0
669456977,745.51,28,20:23:02,False,,False,False,745.19,49,-1,,0
669456978,745.54,28,20:23:03,False,,False,False,745.2,49,-1,,0
669456979,745.49,28,20:23:04,False,,False,False,745.2,49,-1,,0
669456980,745.49,28,20:23:05,False,,False,False,745.2,49,-1,,0
669456981,745.52,28,20:23:06,False,,False,False,745.2,49,-1,,0
669456982,745.49,28,20:23:07,False,,False,False,745.2,49,-1,,0
669456983,745.47,28,20:23:08,False,,False,False,745.2,49,-1,,0
669456984,745.5,28,20:23:09,False,,False,False,745.2,49,-1,,0
669456985,745.52,28,20:23:10,False,,False,False,745.2,49,-1,,0
669456986,745.48,28,20:23:11,False,,False,False,745.2,49,-1,,0
669456987,745.5,28,20:23:12,False,,False,False,745.2,49,-1,,0
669456988,745.46,28,20:23:13,False,,False,False,745.21,49,-1,,0
669456989,745.44,28,20:23:14,False,,False,False,745.21,49,-1,,0
669456990,745.43,28,20:23:15,False,,False,False,745.21,49,-1,,0
669461788,739.77,28,21:41:06,False,,False,False,740.07,50,-1,,0
669461789,739.77,28,21:41:07,False,,False,False,740.07,50,-1,,0
669461790,739.75,28,21:41:08,False,,False,False,740.07,50,-1,,0
669461791,739.77,28,21:41:09,False,,False,False,740.07,50,-1,,0
669461792,739.84,28,21:41:10,False,,False,False,740.07,50,-1,,0
669461793,739.74,28,21:41:11,False,,False,False,740.07,50,-1,,0
669461794,739.81,28,21:41:12,False,,False,False,740.07,50,-1,,0
669461795,739.76,28,21:41:13,False,,False,False,740.06,50,-1,,0
669461796,739.78,28,21:41:14,False,,False,False,740.06,50,-1,,0
669461797,739.76,28,21:41:15,False,,False,False,740.06,50,-1,,0
669461798,739.78,28,21:41:16,False,,False,False,740.06,50,-1,,0
669461799,739.71,28,21:41:16,False,,False,False,740.06,50,-1,,0
669461800,739.75,28,21:41:17,False,,False,False,740.06,50,-1,,0
669461801,739.73,28,21:41:18,False,,False,False,740.06,50,-1,,0
669461802,739.75,28,21:41:19,False,,False,False,740.06,50,-1,,0
669461803,739.73,28,21:41:20,False,,False,False,740.05,50,-1,,0
669461804,739.77,28,21:41:21,False,,False,False,740.05,50,-1,,0
669461805,739.75,28,21:41:22,False,,False,False,740.05,50,-1,,0
669461806,739.72,28,21:41:23,False,,False,False,740.05,50,-1,,0
669461807,739.65,28,21:41:24,False,,False,False,740.05,50,-1,,0
669461808,739.75,28,21:41:25,False,,False,False,740.05,50,-1,,0
669461809,739.7,28,21:41:26,False,,False,False,740.05,50,-1,,0
669461810,739.79,28,21:41:27,False,,False,False,740.04,50,-1,,0
669461811,739.78,28,21:41:28,False,,False,False,740.04,50,-1,,0
669461812,739.72,28,21:41:29,False,,False,False,740.04,50,-1,,0
669461813,739.76,28,21:41:30,False,,False,False,740.04,50,-1,,0
669461814,739.71,28,21:41:31,False,,False,False,740.04,50,-1,,0
669461815,739.73,28,21:41:32,False,,False,False,740.04,50,-1,,0
669461816,739.71,28,21:41:33,False,,False,False,740.04,50,-1,,0
669461817,739.73,28,21:41:34,False,,False,False,740.04,50,-1,,0
669461818,739.72,28,21:41:35,False,,False,False,740.03,50,-1,,0
669461819,739.73,28,21:41:36,False,,False,False,740.03,50,-1,,0
669461820,739.73,28,21:41:37,False,,False,False,740.03,50,-1,,0
669461821,739.77,28,21:41:38,False,,False,False,740.03,50,-1,,0
669461822,739.7,28,21:41:39,False,,False,False,740.03,50,-1,,0
669461823,739.7,28,21:41:40,False,,False,False,740.03,50,-1,,0
669461824,739.74,28,21:41:41,False,,False,False,740.03,50,-1,,0
669461825,739.76,28,21:41:42,False,,False,False,740.02,50,-1,,0
669461826,739.71,28,21:41:43,False,,False,False,740.02,50,-1,,0
669461827,739.71,28,21:41:44,False,,False,False,740.02,50,-1,,0
669461828,739.75,28,21:41:45,False,,False,False,740.02,50,-1,,0
669461829,739.73,28,21:41:46,False,,False,False,740.02,50,-1,,0
669461830,739.68,28,21:41:47,False,,False,False,740.02,50,-1,,0
669461831,739.68,28,21:41:48,False,,False,False,740.02,50,-1,,0
669461832,739.7,28,21:41:49,False,,False,False,740.02,50,-1,,0
669461833,739.72,28,21:41:50,False,,False,False,740.01,50,-1,,0
669461834,739.72,28,21:41:51,False,,False,False,740.01,50,-1,,0
669461835,739.76,28,21:41:52,False,,False,False,740.01,50,-1,,0
669461836,739.72,28,21:41:53,False,,False,False,740.01,50,-1,,0
669461837,739.67,28,21:41:53,False,,False,False,740.01,50,-1,,0
669461838,739.7,28,21:41:54,False,,False,False,740.01,50,-1,,0
669461839,739.74,28,21:41:55,False,,False,False,740.01,50,-1,,0
669461840,739.69,28,21:41:56,False,,False,False,740.01,50,-1,,0
669461841,739.71,28,21:41:57,False,,False,False,740.0,50,-1,,0
669461842,739.69,28,21:41:58,False,,False,False,740.0,50,-1,,0
669461843,739.78,28,21:41:59,False,,False,False,740.0,50,-1,,0
669461844,739.69,28,21:42:00,False,,False,False,740.0,50,-1,,0
669461845,739.73,28,21:42:01,False,,False,False,740.0,50,-1,,0
669461846,739.68,28,21:42:02,False,,False,False,740.0,50,-1,,0
669461847,739.68,28,21:42:03,False,,False,False,740.0,50,-1,,0
669464675,737.64,28,22:27:56,False,,False,False,737.53,51,-1,,0
669464676,737.66,28,22:27:57,False,,False,False,737.53,51,-1,,0
669464677,737.64,28,22:27:58,False,,False,False,737.53,51,-1,,0
669464678,737.71,28,22:27:59,False,,False,False,737.53,51,-1,,0
669464679,737.64,28,22:28:00,False,,False,False,737.53,51,-1,,0
669464680,737.69,28,22:28:01,False,,False,False,737.53,51,-1,,0
669464681,737.64,28,22:28:02,False,,False,False,737.53,51,-1,,0
669464682,737.69,28,22:28:03,False,,False,False,737.53,51,-1,,0
669464683,737.64,28,22:28:04,False,,False,False,737.53,51,-1,,0
669464684,737.69,28,22:28:05,False,,False,False,737.53,51,-1,,0
669464685,737.67,28,22:28:06,False,,False,False,737.53,51,-1,,0
669464686,737.69,28,22:28:07,False,,False,False,737.53,51,-1,,0
669464687,737.69,28,22:28:08,False,,False,False,737.53,51,-1,,0
669464688,737.62,28,22:28:09,False,,False,False,737.53,51,-1,,0
669464689,737.64,28,22:28:10,False,,False,False,737.54,51,-1,,0
669464690,737.64,28,22:28:11,False,,False,False,737.54,51,-1,,0
669464691,737.62,28,22:28:12,False,,False,False,737.54,51,-1,,0
669464692,737.67,28,22:28:13,False,,False,False,737.54,51,-1,,0
669464693,737.67,28,22:28:14,False,,False,False,737.54,51,-1,,0
669464694,737.62,28,22:28:15,False,,False,False,737.54,51,-1,,0
669464695,737.69,28,22:28:16,False,,False,False,737.54,51,-1,,0
669464696,737.65,28,22:28:17,False,,False,False,737.54,51,-1,,0
669464697,737.65,28,22:28:18,False,,False,False,737.54,51,-1,,0
669464698,737.67,28,22:28:19,False,,False,False,737.54,51,-1,,0
669464699,737.67,28,22:28:20,False,,False,False,737.54,51,-1,,0
669464700,737.67,28,22:28:21,False,,False,False,737.54,51,-1,,0
669464701,737.65,28,22:28:22,False,,False,False,737.54,51,-1,,0
669464702,737.67,28,22:28:23,False,,False,False,737.54,51,-1,,0
669464703,737.65,28,22:28:24,False,,False,False,737.54,51,-1,,0
669464704,737.61,28,22:28:25,False,,False,False,737.54,51,-1,,0
669464705,737.65,28,22:28:25,False,,False,False,737.54,51,-1,,0
669464706,737.65,28,22:28:26,False,,False,False,737.54,51,-1,,0
669464707,737.59,28,22:28:27,False,,False,False,737.55,51,-1,,0
669464708,737.69,28,22:28:28,False,,False,False,737.55,51,-1,,0
669464709,737.65,28,22:28:29,False,,False,False,737.55,51,-1,,0
669464710,737.67,28,22:28:30,False,,False,False,737.55,51,-1,,0
669464711,737.61,28,22:28:31,False,,False,False,737.55,51,-1,,0
669464712,737.68,28,22:28:32,False,,False,False,737.55,51,-1,,0
669464713,737.69,28,22:28:33,False,,False,False,737.55,51,-1,,0
669464714,737.68,28,22:28:34,False,,False,False,737.55,51,-1,,0
669464715,737.63,28,22:28:35,False,,False,False,737.55,51,-1,,0
669464716,737.65,28,22:28:36,False,,False,False,737.55,51,-1,,0
669464717,737.72,28,22:28:37,False,,False,False,737.55,51,-1,,0
669464718,737.68,28,22:28:38,False,,False,False,737.55,51,-1,,0
669464719,737.68,28,22:28:39,False,,False,False,737.55,51,-1,,0
669464720,737.68,28,22:28:40,False,,False,False,737.55,51,-1,,0
669464721,737.7,28,22:28:41,False,,False,False,737.55,51,-1,,0
669464722,737.67,28,22:28:42,False,,False,False,737.55,51,-1,,0
669464723,737.68,28,22:28:43,False,,False,False,737.55,51,-1,,0
669464724,737.68,28,22:28:44,False,,False,False,737.55,51,-1,,0
669464725,737.68,28,22:28:45,False,,False,False,737.55,51,-1,,0
669464726,737.68,28,22:28:46,False,,False,False,737.56,51,-1,,0
669464727,737.63,28,22:28:47,False,,False,False,737.56,51,-1,,0
669464728,737.68,28,22:28:48,False,,False,False,737.56,51,-1,,0
669464729,737.68,28,22:28:49,False,,False,False,737.56,51,-1,,0
669464730,737.61,28,22:28:50,False,,False,False,737.56,51,-1,,0
669464731,737.7,28,22:28:51,False,,False,False,737.56,51,-1,,0
669464732,737.7,28,22:28:52,False,,False,False,737.56,51,-1,,0
669464733,737.68,28,22:28:53,False,,False,False,737.56,51,-1,,0
669464734,737.66,28,22:28:54,False,,False,False,737.56,51,-1,,0
669464725,737.68,28,22:28:45,False,,False,False,737.55,52,-1,,0
669464726,737.68,28,22:28:46,False,,False,False,737.56,52,-1,,0
669464727,737.63,28,22:28:47,False,,False,False,737.56,52,-1,,0
669464728,737.68,28,22:28:48,False,,False,False,737.56,52,-1,,0
669464729,737.68,28,22:28:49,False,,False,False,737.56,52,-1,,0
669464730,737.61,28,22:28:50,False,,False,False,737.56,52,-1,,0
669464731,737.7,28,22:28:51,False,,False,False,737.56,52,-1,,0
669464732,737.7,28,22:28:52,False,,False,False,737.56,52,-1,,0
669464733,737.68,28,22:28:53,False,,False,False,737.56,52,-1,,0
669464734,737.66,28,22:28:54,False,,False,False,737.56,52,-1,,0
669464735,737.66,28,22:28:55,False,,False,False,737.56,52,-1,,0
669464736,737.7,28,22:28:56,False,,False,False,737.56,52,-1,,0
669464737,737.68,28,22:28:57,False,,False,False,737.56,52,-1,,0
669464738,737.68,28,22:28:58,False,,False,False,737.56,52,-1,,0
669464739,737.68,28,22:28:59,False,,False,False,737.56,52,-1,,0
669464740,737.73,28,22:29:00,False,,False,False,737.56,52,-1,,0
669464741,737.68,28,22:29:01,False,,False,False,737.56,52,-1,,0
669464742,737.71,28,22:29:01,False,,False,False,737.56,52,-1,,0
669464743,737.73,28,22:29:02,False,,False,False,737.57,52,-1,,0
669464744,737.64,28,22:29:03,False,,False,False,737.57,52,-1,,0
669464745,737.66,28,22:29:04,False,,False,False,737.57,52,-1,,0
669464746,737.66,28,22:29:05,False,,False,False,737.57,52,-1,,0
669464747,737.64,28,22:29:06,False,,False,False,737.57,52,-1,,0
669464748,737.66,28,22:29:07,False,,False,False,737.57,52,-1,,0
669464749,737.68,28,22:29:08,False,,False,False,737.57,52,-1,,0
669464750,737.66,28,22:29:09,False,,False,False,737.57,52,-1,,0
669464751,737.71,28,22:29:10,False,,False,False,737.57,52,-1,,0
669464752,737.66,28,22:29:11,False,,False,False,737.57,52,-1,,0
669464753,737.64,28,22:29:12,False,,False,False,737.57,52,-1,,0
669464754,737.67,28,22:29:13,False,,False,False,737.57,52,-1,,0
669464755,737.68,28,22:29:14,False,,False,False,737.57,52,-1,,0
669464756,737.69,28,22:29:15,False,,False,False,737.57,52,-1,,0
669464757,737.65,28,22:29:16,False,,False,False,737.57,52,-1,,0
669464758,737.72,28,22:29:17,False,,False,False,737.57,52,-1,,0
669464759,737.73,28,22:29:18,False,,False,False,737.57,52,-1,,0
669464760,737.67,28,22:29:19,False,,False,False,737.57,52,-1,,0
669464761,737.67,28,22:29:20,False,,False,False,737.58,52,-1,,0
669464762,737.67,28,22:29:21,False,,False,False,737.58,52,-1,,0
669464763,737.69,28,22:29:22,False,,False,False,737.58,52,-1,,0
669464764,737.67,28,22:29:23,False,,False,False,737.58,52,-1,,0
669464765,737.69,28,22:29:24,False,,False,False,737.58,52,-1,,0
669464766,737.67,28,22:29:25,False,,False,False,737.58,52,-1,,0
669464767,737.69,28,22:29:26,False,,False,False,737.58,52,-1,,0
669464768,737.69,28,22:29:27,False,,False,False,737.58,52,-1,,0
669464769,737.65,28,22:29:28,False,,False,False,737.58,52,-1,,0
669464770,737.63,28,22:29:29,False,,False,False,737.58,52,-1,,0
669464771,737.74,28,22:29:30,False,,False,False,737.58,52,-1,,0
669464772,737.7,28,22:29:31,False,,False,False,737.58,52,-1,,0
669464773,737.69,28,22:29:32,False,,False,False,737.58,52,-1,,0
669464774,737.72,28,22:29:33,False,,False,False,737.58,52,-1,,0
669464775,737.67,28,22:29:34,False,,False,False,737.58,52,-1,,0
669464776,737.71,28,22:29:35,False,,False,False,737.58,52,-1,,0
669464777,737.67,28,22:29:36,False,,False,False,737.58,52,-1,,0
669464778,737.68,28,22:29:37,False,,False,False,737.59,52,-1,,0
669464779,737.74,28,22:29:38,False,,False,False,737.59,52,-1,,0
669464780,737.65,28,22:29:38,False,,False,False,737.59,52,-1,,0
669464781,737.69,28,22:29:39,False,,False,False,737.59,52,-1,,0
669464782,737.7,28,22:29:40,False,,False,False,737.59,52,-1,,0
669464783,737.65,28,22:29:41,False,,False,False,737.59,52,-1,,0
669464784,737.67,28,22:29:42,False,,False,False,737.59,52,-1,,0
669481666,744.97,29,3:03:37,False,,False,False,745.09,53,-1,,0
669481667,744.99,29,3:03:38,False,,False,False,745.09,53,-1,,0
669481668,744.95,29,3:03:39,False,,False,False,745.09,53,-1,,0
669481669,744.95,29,3:03:40,False,,False,False,745.09,53,-1,,0
669481670,744.97,29,3:03:41,False,,False,False,745.09,53,-1,,0
669481671,744.95,29,3:03:42,False,,False,False,745.09,53,-1,,0
669481672,744.97,29,3:03:43,False,,False,False,745.09,53,-1,,0
669481673,744.99,29,3:03:44,False,,False,False,745.09,53,-1,,0
669481674,744.94,29,3:03:45,False,,False,False,745.09,53,-1,,0
669481675,744.99,29,3:03:46,False,,False,False,745.09,53,-1,,0
669481676,744.99,29,3:03:47,False,,False,False,745.08,53,-1,,0
669481677,744.94,29,3:03:48,False,,False,False,745.08,53,-1,,0
669481678,744.96,29,3:03:49,False,,False,False,745.08,53,-1,,0
669481679,744.92,29,3:03:50,False,,False,False,745.08,53,-1,,0
669481680,744.96,29,3:03:51,False,,False,False,745.08,53,-1,,0
669481681,744.96,29,3:03:52,False,,False,False,745.08,53,-1,,0
669481682,744.98,29,3:03:53,False,,False,False,745.08,53,-1,,0
669481683,744.99,29,3:03:54,False,,False,False,745.08,53,-1,,0
669481684,744.98,29,3:03:55,False,,False,False,745.08,53,-1,,0
669481685,745.03,29,3:03:55,False,,False,False,745.08,53,-1,,0
669481686,745.0,29,3:03:56,False,,False,False,745.08,53,-1,,0
669481687,745.0,29,3:03:57,False,,False,False,745.08,53,-1,,0
669481688,744.98,29,3:03:58,False,,False,False,745.08,53,-1,,0
669481689,745.0,29,3:03:59,False,,False,False,745.08,53,-1,,0
669481690,744.96,29,3:04:00,False,,False,False,745.08,53,-1,,0
669481691,744.97,29,3:04:01,False,,False,False,745.08,53,-1,,0
669481692,744.98,29,3:04:02,False,,False,False,745.08,53,-1,,0
669481693,745.0,29,3:04:03,False,,False,False,745.08,53,-1,,0
669481694,744.97,29,3:04:04,False,,False,False,745.08,53,-1,,0
669481695,744.97,29,3:04:05,False,,False,False,745.07,53,-1,,0
669481696,744.99,29,3:04:06,False,,False,False,745.07,53,-1,,0
669481697,744.97,29,3:04:07,False,,False,False,745.07,53,-1,,0
669481698,744.95,29,3:04:08,False,,False,False,745.07,53,-1,,0
669481699,744.99,29,3:04:09,False,,False,False,745.07,53,-1,,0
669481700,744.95,29,3:04:10,False,,False,False,745.07,53,-1,,0
669481701,745.01,29,3:04:11,False,,False,False,745.07,53,-1,,0
669481702,744.99,29,3:04:12,False,,False,False,745.07,53,-1,,0
669481703,744.99,29,3:04:13,False,,False,False,745.07,53,-1,,0
669481704,744.99,29,3:04:14,False,,False,False,745.07,53,-1,,0
669481705,744.94,29,3:04:15,False,,False,False,745.07,53,-1,,0
669481706,745.01,29,3:04:16,False,,False,False,745.07,53,-1,,0
669481707,744.96,29,3:04:17,False,,False,False,745.07,53,-1,,0
669481708,745.0,29,3:04:18,False,,False,False,745.07,53,-1,,0
669481709,744.99,29,3:04:19,False,,False,False,745.07,53,-1,,0
669481710,744.98,29,3:04:20,False,,False,False,745.07,53,-1,,0
669481711,744.98,29,3:04:21,False,,False,False,745.07,53,-1,,0
669481712,744.94,29,3:04:22,False,,False,False,745.07,53,-1,,0
669481713,744.98,29,3:04:23,False,,False,False,745.07,53,-1,,0
669481714,744.92,29,3:04:24,False,,False,False,745.07,53,-1,,0
669481715,744.96,29,3:04:25,False,,False,False,745.07,53,-1,,0
669481716,744.96,29,3:04:26,False,,False,False,745.07,53,-1,,0
669481717,744.97,29,3:04:27,False,,False,False,745.06,53,-1,,0
669481718,744.98,29,3:04:28,False,,False,False,745.06,53,-1,,0
669481719,744.95,29,3:04:29,False,,False,False,745.06,53,-1,,0
669481720,744.97,29,3:04:30,False,,False,False,745.06,53,-1,,0
669481721,745.02,29,3:04:31,False,,False,False,745.06,53,-1,,0
669481722,744.95,29,3:04:32,False,,False,False,745.06,53,-1,,0
669481723,744.91,29,3:04:32,False,,False,False,745.06,53,-1,,0
669481724,744.97,29,3:04:33,False,,False,False,745.06,53,-1,,0
669481725,744.93,29,3:04:34,False,,False,False,745.06,53,-1,,0
669518072,739.12,29,12:54:18,False,,False,False,739.37,54,-1,,0
669518073,739.12,29,12:54:19,False,,False,False,739.37,54,-1,,0
669518074,739.13,29,12:54:20,False,,False,False,739.37,54,-1,,0
669518075,739.13,29,12:54:21,False,,False,False,739.37,54,-1,,0
669518076,739.15,29,12:54:22,False,,False,False,739.37,54,-1,,0
669518077,739.15,29,12:54:23,False,,False,False,739.37,54,-1,,0
669518078,739.17,29,12:54:24,False,,False,False,739.37,54,-1,,0
669518079,739.06,29,12:54:25,False,,False,False,739.37,54,-1,,0
669518080,739.15,29,12:54:26,False,,False,False,739.37,54,-1,,0
669518081,739.12,29,12:54:27,False,,False,False,739.37,54,-1,,0
669518082,739.14,29,12:54:28,False,,False,False,739.37,54,-1,,0
669518083,739.14,29,12:54:29,False,,False,False,739.37,54,-1,,0
669518084,739.1,29,12:54:30,False,,False,False,739.37,54,-1,,0
669518085,739.12,29,12:54:31,False,,False,False,739.36,54,-1,,0
669518086,739.12,29,12:54:32,False,,False,False,739.36,54,-1,,0
669518087,739.11,29,12:54:33,False,,False,False,739.36,54,-1,,0
669518088,739.09,29,12:54:34,False,,False,False,739.36,54,-1,,0
669518089,739.13,29,12:54:35,False,,False,False,739.36,54,-1,,0
669518090,739.07,29,12:54:36,False,,False,False,739.36,54,-1,,0
669518091,739.07,29,12:54:37,False,,False,False,739.36,54,-1,,0
669518092,739.13,29,12:54:38,False,,False,False,739.36,54,-1,,0
669518093,739.09,29,12:54:39,False,,False,False,739.36,54,-1,,0
669518094,739.08,29,12:54:40,False,,False,False,739.36,54,-1,,0
669518095,739.13,29,12:54:41,False,,False,False,739.36,54,-1,,0
669518096,739.19,29,12:54:42,False,,False,False,739.36,54,-1,,0
669518097,739.19,29,12:54:43,False,,False,False,739.36,54,-1,,0
669518098,739.19,29,12:54:44,False,,False,False,739.36,54,-1,,0
669518099,739.12,29,12:54:44,False,,False,False,739.35,54,-1,,0
669518100,739.09,29,12:54:45,False,,False,False,739.35,54,-1,,0
669518101,739.13,29,12:54:46,False,,False,False,739.35,54,-1,,0
669518102,739.14,29,12:54:47,False,,False,False,739.35,54,-1,,0
669518103,739.11,29,12:54:48,False,,False,False,739.35,54,-1,,0
669518104,739.16,29,12:54:49,False,,False,False,739.35,54,-1,,0
669518105,739.13,29,12:54:50,False,,False,False,739.35,54,-1,,0
669518106,739.13,29,12:54:51,False,,False,False,739.35,54,-1,,0
669518107,739.18,29,12:54:52,False,,False,False,739.35,54,-1,,0
669518108,739.13,29,12:54:53,False,,False,False,739.35,54,-1,,0
669518109,739.13,29,12:54:54,False,,False,False,739.35,54,-1,,0
669518110,739.15,29,12:54:55,False,,False,False,739.35,54,-1,,0
669518111,739.1,29,12:54:56,False,,False,False,739.35,54,-1,,0
669518112,739.12,29,12:54:57,False,,False,False,739.35,54,-1,,0
669518113,739.1,29,12:54:58,False,,False,False,739.34,54,-1,,0
669518114,739.05,29,12:54:59,False,,False,False,739.34,54,-1,,0
669518115,739.09,29,12:55:00,False,,False,False,739.34,54,-1,,0
669518116,739.03,29,12:55:01,False,,False,False,739.34,54,-1,,0
669518117,739.12,29,12:55:02,False,,False,False,739.34,54,-1,,0
669518118,739.09,29,12:55:03,False,,False,False,739.34,54,-1,,0
669518119,739.09,29,12:55:04,False,,False,False,739.34,54,-1,,0
669518120,739.07,29,12:55:05,False,,False,False,739.34,54,-1,,0
669518121,739.09,29,12:55:06,False,,False,False,739.34,54,-1,,0
669518122,739.13,29,12:55:07,False,,False,False,739.34,54,-1,,0
669518123,739.15,29,12:55:08,False,,False,False,739.34,54,-1,,0
669518124,739.06,29,12:55:09,False,,False,False,739.33,54,-1,,0
669518125,739.12,29,12:55:10,False,,False,False,739.33,54,-1,,0
669518126,739.1,29,12:55:11,False,,False,False,739.33,54,-1,,0
669518127,739.1,29,12:55:12,False,,False,False,739.33,54,-1,,0
669518128,739.1,29,12:55:13,False,,False,False,739.33,54,-1,,0
669518129,739.12,29,12:55:14,False,,False,False,739.33,54,-1,,0
669518130,739.1,29,12:55:15,False,,False,False,739.33,54,-1,,0
669518131,739.14,29,12:55:16,False,,False,False,739.33,54,-1,,0
669518659,738.46,29,13:03:50,False,,True,True,738.84,55,669518763,train,1
669518660,738.46,29,13:03:51,False,,True,True,738.83,55,669518763,train,1
669518661,738.46,29,13:03:52,False,,True,True,738.83,55,669518763,train,1
669518662,738.5,29,13:03:53,False,,True,True,738.83,55,669518763,train,1
669518663,738.48,29,13:03:54,False,,True,True,738.83,55,669518763,train,1
669518664,738.47,29,13:03:55,False,,True,True,738.83,55,669518763,train,1
669518665,738.5,29,13:03:55,False,,True,True,738.83,55,669518763,train,1
669518666,738.5,29,13:03:56,False,,True,True,738.83,55,669518763,train,1
669518667,738.45,29,13:03:57,False,,True,True,738.83,55,669518763,train,1
669518668,738.47,29,13:03:58,False,,True,True,738.83,55,669518763,train,1
669518669,738.52,29,13:03:59,False,,True,True,738.82,55,669518763,train,1
669518670,738.47,29,13:04:00,False,,True,True,738.82,55,669518763,train,1
669518671,738.42,29,13:04:01,False,,True,True,738.82,55,669518763,train,1
669518672,738.45,29,13:04:02,False,,True,True,738.82,55,669518763,train,1
669518673,738.36,29,13:04:03,False,,True,True,738.82,55,669518763,train,1
669518674,738.33,29,13:04:04,False,,True,True,738.82,55,669518763,train,1
669518675,738.37,29,13:04:05,False,,True,True,738.82,55,669518763,train,1
669518676,738.35,29,13:04:06,False,,True,True,738.82,55,669518763,train,1
669518677,738.33,29,13:04:07,False,,True,True,738.81,55,669518763,train,1
669518678,738.39,29,13:04:08,False,,True,True,738.81,55,669518763,train,1
669518679,738.28,29,13:04:09,False,,True,True,738.81,55,669518763,train,1
669518680,738.32,29,13:04:10,False,,True,True,738.81,55,669518763,train,1
669518681,738.27,29,13:04:11,False,,True,True,738.81,55,669518763,train,1
669518682,738.3,29,13:04:12,False,,True,True,738.81,55,669518763,train,1
669518683,738.37,29,13:04:13,False,,True,True,738.81,55,669518763,train,1
669518684,738.3,29,13:04:14,False,,True,True,738.8,55,669518763,train,1
669518685,738.34,29,13:04:15,False,,True,True,738.8,55,669518763,train,1
669518686,738.34,29,13:04:16,False,,True,True,738.8,55,669518763,train,1
669518687,738.34,29,13:04:17,False,,True,True,738.8,55,669518763,train,1
669518688,738.36,29,13:04:18,False,,True,True,738.8,55,669518763,train,1
669518689,738.36,29,13:04:19,False,,True,True,738.8,55,669518763,train,1
669518690,738.4,29,13:04:20,False,,True,True,738.79,55,669518763,train,1
669518691,738.47,29,13:04:21,False,,True,True,738.79,55,669518763,train,1
669518692,738.4,29,13:04:22,False,,True,True,738.79,55,669518763,train,1
669518693,738.35,29,13:04:23,False,,True,True,738.79,55,669518763,train,1
669518694,738.4,29,13:04:24,False,,True,True,738.79,55,669518763,train,1
669518695,738.33,29,13:04:25,False,,True,True,738.79,55,669518763,train,1
669518696,738.33,29,13:04:26,False,,True,True,738.79,55,669518763,train,1
669518697,738.31,29,13:04:27,False,,True,True,738.78,55,669518763,train,1
669518698,738.33,29,13:04:28,False,,True,True,738.78,55,669518763,train,1
669518699,738.26,29,13:04:29,False,,True,True,738.78,55,669518763,train,1
669518700,738.3,29,13:04:30,False,,True,True,738.78,55,669518763,train,1
669518701,738.32,29,13:04:31,False,,True,True,738.78,55,669518763,train,1
669518702,738.32,29,13:04:32,False,,True,True,738.78,55,669518763,train,1
669518703,738.3,29,13:04:32,False,,True,True,738.78,55,669518763,train,1
669518704,738.37,29,13:04:33,False,,True,True,738.77,55,669518763,train,1
669518705,738.32,29,13:04:34,False,,True,True,738.77,55,669518763,train,1
669518706,738.23,29,13:04:35,False,,True,True,738.77,55,669518763,train,1
669518707,738.23,29,13:04:36,False,,True,True,738.77,55,669518763,train,1
669518708,738.25,29,13:04:37,False,,True,True,738.77,55,669518763,train,1
669518709,738.23,29,13:04:38,False,,True,True,738.77,55,669518763,train,1
669518710,738.2,29,13:04:39,False,,True,True,738.76,55,669518763,train,1
669518711,738.2,29,13:04:40,False,,True,True,738.76,55,669518763,train,1
669518712,738.07,29,13:04:41,False,,True,True,738.76,55,669518763,train,1
669518713,738.11,29,13:04:42,False,,True,True,738.76,55,669518763,train,1
669518714,738.15,29,13:04:43,False,,True,True,738.76,55,669518763,train,1
669518715,738.13,29,13:04:44,False,,True,True,738.76,55,669518763,train,1
669518716,738.08,29,13:04:45,False,,True,True,738.75,55,669518763,train,1
669518717,738.1,29,13:04:46,False,,True,True,738.75,55,669518763,train,1
669518718,738.06,29,13:04:47,False,,True,True,738.75,55,669518763,train,1
669519417,738.07,29,13:16:08,False,,True,False,738.28,56,669519478,train,1
669519418,738.06,29,13:16:09,False,,True,False,738.28,56,669519478,train,1
669519419,738.06,29,13:16:10,False,,True,False,738.27,56,669519478,train,1
669519420,738.04,29,13:16:10,False,,True,False,738.27,56,669519478,train,1
669519421,737.96,29,13:16:11,False,,True,False,738.27,56,669519478,train,1
669519422,737.99,29,13:16:12,False,,True,False,738.27,56,669519478,train,1
669519423,738.03,29,13:16:13,False,,True,False,738.27,56,669519478,train,1
669519424,737.99,29,13:16:14,False,,True,False,738.27,56,669519478,train,1
669519425,737.97,29,13:16:15,False,,True,False,738.27,56,669519478,train,1
669519426,737.99,29,13:16:16,False,,True,False,738.27,56,669519478,train,1
669519427,737.95,29,13:16:17,False,,True,False,738.27,56,669519478,train,1
669519428,737.99,29,13:16:18,False,,True,False,738.26,56,669519478,train,1
669519429,738.01,29,13:16:19,False,,True,False,738.26,56,669519478,train,1
669519430,737.99,29,13:16:20,False,,True,False,738.26,56,669519478,train,1
669519431,737.97,29,13:16:21,False,,True,False,738.26,56,669519478,train,1
669519432,737.99,29,13:16:22,False,,True,False,738.26,56,669519478,train,1
669519433,738.01,29,13:16:23,False,,True,False,738.26,56,669519478,train,1
669519434,737.96,29,13:16:24,False,,True,False,738.26,56,669519478,train,1
669519435,737.98,29,13:16:25,False,,True,False,738.26,56,669519478,train,1
669519436,737.98,29,13:16:26,False,,True,False,738.26,56,669519478,train,1
669519437,737.94,29,13:16:27,False,,True,False,738.26,56,669519478,train,1
669519438,737.93,29,13:16:28,False,,True,False,738.25,56,669519478,train,1
669519439,737.96,29,13:16:29,False,,True,False,738.25,56,669519478,train,1
669519440,737.96,29,13:16:30,False,,True,False,738.25,56,669519478,train,1
669519441,737.85,29,13:16:31,False,,True,False,738.25,56,669519478,train,1
669519442,737.87,29,13:16:32,False,,True,False,738.25,56,669519478,train,1
669519443,737.89,29,13:16:33,False,,True,False,738.25,56,669519478,train,1
669519444,737.89,29,13:16:34,False,,True,False,738.25,56,669519478,train,1
669519445,737.84,29,13:16:35,False,,True,False,738.25,56,669519478,train,1
669519446,737.84,29,13:16:36,False,,True,False,738.25,56,669519478,train,1
669519447,737.86,29,13:16:37,False,,True,False,738.24,56,669519478,train,1
669519448,737.84,29,13:16:38,False,,True,False,738.24,56,669519478,train,1
669519449,737.86,29,13:16:39,False,,True,False,738.24,56,669519478,train,1
669519450,737.84,29,13:16:40,False,,True,False,738.24,56,669519478,train,1
669519451,737.92,29,13:16:41,False,,True,False,738.24,56,669519478,train,1
669519452,737.92,29,13:16:42,False,,True,False,738.24,56,669519478,train,1
669519453,737.92,29,13:16:43,False,,True,False,738.24,56,669519478,train,1
669519454,737.97,29,13:16:44,False,,True,False,738.24,56,669519478,train,1
669519455,737.92,29,13:16:45,False,,True,False,738.23,56,669519478,train,1
669519456,737.92,29,13:16:46,False,,True,False,738.23,56,669519478,train,1
669519457,737.96,29,13:16:46,False,,True,False,738.23,56,669519478,train,1
669519458,737.96,29,13:16:47,False,,True,False,738.23,56,669519478,train,1
669519459,737.99,29,13:16:48,False,,True,False,738.23,56,669519478,train,1
669519460,737.9,29,13:16:49,False,,True,False,738.23,56,669519478,train,1
669519461,737.9,29,13:16:50,False,,True,False,738.23,56,669519478,train,1
669519462,737.81,29,13:16:51,False,,True,False,738.23,56,669519478,train,1
669519463,737.8,29,13:16:52,False,,True,False,738.23,56,669519478,train,1
669519464,737.84,29,13:16:53,False,,True,False,738.22,56,669519478,train,1
669519465,737.83,29,13:16:54,False,,True,False,738.22,56,669519478,train,1
669519466,737.89,29,13:16:55,False,,True,False,738.22,56,669519478,train,1
669519467,737.87,29,13:16:56,False,,True,False,738.22,56,669519478,train,1
669519468,737.8,29,13:16:57,False,,True,False,738.22,56,669519478,train,1
669519469,737.89,29,13:16:58,False,,True,False,738.22,56,669519478,train,1
669519470,737.86,29,13:16:59,False,,True,False,738.22,56,669519478,train,1
669519471,737.86,29,13:17:00,False,,True,False,738.22,56,669519478,train,1
669519472,737.8,29,13:17:01,False,,True,False,738.21,56,669519478,train,1
669519473,737.75,29,13:17:02,False,,True,False,738.21,56,669519478,train,1
669519474,737.81,29,13:17:03,False,,True,True,738.21,56,669519478,train,1
669519475,737.86,29,13:17:04,False,,True,True,738.21,56,669519478,train,1
669519476,737.81,29,13:17:05,False,,True,True,738.21,56,669519478,train,1
669520071,737.33,29,13:26:44,False,,False,False,737.59,57,-1,,0
669520072,737.38,29,13:26:45,False,,False,False,737.59,57,-1,,0
669520073,737.33,29,13:26:46,False,,False,False,737.59,57,-1,,0
669520074,737.31,29,13:26:47,False,,False,False,737.59,57,-1,,0
669520075,737.35,29,13:26:48,False,,False,False,737.59,57,-1,,0
669520076,737.29,29,13:26:49,False,,False,False,737.59,57,-1,,0
669520077,737.33,29,13:26:50,False,,False,False,737.59,57,-1,,0
669520078,737.32,29,13:26:51,False,,False,False,737.59,57,-1,,0
669520079,737.3,29,13:26:52,False,,False,False,737.59,57,-1,,0
669520080,737.3,29,13:26:53,False,,False,False,737.59,57,-1,,0
669520081,737.3,29,13:26:54,False,,False,False,737.59,57,-1,,0
669520082,737.3,29,13:26:55,False,,False,False,737.59,57,-1,,0
669520083,737.3,29,13:26:56,False,,False,False,737.59,57,-1,,0
669520084,737.3,29,13:26:57,False,,False,False,737.58,57,-1,,0
669520085,737.23,29,13:26:58,False,,False,False,737.58,57,-1,,0
669520086,737.3,29,13:26:59,False,,False,False,737.58,57,-1,,0
669520087,737.3,29,13:27:00,False,,False,False,737.58,57,-1,,0
669520088,737.32,29,13:27:01,False,,False,False,737.58,57,-1,,0
669520089,737.27,29,13:27:02,False,,False,False,737.58,57,-1,,0
669520090,737.32,29,13:27:03,False,,False,False,737.58,57,-1,,0
669520091,737.34,29,13:27:04,False,,False,False,737.58,57,-1,,0
669520092,737.34,29,13:27:05,False,,False,False,737.58,57,-1,,0
669520093,737.3,29,13:27:06,False,,False,False,737.58,57,-1,,0
669520094,737.29,29,13:27:07,False,,False,False,737.58,57,-1,,0
669520095,737.31,29,13:27:08,False,,False,False,737.57,57,-1,,0
669520096,737.29,29,13:27:09,False,,False,False,737.57,57,-1,,0
669520097,737.29,29,13:27:10,False,,False,False,737.57,57,-1,,0
669520098,737.29,29,13:27:11,False,,False,False,737.57,57,-1,,0
669520099,737.27,29,13:27:11,False,,False,False,737.57,57,-1,,0
669520100,737.26,29,13:27:12,False,,False,False,737.57,57,-1,,0
669520101,737.24,29,13:27:13,False,,False,False,737.57,57,-1,,0
669520102,737.24,29,13:27:14,False,,False,False,737.57,57,-1,,0
669520103,737.26,29,13:27:15,False,,False,False,737.57,57,-1,,0
669520104,737.24,29,13:27:16,False,,False,False,737.57,57,-1,,0
669520105,737.26,29,13:27:17,False,,False,False,737.56,57,-1,,0
669520106,737.26,29,13:27:18,False,,False,False,737.56,57,-1,,0
669520107,737.28,29,13:27:19,False,,False,False,737.56,57,-1,,0
669520108,737.28,29,13:27:20,False,,False,False,737.56,57,-1,,0
669520109,737.26,29,13:27:21,False,,False,False,737.56,57,-1,,0
669520110,737.26,29,13:27:22,False,,False,False,737.56,57,-1,,0
669520111,737.26,29,13:27:23,False,,False,False,737.56,57,-1,,0
669520112,737.27,29,13:27:24,False,,False,False,737.56,57,-1,,0
669520113,737.26,29,13:27:25,False,,False,False,737.56,57,-1,,0
669520114,737.21,29,13:27:26,False,,False,False,737.56,57,-1,,0
669520115,737.3,29,13:27:27,False,,False,False,737.56,57,-1,,0
669520116,737.23,29,13:27:28,False,,False,False,737.56,57,-1,,0
669520117,737.27,29,13:27:29,False,,False,False,737.55,57,-1,,0
669520118,737.25,29,13:27:30,False,,False,False,737.55,57,-1,,0
669520119,737.25,29,13:27:31,False,,False,False,737.55,57,-1,,0
669520120,737.29,29,13:27:32,False,,False,False,737.55,57,-1,,0
669520121,737.24,29,13:27:33,False,,False,False,737.55,57,-1,,0
669520122,737.27,29,13:27:34,False,,False,False,737.55,57,-1,,0
669520123,737.23,29,13:27:35,False,,False,False,737.55,57,-1,,0
669520124,737.29,29,13:27:36,False,,False,False,737.55,57,-1,,0
669520125,737.29,29,13:27:37,False,,False,False,737.55,57,-1,,0
669520126,737.28,29,13:27:38,False,,False,False,737.55,57,-1,,0
669520127,737.22,29,13:27:39,False,,False,False,737.55,57,-1,,0
669520128,737.24,29,13:27:40,False,,False,False,737.55,57,-1,,0
669520129,737.22,29,13:27:41,False,,False,False,737.55,57,-1,,0
669520130,737.26,29,13:27:42,False,,False,False,737.54,57,-1,,0
669531784,729.96,29,16:36:47,False,,True,False,730.08,58,669531860,train,1
669531785,730.07,29,16:36:48,False,,True,False,730.08,58,669531860,train,1
669531786,730.0,29,16:36:49,False,,True,False,730.08,58,669531860,train,1
669531787,729.98,29,16:36:50,False,,True,False,730.08,58,669531860,train,1
669531788,729.93,29,16:36:51,False,,True,False,730.08,58,669531860,train,1
669531789,729.95,29,16:36:52,False,,True,False,730.08,58,669531860,train,1
669531790,730.06,29,16:36:53,False,,True,False,730.08,58,669531860,train,1
669531791,730.0,29,16:36:54,False,,True,False,730.08,58,669531860,train,1
669531792,730.0,29,16:36:55,False,,True,False,730.08,58,669531860,train,1
669531793,730.04,29,16:36:56,False,,True,False,730.08,58,669531860,train,1
669531794,730.02,29,16:36:57,False,,True,True,730.08,58,669531860,train,1
669531795,730.04,29,16:36:58,False,,True,True,730.08,58,669531860,train,1
669531796,730.06,29,16:36:58,False,,True,True,730.08,58,669531860,train,1
669531797,730.0,29,16:36:59,False,,True,True,730.08,58,669531860,train,1
669531798,730.04,29,16:37:00,False,,True,True,730.08,58,669531860,train,1
669531799,730.01,29,16:37:01,False,,True,True,730.08,58,669531860,train,1
669531800,730.06,29,16:37:02,False,,True,True,730.08,58,669531860,train,1
669531801,729.99,29,16:37:03,False,,True,True,730.08,58,669531860,train,1
669531802,730.06,29,16:37:04,False,,True,True,730.08,58,669531860,train,1
669531803,730.06,29,16:37:05,False,,True,True,730.08,58,669531860,train,1
669531804,730.03,29,16:37:06,False,,True,True,730.08,58,669531860,train,1
669531805,730.01,29,16:37:07,False,,True,True,730.08,58,669531860,train,1
669531806,730.05,29,16:37:08,False,,True,True,730.08,58,669531860,train,1
669531807,730.03,29,16:37:09,False,,True,True,730.08,58,669531860,train,1
669531808,729.99,29,16:37:10,False,,True,True,730.08,58,669531860,train,1
669531809,730.05,29,16:37:11,False,,True,True,730.08,58,669531860,train,1
669531810,730.0,29,16:37:12,False,,True,True,730.08,58,669531860,train,1
669531811,730.09,29,16:37:13,False,,True,True,730.08,58,669531860,train,1
669531812,730.12,29,16:37:14,False,,True,True,730.08,58,669531860,train,1
669531813,730.09,29,16:37:15,False,,True,True,730.08,58,669531860,train,1
669531814,730.03,29,16:37:16,False,,True,True,730.08,58,669531860,train,1
669531815,730.0,29,16:37:17,False,,True,True,730.08,58,669531860,train,1
669531816,730.0,29,16:37:18,False,,True,True,730.08,58,669531860,train,1
669531817,730.05,29,16:37:19,False,,True,True,730.08,58,669531860,train,1
669531818,730.09,29,16:37:20,False,,True,True,730.08,58,669531860,train,1
669531819,730.06,29,16:37:21,False,,True,True,730.08,58,669531860,train,1
669531820,730.02,29,16:37:22,False,,True,True,730.08,58,669531860,train,1
669531821,730.02,29,16:37:23,False,,True,True,730.08,58,669531860,train,1
669531822,730.02,29,16:37:24,False,,True,True,730.08,58,669531860,train,1
669531823,729.98,29,16:37:25,False,,True,True,730.08,58,669531860,train,1
669531824,730.0,29,16:37:26,False,,True,True,730.08,58,669531860,train,1
669531825,729.99,29,16:37:27,False,,True,True,730.07,58,669531860,train,1
669531826,729.95,29,16:37:28,False,,True,True,730.07,58,669531860,train,1
669531827,730.01,29,16:37:29,False,,True,True,730.07,58,669531860,train,1
669531828,729.93,29,16:37:30,False,,True,True,730.07,58,669531860,train,1
669531829,729.92,29,16:37:31,False,,True,True,730.07,58,669531860,train,1
669531830,729.92,29,16:37:32,False,,True,True,730.07,58,669531860,train,1
669531831,729.99,29,16:37:33,False,,True,True,730.07,58,669531860,train,1
669531832,729.97,29,16:37:34,False,,True,True,730.07,58,669531860,train,1
669531833,729.94,29,16:37:35,False,,True,True,730.07,58,669531860,train,1
669531834,729.96,29,16:37:35,False,,True,True,730.07,58,669531860,train,1
669531835,729.97,29,16:37:36,False,,True,True,730.07,58,669531860,train,1
669531836,729.94,29,16:37:37,False,,True,True,730.07,58,669531860,train,1
669531837,729.92,29,16:37:38,False,,True,True,730.07,58,669531860,train,1
669531838,729.92,29,16:37:39,False,,True,True,730.07,58,669531860,train,1
669531839,729.91,29,16:37:40,False,,True,True,730.07,58,669531860,train,1
669531840,729.94,29,16:37:41,False,,True,True,730.07,58,669531860,train,1
669531841,729.93,29,16:37:42,False,,True,True,730.07,58,669531860,train,1
669531842,729.87,29,16:37:43,False,,True,True,730.07,58,669531860,train,1
669531843,729.8,29,16:37:44,False,,True,True,730.07,58,669531860,train,1
669535122,729.24,29,17:30:56,False,,False,False,729.35,59,-1,,0
669535123,729.23,29,17:30:57,False,,False,False,729.35,59,-1,,0
669535124,729.22,29,17:30:58,False,,False,False,729.35,59,-1,,0
669535125,729.28,29,17:30:59,False,,False,False,729.34,59,-1,,0
669535126,729.24,29,17:31:00,False,,False,False,729.34,59,-1,,0
669535127,729.26,29,17:31:01,False,,False,False,729.34,59,-1,,0
669535128,729.24,29,17:31:02,False,,False,False,729.34,59,-1,,0
669535129,729.24,29,17:31:03,False,,False,False,729.34,59,-1,,0
669535130,729.31,29,17:31:04,False,,False,False,729.34,59,-1,,0
669535131,729.22,29,17:31:05,False,,False,False,729.34,59,-1,,0
669535132,729.29,29,17:31:06,False,,False,False,729.34,59,-1,,0
669535133,729.22,29,17:31:07,False,,False,False,729.34,59,-1,,0
669535134,729.2,29,17:31:08,False,,False,False,729.34,59,-1,,0
669535135,729.25,29,17:31:09,False,,False,False,729.34,59,-1,,0
669535136,729.27,29,17:31:10,False,,False,False,729.34,59,-1,,0
669535137,729.25,29,17:31:11,False,,False,False,729.34,59,-1,,0
669535138,729.25,29,17:31:12,False,,False,False,729.34,59,-1,,0
669535139,729.27,29,17:31:13,False,,False,False,729.34,59,-1,,0
669535140,729.2,29,17:31:14,False,,False,False,729.34,59,-1,,0
669535141,729.23,29,17:31:15,False,,False,False,729.34,59,-1,,0
669535142,729.27,29,17:31:16,False,,False,False,729.34,59,-1,,0
669535143,729.25,29,17:31:17,False,,False,False,729.34,59,-1,,0
669535144,729.25,29,17:31:18,False,,False,False,729.34,59,-1,,0
669535145,729.27,29,17:31:19,False,,False,False,729.34,59,-1,,0
669535146,729.21,29,17:31:20,False,,False,False,729.34,59,-1,,0
669535147,729.25,29,17:31:21,False,,False,False,729.34,59,-1,,0
669535148,729.25,29,17:31:22,False,,False,False,729.34,59,-1,,0
669535149,729.25,29,17:31:23,False,,False,False,729.34,59,-1,,0
669535150,729.28,29,17:31:24,False,,False,False,729.34,59,-1,,0
669535151,729.26,29,17:31:25,False,,False,False,729.34,59,-1,,0
669535152,729.3,29,17:31:26,False,,False,False,729.34,59,-1,,0
669535153,729.3,29,17:31:27,False,,False,False,729.34,59,-1,,0
669535154,729.26,29,17:31:28,False,,False,False,729.34,59,-1,,0
669535155,729.28,29,17:31:28,False,,False,False,729.34,59,-1,,0
669535156,729.3,29,17:31:29,False,,False,False,729.34,59,-1,,0
669535157,729.35,29,17:31:30,False,,False,False,729.34,59,-1,,0
669535158,729.22,29,17:31:31,False,,False,False,729.34,59,-1,,0
669535159,729.22,29,17:31:32,False,,False,False,729.34,59,-1,,0
669535160,729.28,29,17:31:33,False,,False,False,729.34,59,-1,,0
669535161,729.27,29,17:31:34,False,,False,False,729.34,59,-1,,0
669535162,729.35,29,17:31:35,False,,False,False,729.34,59,-1,,0
669535163,729.31,29,17:31:36,False,,False,False,729.34,59,-1,,0
669535164,729.33,29,17:31:37,False,,False,False,729.33,59,-1,,0
669535165,729.29,29,17:31:38,False,,False,False,729.33,59,-1,,0
669535166,729.31,29,17:31:39,False,,False,False,729.33,59,-1,,0
669535167,729.29,29,17:31:40,False,,False,False,729.33,59,-1,,0
669535168,729.33,29,17:31:41,False,,False,False,729.33,59,-1,,0
669535169,729.29,29,17:31:42,False,,False,False,729.33,59,-1,,0
669535170,729.25,29,17:31:43,False,,False,False,729.33,59,-1,,0
669535171,729.29,29,17:31:44,False,,False,False,729.33,59,-1,,0
669535172,729.27,29,17:31:45,False,,False,False,729.33,59,-1,,0
669535173,729.3,29,17:31:46,False,,False,False,729.33,59,-1,,0
669535174,729.23,29,17:31:47,False,,False,False,729.33,59,-1,,0
669535175,729.32,29,17:31:48,False,,False,False,729.33,59,-1,,0
669535176,729.27,29,17:31:49,False,,False,False,729.33,59,-1,,0
669535177,729.32,29,17:31:50,False,,False,False,729.33,59,-1,,0
669535178,729.3,29,17:31:51,False,,False,False,729.33,59,-1,,0
669535179,729.32,29,17:31:52,False,,False,False,729.33,59,-1,,0
669535180,729.3,29,17:31:53,False,,False,False,729.33,59,-1,,0
669535181,729.28,29,17:31:54,False,,False,False,729.33,59,-1,,0
669550124,740.04,29,21:34:21,False,,False,False,740.51,60,-1,,0
669550125,740.02,29,21:34:22,False,,False,False,740.51,60,-1,,0
669550126,740.04,29,21:34:23,False,,False,False,740.51,60,-1,,0
669550127,740.04,29,21:34:24,False,,False,False,740.5,60,-1,,0
669550128,740.06,29,21:34:25,False,,False,False,740.5,60,-1,,0
669550129,740.08,29,21:34:26,False,,False,False,740.5,60,-1,,0
669550130,740.04,29,21:34:27,False,,False,False,740.5,60,-1,,0
669550131,740.09,29,21:34:28,False,,False,False,740.5,60,-1,,0
669550132,740.02,29,21:34:29,False,,False,False,740.49,60,-1,,0
669550133,740.05,29,21:34:30,False,,False,False,740.49,60,-1,,0
669550134,740.04,29,21:34:31,False,,False,False,740.49,60,-1,,0
669550135,740.04,29,21:34:32,False,,False,False,740.49,60,-1,,0
669550136,740.04,29,21:34:32,False,,False,False,740.49,60,-1,,0
669550137,739.99,29,21:34:33,False,,False,False,740.48,60,-1,,0
669550138,740.08,29,21:34:34,False,,False,False,740.48,60,-1,,0
669550139,740.06,29,21:34:35,False,,False,False,740.48,60,-1,,0
669550140,740.02,29,21:34:36,False,,False,False,740.48,60,-1,,0
669550141,740.04,29,21:34:37,False,,False,False,740.48,60,-1,,0
669550142,740.02,29,21:34:38,False,,False,False,740.47,60,-1,,0
669550143,740.06,29,21:34:39,False,,False,False,740.47,60,-1,,0
669550144,739.99,29,21:34:40,False,,False,False,740.47,60,-1,,0
669550145,740.02,29,21:34:41,False,,False,False,740.47,60,-1,,0
669550146,740.0,29,21:34:42,False,,False,False,740.47,60,-1,,0
669550147,740.0,29,21:34:43,False,,False,False,740.46,60,-1,,0
669550148,740.02,29,21:34:44,False,,False,False,740.46,60,-1,,0
669550149,739.98,29,21:34:45,False,,False,False,740.46,60,-1,,0
669550150,740.04,29,21:34:46,False,,False,False,740.46,60,-1,,0
669550151,739.96,29,21:34:47,False,,False,False,740.46,60,-1,,0
669550152,740.02,29,21:34:48,False,,False,False,740.45,60,-1,,0
669550153,739.98,29,21:34:49,False,,False,False,740.45,60,-1,,0
669550154,740.02,29,21:34:50,False,,False,False,740.45,60,-1,,0
669550155,740.0,29,21:34:51,False,,False,False,740.45,60,-1,,0
669550156,740.0,29,21:34:52,False,,False,False,740.45,60,-1,,0
669550157,740.02,29,21:34:53,False,,False,False,740.44,60,-1,,0
669550158,739.98,29,21:34:54,False,,False,False,740.44,60,-1,,0
669550159,740.0,29,21:34:55,False,,False,False,740.44,60,-1,,0
669550160,740.02,29,21:34:56,False,,False,False,740.44,60,-1,,0
669550161,740.0,29,21:34:57,False,,False,False,740.44,60,-1,,0
669550162,739.92,29,21:34:58,False,,False,False,740.43,60,-1,,0
669550163,740.0,29,21:34:59,False,,False,False,740.43,60,-1,,0
669550164,740.02,29,21:35:00,False,,False,False,740.43,60,-1,,0
669550165,740.0,29,21:35:01,False,,False,False,740.43,60,-1,,0
669550166,740.02,29,21:35:02,False,,False,False,740.43,60,-1,,0
669550167,739.98,29,21:35:03,False,,False,False,740.42,60,-1,,0
669550168,740.02,29,21:35:04,False,,False,False,740.42,60,-1,,0
669550169,740.0,29,21:35:05,False,,False,False,740.42,60,-1,,0
669550170,739.93,29,21:35:06,False,,False,False,740.42,60,-1,,0
669550171,740.02,29,21:35:07,False,,False,False,740.42,60,-1,,0
669550172,739.96,29,21:35:08,False,,False,False,740.41,60,-1,,0
669550173,739.95,29,21:35:08,False,,False,False,740.41,60,-1,,0
669550174,739.96,29,21:35:09,False,,False,False,740.41,60,-1,,0
669550175,739.96,29,21:35:10,False,,False,False,740.41,60,-1,,0
669550176,739.98,29,21:35:11,False,,False,False,740.41,60,-1,,0
669550177,739.93,29,21:35:12,False,,False,False,740.4,60,-1,,0
669550178,739.96,29,21:35:13,False,,False,False,740.4,60,-1,,0
669550179,739.94,29,21:35:14,False,,False,False,740.4,60,-1,,0
669550180,739.96,29,21:35:15,False,,False,False,740.4,60,-1,,0
669550181,739.96,29,21:35:16,False,,False,False,740.4,60,-1,,0
669550182,739.96,29,21:35:17,False,,False,False,740.4,60,-1,,0
669550183,739.98,29,21:35:18,False,,False,False,740.39,60,-1,,0
669568662,745.75,30,2:35:08,False,,False,False,745.78,61,-1,,0
669568663,745.73,30,2:35:08,False,,False,False,745.78,61,-1,,0
669568664,745.76,30,2:35:09,False,,False,False,745.78,61,-1,,0
669568665,745.8,30,2:35:10,False,,False,False,745.78,61,-1,,0
669568666,745.8,30,2:35:11,False,,False,False,745.78,61,-1,,0
669568667,745.76,30,2:35:12,False,,False,False,745.78,61,-1,,0
669568668,745.78,30,2:35:13,False,,False,False,745.78,61,-1,,0
669568669,745.78,30,2:35:14,False,,False,False,745.78,61,-1,,0
669568670,745.78,30,2:35:15,False,,False,False,745.78,61,-1,,0
669568671,745.82,30,2:35:16,False,,False,False,745.78,61,-1,,0
669568672,745.74,30,2:35:17,False,,False,False,745.78,61,-1,,0
669568673,745.8,30,2:35:18,False,,False,False,745.78,61,-1,,0
669568674,745.8,30,2:35:19,False,,False,False,745.78,61,-1,,0
669568675,745.76,30,2:35:20,False,,False,False,745.78,61,-1,,0
669568676,745.74,30,2:35:21,False,,False,False,745.78,61,-1,,0
669568677,745.85,30,2:35:22,False,,False,False,745.78,61,-1,,0
669568678,745.79,30,2:35:23,False,,False,False,745.78,61,-1,,0
669568679,745.72,30,2:35:24,False,,False,False,745.78,61,-1,,0
669568680,745.78,30,2:35:25,False,,False,False,745.78,61,-1,,0
669568681,745.76,30,2:35:26,False,,False,False,745.78,61,-1,,0
669568682,745.76,30,2:35:27,False,,False,False,745.78,61,-1,,0
669568683,745.8,30,2:35:28,False,,False,False,745.78,61,-1,,0
669568684,745.72,30,2:35:29,False,,False,False,745.78,61,-1,,0
669568685,745.76,30,2:35:30,False,,False,False,745.78,61,-1,,0
669568686,745.76,30,2:35:31,False,,False,False,745.78,61,-1,,0
669568687,745.76,30,2:35:32,False,,False,False,745.78,61,-1,,0
669568688,745.78,30,2:35:33,False,,False,False,745.78,61,-1,,0
669568689,745.72,30,2:35:34,False,,False,False,745.78,61,-1,,0
669568690,745.77,30,2:35:35,False,,False,False,745.78,61,-1,,0
669568691,745.81,30,2:35:36,False,,False,False,745.78,61,-1,,0
669568692,745.79,30,2:35:37,False,,False,False,745.78,61,-1,,0
669568693,745.79,30,2:35:38,False,,False,False,745.78,61,-1,,0
669568694,745.74,30,2:35:39,False,,False,False,745.78,61,-1,,0
669568695,745.75,30,2:35:40,False,,False,False,745.78,61,-1,,0
669568696,745.79,30,2:35:41,False,,False,False,745.78,61,-1,,0
669568697,745.77,30,2:35:42,False,,False,False,745.78,61,-1,,0
669568698,745.83,30,2:35:43,False,,False,False,745.78,61,-1,,0
669568699,745.75,30,2:35:44,False,,False,False,745.78,61,-1,,0
669568700,745.75,30,2:35:45,False,,False,False,745.78,61,-1,,0
669568701,745.75,30,2:35:45,False,,False,False,745.78,61,-1,,0
669568702,745.79,30,2:35:46,False,,False,False,745.78,61,-1,,0
669568703,745.77,30,2:35:47,False,,False,False,745.78,61,-1,,0
669568704,745.81,30,2:35:48,False,,False,False,745.78,61,-1,,0
669568705,745.75,30,2:35:49,False,,False,False,745.78,61,-1,,0
669568706,745.77,30,2:35:50,False,,False,False,745.78,61,-1,,0
669568707,745.75,30,2:35:51,False,,False,False,745.78,61,-1,,0
669568708,745.77,30,2:35:52,False,,False,False,745.78,61,-1,,0
669568709,745.79,30,2:35:53,False,,False,False,745.78,61,-1,,0
669568710,745.77,30,2:35:54,False,,False,False,745.78,61,-1,,0
669568711,745.73,30,2:35:55,False,,False,False,745.78,61,-1,,0
669568712,745.82,30,2:35:56,False,,False,False,745.78,61,-1,,0
669568713,745.75,30,2:35:57,False,,False,False,745.78,61,-1,,0
669568714,745.75,30,2:35:58,False,,False,False,745.78,61,-1,,0
669568715,745.8,30,2:35:59,False,,False,False,745.78,61,-1,,0
669568716,745.77,30,2:36:00,False,,False,False,745.78,61,-1,,0
669568717,745.75,30,2:36:01,False,,False,False,745.78,61,-1,,0
669568718,745.77,30,2:36:02,False,,False,False,745.78,61,-1,,0
669568719,745.76,30,2:36:03,False,,False,False,745.78,61,-1,,0
669568720,745.8,30,2:36:04,False,,False,False,745.78,61,-1,,0
669568721,745.78,30,2:36:05,False,,False,False,745.78,61,-1,,0
669572768,745.93,30,3:41:45,False,,False,False,745.86,62,-1,,0
669572769,745.93,30,3:41:46,False,,False,False,745.86,62,-1,,0
669572770,745.96,30,3:41:47,False,,False,False,745.86,62,-1,,0
669572771,745.91,30,3:41:48,False,,False,False,745.86,62,-1,,0
669572772,745.88,30,3:41:49,False,,False,False,745.86,62,-1,,0
669572773,745.93,30,3:41:50,False,,False,False,745.86,62,-1,,0
669572774,745.92,30,3:41:51,False,,False,False,745.86,62,-1,,0
669572775,745.94,30,3:41:52,False,,False,False,745.86,62,-1,,0
669572776,745.94,30,3:41:52,False,,False,False,745.86,62,-1,,0
669572777,745.94,30,3:41:53,False,,False,False,745.86,62,-1,,0
669572778,745.94,30,3:41:54,False,,False,False,745.86,62,-1,,0
669572779,745.91,30,3:41:55,False,,False,False,745.86,62,-1,,0
669572780,745.98,30,3:41:56,False,,False,False,745.86,62,-1,,0
669572781,745.91,30,3:41:57,False,,False,False,745.86,62,-1,,0
669572782,745.93,30,3:41:58,False,,False,False,745.86,62,-1,,0
669572783,745.97,30,3:41:59,False,,False,False,745.86,62,-1,,0
669572784,745.95,30,3:42:00,False,,False,False,745.86,62,-1,,0
669572785,745.95,30,3:42:01,False,,False,False,745.86,62,-1,,0
669572786,745.93,30,3:42:02,False,,False,False,745.86,62,-1,,0
669572787,745.97,30,3:42:03,False,,False,False,745.86,62,-1,,0
669572788,745.94,30,3:42:04,False,,False,False,745.86,62,-1,,0
669572789,745.94,30,3:42:05,False,,False,False,745.86,62,-1,,0
669572790,745.9,30,3:42:06,False,,False,False,745.86,62,-1,,0
669572791,745.94,30,3:42:07,False,,False,False,745.86,62,-1,,0
669572792,745.89,30,3:42:08,False,,False,False,745.86,62,-1,,0
669572793,745.93,30,3:42:09,False,,False,False,745.86,62,-1,,0
669572794,745.95,30,3:42:10,False,,False,False,745.86,62,-1,,0
669572795,745.95,30,3:42:11,False,,False,False,745.86,62,-1,,0
669572796,745.95,30,3:42:12,False,,False,False,745.86,62,-1,,0
669572797,745.93,30,3:42:13,False,,False,False,745.87,62,-1,,0
669572798,745.93,30,3:42:14,False,,False,False,745.87,62,-1,,0
669572799,745.93,30,3:42:15,False,,False,False,745.87,62,-1,,0
669572800,745.92,30,3:42:16,False,,False,False,745.87,62,-1,,0
669572801,745.95,30,3:42:17,False,,False,False,745.87,62,-1,,0
669572802,745.92,30,3:42:18,False,,False,False,745.87,62,-1,,0
669572803,745.96,30,3:42:19,False,,False,False,745.87,62,-1,,0
669572804,745.92,30,3:42:20,False,,False,False,745.87,62,-1,,0
669572805,745.94,30,3:42:21,False,,False,False,745.87,62,-1,,0
669572806,745.94,30,3:42:22,False,,False,False,745.87,62,-1,,0
669572807,745.94,30,3:42:23,False,,False,False,745.87,62,-1,,0
669572808,745.91,30,3:42:24,False,,False,False,745.87,62,-1,,0
669572809,745.93,30,3:42:25,False,,False,False,745.87,62,-1,,0
669572810,745.97,30,3:42:26,False,,False,False,745.87,62,-1,,0
669572811,745.97,30,3:42:27,False,,False,False,745.87,62,-1,,0
669572812,745.95,30,3:42:28,False,,False,False,745.87,62,-1,,0
669572813,745.99,30,3:42:29,False,,False,False,745.87,62,-1,,0
669572814,745.95,30,3:42:29,False,,False,False,745.87,62,-1,,0
669572815,745.92,30,3:42:30,False,,False,False,745.87,62,-1,,0
669572816,745.96,30,3:42:31,False,,False,False,745.87,62,-1,,0
669572817,746.0,30,3:42:32,False,,False,False,745.87,62,-1,,0
669572818,745.96,30,3:42:33,False,,False,False,745.87,62,-1,,0
669572819,745.96,30,3:42:34,False,,False,False,745.87,62,-1,,0
669572820,745.98,30,3:42:35,False,,False,False,745.87,62,-1,,0
669572821,745.93,30,3:42:36,False,,False,False,745.87,62,-1,,0
669572822,745.97,30,3:42:37,False,,False,False,745.87,62,-1,,0
669572823,745.97,30,3:42:38,False,,False,False,745.87,62,-1,,0
669572824,745.93,30,3:42:39,False,,False,False,745.87,62,-1,,0
669572825,745.93,30,3:42:40,False,,False,False,745.87,62,-1,,0
669572826,745.99,30,3:42:41,False,,False,False,745.87,62,-1,,0
669572827,746.01,30,3:42:42,False,,False,False,745.87,62,-1,,0
669581143,750.43,30,5:57:38,False,,False,False,749.89,63,-1,,0
669581144,750.47,30,5:57:39,False,,False,False,749.89,63,-1,,0
669581145,750.43,30,5:57:40,False,,False,False,749.89,63,-1,,0
669581146,750.43,30,5:57:41,False,,False,False,749.89,63,-1,,0
669581147,750.34,30,5:57:42,False,,False,False,749.9,63,-1,,0
669581148,750.4,30,5:57:43,False,,False,False,749.9,63,-1,,0
669581149,750.4,30,5:57:44,False,,False,False,749.9,63,-1,,0
669581150,750.37,30,5:57:45,False,,False,False,749.9,63,-1,,0
669581151,750.38,30,5:57:46,False,,False,False,749.9,63,-1,,0
669581152,750.42,30,5:57:47,False,,False,False,749.9,63,-1,,0
669581153,750.44,30,5:57:48,False,,False,False,749.91,63,-1,,0
669581154,750.39,30,5:57:48,False,,False,False,749.91,63,-1,,0
669581155,750.42,30,5:57:49,False,,False,False,749.91,63,-1,,0
669581156,750.44,30,5:57:50,False,,False,False,749.91,63,-1,,0
669581157,750.44,30,5:57:51,False,,False,False,749.91,63,-1,,0
669581158,750.41,30,5:57:52,False,,False,False,749.92,63,-1,,0
669581159,750.46,30,5:57:53,False,,False,False,749.92,63,-1,,0
669581160,750.41,30,5:57:54,False,,False,False,749.92,63,-1,,0
669581161,750.45,30,5:57:55,False,,False,False,749.92,63,-1,,0
669581162,750.45,30,5:57:56,False,,False,False,749.92,63,-1,,0
669581163,750.43,30,5:57:57,False,,False,False,749.93,63,-1,,0
669581164,750.45,30,5:57:58,False,,False,False,749.93,63,-1,,0
669581165,750.49,30,5:57:59,False,,False,False,749.93,63,-1,,0
669581166,750.43,30,5:58:00,False,,False,False,749.93,63,-1,,0
669581167,750.43,30,5:58:01,False,,False,False,749.93,63,-1,,0
669581168,750.47,30,5:58:02,False,,False,False,749.93,63,-1,,0
669581169,750.49,30,5:58:03,False,,False,False,749.94,63,-1,,0
669581170,750.49,30,5:58:04,False,,False,False,749.94,63,-1,,0
669581171,750.47,30,5:58:05,False,,False,False,749.94,63,-1,,0
669581172,750.46,30,5:58:06,False,,False,False,749.94,63,-1,,0
669581173,750.44,30,5:58:07,False,,False,False,749.94,63,-1,,0
669581174,750.46,30,5:58:08,False,,False,False,749.95,63,-1,,0
669581175,750.55,30,5:58:09,False,,False,False,749.95,63,-1,,0
669581176,750.5,30,5:58:10,False,,False,False,749.95,63,-1,,0
669581177,750.48,30,5:58:11,False,,False,False,749.95,63,-1,,0
669581178,750.46,30,5:58:12,False,,False,False,749.95,63,-1,,0
669581179,750.46,30,5:58:13,False,,False,False,749.95,63,-1,,0
669581180,750.48,30,5:58:14,False,,False,False,749.96,63,-1,,0
669581181,750.5,30,5:58:15,False,,False,False,749.96,63,-1,,0
669581182,750.52,30,5:58:16,False,,False,False,749.96,63,-1,,0
669581183,750.52,30,5:58:17,False,,False,False,749.96,63,-1,,0
669581184,750.48,30,5:58:18,False,,False,False,749.96,63,-1,,0
669581185,750.48,30,5:58:19,False,,False,False,749.97,63,-1,,0
669581186,750.52,30,5:58:20,False,,False,False,749.97,63,-1,,0
669581187,750.54,30,5:58:21,False,,False,False,749.97,63,-1,,0
669581188,750.49,30,5:58:22,False,,False,False,749.97,63,-1,,0
669581189,750.49,30,5:58:23,False,,False,False,749.97,63,-1,,0
669581190,750.49,30,5:58:24,False,,False,False,749.98,63,-1,,0
669581191,750.53,30,5:58:24,False,,False,False,749.98,63,-1,,0
669581192,750.54,30,5:58:25,False,,False,False,749.98,63,-1,,0
669581193,750.51,30,5:58:26,False,,False,False,749.98,63,-1,,0
669581194,750.51,30,5:58:27,False,,False,False,749.98,63,-1,,0
669581195,750.51,30,5:58:28,False,,False,False,749.99,63,-1,,0
669581196,750.51,30,5:58:29,False,,False,False,749.99,63,-1,,0
669581197,750.53,30,5:58:30,False,,False,False,749.99,63,-1,,0
669581198,750.5,30,5:58:31,False,,False,False,749.99,63,-1,,0
669581199,750.55,30,5:58:32,False,,False,False,749.99,63,-1,,0
669581200,750.55,30,5:58:33,False,,False,False,750.0,63,-1,,0
669581201,750.5,30,5:58:34,False,,False,False,750.0,63,-1,,0
669581202,750.48,30,5:58:35,False,,False,False,750.0,63,-1,,0
669626674,727.9,30,18:16:22,False,,True,True,727.86,64,669626803,train,1
669626675,727.94,30,18:16:23,False,,True,True,727.86,64,669626803,train,1
669626676,727.88,30,18:16:24,False,,True,True,727.86,64,669626803,train,1
669626677,727.94,30,18:16:25,False,,True,True,727.86,64,669626803,train,1
669626678,727.9,30,18:16:26,False,,True,True,727.86,64,669626803,train,1
669626679,727.91,30,18:16:27,False,,True,True,727.86,64,669626803,train,1
669626680,727.9,30,18:16:28,False,,True,True,727.86,64,669626803,train,1
669626681,727.88,30,18:16:29,False,,True,True,727.86,64,669626803,train,1
669626682,727.93,30,18:16:30,False,,True,True,727.86,64,669626803,train,1
669626683,727.93,30,18:16:31,False,,True,True,727.86,64,669626803,train,1
669626684,727.93,30,18:16:32,False,,True,True,727.86,64,669626803,train,1
669626685,727.91,30,18:16:33,False,,True,True,727.86,64,669626803,train,1
669626686,727.95,30,18:16:34,False,,True,True,727.86,64,669626803,train,1
669626687,727.95,30,18:16:35,False,,True,True,727.86,64,669626803,train,1
669626688,727.91,30,18:16:36,False,,True,True,727.86,64,669626803,train,1
669626689,727.93,30,18:16:37,False,,True,True,727.87,64,669626803,train,1
669626690,727.89,30,18:16:38,False,,True,True,727.87,64,669626803,train,1
669626691,727.96,30,18:16:39,False,,True,True,727.87,64,669626803,train,1
669626692,727.91,30,18:16:40,False,,True,True,727.87,64,669626803,train,1
669626693,727.89,30,18:16:41,False,,True,True,727.87,64,669626803,train,1
669626694,727.89,30,18:16:42,False,,True,True,727.87,64,669626803,train,1
669626695,727.87,30,18:16:43,False,,True,True,727.87,64,669626803,train,1
669626696,727.85,30,18:16:44,False,,True,True,727.87,64,669626803,train,1
669626697,727.87,30,18:16:45,False,,True,True,727.87,64,669626803,train,1
669626698,727.85,30,18:16:46,False,,True,True,727.87,64,669626803,train,1
669626699,727.78,30,18:16:47,False,,True,True,727.87,64,669626803,train,1
669626700,727.83,30,18:16:47,False,,True,True,727.87,64,669626803,train,1
669626701,727.81,30,18:16:48,False,,True,True,727.87,64,669626803,train,1
669626702,727.76,30,18:16:49,False,,True,True,727.87,64,669626803,train,1
669626703,727.81,30,18:16:50,False,,True,True,727.87,64,669626803,train,1
669626704,727.83,30,18:16:51,False,,True,True,727.87,64,669626803,train,1
669626705,727.83,30,18:16:52,False,,True,True,727.87,64,669626803,train,1
669626706,727.79,30,18:16:53,False,,True,True,727.86,64,669626803,train,1
669626707,727.79,30,18:16:54,False,,True,True,727.86,64,669626803,train,1
669626708,727.79,30,18:16:55,False,,True,True,727.86,64,669626803,train,1
669626709,727.79,30,18:16:56,False,,True,True,727.86,64,669626803,train,1
669626710,727.81,30,18:16:57,False,,True,True,727.86,64,669626803,train,1
669626711,727.81,30,18:16:58,False,,True,True,727.86,64,669626803,train,1
669626712,727.82,30,18:16:59,False,,True,True,727.86,64,669626803,train,1
669626713,727.77,30,18:17:00,False,,True,True,727.86,64,669626803,train,1
669626714,727.78,30,18:17:01,False,,True,True,727.86,64,669626803,train,1
669626715,727.78,30,18:17:02,False,,True,True,727.86,64,669626803,train,1
669626716,727.82,30,18:17:03,False,,True,True,727.86,64,669626803,train,1
669626717,727.76,30,18:17:04,False,,True,True,727.86,64,669626803,train,1
669626718,727.73,30,18:17:05,False,,True,True,727.86,64,669626803,train,1
669626719,727.76,30,18:17:06,False,,True,True,727.86,64,669626803,train,1
669626720,727.73,30,18:17:07,False,,True,True,727.86,64,669626803,train,1
669626721,727.71,30,18:17:08,False,,True,True,727.86,64,669626803,train,1
669626722,727.72,30,18:17:09,False,,True,True,727.86,64,669626803,train,1
669626723,727.63,30,18:17:10,False,,True,True,727.86,64,669626803,train,1
669626724,727.67,30,18:17:11,False,,True,True,727.86,64,669626803,train,1
669626725,727.67,30,18:17:12,False,,True,True,727.86,64,669626803,train,1
669626726,727.65,30,18:17:13,False,,True,True,727.86,64,669626803,train,1
669626727,727.71,30,18:17:14,False,,True,True,727.86,64,669626803,train,1
669626728,727.67,30,18:17:15,False,,True,True,727.86,64,669626803,train,1
669626729,727.65,30,18:17:16,False,,True,True,727.86,64,669626803,train,1
669626730,727.61,30,18:17:17,False,,True,True,727.86,64,669626803,train,1
669626731,727.65,30,18:17:18,False,,True,True,727.86,64,669626803,train,1
669626732,727.61,30,18:17:19,False,,True,True,727.86,64,669626803,train,1
669626733,727.58,30,18:17:20,False,,True,True,727.86,64,669626803,train,1
669667195,743.2,31,5:13:49,False,,False,False,743.08,65,-1,,0
669667196,743.24,31,5:13:50,False,,False,False,743.08,65,-1,,0
669667197,743.23,31,5:13:51,False,,False,False,743.09,65,-1,,0
669667198,743.24,31,5:13:52,False,,False,False,743.09,65,-1,,0
669667199,743.2,31,5:13:53,False,,False,False,743.09,65,-1,,0
669667200,743.24,31,5:13:54,False,,False,False,743.09,65,-1,,0
669667201,743.22,31,5:13:55,False,,False,False,743.09,65,-1,,0
669667202,743.22,31,5:13:56,False,,False,False,743.09,65,-1,,0
669667203,743.26,31,5:13:57,False,,False,False,743.09,65,-1,,0
669667204,743.19,31,5:13:58,False,,False,False,743.09,65,-1,,0
669667205,743.22,31,5:13:59,False,,False,False,743.09,65,-1,,0
669667206,743.2,31,5:14:00,False,,False,False,743.09,65,-1,,0
669667207,743.22,31,5:14:01,False,,False,False,743.09,65,-1,,0
669667208,743.22,31,5:14:02,False,,False,False,743.09,65,-1,,0
669667209,743.22,31,5:14:03,False,,False,False,743.09,65,-1,,0
669667210,743.26,31,5:14:04,False,,False,False,743.09,65,-1,,0
669667211,743.18,31,5:14:05,False,,False,False,743.09,65,-1,,0
669667212,743.27,31,5:14:06,False,,False,False,743.09,65,-1,,0
669667213,743.24,31,5:14:07,False,,False,False,743.09,65,-1,,0
669667214,743.22,31,5:14:08,False,,False,False,743.09,65,-1,,0
669667215,743.26,31,5:14:09,False,,False,False,743.09,65,-1,,0
669667216,743.24,31,5:14:10,False,,False,False,743.09,65,-1,,0
669667217,743.24,31,5:14:11,False,,False,False,743.09,65,-1,,0
669667218,743.24,31,5:14:12,False,,False,False,743.09,65,-1,,0
669667219,743.2,31,5:14:13,False,,False,False,743.09,65,-1,,0
669667220,743.28,31,5:14:14,False,,False,False,743.09,65,-1,,0
669667221,743.24,31,5:14:15,False,,False,False,743.09,65,-1,,0
669667222,743.26,31,5:14:16,False,,False,False,743.09,65,-1,,0
669667223,743.28,31,5:14:17,False,,False,False,743.09,65,-1,,0
669667224,743.24,31,5:14:18,False,,False,False,743.09,65,-1,,0
669667225,743.24,31,5:14:19,False,,False,False,743.09,65,-1,,0
669667226,743.24,31,5:14:20,False,,False,False,743.09,65,-1,,0
669667227,743.26,31,5:14:20,False,,False,False,743.1,65,-1,,0
669667228,743.26,31,5:14:21,False,,False,False,743.1,65,-1,,0
669667229,743.31,31,5:14:22,False,,False,False,743.1,65,-1,,0
669667230,743.27,31,5:14:23,False,,False,False,743.1,65,-1,,0
669667231,743.22,31,5:14:24,False,,False,False,743.1,65,-1,,0
669667232,743.24,31,5:14:25,False,,False,False,743.1,65,-1,,0
669667233,743.26,31,5:14:26,False,,False,False,743.1,65,-1,,0
669667234,743.24,31,5:14:27,False,,False,False,743.1,65,-1,,0
669667235,743.26,31,5:14:28,False,,False,False,743.1,65,-1,,0
669667236,743.31,31,5:14:29,False,,False,False,743.1,65,-1,,0
669667237,743.28,31,5:14:30,False,,False,False,743.1,65,-1,,0
669667238,743.29,31,5:14:31,False,,False,False,743.1,65,-1,,0
669667239,743.26,31,5:14:32,False,,False,False,743.1,65,-1,,0
669667240,743.28,31,5:14:33,False,,False,False,743.1,65,-1,,0
669667241,743.28,31,5:14:34,False,,False,False,743.1,65,-1,,0
669667242,743.27,31,5:14:35,False,,False,False,743.1,65,-1,,0
669667243,743.2,31,5:14:36,False,,False,False,743.1,65,-1,,0
669667244,743.35,31,5:14:37,False,,False,False,743.1,65,-1,,0
669667245,743.24,31,5:14:38,False,,False,False,743.1,65,-1,,0
669667246,743.2,31,5:14:39,False,,False,False,743.1,65,-1,,0
669667247,743.26,31,5:14:40,False,,False,False,743.1,65,-1,,0
669667248,743.26,31,5:14:41,False,,False,False,743.1,65,-1,,0
669667249,743.22,31,5:14:42,False,,False,False,743.1,65,-1,,0
669667250,743.26,31,5:14:43,False,,False,False,743.1,65,-1,,0
669667251,743.28,31,5:14:44,False,,False,False,743.1,65,-1,,0
669667252,743.3,31,5:14:45,False,,False,False,743.1,65,-1,,0
669667253,743.24,31,5:14:46,False,,False,False,743.1,65,-1,,0
669667254,743.26,31,5:14:47,False,,False,False,743.11,65,-1,,0
669681687,745.82,31,9:08:57,False,,False,False,746.29,66,-1,,0
669681688,745.75,31,9:08:58,False,,False,False,746.29,66,-1,,0
669681689,745.75,31,9:08:59,False,,False,False,746.28,66,-1,,0
669681690,745.72,31,9:09:00,False,,False,False,746.28,66,-1,,0
669681691,745.75,31,9:09:01,False,,False,False,746.28,66,-1,,0
669681692,745.7,31,9:09:02,False,,False,False,746.28,66,-1,,0
669681693,745.72,31,9:09:03,False,,False,False,746.28,66,-1,,0
669681694,745.74,31,9:09:04,False,,False,False,746.27,66,-1,,0
669681695,745.76,31,9:09:05,False,,False,False,746.27,66,-1,,0
669681696,745.74,31,9:09:06,False,,False,False,746.27,66,-1,,0
669681697,745.73,31,9:09:07,False,,False,False,746.27,66,-1,,0
669681698,745.73,31,9:09:08,False,,False,False,746.26,66,-1,,0
669681699,745.71,31,9:09:09,False,,False,False,746.26,66,-1,,0
669681700,745.73,31,9:09:10,False,,False,False,746.26,66,-1,,0
669681701,745.68,31,9:09:11,False,,False,False,746.26,66,-1,,0
669681702,745.7,31,9:09:12,False,,False,False,746.26,66,-1,,0
669681703,745.7,31,9:09:13,False,,False,False,746.25,66,-1,,0
669681704,745.74,31,9:09:14,False,,False,False,746.25,66,-1,,0
669681705,745.68,31,9:09:15,False,,False,False,746.25,66,-1,,0
669681706,745.67,31,9:09:16,False,,False,False,746.25,66,-1,,0
669681707,745.72,31,9:09:17,False,,False,False,746.25,66,-1,,0
669681708,745.69,31,9:09:18,False,,False,False,746.24,66,-1,,0
669681709,745.67,31,9:09:19,False,,False,False,746.24,66,-1,,0
669681710,745.71,31,9:09:20,False,,False,False,746.24,66,-1,,0
669681711,745.71,31,9:09:21,False,,False,False,746.24,66,-1,,0
669681712,745.69,31,9:09:22,False,,False,False,746.24,66,-1,,0
669681713,745.69,31,9:09:23,False,,False,False,746.23,66,-1,,0
669681714,745.64,31,9:09:24,False,,False,False,746.23,66,-1,,0
669681715,745.7,31,9:09:25,False,,False,False,746.23,66,-1,,0
669681716,745.68,31,9:09:26,False,,False,False,746.23,66,-1,,0
669681717,745.68,31,9:09:27,False,,False,False,746.22,66,-1,,0
669681718,745.66,31,9:09:27,False,,False,False,746.22,66,-1,,0
669681719,745.63,31,9:09:28,False,,False,False,746.22,66,-1,,0
669681720,745.65,31,9:09:29,False,,False,False,746.22,66,-1,,0
669681721,745.65,31,9:09:30,False,,False,False,746.22,66,-1,,0
669681722,745.67,31,9:09:31,False,,False,False,746.21,66,-1,,0
669681723,745.65,31,9:09:32,False,,False,False,746.21,66,-1,,0
669681724,745.69,31,9:09:33,False,,False,False,746.21,66,-1,,0
669681725,745.66,31,9:09:34,False,,False,False,746.21,66,-1,,0
669681726,745.62,31,9:09:35,False,,False,False,746.2,66,-1,,0
669681727,745.62,31,9:09:36,False,,False,False,746.2,66,-1,,0
669681728,745.64,31,9:09:37,False,,False,False,746.2,66,-1,,0
669681729,745.66,31,9:09:38,False,,False,False,746.2,66,-1,,0
669681730,745.61,31,9:09:39,False,,False,False,746.2,66,-1,,0
669681731,745.63,31,9:09:40,False,,False,False,746.19,66,-1,,0
669681732,745.65,31,9:09:41,False,,False,False,746.19,66,-1,,0
669681733,745.63,31,9:09:42,False,,False,False,746.19,66,-1,,0
669681734,745.61,31,9:09:43,False,,False,False,746.19,66,-1,,0
669681735,745.62,31,9:09:44,False,,False,False,746.19,66,-1,,0
669681736,745.62,31,9:09:45,False,,False,False,746.18,66,-1,,0
669681737,745.62,31,9:09:46,False,,False,False,746.18,66,-1,,0
669681738,745.6,31,9:09:47,False,,False,False,746.18,66,-1,,0
669681739,745.6,31,9:09:48,False,,False,False,746.18,66,-1,,0
669681740,745.62,31,9:09:49,False,,False,False,746.17,66,-1,,0
669681741,745.59,31,9:09:50,False,,False,False,746.17,66,-1,,0
669681742,745.59,31,9:09:51,False,,False,False,746.17,66,-1,,0
669681743,745.59,31,9:09:52,False,,False,False,746.17,66,-1,,0
669681744,745.57,31,9:09:53,False,,False,False,746.17,66,-1,,0
669681745,745.56,31,9:09:54,False,,False,False,746.16,66,-1,,0
669681746,745.56,31,9:09:55,False,,False,False,746.16,66,-1,,0
669688532,734.8,31,11:00:01,False,,True,True,734.86,67,669688619,train,1
669688533,734.75,31,11:00:02,False,,True,True,734.86,67,669688619,train,1
669688534,734.73,31,11:00:03,False,,True,True,734.86,67,669688619,train,1
669688535,734.75,31,11:00:04,False,,True,True,734.86,67,669688619,train,1
669688536,734.75,31,11:00:05,False,,True,True,734.86,67,669688619,train,1
669688537,734.77,31,11:00:06,False,,True,True,734.86,67,669688619,train,1
669688538,734.77,31,11:00:07,False,,True,True,734.86,67,669688619,train,1
669688539,734.76,31,11:00:08,False,,True,True,734.86,67,669688619,train,1
669688540,734.74,31,11:00:09,False,,True,True,734.86,67,669688619,train,1
669688541,734.74,31,11:00:10,False,,True,True,734.86,67,669688619,train,1
669688542,734.74,31,11:00:11,False,,True,True,734.86,67,669688619,train,1
669688543,734.71,31,11:00:12,False,,True,True,734.86,67,669688619,train,1
669688544,734.73,31,11:00:13,False,,True,True,734.86,67,669688619,train,1
669688545,734.78,31,11:00:14,False,,True,True,734.86,67,669688619,train,1
669688546,734.73,31,11:00:15,False,,True,True,734.86,67,669688619,train,1
669688547,734.71,31,11:00:16,False,,True,True,734.86,67,669688619,train,1
669688548,734.79,31,11:00:16,False,,True,True,734.85,67,669688619,train,1
669688549,734.73,31,11:00:17,False,,True,True,734.85,67,669688619,train,1
669688550,734.79,31,11:00:18,False,,True,True,734.85,67,669688619,train,1
669688551,734.74,31,11:00:19,False,,True,True,734.85,67,669688619,train,1
669688552,734.72,31,11:00:20,False,,True,True,734.85,67,669688619,train,1
669688553,734.76,31,11:00:21,False,,True,True,734.85,67,669688619,train,1
669688554,734.83,31,11:00:22,False,,True,True,734.85,67,669688619,train,1
669688555,734.78,31,11:00:23,False,,True,True,734.85,67,669688619,train,1
669688556,734.8,31,11:00:24,False,,True,True,734.85,67,669688619,train,1
669688557,734.82,31,11:00:25,False,,True,True,734.85,67,669688619,train,1
669688558,734.82,31,11:00:26,False,,True,True,734.85,67,669688619,train,1
669688559,734.77,31,11:00:27,False,,True,True,734.85,67,669688619,train,1
669688560,734.75,31,11:00:28,False,,True,True,734.85,67,669688619,train,1
669688561,734.77,31,11:00:29,False,,True,True,734.85,67,669688619,train,1
669688562,734.77,31,11:00:30,False,,True,True,734.85,67,669688619,train,1
669688563,734.68,31,11:00:31,False,,True,True,734.85,67,669688619,train,1
669688564,734.7,31,11:00:32,False,,True,True,734.85,67,669688619,train,1
669688565,734.71,31,11:00:33,False,,True,True,734.85,67,669688619,train,1
669688566,734.71,31,11:00:34,False,,True,True,734.85,67,669688619,train,1
669688567,734.69,31,11:00:35,False,,True,True,734.85,67,669688619,train,1
669688568,734.71,31,11:00:36,False,,True,True,734.85,67,669688619,train,1
669688569,734.66,31,11:00:37,False,,True,True,734.85,67,669688619,train,1
669688570,734.66,31,11:00:38,False,,True,True,734.85,67,669688619,train,1
669688571,734.71,31,11:00:39,False,,True,True,734.84,67,669688619,train,1
669688572,734.7,31,11:00:40,False,,True,True,734.84,67,669688619,train,1
669688573,734.72,31,11:00:41,False,,True,True,734.84,67,669688619,train,1
669688574,734.65,31,11:00:42,False,,True,True,734.84,67,669688619,train,1
669688575,734.65,31,11:00:43,False,,True,True,734.84,67,669688619,train,1
669688576,734.67,31,11:00:44,False,,True,True,734.84,67,669688619,train,1
669688577,734.67,31,11:00:45,False,,True,True,734.84,67,669688619,train,1
669688578,734.64,31,11:00:46,False,,True,True,734.84,67,669688619,train,1
669688579,734.71,31,11:00:47,False,,True,True,734.84,67,669688619,train,1
669688580,734.6,31,11:00:48,False,,True,True,734.84,67,669688619,train,1
669688581,734.6,31,11:00:49,False,,True,True,734.84,67,669688619,train,1
669688582,734.57,31,11:00:50,False,,True,True,734.84,67,669688619,train,1
669688583,734.55,31,11:00:51,False,,True,True,734.84,67,669688619,train,1
669688584,734.53,31,11:00:52,False,,True,True,734.84,67,669688619,train,1
669688585,734.47,31,11:00:53,False,,True,True,734.84,67,669688619,train,1
669688586,734.45,31,11:00:53,False,,True,True,734.83,67,669688619,train,1
669688587,734.43,31,11:00:54,False,,True,True,734.83,67,669688619,train,1
669688588,734.42,31,11:00:55,False,,True,True,734.83,67,669688619,train,1
669688589,734.38,31,11:00:56,False,,True,True,734.83,67,669688619,train,1
669688590,734.45,31,11:00:57,False,,True,True,734.83,67,669688619,train,1
669688591,734.31,31,11:00:58,False,,True,True,734.83,67,669688619,train,1
669689949,734.11,31,11:23:00,False,,True,False,734.26,68,669690018,train,1
669689950,734.17,31,11:23:01,False,,True,False,734.26,68,669690018,train,1
669689951,734.17,31,11:23:02,False,,True,False,734.26,68,669690018,train,1
669689952,734.17,31,11:23:03,False,,True,False,734.26,68,669690018,train,1
669689953,734.21,31,11:23:04,False,,True,False,734.26,68,669690018,train,1
669689954,734.16,31,11:23:05,False,,True,False,734.26,68,669690018,train,1
669689955,734.16,31,11:23:06,False,,True,False,734.26,68,669690018,train,1
669689956,734.18,31,11:23:07,False,,True,False,734.26,68,669690018,train,1
669689957,734.16,31,11:23:08,False,,True,False,734.26,68,669690018,train,1
669689958,734.18,31,11:23:09,False,,True,False,734.26,68,669690018,train,1
669689959,734.16,31,11:23:10,False,,True,False,734.26,68,669690018,train,1
669689960,734.18,31,11:23:11,False,,True,False,734.26,68,669690018,train,1
669689961,734.18,31,11:23:12,False,,True,False,734.26,68,669690018,train,1
669689962,734.2,31,11:23:13,False,,True,False,734.26,68,669690018,train,1
669689963,734.18,31,11:23:14,False,,True,False,734.26,68,669690018,train,1
669689964,734.11,31,11:23:15,False,,True,False,734.26,68,669690018,train,1
669689965,734.17,31,11:23:16,False,,True,False,734.25,68,669690018,train,1
669689966,734.17,31,11:23:17,False,,True,False,734.25,68,669690018,train,1
669689967,734.15,31,11:23:18,False,,True,False,734.25,68,669690018,train,1
669689968,734.15,31,11:23:19,False,,True,False,734.25,68,669690018,train,1
669689969,734.12,31,11:23:20,False,,True,False,734.25,68,669690018,train,1
669689970,734.12,31,11:23:21,False,,True,False,734.25,68,669690018,train,1
669689971,734.12,31,11:23:22,False,,True,False,734.25,68,669690018,train,1
669689972,734.14,31,11:23:23,False,,True,False,734.25,68,669690018,train,1
669689973,734.12,31,11:23:24,False,,True,False,734.25,68,669690018,train,1
669689974,734.16,31,11:23:25,False,,True,False,734.25,68,669690018,train,1
669689975,734.21,31,11:23:26,False,,True,False,734.25,68,669690018,train,1
669689976,734.12,31,11:23:27,False,,True,False,734.25,68,669690018,train,1
669689977,734.14,31,11:23:28,False,,True,False,734.25,68,669690018,train,1
669689978,734.16,31,11:23:29,False,,True,False,734.25,68,669690018,train,1
669689979,734.11,31,11:23:30,False,,True,False,734.25,68,669690018,train,1
669689980,734.15,31,11:23:31,False,,True,True,734.25,68,669690018,train,1
669689981,734.2,31,11:23:32,False,,True,True,734.25,68,669690018,train,1
669689982,734.15,31,11:23:32,False,,True,True,734.25,68,669690018,train,1
669689983,734.13,31,11:23:33,False,,True,True,734.25,68,669690018,train,1
669689984,734.19,31,11:23:34,False,,True,True,734.25,68,669690018,train,1
669689985,734.17,31,11:23:35,False,,True,True,734.24,68,669690018,train,1
669689986,734.17,31,11:23:36,False,,True,True,734.24,68,669690018,train,1
669689987,734.23,31,11:23:37,False,,True,True,734.24,68,669690018,train,1
669689988,734.17,31,11:23:38,False,,True,True,734.24,68,669690018,train,1
669689989,734.17,31,11:23:39,False,,True,True,734.24,68,669690018,train,1
669689990,734.21,31,11:23:40,False,,True,True,734.24,68,669690018,train,1
669689991,734.19,31,11:23:41,False,,True,True,734.24,68,669690018,train,1
669689992,734.23,31,11:23:42,False,,True,True,734.24,68,669690018,train,1
669689993,734.16,31,11:23:43,False,,True,True,734.24,68,669690018,train,1
669689994,734.16,31,11:23:44,False,,True,True,734.24,68,669690018,train,1
669689995,734.16,31,11:23:45,False,,True,True,734.24,68,669690018,train,1
669689996,734.13,31,11:23:46,False,,True,True,734.24,68,669690018,train,1
669689997,734.11,31,11:23:47,False,,True,True,734.24,68,669690018,train,1
669689998,734.11,31,11:23:48,False,,True,True,734.24,68,669690018,train,1
669689999,734.11,31,11:23:49,False,,True,True,734.24,68,669690018,train,1
669690000,734.11,31,11:23:50,False,,True,True,734.24,68,669690018,train,1
669690001,734.01,31,11:23:51,False,,True,True,734.24,68,669690018,train,1
669690002,734.02,31,11:23:52,False,,True,True,734.24,68,669690018,train,1
669690003,734.08,31,11:23:53,False,,True,True,734.24,68,669690018,train,1
669690004,733.99,31,11:23:54,False,,True,True,734.23,68,669690018,train,1
669690005,733.99,31,11:23:55,False,,True,True,734.23,68,669690018,train,1
669690006,733.97,31,11:23:56,False,,True,True,734.23,68,669690018,train,1
669690007,733.96,31,11:23:57,False,,True,True,734.23,68,669690018,train,1
669690008,733.96,31,11:23:58,False,,True,True,734.23,68,669690018,train,1
669690556,734.28,31,11:32:51,False,,True,False,734.26,69,669690620,train,1
669690557,734.23,31,11:32:52,False,,True,False,734.26,69,669690620,train,1
669690558,734.21,31,11:32:53,False,,True,False,734.26,69,669690620,train,1
669690559,734.28,31,11:32:54,False,,True,False,734.26,69,669690620,train,1
669690560,734.25,31,11:32:55,False,,True,False,734.26,69,669690620,train,1
669690561,734.32,31,11:32:56,False,,True,False,734.26,69,669690620,train,1
669690562,734.27,31,11:32:57,False,,True,False,734.26,69,669690620,train,1
669690563,734.3,31,11:32:58,False,,True,False,734.26,69,669690620,train,1
669690564,734.32,31,11:32:59,False,,True,False,734.26,69,669690620,train,1
669690565,734.27,31,11:33:00,False,,True,False,734.26,69,669690620,train,1
669690566,734.25,31,11:33:01,False,,True,False,734.26,69,669690620,train,1
669690567,734.32,31,11:33:02,False,,True,False,734.26,69,669690620,train,1
669690568,734.25,31,11:33:03,False,,True,False,734.26,69,669690620,train,1
669690569,734.29,31,11:33:04,False,,True,False,734.26,69,669690620,train,1
669690570,734.29,31,11:33:05,False,,True,False,734.26,69,669690620,train,1
669690571,734.29,31,11:33:06,False,,True,False,734.26,69,669690620,train,1
669690572,734.31,31,11:33:07,False,,True,False,734.27,69,669690620,train,1
669690573,734.31,31,11:33:08,False,,True,False,734.27,69,669690620,train,1
669690574,734.26,31,11:33:09,False,,True,False,734.27,69,669690620,train,1
669690575,734.31,31,11:33:10,False,,True,False,734.27,69,669690620,train,1
669690576,734.31,31,11:33:11,False,,True,False,734.27,69,669690620,train,1
669690577,734.28,31,11:33:12,False,,True,False,734.27,69,669690620,train,1
669690578,734.33,31,11:33:13,False,,True,False,734.27,69,669690620,train,1
669690579,734.28,31,11:33:14,False,,True,False,734.27,69,669690620,train,1
669690580,734.31,31,11:33:15,False,,True,False,734.27,69,669690620,train,1
669690581,734.3,31,11:33:16,False,,True,False,734.27,69,669690620,train,1
669690582,734.26,31,11:33:17,False,,True,False,734.27,69,669690620,train,1
669690583,734.3,31,11:33:18,False,,True,False,734.27,69,669690620,train,1
669690584,734.3,31,11:33:19,False,,True,False,734.27,69,669690620,train,1
669690585,734.32,31,11:33:20,False,,True,False,734.27,69,669690620,train,1
669690586,734.26,31,11:33:20,False,,True,False,734.27,69,669690620,train,1
669690587,734.3,31,11:33:21,False,,True,False,734.27,69,669690620,train,1
669690588,734.32,31,11:33:22,False,,True,False,734.27,69,669690620,train,1
669690589,734.3,31,11:33:23,False,,True,False,734.27,69,669690620,train,1
669690590,734.32,31,11:33:24,False,,True,False,734.27,69,669690620,train,1
669690591,734.36,31,11:33:25,False,,True,False,734.27,69,669690620,train,1
669690592,734.27,31,11:33:26,False,,True,False,734.27,69,669690620,train,1
669690593,734.32,31,11:33:27,False,,True,False,734.28,69,669690620,train,1
669690594,734.34,31,11:33:28,False,,True,False,734.28,69,669690620,train,1
669690595,734.29,31,11:33:29,False,,True,False,734.28,69,669690620,train,1
669690596,734.34,31,11:33:30,False,,True,False,734.28,69,669690620,train,1
669690597,734.33,31,11:33:31,False,,True,False,734.28,69,669690620,train,1
669690598,734.38,31,11:33:32,False,,True,False,734.28,69,669690620,train,1
669690599,734.36,31,11:33:33,False,,True,False,734.28,69,669690620,train,1
669690600,734.35,31,11:33:34,False,,True,False,734.28,69,669690620,train,1
669690601,734.33,31,11:33:35,False,,True,False,734.28,69,669690620,train,1
669690602,734.29,31,11:33:36,False,,True,False,734.28,69,669690620,train,1
669690603,734.4,31,11:33:37,False,,True,True,734.28,69,669690620,train,1
669690604,734.35,31,11:33:38,False,,True,True,734.28,69,669690620,train,1
669690605,734.28,31,11:33:39,False,,True,True,734.28,69,669690620,train,1
669690606,734.3,31,11:33:40,False,,True,True,734.28,69,669690620,train,1
669690607,734.32,31,11:33:41,False,,True,True,734.28,69,669690620,train,1
669690608,734.3,31,11:33:42,False,,True,True,734.28,69,669690620,train,1
669690609,734.28,31,11:33:43,False,,True,True,734.28,69,669690620,train,1
669690610,734.3,31,11:33:44,False,,True,True,734.28,69,669690620,train,1
669690611,734.32,31,11:33:45,False,,True,True,734.28,69,669690620,train,1
669690612,734.21,31,11:33:46,False,,True,True,734.28,69,669690620,train,1
669690613,734.21,31,11:33:47,False,,True,True,734.28,69,669690620,train,1
669690614,734.21,31,11:33:48,False,,True,True,734.28,69,669690620,train,1
669690615,734.16,31,11:33:49,False,,True,True,734.28,69,669690620,train,1
669695828,734.94,31,12:58:24,False,,False,False,734.94,70,-1,,0
669695829,734.88,31,12:58:25,False,,False,False,734.94,70,-1,,0
669695830,734.9,31,12:58:26,False,,False,False,734.94,70,-1,,0
669695831,734.94,31,12:58:26,False,,False,False,734.94,70,-1,,0
669695832,734.92,31,12:58:27,False,,False,False,734.94,70,-1,,0
669695833,734.94,31,12:58:28,False,,False,False,734.94,70,-1,,0
669695834,734.92,31,12:58:29,False,,False,False,734.94,70,-1,,0
669695835,734.87,31,12:58:30,False,,False,False,734.94,70,-1,,0
669695836,734.87,31,12:58:31,False,,False,False,734.94,70,-1,,0
669695837,734.91,31,12:58:32,False,,False,False,734.94,70,-1,,0
669695838,734.91,31,12:58:33,False,,False,False,734.94,70,-1,,0
669695839,734.95,31,12:58:34,False,,False,False,734.94,70,-1,,0
669695840,734.84,31,12:58:35,False,,False,False,734.94,70,-1,,0
669695841,734.88,31,12:58:36,False,,False,False,734.94,70,-1,,0
669695842,734.9,31,12:58:37,False,,False,False,734.94,70,-1,,0
669695843,734.88,31,12:58:38,False,,False,False,734.94,70,-1,,0
669695844,734.92,31,12:58:39,False,,False,False,734.94,70,-1,,0
669695845,734.9,31,12:58:40,False,,False,False,734.94,70,-1,,0
669695846,734.91,31,12:58:41,False,,False,False,734.94,70,-1,,0
669695847,734.91,31,12:58:42,False,,False,False,734.94,70,-1,,0
669695848,734.87,31,12:58:43,False,,False,False,734.94,70,-1,,0
669695849,734.95,31,12:58:44,False,,False,False,734.94,70,-1,,0
669695850,734.93,31,12:58:45,False,,False,False,734.94,70,-1,,0
669695851,734.95,31,12:58:46,False,,False,False,734.94,70,-1,,0
669695852,734.92,31,12:58:47,False,,False,False,734.94,70,-1,,0
669695853,734.9,31,12:58:48,False,,False,False,734.94,70,-1,,0
669695854,734.86,31,12:58:49,False,,False,False,734.94,70,-1,,0
669695855,734.89,31,12:58:50,False,,False,False,734.94,70,-1,,0
669695856,734.91,31,12:58:51,False,,False,False,734.94,70,-1,,0
669695857,734.9,31,12:58:52,False,,False,False,734.94,70,-1,,0
669695858,734.87,31,12:58:53,False,,False,False,734.94,70,-1,,0
669695859,734.93,31,12:58:54,False,,False,False,734.94,70,-1,,0
669695860,734.91,31,12:58:55,False,,False,False,734.94,70,-1,,0
669695861,734.86,31,12:58:56,False,,False,False,734.94,70,-1,,0
669695862,734.9,31,12:58:57,False,,False,False,734.94,70,-1,,0
669695863,734.9,31,12:58:58,False,,False,False,734.94,70,-1,,0
669695864,734.84,31,12:58:59,False,,False,False,734.94,70,-1,,0
669695865,734.88,31,12:59:00,False,,False,False,734.94,70,-1,,0
669695866,734.92,31,12:59:01,False,,False,False,734.94,70,-1,,0
669695867,734.96,31,12:59:02,False,,False,False,734.94,70,-1,,0
669695868,734.87,31,12:59:03,False,,False,False,734.94,70,-1,,0
669695869,734.87,31,12:59:03,False,,False,False,734.94,70,-1,,0
669695870,734.89,31,12:59:04,False,,False,False,734.94,70,-1,,0
669695871,734.87,31,12:59:05,False,,False,False,734.94,70,-1,,0
669695872,734.87,31,12:59:06,False,,False,False,734.94,70,-1,,0
669695873,734.91,31,12:59:07,False,,False,False,734.94,70,-1,,0
669695874,734.91,31,12:59:08,False,,False,False,734.94,70,-1,,0
669695875,734.91,31,12:59:09,False,,False,False,734.94,70,-1,,0
669695876,734.92,31,12:59:10,False,,False,False,734.94,70,-1,,0
669695877,734.86,31,12:59:11,False,,False,False,734.94,70,-1,,0
669695878,734.9,31,12:59:12,False,,False,False,734.94,70,-1,,0
669695879,734.85,31,12:59:13,False,,False,False,734.94,70,-1,,0
669695880,734.87,31,12:59:14,False,,False,False,734.94,70,-1,,0
669695881,734.83,31,12:59:15,False,,False,False,734.94,70,-1,,0
669695882,734.87,31,12:59:16,False,,False,False,734.94,70,-1,,0
669695883,734.85,31,12:59:17,False,,False,False,734.94,70,-1,,0
669695884,734.87,31,12:59:18,False,,False,False,734.94,70,-1,,0
669695885,734.82,31,12:59:19,False,,False,False,734.94,70,-1,,0
669695886,734.86,31,12:59:20,False,,False,False,734.94,70,-1,,0
669695887,734.88,31,12:59:21,False,,False,False,734.94,70,-1,,0
669704071,728.54,31,15:12:08,False,,True,True,728.81,71,669704197,train,1
669704072,728.54,31,15:12:09,False,,True,True,728.81,71,669704197,train,1
669704073,728.54,31,15:12:10,False,,True,True,728.81,71,669704197,train,1
669704074,728.58,31,15:12:11,False,,True,True,728.81,71,669704197,train,1
669704075,728.52,31,15:12:12,False,,True,True,728.81,71,669704197,train,1
669704076,728.49,31,15:12:13,False,,True,True,728.81,71,669704197,train,1
669704077,728.54,31,15:12:14,False,,True,True,728.8,71,669704197,train,1
669704078,728.52,31,15:12:15,False,,True,True,728.8,71,669704197,train,1
669704079,728.49,31,15:12:16,False,,True,True,728.8,71,669704197,train,1
669704080,728.5,31,15:12:17,False,,True,True,728.8,71,669704197,train,1
669704081,728.49,31,15:12:18,False,,True,True,728.8,71,669704197,train,1
669704082,728.54,31,15:12:19,False,,True,True,728.8,71,669704197,train,1
669704083,728.49,31,15:12:20,False,,True,True,728.8,71,669704197,train,1
669704084,728.54,31,15:12:21,False,,True,True,728.8,71,669704197,train,1
669704085,728.54,31,15:12:22,False,,True,True,728.8,71,669704197,train,1
669704086,728.56,31,15:12:23,False,,True,True,728.8,71,669704197,train,1
669704087,728.54,31,15:12:24,False,,True,True,728.79,71,669704197,train,1
669704088,728.51,31,15:12:25,False,,True,True,728.79,71,669704197,train,1
669704089,728.51,31,15:12:26,False,,True,True,728.79,71,669704197,train,1
669704090,728.49,31,15:12:27,False,,True,True,728.79,71,669704197,train,1
669704091,728.47,31,15:12:28,False,,True,True,728.79,71,669704197,train,1
669704092,728.49,31,15:12:29,False,,True,True,728.79,71,669704197,train,1
669704093,728.47,31,15:12:30,False,,True,True,728.79,71,669704197,train,1
669704094,728.49,31,15:12:31,False,,True,True,728.79,71,669704197,train,1
669704095,728.47,31,15:12:31,False,,True,True,728.79,71,669704197,train,1
669704096,728.49,31,15:12:32,False,,True,True,728.78,71,669704197,train,1
669704097,728.51,31,15:12:33,False,,True,True,728.78,71,669704197,train,1
669704098,728.42,31,15:12:34,False,,True,True,728.78,71,669704197,train,1
669704099,728.52,31,15:12:35,False,,True,True,728.78,71,669704197,train,1
669704100,728.47,31,15:12:36,False,,True,True,728.78,71,669704197,train,1
669704101,728.51,31,15:12:37,False,,True,True,728.78,71,669704197,train,1
669704102,728.47,31,15:12:38,False,,True,True,728.78,71,669704197,train,1
669704103,728.45,31,15:12:39,False,,True,True,728.78,71,669704197,train,1
669704104,728.48,31,15:12:40,False,,True,True,728.77,71,669704197,train,1
669704105,728.47,31,15:12:41,False,,True,True,728.77,71,669704197,train,1
669704106,728.46,31,15:12:42,False,,True,True,728.77,71,669704197,train,1
669704107,728.44,31,15:12:43,False,,True,True,728.77,71,669704197,train,1
669704108,728.49,31,15:12:44,False,,True,True,728.77,71,669704197,train,1
669704109,728.44,31,15:12:45,False,,True,True,728.77,71,669704197,train,1
669704110,728.47,31,15:12:46,False,,True,True,728.77,71,669704197,train,1
669704111,728.48,31,15:12:47,False,,True,True,728.77,71,669704197,train,1
669704112,728.44,31,15:12:48,False,,True,True,728.76,71,669704197,train,1
669704113,728.44,31,15:12:49,False,,True,True,728.76,71,669704197,train,1
669704114,728.48,31,15:12:50,False,,True,True,728.76,71,669704197,train,1
669704115,728.51,31,15:12:51,False,,True,True,728.76,71,669704197,train,1
669704116,728.44,31,15:12:52,False,,True,True,728.76,71,669704197,train,1
669704117,728.44,31,15:12:53,False,,True,True,728.76,71,669704197,train,1
669704118,728.44,31,15:12:54,False,,True,True,728.76,71,669704197,train,1
669704119,728.42,31,15:12:55,False,,True,True,728.76,71,669704197,train,1
669704120,728.41,31,15:12:56,False,,True,True,728.76,71,669704197,train,1
669704121,728.42,31,15:12:57,False,,True,True,728.75,71,669704197,train,1
669704122,728.41,31,15:12:58,False,,True,True,728.75,71,669704197,train,1
669704123,728.42,31,15:12:59,False,,True,True,728.75,71,669704197,train,1
669704124,728.39,31,15:13:00,False,,True,True,728.75,71,669704197,train,1
669704125,728.41,31,15:13:01,False,,True,True,728.75,71,669704197,train,1
669704126,728.39,31,15:13:02,False,,True,True,728.75,71,669704197,train,1
669704127,728.46,31,15:13:03,False,,True,True,728.75,71,669704197,train,1
669704128,728.39,31,15:13:04,False,,True,True,728.75,71,669704197,train,1
669704129,728.43,31,15:13:05,False,,True,True,728.74,71,669704197,train,1
669704130,728.37,31,15:13:06,False,,True,True,728.74,71,669704197,train,1
669704071,728.54,31,15:12:08,False,,True,True,728.81,72,669779409,train,1
669704072,728.54,31,15:12:09,False,,True,True,728.81,72,669779409,train,1
669704073,728.54,31,15:12:10,False,,True,True,728.81,72,669779409,train,1
669704074,728.58,31,15:12:11,False,,True,True,728.81,72,669779409,train,1
669704075,728.52,31,15:12:12,False,,True,True,728.81,72,669779409,train,1
669704076,728.49,31,15:12:13,False,,True,True,728.81,72,669779409,train,1
669704077,728.54,31,15:12:14,False,,True,True,728.8,72,669779409,train,1
669704078,728.52,31,15:12:15,False,,True,True,728.8,72,669779409,train,1
669704079,728.49,31,15:12:16,False,,True,True,728.8,72,669779409,train,1
669704080,728.5,31,15:12:17,False,,True,True,728.8,72,669779409,train,1
669704081,728.49,31,15:12:18,False,,True,True,728.8,72,669779409,train,1
669704082,728.54,31,15:12:19,False,,True,True,728.8,72,669779409,train,1
669704083,728.49,31,15:12:20,False,,True,True,728.8,72,669779409,train,1
669704084,728.54,31,15:12:21,False,,True,True,728.8,72,669779409,train,1
669704085,728.54,31,15:12:22,False,,True,True,728.8,72,669779409,train,1
669704086,728.56,31,15:12:23,False,,True,True,728.8,72,669779409,train,1
669704087,728.54,31,15:12:24,False,,True,True,728.79,72,669779409,train,1
669704088,728.51,31,15:12:25,False,,True,True,728.79,72,669779409,train,1
669704089,728.51,31,15:12:26,False,,True,True,728.79,72,669779409,train,1
669704090,728.49,31,15:12:27,False,,True,True,728.79,72,669779409,train,1
669704091,728.47,31,15:12:28,False,,True,True,728.79,72,669779409,train,1
669704092,728.49,31,15:12:29,False,,True,True,728.79,72,669779409,train,1
669704093,728.47,31,15:12:30,False,,True,True,728.79,72,669779409,train,1
669704094,728.49,31,15:12:31,False,,True,True,728.79,72,669779409,train,1
669704095,728.47,31,15:12:31,False,,True,True,728.79,72,669779409,train,1
669704096,728.49,31,15:12:32,False,,True,True,728.78,72,669779409,train,1
669704097,728.51,31,15:12:33,False,,True,True,728.78,72,669779409,train,1
669704098,728.42,31,15:12:34,False,,True,True,728.78,72,669779409,train,1
669704099,728.52,31,15:12:35,False,,True,True,728.78,72,669779409,train,1
669704100,728.47,31,15:12:36,False,,True,True,728.78,72,669779409,train,1
669704101,728.51,31,15:12:37,False,,True,True,728.78,72,669779409,train,1
669704102,728.47,31,15:12:38,False,,True,True,728.78,72,669779409,train,1
669704103,728.45,31,15:12:39,False,,True,True,728.78,72,669779409,train,1
669704104,728.48,31,15:12:40,False,,True,True,728.77,72,669779409,train,1
669704105,728.47,31,15:12:41,False,,True,True,728.77,72,669779409,train,1
669704106,728.46,31,15:12:42,False,,True,True,728.77,72,669779409,train,1
669704107,728.44,31,15:12:43,False,,True,True,728.77,72,669779409,train,1
669704108,728.49,31,15:12:44,False,,True,True,728.77,72,669779409,train,1
669704109,728.44,31,15:12:45,False,,True,True,728.77,72,669779409,train,1
669704110,728.47,31,15:12:46,False,,True,True,728.77,72,669779409,train,1
669704111,728.48,31,15:12:47,False,,True,True,728.77,72,669779409,train,1
669704112,728.44,31,15:12:48,False,,True,True,728.76,72,669779409,train,1
669704113,728.44,31,15:12:49,False,,True,True,728.76,72,669779409,train,1
669704114,728.48,31,15:12:50,False,,True,True,728.76,72,669779409,train,1
669704115,728.51,31,15:12:51,False,,True,True,728.76,72,669779409,train,1
669704116,728.44,31,15:12:52,False,,True,True,728.76,72,669779409,train,1
669704117,728.44,31,15:12:53,False,,True,True,728.76,72,669779409,train,1
669704118,728.44,31,15:12:54,False,,True,True,728.76,72,669779409,train,1
669704119,728.42,31,15:12:55,False,,True,True,728.76,72,669779409,train,1
669704120,728.41,31,15:12:56,False,,True,True,728.76,72,669779409,train,1
669704121,728.42,31,15:12:57,False,,True,True,728.75,72,669779409,train,1
669704122,728.41,31,15:12:58,False,,True,True,728.75,72,669779409,train,1
669704123,728.42,31,15:12:59,False,,True,True,728.75,72,669779409,train,1
669704124,728.39,31,15:13:00,False,,True,True,728.75,72,669779409,train,1
669704125,728.41,31,15:13:01,False,,True,True,728.75,72,669779409,train,1
669704126,728.39,31,15:13:02,False,,True,True,728.75,72,669779409,train,1
669704127,728.46,31,15:13:03,False,,True,True,728.75,72,669779409,train,1
669704128,728.39,31,15:13:04,False,,True,True,728.75,72,669779409,train,1
669704129,728.43,31,15:13:05,False,,True,True,728.74,72,669779409,train,1
669704130,728.37,31,15:13:06,False,,True,True,728.74,72,669779409,train,1
669724136,742.35,31,20:37:41,False,,False,False,742.49,73,-1,,0
669724137,742.35,31,20:37:42,False,,False,False,742.49,73,-1,,0
669724138,742.37,31,20:37:43,False,,False,False,742.49,73,-1,,0
669724139,742.33,31,20:37:44,False,,False,False,742.49,73,-1,,0
669724140,742.42,31,20:37:45,False,,False,False,742.49,73,-1,,0
669724141,742.35,31,20:37:46,False,,False,False,742.49,73,-1,,0
669724142,742.33,31,20:37:47,False,,False,False,742.48,73,-1,,0
669724143,742.32,31,20:37:48,False,,False,False,742.48,73,-1,,0
669724144,742.35,31,20:37:49,False,,False,False,742.48,73,-1,,0
669724145,742.28,31,20:37:50,False,,False,False,742.48,73,-1,,0
669724146,742.35,31,20:37:51,False,,False,False,742.48,73,-1,,0
669724147,742.32,31,20:37:52,False,,False,False,742.48,73,-1,,0
669724148,742.34,31,20:37:53,False,,False,False,742.48,73,-1,,0
669724149,742.32,31,20:37:54,False,,False,False,742.48,73,-1,,0
669724150,742.31,31,20:37:55,False,,False,False,742.48,73,-1,,0
669724151,742.43,31,20:37:56,False,,False,False,742.48,73,-1,,0
669724152,742.38,31,20:37:57,False,,False,False,742.48,73,-1,,0
669724153,742.36,31,20:37:58,False,,False,False,742.48,73,-1,,0
669724154,742.4,31,20:37:59,False,,False,False,742.48,73,-1,,0
669724155,742.33,31,20:38:00,False,,False,False,742.48,73,-1,,0
669724156,742.42,31,20:38:01,False,,False,False,742.48,73,-1,,0
669724157,742.37,31,20:38:02,False,,False,False,742.48,73,-1,,0
669724158,742.35,31,20:38:03,False,,False,False,742.48,73,-1,,0
669724159,742.35,31,20:38:04,False,,False,False,742.48,73,-1,,0
669724160,742.33,31,20:38:05,False,,False,False,742.48,73,-1,,0
669724161,742.39,31,20:38:06,False,,False,False,742.47,73,-1,,0
669724162,742.39,31,20:38:07,False,,False,False,742.47,73,-1,,0
669724163,742.39,31,20:38:08,False,,False,False,742.47,73,-1,,0
669724164,742.36,31,20:38:09,False,,False,False,742.47,73,-1,,0
669724165,742.38,31,20:38:10,False,,False,False,742.47,73,-1,,0
669724166,742.36,31,20:38:11,False,,False,False,742.47,73,-1,,0
669724167,742.43,31,20:38:12,False,,False,False,742.47,73,-1,,0
669724168,742.42,31,20:38:13,False,,False,False,742.47,73,-1,,0
669724169,742.4,31,20:38:14,False,,False,False,742.47,73,-1,,0
669724170,742.38,31,20:38:14,False,,False,False,742.47,73,-1,,0
669724171,742.38,31,20:38:15,False,,False,False,742.47,73,-1,,0
669724172,742.37,31,20:38:16,False,,False,False,742.47,73,-1,,0
669724173,742.35,31,20:38:17,False,,False,False,742.47,73,-1,,0
669724174,742.36,31,20:38:18,False,,False,False,742.47,73,-1,,0
669724175,742.37,31,20:38:19,False,,False,False,742.47,73,-1,,0
669724176,742.39,31,20:38:20,False,,False,False,742.47,73,-1,,0
669724177,742.41,31,20:38:21,False,,False,False,742.47,73,-1,,0
669724178,742.37,31,20:38:22,False,,False,False,742.47,73,-1,,0
669724179,742.41,31,20:38:23,False,,False,False,742.47,73,-1,,0
669724180,742.36,31,20:38:24,False,,False,False,742.47,73,-1,,0
669724181,742.4,31,20:38:25,False,,False,False,742.47,73,-1,,0
669724182,742.32,31,20:38:26,False,,False,False,742.47,73,-1,,0
669724183,742.38,31,20:38:27,False,,False,False,742.47,73,-1,,0
669724184,742.34,31,20:38:28,False,,False,False,742.47,73,-1,,0
669724185,742.36,31,20:38:29,False,,False,False,742.47,73,-1,,0
669724186,742.36,31,20:38:30,False,,False,False,742.47,73,-1,,0
669724187,742.4,31,20:38:31,False,,False,False,742.47,73,-1,,0
669724188,742.35,31,20:38:32,False,,False,False,742.47,73,-1,,0
669724189,742.36,31,20:38:33,False,,False,False,742.46,73,-1,,0
669724190,742.4,31,20:38:34,False,,False,False,742.46,73,-1,,0
669724191,742.35,31,20:38:35,False,,False,False,742.46,73,-1,,0
669724192,742.35,31,20:38:36,False,,False,False,742.46,73,-1,,0
669724193,742.39,31,20:38:37,False,,False,False,742.46,73,-1,,0
669724194,742.37,31,20:38:38,False,,False,False,742.46,73,-1,,0
669724195,742.41,31,20:38:39,False,,False,False,742.46,73,-1,,0
669742877,745.53,32,1:41:46,False,,False,False,745.8,74,-1,,0
669742878,745.55,32,1:41:47,False,,False,False,745.8,74,-1,,0
669742879,745.52,32,1:41:48,False,,False,False,745.8,74,-1,,0
669742880,745.56,32,1:41:49,False,,False,False,745.8,74,-1,,0
669742881,745.54,32,1:41:50,False,,False,False,745.8,74,-1,,0
669742882,745.5,32,1:41:51,False,,False,False,745.8,74,-1,,0
669742883,745.52,32,1:41:52,False,,False,False,745.8,74,-1,,0
669742884,745.51,32,1:41:53,False,,False,False,745.79,74,-1,,0
669742885,745.55,32,1:41:54,False,,False,False,745.79,74,-1,,0
669742886,745.49,32,1:41:55,False,,False,False,745.79,74,-1,,0
669742887,745.53,32,1:41:55,False,,False,False,745.79,74,-1,,0
669742888,745.49,32,1:41:56,False,,False,False,745.79,74,-1,,0
669742889,745.53,32,1:41:57,False,,False,False,745.79,74,-1,,0
669742890,745.48,32,1:41:58,False,,False,False,745.79,74,-1,,0
669742891,745.48,32,1:41:59,False,,False,False,745.79,74,-1,,0
669742892,745.57,32,1:42:00,False,,False,False,745.79,74,-1,,0
669742893,745.54,32,1:42:01,False,,False,False,745.78,74,-1,,0
669742894,745.56,32,1:42:02,False,,False,False,745.78,74,-1,,0
669742895,745.5,32,1:42:03,False,,False,False,745.78,74,-1,,0
669742896,745.54,32,1:42:04,False,,False,False,745.78,74,-1,,0
669742897,745.56,32,1:42:05,False,,False,False,745.78,74,-1,,0
669742898,745.52,32,1:42:06,False,,False,False,745.78,74,-1,,0
669742899,745.56,32,1:42:07,False,,False,False,745.78,74,-1,,0
669742900,745.51,32,1:42:08,False,,False,False,745.78,74,-1,,0
669742901,745.51,32,1:42:09,False,,False,False,745.78,74,-1,,0
669742902,745.51,32,1:42:10,False,,False,False,745.77,74,-1,,0
669742903,745.53,32,1:42:11,False,,False,False,745.77,74,-1,,0
669742904,745.53,32,1:42:12,False,,False,False,745.77,74,-1,,0
669742905,745.5,32,1:42:13,False,,False,False,745.77,74,-1,,0
669742906,745.48,32,1:42:14,False,,False,False,745.77,74,-1,,0
669742907,745.48,32,1:42:15,False,,False,False,745.77,74,-1,,0
669742908,745.52,32,1:42:16,False,,False,False,745.77,74,-1,,0
669742909,745.49,32,1:42:17,False,,False,False,745.77,74,-1,,0
669742910,745.52,32,1:42:18,False,,False,False,745.76,74,-1,,0
669742911,745.51,32,1:42:19,False,,False,False,745.76,74,-1,,0
669742912,745.47,32,1:42:20,False,,False,False,745.76,74,-1,,0
669742913,745.49,32,1:42:21,False,,False,False,745.76,74,-1,,0
669742914,745.49,32,1:42:22,False,,False,False,745.76,74,-1,,0
669742915,745.53,32,1:42:23,False,,False,False,745.76,74,-1,,0
669742916,745.46,32,1:42:24,False,,False,False,745.76,74,-1,,0
669742917,745.48,32,1:42:25,False,,False,False,745.76,74,-1,,0
669742918,745.48,32,1:42:26,False,,False,False,745.76,74,-1,,0
669742919,745.48,32,1:42:27,False,,False,False,745.75,74,-1,,0
669742920,745.48,32,1:42:28,False,,False,False,745.75,74,-1,,0
669742921,745.5,32,1:42:29,False,,False,False,745.75,74,-1,,0
669742922,745.5,32,1:42:30,False,,False,False,745.75,74,-1,,0
669742923,745.52,32,1:42:31,False,,False,False,745.75,74,-1,,0
669742924,745.47,32,1:42:32,False,,False,False,745.75,74,-1,,0
669742925,745.47,32,1:42:32,False,,False,False,745.75,74,-1,,0
669742926,745.47,32,1:42:33,False,,False,False,745.75,74,-1,,0
669742927,745.49,32,1:42:34,False,,False,False,745.74,74,-1,,0
669742928,745.47,32,1:42:35,False,,False,False,745.74,74,-1,,0
669742929,745.53,32,1:42:36,False,,False,False,745.74,74,-1,,0
669742930,745.5,32,1:42:37,False,,False,False,745.74,74,-1,,0
669742931,745.5,32,1:42:38,False,,False,False,745.74,74,-1,,0
669742932,745.53,32,1:42:39,False,,False,False,745.74,74,-1,,0
669742933,745.5,32,1:42:40,False,,False,False,745.74,74,-1,,0
669742934,745.5,32,1:42:41,False,,False,False,745.74,74,-1,,0
669742935,745.5,32,1:42:42,False,,False,False,745.74,74,-1,,0
669742936,745.52,32,1:42:43,False,,False,False,745.73,74,-1,,0
669744849,743.75,32,2:13:45,False,,False,False,743.84,75,-1,,0
669744850,743.66,32,2:13:46,False,,False,False,743.84,75,-1,,0
669744851,743.7,32,2:13:47,False,,False,False,743.84,75,-1,,0
669744852,743.75,32,2:13:48,False,,False,False,743.84,75,-1,,0
669744853,743.66,32,2:13:49,False,,False,False,743.83,75,-1,,0
669744854,743.72,32,2:13:50,False,,False,False,743.83,75,-1,,0
669744855,743.72,32,2:13:51,False,,False,False,743.83,75,-1,,0
669744856,743.66,32,2:13:52,False,,False,False,743.83,75,-1,,0
669744857,743.74,32,2:13:53,False,,False,False,743.83,75,-1,,0
669744858,743.68,32,2:13:54,False,,False,False,743.83,75,-1,,0
669744859,743.66,32,2:13:55,False,,False,False,743.83,75,-1,,0
669744860,743.72,32,2:13:56,False,,False,False,743.83,75,-1,,0
669744861,743.72,32,2:13:57,False,,False,False,743.83,75,-1,,0
669744862,743.72,32,2:13:58,False,,False,False,743.83,75,-1,,0
669744863,743.7,32,2:13:59,False,,False,False,743.83,75,-1,,0
669744864,743.74,32,2:14:00,False,,False,False,743.83,75,-1,,0
669744865,743.68,32,2:14:01,False,,False,False,743.83,75,-1,,0
669744866,743.7,32,2:14:02,False,,False,False,743.83,75,-1,,0
669744867,743.69,32,2:14:03,False,,False,False,743.83,75,-1,,0
669744868,743.67,32,2:14:04,False,,False,False,743.83,75,-1,,0
669744869,743.61,32,2:14:05,False,,False,False,743.82,75,-1,,0
669744870,743.63,32,2:14:06,False,,False,False,743.82,75,-1,,0
669744871,743.65,32,2:14:07,False,,False,False,743.82,75,-1,,0
669744872,743.65,32,2:14:08,False,,False,False,743.82,75,-1,,0
669744873,743.67,32,2:14:09,False,,False,False,743.82,75,-1,,0
669744874,743.65,32,2:14:10,False,,False,False,743.82,75,-1,,0
669744875,743.69,32,2:14:11,False,,False,False,743.82,75,-1,,0
669744876,743.69,32,2:14:12,False,,False,False,743.82,75,-1,,0
669744877,743.65,32,2:14:13,False,,False,False,743.82,75,-1,,0
669744878,743.69,32,2:14:14,False,,False,False,743.82,75,-1,,0
669744879,743.69,32,2:14:15,False,,False,False,743.82,75,-1,,0
669744880,743.65,32,2:14:16,False,,False,False,743.82,75,-1,,0
669744881,743.65,32,2:14:17,False,,False,False,743.82,75,-1,,0
669744882,743.69,32,2:14:18,False,,False,False,743.82,75,-1,,0
669744883,743.69,32,2:14:19,False,,False,False,743.82,75,-1,,0
669744884,743.64,32,2:14:20,False,,False,False,743.82,75,-1,,0
669744885,743.69,32,2:14:21,False,,False,False,743.81,75,-1,,0
669744886,743.68,32,2:14:22,False,,False,False,743.81,75,-1,,0
669744887,743.69,32,2:14:22,False,,False,False,743.81,75,-1,,0
669744888,743.66,32,2:14:23,False,,False,False,743.81,75,-1,,0
669744889,743.66,32,2:14:24,False,,False,False,743.81,75,-1,,0
669744890,743.7,32,2:14:25,False,,False,False,743.81,75,-1,,0
669744891,743.66,32,2:14:26,False,,False,False,743.81,75,-1,,0
669744892,743.62,32,2:14:27,False,,False,False,743.81,75,-1,,0
669744893,743.66,32,2:14:28,False,,False,False,743.81,75,-1,,0
669744894,743.64,32,2:14:29,False,,False,False,743.81,75,-1,,0
669744895,743.66,32,2:14:30,False,,False,False,743.81,75,-1,,0
669744896,743.66,32,2:14:31,False,,False,False,743.81,75,-1,,0
669744897,743.68,32,2:14:32,False,,False,False,743.81,75,-1,,0
669744898,743.73,32,2:14:33,False,,False,False,743.81,75,-1,,0
669744899,743.68,32,2:14:34,False,,False,False,743.81,75,-1,,0
669744900,743.68,32,2:14:35,False,,False,False,743.81,75,-1,,0
669744901,743.7,32,2:14:36,False,,False,False,743.81,75,-1,,0
669744902,743.7,32,2:14:37,False,,False,False,743.8,75,-1,,0
669744903,743.66,32,2:14:38,False,,False,False,743.8,75,-1,,0
669744904,743.72,32,2:14:39,False,,False,False,743.8,75,-1,,0
669744905,743.7,32,2:14:40,False,,False,False,743.8,75,-1,,0
669744906,743.7,32,2:14:41,False,,False,False,743.8,75,-1,,0
669744907,743.7,32,2:14:42,False,,False,False,743.8,75,-1,,0
669744908,743.65,32,2:14:43,False,,False,False,743.8,75,-1,,0
669765628,752.87,32,7:50:54,False,,False,False,752.82,76,-1,,0
669765629,752.89,32,7:50:55,False,,False,False,752.82,76,-1,,0
669765630,752.85,32,7:50:56,False,,False,False,752.82,76,-1,,0
669765631,752.87,32,7:50:57,False,,False,False,752.82,76,-1,,0
669765632,752.93,32,7:50:58,False,,False,False,752.82,76,-1,,0
669765633,752.91,32,7:50:59,False,,False,False,752.82,76,-1,,0
669765634,752.9,32,7:51:00,False,,False,False,752.82,76,-1,,0
669765635,752.9,32,7:51:01,False,,False,False,752.82,76,-1,,0
669765636,752.9,32,7:51:02,False,,False,False,752.82,76,-1,,0
669765637,752.84,32,7:51:03,False,,False,False,752.82,76,-1,,0
669765638,752.81,32,7:51:04,False,,False,False,752.82,76,-1,,0
669765639,752.9,32,7:51:05,False,,False,False,752.82,76,-1,,0
669765640,752.9,32,7:51:06,False,,False,False,752.82,76,-1,,0
669765641,752.89,32,7:51:07,False,,False,False,752.83,76,-1,,0
669765642,752.87,32,7:51:07,False,,False,False,752.83,76,-1,,0
669765643,752.87,32,7:51:08,False,,False,False,752.83,76,-1,,0
669765644,752.83,32,7:51:09,False,,False,False,752.83,76,-1,,0
669765645,752.87,32,7:51:10,False,,False,False,752.83,76,-1,,0
669765646,752.89,32,7:51:11,False,,False,False,752.83,76,-1,,0
669765647,752.87,32,7:51:12,False,,False,False,752.83,76,-1,,0
669765648,752.85,32,7:51:13,False,,False,False,752.83,76,-1,,0
669765649,752.86,32,7:51:14,False,,False,False,752.83,76,-1,,0
669765650,752.84,32,7:51:15,False,,False,False,752.83,76,-1,,0
669765651,752.84,32,7:51:16,False,,False,False,752.83,76,-1,,0
669765652,752.84,32,7:51:17,False,,False,False,752.83,76,-1,,0
669765653,752.88,32,7:51:18,False,,False,False,752.83,76,-1,,0
669765654,752.83,32,7:51:19,False,,False,False,752.83,76,-1,,0
669765655,752.87,32,7:51:20,False,,False,False,752.83,76,-1,,0
669765656,752.88,32,7:51:21,False,,False,False,752.83,76,-1,,0
669765657,752.83,32,7:51:22,False,,False,False,752.83,76,-1,,0
669765658,752.85,32,7:51:23,False,,False,False,752.83,76,-1,,0
669765659,752.85,32,7:51:24,False,,False,False,752.83,76,-1,,0
669765660,752.87,32,7:51:25,False,,False,False,752.83,76,-1,,0
669765661,752.85,32,7:51:26,False,,False,False,752.83,76,-1,,0
669765662,752.89,32,7:51:27,False,,False,False,752.83,76,-1,,0
669765663,752.87,32,7:51:28,False,,False,False,752.83,76,-1,,0
669765664,752.84,32,7:51:29,False,,False,False,752.83,76,-1,,0
669765665,752.88,32,7:51:30,False,,False,False,752.84,76,-1,,0
669765666,752.82,32,7:51:31,False,,False,False,752.84,76,-1,,0
669765667,752.84,32,7:51:32,False,,False,False,752.84,76,-1,,0
669765668,752.86,32,7:51:33,False,,False,False,752.84,76,-1,,0
669765669,752.83,32,7:51:34,False,,False,False,752.84,76,-1,,0
669765670,752.88,32,7:51:35,False,,False,False,752.84,76,-1,,0
669765671,752.85,32,7:51:36,False,,False,False,752.84,76,-1,,0
669765672,752.83,32,7:51:37,False,,False,False,752.84,76,-1,,0
669765673,752.83,32,7:51:38,False,,False,False,752.84,76,-1,,0
669765674,752.83,32,7:51:39,False,,False,False,752.84,76,-1,,0
669765675,752.85,32,7:51:40,False,,False,False,752.84,76,-1,,0
669765676,752.78,32,7:51:41,False,,False,False,752.84,76,-1,,0
669765677,752.82,32,7:51:42,False,,False,False,752.84,76,-1,,0
669765678,752.86,32,7:51:43,False,,False,False,752.84,76,-1,,0
669765679,752.84,32,7:51:44,False,,False,False,752.84,76,-1,,0
669765680,752.84,32,7:51:44,False,,False,False,752.84,76,-1,,0
669765681,752.82,32,7:51:45,False,,False,False,752.84,76,-1,,0
669765682,752.84,32,7:51:46,False,,False,False,752.84,76,-1,,0
669765683,752.81,32,7:51:47,False,,False,False,752.84,76,-1,,0
669765684,752.83,32,7:51:48,False,,False,False,752.84,76,-1,,0
669765685,752.86,32,7:51:49,False,,False,False,752.84,76,-1,,0
669765686,752.81,32,7:51:50,False,,False,False,752.84,76,-1,,0
669765687,752.83,32,7:51:51,False,,False,False,752.84,76,-1,,0
669780373,737.41,32,11:50:08,False,,True,False,737.31,77,669780445,train,1
669780374,737.39,32,11:50:09,False,,True,False,737.31,77,669780445,train,1
669780375,737.43,32,11:50:10,False,,True,False,737.31,77,669780445,train,1
669780376,737.41,32,11:50:11,False,,True,False,737.31,77,669780445,train,1
669780377,737.38,32,11:50:12,False,,True,False,737.31,77,669780445,train,1
669780378,737.4,32,11:50:13,False,,True,False,737.31,77,669780445,train,1
669780379,737.4,32,11:50:14,False,,True,False,737.31,77,669780445,train,1
669780380,737.35,32,11:50:15,False,,True,False,737.31,77,669780445,train,1
669780381,737.37,32,11:50:16,False,,True,False,737.31,77,669780445,train,1
669780382,737.39,32,11:50:17,False,,True,False,737.31,77,669780445,train,1
669780383,737.37,32,11:50:18,False,,True,False,737.31,77,669780445,train,1
669780384,737.41,32,11:50:19,False,,True,False,737.31,77,669780445,train,1
669780385,737.36,32,11:50:20,False,,True,False,737.31,77,669780445,train,1
669780386,737.36,32,11:50:21,False,,True,False,737.31,77,669780445,train,1
669780387,737.38,32,11:50:22,False,,True,False,737.31,77,669780445,train,1
669780388,737.33,32,11:50:23,False,,True,False,737.31,77,669780445,train,1
669780389,737.31,32,11:50:24,False,,True,False,737.31,77,669780445,train,1
669780390,737.42,32,11:50:25,False,,True,False,737.31,77,669780445,train,1
669780391,737.39,32,11:50:26,False,,True,False,737.31,77,669780445,train,1
669780392,737.41,32,11:50:27,False,,True,False,737.31,77,669780445,train,1
669780393,737.37,32,11:50:28,False,,True,False,737.31,77,669780445,train,1
669780394,737.34,32,11:50:29,False,,True,False,737.31,77,669780445,train,1
669780395,737.36,32,11:50:30,False,,True,False,737.31,77,669780445,train,1
669780396,737.39,32,11:50:31,False,,True,False,737.31,77,669780445,train,1
669780397,737.45,32,11:50:31,False,,True,True,737.31,77,669780445,train,1
669780398,737.4,32,11:50:32,False,,True,True,737.31,77,669780445,train,1
669780399,737.4,32,11:50:33,False,,True,True,737.31,77,669780445,train,1
669780400,737.4,32,11:50:34,False,,True,True,737.31,77,669780445,train,1
669780401,737.42,32,11:50:35,False,,True,True,737.31,77,669780445,train,1
669780402,737.43,32,11:50:36,False,,True,True,737.31,77,669780445,train,1
669780403,737.37,32,11:50:37,False,,True,True,737.31,77,669780445,train,1
669780404,737.35,32,11:50:38,False,,True,True,737.31,77,669780445,train,1
669780405,737.34,32,11:50:39,False,,True,True,737.32,77,669780445,train,1
669780406,737.36,32,11:50:40,False,,True,True,737.32,77,669780445,train,1
669780407,737.36,32,11:50:41,False,,True,True,737.32,77,669780445,train,1
669780408,737.38,32,11:50:42,False,,True,True,737.32,77,669780445,train,1
669780409,737.36,32,11:50:43,False,,True,True,737.32,77,669780445,train,1
669780410,737.35,32,11:50:44,False,,True,True,737.32,77,669780445,train,1
669780411,737.35,32,11:50:45,False,,True,True,737.32,77,669780445,train,1
669780412,737.32,32,11:50:46,False,,True,True,737.32,77,669780445,train,1
669780413,737.37,32,11:50:47,False,,True,True,737.32,77,669780445,train,1
669780414,737.37,32,11:50:48,False,,True,True,737.32,77,669780445,train,1
669780415,737.34,32,11:50:49,False,,True,True,737.32,77,669780445,train,1
669780416,737.41,32,11:50:50,False,,True,True,737.32,77,669780445,train,1
669780417,737.38,32,11:50:51,False,,True,True,737.32,77,669780445,train,1
669780418,737.38,32,11:50:52,False,,True,True,737.32,77,669780445,train,1
669780419,737.36,32,11:50:53,False,,True,True,737.32,77,669780445,train,1
669780420,737.35,32,11:50:54,False,,True,True,737.32,77,669780445,train,1
669780421,737.33,32,11:50:55,False,,True,True,737.32,77,669780445,train,1
669780422,737.35,32,11:50:56,False,,True,True,737.32,77,669780445,train,1
669780423,737.33,32,11:50:57,False,,True,True,737.32,77,669780445,train,1
669780424,737.28,32,11:50:58,False,,True,True,737.32,77,669780445,train,1
669780425,737.34,32,11:50:59,False,,True,True,737.32,77,669780445,train,1
669780426,737.32,32,11:51:00,False,,True,True,737.32,77,669780445,train,1
669780427,737.36,32,11:51:01,False,,True,True,737.32,77,669780445,train,1
669780428,737.29,32,11:51:02,False,,True,True,737.32,77,669780445,train,1
669780429,737.31,32,11:51:03,False,,True,True,737.32,77,669780445,train,1
669780430,737.24,32,11:51:04,False,,True,True,737.32,77,669780445,train,1
669780431,737.24,32,11:51:05,False,,True,True,737.32,77,669780445,train,1
669780432,737.17,32,11:51:06,False,,True,True,737.32,77,669780445,train,1
669784016,738.12,32,12:49:15,False,,False,False,738.14,78,-1,,0
669784017,738.16,32,12:49:16,False,,False,False,738.14,78,-1,,0
669784018,738.11,32,12:49:17,False,,False,False,738.14,78,-1,,0
669784019,738.13,32,12:49:17,False,,False,False,738.14,78,-1,,0
669784020,738.16,32,12:49:18,False,,False,False,738.14,78,-1,,0
669784021,738.18,32,12:49:19,False,,False,False,738.14,78,-1,,0
669784022,738.14,32,12:49:20,False,,False,False,738.14,78,-1,,0
669784023,738.16,32,12:49:21,False,,False,False,738.14,78,-1,,0
669784024,738.15,32,12:49:22,False,,False,False,738.14,78,-1,,0
669784025,738.13,32,12:49:23,False,,False,False,738.14,78,-1,,0
669784026,738.11,32,12:49:24,False,,False,False,738.14,78,-1,,0
669784027,738.13,32,12:49:25,False,,False,False,738.14,78,-1,,0
669784028,738.15,32,12:49:26,False,,False,False,738.14,78,-1,,0
669784029,738.18,32,12:49:27,False,,False,False,738.14,78,-1,,0
669784030,738.13,32,12:49:28,False,,False,False,738.14,78,-1,,0
669784031,738.15,32,12:49:29,False,,False,False,738.14,78,-1,,0
669784032,738.24,32,12:49:30,False,,False,False,738.14,78,-1,,0
669784033,738.15,32,12:49:31,False,,False,False,738.14,78,-1,,0
669784034,738.17,32,12:49:32,False,,False,False,738.14,78,-1,,0
669784035,738.15,32,12:49:33,False,,False,False,738.14,78,-1,,0
669784036,738.15,32,12:49:34,False,,False,False,738.14,78,-1,,0
669784037,738.15,32,12:49:35,False,,False,False,738.14,78,-1,,0
669784038,738.17,32,12:49:36,False,,False,False,738.14,78,-1,,0
669784039,738.12,32,12:49:37,False,,False,False,738.14,78,-1,,0
669784040,738.19,32,12:49:38,False,,False,False,738.14,78,-1,,0
669784041,738.16,32,12:49:39,False,,False,False,738.14,78,-1,,0
669784042,738.12,32,12:49:40,False,,False,False,738.14,78,-1,,0
669784043,738.16,32,12:49:41,False,,False,False,738.14,78,-1,,0
669784044,738.16,32,12:49:42,False,,False,False,738.14,78,-1,,0
669784045,738.16,32,12:49:43,False,,False,False,738.14,78,-1,,0
669784046,738.16,32,12:49:44,False,,False,False,738.14,78,-1,,0
669784047,738.09,32,12:49:45,False,,False,False,738.14,78,-1,,0
669784048,738.16,32,12:49:46,False,,False,False,738.14,78,-1,,0
669784049,738.2,32,12:49:47,False,,False,False,738.14,78,-1,,0
669784050,738.17,32,12:49:48,False,,False,False,738.14,78,-1,,0
669784051,738.18,32,12:49:49,False,,False,False,738.14,78,-1,,0
669784052,738.2,32,12:49:50,False,,False,False,738.14,78,-1,,0
669784053,738.18,32,12:49:51,False,,False,False,738.14,78,-1,,0
669784054,738.17,32,12:49:52,False,,False,False,738.14,78,-1,,0
669784055,738.17,32,12:49:53,False,,False,False,738.14,78,-1,,0
669784056,738.19,32,12:49:54,False,,False,False,738.14,78,-1,,0
669784057,738.24,32,12:49:54,False,,False,False,738.14,78,-1,,0
669784058,738.17,32,12:49:55,False,,False,False,738.14,78,-1,,0
669784059,738.17,32,12:49:56,False,,False,False,738.14,78,-1,,0
669784060,738.22,32,12:49:57,False,,False,False,738.14,78,-1,,0
669784061,738.21,32,12:49:58,False,,False,False,738.14,78,-1,,0
669784062,738.21,32,12:49:59,False,,False,False,738.14,78,-1,,0
669784063,738.21,32,12:50:00,False,,False,False,738.14,78,-1,,0
669784064,738.21,32,12:50:01,False,,False,False,738.14,78,-1,,0
669784065,738.19,32,12:50:02,False,,False,False,738.14,78,-1,,0
669784066,738.19,32,12:50:03,False,,False,False,738.14,78,-1,,0
669784067,738.19,32,12:50:04,False,,False,False,738.14,78,-1,,0
669784068,738.16,32,12:50:05,False,,False,False,738.14,78,-1,,0
669784069,738.19,32,12:50:06,False,,False,False,738.14,78,-1,,0
669784070,738.19,32,12:50:07,False,,False,False,738.14,78,-1,,0
669784071,738.18,32,12:50:08,False,,False,False,738.14,78,-1,,0
669784072,738.21,32,12:50:09,False,,False,False,738.14,78,-1,,0
669784073,738.2,32,12:50:10,False,,False,False,738.14,78,-1,,0
669784074,738.18,32,12:50:11,False,,False,False,738.14,78,-1,,0
669784075,738.14,32,12:50:12,False,,False,False,738.14,78,-1,,0
669787807,735.95,32,13:50:45,True,39.0,False,True,736.76,79,669787866,train,1
669787808,735.92,32,13:50:46,True,39.0,False,True,736.76,79,669787866,train,1
669787809,735.92,32,13:50:47,True,39.0,False,True,736.76,79,669787866,train,1
669787810,735.94,32,13:50:48,True,39.0,False,True,736.76,79,669787866,train,1
669787811,735.94,32,13:50:49,True,39.0,False,True,736.75,79,669787866,train,1
669787812,735.96,32,13:50:50,True,39.0,False,True,736.75,79,669787866,train,1
669787813,735.94,32,13:50:51,True,39.0,False,True,736.75,79,669787866,train,1
669787814,735.94,32,13:50:52,True,39.0,False,True,736.75,79,669787866,train,1
669787815,735.92,32,13:50:53,True,39.0,True,True,736.75,79,669787866,train,1
669787816,735.76,32,13:50:54,True,39.0,True,True,736.74,79,669787866,train,1
669787817,735.74,32,13:50:55,True,39.0,True,True,736.74,79,669787866,train,1
669787818,735.76,32,13:50:56,True,39.0,True,True,736.74,79,669787866,train,1
669787819,735.78,32,13:50:57,True,39.0,True,True,736.74,79,669787866,train,1
669787820,735.76,32,13:50:58,True,39.0,True,True,736.73,79,669787866,train,1
669787821,735.71,32,13:50:59,True,39.0,True,True,736.73,79,669787866,train,1
669787822,735.65,32,13:51:00,True,39.0,True,True,736.73,79,669787866,train,1
669787823,735.67,32,13:51:01,True,39.0,True,True,736.73,79,669787866,train,1
669787824,735.6,32,13:51:02,True,39.0,True,True,736.72,79,669787866,train,1
669787825,735.55,32,13:51:03,True,39.0,True,True,736.72,79,669787866,train,1
669787826,735.41,32,13:51:04,True,39.0,True,True,736.72,79,669787866,train,1
669787827,735.26,32,13:51:05,True,39.0,True,True,736.71,79,669787866,train,1
669787828,734.92,32,13:51:06,True,39.0,True,True,736.71,79,669787866,train,1
669787829,735.01,32,13:51:07,True,39.0,True,True,736.71,79,669787866,train,1
669787830,735.16,32,13:51:08,True,39.0,True,True,736.7,79,669787866,train,1
669787831,735.03,32,13:51:08,True,39.0,True,True,736.7,79,669787866,train,1
669787832,735.03,32,13:51:09,True,39.0,True,True,736.7,79,669787866,train,1
669787833,735.3,32,13:51:10,True,39.0,True,True,736.69,79,669787866,train,1
669787834,735.5,32,13:51:11,True,39.0,True,True,736.69,79,669787866,train,1
669787835,735.43,32,13:51:12,True,39.0,True,True,736.69,79,669787866,train,1
669787836,735.37,32,13:51:13,True,39.0,True,True,736.68,79,669787866,train,1
669787837,735.45,32,13:51:14,True,39.0,True,True,736.68,79,669787866,train,1
669787838,735.43,32,13:51:15,True,39.0,True,True,736.68,79,669787866,train,1
669787839,735.43,32,13:51:16,True,39.0,True,True,736.67,79,669787866,train,1
669787840,735.52,32,13:51:17,True,39.0,True,True,736.67,79,669787866,train,1
669787841,735.59,32,13:51:18,True,39.0,True,True,736.67,79,669787866,train,1
669787842,735.64,32,13:51:19,True,39.0,True,True,736.67,79,669787866,train,1
669787843,735.57,32,13:51:20,True,39.0,True,True,736.66,79,669787866,train,1
669787844,735.65,32,13:51:21,True,39.0,True,True,736.66,79,669787866,train,1
669787845,735.61,32,13:51:22,True,39.0,True,True,736.66,79,669787866,train,1
669787846,735.61,32,13:51:23,True,39.0,True,True,736.66,79,669787866,train,1
669787847,735.52,32,13:51:24,True,39.0,True,True,736.65,79,669787866,train,1
669787848,735.52,32,13:51:25,True,39.0,True,True,736.65,79,669787866,train,1
669787849,735.49,32,13:51:26,True,39.0,True,True,736.65,79,669787866,train,1
669787850,735.53,32,13:51:27,True,39.0,True,True,736.64,79,669787866,train,1
669787851,735.49,32,13:51:28,True,39.0,True,True,736.64,79,669787866,train,1
669787852,735.47,32,13:51:29,True,39.0,True,True,736.64,79,669787866,train,1
669787853,735.4,32,13:51:30,True,39.0,True,True,736.64,79,669787866,train,1
669787854,735.4,32,13:51:31,True,39.0,True,True,736.63,79,669787866,train,1
669787855,735.44,32,13:51:32,True,39.0,True,True,736.63,79,669787866,train,1
669787856,735.35,32,13:51:33,True,39.0,True,True,736.63,79,669787866,train,1
669787857,735.44,32,13:51:34,True,39.0,True,True,736.62,79,669787866,train,1
669787858,735.42,32,13:51:35,True,39.0,True,True,736.62,79,669787866,train,1
669787859,735.46,32,13:51:36,True,39.0,True,True,736.62,79,669787866,train,1
669787860,735.46,32,13:51:37,True,39.0,True,True,736.61,79,669787866,train,1
669787861,735.58,32,13:51:38,True,39.0,True,True,736.61,79,669787866,train,1
669787862,735.51,32,13:51:39,True,39.0,True,True,736.61,79,669787866,train,1
669787863,735.53,32,13:51:40,True,39.0,True,True,736.61,79,669787866,train,1
669787864,735.51,32,13:51:41,True,39.0,True,True,736.6,79,669787866,train,1
669787865,735.6,32,13:51:42,True,39.0,True,True,736.6,79,669787866,train,1
669787866,735.57,32,13:51:43,True,39.0,True,True,736.6,79,669787866,train,1
669787815,735.92,32,13:50:53,True,39.0,True,True,736.75,80,669787881,train,1
669787816,735.76,32,13:50:54,True,39.0,True,True,736.74,80,669787881,train,1
669787817,735.74,32,13:50:55,True,39.0,True,True,736.74,80,669787881,train,1
669787818,735.76,32,13:50:56,True,39.0,True,True,736.74,80,669787881,train,1
669787819,735.78,32,13:50:57,True,39.0,True,True,736.74,80,669787881,train,1
669787820,735.76,32,13:50:58,True,39.0,True,True,736.73,80,669787881,train,1
669787821,735.71,32,13:50:59,True,39.0,True,True,736.73,80,669787881,train,1
669787822,735.65,32,13:51:00,True,39.0,True,True,736.73,80,669787881,train,1
669787823,735.67,32,13:51:01,True,39.0,True,True,736.73,80,669787881,train,1
669787824,735.6,32,13:51:02,True,39.0,True,True,736.72,80,669787881,train,1
669787825,735.55,32,13:51:03,True,39.0,True,True,736.72,80,669787881,train,1
669787826,735.41,32,13:51:04,True,39.0,True,True,736.72,80,669787881,train,1
669787827,735.26,32,13:51:05,True,39.0,True,True,736.71,80,669787881,train,1
669787828,734.92,32,13:51:06,True,39.0,True,True,736.71,80,669787881,train,1
669787829,735.01,32,13:51:07,True,39.0,True,True,736.71,80,669787881,train,1
669787830,735.16,32,13:51:08,True,39.0,True,True,736.7,80,669787881,train,1
669787831,735.03,32,13:51:08,True,39.0,True,True,736.7,80,669787881,train,1
669787832,735.03,32,13:51:09,True,39.0,True,True,736.7,80,669787881,train,1
669787833,735.3,32,13:51:10,True,39.0,True,True,736.69,80,669787881,train,1
669787834,735.5,32,13:51:11,True,39.0,True,True,736.69,80,669787881,train,1
669787835,735.43,32,13:51:12,True,39.0,True,True,736.69,80,669787881,train,1
669787836,735.37,32,13:51:13,True,39.0,True,True,736.68,80,669787881,train,1
669787837,735.45,32,13:51:14,True,39.0,True,True,736.68,80,669787881,train,1
669787838,735.43,32,13:51:15,True,39.0,True,True,736.68,80,669787881,train,1
669787839,735.43,32,13:51:16,True,39.0,True,True,736.67,80,669787881,train,1
669787840,735.52,32,13:51:17,True,39.0,True,True,736.67,80,669787881,train,1
669787841,735.59,32,13:51:18,True,39.0,True,True,736.67,80,669787881,train,1
669787842,735.64,32,13:51:19,True,39.0,True,True,736.67,80,669787881,train,1
669787843,735.57,32,13:51:20,True,39.0,True,True,736.66,80,669787881,train,1
669787844,735.65,32,13:51:21,True,39.0,True,True,736.66,80,669787881,train,1
669787845,735.61,32,13:51:22,True,39.0,True,True,736.66,80,669787881,train,1
669787846,735.61,32,13:51:23,True,39.0,True,True,736.66,80,669787881,train,1
669787847,735.52,32,13:51:24,True,39.0,True,True,736.65,80,669787881,train,1
669787848,735.52,32,13:51:25,True,39.0,True,True,736.65,80,669787881,train,1
669787849,735.49,32,13:51:26,True,39.0,True,True,736.65,80,669787881,train,1
669787850,735.53,32,13:51:27,True,39.0,True,True,736.64,80,669787881,train,1
669787851,735.49,32,13:51:28,True,39.0,True,True,736.64,80,669787881,train,1
669787852,735.47,32,13:51:29,True,39.0,True,True,736.64,80,669787881,train,1
669787853,735.4,32,13:51:30,True,39.0,True,True,736.64,80,669787881,train,1
669787854,735.4,32,13:51:31,True,39.0,True,True,736.63,80,669787881,train,1
669787855,735.44,32,13:51:32,True,39.0,True,True,736.63,80,669787881,train,1
669787856,735.35,32,13:51:33,True,39.0,True,True,736.63,80,669787881,train,1
669787857,735.44,32,13:51:34,True,39.0,True,True,736.62,80,669787881,train,1
669787858,735.42,32,13:51:35,True,39.0,True,True,736.62,80,669787881,train,1
669787859,735.46,32,13:51:36,True,39.0,True,True,736.62,80,669787881,train,1
669787860,735.46,32,13:51:37,True,39.0,True,True,736.61,80,669787881,train,1
669787861,735.58,32,13:51:38,True,39.0,True,True,736.61,80,669787881,train,1
669787862,735.51,32,13:51:39,True,39.0,True,True,736.61,80,669787881,train,1
669787863,735.53,32,13:51:40,True,39.0,True,True,736.61,80,669787881,train,1
669787864,735.51,32,13:51:41,True,39.0,True,True,736.6,80,669787881,train,1
669787865,735.6,32,13:51:42,True,39.0,True,True,736.6,80,669787881,train,1
669787866,735.57,32,13:51:43,True,39.0,True,True,736.6,80,669787881,train,1
669787867,735.64,32,13:51:44,True,39.0,True,True,736.59,80,669787881,train,1
669787868,735.59,32,13:51:44,True,39.0,True,True,736.59,80,669787881,train,1
669787869,735.48,32,13:51:45,True,39.0,True,True,736.59,80,669787881,train,1
669787870,735.46,32,13:51:46,True,39.0,True,True,736.59,80,669787881,train,1
669787871,735.5,32,13:51:47,True,39.0,True,True,736.58,80,669787881,train,1
669787872,735.45,32,13:51:48,True,39.0,True,True,736.58,80,669787881,train,1
669787873,735.43,32,13:51:49,True,39.0,True,True,736.58,80,669787881,train,1
669787874,735.46,32,13:51:50,True,39.0,True,True,736.57,80,669787881,train,1
669805281,730.92,32,18:34:16,False,,False,False,730.43,81,-1,,0
669805282,730.9,32,18:34:17,False,,False,False,730.43,81,-1,,0
669805283,730.9,32,18:34:18,False,,False,False,730.43,81,-1,,0
669805284,730.92,32,18:34:19,False,,False,False,730.43,81,-1,,0
669805285,730.94,32,18:34:20,False,,False,False,730.43,81,-1,,0
669805286,730.94,32,18:34:21,False,,False,False,730.44,81,-1,,0
669805287,730.88,32,18:34:22,False,,False,False,730.44,81,-1,,0
669805288,730.91,32,18:34:23,False,,False,False,730.44,81,-1,,0
669805289,730.93,32,18:34:24,False,,False,False,730.44,81,-1,,0
669805290,730.93,32,18:34:25,False,,False,False,730.44,81,-1,,0
669805291,730.93,32,18:34:26,False,,False,False,730.44,81,-1,,0
669805292,730.93,32,18:34:27,False,,False,False,730.45,81,-1,,0
669805293,730.98,32,18:34:28,False,,False,False,730.45,81,-1,,0
669805294,730.93,32,18:34:29,False,,False,False,730.45,81,-1,,0
669805295,730.94,32,18:34:30,False,,False,False,730.45,81,-1,,0
669805296,731.01,32,18:34:31,False,,False,False,730.45,81,-1,,0
669805297,730.89,32,18:34:32,False,,False,False,730.46,81,-1,,0
669805298,730.99,32,18:34:33,False,,False,False,730.46,81,-1,,0
669805299,730.94,32,18:34:34,False,,False,False,730.46,81,-1,,0
669805300,730.94,32,18:34:35,False,,False,False,730.46,81,-1,,0
669805301,730.99,32,18:34:36,False,,False,False,730.46,81,-1,,0
669805302,730.97,32,18:34:36,False,,False,False,730.47,81,-1,,0
669805303,730.91,32,18:34:37,False,,False,False,730.47,81,-1,,0
669805304,730.99,32,18:34:38,False,,False,False,730.47,81,-1,,0
669805305,731.02,32,18:34:39,False,,False,False,730.47,81,-1,,0
669805306,730.98,32,18:34:40,False,,False,False,730.47,81,-1,,0
669805307,730.96,32,18:34:41,False,,False,False,730.48,81,-1,,0
669805308,731.07,32,18:34:42,False,,False,False,730.48,81,-1,,0
669805309,731.02,32,18:34:43,False,,False,False,730.48,81,-1,,0
669805310,731.01,32,18:34:44,False,,False,False,730.48,81,-1,,0
669805311,730.96,32,18:34:45,False,,False,False,730.48,81,-1,,0
669805312,731.02,32,18:34:46,False,,False,False,730.49,81,-1,,0
669805313,731.03,32,18:34:47,False,,False,False,730.49,81,-1,,0
669805314,731.01,32,18:34:48,False,,False,False,730.49,81,-1,,0
669805315,730.99,32,18:34:49,False,,False,False,730.49,81,-1,,0
669805316,731.04,32,18:34:50,False,,False,False,730.49,81,-1,,0
669805317,731.01,32,18:34:51,False,,False,False,730.5,81,-1,,0
669805318,730.99,32,18:34:52,False,,False,False,730.5,81,-1,,0
669805319,730.99,32,18:34:53,False,,False,False,730.5,81,-1,,0
669805320,730.99,32,18:34:54,False,,False,False,730.5,81,-1,,0
669805321,731.0,32,18:34:55,False,,False,False,730.5,81,-1,,0
669805322,730.97,32,18:34:56,False,,False,False,730.51,81,-1,,0
669805323,731.04,32,18:34:57,False,,False,False,730.51,81,-1,,0
669805324,731.05,32,18:34:58,False,,False,False,730.51,81,-1,,0
669805325,731.0,32,18:34:59,False,,False,False,730.51,81,-1,,0
669805326,730.99,32,18:35:00,False,,False,False,730.51,81,-1,,0
669805327,731.07,32,18:35:01,False,,False,False,730.51,81,-1,,0
669805328,731.05,32,18:35:02,False,,False,False,730.52,81,-1,,0
669805329,731.05,32,18:35:03,False,,False,False,730.52,81,-1,,0
669805330,731.12,32,18:35:04,False,,False,False,730.52,81,-1,,0
669805331,731.06,32,18:35:05,False,,False,False,730.52,81,-1,,0
669805332,731.1,32,18:35:06,False,,False,False,730.52,81,-1,,0
669805333,731.06,32,18:35:07,False,,False,False,730.53,81,-1,,0
669805334,731.06,32,18:35:08,False,,False,False,730.53,81,-1,,0
669805335,731.06,32,18:35:09,False,,False,False,730.53,81,-1,,0
669805336,731.09,32,18:35:10,False,,False,False,730.53,81,-1,,0
669805337,731.09,32,18:35:11,False,,False,False,730.53,81,-1,,0
669805338,731.07,32,18:35:12,False,,False,False,730.54,81,-1,,0
669805339,731.07,32,18:35:13,False,,False,False,730.54,81,-1,,0
669805340,731.09,32,18:35:13,False,,False,False,730.54,81,-1,,0
669809849,742.82,32,19:48:23,False,,False,False,742.49,82,-1,,0
669809850,742.89,32,19:48:24,False,,False,False,742.49,82,-1,,0
669809851,742.87,32,19:48:25,False,,False,False,742.49,82,-1,,0
669809852,742.84,32,19:48:26,False,,False,False,742.49,82,-1,,0
669809853,742.86,32,19:48:27,False,,False,False,742.49,82,-1,,0
669809854,742.86,32,19:48:28,False,,False,False,742.49,82,-1,,0
669809855,742.88,32,19:48:29,False,,False,False,742.5,82,-1,,0
669809856,742.88,32,19:48:30,False,,False,False,742.5,82,-1,,0
669809857,742.84,32,19:48:31,False,,False,False,742.5,82,-1,,0
669809858,742.83,32,19:48:32,False,,False,False,742.5,82,-1,,0
669809859,742.88,32,19:48:33,False,,False,False,742.5,82,-1,,0
669809860,742.85,32,19:48:34,False,,False,False,742.5,82,-1,,0
669809861,742.83,32,19:48:35,False,,False,False,742.5,82,-1,,0
669809862,742.85,32,19:48:36,False,,False,False,742.51,82,-1,,0
669809863,742.89,32,19:48:37,False,,False,False,742.51,82,-1,,0
669809864,742.85,32,19:48:38,False,,False,False,742.51,82,-1,,0
669809865,742.9,32,19:48:39,False,,False,False,742.51,82,-1,,0
669809866,742.92,32,19:48:40,False,,False,False,742.51,82,-1,,0
669809867,742.91,32,19:48:41,False,,False,False,742.51,82,-1,,0
669809868,742.89,32,19:48:41,False,,False,False,742.51,82,-1,,0
669809869,742.91,32,19:48:42,False,,False,False,742.52,82,-1,,0
669809870,742.87,32,19:48:43,False,,False,False,742.52,82,-1,,0
669809871,742.89,32,19:48:44,False,,False,False,742.52,82,-1,,0
669809872,742.91,32,19:48:45,False,,False,False,742.52,82,-1,,0
669809873,742.87,32,19:48:46,False,,False,False,742.52,82,-1,,0
669809874,742.91,32,19:48:47,False,,False,False,742.52,82,-1,,0
669809875,742.91,32,19:48:48,False,,False,False,742.52,82,-1,,0
669809876,742.9,32,19:48:49,False,,False,False,742.53,82,-1,,0
669809877,742.91,32,19:48:50,False,,False,False,742.53,82,-1,,0
669809878,742.88,32,19:48:51,False,,False,False,742.53,82,-1,,0
669809879,742.93,32,19:48:52,False,,False,False,742.53,82,-1,,0
669809880,742.9,32,19:48:53,False,,False,False,742.53,82,-1,,0
669809881,742.9,32,19:48:54,False,,False,False,742.53,82,-1,,0
669809882,742.9,32,19:48:55,False,,False,False,742.53,82,-1,,0
669809883,742.96,32,19:48:56,False,,False,False,742.54,82,-1,,0
669809884,742.9,32,19:48:57,False,,False,False,742.54,82,-1,,0
669809885,742.9,32,19:48:58,False,,False,False,742.54,82,-1,,0
669809886,742.92,32,19:48:59,False,,False,False,742.54,82,-1,,0
669809887,742.92,32,19:49:00,False,,False,False,742.54,82,-1,,0
669809888,742.94,32,19:49:01,False,,False,False,742.54,82,-1,,0
669809889,742.87,32,19:49:02,False,,False,False,742.54,82,-1,,0
669809890,742.89,32,19:49:03,False,,False,False,742.54,82,-1,,0
669809891,742.91,32,19:49:04,False,,False,False,742.55,82,-1,,0
669809892,742.91,32,19:49:05,False,,False,False,742.55,82,-1,,0
669809893,742.87,32,19:49:06,False,,False,False,742.55,82,-1,,0
669809894,742.93,32,19:49:07,False,,False,False,742.55,82,-1,,0
669809895,742.87,32,19:49:08,False,,False,False,742.55,82,-1,,0
669809896,742.91,32,19:49:09,False,,False,False,742.55,82,-1,,0
669809897,742.87,32,19:49:10,False,,False,False,742.55,82,-1,,0
669809898,742.93,32,19:49:11,False,,False,False,742.56,82,-1,,0
669809899,742.88,32,19:49:12,False,,False,False,742.56,82,-1,,0
669809900,742.9,32,19:49:13,False,,False,False,742.56,82,-1,,0
669809901,742.86,32,19:49:14,False,,False,False,742.56,82,-1,,0
669809902,742.9,32,19:49:15,False,,False,False,742.56,82,-1,,0
669809903,742.88,32,19:49:16,False,,False,False,742.56,82,-1,,0
669809904,742.9,32,19:49:17,False,,False,False,742.56,82,-1,,0
669809905,742.92,32,19:49:18,False,,False,False,742.56,82,-1,,0
669809906,742.92,32,19:49:18,False,,False,False,742.57,82,-1,,0
669809907,742.92,32,19:49:19,False,,False,False,742.57,82,-1,,0
669809908,742.88,32,19:49:20,False,,False,False,742.57,82,-1,,0
669810586,743.76,32,20:00:20,False,,False,False,743.55,83,-1,,0
669810587,743.74,32,20:00:21,False,,False,False,743.55,83,-1,,0
669810588,743.74,32,20:00:22,False,,False,False,743.56,83,-1,,0
669810589,743.78,32,20:00:23,False,,False,False,743.56,83,-1,,0
669810590,743.8,32,20:00:24,False,,False,False,743.56,83,-1,,0
669810591,743.73,32,20:00:25,False,,False,False,743.56,83,-1,,0
669810592,743.76,32,20:00:26,False,,False,False,743.56,83,-1,,0
669810593,743.8,32,20:00:27,False,,False,False,743.56,83,-1,,0
669810594,743.76,32,20:00:28,False,,False,False,743.56,83,-1,,0
669810595,743.76,32,20:00:29,False,,False,False,743.56,83,-1,,0
669810596,743.8,32,20:00:30,False,,False,False,743.56,83,-1,,0
669810597,743.76,32,20:00:31,False,,False,False,743.57,83,-1,,0
669810598,743.74,32,20:00:32,False,,False,False,743.57,83,-1,,0
669810599,743.76,32,20:00:33,False,,False,False,743.57,83,-1,,0
669810600,743.74,32,20:00:34,False,,False,False,743.57,83,-1,,0
669810601,743.74,32,20:00:35,False,,False,False,743.57,83,-1,,0
669810602,743.73,32,20:00:36,False,,False,False,743.57,83,-1,,0
669810603,743.75,32,20:00:37,False,,False,False,743.57,83,-1,,0
669810604,743.76,32,20:00:38,False,,False,False,743.57,83,-1,,0
669810605,743.77,32,20:00:39,False,,False,False,743.57,83,-1,,0
669810606,743.76,32,20:00:40,False,,False,False,743.57,83,-1,,0
669810607,743.78,32,20:00:41,False,,False,False,743.58,83,-1,,0
669810608,743.77,32,20:00:42,False,,False,False,743.58,83,-1,,0
669810609,743.78,32,20:00:43,False,,False,False,743.58,83,-1,,0
669810610,743.76,32,20:00:44,False,,False,False,743.58,83,-1,,0
669810611,743.75,32,20:00:45,False,,False,False,743.58,83,-1,,0
669810612,743.78,32,20:00:46,False,,False,False,743.58,83,-1,,0
669810613,743.78,32,20:00:47,False,,False,False,743.58,83,-1,,0
669810614,743.74,32,20:00:48,False,,False,False,743.58,83,-1,,0
669810615,743.76,32,20:00:49,False,,False,False,743.58,83,-1,,0
669810616,743.78,32,20:00:50,False,,False,False,743.59,83,-1,,0
669810617,743.8,32,20:00:51,False,,False,False,743.59,83,-1,,0
669810618,743.75,32,20:00:52,False,,False,False,743.59,83,-1,,0
669810619,743.73,32,20:00:53,False,,False,False,743.59,83,-1,,0
669810620,743.74,32,20:00:54,False,,False,False,743.59,83,-1,,0
669810621,743.82,32,20:00:55,False,,False,False,743.59,83,-1,,0
669810622,743.73,32,20:00:56,False,,False,False,743.59,83,-1,,0
669810623,743.73,32,20:00:56,False,,False,False,743.59,83,-1,,0
669810624,743.8,32,20:00:57,False,,False,False,743.59,83,-1,,0
669810625,743.75,32,20:00:58,False,,False,False,743.6,83,-1,,0
669810626,743.82,32,20:00:59,False,,False,False,743.6,83,-1,,0
669810627,743.75,32,20:01:00,False,,False,False,743.6,83,-1,,0
669810628,743.75,32,20:01:01,False,,False,False,743.6,83,-1,,0
669810629,743.75,32,20:01:02,False,,False,False,743.6,83,-1,,0
669810630,743.75,32,20:01:03,False,,False,False,743.6,83,-1,,0
669810631,743.77,32,20:01:04,False,,False,False,743.6,83,-1,,0
669810632,743.77,32,20:01:05,False,,False,False,743.6,83,-1,,0
669810633,743.75,32,20:01:06,False,,False,False,743.6,83,-1,,0
669810634,743.75,32,20:01:07,False,,False,False,743.6,83,-1,,0
669810635,743.83,32,20:01:08,False,,False,False,743.61,83,-1,,0
669810636,743.79,32,20:01:09,False,,False,False,743.61,83,-1,,0
669810637,743.73,32,20:01:10,False,,False,False,743.61,83,-1,,0
669810638,743.8,32,20:01:11,False,,False,False,743.61,83,-1,,0
669810639,743.8,32,20:01:12,False,,False,False,743.61,83,-1,,0
669810640,743.8,32,20:01:13,False,,False,False,743.61,83,-1,,0
669810641,743.77,32,20:01:14,False,,False,False,743.61,83,-1,,0
669810642,743.77,32,20:01:15,False,,False,False,743.61,83,-1,,0
669810643,743.82,32,20:01:16,False,,False,False,743.61,83,-1,,0
669810644,743.73,32,20:01:17,False,,False,False,743.61,83,-1,,0
669810645,743.79,32,20:01:18,False,,False,False,743.62,83,-1,,0
669825252,744.57,32,23:58:18,False,,False,False,744.02,84,-1,,0
669825253,744.57,32,23:58:19,False,,False,False,744.02,84,-1,,0
669825254,744.59,32,23:58:20,False,,False,False,744.02,84,-1,,0
669825255,744.57,32,23:58:21,False,,False,False,744.03,84,-1,,0
669825256,744.57,32,23:58:22,False,,False,False,744.03,84,-1,,0
669825257,744.61,32,23:58:23,False,,False,False,744.03,84,-1,,0
669825258,744.61,32,23:58:24,False,,False,False,744.03,84,-1,,0
669825259,744.59,32,23:58:25,False,,False,False,744.04,84,-1,,0
669825260,744.65,32,23:58:26,False,,False,False,744.04,84,-1,,0
669825261,744.59,32,23:58:27,False,,False,False,744.04,84,-1,,0
669825262,744.58,32,23:58:28,False,,False,False,744.05,84,-1,,0
669825263,744.65,32,23:58:29,False,,False,False,744.05,84,-1,,0
669825264,744.61,32,23:58:30,False,,False,False,744.05,84,-1,,0
669825265,744.67,32,23:58:30,False,,False,False,744.05,84,-1,,0
669825266,744.6,32,23:58:31,False,,False,False,744.06,84,-1,,0
669825267,744.6,32,23:58:32,False,,False,False,744.06,84,-1,,0
669825268,744.6,32,23:58:33,False,,False,False,744.06,84,-1,,0
669825269,744.6,32,23:58:34,False,,False,False,744.06,84,-1,,0
669825270,744.66,32,23:58:35,False,,False,False,744.07,84,-1,,0
669825271,744.6,32,23:58:36,False,,False,False,744.07,84,-1,,0
669825272,744.6,32,23:58:37,False,,False,False,744.07,84,-1,,0
669825273,744.62,32,23:58:38,False,,False,False,744.08,84,-1,,0
669825274,744.59,32,23:58:39,False,,False,False,744.08,84,-1,,0
669825275,744.59,32,23:58:40,False,,False,False,744.08,84,-1,,0
669825276,744.68,32,23:58:41,False,,False,False,744.08,84,-1,,0
669825277,744.64,32,23:58:42,False,,False,False,744.09,84,-1,,0
669825278,744.68,32,23:58:43,False,,False,False,744.09,84,-1,,0
669825279,744.66,32,23:58:44,False,,False,False,744.09,84,-1,,0
669825280,744.65,32,23:58:45,False,,False,False,744.09,84,-1,,0
669825281,744.7,32,23:58:46,False,,False,False,744.1,84,-1,,0
669825282,744.61,32,23:58:47,False,,False,False,744.1,84,-1,,0
669825283,744.67,32,23:58:48,False,,False,False,744.1,84,-1,,0
669825284,744.67,32,23:58:49,False,,False,False,744.11,84,-1,,0
669825285,744.69,32,23:58:50,False,,False,False,744.11,84,-1,,0
669825286,744.65,32,23:58:51,False,,False,False,744.11,84,-1,,0
669825287,744.65,32,23:58:52,False,,False,False,744.11,84,-1,,0
669825288,744.67,32,23:58:53,False,,False,False,744.12,84,-1,,0
669825289,744.65,32,23:58:54,False,,False,False,744.12,84,-1,,0
669825290,744.64,32,23:58:55,False,,False,False,744.12,84,-1,,0
669825291,744.64,32,23:58:56,False,,False,False,744.12,84,-1,,0
669825292,744.62,32,23:58:57,False,,False,False,744.13,84,-1,,0
669825293,744.6,32,23:58:58,False,,False,False,744.13,84,-1,,0
669825294,744.64,32,23:58:59,False,,False,False,744.13,84,-1,,0
669825295,744.6,32,23:59:00,False,,False,False,744.13,84,-1,,0
669825296,744.57,32,23:59:01,False,,False,False,744.14,84,-1,,0
669825297,744.62,32,23:59:02,False,,False,False,744.14,84,-1,,0
669825298,744.57,32,23:59:03,False,,False,False,744.14,84,-1,,0
669825299,744.64,32,23:59:04,False,,False,False,744.14,84,-1,,0
669825300,744.63,32,23:59:05,False,,False,False,744.15,84,-1,,0
669825301,744.59,32,23:59:06,False,,False,False,744.15,84,-1,,0
669825302,744.61,32,23:59:06,False,,False,False,744.15,84,-1,,0
669825303,744.68,32,23:59:07,False,,False,False,744.15,84,-1,,0
669825304,744.68,32,23:59:08,False,,False,False,744.16,84,-1,,0
669825305,744.61,32,23:59:09,False,,False,False,744.16,84,-1,,0
669825306,744.63,32,23:59:10,False,,False,False,744.16,84,-1,,0
669825307,744.67,32,23:59:11,False,,False,False,744.16,84,-1,,0
669825308,744.65,32,23:59:12,False,,False,False,744.16,84,-1,,0
669825309,744.65,32,23:59:13,False,,False,False,744.17,84,-1,,0
669825310,744.65,32,23:59:14,False,,False,False,744.17,84,-1,,0
669825311,744.65,32,23:59:15,False,,False,False,744.17,84,-1,,0
669828021,747.65,33,0:43:13,False,,False,False,747.53,85,-1,,0
669828022,747.63,33,0:43:14,False,,False,False,747.53,85,-1,,0
669828023,747.63,33,0:43:15,False,,False,False,747.53,85,-1,,0
669828024,747.67,33,0:43:16,False,,False,False,747.53,85,-1,,0
669828025,747.65,33,0:43:17,False,,False,False,747.53,85,-1,,0
669828026,747.65,33,0:43:18,False,,False,False,747.53,85,-1,,0
669828027,747.67,33,0:43:19,False,,False,False,747.53,85,-1,,0
669828028,747.67,33,0:43:20,False,,False,False,747.53,85,-1,,0
669828029,747.67,33,0:43:21,False,,False,False,747.53,85,-1,,0
669828030,747.65,33,0:43:22,False,,False,False,747.53,85,-1,,0
669828031,747.63,33,0:43:23,False,,False,False,747.53,85,-1,,0
669828032,747.67,33,0:43:24,False,,False,False,747.53,85,-1,,0
669828033,747.67,33,0:43:25,False,,False,False,747.54,85,-1,,0
669828034,747.67,33,0:43:26,False,,False,False,747.54,85,-1,,0
669828035,747.65,33,0:43:27,False,,False,False,747.54,85,-1,,0
669828036,747.63,33,0:43:28,False,,False,False,747.54,85,-1,,0
669828037,747.65,33,0:43:29,False,,False,False,747.54,85,-1,,0
669828038,747.63,33,0:43:30,False,,False,False,747.54,85,-1,,0
669828039,747.63,33,0:43:31,False,,False,False,747.54,85,-1,,0
669828040,747.69,33,0:43:32,False,,False,False,747.54,85,-1,,0
669828041,747.65,33,0:43:33,False,,False,False,747.54,85,-1,,0
669828042,747.67,33,0:43:34,False,,False,False,747.54,85,-1,,0
669828043,747.63,33,0:43:35,False,,False,False,747.54,85,-1,,0
669828044,747.65,33,0:43:36,False,,False,False,747.54,85,-1,,0
669828045,747.6,33,0:43:37,False,,False,False,747.54,85,-1,,0
669828046,747.67,33,0:43:38,False,,False,False,747.54,85,-1,,0
669828047,747.67,33,0:43:39,False,,False,False,747.54,85,-1,,0
669828048,747.65,33,0:43:40,False,,False,False,747.54,85,-1,,0
669828049,747.63,33,0:43:41,False,,False,False,747.54,85,-1,,0
669828050,747.65,33,0:43:42,False,,False,False,747.54,85,-1,,0
669828051,747.65,33,0:43:43,False,,False,False,747.54,85,-1,,0
669828052,747.69,33,0:43:44,False,,False,False,747.54,85,-1,,0
669828053,747.63,33,0:43:45,False,,False,False,747.54,85,-1,,0
669828054,747.65,33,0:43:46,False,,False,False,747.54,85,-1,,0
669828055,747.65,33,0:43:47,False,,False,False,747.55,85,-1,,0
669828056,747.65,33,0:43:48,False,,False,False,747.55,85,-1,,0
669828057,747.63,33,0:43:48,False,,False,False,747.55,85,-1,,0
669828058,747.65,33,0:43:49,False,,False,False,747.55,85,-1,,0
669828059,747.65,33,0:43:50,False,,False,False,747.55,85,-1,,0
669828060,747.7,33,0:43:51,False,,False,False,747.55,85,-1,,0
669828061,747.65,33,0:43:52,False,,False,False,747.55,85,-1,,0
669828062,747.69,33,0:43:53,False,,False,False,747.55,85,-1,,0
669828063,747.69,33,0:43:54,False,,False,False,747.55,85,-1,,0
669828064,747.65,33,0:43:55,False,,False,False,747.55,85,-1,,0
669828065,747.63,33,0:43:56,False,,False,False,747.55,85,-1,,0
669828066,747.67,33,0:43:57,False,,False,False,747.55,85,-1,,0
669828067,747.67,33,0:43:58,False,,False,False,747.55,85,-1,,0
669828068,747.65,33,0:43:59,False,,False,False,747.55,85,-1,,0
669828069,747.63,33,0:44:00,False,,False,False,747.55,85,-1,,0
669828070,747.65,33,0:44:01,False,,False,False,747.55,85,-1,,0
669828071,747.65,33,0:44:02,False,,False,False,747.55,85,-1,,0
669828072,747.65,33,0:44:03,False,,False,False,747.55,85,-1,,0
669828073,747.69,33,0:44:04,False,,False,False,747.55,85,-1,,0
669828074,747.63,33,0:44:05,False,,False,False,747.55,85,-1,,0
669828075,747.63,33,0:44:06,False,,False,False,747.55,85,-1,,0
669828076,747.63,33,0:44:07,False,,False,False,747.55,85,-1,,0
669828077,747.69,33,0:44:08,False,,False,False,747.55,85,-1,,0
669828078,747.63,33,0:44:09,False,,False,False,747.55,85,-1,,0
669828079,747.63,33,0:44:10,False,,False,False,747.56,85,-1,,0
669828080,747.63,33,0:44:11,False,,False,False,747.56,85,-1,,0
669829967,747.49,33,1:14:48,False,,False,False,747.5,86,-1,,0
669829968,747.54,33,1:14:49,False,,False,False,747.5,86,-1,,0
669829969,747.53,33,1:14:50,False,,False,False,747.5,86,-1,,0
669829970,747.47,33,1:14:51,False,,False,False,747.5,86,-1,,0
669829971,747.49,33,1:14:52,False,,False,False,747.5,86,-1,,0
669829972,747.47,33,1:14:53,False,,False,False,747.5,86,-1,,0
669829973,747.49,33,1:14:54,False,,False,False,747.5,86,-1,,0
669829974,747.45,33,1:14:55,False,,False,False,747.5,86,-1,,0
669829975,747.49,33,1:14:56,False,,False,False,747.5,86,-1,,0
669829976,747.47,33,1:14:57,False,,False,False,747.5,86,-1,,0
669829977,747.54,33,1:14:58,False,,False,False,747.5,86,-1,,0
669829978,747.47,33,1:14:59,False,,False,False,747.5,86,-1,,0
669829979,747.49,33,1:15:00,False,,False,False,747.5,86,-1,,0
669829980,747.53,33,1:15:01,False,,False,False,747.5,86,-1,,0
669829981,747.52,33,1:15:02,False,,False,False,747.5,86,-1,,0
669829982,747.51,33,1:15:02,False,,False,False,747.5,86,-1,,0
669829983,747.47,33,1:15:03,False,,False,False,747.5,86,-1,,0
669829984,747.47,33,1:15:04,False,,False,False,747.5,86,-1,,0
669829985,747.45,33,1:15:05,False,,False,False,747.5,86,-1,,0
669829986,747.51,33,1:15:06,False,,False,False,747.5,86,-1,,0
669829987,747.49,33,1:15:07,False,,False,False,747.5,86,-1,,0
669829988,747.52,33,1:15:08,False,,False,False,747.5,86,-1,,0
669829989,747.54,33,1:15:09,False,,False,False,747.5,86,-1,,0
669829990,747.45,33,1:15:10,False,,False,False,747.5,86,-1,,0
669829991,747.49,33,1:15:11,False,,False,False,747.5,86,-1,,0
669829992,747.47,33,1:15:12,False,,False,False,747.5,86,-1,,0
669829993,747.47,33,1:15:13,False,,False,False,747.5,86,-1,,0
669829994,747.49,33,1:15:14,False,,False,False,747.5,86,-1,,0
669829995,747.51,33,1:15:15,False,,False,False,747.5,86,-1,,0
669829996,747.49,33,1:15:16,False,,False,False,747.5,86,-1,,0
669829997,747.49,33,1:15:17,False,,False,False,747.5,86,-1,,0
669829998,747.49,33,1:15:18,False,,False,False,747.5,86,-1,,0
669829999,747.45,33,1:15:19,False,,False,False,747.5,86,-1,,0
669830000,747.47,33,1:15:20,False,,False,False,747.5,86,-1,,0
669830001,747.47,33,1:15:21,False,,False,False,747.5,86,-1,,0
669830002,747.47,33,1:15:22,False,,False,False,747.5,86,-1,,0
669830003,747.47,33,1:15:23,False,,False,False,747.5,86,-1,,0
669830004,747.52,33,1:15:24,False,,False,False,747.5,86,-1,,0
669830005,747.47,33,1:15:25,False,,False,False,747.5,86,-1,,0
669830006,747.43,33,1:15:26,False,,False,False,747.5,86,-1,,0
669830007,747.47,33,1:15:27,False,,False,False,747.5,86,-1,,0
669830008,747.45,33,1:15:28,False,,False,False,747.5,86,-1,,0
669830009,747.5,33,1:15:29,False,,False,False,747.5,86,-1,,0
669830010,747.52,33,1:15:30,False,,False,False,747.5,86,-1,,0
669830011,747.51,33,1:15:31,False,,False,False,747.5,86,-1,,0
669830012,747.5,33,1:15:32,False,,False,False,747.5,86,-1,,0
669830013,747.47,33,1:15:33,False,,False,False,747.5,86,-1,,0
669830014,747.47,33,1:15:34,False,,False,False,747.5,86,-1,,0
669830015,747.54,33,1:15:35,False,,False,False,747.5,86,-1,,0
669830016,747.43,33,1:15:36,False,,False,False,747.5,86,-1,,0
669830017,747.52,33,1:15:37,False,,False,False,747.5,86,-1,,0
669830018,747.5,33,1:15:38,False,,False,False,747.5,86,-1,,0
669830019,747.52,33,1:15:38,False,,False,False,747.5,86,-1,,0
669830020,747.5,33,1:15:39,False,,False,False,747.5,86,-1,,0
669830021,747.45,33,1:15:40,False,,False,False,747.5,86,-1,,0
669830022,747.49,33,1:15:41,False,,False,False,747.5,86,-1,,0
669830023,747.52,33,1:15:42,False,,False,False,747.5,86,-1,,0
669830024,747.52,33,1:15:43,False,,False,False,747.5,86,-1,,0
669830025,747.47,33,1:15:44,False,,False,False,747.5,86,-1,,0
669830026,747.45,33,1:15:45,False,,False,False,747.5,86,-1,,0
669837102,744.62,33,3:10:34,False,,False,False,744.63,87,-1,,0
669837103,744.64,33,3:10:35,False,,False,False,744.63,87,-1,,0
669837104,744.6,33,3:10:36,False,,False,False,744.63,87,-1,,0
669837105,744.61,33,3:10:37,False,,False,False,744.63,87,-1,,0
669837106,744.62,33,3:10:38,False,,False,False,744.63,87,-1,,0
669837107,744.63,33,3:10:39,False,,False,False,744.63,87,-1,,0
669837108,744.61,33,3:10:40,False,,False,False,744.63,87,-1,,0
669837109,744.59,33,3:10:41,False,,False,False,744.63,87,-1,,0
669837110,744.63,33,3:10:42,False,,False,False,744.63,87,-1,,0
669837111,744.63,33,3:10:43,False,,False,False,744.63,87,-1,,0
669837112,744.61,33,3:10:44,False,,False,False,744.63,87,-1,,0
669837113,744.61,33,3:10:45,False,,False,False,744.63,87,-1,,0
669837114,744.61,33,3:10:45,False,,False,False,744.63,87,-1,,0
669837115,744.58,33,3:10:46,False,,False,False,744.63,87,-1,,0
669837116,744.58,33,3:10:47,False,,False,False,744.63,87,-1,,0
669837117,744.61,33,3:10:48,False,,False,False,744.63,87,-1,,0
669837118,744.63,33,3:10:49,False,,False,False,744.63,87,-1,,0
669837119,744.56,33,3:10:50,False,,False,False,744.63,87,-1,,0
669837120,744.6,33,3:10:51,False,,False,False,744.63,87,-1,,0
669837121,744.6,33,3:10:52,False,,False,False,744.63,87,-1,,0
669837122,744.6,33,3:10:53,False,,False,False,744.63,87,-1,,0
669837123,744.54,33,3:10:54,False,,False,False,744.63,87,-1,,0
669837124,744.6,33,3:10:55,False,,False,False,744.63,87,-1,,0
669837125,744.58,33,3:10:56,False,,False,False,744.63,87,-1,,0
669837126,744.6,33,3:10:57,False,,False,False,744.63,87,-1,,0
669837127,744.57,33,3:10:58,False,,False,False,744.63,87,-1,,0
669837128,744.57,33,3:10:59,False,,False,False,744.63,87,-1,,0
669837129,744.62,33,3:11:00,False,,False,False,744.63,87,-1,,0
669837130,744.59,33,3:11:01,False,,False,False,744.63,87,-1,,0
669837131,744.59,33,3:11:02,False,,False,False,744.63,87,-1,,0
669837132,744.61,33,3:11:03,False,,False,False,744.63,87,-1,,0
669837133,744.57,33,3:11:04,False,,False,False,744.63,87,-1,,0
669837134,744.59,33,3:11:05,False,,False,False,744.63,87,-1,,0
669837135,744.61,33,3:11:06,False,,False,False,744.63,87,-1,,0
669837136,744.59,33,3:11:07,False,,False,False,744.63,87,-1,,0
669837137,744.61,33,3:11:08,False,,False,False,744.63,87,-1,,0
669837138,744.58,33,3:11:09,False,,False,False,744.63,87,-1,,0
669837139,744.56,33,3:11:10,False,,False,False,744.63,87,-1,,0
669837140,744.63,33,3:11:11,False,,False,False,744.63,87,-1,,0
669837141,744.58,33,3:11:12,False,,False,False,744.63,87,-1,,0
669837142,744.56,33,3:11:13,False,,False,False,744.63,87,-1,,0
669837143,744.58,33,3:11:14,False,,False,False,744.63,87,-1,,0
669837144,744.55,33,3:11:15,False,,False,False,744.63,87,-1,,0
669837145,744.6,33,3:11:16,False,,False,False,744.63,87,-1,,0
669837146,744.53,33,3:11:17,False,,False,False,744.63,87,-1,,0
669837147,744.6,33,3:11:18,False,,False,False,744.63,87,-1,,0
669837148,744.6,33,3:11:19,False,,False,False,744.63,87,-1,,0
669837149,744.62,33,3:11:20,False,,False,False,744.63,87,-1,,0
669837150,744.6,33,3:11:21,False,,False,False,744.63,87,-1,,0
669837151,744.55,33,3:11:22,False,,False,False,744.63,87,-1,,0
669837152,744.59,33,3:11:22,False,,False,False,744.63,87,-1,,0
669837153,744.55,33,3:11:23,False,,False,False,744.63,87,-1,,0
669837154,744.59,33,3:11:24,False,,False,False,744.63,87,-1,,0
669837155,744.61,33,3:11:25,False,,False,False,744.63,87,-1,,0
669837156,744.57,33,3:11:26,False,,False,False,744.63,87,-1,,0
669837157,744.59,33,3:11:27,False,,False,False,744.63,87,-1,,0
669837158,744.5,33,3:11:28,False,,False,False,744.63,87,-1,,0
669837159,744.52,33,3:11:29,False,,False,False,744.63,87,-1,,0
669837160,744.59,33,3:11:30,False,,False,False,744.63,87,-1,,0
669837161,744.59,33,3:11:31,False,,False,False,744.63,87,-1,,0
669870331,738.13,33,12:09:42,False,,True,False,738.18,88,669870405,train,1
669870332,738.12,33,12:09:43,False,,True,False,738.18,88,669870405,train,1
669870333,738.08,33,12:09:44,False,,True,False,738.18,88,669870405,train,1
669870334,738.12,33,12:09:45,False,,True,False,738.18,88,669870405,train,1
669870335,738.14,33,12:09:46,False,,True,False,738.18,88,669870405,train,1
669870336,738.14,33,12:09:47,False,,True,False,738.18,88,669870405,train,1
669870337,738.08,33,12:09:48,False,,True,False,738.18,88,669870405,train,1
669870338,738.07,33,12:09:49,False,,True,False,738.18,88,669870405,train,1
669870339,738.05,33,12:09:50,False,,True,False,738.18,88,669870405,train,1
669870340,738.07,33,12:09:51,False,,True,False,738.18,88,669870405,train,1
669870341,738.02,33,12:09:52,False,,True,False,738.18,88,669870405,train,1
669870342,738.13,33,12:09:53,False,,True,False,738.18,88,669870405,train,1
669870343,738.09,33,12:09:54,False,,True,False,738.18,88,669870405,train,1
669870344,738.09,33,12:09:55,False,,True,False,738.18,88,669870405,train,1
669870345,738.09,33,12:09:56,False,,True,False,738.18,88,669870405,train,1
669870346,738.09,33,12:09:57,False,,True,False,738.18,88,669870405,train,1
669870347,738.11,33,12:09:58,False,,True,True,738.18,88,669870405,train,1
669870348,738.09,33,12:09:59,False,,True,True,738.18,88,669870405,train,1
669870349,738.11,33,12:10:00,False,,True,True,738.18,88,669870405,train,1
669870350,738.06,33,12:10:01,False,,True,True,738.18,88,669870405,train,1
669870351,738.02,33,12:10:02,False,,True,True,738.18,88,669870405,train,1
669870352,738.08,33,12:10:03,False,,True,True,738.17,88,669870405,train,1
669870353,738.02,33,12:10:04,False,,True,True,738.17,88,669870405,train,1
669870354,738.08,33,12:10:05,False,,True,True,738.17,88,669870405,train,1
669870355,738.01,33,12:10:06,False,,True,True,738.17,88,669870405,train,1
669870356,738.03,33,12:10:07,False,,True,True,738.17,88,669870405,train,1
669870357,738.01,33,12:10:08,False,,True,True,738.17,88,669870405,train,1
669870358,738.03,33,12:10:09,False,,True,True,738.17,88,669870405,train,1
669870359,738.07,33,12:10:09,False,,True,True,738.17,88,669870405,train,1
669870360,738.07,33,12:10:10,False,,True,True,738.17,88,669870405,train,1
669870361,737.96,33,12:10:11,False,,True,True,738.17,88,669870405,train,1
669870362,738.01,33,12:10:12,False,,True,True,738.17,88,669870405,train,1
669870363,737.96,33,12:10:13,False,,True,True,738.17,88,669870405,train,1
669870364,738.05,33,12:10:14,False,,True,True,738.17,88,669870405,train,1
669870365,738.05,33,12:10:15,False,,True,True,738.17,88,669870405,train,1
669870366,738.02,33,12:10:16,False,,True,True,738.17,88,669870405,train,1
669870367,737.98,33,12:10:17,False,,True,True,738.17,88,669870405,train,1
669870368,737.98,33,12:10:18,False,,True,True,738.17,88,669870405,train,1
669870369,738.0,33,12:10:19,False,,True,True,738.17,88,669870405,train,1
669870370,737.95,33,12:10:20,False,,True,True,738.17,88,669870405,train,1
669870371,737.98,33,12:10:21,False,,True,True,738.17,88,669870405,train,1
669870372,738.0,33,12:10:22,False,,True,True,738.17,88,669870405,train,1
669870373,737.91,33,12:10:23,False,,True,True,738.16,88,669870405,train,1
669870374,737.91,33,12:10:24,False,,True,True,738.16,88,669870405,train,1
669870375,737.95,33,12:10:25,False,,True,True,738.16,88,669870405,train,1
669870376,737.95,33,12:10:26,False,,True,True,738.16,88,669870405,train,1
669870377,737.95,33,12:10:27,False,,True,True,738.16,88,669870405,train,1
669870378,737.94,33,12:10:28,False,,True,True,738.16,88,669870405,train,1
669870379,737.92,33,12:10:29,False,,True,True,738.16,88,669870405,train,1
669870380,737.88,33,12:10:30,False,,True,True,738.16,88,669870405,train,1
669870381,737.9,33,12:10:31,False,,True,True,738.16,88,669870405,train,1
669870382,737.87,33,12:10:32,False,,True,True,738.16,88,669870405,train,1
669870383,737.85,33,12:10:33,False,,True,True,738.16,88,669870405,train,1
669870384,737.83,33,12:10:34,False,,True,True,738.16,88,669870405,train,1
669870385,737.83,33,12:10:35,False,,True,True,738.16,88,669870405,train,1
669870386,737.71,33,12:10:36,False,,True,True,738.15,88,669870405,train,1
669870387,737.69,33,12:10:37,False,,True,True,738.15,88,669870405,train,1
669870388,737.69,33,12:10:38,False,,True,True,738.15,88,669870405,train,1
669870389,737.62,33,12:10:39,False,,True,True,738.15,88,669870405,train,1
669870390,737.57,33,12:10:40,False,,True,True,738.15,88,669870405,train,1
669873518,738.71,33,13:01:25,False,,True,False,738.84,89,669873580,train,1
669873519,738.73,33,13:01:26,False,,True,False,738.84,89,669873580,train,1
669873520,738.77,33,13:01:27,False,,True,False,738.84,89,669873580,train,1
669873521,738.82,33,13:01:28,False,,True,False,738.84,89,669873580,train,1
669873522,738.82,33,13:01:29,False,,True,False,738.84,89,669873580,train,1
669873523,738.77,33,13:01:30,False,,True,False,738.84,89,669873580,train,1
669873524,738.84,33,13:01:31,False,,True,False,738.84,89,669873580,train,1
669873525,738.84,33,13:01:32,False,,True,False,738.84,89,669873580,train,1
669873526,738.77,33,13:01:33,False,,True,False,738.84,89,669873580,train,1
669873527,738.77,33,13:01:34,False,,True,False,738.84,89,669873580,train,1
669873528,738.79,33,13:01:35,False,,True,False,738.84,89,669873580,train,1
669873529,738.79,33,13:01:35,False,,True,False,738.84,89,669873580,train,1
669873530,738.81,33,13:01:36,False,,True,False,738.84,89,669873580,train,1
669873531,738.79,33,13:01:37,False,,True,False,738.84,89,669873580,train,1
669873532,738.75,33,13:01:38,False,,True,False,738.84,89,669873580,train,1
669873533,738.83,33,13:01:39,False,,True,False,738.84,89,669873580,train,1
669873534,738.79,33,13:01:40,False,,True,False,738.84,89,669873580,train,1
669873535,738.79,33,13:01:41,False,,True,False,738.84,89,669873580,train,1
669873536,738.81,33,13:01:42,False,,True,False,738.84,89,669873580,train,1
669873537,738.79,33,13:01:43,False,,True,False,738.84,89,669873580,train,1
669873538,738.79,33,13:01:44,False,,True,False,738.84,89,669873580,train,1
669873539,738.87,33,13:01:45,False,,True,False,738.84,89,669873580,train,1
669873540,738.79,33,13:01:46,False,,True,False,738.83,89,669873580,train,1
669873541,738.81,33,13:01:47,False,,True,False,738.83,89,669873580,train,1
669873542,738.79,33,13:01:48,False,,True,False,738.83,89,669873580,train,1
669873543,738.79,33,13:01:49,False,,True,False,738.83,89,669873580,train,1
669873544,738.76,33,13:01:50,False,,True,False,738.83,89,669873580,train,1
669873545,738.81,33,13:01:51,False,,True,False,738.83,89,669873580,train,1
669873546,738.78,33,13:01:52,False,,True,False,738.83,89,669873580,train,1
669873547,738.76,33,13:01:53,False,,True,False,738.83,89,669873580,train,1
669873548,738.74,33,13:01:54,False,,True,False,738.83,89,669873580,train,1
669873549,738.8,33,13:01:55,False,,True,False,738.83,89,669873580,train,1
669873550,738.78,33,13:01:56,False,,True,False,738.83,89,669873580,train,1
669873551,738.76,33,13:01:57,False,,True,False,738.83,89,669873580,train,1
669873552,738.8,33,13:01:58,False,,True,False,738.83,89,669873580,train,1
669873553,738.76,33,13:01:59,False,,True,False,738.83,89,669873580,train,1
669873554,738.73,33,13:02:00,False,,True,False,738.83,89,669873580,train,1
669873555,738.71,33,13:02:01,False,,True,False,738.83,89,669873580,train,1
669873556,738.73,33,13:02:02,False,,True,False,738.83,89,669873580,train,1
669873557,738.71,33,13:02:03,False,,True,False,738.83,89,669873580,train,1
669873558,738.82,33,13:02:04,False,,True,False,738.83,89,669873580,train,1
669873559,738.73,33,13:02:05,False,,True,False,738.83,89,669873580,train,1
669873560,738.73,33,13:02:06,False,,True,False,738.83,89,669873580,train,1
669873561,738.69,33,13:02:07,False,,True,False,738.83,89,669873580,train,1
669873562,738.73,33,13:02:08,False,,True,False,738.83,89,669873580,train,1
669873563,738.73,33,13:02:09,False,,True,False,738.83,89,669873580,train,1
669873564,738.76,33,13:02:10,False,,True,False,738.83,89,669873580,train,1
669873565,738.73,33,13:02:11,False,,True,False,738.83,89,669873580,train,1
669873566,738.82,33,13:02:12,False,,True,False,738.83,89,669873580,train,1
669873567,738.8,33,13:02:12,False,,True,False,738.83,89,669873580,train,1
669873568,738.73,33,13:02:13,False,,True,False,738.83,89,669873580,train,1
669873569,738.8,33,13:02:14,False,,True,False,738.82,89,669873580,train,1
669873570,738.79,33,13:02:15,False,,True,False,738.82,89,669873580,train,1
669873571,738.75,33,13:02:16,False,,True,False,738.82,89,669873580,train,1
669873572,738.82,33,13:02:17,False,,True,True,738.82,89,669873580,train,1
669873573,738.81,33,13:02:18,False,,True,True,738.82,89,669873580,train,1
669873574,738.79,33,13:02:19,False,,True,True,738.82,89,669873580,train,1
669873575,738.75,33,13:02:20,False,,True,True,738.82,89,669873580,train,1
669873576,738.61,33,13:02:21,False,,True,True,738.82,89,669873580,train,1
669873577,738.61,33,13:02:22,False,,True,True,738.82,89,669873580,train,1
669874289,738.48,33,13:13:55,False,,False,False,738.58,90,-1,,0
669874290,738.52,33,13:13:56,False,,False,False,738.58,90,-1,,0
669874291,738.52,33,13:13:57,False,,False,False,738.58,90,-1,,0
669874292,738.5,33,13:13:58,False,,False,False,738.58,90,-1,,0
669874293,738.52,33,13:13:59,False,,False,False,738.58,90,-1,,0
669874294,738.52,33,13:14:00,False,,False,False,738.58,90,-1,,0
669874295,738.56,33,13:14:01,False,,False,False,738.58,90,-1,,0
669874296,738.5,33,13:14:02,False,,False,False,738.58,90,-1,,0
669874297,738.59,33,13:14:03,False,,False,False,738.58,90,-1,,0
669874298,738.5,33,13:14:04,False,,False,False,738.58,90,-1,,0
669874299,738.56,33,13:14:05,False,,False,False,738.58,90,-1,,0
669874300,738.5,33,13:14:06,False,,False,False,738.58,90,-1,,0
669874301,738.47,33,13:14:07,False,,False,False,738.58,90,-1,,0
669874302,738.54,33,13:14:08,False,,False,False,738.58,90,-1,,0
669874303,738.5,33,13:14:09,False,,False,False,738.58,90,-1,,0
669874304,738.49,33,13:14:10,False,,False,False,738.58,90,-1,,0
669874305,738.56,33,13:14:11,False,,False,False,738.58,90,-1,,0
669874306,738.54,33,13:14:12,False,,False,False,738.58,90,-1,,0
669874307,738.47,33,13:14:13,False,,False,False,738.58,90,-1,,0
669874308,738.51,33,13:14:14,False,,False,False,738.58,90,-1,,0
669874309,738.54,33,13:14:15,False,,False,False,738.58,90,-1,,0
669874310,738.49,33,13:14:16,False,,False,False,738.58,90,-1,,0
669874311,738.54,33,13:14:17,False,,False,False,738.58,90,-1,,0
669874312,738.52,33,13:14:18,False,,False,False,738.58,90,-1,,0
669874313,738.47,33,13:14:19,False,,False,False,738.57,90,-1,,0
669874314,738.58,33,13:14:20,False,,False,False,738.57,90,-1,,0
669874315,738.54,33,13:14:21,False,,False,False,738.57,90,-1,,0
669874316,738.56,33,13:14:22,False,,False,False,738.57,90,-1,,0
669874317,738.56,33,13:14:23,False,,False,False,738.57,90,-1,,0
669874318,738.56,33,13:14:24,False,,False,False,738.57,90,-1,,0
669874319,738.51,33,13:14:25,False,,False,False,738.57,90,-1,,0
669874320,738.58,33,13:14:26,False,,False,False,738.57,90,-1,,0
669874321,738.56,33,13:14:27,False,,False,False,738.57,90,-1,,0
669874322,738.51,33,13:14:27,False,,False,False,738.57,90,-1,,0
669874323,738.53,33,13:14:28,False,,False,False,738.57,90,-1,,0
669874324,738.53,33,13:14:29,False,,False,False,738.57,90,-1,,0
669874325,738.51,33,13:14:30,False,,False,False,738.57,90,-1,,0
669874326,738.56,33,13:14:31,False,,False,False,738.57,90,-1,,0
669874327,738.49,33,13:14:32,False,,False,False,738.57,90,-1,,0
669874328,738.6,33,13:14:33,False,,False,False,738.57,90,-1,,0
669874329,738.55,33,13:14:34,False,,False,False,738.57,90,-1,,0
669874330,738.53,33,13:14:35,False,,False,False,738.57,90,-1,,0
669874331,738.55,33,13:14:36,False,,False,False,738.57,90,-1,,0
669874332,738.55,33,13:14:37,False,,False,False,738.57,90,-1,,0
669874333,738.57,33,13:14:38,False,,False,False,738.57,90,-1,,0
669874334,738.51,33,13:14:39,False,,False,False,738.57,90,-1,,0
669874335,738.55,33,13:14:40,False,,False,False,738.57,90,-1,,0
669874336,738.51,33,13:14:41,False,,False,False,738.57,90,-1,,0
669874337,738.55,33,13:14:42,False,,False,False,738.57,90,-1,,0
669874338,738.59,33,13:14:43,False,,False,False,738.57,90,-1,,0
669874339,738.57,33,13:14:44,False,,False,False,738.57,90,-1,,0
669874340,738.55,33,13:14:45,False,,False,False,738.57,90,-1,,0
669874341,738.55,33,13:14:46,False,,False,False,738.57,90,-1,,0
669874342,738.57,33,13:14:47,False,,False,False,738.57,90,-1,,0
669874343,738.59,33,13:14:48,False,,False,False,738.57,90,-1,,0
669874344,738.59,33,13:14:49,False,,False,False,738.57,90,-1,,0
669874345,738.57,33,13:14:50,False,,False,False,738.57,90,-1,,0
669874346,738.5,33,13:14:51,False,,False,False,738.57,90,-1,,0
669874347,738.61,33,13:14:52,False,,False,False,738.57,90,-1,,0
669874348,738.57,33,13:14:53,False,,False,False,738.57,90,-1,,0
669877302,735.9,33,14:02:49,False,,False,False,736.11,91,-1,,0
669877303,735.9,33,14:02:49,False,,False,False,736.11,91,-1,,0
669877304,735.95,33,14:02:50,False,,False,False,736.1,91,-1,,0
669877305,735.99,33,14:02:51,False,,False,False,736.1,91,-1,,0
669877306,735.94,33,14:02:52,False,,False,False,736.1,91,-1,,0
669877307,735.92,33,14:02:53,False,,False,False,736.1,91,-1,,0
669877308,735.97,33,14:02:54,False,,False,False,736.1,91,-1,,0
669877309,735.99,33,14:02:55,False,,False,False,736.1,91,-1,,0
669877310,735.94,33,14:02:56,False,,False,False,736.1,91,-1,,0
669877311,735.96,33,14:02:57,False,,False,False,736.1,91,-1,,0
669877312,735.98,33,14:02:58,False,,False,False,736.1,91,-1,,0
669877313,735.96,33,14:02:59,False,,False,False,736.1,91,-1,,0
669877314,735.94,33,14:03:00,False,,False,False,736.09,91,-1,,0
669877315,735.89,33,14:03:01,False,,False,False,736.09,91,-1,,0
669877316,735.98,33,14:03:02,False,,False,False,736.09,91,-1,,0
669877317,735.94,33,14:03:03,False,,False,False,736.09,91,-1,,0
669877318,735.98,33,14:03:04,False,,False,False,736.09,91,-1,,0
669877319,735.98,33,14:03:05,False,,False,False,736.09,91,-1,,0
669877320,735.93,33,14:03:06,False,,False,False,736.09,91,-1,,0
669877321,735.94,33,14:03:07,False,,False,False,736.09,91,-1,,0
669877322,735.98,33,14:03:08,False,,False,False,736.09,91,-1,,0
669877323,735.91,33,14:03:09,False,,False,False,736.09,91,-1,,0
669877324,735.88,33,14:03:10,False,,False,False,736.09,91,-1,,0
669877325,735.89,33,14:03:11,False,,False,False,736.09,91,-1,,0
669877326,735.93,33,14:03:12,False,,False,False,736.08,91,-1,,0
669877327,735.91,33,14:03:13,False,,False,False,736.08,91,-1,,0
669877328,735.91,33,14:03:14,False,,False,False,736.08,91,-1,,0
669877329,735.84,33,14:03:15,False,,False,False,736.08,91,-1,,0
669877330,735.84,33,14:03:16,False,,False,False,736.08,91,-1,,0
669877331,735.92,33,14:03:17,False,,False,False,736.08,91,-1,,0
669877332,735.88,33,14:03:18,False,,False,False,736.08,91,-1,,0
669877333,735.9,33,14:03:19,False,,False,False,736.08,91,-1,,0
669877334,735.88,33,14:03:20,False,,False,False,736.08,91,-1,,0
669877335,735.88,33,14:03:21,False,,False,False,736.08,91,-1,,0
669877336,735.9,33,14:03:22,False,,False,False,736.07,91,-1,,0
669877337,735.9,33,14:03:23,False,,False,False,736.07,91,-1,,0
669877338,735.83,33,14:03:24,False,,False,False,736.07,91,-1,,0
669877339,735.81,33,14:03:25,False,,False,False,736.07,91,-1,,0
669877340,735.81,33,14:03:26,False,,False,False,736.07,91,-1,,0
669877341,735.85,33,14:03:26,False,,False,False,736.07,91,-1,,0
669877342,735.83,33,14:03:27,False,,False,False,736.07,91,-1,,0
669877343,735.8,33,14:03:28,False,,False,False,736.07,91,-1,,0
669877344,735.89,33,14:03:29,False,,False,False,736.07,91,-1,,0
669877345,735.85,33,14:03:30,False,,False,False,736.07,91,-1,,0
669877346,735.87,33,14:03:31,False,,False,False,736.06,91,-1,,0
669877347,735.91,33,14:03:32,False,,False,False,736.06,91,-1,,0
669877348,735.87,33,14:03:33,False,,False,False,736.06,91,-1,,0
669877349,735.91,33,14:03:34,False,,False,False,736.06,91,-1,,0
669877350,735.84,33,14:03:35,False,,False,False,736.06,91,-1,,0
669877351,735.87,33,14:03:36,False,,False,False,736.06,91,-1,,0
669877352,735.84,33,14:03:37,False,,False,False,736.06,91,-1,,0
669877353,735.84,33,14:03:38,False,,False,False,736.06,91,-1,,0
669877354,735.91,33,14:03:39,False,,False,False,736.06,91,-1,,0
669877355,735.86,33,14:03:40,False,,False,False,736.06,91,-1,,0
669877356,735.91,33,14:03:41,False,,False,False,736.06,91,-1,,0
669877357,735.86,33,14:03:42,False,,False,False,736.06,91,-1,,0
669877358,735.91,33,14:03:43,False,,False,False,736.05,91,-1,,0
669877359,735.86,33,14:03:44,False,,False,False,736.05,91,-1,,0
669877360,735.88,33,14:03:45,False,,False,False,736.05,91,-1,,0
669877361,735.88,33,14:03:46,False,,False,False,736.05,91,-1,,0
669881970,731.64,33,15:18:33,False,,True,False,731.9,92,669882031,train,1
669881971,731.65,33,15:18:34,False,,True,False,731.9,92,669882031,train,1
669881972,731.57,33,15:18:35,False,,True,False,731.9,92,669882031,train,1
669881973,731.59,33,15:18:36,False,,True,False,731.9,92,669882031,train,1
669881974,731.66,33,15:18:37,False,,True,False,731.9,92,669882031,train,1
669881975,731.63,33,15:18:38,False,,True,False,731.9,92,669882031,train,1
669881976,731.63,33,15:18:39,False,,True,False,731.89,92,669882031,train,1
669881977,731.61,33,15:18:40,False,,True,False,731.89,92,669882031,train,1
669881978,731.59,33,15:18:41,False,,True,False,731.89,92,669882031,train,1
669881979,731.7,33,15:18:42,False,,True,False,731.89,92,669882031,train,1
669881980,731.65,33,15:18:43,False,,True,False,731.89,92,669882031,train,1
669881981,731.65,33,15:18:44,False,,True,False,731.89,92,669882031,train,1
669881982,731.63,33,15:18:44,False,,True,False,731.89,92,669882031,train,1
669881983,731.61,33,15:18:45,False,,True,False,731.89,92,669882031,train,1
669881984,731.65,33,15:18:46,False,,True,False,731.89,92,669882031,train,1
669881985,731.63,33,15:18:47,False,,True,False,731.89,92,669882031,train,1
669881986,731.62,33,15:18:48,False,,True,False,731.89,92,669882031,train,1
669881987,731.6,33,15:18:49,False,,True,False,731.89,92,669882031,train,1
669881988,731.6,33,15:18:50,False,,True,False,731.89,92,669882031,train,1
669881989,731.67,33,15:18:51,False,,True,False,731.89,92,669882031,train,1
669881990,731.62,33,15:18:52,False,,True,False,731.89,92,669882031,train,1
669881991,731.73,33,15:18:53,False,,True,False,731.89,92,669882031,train,1
669881992,731.69,33,15:18:54,False,,True,False,731.88,92,669882031,train,1
669881993,731.6,33,15:18:55,False,,True,False,731.88,92,669882031,train,1
669881994,731.6,33,15:18:56,False,,True,False,731.88,92,669882031,train,1
669881995,731.62,33,15:18:57,False,,True,False,731.88,92,669882031,train,1
669881996,731.57,33,15:18:58,False,,True,False,731.88,92,669882031,train,1
669881997,731.6,33,15:18:59,False,,True,False,731.88,92,669882031,train,1
669881998,731.62,33,15:19:00,False,,True,False,731.88,92,669882031,train,1
669881999,731.62,33,15:19:01,False,,True,False,731.88,92,669882031,train,1
669882000,731.66,33,15:19:02,False,,True,False,731.88,92,669882031,train,1
669882001,731.64,33,15:19:03,False,,True,False,731.88,92,669882031,train,1
669882002,731.6,33,15:19:04,False,,True,False,731.88,92,669882031,train,1
669882003,731.68,33,15:19:05,False,,True,False,731.88,92,669882031,train,1
669882004,731.68,33,15:19:06,False,,True,False,731.88,92,669882031,train,1
669882005,731.7,33,15:19:07,False,,True,False,731.88,92,669882031,train,1
669882006,731.66,33,15:19:08,False,,True,False,731.88,92,669882031,train,1
669882007,731.68,33,15:19:09,False,,True,False,731.88,92,669882031,train,1
669882008,731.66,33,15:19:10,False,,True,False,731.88,92,669882031,train,1
669882009,731.72,33,15:19:11,False,,True,False,731.87,92,669882031,train,1
669882010,731.7,33,15:19:12,False,,True,False,731.87,92,669882031,train,1
669882011,731.72,33,15:19:13,False,,True,False,731.87,92,669882031,train,1
669882012,731.72,33,15:19:14,False,,True,False,731.87,92,669882031,train,1
669882013,731.74,33,15:19:15,False,,True,False,731.87,92,669882031,train,1
669882014,731.72,33,15:19:16,False,,True,False,731.87,92,669882031,train,1
669882015,731.72,33,15:19:17,False,,True,False,731.87,92,669882031,train,1
669882016,731.72,33,15:19:18,False,,True,False,731.87,92,669882031,train,1
669882017,731.76,33,15:19:19,False,,True,False,731.87,92,669882031,train,1
669882018,731.7,33,15:19:20,False,,True,False,731.87,92,669882031,train,1
669882019,731.72,33,15:19:21,False,,True,False,731.87,92,669882031,train,1
669882020,731.69,33,15:19:21,False,,True,False,731.87,92,669882031,train,1
669882021,731.67,33,15:19:22,False,,True,False,731.87,92,669882031,train,1
669882022,731.67,33,15:19:23,False,,True,False,731.87,92,669882031,train,1
669882023,731.72,33,15:19:24,False,,True,False,731.87,92,669882031,train,1
669882024,731.6,33,15:19:25,False,,True,False,731.87,92,669882031,train,1
669882025,731.64,33,15:19:26,False,,True,True,731.87,92,669882031,train,1
669882026,731.53,33,15:19:27,False,,True,True,731.87,92,669882031,train,1
669882027,731.48,33,15:19:28,False,,True,True,731.86,92,669882031,train,1
669882028,731.39,33,15:19:29,False,,True,True,731.86,92,669882031,train,1
669882029,730.94,33,15:19:30,False,,True,True,731.86,92,669882031,train,1
669886800,730.61,33,16:36:55,False,,True,False,730.67,93,669886865,train,1
669886801,730.63,33,16:36:56,False,,True,False,730.67,93,669886865,train,1
669886802,730.57,33,16:36:57,False,,True,False,730.67,93,669886865,train,1
669886803,730.61,33,16:36:58,False,,True,False,730.67,93,669886865,train,1
669886804,730.64,33,16:36:59,False,,True,False,730.67,93,669886865,train,1
669886805,730.57,33,16:37:00,False,,True,False,730.67,93,669886865,train,1
669886806,730.61,33,16:37:01,False,,True,False,730.67,93,669886865,train,1
669886807,730.61,33,16:37:02,False,,True,False,730.67,93,669886865,train,1
669886808,730.52,33,16:37:03,False,,True,False,730.67,93,669886865,train,1
669886809,730.61,33,16:37:04,False,,True,False,730.67,93,669886865,train,1
669886810,730.62,33,16:37:05,False,,True,False,730.67,93,669886865,train,1
669886811,730.64,33,16:37:06,False,,True,False,730.67,93,669886865,train,1
669886812,730.63,33,16:37:06,False,,True,False,730.67,93,669886865,train,1
669886813,730.64,33,16:37:07,False,,True,False,730.67,93,669886865,train,1
669886814,730.66,33,16:37:08,False,,True,False,730.67,93,669886865,train,1
669886815,730.63,33,16:37:09,False,,True,False,730.67,93,669886865,train,1
669886816,730.62,33,16:37:10,False,,True,False,730.67,93,669886865,train,1
669886817,730.61,33,16:37:11,False,,True,False,730.67,93,669886865,train,1
669886818,730.59,33,16:37:12,False,,True,False,730.67,93,669886865,train,1
669886819,730.61,33,16:37:13,False,,True,False,730.67,93,669886865,train,1
669886820,730.57,33,16:37:14,False,,True,False,730.67,93,669886865,train,1
669886821,730.59,33,16:37:15,False,,True,False,730.67,93,669886865,train,1
669886822,730.63,33,16:37:16,False,,True,False,730.67,93,669886865,train,1
669886823,730.55,33,16:37:17,False,,True,False,730.66,93,669886865,train,1
669886824,730.55,33,16:37:18,False,,True,False,730.66,93,669886865,train,1
669886825,730.52,33,16:37:19,False,,True,False,730.66,93,669886865,train,1
669886826,730.57,33,16:37:20,False,,True,False,730.66,93,669886865,train,1
669886827,730.57,33,16:37:21,False,,True,False,730.66,93,669886865,train,1
669886828,730.5,33,16:37:22,False,,True,False,730.66,93,669886865,train,1
669886829,730.55,33,16:37:23,False,,True,False,730.66,93,669886865,train,1
669886830,730.59,33,16:37:24,False,,True,False,730.66,93,669886865,train,1
669886831,730.55,33,16:37:25,False,,True,False,730.66,93,669886865,train,1
669886832,730.55,33,16:37:26,False,,True,False,730.66,93,669886865,train,1
669886833,730.59,33,16:37:27,False,,True,False,730.66,93,669886865,train,1
669886834,730.59,33,16:37:28,False,,True,False,730.66,93,669886865,train,1
669886835,730.55,33,16:37:29,False,,True,False,730.66,93,669886865,train,1
669886836,730.54,33,16:37:30,False,,True,False,730.66,93,669886865,train,1
669886837,730.55,33,16:37:31,False,,True,False,730.66,93,669886865,train,1
669886838,730.48,33,16:37:32,False,,True,False,730.65,93,669886865,train,1
669886839,730.5,33,16:37:33,False,,True,False,730.65,93,669886865,train,1
669886840,730.52,33,16:37:34,False,,True,False,730.65,93,669886865,train,1
669886841,730.44,33,16:37:35,False,,True,False,730.65,93,669886865,train,1
669886842,730.46,33,16:37:36,False,,True,False,730.65,93,669886865,train,1
669886843,730.48,33,16:37:37,False,,True,True,730.65,93,669886865,train,1
669886844,730.48,33,16:37:38,False,,True,True,730.65,93,669886865,train,1
669886845,730.48,33,16:37:39,False,,True,True,730.65,93,669886865,train,1
669886846,730.53,33,16:37:40,False,,True,True,730.65,93,669886865,train,1
669886847,730.52,33,16:37:41,False,,True,True,730.65,93,669886865,train,1
669886848,730.54,33,16:37:42,False,,True,True,730.65,93,669886865,train,1
669886849,730.5,33,16:37:43,False,,True,True,730.64,93,669886865,train,1
669886850,730.44,33,16:37:43,False,,True,True,730.64,93,669886865,train,1
669886851,730.5,33,16:37:44,False,,True,True,730.64,93,669886865,train,1
669886852,730.5,33,16:37:45,False,,True,True,730.64,93,669886865,train,1
669886853,730.46,33,16:37:46,False,,True,True,730.64,93,669886865,train,1
669886854,730.46,33,16:37:47,False,,True,True,730.64,93,669886865,train,1
669886855,730.44,33,16:37:48,False,,True,True,730.64,93,669886865,train,1
669886856,730.46,33,16:37:49,False,,True,True,730.64,93,669886865,train,1
669886857,730.37,33,16:37:50,False,,True,True,730.64,93,669886865,train,1
669886858,730.41,33,16:37:51,False,,True,True,730.64,93,669886865,train,1
669886859,730.35,33,16:37:52,False,,True,True,730.63,93,669886865,train,1
669889972,730.16,33,17:28:23,False,,False,False,730.22,94,-1,,0
669889973,730.12,33,17:28:24,False,,False,False,730.22,94,-1,,0
669889974,730.1,33,17:28:25,False,,False,False,730.22,94,-1,,0
669889975,730.14,33,17:28:26,False,,False,False,730.21,94,-1,,0
669889976,730.13,33,17:28:27,False,,False,False,730.21,94,-1,,0
669889977,730.11,33,17:28:28,False,,False,False,730.21,94,-1,,0
669889978,730.08,33,17:28:29,False,,False,False,730.21,94,-1,,0
669889979,730.13,33,17:28:30,False,,False,False,730.21,94,-1,,0
669889980,730.13,33,17:28:31,False,,False,False,730.21,94,-1,,0
669889981,730.15,33,17:28:32,False,,False,False,730.21,94,-1,,0
669889982,730.15,33,17:28:32,False,,False,False,730.21,94,-1,,0
669889983,730.13,33,17:28:33,False,,False,False,730.21,94,-1,,0
669889984,730.22,33,17:28:34,False,,False,False,730.21,94,-1,,0
669889985,730.2,33,17:28:35,False,,False,False,730.21,94,-1,,0
669889986,730.18,33,17:28:36,False,,False,False,730.21,94,-1,,0
669889987,730.16,33,17:28:37,False,,False,False,730.21,94,-1,,0
669889988,730.12,33,17:28:38,False,,False,False,730.21,94,-1,,0
669889989,730.16,33,17:28:39,False,,False,False,730.21,94,-1,,0
669889990,730.1,33,17:28:40,False,,False,False,730.21,94,-1,,0
669889991,730.24,33,17:28:41,False,,False,False,730.21,94,-1,,0
669889992,730.15,33,17:28:42,False,,False,False,730.21,94,-1,,0
669889993,730.04,33,17:28:43,False,,False,False,730.21,94,-1,,0
669889994,730.09,33,17:28:44,False,,False,False,730.21,94,-1,,0
669889995,730.13,33,17:28:45,False,,False,False,730.21,94,-1,,0
669889996,730.13,33,17:28:46,False,,False,False,730.21,94,-1,,0
669889997,730.11,33,17:28:47,False,,False,False,730.21,94,-1,,0
669889998,730.02,33,17:28:48,False,,False,False,730.21,94,-1,,0
669889999,730.11,33,17:28:49,False,,False,False,730.21,94,-1,,0
669890000,730.09,33,17:28:50,False,,False,False,730.21,94,-1,,0
669890001,730.11,33,17:28:51,False,,False,False,730.21,94,-1,,0
669890002,730.18,33,17:28:52,False,,False,False,730.21,94,-1,,0
669890003,730.1,33,17:28:53,False,,False,False,730.2,94,-1,,0
669890004,730.12,33,17:28:54,False,,False,False,730.2,94,-1,,0
669890005,730.17,33,17:28:55,False,,False,False,730.2,94,-1,,0
669890006,730.17,33,17:28:56,False,,False,False,730.2,94,-1,,0
669890007,730.1,33,17:28:57,False,,False,False,730.2,94,-1,,0
669890008,730.13,33,17:28:58,False,,False,False,730.2,94,-1,,0
669890009,730.19,33,17:28:59,False,,False,False,730.2,94,-1,,0
669890010,730.13,33,17:29:00,False,,False,False,730.2,94,-1,,0
669890011,730.19,33,17:29:01,False,,False,False,730.2,94,-1,,0
669890012,730.11,33,17:29:02,False,,False,False,730.2,94,-1,,0
669890013,730.15,33,17:29:03,False,,False,False,730.2,94,-1,,0
669890014,730.05,33,17:29:04,False,,False,False,730.2,94,-1,,0
669890015,730.0,33,17:29:05,False,,False,False,730.2,94,-1,,0
669890016,730.12,33,17:29:06,False,,False,False,730.2,94,-1,,0
669890017,730.14,33,17:29:07,False,,False,False,730.2,94,-1,,0
669890018,730.1,33,17:29:08,False,,False,False,730.2,94,-1,,0
669890019,730.1,33,17:29:09,False,,False,False,730.2,94,-1,,0
669890020,730.12,33,17:29:09,False,,False,False,730.2,94,-1,,0
669890021,730.12,33,17:29:10,False,,False,False,730.2,94,-1,,0
669890022,730.08,33,17:29:11,False,,False,False,730.2,94,-1,,0
669890023,730.1,33,17:29:12,False,,False,False,730.2,94,-1,,0
669890024,730.06,33,17:29:13,False,,False,False,730.2,94,-1,,0
669890025,730.13,33,17:29:14,False,,False,False,730.2,94,-1,,0
669890026,730.13,33,17:29:15,False,,False,False,730.2,94,-1,,0
669890027,730.11,33,17:29:16,False,,False,False,730.2,94,-1,,0
669890028,730.11,33,17:29:17,False,,False,False,730.2,94,-1,,0
669890029,730.13,33,17:29:18,False,,False,False,730.2,94,-1,,0
669890030,730.11,33,17:29:19,False,,False,False,730.2,94,-1,,0
669890031,730.14,33,17:29:20,False,,False,False,730.2,94,-1,,0
669911819,741.27,33,23:22:51,False,,False,False,740.89,95,-1,,0
669911820,741.25,33,23:22:52,False,,False,False,740.89,95,-1,,0
669911821,741.23,33,23:22:53,False,,False,False,740.89,95,-1,,0
669911822,741.29,33,23:22:54,False,,False,False,740.89,95,-1,,0
669911823,741.31,33,23:22:55,False,,False,False,740.89,95,-1,,0
669911824,741.27,33,23:22:56,False,,False,False,740.9,95,-1,,0
669911825,741.25,33,23:22:57,False,,False,False,740.9,95,-1,,0
669911826,741.25,33,23:22:58,False,,False,False,740.9,95,-1,,0
669911827,741.27,33,23:22:59,False,,False,False,740.9,95,-1,,0
669911828,741.31,33,23:23:00,False,,False,False,740.9,95,-1,,0
669911829,741.32,33,23:23:01,False,,False,False,740.9,95,-1,,0
669911830,741.32,33,23:23:02,False,,False,False,740.9,95,-1,,0
669911831,741.34,33,23:23:03,False,,False,False,740.91,95,-1,,0
669911832,741.34,33,23:23:03,False,,False,False,740.91,95,-1,,0
669911833,741.34,33,23:23:04,False,,False,False,740.91,95,-1,,0
669911834,741.32,33,23:23:05,False,,False,False,740.91,95,-1,,0
669911835,741.36,33,23:23:06,False,,False,False,740.91,95,-1,,0
669911836,741.36,33,23:23:07,False,,False,False,740.91,95,-1,,0
669911837,741.34,33,23:23:08,False,,False,False,740.92,95,-1,,0
669911838,741.32,33,23:23:09,False,,False,False,740.92,95,-1,,0
669911839,741.34,33,23:23:10,False,,False,False,740.92,95,-1,,0
669911840,741.38,33,23:23:11,False,,False,False,740.92,95,-1,,0
669911841,741.39,33,23:23:12,False,,False,False,740.92,95,-1,,0
669911842,741.4,33,23:23:13,False,,False,False,740.92,95,-1,,0
669911843,741.34,33,23:23:14,False,,False,False,740.93,95,-1,,0
669911844,741.38,33,23:23:15,False,,False,False,740.93,95,-1,,0
669911845,741.39,33,23:23:16,False,,False,False,740.93,95,-1,,0
669911846,741.28,33,23:23:17,False,,False,False,740.93,95,-1,,0
669911847,741.39,33,23:23:18,False,,False,False,740.93,95,-1,,0
669911848,741.38,33,23:23:19,False,,False,False,740.93,95,-1,,0
669911849,741.37,33,23:23:20,False,,False,False,740.94,95,-1,,0
669911850,741.34,33,23:23:21,False,,False,False,740.94,95,-1,,0
669911851,741.37,33,23:23:22,False,,False,False,740.94,95,-1,,0
669911852,741.39,33,23:23:23,False,,False,False,740.94,95,-1,,0
669911853,741.32,33,23:23:24,False,,False,False,740.94,95,-1,,0
669911854,741.36,33,23:23:25,False,,False,False,740.94,95,-1,,0
669911855,741.34,33,23:23:26,False,,False,False,740.95,95,-1,,0
669911856,741.37,33,23:23:27,False,,False,False,740.95,95,-1,,0
669911857,741.37,33,23:23:28,False,,False,False,740.95,95,-1,,0
669911858,741.43,33,23:23:29,False,,False,False,740.95,95,-1,,0
669911859,741.39,33,23:23:30,False,,False,False,740.95,95,-1,,0
669911860,741.39,33,23:23:31,False,,False,False,740.95,95,-1,,0
669911861,741.39,33,23:23:32,False,,False,False,740.96,95,-1,,0
669911862,741.41,33,23:23:33,False,,False,False,740.96,95,-1,,0
669911863,741.41,33,23:23:34,False,,False,False,740.96,95,-1,,0
669911864,741.43,33,23:23:35,False,,False,False,740.96,95,-1,,0
669911865,741.35,33,23:23:36,False,,False,False,740.96,95,-1,,0
669911866,741.39,33,23:23:37,False,,False,False,740.96,95,-1,,0
669911867,741.35,33,23:23:38,False,,False,False,740.97,95,-1,,0
669911868,741.39,33,23:23:39,False,,False,False,740.97,95,-1,,0
669911869,741.34,33,23:23:39,False,,False,False,740.97,95,-1,,0
669911870,741.43,33,23:23:40,False,,False,False,740.97,95,-1,,0
669911871,741.39,33,23:23:41,False,,False,False,740.97,95,-1,,0
669911872,741.39,33,23:23:42,False,,False,False,740.97,95,-1,,0
669911873,741.37,33,23:23:43,False,,False,False,740.97,95,-1,,0
669911874,741.44,33,23:23:44,False,,False,False,740.98,95,-1,,0
669911875,741.37,33,23:23:45,False,,False,False,740.98,95,-1,,0
669911876,741.32,33,23:23:46,False,,False,False,740.98,95,-1,,0
669911877,741.41,33,23:23:47,False,,False,False,740.98,95,-1,,0
669911878,741.32,33,23:23:48,False,,False,False,740.98,95,-1,,0
669911981,741.59,33,23:25:29,False,,False,False,741.15,96,-1,,0
669911982,741.57,33,23:25:30,False,,False,False,741.15,96,-1,,0
669911983,741.59,33,23:25:30,False,,False,False,741.15,96,-1,,0
669911984,741.59,33,23:25:31,False,,False,False,741.15,96,-1,,0
669911985,741.57,33,23:25:32,False,,False,False,741.16,96,-1,,0
669911986,741.57,33,23:25:33,False,,False,False,741.16,96,-1,,0
669911987,741.57,33,23:25:34,False,,False,False,741.16,96,-1,,0
669911988,741.59,33,23:25:35,False,,False,False,741.16,96,-1,,0
669911989,741.57,33,23:25:36,False,,False,False,741.16,96,-1,,0
669911990,741.59,33,23:25:37,False,,False,False,741.16,96,-1,,0
669911991,741.55,33,23:25:38,False,,False,False,741.17,96,-1,,0
669911992,741.57,33,23:25:39,False,,False,False,741.17,96,-1,,0
669911993,741.61,33,23:25:40,False,,False,False,741.17,96,-1,,0
669911994,741.59,33,23:25:41,False,,False,False,741.17,96,-1,,0
669911995,741.57,33,23:25:42,False,,False,False,741.17,96,-1,,0
669911996,741.6,33,23:25:43,False,,False,False,741.17,96,-1,,0
669911997,741.53,33,23:25:44,False,,False,False,741.17,96,-1,,0
669911998,741.64,33,23:25:45,False,,False,False,741.18,96,-1,,0
669911999,741.55,33,23:25:46,False,,False,False,741.18,96,-1,,0
669912000,741.59,33,23:25:47,False,,False,False,741.18,96,-1,,0
669912001,741.64,33,23:25:48,False,,False,False,741.18,96,-1,,0
669912002,741.62,33,23:25:49,False,,False,False,741.18,96,-1,,0
669912003,741.66,33,23:25:50,False,,False,False,741.19,96,-1,,0
669912004,741.67,33,23:25:51,False,,False,False,741.19,96,-1,,0
669912005,741.64,33,23:25:52,False,,False,False,741.19,96,-1,,0
669912006,741.64,33,23:25:53,False,,False,False,741.19,96,-1,,0
669912007,741.64,33,23:25:54,False,,False,False,741.19,96,-1,,0
669912008,741.62,33,23:25:55,False,,False,False,741.19,96,-1,,0
669912009,741.58,33,23:25:56,False,,False,False,741.2,96,-1,,0
669912010,741.6,33,23:25:57,False,,False,False,741.2,96,-1,,0
669912011,741.6,33,23:25:58,False,,False,False,741.2,96,-1,,0
669912012,741.69,33,23:25:59,False,,False,False,741.2,96,-1,,0
669912013,741.66,33,23:26:00,False,,False,False,741.2,96,-1,,0
669912014,741.65,33,23:26:01,False,,False,False,741.2,96,-1,,0
669912015,741.64,33,23:26:02,False,,False,False,741.21,96,-1,,0
669912016,741.62,33,23:26:03,False,,False,False,741.21,96,-1,,0
669912017,741.62,33,23:26:04,False,,False,False,741.21,96,-1,,0
669912018,741.71,33,23:26:05,False,,False,False,741.21,96,-1,,0
669912019,741.64,33,23:26:06,False,,False,False,741.21,96,-1,,0
669912020,741.62,33,23:26:06,False,,False,False,741.21,96,-1,,0
669912021,741.69,33,23:26:07,False,,False,False,741.22,96,-1,,0
669912022,741.59,33,23:26:08,False,,False,False,741.22,96,-1,,0
669912023,741.65,33,23:26:09,False,,False,False,741.22,96,-1,,0
669912024,741.67,33,23:26:10,False,,False,False,741.22,96,-1,,0
669912025,741.65,33,23:26:11,False,,False,False,741.22,96,-1,,0
669912026,741.6,33,23:26:12,False,,False,False,741.22,96,-1,,0
669912027,741.67,33,23:26:13,False,,False,False,741.23,96,-1,,0
669912028,741.69,33,23:26:14,False,,False,False,741.23,96,-1,,0
669912029,741.63,33,23:26:15,False,,False,False,741.23,96,-1,,0
669912030,741.69,33,23:26:16,False,,False,False,741.23,96,-1,,0
669912031,741.63,33,23:26:17,False,,False,False,741.23,96,-1,,0
669912032,741.67,33,23:26:18,False,,False,False,741.23,96,-1,,0
669912033,741.67,33,23:26:19,False,,False,False,741.24,96,-1,,0
669912034,741.67,33,23:26:20,False,,False,False,741.24,96,-1,,0
669912035,741.69,33,23:26:21,False,,False,False,741.24,96,-1,,0
669912036,741.73,33,23:26:22,False,,False,False,741.24,96,-1,,0
669912037,741.67,33,23:26:23,False,,False,False,741.24,96,-1,,0
669912038,741.71,33,23:26:24,False,,False,False,741.24,96,-1,,0
669912039,741.67,33,23:26:25,False,,False,False,741.25,96,-1,,0
669912040,741.71,33,23:26:26,False,,False,False,741.25,96,-1,,0
669943805,754.9,34,8:01:49,False,,False,False,754.95,97,-1,,0
669943806,754.87,34,8:01:50,False,,False,False,754.95,97,-1,,0
669943807,754.85,34,8:01:51,False,,False,False,754.95,97,-1,,0
669943808,754.87,34,8:01:52,False,,False,False,754.95,97,-1,,0
669943809,754.87,34,8:01:53,False,,False,False,754.95,97,-1,,0
669943810,754.91,34,8:01:54,False,,False,False,754.95,97,-1,,0
669943811,754.84,34,8:01:55,False,,False,False,754.95,97,-1,,0
669943812,754.89,34,8:01:56,False,,False,False,754.95,97,-1,,0
669943813,754.91,34,8:01:57,False,,False,False,754.95,97,-1,,0
669943814,754.91,34,8:01:58,False,,False,False,754.95,97,-1,,0
669943815,754.84,34,8:01:59,False,,False,False,754.95,97,-1,,0
669943816,754.84,34,8:02:00,False,,False,False,754.95,97,-1,,0
669943817,754.89,34,8:02:01,False,,False,False,754.95,97,-1,,0
669943818,754.9,34,8:02:02,False,,False,False,754.95,97,-1,,0
669943819,754.9,34,8:02:03,False,,False,False,754.95,97,-1,,0
669943820,754.9,34,8:02:04,False,,False,False,754.95,97,-1,,0
669943821,754.86,34,8:02:05,False,,False,False,754.95,97,-1,,0
669943822,754.86,34,8:02:06,False,,False,False,754.95,97,-1,,0
669943823,754.92,34,8:02:07,False,,False,False,754.95,97,-1,,0
669943824,754.9,34,8:02:08,False,,False,False,754.95,97,-1,,0
669943825,754.88,34,8:02:09,False,,False,False,754.95,97,-1,,0
669943826,754.85,34,8:02:10,False,,False,False,754.95,97,-1,,0
669943827,754.85,34,8:02:11,False,,False,False,754.95,97,-1,,0
669943828,754.85,34,8:02:12,False,,False,False,754.95,97,-1,,0
669943829,754.85,34,8:02:13,False,,False,False,754.95,97,-1,,0
669943830,754.89,34,8:02:14,False,,False,False,754.95,97,-1,,0
669943831,754.87,34,8:02:15,False,,False,False,754.95,97,-1,,0
669943832,754.89,34,8:02:15,False,,False,False,754.95,97,-1,,0
669943833,754.87,34,8:02:16,False,,False,False,754.95,97,-1,,0
669943834,754.87,34,8:02:17,False,,False,False,754.95,97,-1,,0
669943835,754.94,34,8:02:18,False,,False,False,754.95,97,-1,,0
669943836,754.89,34,8:02:19,False,,False,False,754.95,97,-1,,0
669943837,754.87,34,8:02:20,False,,False,False,754.95,97,-1,,0
669943838,754.91,34,8:02:21,False,,False,False,754.95,97,-1,,0
669943839,754.87,34,8:02:22,False,,False,False,754.95,97,-1,,0
669943840,754.82,34,8:02:23,False,,False,False,754.95,97,-1,,0
669943841,754.91,34,8:02:24,False,,False,False,754.95,97,-1,,0
669943842,754.85,34,8:02:25,False,,False,False,754.95,97,-1,,0
669943843,754.84,34,8:02:26,False,,False,False,754.95,97,-1,,0
669943844,754.89,34,8:02:27,False,,False,False,754.95,97,-1,,0
669943845,754.88,34,8:02:28,False,,False,False,754.95,97,-1,,0
669943846,754.82,34,8:02:29,False,,False,False,754.94,97,-1,,0
669943847,754.86,34,8:02:30,False,,False,False,754.94,97,-1,,0
669943848,754.9,34,8:02:31,False,,False,False,754.94,97,-1,,0
669943849,754.9,34,8:02:32,False,,False,False,754.94,97,-1,,0
669943850,754.86,34,8:02:33,False,,False,False,754.94,97,-1,,0
669943851,754.86,34,8:02:34,False,,False,False,754.94,97,-1,,0
669943852,754.86,34,8:02:35,False,,False,False,754.94,97,-1,,0
669943853,754.88,34,8:02:36,False,,False,False,754.94,97,-1,,0
669943854,754.88,34,8:02:37,False,,False,False,754.94,97,-1,,0
669943855,754.83,34,8:02:38,False,,False,False,754.94,97,-1,,0
669943856,754.9,34,8:02:39,False,,False,False,754.94,97,-1,,0
669943857,754.84,34,8:02:40,False,,False,False,754.94,97,-1,,0
669943858,754.88,34,8:02:41,False,,False,False,754.94,97,-1,,0
669943859,754.87,34,8:02:42,False,,False,False,754.94,97,-1,,0
669943860,754.83,34,8:02:43,False,,False,False,754.94,97,-1,,0
669943861,754.85,34,8:02:44,False,,False,False,754.94,97,-1,,0
669943862,754.88,34,8:02:45,False,,False,False,754.94,97,-1,,0
669943863,754.87,34,8:02:46,False,,False,False,754.94,97,-1,,0
669943864,754.83,34,8:02:47,False,,False,False,754.94,97,-1,,0
669950492,743.45,34,9:50:19,False,,False,False,743.99,98,-1,,0
669950493,743.49,34,9:50:20,False,,False,False,743.99,98,-1,,0
669950494,743.42,34,9:50:21,False,,False,False,743.99,98,-1,,0
669950495,743.48,34,9:50:22,False,,False,False,743.98,98,-1,,0
669950496,743.48,34,9:50:23,False,,False,False,743.98,98,-1,,0
669950497,743.41,34,9:50:24,False,,False,False,743.98,98,-1,,0
669950498,743.42,34,9:50:25,False,,False,False,743.98,98,-1,,0
669950499,743.42,34,9:50:26,False,,False,False,743.98,98,-1,,0
669950500,743.4,34,9:50:27,False,,False,False,743.97,98,-1,,0
669950501,743.39,34,9:50:28,False,,False,False,743.97,98,-1,,0
669950502,743.43,34,9:50:29,False,,False,False,743.97,98,-1,,0
669950503,743.43,34,9:50:30,False,,False,False,743.97,98,-1,,0
669950504,743.44,34,9:50:31,False,,False,False,743.96,98,-1,,0
669950505,743.47,34,9:50:32,False,,False,False,743.96,98,-1,,0
669950506,743.46,34,9:50:33,False,,False,False,743.96,98,-1,,0
669950507,743.45,34,9:50:34,False,,False,False,743.96,98,-1,,0
669950508,743.45,34,9:50:35,False,,False,False,743.96,98,-1,,0
669950509,743.4,34,9:50:36,False,,False,False,743.95,98,-1,,0
669950510,743.42,34,9:50:37,False,,False,False,743.95,98,-1,,0
669950511,743.4,34,9:50:37,False,,False,False,743.95,98,-1,,0
669950512,743.39,34,9:50:38,False,,False,False,743.95,98,-1,,0
669950513,743.45,34,9:50:39,False,,False,False,743.95,98,-1,,0
669950514,743.43,34,9:50:40,False,,False,False,743.94,98,-1,,0
669950515,743.45,34,9:50:41,False,,False,False,743.94,98,-1,,0
669950516,743.46,34,9:50:42,False,,False,False,743.94,98,-1,,0
669950517,743.46,34,9:50:43,False,,False,False,743.94,98,-1,,0
669950518,743.43,34,9:50:44,False,,False,False,743.94,98,-1,,0
669950519,743.43,34,9:50:45,False,,False,False,743.93,98,-1,,0
669950520,743.47,34,9:50:46,False,,False,False,743.93,98,-1,,0
669950521,743.45,34,9:50:47,False,,False,False,743.93,98,-1,,0
669950522,743.44,34,9:50:48,False,,False,False,743.93,98,-1,,0
669950523,743.46,34,9:50:49,False,,False,False,743.93,98,-1,,0
669950524,743.43,34,9:50:50,False,,False,False,743.92,98,-1,,0
669950525,743.41,34,9:50:51,False,,False,False,743.92,98,-1,,0
669950526,743.42,34,9:50:52,False,,False,False,743.92,98,-1,,0
669950527,743.38,34,9:50:53,False,,False,False,743.92,98,-1,,0
669950528,743.47,34,9:50:54,False,,False,False,743.92,98,-1,,0
669950529,743.41,34,9:50:55,False,,False,False,743.91,98,-1,,0
669950530,743.39,34,9:50:56,False,,False,False,743.91,98,-1,,0
669950531,743.41,34,9:50:57,False,,False,False,743.91,98,-1,,0
669950532,743.4,34,9:50:58,False,,False,False,743.91,98,-1,,0
669950533,743.44,34,9:50:59,False,,False,False,743.9,98,-1,,0
669950534,743.42,34,9:51:00,False,,False,False,743.9,98,-1,,0
669950535,743.43,34,9:51:01,False,,False,False,743.9,98,-1,,0
669950536,743.43,34,9:51:02,False,,False,False,743.9,98,-1,,0
669950537,743.41,34,9:51:03,False,,False,False,743.9,98,-1,,0
669950538,743.4,34,9:51:04,False,,False,False,743.89,98,-1,,0
669950539,743.38,34,9:51:05,False,,False,False,743.89,98,-1,,0
669950540,743.37,34,9:51:06,False,,False,False,743.89,98,-1,,0
669950541,743.39,34,9:51:07,False,,False,False,743.89,98,-1,,0
669950542,743.45,34,9:51:08,False,,False,False,743.89,98,-1,,0
669950543,743.36,34,9:51:09,False,,False,False,743.88,98,-1,,0
669950544,743.4,34,9:51:10,False,,False,False,743.88,98,-1,,0
669950545,743.35,34,9:51:11,False,,False,False,743.88,98,-1,,0
669950546,743.35,34,9:51:12,False,,False,False,743.88,98,-1,,0
669950547,743.36,34,9:51:13,False,,False,False,743.88,98,-1,,0
669950548,743.41,34,9:51:14,False,,False,False,743.87,98,-1,,0
669950549,743.36,34,9:51:14,False,,False,False,743.87,98,-1,,0
669950550,743.35,34,9:51:15,False,,False,False,743.87,98,-1,,0
669950551,743.39,34,9:51:16,False,,False,False,743.87,98,-1,,0
669957996,737.39,34,11:52:04,False,,True,True,737.34,99,669958088,train,1
669957997,737.39,34,11:52:05,False,,True,True,737.34,99,669958088,train,1
669957998,737.37,34,11:52:06,False,,True,True,737.34,99,669958088,train,1
669957999,737.39,34,11:52:07,False,,True,True,737.34,99,669958088,train,1
669958000,737.34,34,11:52:08,False,,True,True,737.34,99,669958088,train,1
669958001,737.38,34,11:52:09,False,,True,True,737.34,99,669958088,train,1
669958002,737.39,34,11:52:10,False,,True,True,737.34,99,669958088,train,1
669958003,737.4,34,11:52:11,False,,True,True,737.34,99,669958088,train,1
669958004,737.4,34,11:52:12,False,,True,True,737.34,99,669958088,train,1
669958005,737.42,34,11:52:13,False,,True,True,737.34,99,669958088,train,1
669958006,737.38,34,11:52:14,False,,True,True,737.34,99,669958088,train,1
669958007,737.42,34,11:52:15,False,,True,True,737.34,99,669958088,train,1
669958008,737.4,34,11:52:16,False,,True,True,737.34,99,669958088,train,1
669958009,737.39,34,11:52:17,False,,True,True,737.34,99,669958088,train,1
669958010,737.41,34,11:52:18,False,,True,True,737.34,99,669958088,train,1
669958011,737.39,34,11:52:19,False,,True,True,737.34,99,669958088,train,1
669958012,737.41,34,11:52:20,False,,True,True,737.34,99,669958088,train,1
669958013,737.38,34,11:52:21,False,,True,True,737.34,99,669958088,train,1
669958014,737.35,34,11:52:22,False,,True,True,737.34,99,669958088,train,1
669958015,737.4,34,11:52:23,False,,True,True,737.34,99,669958088,train,1
669958016,737.38,34,11:52:24,False,,True,True,737.34,99,669958088,train,1
669958017,737.36,34,11:52:25,False,,True,True,737.34,99,669958088,train,1
669958018,737.42,34,11:52:26,False,,True,True,737.34,99,669958088,train,1
669958019,737.41,34,11:52:27,False,,True,True,737.34,99,669958088,train,1
669958020,737.37,34,11:52:28,False,,True,True,737.34,99,669958088,train,1
669958021,737.37,34,11:52:28,False,,True,True,737.34,99,669958088,train,1
669958022,737.35,34,11:52:29,False,,True,True,737.34,99,669958088,train,1
669958023,737.32,34,11:52:30,False,,True,True,737.34,99,669958088,train,1
669958024,737.32,34,11:52:31,False,,True,True,737.34,99,669958088,train,1
669958025,737.34,34,11:52:32,False,,True,True,737.34,99,669958088,train,1
669958026,737.38,34,11:52:33,False,,True,True,737.34,99,669958088,train,1
669958027,737.33,34,11:52:34,False,,True,True,737.34,99,669958088,train,1
669958028,737.38,34,11:52:35,False,,True,True,737.34,99,669958088,train,1
669958029,737.28,34,11:52:36,False,,True,True,737.34,99,669958088,train,1
669958030,737.37,34,11:52:37,False,,True,True,737.34,99,669958088,train,1
669958031,737.32,34,11:52:38,False,,True,True,737.34,99,669958088,train,1
669958032,737.37,34,11:52:39,False,,True,True,737.34,99,669958088,train,1
669958033,737.32,34,11:52:40,False,,True,True,737.34,99,669958088,train,1
669958034,737.34,34,11:52:41,False,,True,True,737.34,99,669958088,train,1
669958035,737.32,34,11:52:42,False,,True,True,737.35,99,669958088,train,1
669958036,737.36,34,11:52:43,False,,True,True,737.35,99,669958088,train,1
669958037,737.36,34,11:52:44,False,,True,True,737.35,99,669958088,train,1
669958038,737.31,34,11:52:45,False,,True,True,737.35,99,669958088,train,1
669958039,737.35,34,11:52:46,False,,True,True,737.35,99,669958088,train,1
669958040,737.28,34,11:52:47,False,,True,True,737.35,99,669958088,train,1
669958041,737.3,34,11:52:48,False,,True,True,737.35,99,669958088,train,1
669958042,737.3,34,11:52:49,False,,True,True,737.35,99,669958088,train,1
669958043,737.32,34,11:52:50,False,,True,True,737.35,99,669958088,train,1
669958044,737.32,34,11:52:51,False,,True,True,737.35,99,669958088,train,1
669958045,737.27,34,11:52:52,False,,True,True,737.35,99,669958088,train,1
669958046,737.27,34,11:52:53,False,,True,True,737.35,99,669958088,train,1
669958047,737.27,34,11:52:54,False,,True,True,737.35,99,669958088,train,1
669958048,737.29,34,11:52:55,False,,True,True,737.35,99,669958088,train,1
669958049,737.27,34,11:52:56,False,,True,True,737.35,99,669958088,train,1
669958050,737.27,34,11:52:57,False,,True,True,737.35,99,669958088,train,1
669958051,737.26,34,11:52:58,False,,True,True,737.35,99,669958088,train,1
669958052,737.26,34,11:52:59,False,,True,True,737.35,99,669958088,train,1
669958053,737.3,34,11:53:00,False,,True,True,737.35,99,669958088,train,1
669958054,737.23,34,11:53:01,False,,True,True,737.35,99,669958088,train,1
669958055,737.25,34,11:53:02,False,,True,True,737.34,99,669958088,train,1
669959311,738.14,34,12:13:24,False,,True,False,738.01,100,669959376,train,1
669959312,738.16,34,12:13:25,False,,True,False,738.01,100,669959376,train,1
669959313,738.11,34,12:13:26,False,,True,False,738.01,100,669959376,train,1
669959314,738.11,34,12:13:27,False,,True,False,738.01,100,669959376,train,1
669959315,738.09,34,12:13:28,False,,True,False,738.01,100,669959376,train,1
669959316,738.13,34,12:13:29,False,,True,False,738.01,100,669959376,train,1
669959317,738.15,34,12:13:30,False,,True,False,738.01,100,669959376,train,1
669959318,738.15,34,12:13:31,False,,True,False,738.01,100,669959376,train,1
669959319,738.15,34,12:13:32,False,,True,False,738.01,100,669959376,train,1
669959320,738.12,34,12:13:33,False,,True,False,738.01,100,669959376,train,1
669959321,738.1,34,12:13:34,False,,True,False,738.01,100,669959376,train,1
669959322,738.19,34,12:13:35,False,,True,False,738.02,100,669959376,train,1
669959323,738.16,34,12:13:36,False,,True,False,738.02,100,669959376,train,1
669959324,738.17,34,12:13:37,False,,True,False,738.02,100,669959376,train,1
669959325,738.14,34,12:13:38,False,,True,False,738.02,100,669959376,train,1
669959326,738.16,34,12:13:39,False,,True,False,738.02,100,669959376,train,1
669959327,738.12,34,12:13:40,False,,True,False,738.02,100,669959376,train,1
669959328,738.18,34,12:13:41,False,,True,False,738.02,100,669959376,train,1
669959329,738.11,34,12:13:42,False,,True,False,738.02,100,669959376,train,1
669959330,738.16,34,12:13:43,False,,True,False,738.02,100,669959376,train,1
669959331,738.11,34,12:13:44,False,,True,False,738.02,100,669959376,train,1
669959332,738.19,34,12:13:45,False,,True,False,738.02,100,669959376,train,1
669959333,738.17,34,12:13:46,False,,True,False,738.02,100,669959376,train,1
669959334,738.15,34,12:13:47,False,,True,False,738.02,100,669959376,train,1
669959335,738.13,34,12:13:48,False,,True,False,738.02,100,669959376,train,1
669959336,738.15,34,12:13:49,False,,True,False,738.02,100,669959376,train,1
669959337,738.14,34,12:13:50,False,,True,False,738.03,100,669959376,train,1
669959338,738.19,34,12:13:51,False,,True,False,738.03,100,669959376,train,1
669959339,738.12,34,12:13:52,False,,True,False,738.03,100,669959376,train,1
669959340,738.14,34,12:13:53,False,,True,False,738.03,100,669959376,train,1
669959341,738.1,34,12:13:54,False,,True,False,738.03,100,669959376,train,1
669959342,738.14,34,12:13:54,False,,True,False,738.03,100,669959376,train,1
669959343,738.11,34,12:13:55,False,,True,False,738.03,100,669959376,train,1
669959344,738.09,34,12:13:56,False,,True,False,738.03,100,669959376,train,1
669959345,738.07,34,12:13:57,False,,True,False,738.03,100,669959376,train,1
669959346,738.11,34,12:13:58,False,,True,False,738.03,100,669959376,train,1
669959347,738.11,34,12:13:59,False,,True,False,738.03,100,669959376,train,1
669959348,738.11,34,12:14:00,False,,True,False,738.03,100,669959376,train,1
669959349,738.06,34,12:14:01,False,,True,False,738.03,100,669959376,train,1
669959350,738.1,34,12:14:02,False,,True,False,738.03,100,669959376,train,1
669959351,738.06,34,12:14:03,False,,True,False,738.03,100,669959376,train,1
669959352,738.04,34,12:14:04,False,,True,False,738.03,100,669959376,train,1
669959353,738.03,34,12:14:05,False,,True,False,738.03,100,669959376,train,1
669959354,738.03,34,12:14:06,False,,True,False,738.03,100,669959376,train,1
669959355,738.01,34,12:14:07,False,,True,False,738.03,100,669959376,train,1
669959356,738.03,34,12:14:08,False,,True,True,738.03,100,669959376,train,1
669959357,738.01,34,12:14:09,False,,True,True,738.04,100,669959376,train,1
669959358,737.94,34,12:14:10,False,,True,True,738.04,100,669959376,train,1
669959359,737.96,34,12:14:11,False,,True,True,738.04,100,669959376,train,1
669959360,737.98,34,12:14:12,False,,True,True,738.04,100,669959376,train,1
669959361,737.93,34,12:14:13,False,,True,True,738.04,100,669959376,train,1
669959362,738.0,34,12:14:14,False,,True,True,738.04,100,669959376,train,1
669959363,737.93,34,12:14:15,False,,True,True,738.04,100,669959376,train,1
669959364,738.0,34,12:14:16,False,,True,True,738.04,100,669959376,train,1
669959365,737.97,34,12:14:17,False,,True,True,738.04,100,669959376,train,1
669959366,737.95,34,12:14:18,False,,True,True,738.04,100,669959376,train,1
669959367,737.95,34,12:14:19,False,,True,True,738.04,100,669959376,train,1
669959368,737.99,34,12:14:20,False,,True,True,738.04,100,669959376,train,1
669959369,738.01,34,12:14:21,False,,True,True,738.04,100,669959376,train,1
669959370,737.9,34,12:14:22,False,,True,True,738.04,100,669959376,train,1
669959650,738.25,34,12:18:54,False,,True,False,738.19,101,669959712,train,1
669959651,738.29,34,12:18:55,False,,True,False,738.19,101,669959712,train,1
669959652,738.27,34,12:18:56,False,,True,False,738.19,101,669959712,train,1
669959653,738.22,34,12:18:57,False,,True,False,738.19,101,669959712,train,1
669959654,738.27,34,12:18:58,False,,True,False,738.19,101,669959712,train,1
669959655,738.29,34,12:18:59,False,,True,False,738.19,101,669959712,train,1
669959656,738.25,34,12:19:00,False,,True,False,738.19,101,669959712,train,1
669959657,738.33,34,12:19:01,False,,True,False,738.2,101,669959712,train,1
669959658,738.24,34,12:19:02,False,,True,False,738.2,101,669959712,train,1
669959659,738.28,34,12:19:03,False,,True,False,738.2,101,669959712,train,1
669959660,738.28,34,12:19:04,False,,True,False,738.2,101,669959712,train,1
669959661,738.28,34,12:19:05,False,,True,False,738.2,101,669959712,train,1
669959662,738.26,34,12:19:06,False,,True,False,738.2,101,669959712,train,1
669959663,738.24,34,12:19:07,False,,True,False,738.2,101,669959712,train,1
669959664,738.25,34,12:19:08,False,,True,False,738.2,101,669959712,train,1
669959665,738.28,34,12:19:09,False,,True,False,738.2,101,669959712,train,1
669959666,738.32,34,12:19:10,False,,True,False,738.2,101,669959712,train,1
669959667,738.3,34,12:19:11,False,,True,False,738.2,101,669959712,train,1
669959668,738.32,34,12:19:12,False,,True,False,738.2,101,669959712,train,1
669959669,738.29,34,12:19:13,False,,True,False,738.2,101,669959712,train,1
669959670,738.27,34,12:19:14,False,,True,False,738.2,101,669959712,train,1
669959671,738.29,34,12:19:15,False,,True,False,738.2,101,669959712,train,1
669959672,738.27,34,12:19:16,False,,True,False,738.2,101,669959712,train,1
669959673,738.27,34,12:19:17,False,,True,False,738.2,101,669959712,train,1
669959674,738.24,34,12:19:18,False,,True,False,738.2,101,669959712,train,1
669959675,738.28,34,12:19:19,False,,True,False,738.2,101,669959712,train,1
669959676,738.28,34,12:19:20,False,,True,False,738.2,101,669959712,train,1
669959677,738.28,34,12:19:21,False,,True,False,738.2,101,669959712,train,1
669959678,738.26,34,12:19:22,False,,True,False,738.2,101,669959712,train,1
669959679,738.28,34,12:19:23,False,,True,False,738.2,101,669959712,train,1
669959680,738.28,34,12:19:24,False,,True,False,738.2,101,669959712,train,1
669959681,738.3,34,12:19:24,False,,True,False,738.2,101,669959712,train,1
669959682,738.3,34,12:19:25,False,,True,False,738.21,101,669959712,train,1
669959683,738.26,34,12:19:26,False,,True,False,738.21,101,669959712,train,1
669959684,738.25,34,12:19:27,False,,True,False,738.21,101,669959712,train,1
669959685,738.32,34,12:19:28,False,,True,False,738.21,101,669959712,train,1
669959686,738.27,34,12:19:29,False,,True,False,738.21,101,669959712,train,1
669959687,738.29,34,12:19:30,False,,True,False,738.21,101,669959712,train,1
669959688,738.29,34,12:19:31,False,,True,False,738.21,101,669959712,train,1
669959689,738.27,34,12:19:32,False,,True,False,738.21,101,669959712,train,1
669959690,738.22,34,12:19:33,False,,True,False,738.21,101,669959712,train,1
669959691,738.29,34,12:19:34,False,,True,False,738.21,101,669959712,train,1
669959692,738.29,34,12:19:35,False,,True,False,738.21,101,669959712,train,1
669959693,738.29,34,12:19:36,False,,True,False,738.21,101,669959712,train,1
669959694,738.31,34,12:19:37,False,,True,False,738.21,101,669959712,train,1
669959695,738.26,34,12:19:38,False,,True,False,738.21,101,669959712,train,1
669959696,738.3,34,12:19:39,False,,True,False,738.21,101,669959712,train,1
669959697,738.28,34,12:19:40,False,,True,False,738.21,101,669959712,train,1
669959698,738.26,34,12:19:41,False,,True,False,738.21,101,669959712,train,1
669959699,738.28,34,12:19:42,False,,True,False,738.21,101,669959712,train,1
669959700,738.28,34,12:19:43,False,,True,False,738.21,101,669959712,train,1
669959701,738.25,34,12:19:44,False,,True,False,738.21,101,669959712,train,1
669959702,738.25,34,12:19:45,False,,True,False,738.21,101,669959712,train,1
669959703,738.18,34,12:19:46,False,,True,False,738.21,101,669959712,train,1
669959704,738.23,34,12:19:47,False,,True,True,738.22,101,669959712,train,1
669959705,738.2,34,12:19:48,False,,True,True,738.22,101,669959712,train,1
669959706,738.2,34,12:19:49,False,,True,True,738.22,101,669959712,train,1
669959707,738.17,34,12:19:50,False,,True,True,738.22,101,669959712,train,1
669959708,738.06,34,12:19:51,False,,True,True,738.22,101,669959712,train,1
669959709,737.95,34,12:19:52,False,,True,True,738.22,101,669959712,train,1
669959927,738.3,34,12:23:24,False,,True,True,738.3,102,669960008,train,1
669959928,738.35,34,12:23:25,False,,True,True,738.3,102,669960008,train,1
669959929,738.39,34,12:23:26,False,,True,True,738.3,102,669960008,train,1
669959930,738.35,34,12:23:27,False,,True,True,738.3,102,669960008,train,1
669959931,738.34,34,12:23:28,False,,True,True,738.3,102,669960008,train,1
669959932,738.39,34,12:23:29,False,,True,True,738.3,102,669960008,train,1
669959933,738.36,34,12:23:30,False,,True,True,738.3,102,669960008,train,1
669959934,738.3,34,12:23:31,False,,True,True,738.3,102,669960008,train,1
669959935,738.38,34,12:23:32,False,,True,True,738.3,102,669960008,train,1
669959936,738.38,34,12:23:33,False,,True,True,738.3,102,669960008,train,1
669959937,738.34,34,12:23:34,False,,True,True,738.3,102,669960008,train,1
669959938,738.31,34,12:23:35,False,,True,True,738.3,102,669960008,train,1
669959939,738.32,34,12:23:36,False,,True,True,738.3,102,669960008,train,1
669959940,738.38,34,12:23:37,False,,True,True,738.3,102,669960008,train,1
669959941,738.36,34,12:23:38,False,,True,True,738.3,102,669960008,train,1
669959942,738.34,34,12:23:39,False,,True,True,738.3,102,669960008,train,1
669959943,738.43,34,12:23:40,False,,True,True,738.3,102,669960008,train,1
669959944,738.42,34,12:23:41,False,,True,True,738.3,102,669960008,train,1
669959945,738.45,34,12:23:42,False,,True,True,738.3,102,669960008,train,1
669959946,738.42,34,12:23:42,False,,True,True,738.3,102,669960008,train,1
669959947,738.47,34,12:23:43,False,,True,True,738.3,102,669960008,train,1
669959948,738.44,34,12:23:44,False,,True,True,738.3,102,669960008,train,1
669959949,738.51,34,12:23:45,False,,True,True,738.3,102,669960008,train,1
669959950,738.4,34,12:23:46,False,,True,True,738.3,102,669960008,train,1
669959951,738.46,34,12:23:47,False,,True,True,738.3,102,669960008,train,1
669959952,738.48,34,12:23:48,False,,True,True,738.3,102,669960008,train,1
669959953,738.44,34,12:23:49,False,,True,True,738.3,102,669960008,train,1
669959954,738.46,34,12:23:50,False,,True,True,738.3,102,669960008,train,1
669959955,738.43,34,12:23:51,False,,True,True,738.3,102,669960008,train,1
669959956,738.46,34,12:23:52,False,,True,True,738.3,102,669960008,train,1
669959957,738.41,34,12:23:53,False,,True,True,738.3,102,669960008,train,1
669959958,738.48,34,12:23:54,False,,True,True,738.3,102,669960008,train,1
669959959,738.45,34,12:23:55,False,,True,True,738.3,102,669960008,train,1
669959960,738.41,34,12:23:56,False,,True,True,738.3,102,669960008,train,1
669959961,738.41,34,12:23:57,False,,True,True,738.3,102,669960008,train,1
669959962,738.4,34,12:23:58,False,,True,True,738.3,102,669960008,train,1
669959963,738.36,34,12:23:59,False,,True,True,738.3,102,669960008,train,1
669959964,738.4,34,12:24:00,False,,True,True,738.3,102,669960008,train,1
669959965,738.38,34,12:24:01,False,,True,True,738.3,102,669960008,train,1
669959966,738.38,34,12:24:02,False,,True,True,738.3,102,669960008,train,1
669959967,738.4,34,12:24:03,False,,True,True,738.3,102,669960008,train,1
669959968,738.42,34,12:24:04,False,,True,True,738.3,102,669960008,train,1
669959969,738.4,34,12:24:05,False,,True,True,738.31,102,669960008,train,1
669959970,738.44,34,12:24:06,False,,True,True,738.31,102,669960008,train,1
669959971,738.39,34,12:24:07,False,,True,True,738.31,102,669960008,train,1
669959972,738.37,34,12:24:08,False,,True,True,738.31,102,669960008,train,1
669959973,738.35,34,12:24:09,False,,True,True,738.31,102,669960008,train,1
669959974,738.34,34,12:24:10,False,,True,True,738.31,102,669960008,train,1
669959975,738.3,34,12:24:11,False,,True,True,738.31,102,669960008,train,1
669959976,738.32,34,12:24:12,False,,True,True,738.31,102,669960008,train,1
669959977,738.35,34,12:24:13,False,,True,True,738.31,102,669960008,train,1
669959978,738.35,34,12:24:14,False,,True,True,738.31,102,669960008,train,1
669959979,738.41,34,12:24:15,False,,True,True,738.31,102,669960008,train,1
669959980,738.34,34,12:24:16,False,,True,True,738.31,102,669960008,train,1
669959981,738.31,34,12:24:17,False,,True,True,738.31,102,669960008,train,1
669959982,738.36,34,12:24:18,False,,True,True,738.31,102,669960008,train,1
669959983,738.34,34,12:24:18,False,,True,True,738.31,102,669960008,train,1
669959984,738.34,34,12:24:19,False,,True,True,738.31,102,669960008,train,1
669959985,738.42,34,12:24:20,False,,True,True,738.31,102,669960008,train,1
669959986,738.33,34,12:24:21,False,,True,True,738.31,102,669960008,train,1
669960281,738.44,34,12:29:09,False,,True,False,738.4,103,669960347,train,1
669960282,738.46,34,12:29:10,False,,True,False,738.4,103,669960347,train,1
669960283,738.49,34,12:29:11,False,,True,False,738.4,103,669960347,train,1
669960284,738.5,34,12:29:12,False,,True,False,738.4,103,669960347,train,1
669960285,738.48,34,12:29:12,False,,True,False,738.4,103,669960347,train,1
669960286,738.55,34,12:29:13,False,,True,False,738.4,103,669960347,train,1
669960287,738.5,34,12:29:14,False,,True,False,738.4,103,669960347,train,1
669960288,738.48,34,12:29:15,False,,True,False,738.4,103,669960347,train,1
669960289,738.5,34,12:29:16,False,,True,False,738.4,103,669960347,train,1
669960290,738.51,34,12:29:17,False,,True,False,738.4,103,669960347,train,1
669960291,738.48,34,12:29:18,False,,True,False,738.4,103,669960347,train,1
669960292,738.48,34,12:29:19,False,,True,False,738.4,103,669960347,train,1
669960293,738.48,34,12:29:20,False,,True,False,738.4,103,669960347,train,1
669960294,738.48,34,12:29:21,False,,True,False,738.4,103,669960347,train,1
669960295,738.45,34,12:29:22,False,,True,False,738.4,103,669960347,train,1
669960296,738.48,34,12:29:23,False,,True,False,738.4,103,669960347,train,1
669960297,738.48,34,12:29:24,False,,True,False,738.4,103,669960347,train,1
669960298,738.41,34,12:29:25,False,,True,False,738.4,103,669960347,train,1
669960299,738.47,34,12:29:26,False,,True,False,738.4,103,669960347,train,1
669960300,738.49,34,12:29:27,False,,True,False,738.4,103,669960347,train,1
669960301,738.5,34,12:29:28,False,,True,False,738.4,103,669960347,train,1
669960302,738.45,34,12:29:29,False,,True,False,738.4,103,669960347,train,1
669960303,738.45,34,12:29:30,False,,True,False,738.4,103,669960347,train,1
669960304,738.51,34,12:29:31,False,,True,False,738.41,103,669960347,train,1
669960305,738.47,34,12:29:32,False,,True,False,738.41,103,669960347,train,1
669960306,738.41,34,12:29:33,False,,True,False,738.41,103,669960347,train,1
669960307,738.43,34,12:29:34,False,,True,False,738.41,103,669960347,train,1
669960308,738.47,34,12:29:35,False,,True,False,738.41,103,669960347,train,1
669960309,738.4,34,12:29:36,False,,True,False,738.41,103,669960347,train,1
669960310,738.38,34,12:29:37,False,,True,False,738.41,103,669960347,train,1
669960311,738.37,34,12:29:38,False,,True,False,738.41,103,669960347,train,1
669960312,738.42,34,12:29:39,False,,True,False,738.41,103,669960347,train,1
669960313,738.44,34,12:29:40,False,,True,False,738.41,103,669960347,train,1
669960314,738.37,34,12:29:41,False,,True,False,738.41,103,669960347,train,1
669960315,738.39,34,12:29:42,False,,True,False,738.41,103,669960347,train,1
669960316,738.37,34,12:29:43,False,,True,False,738.41,103,669960347,train,1
669960317,738.39,34,12:29:44,False,,True,False,738.41,103,669960347,train,1
669960318,738.44,34,12:29:45,False,,True,False,738.41,103,669960347,train,1
669960319,738.46,34,12:29:46,False,,True,False,738.41,103,669960347,train,1
669960320,738.48,34,12:29:47,False,,True,True,738.41,103,669960347,train,1
669960321,738.46,34,12:29:48,False,,True,True,738.41,103,669960347,train,1
669960322,738.52,34,12:29:49,False,,True,True,738.41,103,669960347,train,1
669960323,738.41,34,12:29:49,False,,True,True,738.41,103,669960347,train,1
669960324,738.46,34,12:29:50,False,,True,True,738.41,103,669960347,train,1
669960325,738.43,34,12:29:51,False,,True,True,738.41,103,669960347,train,1
669960326,738.39,34,12:29:52,False,,True,True,738.41,103,669960347,train,1
669960327,738.41,34,12:29:53,False,,True,True,738.41,103,669960347,train,1
669960328,738.36,34,12:29:54,False,,True,True,738.41,103,669960347,train,1
669960329,738.32,34,12:29:55,False,,True,True,738.41,103,669960347,train,1
669960330,738.25,34,12:29:56,False,,True,True,738.41,103,669960347,train,1
669960331,738.16,34,12:29:57,False,,True,True,738.41,103,669960347,train,1
669960332,738.15,34,12:29:58,False,,True,True,738.41,103,669960347,train,1
669960333,738.13,34,12:29:59,False,,True,True,738.41,103,669960347,train,1
669960334,738.11,34,12:30:00,False,,True,True,738.41,103,669960347,train,1
669960335,738.02,34,12:30:01,False,,True,True,738.41,103,669960347,train,1
669960336,737.97,34,12:30:02,False,,True,True,738.41,103,669960347,train,1
669960337,737.86,34,12:30:03,False,,True,True,738.41,103,669960347,train,1
669960338,737.63,34,12:30:04,False,,True,True,738.4,103,669960347,train,1
669960339,737.52,34,12:30:05,False,,True,True,738.4,103,669960347,train,1
669960340,737.32,34,12:30:06,False,,True,True,738.4,103,669960347,train,1
669962862,738.65,34,13:11:01,False,,True,False,738.77,104,669962940,train,1
669962863,738.66,34,13:11:02,False,,True,False,738.77,104,669962940,train,1
669962864,738.65,34,13:11:03,False,,True,False,738.77,104,669962940,train,1
669962865,738.63,34,13:11:04,False,,True,False,738.77,104,669962940,train,1
669962866,738.61,34,13:11:05,False,,True,True,738.76,104,669962940,train,1
669962867,738.57,34,13:11:06,False,,True,True,738.76,104,669962940,train,1
669962868,738.58,34,13:11:07,False,,True,True,738.76,104,669962940,train,1
669962869,738.62,34,13:11:08,False,,True,True,738.76,104,669962940,train,1
669962870,738.6,34,13:11:09,False,,True,True,738.76,104,669962940,train,1
669962871,738.58,34,13:11:10,False,,True,True,738.76,104,669962940,train,1
669962872,738.6,34,13:11:11,False,,True,True,738.76,104,669962940,train,1
669962873,738.65,34,13:11:12,False,,True,True,738.76,104,669962940,train,1
669962874,738.67,34,13:11:13,False,,True,True,738.76,104,669962940,train,1
669962875,738.69,34,13:11:14,False,,True,True,738.76,104,669962940,train,1
669962876,738.67,34,13:11:15,False,,True,True,738.76,104,669962940,train,1
669962877,738.74,34,13:11:16,False,,True,True,738.76,104,669962940,train,1
669962878,738.65,34,13:11:17,False,,True,True,738.76,104,669962940,train,1
669962879,738.69,34,13:11:18,False,,True,True,738.76,104,669962940,train,1
669962880,738.71,34,13:11:19,False,,True,True,738.76,104,669962940,train,1
669962881,738.69,34,13:11:20,False,,True,True,738.76,104,669962940,train,1
669962882,738.75,34,13:11:21,False,,True,True,738.76,104,669962940,train,1
669962883,738.71,34,13:11:22,False,,True,True,738.76,104,669962940,train,1
669962884,738.71,34,13:11:23,False,,True,True,738.76,104,669962940,train,1
669962885,738.7,34,13:11:24,False,,True,True,738.76,104,669962940,train,1
669962886,738.77,34,13:11:25,False,,True,True,738.76,104,669962940,train,1
669962887,738.7,34,13:11:26,False,,True,True,738.76,104,669962940,train,1
669962888,738.68,34,13:11:27,False,,True,True,738.76,104,669962940,train,1
669962889,738.68,34,13:11:27,False,,True,True,738.76,104,669962940,train,1
669962890,738.68,34,13:11:28,False,,True,True,738.76,104,669962940,train,1
669962891,738.7,34,13:11:29,False,,True,True,738.76,104,669962940,train,1
669962892,738.7,34,13:11:30,False,,True,True,738.76,104,669962940,train,1
669962893,738.72,34,13:11:31,False,,True,True,738.76,104,669962940,train,1
669962894,738.7,34,13:11:32,False,,True,True,738.76,104,669962940,train,1
669962895,738.7,34,13:11:33,False,,True,True,738.76,104,669962940,train,1
669962896,738.68,34,13:11:34,False,,True,True,738.76,104,669962940,train,1
669962897,738.76,34,13:11:35,False,,True,True,738.76,104,669962940,train,1
669962898,738.69,34,13:11:36,False,,True,True,738.76,104,669962940,train,1
669962899,738.72,34,13:11:37,False,,True,True,738.76,104,669962940,train,1
669962900,738.71,34,13:11:38,False,,True,True,738.76,104,669962940,train,1
669962901,738.67,34,13:11:39,False,,True,True,738.76,104,669962940,train,1
669962902,738.67,34,13:11:40,False,,True,True,738.76,104,669962940,train,1
669962903,738.65,34,13:11:41,False,,True,True,738.76,104,669962940,train,1
669962904,738.67,34,13:11:42,False,,True,True,738.76,104,669962940,train,1
669962905,738.62,34,13:11:43,False,,True,True,738.76,104,669962940,train,1
669962906,738.6,34,13:11:44,False,,True,True,738.76,104,669962940,train,1
669962907,738.48,34,13:11:45,False,,True,True,738.76,104,669962940,train,1
669962908,738.53,34,13:11:46,False,,True,True,738.76,104,669962940,train,1
669962909,738.5,34,13:11:47,False,,True,True,738.76,104,669962940,train,1
669962910,738.5,34,13:11:48,False,,True,True,738.76,104,669962940,train,1
669962911,738.5,34,13:11:49,False,,True,True,738.76,104,669962940,train,1
669962912,738.5,34,13:11:50,False,,True,True,738.76,104,669962940,train,1
669962913,738.56,34,13:11:51,False,,True,True,738.76,104,669962940,train,1
669962914,738.54,34,13:11:52,False,,True,True,738.76,104,669962940,train,1
669962915,738.52,34,13:11:53,False,,True,True,738.76,104,669962940,train,1
669962916,738.56,34,13:11:54,False,,True,True,738.76,104,669962940,train,1
669962917,738.54,34,13:11:55,False,,True,True,738.76,104,669962940,train,1
669962918,738.43,34,13:11:56,False,,True,True,738.76,104,669962940,train,1
669962919,738.47,34,13:11:57,False,,True,True,738.76,104,669962940,train,1
669962920,738.45,34,13:11:58,False,,True,True,738.75,104,669962940,train,1
669962921,738.49,34,13:11:59,False,,True,True,738.75,104,669962940,train,1
669964251,738.11,34,13:33:33,False,,True,False,738.35,105,669964312,train,1
669964252,738.19,34,13:33:34,False,,True,False,738.35,105,669964312,train,1
669964253,738.15,34,13:33:35,False,,True,False,738.35,105,669964312,train,1
669964254,738.14,34,13:33:36,False,,True,False,738.35,105,669964312,train,1
669964255,738.17,34,13:33:37,False,,True,False,738.35,105,669964312,train,1
669964256,738.14,34,13:33:38,False,,True,False,738.35,105,669964312,train,1
669964257,738.16,34,13:33:39,False,,True,False,738.35,105,669964312,train,1
669964258,738.18,34,13:33:40,False,,True,False,738.35,105,669964312,train,1
669964259,738.16,34,13:33:41,False,,True,False,738.35,105,669964312,train,1
669964260,738.2,34,13:33:42,False,,True,False,738.35,105,669964312,train,1
669964261,738.16,34,13:33:43,False,,True,False,738.35,105,669964312,train,1
669964262,738.16,34,13:33:44,False,,True,False,738.35,105,669964312,train,1
669964263,738.16,34,13:33:45,False,,True,False,738.35,105,669964312,train,1
669964264,738.13,34,13:33:46,False,,True,False,738.35,105,669964312,train,1
669964265,738.15,34,13:33:47,False,,True,False,738.34,105,669964312,train,1
669964266,738.17,34,13:33:48,False,,True,False,738.34,105,669964312,train,1
669964267,738.15,34,13:33:49,False,,True,False,738.34,105,669964312,train,1
669964268,738.17,34,13:33:50,False,,True,False,738.34,105,669964312,train,1
669964269,738.15,34,13:33:51,False,,True,False,738.34,105,669964312,train,1
669964270,738.22,34,13:33:52,False,,True,False,738.34,105,669964312,train,1
669964271,738.12,34,13:33:53,False,,True,False,738.34,105,669964312,train,1
669964272,738.1,34,13:33:54,False,,True,False,738.34,105,669964312,train,1
669964273,738.19,34,13:33:55,False,,True,False,738.34,105,669964312,train,1
669964274,738.12,34,13:33:56,False,,True,False,738.34,105,669964312,train,1
669964275,738.17,34,13:33:57,False,,True,False,738.34,105,669964312,train,1
669964276,738.14,34,13:33:58,False,,True,False,738.34,105,669964312,train,1
669964277,738.16,34,13:33:59,False,,True,False,738.34,105,669964312,train,1
669964278,738.12,34,13:34:00,False,,True,False,738.34,105,669964312,train,1
669964279,738.14,34,13:34:01,False,,True,False,738.34,105,669964312,train,1
669964280,738.14,34,13:34:02,False,,True,False,738.34,105,669964312,train,1
669964281,738.09,34,13:34:03,False,,True,False,738.34,105,669964312,train,1
669964282,738.09,34,13:34:04,False,,True,False,738.34,105,669964312,train,1
669964283,738.13,34,13:34:05,False,,True,False,738.33,105,669964312,train,1
669964284,738.09,34,13:34:06,False,,True,False,738.33,105,669964312,train,1
669964285,738.11,34,13:34:06,False,,True,False,738.33,105,669964312,train,1
669964286,738.09,34,13:34:07,False,,True,False,738.33,105,669964312,train,1
669964287,738.06,34,13:34:08,False,,True,False,738.33,105,669964312,train,1
669964288,738.13,34,13:34:09,False,,True,False,738.33,105,669964312,train,1
669964289,738.06,34,13:34:10,False,,True,False,738.33,105,669964312,train,1
669964290,738.06,34,13:34:11,False,,True,False,738.33,105,669964312,train,1
669964291,738.08,34,13:34:12,False,,True,False,738.33,105,669964312,train,1
669964292,738.12,34,13:34:13,False,,True,False,738.33,105,669964312,train,1
669964293,738.1,34,13:34:14,False,,True,False,738.33,105,669964312,train,1
669964294,738.07,34,13:34:15,False,,True,False,738.33,105,669964312,train,1
669964295,738.03,34,13:34:16,False,,True,False,738.33,105,669964312,train,1
669964296,738.05,34,13:34:17,False,,True,False,738.33,105,669964312,train,1
669964297,738.03,34,13:34:18,False,,True,False,738.33,105,669964312,train,1
669964298,738.03,34,13:34:19,False,,True,False,738.32,105,669964312,train,1
669964299,737.96,34,13:34:20,False,,True,False,738.32,105,669964312,train,1
669964300,737.93,34,13:34:21,False,,True,False,738.32,105,669964312,train,1
669964301,737.98,34,13:34:22,False,,True,False,738.32,105,669964312,train,1
669964302,738.02,34,13:34:23,False,,True,False,738.32,105,669964312,train,1
669964303,738.04,34,13:34:24,False,,True,False,738.32,105,669964312,train,1
669964304,738.02,34,13:34:25,False,,True,False,738.32,105,669964312,train,1
669964305,738.02,34,13:34:26,False,,True,True,738.32,105,669964312,train,1
669964306,738.04,34,13:34:27,False,,True,True,738.32,105,669964312,train,1
669964307,737.97,34,13:34:28,False,,True,True,738.32,105,669964312,train,1
669964308,737.88,34,13:34:29,False,,True,True,738.32,105,669964312,train,1
669964309,737.88,34,13:34:30,False,,True,True,738.32,105,669964312,train,1
669964310,737.77,34,13:34:31,False,,True,True,738.31,105,669964312,train,1
669965088,737.27,34,13:47:08,False,,True,False,737.6,106,669965150,train,1
669965089,737.27,34,13:47:09,False,,True,False,737.6,106,669965150,train,1
669965090,737.25,34,13:47:10,False,,True,False,737.6,106,669965150,train,1
669965091,737.38,34,13:47:11,False,,True,False,737.6,106,669965150,train,1
669965092,737.32,34,13:47:12,False,,True,False,737.6,106,669965150,train,1
669965093,737.36,34,13:47:13,False,,True,False,737.6,106,669965150,train,1
669965094,737.33,34,13:47:14,False,,True,False,737.59,106,669965150,train,1
669965095,737.31,34,13:47:15,False,,True,False,737.59,106,669965150,train,1
669965096,737.36,34,13:47:16,False,,True,False,737.59,106,669965150,train,1
669965097,737.31,34,13:47:17,False,,True,False,737.59,106,669965150,train,1
669965098,737.4,34,13:47:18,False,,True,False,737.59,106,669965150,train,1
669965099,737.35,34,13:47:19,False,,True,False,737.59,106,669965150,train,1
669965100,737.37,34,13:47:20,False,,True,False,737.59,106,669965150,train,1
669965101,737.35,34,13:47:21,False,,True,False,737.59,106,669965150,train,1
669965102,737.33,34,13:47:22,False,,True,False,737.59,106,669965150,train,1
669965103,737.35,34,13:47:23,False,,True,False,737.58,106,669965150,train,1
669965104,737.33,34,13:47:24,False,,True,False,737.58,106,669965150,train,1
669965105,737.32,34,13:47:25,False,,True,False,737.58,106,669965150,train,1
669965106,737.3,34,13:47:26,False,,True,False,737.58,106,669965150,train,1
669965107,737.36,34,13:47:27,False,,True,False,737.58,106,669965150,train,1
669965108,737.32,34,13:47:28,False,,True,False,737.58,106,669965150,train,1
669965109,737.34,34,13:47:29,False,,True,False,737.58,106,669965150,train,1
669965110,737.29,34,13:47:30,False,,True,False,737.58,106,669965150,train,1
669965111,737.32,34,13:47:31,False,,True,False,737.58,106,669965150,train,1
669965112,737.34,34,13:47:32,False,,True,False,737.57,106,669965150,train,1
669965113,737.33,34,13:47:33,False,,True,False,737.57,106,669965150,train,1
669965114,737.29,34,13:47:34,False,,True,False,737.57,106,669965150,train,1
669965115,737.29,34,13:47:34,False,,True,False,737.57,106,669965150,train,1
669965116,737.31,34,13:47:35,False,,True,False,737.57,106,669965150,train,1
669965117,737.35,34,13:47:36,False,,True,False,737.57,106,669965150,train,1
669965118,737.31,34,13:47:37,False,,True,False,737.57,106,669965150,train,1
669965119,737.31,34,13:47:38,False,,True,False,737.57,106,669965150,train,1
669965120,737.3,34,13:47:39,False,,True,False,737.56,106,669965150,train,1
669965121,737.28,34,13:47:40,False,,True,False,737.56,106,669965150,train,1
669965122,737.3,34,13:47:41,False,,True,False,737.56,106,669965150,train,1
669965123,737.3,34,13:47:42,False,,True,False,737.56,106,669965150,train,1
669965124,737.34,34,13:47:43,False,,True,False,737.56,106,669965150,train,1
669965125,737.32,34,13:47:44,False,,True,False,737.56,106,669965150,train,1
669965126,737.32,34,13:47:45,False,,True,False,737.56,106,669965150,train,1
669965127,737.34,34,13:47:46,False,,True,False,737.56,106,669965150,train,1
669965128,737.36,34,13:47:47,False,,True,False,737.55,106,669965150,train,1
669965129,737.29,34,13:47:48,False,,True,False,737.55,106,669965150,train,1
669965130,737.31,34,13:47:49,False,,True,False,737.55,106,669965150,train,1
669965131,737.27,34,13:47:50,False,,True,False,737.55,106,669965150,train,1
669965132,737.27,34,13:47:51,False,,True,False,737.55,106,669965150,train,1
669965133,737.27,34,13:47:52,False,,True,False,737.55,106,669965150,train,1
669965134,737.24,34,13:47:53,False,,True,False,737.55,106,669965150,train,1
669965135,737.22,34,13:47:54,False,,True,False,737.55,106,669965150,train,1
669965136,737.24,34,13:47:55,False,,True,False,737.55,106,669965150,train,1
669965137,737.22,34,13:47:56,False,,True,False,737.54,106,669965150,train,1
669965138,737.17,34,13:47:57,False,,True,False,737.54,106,669965150,train,1
669965139,737.21,34,13:47:58,False,,True,False,737.54,106,669965150,train,1
669965140,737.19,34,13:47:59,False,,True,False,737.54,106,669965150,train,1
669965141,737.12,34,13:48:00,False,,True,True,737.54,106,669965150,train,1
669965142,737.1,34,13:48:01,False,,True,True,737.54,106,669965150,train,1
669965143,737.07,34,13:48:02,False,,True,True,737.54,106,669965150,train,1
669965144,736.94,34,13:48:03,False,,True,True,737.53,106,669965150,train,1
669965145,736.85,34,13:48:04,False,,True,True,737.53,106,669965150,train,1
669965146,736.73,34,13:48:05,False,,True,True,737.53,106,669965150,train,1
669965147,736.26,34,13:48:06,False,,True,True,737.53,106,669965150,train,1
669971634,731.34,34,15:33:21,False,,True,False,731.6,107,669971696,train,1
669971635,731.32,34,15:33:22,False,,True,False,731.6,107,669971696,train,1
669971636,731.35,34,15:33:23,False,,True,False,731.59,107,669971696,train,1
669971637,731.35,34,15:33:24,False,,True,False,731.59,107,669971696,train,1
669971638,731.32,34,15:33:25,False,,True,False,731.59,107,669971696,train,1
669971639,731.39,34,15:33:26,False,,True,False,731.59,107,669971696,train,1
669971640,731.35,34,15:33:27,False,,True,False,731.59,107,669971696,train,1
669971641,731.33,34,15:33:28,False,,True,False,731.59,107,669971696,train,1
669971642,731.28,34,15:33:29,False,,True,False,731.59,107,669971696,train,1
669971643,731.34,34,15:33:30,False,,True,False,731.59,107,669971696,train,1
669971644,731.34,34,15:33:30,False,,True,False,731.59,107,669971696,train,1
669971645,731.33,34,15:33:31,False,,True,False,731.59,107,669971696,train,1
669971646,731.35,34,15:33:32,False,,True,False,731.59,107,669971696,train,1
669971647,731.35,34,15:33:33,False,,True,False,731.58,107,669971696,train,1
669971648,731.35,34,15:33:34,False,,True,False,731.58,107,669971696,train,1
669971649,731.35,34,15:33:35,False,,True,False,731.58,107,669971696,train,1
669971650,731.35,34,15:33:36,False,,True,False,731.58,107,669971696,train,1
669971651,731.32,34,15:33:37,False,,True,False,731.58,107,669971696,train,1
669971652,731.39,34,15:33:38,False,,True,False,731.58,107,669971696,train,1
669971653,731.37,34,15:33:39,False,,True,False,731.58,107,669971696,train,1
669971654,731.35,34,15:33:40,False,,True,False,731.58,107,669971696,train,1
669971655,731.35,34,15:33:41,False,,True,False,731.58,107,669971696,train,1
669971656,731.32,34,15:33:42,False,,True,False,731.57,107,669971696,train,1
669971657,731.37,34,15:33:43,False,,True,False,731.57,107,669971696,train,1
669971658,731.35,34,15:33:44,False,,True,False,731.57,107,669971696,train,1
669971659,731.35,34,15:33:45,False,,True,False,731.57,107,669971696,train,1
669971660,731.41,34,15:33:46,False,,True,False,731.57,107,669971696,train,1
669971661,731.32,34,15:33:47,False,,True,False,731.57,107,669971696,train,1
669971662,731.35,34,15:33:48,False,,True,False,731.57,107,669971696,train,1
669971663,731.35,34,15:33:49,False,,True,False,731.57,107,669971696,train,1
669971664,731.35,34,15:33:50,False,,True,False,731.57,107,669971696,train,1
669971665,731.32,34,15:33:51,False,,True,False,731.57,107,669971696,train,1
669971666,731.37,34,15:33:52,False,,True,False,731.56,107,669971696,train,1
669971667,731.33,34,15:33:53,False,,True,False,731.56,107,669971696,train,1
669971668,731.31,34,15:33:54,False,,True,False,731.56,107,669971696,train,1
669971669,731.3,34,15:33:55,False,,True,False,731.56,107,669971696,train,1
669971670,731.32,34,15:33:56,False,,True,False,731.56,107,669971696,train,1
669971671,731.35,34,15:33:57,False,,True,False,731.56,107,669971696,train,1
669971672,731.33,34,15:33:58,False,,True,False,731.56,107,669971696,train,1
669971673,731.35,34,15:33:59,False,,True,False,731.56,107,669971696,train,1
669971674,731.39,34,15:34:00,False,,True,False,731.56,107,669971696,train,1
669971675,731.33,34,15:34:01,False,,True,False,731.56,107,669971696,train,1
669971676,731.32,34,15:34:02,False,,True,False,731.55,107,669971696,train,1
669971677,731.3,34,15:34:03,False,,True,False,731.55,107,669971696,train,1
669971678,731.3,34,15:34:04,False,,True,False,731.55,107,669971696,train,1
669971679,731.32,34,15:34:05,False,,True,False,731.55,107,669971696,train,1
669971680,731.26,34,15:34:06,False,,True,False,731.55,107,669971696,train,1
669971681,731.21,34,15:34:07,False,,True,False,731.55,107,669971696,train,1
669971682,731.26,34,15:34:07,False,,True,False,731.55,107,669971696,train,1
669971683,731.26,34,15:34:08,False,,True,False,731.55,107,669971696,train,1
669971684,731.24,34,15:34:09,False,,True,False,731.55,107,669971696,train,1
669971685,731.19,34,15:34:10,False,,True,False,731.54,107,669971696,train,1
669971686,731.21,34,15:34:11,False,,True,False,731.54,107,669971696,train,1
669971687,731.22,34,15:34:12,False,,True,False,731.54,107,669971696,train,1
669971688,731.24,34,15:34:13,False,,True,True,731.54,107,669971696,train,1
669971689,731.15,34,15:34:14,False,,True,True,731.54,107,669971696,train,1
669971690,731.15,34,15:34:15,False,,True,True,731.54,107,669971696,train,1
669971691,731.17,34,15:34:16,False,,True,True,731.54,107,669971696,train,1
669971692,731.12,34,15:34:17,False,,True,True,731.53,107,669971696,train,1
669971693,731.08,34,15:34:18,False,,True,True,731.53,107,669971696,train,1
669986345,741.51,34,19:32:02,False,,False,False,740.74,108,-1,,0
669986346,741.55,34,19:32:03,False,,False,False,740.74,108,-1,,0
669986347,741.53,34,19:32:04,False,,False,False,740.75,108,-1,,0
669986348,741.49,34,19:32:05,False,,False,False,740.75,108,-1,,0
669986349,741.47,34,19:32:06,False,,False,False,740.75,108,-1,,0
669986350,741.55,34,19:32:07,False,,False,False,740.76,108,-1,,0
669986351,741.53,34,19:32:08,False,,False,False,740.76,108,-1,,0
669986352,741.56,34,19:32:09,False,,False,False,740.76,108,-1,,0
669986353,741.49,34,19:32:10,False,,False,False,740.76,108,-1,,0
669986354,741.55,34,19:32:11,False,,False,False,740.77,108,-1,,0
669986355,741.53,34,19:32:12,False,,False,False,740.77,108,-1,,0
669986356,741.6,34,19:32:13,False,,False,False,740.77,108,-1,,0
669986357,741.51,34,19:32:14,False,,False,False,740.78,108,-1,,0
669986358,741.53,34,19:32:15,False,,False,False,740.78,108,-1,,0
669986359,741.58,34,19:32:16,False,,False,False,740.78,108,-1,,0
669986360,741.54,34,19:32:17,False,,False,False,740.79,108,-1,,0
669986361,741.6,34,19:32:17,False,,False,False,740.79,108,-1,,0
669986362,741.58,34,19:32:18,False,,False,False,740.79,108,-1,,0
669986363,741.58,34,19:32:19,False,,False,False,740.8,108,-1,,0
669986364,741.54,34,19:32:20,False,,False,False,740.8,108,-1,,0
669986365,741.58,34,19:32:21,False,,False,False,740.8,108,-1,,0
669986366,741.58,34,19:32:22,False,,False,False,740.81,108,-1,,0
669986367,741.56,34,19:32:23,False,,False,False,740.81,108,-1,,0
669986368,741.56,34,19:32:24,False,,False,False,740.81,108,-1,,0
669986369,741.58,34,19:32:25,False,,False,False,740.82,108,-1,,0
669986370,741.56,34,19:32:26,False,,False,False,740.82,108,-1,,0
669986371,741.58,34,19:32:27,False,,False,False,740.82,108,-1,,0
669986372,741.62,34,19:32:28,False,,False,False,740.83,108,-1,,0
669986373,741.54,34,19:32:29,False,,False,False,740.83,108,-1,,0
669986374,741.56,34,19:32:30,False,,False,False,740.83,108,-1,,0
669986375,741.59,34,19:32:31,False,,False,False,740.84,108,-1,,0
669986376,741.58,34,19:32:32,False,,False,False,740.84,108,-1,,0
669986377,741.63,34,19:32:33,False,,False,False,740.84,108,-1,,0
669986378,741.61,34,19:32:34,False,,False,False,740.85,108,-1,,0
669986379,741.63,34,19:32:35,False,,False,False,740.85,108,-1,,0
669986380,741.63,34,19:32:36,False,,False,False,740.85,108,-1,,0
669986381,741.67,34,19:32:37,False,,False,False,740.86,108,-1,,0
669986382,741.63,34,19:32:38,False,,False,False,740.86,108,-1,,0
669986383,741.61,34,19:32:39,False,,False,False,740.86,108,-1,,0
669986384,741.65,34,19:32:40,False,,False,False,740.87,108,-1,,0
669986385,741.7,34,19:32:41,False,,False,False,740.87,108,-1,,0
669986386,741.7,34,19:32:42,False,,False,False,740.87,108,-1,,0
669986387,741.63,34,19:32:43,False,,False,False,740.88,108,-1,,0
669986388,741.66,34,19:32:44,False,,False,False,740.88,108,-1,,0
669986389,741.67,34,19:32:45,False,,False,False,740.88,108,-1,,0
669986390,741.72,34,19:32:46,False,,False,False,740.88,108,-1,,0
669986391,741.68,34,19:32:47,False,,False,False,740.89,108,-1,,0
669986392,741.72,34,19:32:48,False,,False,False,740.89,108,-1,,0
669986393,741.68,34,19:32:49,False,,False,False,740.89,108,-1,,0
669986394,741.72,34,19:32:50,False,,False,False,740.9,108,-1,,0
669986395,741.72,34,19:32:51,False,,False,False,740.9,108,-1,,0
669986396,741.72,34,19:32:52,False,,False,False,740.9,108,-1,,0
669986397,741.68,34,19:32:53,False,,False,False,740.91,108,-1,,0
669986398,741.72,34,19:32:54,False,,False,False,740.91,108,-1,,0
669986399,741.72,34,19:32:54,False,,False,False,740.91,108,-1,,0
669986400,741.73,34,19:32:55,False,,False,False,740.92,108,-1,,0
669986401,741.75,34,19:32:56,False,,False,False,740.92,108,-1,,0
669986402,741.77,34,19:32:57,False,,False,False,740.92,108,-1,,0
669986403,741.7,34,19:32:58,False,,False,False,740.93,108,-1,,0
669986404,741.77,34,19:32:59,False,,False,False,740.93,108,-1,,0
670028704,753.29,35,6:59:18,False,,False,False,753.1,109,-1,,0
670028705,753.35,35,6:59:19,False,,False,False,753.1,109,-1,,0
670028706,753.27,35,6:59:20,False,,False,False,753.1,109,-1,,0
670028707,753.29,35,6:59:21,False,,False,False,753.11,109,-1,,0
670028708,753.28,35,6:59:22,False,,False,False,753.11,109,-1,,0
670028709,753.33,35,6:59:23,False,,False,False,753.11,109,-1,,0
670028710,753.31,35,6:59:24,False,,False,False,753.11,109,-1,,0
670028711,753.33,35,6:59:25,False,,False,False,753.11,109,-1,,0
670028712,753.3,35,6:59:26,False,,False,False,753.11,109,-1,,0
670028713,753.33,35,6:59:27,False,,False,False,753.11,109,-1,,0
670028714,753.3,35,6:59:28,False,,False,False,753.11,109,-1,,0
670028715,753.35,35,6:59:29,False,,False,False,753.11,109,-1,,0
670028716,753.37,35,6:59:30,False,,False,False,753.11,109,-1,,0
670028717,753.37,35,6:59:31,False,,False,False,753.11,109,-1,,0
670028718,753.34,35,6:59:32,False,,False,False,753.11,109,-1,,0
670028719,753.35,35,6:59:33,False,,False,False,753.11,109,-1,,0
670028720,753.37,35,6:59:34,False,,False,False,753.12,109,-1,,0
670028721,753.34,35,6:59:35,False,,False,False,753.12,109,-1,,0
670028722,753.39,35,6:59:36,False,,False,False,753.12,109,-1,,0
670028723,753.36,35,6:59:37,False,,False,False,753.12,109,-1,,0
670028724,753.32,35,6:59:38,False,,False,False,753.12,109,-1,,0
670028725,753.34,35,6:59:39,False,,False,False,753.12,109,-1,,0
670028726,753.36,35,6:59:40,False,,False,False,753.12,109,-1,,0
670028727,753.38,35,6:59:41,False,,False,False,753.12,109,-1,,0
670028728,753.38,35,6:59:42,False,,False,False,753.12,109,-1,,0
670028729,753.38,35,6:59:43,False,,False,False,753.12,109,-1,,0
670028730,753.34,35,6:59:44,False,,False,False,753.12,109,-1,,0
670028731,753.38,35,6:59:45,False,,False,False,753.12,109,-1,,0
670028732,753.38,35,6:59:46,False,,False,False,753.12,109,-1,,0
670028733,753.33,35,6:59:47,False,,False,False,753.13,109,-1,,0
670028734,753.4,35,6:59:48,False,,False,False,753.13,109,-1,,0
670028735,753.37,35,6:59:49,False,,False,False,753.13,109,-1,,0
670028736,753.42,35,6:59:50,False,,False,False,753.13,109,-1,,0
670028737,753.35,35,6:59:51,False,,False,False,753.13,109,-1,,0
670028738,753.4,35,6:59:52,False,,False,False,753.13,109,-1,,0
670028739,753.4,35,6:59:52,False,,False,False,753.13,109,-1,,0
670028740,753.42,35,6:59:53,False,,False,False,753.13,109,-1,,0
670028741,753.38,35,6:59:54,False,,False,False,753.13,109,-1,,0
670028742,753.4,35,6:59:55,False,,False,False,753.13,109,-1,,0
670028743,753.35,35,6:59:56,False,,False,False,753.13,109,-1,,0
670028744,753.4,35,6:59:57,False,,False,False,753.13,109,-1,,0
670028745,753.44,35,6:59:58,False,,False,False,753.14,109,-1,,0
670028746,753.42,35,6:59:59,False,,False,False,753.14,109,-1,,0
670028747,753.41,35,7:00:00,False,,False,False,753.14,109,-1,,0
670028748,753.39,35,7:00:01,False,,False,False,753.14,109,-1,,0
670028749,753.42,35,7:00:02,False,,False,False,753.14,109,-1,,0
670028750,753.48,35,7:00:03,False,,False,False,753.14,109,-1,,0
670028751,753.37,35,7:00:04,False,,False,False,753.14,109,-1,,0
670028752,753.41,35,7:00:05,False,,False,False,753.14,109,-1,,0
670028753,753.41,35,7:00:06,False,,False,False,753.14,109,-1,,0
670028754,753.41,35,7:00:07,False,,False,False,753.14,109,-1,,0
670028755,753.41,35,7:00:08,False,,False,False,753.14,109,-1,,0
670028756,753.47,35,7:00:09,False,,False,False,753.14,109,-1,,0
670028757,753.45,35,7:00:10,False,,False,False,753.15,109,-1,,0
670028758,753.43,35,7:00:11,False,,False,False,753.15,109,-1,,0
670028759,753.43,35,7:00:12,False,,False,False,753.15,109,-1,,0
670028760,753.43,35,7:00:13,False,,False,False,753.15,109,-1,,0
670028761,753.43,35,7:00:14,False,,False,False,753.15,109,-1,,0
670028762,753.45,35,7:00:15,False,,False,False,753.15,109,-1,,0
670028763,753.45,35,7:00:16,False,,False,False,753.15,109,-1,,0
670035089,752.93,35,8:42:54,False,,False,False,753.23,110,-1,,0
670035090,752.84,35,8:42:55,False,,False,False,753.23,110,-1,,0
670035091,752.86,35,8:42:56,False,,False,False,753.23,110,-1,,0
670035092,752.86,35,8:42:57,False,,False,False,753.23,110,-1,,0
670035093,752.79,35,8:42:58,False,,False,False,753.23,110,-1,,0
670035094,752.81,35,8:42:59,False,,False,False,753.23,110,-1,,0
670035095,752.86,35,8:43:00,False,,False,False,753.23,110,-1,,0
670035096,752.85,35,8:43:01,False,,False,False,753.22,110,-1,,0
670035097,752.89,35,8:43:02,False,,False,False,753.22,110,-1,,0
670035098,752.87,35,8:43:03,False,,False,False,753.22,110,-1,,0
670035099,752.81,35,8:43:04,False,,False,False,753.22,110,-1,,0
670035100,752.8,35,8:43:05,False,,False,False,753.22,110,-1,,0
670035101,752.85,35,8:43:06,False,,False,False,753.22,110,-1,,0
670035102,752.87,35,8:43:07,False,,False,False,753.22,110,-1,,0
670035103,752.78,35,8:43:08,False,,False,False,753.22,110,-1,,0
670035104,752.84,35,8:43:09,False,,False,False,753.21,110,-1,,0
670035105,752.82,35,8:43:10,False,,False,False,753.21,110,-1,,0
670035106,752.77,35,8:43:11,False,,False,False,753.21,110,-1,,0
670035107,752.84,35,8:43:12,False,,False,False,753.21,110,-1,,0
670035108,752.77,35,8:43:13,False,,False,False,753.21,110,-1,,0
670035109,752.79,35,8:43:14,False,,False,False,753.21,110,-1,,0
670035110,752.79,35,8:43:15,False,,False,False,753.21,110,-1,,0
670035111,752.74,35,8:43:16,False,,False,False,753.21,110,-1,,0
670035112,752.76,35,8:43:17,False,,False,False,753.2,110,-1,,0
670035113,752.78,35,8:43:18,False,,False,False,753.2,110,-1,,0
670035114,752.82,35,8:43:19,False,,False,False,753.2,110,-1,,0
670035115,752.82,35,8:43:20,False,,False,False,753.2,110,-1,,0
670035116,752.84,35,8:43:21,False,,False,False,753.2,110,-1,,0
670035117,752.78,35,8:43:21,False,,False,False,753.2,110,-1,,0
670035118,752.79,35,8:43:22,False,,False,False,753.2,110,-1,,0
670035119,752.75,35,8:43:23,False,,False,False,753.19,110,-1,,0
670035120,752.79,35,8:43:24,False,,False,False,753.19,110,-1,,0
670035121,752.77,35,8:43:25,False,,False,False,753.19,110,-1,,0
670035122,752.76,35,8:43:26,False,,False,False,753.19,110,-1,,0
670035123,752.77,35,8:43:27,False,,False,False,753.19,110,-1,,0
670035124,752.78,35,8:43:28,False,,False,False,753.19,110,-1,,0
670035125,752.74,35,8:43:29,False,,False,False,753.19,110,-1,,0
670035126,752.74,35,8:43:30,False,,False,False,753.18,110,-1,,0
670035127,752.74,35,8:43:31,False,,False,False,753.18,110,-1,,0
670035128,752.73,35,8:43:32,False,,False,False,753.18,110,-1,,0
670035129,752.69,35,8:43:33,False,,False,False,753.18,110,-1,,0
670035130,752.73,35,8:43:34,False,,False,False,753.18,110,-1,,0
670035131,752.73,35,8:43:35,False,,False,False,753.18,110,-1,,0
670035132,752.73,35,8:43:36,False,,False,False,753.18,110,-1,,0
670035133,752.75,35,8:43:37,False,,False,False,753.17,110,-1,,0
670035134,752.75,35,8:43:38,False,,False,False,753.17,110,-1,,0
670035135,752.77,35,8:43:39,False,,False,False,753.17,110,-1,,0
670035136,752.72,35,8:43:40,False,,False,False,753.17,110,-1,,0
670035137,752.76,35,8:43:41,False,,False,False,753.17,110,-1,,0
670035138,752.76,35,8:43:42,False,,False,False,753.17,110,-1,,0
670035139,752.7,35,8:43:43,False,,False,False,753.17,110,-1,,0
670035140,752.72,35,8:43:44,False,,False,False,753.17,110,-1,,0
670035141,752.74,35,8:43:45,False,,False,False,753.16,110,-1,,0
670035142,752.76,35,8:43:46,False,,False,False,753.16,110,-1,,0
670035143,752.73,35,8:43:47,False,,False,False,753.16,110,-1,,0
670035144,752.69,35,8:43:48,False,,False,False,753.16,110,-1,,0
670035145,752.69,35,8:43:49,False,,False,False,753.16,110,-1,,0
670035146,752.71,35,8:43:50,False,,False,False,753.16,110,-1,,0
670035147,752.71,35,8:43:51,False,,False,False,753.15,110,-1,,0
670035148,752.7,35,8:43:52,False,,False,False,753.15,110,-1,,0
670046881,737.13,35,11:54:14,False,,True,False,737.14,111,670046942,train,1
670046882,737.13,35,11:54:15,False,,True,False,737.14,111,670046942,train,1
670046883,737.06,35,11:54:16,False,,True,False,737.14,111,670046942,train,1
670046884,737.1,35,11:54:17,False,,True,False,737.14,111,670046942,train,1
670046885,737.12,35,11:54:18,False,,True,False,737.14,111,670046942,train,1
670046886,737.14,35,11:54:19,False,,True,False,737.15,111,670046942,train,1
670046887,737.12,35,11:54:20,False,,True,False,737.15,111,670046942,train,1
670046888,737.16,35,11:54:21,False,,True,False,737.15,111,670046942,train,1
670046889,737.14,35,11:54:22,False,,True,False,737.15,111,670046942,train,1
670046890,737.13,35,11:54:23,False,,True,False,737.15,111,670046942,train,1
670046891,737.18,35,11:54:23,False,,True,False,737.15,111,670046942,train,1
670046892,737.15,35,11:54:24,False,,True,False,737.15,111,670046942,train,1
670046893,737.15,35,11:54:25,False,,True,False,737.15,111,670046942,train,1
670046894,737.15,35,11:54:26,False,,True,False,737.15,111,670046942,train,1
670046895,737.14,35,11:54:27,False,,True,False,737.15,111,670046942,train,1
670046896,737.16,35,11:54:28,False,,True,False,737.15,111,670046942,train,1
670046897,737.12,35,11:54:29,False,,True,False,737.15,111,670046942,train,1
670046898,737.16,35,11:54:30,False,,True,False,737.15,111,670046942,train,1
670046899,737.07,35,11:54:31,False,,True,False,737.15,111,670046942,train,1
670046900,737.04,35,11:54:32,False,,True,False,737.15,111,670046942,train,1
670046901,737.04,35,11:54:33,False,,True,False,737.15,111,670046942,train,1
670046902,737.13,35,11:54:34,False,,True,False,737.15,111,670046942,train,1
670046903,737.17,35,11:54:35,False,,True,False,737.15,111,670046942,train,1
670046904,737.21,35,11:54:36,False,,True,False,737.15,111,670046942,train,1
670046905,737.21,35,11:54:37,False,,True,False,737.15,111,670046942,train,1
670046906,737.12,35,11:54:38,False,,True,False,737.15,111,670046942,train,1
670046907,737.18,35,11:54:39,False,,True,False,737.15,111,670046942,train,1
670046908,737.16,35,11:54:40,False,,True,False,737.15,111,670046942,train,1
670046909,737.14,35,11:54:41,False,,True,False,737.15,111,670046942,train,1
670046910,737.18,35,11:54:42,False,,True,False,737.15,111,670046942,train,1
670046911,737.22,35,11:54:43,False,,True,False,737.15,111,670046942,train,1
670046912,737.19,35,11:54:44,False,,True,False,737.15,111,670046942,train,1
670046913,737.13,35,11:54:45,False,,True,False,737.15,111,670046942,train,1
670046914,737.12,35,11:54:46,False,,True,False,737.15,111,670046942,train,1
670046915,737.16,35,11:54:47,False,,True,False,737.15,111,670046942,train,1
670046916,737.16,35,11:54:48,False,,True,False,737.15,111,670046942,train,1
670046917,737.05,35,11:54:49,False,,True,False,737.15,111,670046942,train,1
670046918,737.09,35,11:54:50,False,,True,False,737.16,111,670046942,train,1
670046919,737.05,35,11:54:51,False,,True,False,737.16,111,670046942,train,1
670046920,737.13,35,11:54:52,False,,True,False,737.16,111,670046942,train,1
670046921,737.09,35,11:54:53,False,,True,False,737.16,111,670046942,train,1
670046922,737.06,35,11:54:54,False,,True,False,737.16,111,670046942,train,1
670046923,737.01,35,11:54:55,False,,True,False,737.16,111,670046942,train,1
670046924,737.04,35,11:54:56,False,,True,False,737.16,111,670046942,train,1
670046925,737.03,35,11:54:57,False,,True,False,737.16,111,670046942,train,1
670046926,736.92,35,11:54:58,False,,True,False,737.16,111,670046942,train,1
670046927,736.85,35,11:54:59,False,,True,False,737.15,111,670046942,train,1
670046928,736.93,35,11:55:00,False,,True,False,737.15,111,670046942,train,1
670046929,737.12,35,11:55:00,False,,True,False,737.15,111,670046942,train,1
670046930,737.14,35,11:55:01,False,,True,False,737.15,111,670046942,train,1
670046931,737.11,35,11:55:02,False,,True,False,737.15,111,670046942,train,1
670046932,737.13,35,11:55:03,False,,True,False,737.15,111,670046942,train,1
670046933,737.15,35,11:55:04,False,,True,False,737.15,111,670046942,train,1
670046934,737.15,35,11:55:05,False,,True,False,737.16,111,670046942,train,1
670046935,737.17,35,11:55:06,False,,True,False,737.16,111,670046942,train,1
670046936,737.05,35,11:55:07,False,,True,True,737.16,111,670046942,train,1
670046937,737.01,35,11:55:08,False,,True,True,737.16,111,670046942,train,1
670046938,736.94,35,11:55:09,False,,True,True,737.16,111,670046942,train,1
670046939,736.77,35,11:55:10,False,,True,True,737.15,111,670046942,train,1
670046940,736.57,35,11:55:11,False,,True,True,737.15,111,670046942,train,1
670047470,737.51,35,12:03:47,False,,True,False,737.44,112,670047546,train,1
670047471,737.46,35,12:03:48,False,,True,False,737.44,112,670047546,train,1
670047472,737.49,35,12:03:49,False,,True,False,737.44,112,670047546,train,1
670047473,737.53,35,12:03:50,False,,True,False,737.44,112,670047546,train,1
670047474,737.5,35,12:03:51,False,,True,False,737.44,112,670047546,train,1
670047475,737.5,35,12:03:52,False,,True,False,737.44,112,670047546,train,1
670047476,737.55,35,12:03:53,False,,True,False,737.44,112,670047546,train,1
670047477,737.48,35,12:03:54,False,,True,False,737.44,112,670047546,train,1
670047478,737.46,35,12:03:55,False,,True,False,737.45,112,670047546,train,1
670047479,737.45,35,12:03:56,False,,True,False,737.45,112,670047546,train,1
670047480,737.52,35,12:03:57,False,,True,True,737.45,112,670047546,train,1
670047481,737.48,35,12:03:58,False,,True,True,737.45,112,670047546,train,1
670047482,737.5,35,12:03:59,False,,True,True,737.45,112,670047546,train,1
670047483,737.49,35,12:04:00,False,,True,True,737.45,112,670047546,train,1
670047484,737.54,35,12:04:01,False,,True,True,737.45,112,670047546,train,1
670047485,737.47,35,12:04:02,False,,True,True,737.45,112,670047546,train,1
670047486,737.49,35,12:04:03,False,,True,True,737.45,112,670047546,train,1
670047487,737.51,35,12:04:04,False,,True,True,737.45,112,670047546,train,1
670047488,737.53,35,12:04:05,False,,True,True,737.45,112,670047546,train,1
670047489,737.55,35,12:04:06,False,,True,True,737.45,112,670047546,train,1
670047490,737.59,35,12:04:07,False,,True,True,737.45,112,670047546,train,1
670047491,737.57,35,12:04:08,False,,True,True,737.45,112,670047546,train,1
670047492,737.55,35,12:04:09,False,,True,True,737.45,112,670047546,train,1
670047493,737.5,35,12:04:10,False,,True,True,737.45,112,670047546,train,1
670047494,737.5,35,12:04:11,False,,True,True,737.45,112,670047546,train,1
670047495,737.56,35,12:04:11,False,,True,True,737.45,112,670047546,train,1
670047496,737.54,35,12:04:12,False,,True,True,737.45,112,670047546,train,1
670047497,737.56,35,12:04:13,False,,True,True,737.45,112,670047546,train,1
670047498,737.56,35,12:04:14,False,,True,True,737.45,112,670047546,train,1
670047499,737.52,35,12:04:15,False,,True,True,737.45,112,670047546,train,1
670047500,737.56,35,12:04:16,False,,True,True,737.45,112,670047546,train,1
670047501,737.58,35,12:04:17,False,,True,True,737.45,112,670047546,train,1
670047502,737.56,35,12:04:18,False,,True,True,737.46,112,670047546,train,1
670047503,737.51,35,12:04:19,False,,True,True,737.46,112,670047546,train,1
670047504,737.53,35,12:04:20,False,,True,True,737.46,112,670047546,train,1
670047505,737.53,35,12:04:21,False,,True,True,737.46,112,670047546,train,1
670047506,737.48,35,12:04:22,False,,True,True,737.46,112,670047546,train,1
670047507,737.54,35,12:04:23,False,,True,True,737.46,112,670047546,train,1
670047508,737.5,35,12:04:24,False,,True,True,737.46,112,670047546,train,1
670047509,737.55,35,12:04:25,False,,True,True,737.46,112,670047546,train,1
670047510,737.52,35,12:04:26,False,,True,True,737.46,112,670047546,train,1
670047511,737.5,35,12:04:27,False,,True,True,737.46,112,670047546,train,1
670047512,737.52,35,12:04:28,False,,True,True,737.46,112,670047546,train,1
670047513,737.49,35,12:04:29,False,,True,True,737.46,112,670047546,train,1
670047514,737.47,35,12:04:30,False,,True,True,737.46,112,670047546,train,1
670047515,737.54,35,12:04:31,False,,True,True,737.46,112,670047546,train,1
670047516,737.47,35,12:04:32,False,,True,True,737.46,112,670047546,train,1
670047517,737.51,35,12:04:33,False,,True,True,737.46,112,670047546,train,1
670047518,737.42,35,12:04:34,False,,True,True,737.46,112,670047546,train,1
670047519,737.46,35,12:04:35,False,,True,True,737.46,112,670047546,train,1
670047520,737.44,35,12:04:36,False,,True,True,737.46,112,670047546,train,1
670047521,737.46,35,12:04:37,False,,True,True,737.46,112,670047546,train,1
670047522,737.42,35,12:04:38,False,,True,True,737.46,112,670047546,train,1
670047523,737.46,35,12:04:39,False,,True,True,737.46,112,670047546,train,1
670047524,737.46,35,12:04:40,False,,True,True,737.46,112,670047546,train,1
670047525,737.39,35,12:04:41,False,,True,True,737.46,112,670047546,train,1
670047526,737.36,35,12:04:42,False,,True,True,737.46,112,670047546,train,1
670047527,737.34,35,12:04:43,False,,True,True,737.46,112,670047546,train,1
670047528,737.34,35,12:04:44,False,,True,True,737.46,112,670047546,train,1
670047529,737.34,35,12:04:45,False,,True,True,737.46,112,670047546,train,1
670055535,735.57,35,14:14:38,False,,True,False,735.71,113,670055611,train,1
670055536,735.52,35,14:14:39,False,,True,False,735.71,113,670055611,train,1
670055537,735.5,35,14:14:40,False,,True,False,735.71,113,670055611,train,1
670055538,735.47,35,14:14:41,False,,True,False,735.71,113,670055611,train,1
670055539,735.5,35,14:14:42,False,,True,False,735.71,113,670055611,train,1
670055540,735.5,35,14:14:43,False,,True,False,735.71,113,670055611,train,1
670055541,735.52,35,14:14:44,False,,True,False,735.71,113,670055611,train,1
670055542,735.5,35,14:14:45,False,,True,False,735.71,113,670055611,train,1
670055543,735.51,35,14:14:46,False,,True,False,735.71,113,670055611,train,1
670055544,735.47,35,14:14:47,False,,True,False,735.71,113,670055611,train,1
670055545,735.51,35,14:14:48,False,,True,False,735.71,113,670055611,train,1
670055546,735.51,35,14:14:49,False,,True,False,735.71,113,670055611,train,1
670055547,735.49,35,14:14:50,False,,True,True,735.71,113,670055611,train,1
670055548,735.53,35,14:14:51,False,,True,True,735.71,113,670055611,train,1
670055549,735.53,35,14:14:52,False,,True,True,735.71,113,670055611,train,1
670055550,735.53,35,14:14:53,False,,True,True,735.71,113,670055611,train,1
670055551,735.55,35,14:14:54,False,,True,True,735.71,113,670055611,train,1
670055552,735.48,35,14:14:55,False,,True,True,735.71,113,670055611,train,1
670055553,735.39,35,14:14:56,False,,True,True,735.71,113,670055611,train,1
670055554,735.44,35,14:14:57,False,,True,True,735.71,113,670055611,train,1
670055555,735.46,35,14:14:58,False,,True,True,735.7,113,670055611,train,1
670055556,735.5,35,14:14:59,False,,True,True,735.7,113,670055611,train,1
670055557,735.41,35,14:15:00,False,,True,True,735.7,113,670055611,train,1
670055558,735.41,35,14:15:01,False,,True,True,735.7,113,670055611,train,1
670055559,735.5,35,14:15:02,False,,True,True,735.7,113,670055611,train,1
670055560,735.43,35,14:15:03,False,,True,True,735.7,113,670055611,train,1
670055561,735.5,35,14:15:04,False,,True,True,735.7,113,670055611,train,1
670055562,735.48,35,14:15:05,False,,True,True,735.7,113,670055611,train,1
670055563,735.47,35,14:15:06,False,,True,True,735.7,113,670055611,train,1
670055564,735.45,35,14:15:07,False,,True,True,735.7,113,670055611,train,1
670055565,735.43,35,14:15:08,False,,True,True,735.7,113,670055611,train,1
670055566,735.45,35,14:15:09,False,,True,True,735.7,113,670055611,train,1
670055567,735.43,35,14:15:10,False,,True,True,735.69,113,670055611,train,1
670055568,735.45,35,14:15:11,False,,True,True,735.69,113,670055611,train,1
670055569,735.53,35,14:15:12,False,,True,True,735.69,113,670055611,train,1
670055570,735.46,35,14:15:12,False,,True,True,735.69,113,670055611,train,1
670055571,735.49,35,14:15:13,False,,True,True,735.69,113,670055611,train,1
670055572,735.42,35,14:15:14,False,,True,True,735.69,113,670055611,train,1
670055573,735.49,35,14:15:15,False,,True,True,735.69,113,670055611,train,1
670055574,735.51,35,14:15:16,False,,True,True,735.69,113,670055611,train,1
670055575,735.46,35,14:15:17,False,,True,True,735.69,113,670055611,train,1
670055576,735.5,35,14:15:18,False,,True,True,735.69,113,670055611,train,1
670055577,735.53,35,14:15:19,False,,True,True,735.69,113,670055611,train,1
670055578,735.48,35,14:15:20,False,,True,True,735.69,113,670055611,train,1
670055579,735.48,35,14:15:21,False,,True,True,735.69,113,670055611,train,1
670055580,735.46,35,14:15:22,False,,True,True,735.68,113,670055611,train,1
670055581,735.48,35,14:15:23,False,,True,True,735.68,113,670055611,train,1
670055582,735.36,35,14:15:24,False,,True,True,735.68,113,670055611,train,1
670055583,735.39,35,14:15:25,False,,True,True,735.68,113,670055611,train,1
670055584,735.45,35,14:15:26,False,,True,True,735.68,113,670055611,train,1
670055585,735.43,35,14:15:27,False,,True,True,735.68,113,670055611,train,1
670055586,735.43,35,14:15:28,False,,True,True,735.68,113,670055611,train,1
670055587,735.29,35,14:15:29,False,,True,True,735.68,113,670055611,train,1
670055588,735.38,35,14:15:30,False,,True,True,735.68,113,670055611,train,1
670055589,735.36,35,14:15:31,False,,True,True,735.68,113,670055611,train,1
670055590,735.31,35,14:15:32,False,,True,True,735.68,113,670055611,train,1
670055591,735.29,35,14:15:33,False,,True,True,735.67,113,670055611,train,1
670055592,735.33,35,14:15:34,False,,True,True,735.67,113,670055611,train,1
670055593,735.26,35,14:15:35,False,,True,True,735.67,113,670055611,train,1
670055594,735.15,35,14:15:36,False,,True,True,735.67,113,670055611,train,1
