2025-06-19 12:43:28,303 - __main__ - INFO - Reading vortex SCLK data...
2025-06-19 12:43:28,304 - __main__ - ERROR - Error reading vortex file Jackson_vortex_detections_reformatted_augmented.csv: Vortex file not found: Jackson_vortex_detections_reformatted_augmented.csv
2025-06-19 12:43:28,304 - __main__ - ERROR - Error in main pipeline: Vortex file not found: Jackson_vortex_detections_reformatted_augmented.csv
2025-06-19 12:43:28,304 - __main__ - ERROR - Stack trace:
Traceback (most recent call last):
  File "D:\Martian\martian_script\Anita\newfe.py", line 546, in main
    vortex_sclk_list = read_vortex_sclk(VORTEX_FILE)
  File "D:\Martian\martian_script\Anita\newfe.py", line 61, in read_vortex_sclk
    raise FileNotFoundError(f"Vortex file not found: {file_path}")
FileNotFoundError: Vortex file not found: Jackson_vortex_detections_reformatted_augmented.csv
2025-06-19 12:44:03,357 - __main__ - INFO - Reading vortex SCLK data...
2025-06-19 12:44:03,361 - __main__ - INFO - Successfully read 309 SCLK values from ../data/Jackson_vortex_detections_reformatted_augmented.csv
2025-06-19 12:44:03,361 - __main__ - INFO - Successfully read 309 SCLK values
2025-06-19 12:44:03,361 - __main__ - INFO - Reading ML data...
2025-06-19 12:44:03,361 - __main__ - ERROR - Error reading ML data file ml_ready_vortex_data.csv: ML data file not found: ml_ready_vortex_data.csv
2025-06-19 12:44:03,361 - __main__ - ERROR - Error in main pipeline: ML data file not found: ml_ready_vortex_data.csv
2025-06-19 12:44:03,362 - __main__ - ERROR - Stack trace:
Traceback (most recent call last):
  File "D:\Martian\martian_script\Anita\newfe.py", line 550, in main
    ml_df = read_ml_data(ML_FILE)
  File "D:\Martian\martian_script\Anita\newfe.py", line 99, in read_ml_data
    raise FileNotFoundError(f"ML data file not found: {file_path}")
FileNotFoundError: ML data file not found: ml_ready_vortex_data.csv
2025-06-19 12:44:15,310 - __main__ - INFO - Reading vortex SCLK data...
2025-06-19 12:44:15,312 - __main__ - INFO - Successfully read 309 SCLK values from ../data/Jackson_vortex_detections_reformatted_augmented.csv
2025-06-19 12:44:15,312 - __main__ - INFO - Successfully read 309 SCLK values
2025-06-19 12:44:15,314 - __main__ - INFO - Reading ML data...
2025-06-19 12:44:17,503 - __main__ - INFO - Successfully loaded ML data from ../data/ml_ready_vortex_data.csv
2025-06-19 12:44:17,503 - __main__ - INFO - Successfully loaded ML data with 3590168 rows
2025-06-19 12:44:17,503 - __main__ - INFO - Validating data quality...
2025-06-19 12:44:17,938 - __main__ - WARNING - Data quality issues detected:
2025-06-19 12:44:17,938 - __main__ - WARNING - - Missing values found: {'gt_vortex_ind': 3577695}
2025-06-19 12:44:17,938 - __main__ - WARNING - - Severe class imbalance detected: 0.51% positive samples
2025-06-19 12:44:17,939 - __main__ - INFO - Processing vortex events...
2025-06-19 12:44:17,943 - __main__ - INFO - Processing vortex SCLK 668288145 found at ml index: 16563
2025-06-19 12:44:17,990 - __main__ - INFO - Processing vortex SCLK 668288356 found at ml index: 16774
2025-06-19 12:44:18,032 - __main__ - INFO - Processing vortex SCLK 668363851 found at ml index: 58206
2025-06-19 12:44:18,076 - __main__ - INFO - Processing vortex SCLK 668370696 found at ml index: 61613
2025-06-19 12:44:18,118 - __main__ - INFO - Processing vortex SCLK 668373458 found at ml index: 64372
2025-06-19 12:44:18,162 - __main__ - INFO - Processing vortex SCLK 668450709 found at ml index: 109929
2025-06-19 12:44:18,209 - __main__ - INFO - Processing vortex SCLK 668451679 found at ml index: 110896
2025-06-19 12:44:18,255 - __main__ - INFO - Processing vortex SCLK 668465594 found at ml index: 113943
2025-06-19 12:44:18,300 - __main__ - INFO - Processing vortex SCLK 668471362 found at ml index: 116280
2025-06-19 12:44:18,345 - __main__ - INFO - Processing vortex SCLK 668534767 found at ml index: 149951
2025-06-19 12:44:18,396 - __main__ - INFO - Processing vortex SCLK 668540964 found at ml index: 156148
2025-06-19 12:44:18,436 - __main__ - INFO - Processing vortex SCLK 668541515 found at ml index: 156699
2025-06-19 12:44:18,479 - __main__ - INFO - Processing vortex SCLK 668542064 found at ml index: 157248
2025-06-19 12:44:18,525 - __main__ - INFO - Processing vortex SCLK 668542340 found at ml index: 157524
2025-06-19 12:44:18,570 - __main__ - INFO - Processing vortex SCLK 668551101 found at ml index: 162084
2025-06-19 12:44:18,615 - __main__ - INFO - Processing vortex SCLK 668555682 found at ml index: 163446
2025-06-19 12:44:18,660 - __main__ - INFO - Processing vortex SCLK 668556124 found at ml index: 163888
2025-06-19 12:44:18,705 - __main__ - INFO - Processing vortex SCLK 668557517 found at ml index: 165281
2025-06-19 12:44:18,751 - __main__ - INFO - Processing vortex SCLK 668716847 found at ml index: 186189
2025-06-19 12:44:18,796 - __main__ - INFO - Processing vortex SCLK 668723694 found at ml index: 189570
2025-06-19 12:44:18,837 - __main__ - INFO - Processing vortex SCLK 668801790 found at ml index: 232821
2025-06-19 12:44:18,879 - __main__ - INFO - Processing vortex SCLK 668808927 found at ml index: 236462
2025-06-19 12:44:18,922 - __main__ - INFO - Processing vortex SCLK 668810541 found at ml index: 238076
2025-06-19 12:44:18,964 - __main__ - INFO - Processing vortex SCLK 668811652 found at ml index: 239187
2025-06-19 12:44:19,007 - __main__ - INFO - Processing vortex SCLK 668816129 found at ml index: 243664
2025-06-19 12:44:19,047 - __main__ - INFO - Processing vortex SCLK 669426485 found at ml index: 263130
2025-06-19 12:44:19,087 - __main__ - INFO - Processing vortex SCLK 669427340 found at ml index: 263985
2025-06-19 12:44:19,131 - __main__ - INFO - Processing vortex SCLK 669434405 found at ml index: 267663
2025-06-19 12:44:19,170 - __main__ - INFO - Processing vortex SCLK 669434703 found at ml index: 267961
2025-06-19 12:44:19,210 - __main__ - INFO - Processing vortex SCLK 669518763 found at ml index: 314172
2025-06-19 12:44:19,249 - __main__ - INFO - Processing vortex SCLK 669519478 found at ml index: 314887
2025-06-19 12:44:19,289 - __main__ - INFO - Processing vortex SCLK 669531860 found at ml index: 320377
2025-06-19 12:44:19,332 - __main__ - INFO - Processing vortex SCLK 669626803 found at ml index: 374269
2025-06-19 12:44:19,374 - __main__ - INFO - Processing vortex SCLK 669688619 found at ml index: 407952
2025-06-19 12:44:19,412 - __main__ - INFO - Processing vortex SCLK 669690018 found at ml index: 409351
2025-06-19 12:44:19,452 - __main__ - INFO - Processing vortex SCLK 669690620 found at ml index: 409953
2025-06-19 12:44:19,491 - __main__ - INFO - Processing vortex SCLK 669704197 found at ml index: 416696
2025-06-19 12:44:19,530 - __main__ - INFO - Processing vortex SCLK 669779409 found at ml index: 457637
2025-06-19 12:44:19,569 - __main__ - INFO - Processing vortex SCLK 669780445 found at ml index: 458673
2025-06-19 12:44:19,604 - __main__ - INFO - Processing vortex SCLK 669787866 found at ml index: 466094
2025-06-19 12:44:19,642 - __main__ - INFO - Processing vortex SCLK 669787881 found at ml index: 466109
2025-06-19 12:44:19,684 - __main__ - INFO - Processing vortex SCLK 669870405 found at ml index: 512761
2025-06-19 12:44:19,723 - __main__ - INFO - Processing vortex SCLK 669873580 found at ml index: 515936
2025-06-19 12:44:19,761 - __main__ - INFO - Processing vortex SCLK 669882031 found at ml index: 522188
2025-06-19 12:44:19,799 - __main__ - INFO - Processing vortex SCLK 669886865 found at ml index: 524448
2025-06-19 12:44:19,838 - __main__ - INFO - Processing vortex SCLK 669958088 found at ml index: 564661
2025-06-19 12:44:19,879 - __main__ - INFO - Processing vortex SCLK 669959376 found at ml index: 565949
2025-06-19 12:44:19,918 - __main__ - INFO - Processing vortex SCLK 669959712 found at ml index: 566285
2025-06-19 12:44:19,958 - __main__ - INFO - Processing vortex SCLK 669960008 found at ml index: 566581
2025-06-19 12:44:19,997 - __main__ - INFO - Processing vortex SCLK 669960347 found at ml index: 566920
2025-06-19 12:44:20,036 - __main__ - INFO - Processing vortex SCLK 669962940 found at ml index: 569513
2025-06-19 12:44:20,075 - __main__ - INFO - Processing vortex SCLK 669964312 found at ml index: 570885
2025-06-19 12:44:20,112 - __main__ - INFO - Processing vortex SCLK 669965150 found at ml index: 571723
2025-06-19 12:44:20,150 - __main__ - INFO - Processing vortex SCLK 669971696 found at ml index: 575571
2025-06-19 12:44:20,189 - __main__ - INFO - Processing vortex SCLK 670046942 found at ml index: 618056
2025-06-19 12:44:20,226 - __main__ - INFO - Processing vortex SCLK 670047546 found at ml index: 618660
2025-06-19 12:44:20,264 - __main__ - INFO - Processing vortex SCLK 670055611 found at ml index: 626725
2025-06-19 12:44:20,300 - __main__ - INFO - Processing vortex SCLK 670129653 found at ml index: 676671
2025-06-19 12:44:20,340 - __main__ - INFO - Processing vortex SCLK 670136668 found at ml index: 680243
2025-06-19 12:44:20,379 - __main__ - INFO - Processing vortex SCLK 670138695 found at ml index: 682270
2025-06-19 12:44:20,418 - __main__ - INFO - Processing vortex SCLK 670225439 found at ml index: 735507
2025-06-19 12:44:20,456 - __main__ - INFO - Processing vortex SCLK 670232335 found at ml index: 739271
2025-06-19 12:44:20,496 - __main__ - INFO - Processing vortex SCLK 670232986 found at ml index: 739922
2025-06-19 12:44:20,535 - __main__ - INFO - Processing vortex SCLK 670233871 found at ml index: 740807
2025-06-19 12:44:20,574 - __main__ - INFO - Processing vortex SCLK 670313772 found at ml index: 794758
2025-06-19 12:44:20,612 - __main__ - INFO - Processing vortex SCLK 670315385 found at ml index: 796371
2025-06-19 12:44:20,652 - __main__ - INFO - Processing vortex SCLK 670317790 found at ml index: 798776
2025-06-19 12:44:20,691 - __main__ - INFO - Processing vortex SCLK 670321691 found at ml index: 802677
2025-06-19 12:44:20,730 - __main__ - INFO - Processing vortex SCLK 670325686 found at ml index: 804517
2025-06-19 12:44:20,768 - __main__ - INFO - Processing vortex SCLK 670329256 found at ml index: 808087
2025-06-19 12:44:20,807 - __main__ - INFO - Processing vortex SCLK 670398725 found at ml index: 848668
2025-06-19 12:44:20,846 - __main__ - INFO - Processing vortex SCLK 670402854 found at ml index: 852797
2025-06-19 12:44:20,882 - __main__ - INFO - Processing vortex SCLK 670403870 found at ml index: 853813
2025-06-19 12:44:20,921 - __main__ - INFO - Processing vortex SCLK 670409834 found at ml index: 857575
2025-06-19 12:44:20,960 - __main__ - INFO - Processing vortex SCLK 670412275 found at ml index: 860016
2025-06-19 12:44:20,999 - __main__ - INFO - Processing vortex SCLK 670412326 found at ml index: 860067
2025-06-19 12:44:21,038 - __main__ - INFO - Processing vortex SCLK 670578458 found at ml index: 934664
2025-06-19 12:44:21,077 - __main__ - INFO - Processing vortex SCLK 670580613 found at ml index: 936819
2025-06-19 12:44:21,118 - __main__ - INFO - Processing vortex SCLK 670584569 found at ml index: 940775
2025-06-19 12:44:21,155 - __main__ - INFO - Processing vortex SCLK 670584657 found at ml index: 940863
2025-06-19 12:44:21,195 - __main__ - INFO - Processing vortex SCLK 670587674 found at ml index: 943880
2025-06-19 12:44:21,234 - __main__ - INFO - Processing vortex SCLK 670594461 found at ml index: 947971
2025-06-19 12:44:21,272 - __main__ - INFO - Processing vortex SCLK 670841835 found at ml index: 1065790
2025-06-19 12:44:21,313 - __main__ - INFO - Processing vortex SCLK 670842459 found at ml index: 1066414
2025-06-19 12:44:21,352 - __main__ - INFO - Processing vortex SCLK 670849047 found at ml index: 1073002
2025-06-19 12:44:21,391 - __main__ - INFO - Processing vortex SCLK 670852738 found at ml index: 1076693
2025-06-19 12:44:21,430 - __main__ - INFO - Processing vortex SCLK 670856365 found at ml index: 1077977
2025-06-19 12:44:21,472 - __main__ - INFO - Processing vortex SCLK 670859755 found at ml index: 1081367
2025-06-19 12:44:21,511 - __main__ - INFO - Processing vortex SCLK 670870370 found at ml index: 1088579
2025-06-19 12:44:21,550 - __main__ - INFO - Processing vortex SCLK 670929808 found at ml index: 1120753
2025-06-19 12:44:21,590 - __main__ - INFO - Processing vortex SCLK 670930554 found at ml index: 1121499
2025-06-19 12:44:21,628 - __main__ - INFO - Processing vortex SCLK 670933108 found at ml index: 1124053
2025-06-19 12:44:21,668 - __main__ - INFO - Processing vortex SCLK 670934582 found at ml index: 1125527
2025-06-19 12:44:21,707 - __main__ - INFO - Processing vortex SCLK 670938327 found at ml index: 1129272
2025-06-19 12:44:21,746 - __main__ - INFO - Processing vortex SCLK 670938389 found at ml index: 1129334
2025-06-19 12:44:21,786 - __main__ - INFO - Processing vortex SCLK 670940703 found at ml index: 1131648
2025-06-19 12:44:21,827 - __main__ - INFO - Processing vortex SCLK 670945386 found at ml index: 1136331
2025-06-19 12:44:21,864 - __main__ - INFO - Processing vortex SCLK 670961352 found at ml index: 1146283
2025-06-19 12:44:21,904 - __main__ - INFO - Processing vortex SCLK 671024106 found at ml index: 1181789
2025-06-19 12:44:21,941 - __main__ - INFO - Processing vortex SCLK 671027864 found at ml index: 1185547
2025-06-19 12:44:21,985 - __main__ - INFO - Processing vortex SCLK 671027972 found at ml index: 1185655
2025-06-19 12:44:22,027 - __main__ - INFO - Processing vortex SCLK 671033906 found at ml index: 1191589
2025-06-19 12:44:22,069 - __main__ - INFO - Processing vortex SCLK 671039200 found at ml index: 1194533
2025-06-19 12:44:22,109 - __main__ - INFO - Processing vortex SCLK 671109364 found at ml index: 1233979
2025-06-19 12:44:22,147 - __main__ - INFO - Processing vortex SCLK 671113914 found at ml index: 1238529
2025-06-19 12:44:22,186 - __main__ - INFO - Processing vortex SCLK 671114679 found at ml index: 1239294
2025-06-19 12:44:22,225 - __main__ - INFO - Processing vortex SCLK 671115255 found at ml index: 1239870
2025-06-19 12:44:22,264 - __main__ - INFO - Processing vortex SCLK 671115289 found at ml index: 1239904
2025-06-19 12:44:22,305 - __main__ - INFO - Processing vortex SCLK 671120289 found at ml index: 1244904
2025-06-19 12:44:22,345 - __main__ - INFO - Processing vortex SCLK 671126006 found at ml index: 1250026
2025-06-19 12:44:22,385 - __main__ - INFO - Processing vortex SCLK 671126607 found at ml index: 1250627
2025-06-19 12:44:22,429 - __main__ - INFO - Processing vortex SCLK 671127245 found at ml index: 1251265
2025-06-19 12:44:22,469 - __main__ - INFO - Processing vortex SCLK 671139428 found at ml index: 1260040
2025-06-19 12:44:22,508 - __main__ - INFO - Processing vortex SCLK 671204280 found at ml index: 1299428
2025-06-19 12:44:22,547 - __main__ - INFO - Processing vortex SCLK 671213291 found at ml index: 1306235
2025-06-19 12:44:22,584 - __main__ - INFO - Processing vortex SCLK 671214052 found at ml index: 1306996
2025-06-19 12:44:22,622 - __main__ - INFO - Processing vortex SCLK 671224977 found at ml index: 1314440
2025-06-19 12:44:22,658 - __main__ - INFO - Processing vortex SCLK 671291649 found at ml index: 1353739
2025-06-19 12:44:22,693 - __main__ - INFO - Processing vortex SCLK 671294608 found at ml index: 1356698
2025-06-19 12:44:22,732 - __main__ - INFO - Processing vortex SCLK 671302478 found at ml index: 1361737
2025-06-19 12:44:22,771 - __main__ - INFO - Processing vortex SCLK 671302909 found at ml index: 1362168
2025-06-19 12:44:22,808 - __main__ - INFO - Processing vortex SCLK 671308300 found at ml index: 1365532
2025-06-19 12:44:22,844 - __main__ - INFO - Processing vortex SCLK 671376036 found at ml index: 1404444
2025-06-19 12:44:22,882 - __main__ - INFO - Processing vortex SCLK 671376059 found at ml index: 1404467
2025-06-19 12:44:22,920 - __main__ - INFO - Processing vortex SCLK 671376348 found at ml index: 1404756
2025-06-19 12:44:22,958 - __main__ - INFO - Processing vortex SCLK 671376844 found at ml index: 1405252
2025-06-19 12:44:22,992 - __main__ - INFO - Processing vortex SCLK 671377912 found at ml index: 1406320
2025-06-19 12:44:23,031 - __main__ - INFO - Processing vortex SCLK 671379183 found at ml index: 1407591
2025-06-19 12:44:23,068 - __main__ - INFO - Processing vortex SCLK 671384112 found at ml index: 1412520
2025-06-19 12:44:23,104 - __main__ - INFO - Processing vortex SCLK 671391076 found at ml index: 1419484
2025-06-19 12:44:23,144 - __main__ - INFO - Processing vortex SCLK 671395245 found at ml index: 1422765
2025-06-19 12:44:23,182 - __main__ - INFO - Processing vortex SCLK 671466934 found at ml index: 1463807
2025-06-19 12:44:23,223 - __main__ - INFO - Processing vortex SCLK 671468200 found at ml index: 1465073
2025-06-19 12:44:23,261 - __main__ - INFO - Processing vortex SCLK 671559311 found at ml index: 1524850
2025-06-19 12:44:23,298 - __main__ - INFO - Processing vortex SCLK 671560213 found at ml index: 1525752
2025-06-19 12:44:23,338 - __main__ - INFO - Processing vortex SCLK 671561065 found at ml index: 1526604
2025-06-19 12:44:23,378 - __main__ - INFO - Processing vortex SCLK 671563881 found at ml index: 1529420
2025-06-19 12:44:23,420 - __main__ - INFO - Processing vortex SCLK 671570327 found at ml index: 1532373
2025-06-19 12:44:23,460 - __main__ - INFO - Processing vortex SCLK 671641441 found at ml index: 1572853
2025-06-19 12:44:23,502 - __main__ - INFO - Processing vortex SCLK 671644549 found at ml index: 1575961
2025-06-19 12:44:23,540 - __main__ - INFO - Processing vortex SCLK 671645443 found at ml index: 1576855
2025-06-19 12:44:23,580 - __main__ - INFO - Processing vortex SCLK 671648210 found at ml index: 1579622
2025-06-19 12:44:23,620 - __main__ - INFO - Processing vortex SCLK 671656101 found at ml index: 1585256
2025-06-19 12:44:23,659 - __main__ - INFO - Processing vortex SCLK 671731643 found at ml index: 1630294
2025-06-19 12:44:23,697 - __main__ - INFO - Processing vortex SCLK 671740824 found at ml index: 1639475
2025-06-19 12:44:23,736 - __main__ - INFO - Processing vortex SCLK 671746873 found at ml index: 1643237
2025-06-19 12:44:23,774 - __main__ - INFO - Processing vortex SCLK 671823162 found at ml index: 1688879
2025-06-19 12:44:23,815 - __main__ - INFO - Processing vortex SCLK 671823654 found at ml index: 1689371
2025-06-19 12:44:23,856 - __main__ - INFO - Processing vortex SCLK 671823993 found at ml index: 1689710
2025-06-19 12:44:23,896 - __main__ - INFO - Processing vortex SCLK 671824646 found at ml index: 1690363
2025-06-19 12:44:23,935 - __main__ - INFO - Processing vortex SCLK 671825542 found at ml index: 1691259
2025-06-19 12:44:23,975 - __main__ - INFO - Processing vortex SCLK 671831605 found at ml index: 1697322
2025-06-19 12:44:24,016 - __main__ - INFO - Processing vortex SCLK 671834757 found at ml index: 1700474
2025-06-19 12:44:24,055 - __main__ - INFO - Processing vortex SCLK 671904824 found at ml index: 1740981
2025-06-19 12:44:24,094 - __main__ - INFO - Processing vortex SCLK 671909321 found at ml index: 1743885
2025-06-19 12:44:24,131 - __main__ - INFO - Processing vortex SCLK 671911350 found at ml index: 1745914
2025-06-19 12:44:24,171 - __main__ - INFO - Processing vortex SCLK 671913231 found at ml index: 1747795
2025-06-19 12:44:24,214 - __main__ - INFO - Processing vortex SCLK 671915681 found at ml index: 1750245
2025-06-19 12:44:24,252 - __main__ - INFO - Processing vortex SCLK 671916470 found at ml index: 1751034
2025-06-19 12:44:24,294 - __main__ - INFO - Processing vortex SCLK 671920779 found at ml index: 1755343
2025-06-19 12:44:24,335 - __main__ - INFO - Processing vortex SCLK 671921784 found at ml index: 1756348
2025-06-19 12:44:24,378 - __main__ - INFO - Processing vortex SCLK 671995990 found at ml index: 1801016
2025-06-19 12:44:24,419 - __main__ - INFO - Processing vortex SCLK 672002175 found at ml index: 1807201
2025-06-19 12:44:24,459 - __main__ - INFO - Processing vortex SCLK 672002362 found at ml index: 1807388
2025-06-19 12:44:24,500 - __main__ - INFO - Processing vortex SCLK 672104482 found at ml index: 1874652
2025-06-19 12:44:24,541 - __main__ - INFO - Processing vortex SCLK 672178090 found at ml index: 1921075
2025-06-19 12:44:24,582 - __main__ - INFO - Processing vortex SCLK 672180689 found at ml index: 1923674
2025-06-19 12:44:24,624 - __main__ - INFO - Processing vortex SCLK 672181444 found at ml index: 1924429
2025-06-19 12:44:24,667 - __main__ - INFO - Processing vortex SCLK 672182115 found at ml index: 1925100
2025-06-19 12:44:24,706 - __main__ - INFO - Processing vortex SCLK 672183596 found at ml index: 1926581
2025-06-19 12:44:24,747 - __main__ - INFO - Processing vortex SCLK 672185170 found at ml index: 1928155
2025-06-19 12:44:24,786 - __main__ - INFO - Processing vortex SCLK 672190662 found at ml index: 1931494
2025-06-19 12:44:24,825 - __main__ - INFO - Processing vortex SCLK 672267244 found at ml index: 1979457
2025-06-19 12:44:24,867 - __main__ - INFO - Processing vortex SCLK 672269283 found at ml index: 1981496
2025-06-19 12:44:24,905 - __main__ - INFO - Processing vortex SCLK 672269792 found at ml index: 1982005
2025-06-19 12:44:24,942 - __main__ - INFO - Processing vortex SCLK 672350659 found at ml index: 2035489
2025-06-19 12:44:24,985 - __main__ - INFO - Processing vortex SCLK 672352068 found at ml index: 2036898
2025-06-19 12:44:25,024 - __main__ - INFO - Processing vortex SCLK 672355502 found at ml index: 2040332
2025-06-19 12:44:25,089 - __main__ - INFO - Processing vortex SCLK 672357238 found at ml index: 2042068
2025-06-19 12:44:25,131 - __main__ - INFO - Processing vortex SCLK 672359382 found at ml index: 2044212
2025-06-19 12:44:25,173 - __main__ - INFO - Processing vortex SCLK 672362559 found at ml index: 2047389
2025-06-19 12:44:25,211 - __main__ - INFO - Processing vortex SCLK 672365510 found at ml index: 2050340
2025-06-19 12:44:25,269 - __main__ - INFO - Processing vortex SCLK 672365820 found at ml index: 2050650
2025-06-19 12:44:25,306 - __main__ - INFO - Processing vortex SCLK 672445220 found at ml index: 2096997
2025-06-19 12:44:25,347 - __main__ - INFO - Processing vortex SCLK 672445462 found at ml index: 2097239
2025-06-19 12:44:25,388 - __main__ - INFO - Processing vortex SCLK 672446338 found at ml index: 2098115
2025-06-19 12:44:25,427 - __main__ - INFO - Processing vortex SCLK 672528720 found at ml index: 2150565
2025-06-19 12:44:25,467 - __main__ - INFO - Processing vortex SCLK 672531916 found at ml index: 2153761
2025-06-19 12:44:25,507 - __main__ - INFO - Processing vortex SCLK 672538692 found at ml index: 2160537
2025-06-19 12:44:25,547 - __main__ - INFO - Processing vortex SCLK 672546578 found at ml index: 2165928
2025-06-19 12:44:25,587 - __main__ - INFO - Processing vortex SCLK 672548966 found at ml index: 2168316
2025-06-19 12:44:25,627 - __main__ - INFO - Processing vortex SCLK 672621236 found at ml index: 2212733
2025-06-19 12:44:25,668 - __main__ - INFO - Processing vortex SCLK 672622288 found at ml index: 2213785
2025-06-19 12:44:25,709 - __main__ - INFO - Processing vortex SCLK 672624313 found at ml index: 2215810
2025-06-19 12:44:25,750 - __main__ - INFO - Processing vortex SCLK 672624475 found at ml index: 2215972
2025-06-19 12:44:25,788 - __main__ - INFO - Processing vortex SCLK 672626109 found at ml index: 2217606
2025-06-19 12:44:25,828 - __main__ - INFO - Processing vortex SCLK 672626122 found at ml index: 2217619
2025-06-19 12:44:25,871 - __main__ - INFO - Processing vortex SCLK 672706787 found at ml index: 2270942
2025-06-19 12:44:25,912 - __main__ - INFO - Processing vortex SCLK 672709027 found at ml index: 2273182
2025-06-19 12:44:25,954 - __main__ - INFO - Processing vortex SCLK 672711149 found at ml index: 2275304
2025-06-19 12:44:25,995 - __main__ - INFO - Processing vortex SCLK 672711621 found at ml index: 2275776
2025-06-19 12:44:26,037 - __main__ - INFO - Processing vortex SCLK 672713266 found at ml index: 2277421
2025-06-19 12:44:26,076 - __main__ - INFO - Processing vortex SCLK 672713337 found at ml index: 2277492
2025-06-19 12:44:26,116 - __main__ - INFO - Processing vortex SCLK 672715961 found at ml index: 2280116
2025-06-19 12:44:26,157 - __main__ - INFO - Processing vortex SCLK 672718373 found at ml index: 2282528
2025-06-19 12:44:26,199 - __main__ - INFO - Processing vortex SCLK 672719375 found at ml index: 2283530
2025-06-19 12:44:26,241 - __main__ - INFO - Processing vortex SCLK 672721953 found at ml index: 2286108
2025-06-19 12:44:26,282 - __main__ - INFO - Processing vortex SCLK 672801263 found at ml index: 2334241
2025-06-19 12:44:26,320 - __main__ - INFO - Processing vortex SCLK 672801630 found at ml index: 2334608
2025-06-19 12:44:26,360 - __main__ - INFO - Processing vortex SCLK 672804797 found at ml index: 2337775
2025-06-19 12:44:26,400 - __main__ - INFO - Processing vortex SCLK 672884603 found at ml index: 2387935
2025-06-19 12:44:26,440 - __main__ - INFO - Processing vortex SCLK 672884933 found at ml index: 2388265
2025-06-19 12:44:26,479 - __main__ - INFO - Processing vortex SCLK 672885216 found at ml index: 2388548
2025-06-19 12:44:26,520 - __main__ - INFO - Processing vortex SCLK 672889286 found at ml index: 2392618
2025-06-19 12:44:26,559 - __main__ - INFO - Processing vortex SCLK 672890283 found at ml index: 2393615
2025-06-19 12:44:26,598 - __main__ - INFO - Processing vortex SCLK 672894510 found at ml index: 2397842
2025-06-19 12:44:26,637 - __main__ - INFO - Processing vortex SCLK 672964384 found at ml index: 2443850
2025-06-19 12:44:26,678 - __main__ - INFO - Processing vortex SCLK 672973742 found at ml index: 2448162
2025-06-19 12:44:26,716 - __main__ - INFO - Processing vortex SCLK 672976272 found at ml index: 2450692
2025-06-19 12:44:26,757 - __main__ - INFO - Processing vortex SCLK 672979607 found at ml index: 2454027
2025-06-19 12:44:26,797 - __main__ - INFO - Processing vortex SCLK 672983982 found at ml index: 2458402
2025-06-19 12:44:26,836 - __main__ - INFO - Processing vortex SCLK 672984068 found at ml index: 2458488
2025-06-19 12:44:26,875 - __main__ - INFO - Processing vortex SCLK 672984973 found at ml index: 2459393
2025-06-19 12:44:26,914 - __main__ - INFO - Processing vortex SCLK 672985340 found at ml index: 2459760
2025-06-19 12:44:26,952 - __main__ - INFO - Processing vortex SCLK 673068974 found at ml index: 2512676
2025-06-19 12:44:26,992 - __main__ - INFO - Processing vortex SCLK 673072073 found at ml index: 2515775
2025-06-19 12:44:27,029 - __main__ - INFO - Processing vortex SCLK 673076429 found at ml index: 2518680
2025-06-19 12:44:27,070 - __main__ - INFO - Processing vortex SCLK 673078972 found at ml index: 2521223
2025-06-19 12:44:27,111 - __main__ - INFO - Processing vortex SCLK 673147721 found at ml index: 2565489
2025-06-19 12:44:27,150 - __main__ - INFO - Processing vortex SCLK 673240962 found at ml index: 2629833
2025-06-19 12:44:27,192 - __main__ - INFO - Processing vortex SCLK 673242020 found at ml index: 2630891
2025-06-19 12:44:27,234 - __main__ - INFO - Processing vortex SCLK 673243964 found at ml index: 2632835
2025-06-19 12:44:27,272 - __main__ - INFO - Processing vortex SCLK 673245884 found at ml index: 2634755
2025-06-19 12:44:27,312 - __main__ - INFO - Processing vortex SCLK 673251635 found at ml index: 2640506
2025-06-19 12:44:27,352 - __main__ - INFO - Processing vortex SCLK 673254242 found at ml index: 2643113
2025-06-19 12:44:27,390 - __main__ - INFO - Processing vortex SCLK 673328658 found at ml index: 2691425
2025-06-19 12:44:27,431 - __main__ - INFO - Processing vortex SCLK 673329003 found at ml index: 2691770
2025-06-19 12:44:27,474 - __main__ - INFO - Processing vortex SCLK 673332835 found at ml index: 2695602
2025-06-19 12:44:27,513 - __main__ - INFO - Processing vortex SCLK 673332863 found at ml index: 2695630
2025-06-19 12:44:27,552 - __main__ - INFO - Processing vortex SCLK 673334070 found at ml index: 2696837
2025-06-19 12:44:27,592 - __main__ - INFO - Processing vortex SCLK 673334708 found at ml index: 2697475
2025-06-19 12:44:27,632 - __main__ - INFO - Processing vortex SCLK 673338788 found at ml index: 2701555
2025-06-19 12:44:27,672 - __main__ - INFO - Processing vortex SCLK 673340481 found at ml index: 2703248
2025-06-19 12:44:27,712 - __main__ - INFO - Processing vortex SCLK 673344227 found at ml index: 2706994
2025-06-19 12:44:27,754 - __main__ - INFO - Processing vortex SCLK 673424713 found at ml index: 2760219
2025-06-19 12:44:27,796 - __main__ - INFO - Processing vortex SCLK 673429348 found at ml index: 2764854
2025-06-19 12:44:27,837 - __main__ - INFO - Processing vortex SCLK 673500853 found at ml index: 2811671
2025-06-19 12:44:27,877 - __main__ - INFO - Processing vortex SCLK 673512599 found at ml index: 2821820
2025-06-19 12:44:27,917 - __main__ - INFO - Processing vortex SCLK 673513373 found at ml index: 2822594
2025-06-19 12:44:27,956 - __main__ - INFO - Processing vortex SCLK 673514725 found at ml index: 2823946
2025-06-19 12:44:27,995 - __main__ - INFO - Processing vortex SCLK 673594180 found at ml index: 2868616
2025-06-19 12:44:28,035 - __main__ - INFO - Processing vortex SCLK 673597335 found at ml index: 2871771
2025-06-19 12:44:28,072 - __main__ - INFO - Processing vortex SCLK 673598754 found at ml index: 2873190
2025-06-19 12:44:28,112 - __main__ - INFO - Processing vortex SCLK 673606937 found at ml index: 2881373
2025-06-19 12:44:28,155 - __main__ - INFO - Processing vortex SCLK 673680243 found at ml index: 2923529
2025-06-19 12:44:28,197 - __main__ - INFO - Processing vortex SCLK 673681579 found at ml index: 2924865
2025-06-19 12:44:28,238 - __main__ - INFO - Processing vortex SCLK 673685675 found at ml index: 2927360
2025-06-19 12:44:28,281 - __main__ - INFO - Processing vortex SCLK 673694236 found at ml index: 2935921
2025-06-19 12:44:28,320 - __main__ - INFO - Processing vortex SCLK 673694529 found at ml index: 2936214
2025-06-19 12:44:28,361 - __main__ - INFO - Processing vortex SCLK 673773378 found at ml index: 2977530
2025-06-19 12:44:28,400 - __main__ - INFO - Processing vortex SCLK 673779637 found at ml index: 2980341
2025-06-19 12:44:28,442 - __main__ - INFO - Processing vortex SCLK 673781075 found at ml index: 2981779
2025-06-19 12:44:28,480 - __main__ - INFO - Processing vortex SCLK 673858855 found at ml index: 3025360
2025-06-19 12:44:28,521 - __main__ - INFO - Processing vortex SCLK 673863604 found at ml index: 3026661
2025-06-19 12:44:28,560 - __main__ - INFO - Processing vortex SCLK 673865805 found at ml index: 3028862
2025-06-19 12:44:28,600 - __main__ - INFO - Processing vortex SCLK 673874053 found at ml index: 3033662
2025-06-19 12:44:28,640 - __main__ - INFO - Processing vortex SCLK 673948338 found at ml index: 3070297
2025-06-19 12:44:28,681 - __main__ - INFO - Processing vortex SCLK 673951488 found at ml index: 3073447
2025-06-19 12:44:28,720 - __main__ - INFO - Processing vortex SCLK 673955512 found at ml index: 3074023
2025-06-19 12:44:28,761 - __main__ - INFO - Processing vortex SCLK 673958960 found at ml index: 3077471
2025-06-19 12:44:28,800 - __main__ - INFO - Processing vortex SCLK 674041445 found at ml index: 3122295
2025-06-19 12:44:28,840 - __main__ - INFO - Processing vortex SCLK 674042999 found at ml index: 3123849
2025-06-19 12:44:28,880 - __main__ - INFO - Processing vortex SCLK 674044064 found at ml index: 3124914
2025-06-19 12:44:28,919 - __main__ - INFO - Processing vortex SCLK 674051268 found at ml index: 3128731
2025-06-19 12:44:28,960 - __main__ - INFO - Processing vortex SCLK 674056174 found at ml index: 3130255
2025-06-19 12:44:28,997 - __main__ - INFO - Processing vortex SCLK 674122081 found at ml index: 3167189
2025-06-19 12:44:29,039 - __main__ - INFO - Processing vortex SCLK 674128125 found at ml index: 3169788
2025-06-19 12:44:29,080 - __main__ - INFO - Processing vortex SCLK 674128981 found at ml index: 3170644
2025-06-19 12:44:29,122 - __main__ - INFO - Processing vortex SCLK 674133319 found at ml index: 3171534
2025-06-19 12:44:29,160 - __main__ - INFO - Processing vortex SCLK 674140571 found at ml index: 3175399
2025-06-19 12:44:29,199 - __main__ - INFO - Processing vortex SCLK 674213517 found at ml index: 3217526
2025-06-19 12:44:29,239 - __main__ - INFO - Processing vortex SCLK 674218894 found at ml index: 3219456
2025-06-19 12:44:29,278 - __main__ - INFO - Processing vortex SCLK 674228677 found at ml index: 3225791
2025-06-19 12:44:29,319 - __main__ - INFO - Processing vortex SCLK 674304877 found at ml index: 3264269
2025-06-19 12:44:29,360 - __main__ - INFO - Processing vortex SCLK 674307030 found at ml index: 3266422
2025-06-19 12:44:29,399 - __main__ - INFO - Processing vortex SCLK 674307104 found at ml index: 3266496
2025-06-19 12:44:29,441 - __main__ - INFO - Processing vortex SCLK 674317907 found at ml index: 3271821
2025-06-19 12:44:29,481 - __main__ - INFO - Processing vortex SCLK 674398187 found at ml index: 3317897
2025-06-19 12:44:29,521 - __main__ - INFO - Processing vortex SCLK 674410494 found at ml index: 3323374
2025-06-19 12:44:29,561 - __main__ - INFO - Processing vortex SCLK 674482627 found at ml index: 3361240
2025-06-19 12:44:29,600 - __main__ - INFO - Processing vortex SCLK 674483906 found at ml index: 3362519
2025-06-19 12:44:29,639 - __main__ - INFO - Processing vortex SCLK 674484439 found at ml index: 3363052
2025-06-19 12:44:29,681 - __main__ - INFO - Processing vortex SCLK 674491238 found at ml index: 3366403
2025-06-19 12:44:29,719 - __main__ - INFO - Processing vortex SCLK 674492008 found at ml index: 3367173
2025-06-19 12:44:29,760 - __main__ - INFO - Processing vortex SCLK 674497424 found at ml index: 3369141
2025-06-19 12:44:29,797 - __main__ - INFO - Processing vortex SCLK 674498121 found at ml index: 3369838
2025-06-19 12:44:29,840 - __main__ - INFO - Processing vortex SCLK 674568708 found at ml index: 3414394
2025-06-19 12:44:29,877 - __main__ - INFO - Processing vortex SCLK 674573756 found at ml index: 3415995
2025-06-19 12:44:29,917 - __main__ - INFO - Processing vortex SCLK 674575721 found at ml index: 3417960
2025-06-19 12:44:29,958 - __main__ - INFO - Processing vortex SCLK 674582484 found at ml index: 3421584
2025-06-19 12:44:29,998 - __main__ - INFO - Processing vortex SCLK 674666247 found at ml index: 3464132
2025-06-19 12:44:30,038 - __main__ - INFO - Processing vortex SCLK 674666809 found at ml index: 3464694
2025-06-19 12:44:30,078 - __main__ - INFO - Processing vortex SCLK 674667232 found at ml index: 3465117
2025-06-19 12:44:30,117 - __main__ - INFO - Processing vortex SCLK 674669243 found at ml index: 3467128
2025-06-19 12:44:30,157 - __main__ - INFO - Processing vortex SCLK 674751396 found at ml index: 3516443
2025-06-19 12:44:30,199 - __main__ - INFO - Processing vortex SCLK 674837510 found at ml index: 3563555
2025-06-19 12:44:30,240 - __main__ - INFO - Processing vortex SCLK 674845274 found at ml index: 3568241
2025-06-19 12:44:30,277 - __main__ - INFO - Processing vortex SCLK 674846962 found at ml index: 3569929
2025-06-19 12:44:30,317 - __main__ - INFO - Processing vortex SCLK 674850855 found at ml index: 3570435
2025-06-19 12:44:30,508 - __main__ - INFO - Preparing features and labels...
2025-06-19 12:44:30,512 - __main__ - INFO - Validating feature matrix...
2025-06-19 12:44:30,517 - __main__ - WARNING - Feature matrix issues detected:
2025-06-19 12:44:30,518 - __main__ - WARNING - - High correlation between pressure_drop_ratio and pressure_change: -1.00
2025-06-19 12:44:30,518 - __main__ - WARNING - - High correlation between pressure_drop_ratio and rate_of_change_mean: -0.99
2025-06-19 12:44:30,518 - __main__ - WARNING - - High correlation between pressure_change and rate_of_change_mean: 0.99
2025-06-19 12:44:30,519 - __main__ - WARNING - - High correlation between mean_pressure and min_pressure: 1.00
2025-06-19 12:44:30,519 - __main__ - WARNING - - High correlation between mean_pressure and max_pressure: 1.00
2025-06-19 12:44:30,519 - __main__ - WARNING - - High correlation between mean_pressure and long_term_mean: 1.00
2025-06-19 12:44:30,519 - __main__ - WARNING - - High correlation between std_pressure and pressure_range: 0.96
2025-06-19 12:44:30,519 - __main__ - WARNING - - High correlation between min_pressure and max_pressure: 1.00
2025-06-19 12:44:30,520 - __main__ - WARNING - - High correlation between min_pressure and long_term_mean: 1.00
2025-06-19 12:44:30,520 - __main__ - WARNING - - High correlation between max_pressure and long_term_mean: 1.00
2025-06-19 12:44:30,520 - __main__ - WARNING - - High correlation between rate_of_change_std and rate_of_change_max: 0.99
2025-06-19 12:44:30,520 - __main__ - INFO - Splitting data chronologically into train/val/test sets...
2025-06-19 12:44:30,520 - __main__ - INFO - Train set: 18725 samples
2025-06-19 12:44:30,520 - __main__ - INFO - Validation set: 6241 samples
2025-06-19 12:44:30,520 - __main__ - INFO - Test set: 6243 samples
2025-06-19 12:44:30,522 - __main__ - INFO - Training Random Forest classifier...
2025-06-19 12:44:34,373 - __main__ - INFO - Random Forest training completed.
2025-06-19 12:44:34,373 - __main__ - INFO - Generating evaluation plots...
2025-06-19 12:47:47,271 - __main__ - INFO - Reading vortex SCLK data...
2025-06-19 12:47:47,276 - __main__ - INFO - Successfully read 309 SCLK values from ../data/Jackson_vortex_detections_reformatted_augmented.csv
2025-06-19 12:47:47,276 - __main__ - INFO - Successfully read 309 SCLK values
2025-06-19 12:47:47,277 - __main__ - INFO - Reading ML data...
2025-06-19 12:47:49,418 - __main__ - INFO - Successfully loaded ML data from ../data/ml_ready_vortex_data.csv
2025-06-19 12:47:49,418 - __main__ - INFO - Successfully loaded ML data with 3590168 rows
2025-06-19 12:47:49,418 - __main__ - INFO - Validating data quality...
2025-06-19 12:47:49,821 - __main__ - WARNING - Data quality issues detected:
2025-06-19 12:47:49,821 - __main__ - WARNING - - Missing values found: {'gt_vortex_ind': 3577695}
2025-06-19 12:47:49,821 - __main__ - WARNING - - Severe class imbalance detected: 0.51% positive samples
2025-06-19 12:47:49,822 - __main__ - INFO - Processing vortex events...
2025-06-19 12:47:49,826 - __main__ - INFO - Processing vortex SCLK 668288145 found at ml index: 16563
2025-06-19 12:47:49,873 - __main__ - INFO - Processing vortex SCLK 668288356 found at ml index: 16774
2025-06-19 12:47:49,915 - __main__ - INFO - Processing vortex SCLK 668363851 found at ml index: 58206
2025-06-19 12:47:49,956 - __main__ - INFO - Processing vortex SCLK 668370696 found at ml index: 61613
2025-06-19 12:47:49,999 - __main__ - INFO - Processing vortex SCLK 668373458 found at ml index: 64372
2025-06-19 12:47:50,042 - __main__ - INFO - Processing vortex SCLK 668450709 found at ml index: 109929
2025-06-19 12:47:50,082 - __main__ - INFO - Processing vortex SCLK 668451679 found at ml index: 110896
2025-06-19 12:47:50,123 - __main__ - INFO - Processing vortex SCLK 668465594 found at ml index: 113943
2025-06-19 12:47:50,162 - __main__ - INFO - Processing vortex SCLK 668471362 found at ml index: 116280
2025-06-19 12:47:50,199 - __main__ - INFO - Processing vortex SCLK 668534767 found at ml index: 149951
2025-06-19 12:47:50,243 - __main__ - INFO - Processing vortex SCLK 668540964 found at ml index: 156148
2025-06-19 12:47:50,284 - __main__ - INFO - Processing vortex SCLK 668541515 found at ml index: 156699
2025-06-19 12:47:50,324 - __main__ - INFO - Processing vortex SCLK 668542064 found at ml index: 157248
2025-06-19 12:47:50,362 - __main__ - INFO - Processing vortex SCLK 668542340 found at ml index: 157524
2025-06-19 12:47:50,400 - __main__ - INFO - Processing vortex SCLK 668551101 found at ml index: 162084
2025-06-19 12:47:50,440 - __main__ - INFO - Processing vortex SCLK 668555682 found at ml index: 163446
2025-06-19 12:47:50,476 - __main__ - INFO - Processing vortex SCLK 668556124 found at ml index: 163888
2025-06-19 12:47:50,516 - __main__ - INFO - Processing vortex SCLK 668557517 found at ml index: 165281
2025-06-19 12:47:50,556 - __main__ - INFO - Processing vortex SCLK 668716847 found at ml index: 186189
2025-06-19 12:47:50,595 - __main__ - INFO - Processing vortex SCLK 668723694 found at ml index: 189570
2025-06-19 12:47:50,632 - __main__ - INFO - Processing vortex SCLK 668801790 found at ml index: 232821
2025-06-19 12:47:50,671 - __main__ - INFO - Processing vortex SCLK 668808927 found at ml index: 236462
2025-06-19 12:47:50,709 - __main__ - INFO - Processing vortex SCLK 668810541 found at ml index: 238076
2025-06-19 12:47:50,747 - __main__ - INFO - Processing vortex SCLK 668811652 found at ml index: 239187
2025-06-19 12:47:50,786 - __main__ - INFO - Processing vortex SCLK 668816129 found at ml index: 243664
2025-06-19 12:47:50,823 - __main__ - INFO - Processing vortex SCLK 669426485 found at ml index: 263130
2025-06-19 12:47:50,869 - __main__ - INFO - Processing vortex SCLK 669427340 found at ml index: 263985
2025-06-19 12:47:50,911 - __main__ - INFO - Processing vortex SCLK 669434405 found at ml index: 267663
2025-06-19 12:47:50,949 - __main__ - INFO - Processing vortex SCLK 669434703 found at ml index: 267961
2025-06-19 12:47:50,989 - __main__ - INFO - Processing vortex SCLK 669518763 found at ml index: 314172
2025-06-19 12:47:51,026 - __main__ - INFO - Processing vortex SCLK 669519478 found at ml index: 314887
2025-06-19 12:47:51,066 - __main__ - INFO - Processing vortex SCLK 669531860 found at ml index: 320377
2025-06-19 12:47:51,103 - __main__ - INFO - Processing vortex SCLK 669626803 found at ml index: 374269
2025-06-19 12:47:51,141 - __main__ - INFO - Processing vortex SCLK 669688619 found at ml index: 407952
2025-06-19 12:47:51,184 - __main__ - INFO - Processing vortex SCLK 669690018 found at ml index: 409351
2025-06-19 12:47:51,225 - __main__ - INFO - Processing vortex SCLK 669690620 found at ml index: 409953
2025-06-19 12:47:51,261 - __main__ - INFO - Processing vortex SCLK 669704197 found at ml index: 416696
2025-06-19 12:47:51,301 - __main__ - INFO - Processing vortex SCLK 669779409 found at ml index: 457637
2025-06-19 12:47:51,338 - __main__ - INFO - Processing vortex SCLK 669780445 found at ml index: 458673
2025-06-19 12:47:51,375 - __main__ - INFO - Processing vortex SCLK 669787866 found at ml index: 466094
2025-06-19 12:47:51,414 - __main__ - INFO - Processing vortex SCLK 669787881 found at ml index: 466109
2025-06-19 12:47:51,452 - __main__ - INFO - Processing vortex SCLK 669870405 found at ml index: 512761
2025-06-19 12:47:51,489 - __main__ - INFO - Processing vortex SCLK 669873580 found at ml index: 515936
2025-06-19 12:47:51,531 - __main__ - INFO - Processing vortex SCLK 669882031 found at ml index: 522188
2025-06-19 12:47:51,573 - __main__ - INFO - Processing vortex SCLK 669886865 found at ml index: 524448
2025-06-19 12:47:51,615 - __main__ - INFO - Processing vortex SCLK 669958088 found at ml index: 564661
2025-06-19 12:47:51,654 - __main__ - INFO - Processing vortex SCLK 669959376 found at ml index: 565949
2025-06-19 12:47:51,697 - __main__ - INFO - Processing vortex SCLK 669959712 found at ml index: 566285
2025-06-19 12:47:51,738 - __main__ - INFO - Processing vortex SCLK 669960008 found at ml index: 566581
2025-06-19 12:47:51,783 - __main__ - INFO - Processing vortex SCLK 669960347 found at ml index: 566920
2025-06-19 12:47:51,823 - __main__ - INFO - Processing vortex SCLK 669962940 found at ml index: 569513
2025-06-19 12:47:51,861 - __main__ - INFO - Processing vortex SCLK 669964312 found at ml index: 570885
2025-06-19 12:47:51,900 - __main__ - INFO - Processing vortex SCLK 669965150 found at ml index: 571723
2025-06-19 12:47:51,939 - __main__ - INFO - Processing vortex SCLK 669971696 found at ml index: 575571
2025-06-19 12:47:51,977 - __main__ - INFO - Processing vortex SCLK 670046942 found at ml index: 618056
2025-06-19 12:47:52,016 - __main__ - INFO - Processing vortex SCLK 670047546 found at ml index: 618660
2025-06-19 12:47:52,055 - __main__ - INFO - Processing vortex SCLK 670055611 found at ml index: 626725
2025-06-19 12:47:52,093 - __main__ - INFO - Processing vortex SCLK 670129653 found at ml index: 676671
2025-06-19 12:47:52,133 - __main__ - INFO - Processing vortex SCLK 670136668 found at ml index: 680243
2025-06-19 12:47:52,172 - __main__ - INFO - Processing vortex SCLK 670138695 found at ml index: 682270
2025-06-19 12:47:52,209 - __main__ - INFO - Processing vortex SCLK 670225439 found at ml index: 735507
2025-06-19 12:47:52,248 - __main__ - INFO - Processing vortex SCLK 670232335 found at ml index: 739271
2025-06-19 12:47:52,287 - __main__ - INFO - Processing vortex SCLK 670232986 found at ml index: 739922
2025-06-19 12:47:52,324 - __main__ - INFO - Processing vortex SCLK 670233871 found at ml index: 740807
2025-06-19 12:47:52,364 - __main__ - INFO - Processing vortex SCLK 670313772 found at ml index: 794758
2025-06-19 12:47:52,404 - __main__ - INFO - Processing vortex SCLK 670315385 found at ml index: 796371
2025-06-19 12:47:52,444 - __main__ - INFO - Processing vortex SCLK 670317790 found at ml index: 798776
2025-06-19 12:47:52,483 - __main__ - INFO - Processing vortex SCLK 670321691 found at ml index: 802677
2025-06-19 12:47:52,523 - __main__ - INFO - Processing vortex SCLK 670325686 found at ml index: 804517
2025-06-19 12:47:52,560 - __main__ - INFO - Processing vortex SCLK 670329256 found at ml index: 808087
2025-06-19 12:47:52,600 - __main__ - INFO - Processing vortex SCLK 670398725 found at ml index: 848668
2025-06-19 12:47:52,636 - __main__ - INFO - Processing vortex SCLK 670402854 found at ml index: 852797
2025-06-19 12:47:52,672 - __main__ - INFO - Processing vortex SCLK 670403870 found at ml index: 853813
2025-06-19 12:47:52,711 - __main__ - INFO - Processing vortex SCLK 670409834 found at ml index: 857575
2025-06-19 12:47:52,749 - __main__ - INFO - Processing vortex SCLK 670412275 found at ml index: 860016
2025-06-19 12:47:52,787 - __main__ - INFO - Processing vortex SCLK 670412326 found at ml index: 860067
2025-06-19 12:47:52,826 - __main__ - INFO - Processing vortex SCLK 670578458 found at ml index: 934664
2025-06-19 12:47:52,864 - __main__ - INFO - Processing vortex SCLK 670580613 found at ml index: 936819
2025-06-19 12:47:52,902 - __main__ - INFO - Processing vortex SCLK 670584569 found at ml index: 940775
2025-06-19 12:47:52,941 - __main__ - INFO - Processing vortex SCLK 670584657 found at ml index: 940863
2025-06-19 12:47:52,979 - __main__ - INFO - Processing vortex SCLK 670587674 found at ml index: 943880
2025-06-19 12:47:53,019 - __main__ - INFO - Processing vortex SCLK 670594461 found at ml index: 947971
2025-06-19 12:47:53,057 - __main__ - INFO - Processing vortex SCLK 670841835 found at ml index: 1065790
2025-06-19 12:47:53,095 - __main__ - INFO - Processing vortex SCLK 670842459 found at ml index: 1066414
2025-06-19 12:47:53,132 - __main__ - INFO - Processing vortex SCLK 670849047 found at ml index: 1073002
2025-06-19 12:47:53,184 - __main__ - INFO - Processing vortex SCLK 670852738 found at ml index: 1076693
2025-06-19 12:47:53,219 - __main__ - INFO - Processing vortex SCLK 670856365 found at ml index: 1077977
2025-06-19 12:47:53,256 - __main__ - INFO - Processing vortex SCLK 670859755 found at ml index: 1081367
2025-06-19 12:47:53,295 - __main__ - INFO - Processing vortex SCLK 670870370 found at ml index: 1088579
2025-06-19 12:47:53,332 - __main__ - INFO - Processing vortex SCLK 670929808 found at ml index: 1120753
2025-06-19 12:47:53,371 - __main__ - INFO - Processing vortex SCLK 670930554 found at ml index: 1121499
2025-06-19 12:47:53,408 - __main__ - INFO - Processing vortex SCLK 670933108 found at ml index: 1124053
2025-06-19 12:47:53,446 - __main__ - INFO - Processing vortex SCLK 670934582 found at ml index: 1125527
2025-06-19 12:47:53,486 - __main__ - INFO - Processing vortex SCLK 670938327 found at ml index: 1129272
2025-06-19 12:47:53,525 - __main__ - INFO - Processing vortex SCLK 670938389 found at ml index: 1129334
2025-06-19 12:47:53,564 - __main__ - INFO - Processing vortex SCLK 670940703 found at ml index: 1131648
2025-06-19 12:47:53,600 - __main__ - INFO - Processing vortex SCLK 670945386 found at ml index: 1136331
2025-06-19 12:47:53,642 - __main__ - INFO - Processing vortex SCLK 670961352 found at ml index: 1146283
2025-06-19 12:47:53,679 - __main__ - INFO - Processing vortex SCLK 671024106 found at ml index: 1181789
2025-06-19 12:47:53,718 - __main__ - INFO - Processing vortex SCLK 671027864 found at ml index: 1185547
2025-06-19 12:47:53,758 - __main__ - INFO - Processing vortex SCLK 671027972 found at ml index: 1185655
2025-06-19 12:47:53,798 - __main__ - INFO - Processing vortex SCLK 671033906 found at ml index: 1191589
2025-06-19 12:47:53,834 - __main__ - INFO - Processing vortex SCLK 671039200 found at ml index: 1194533
2025-06-19 12:47:53,872 - __main__ - INFO - Processing vortex SCLK 671109364 found at ml index: 1233979
2025-06-19 12:47:53,911 - __main__ - INFO - Processing vortex SCLK 671113914 found at ml index: 1238529
2025-06-19 12:47:53,951 - __main__ - INFO - Processing vortex SCLK 671114679 found at ml index: 1239294
2025-06-19 12:47:53,989 - __main__ - INFO - Processing vortex SCLK 671115255 found at ml index: 1239870
2025-06-19 12:47:54,033 - __main__ - INFO - Processing vortex SCLK 671115289 found at ml index: 1239904
2025-06-19 12:47:54,071 - __main__ - INFO - Processing vortex SCLK 671120289 found at ml index: 1244904
2025-06-19 12:47:54,109 - __main__ - INFO - Processing vortex SCLK 671126006 found at ml index: 1250026
2025-06-19 12:47:54,146 - __main__ - INFO - Processing vortex SCLK 671126607 found at ml index: 1250627
2025-06-19 12:47:54,185 - __main__ - INFO - Processing vortex SCLK 671127245 found at ml index: 1251265
2025-06-19 12:47:54,224 - __main__ - INFO - Processing vortex SCLK 671139428 found at ml index: 1260040
2025-06-19 12:47:54,263 - __main__ - INFO - Processing vortex SCLK 671204280 found at ml index: 1299428
2025-06-19 12:47:54,302 - __main__ - INFO - Processing vortex SCLK 671213291 found at ml index: 1306235
2025-06-19 12:47:54,339 - __main__ - INFO - Processing vortex SCLK 671214052 found at ml index: 1306996
2025-06-19 12:47:54,378 - __main__ - INFO - Processing vortex SCLK 671224977 found at ml index: 1314440
2025-06-19 12:47:54,421 - __main__ - INFO - Processing vortex SCLK 671291649 found at ml index: 1353739
2025-06-19 12:47:54,460 - __main__ - INFO - Processing vortex SCLK 671294608 found at ml index: 1356698
2025-06-19 12:47:54,500 - __main__ - INFO - Processing vortex SCLK 671302478 found at ml index: 1361737
2025-06-19 12:47:54,541 - __main__ - INFO - Processing vortex SCLK 671302909 found at ml index: 1362168
2025-06-19 12:47:54,581 - __main__ - INFO - Processing vortex SCLK 671308300 found at ml index: 1365532
2025-06-19 12:47:54,619 - __main__ - INFO - Processing vortex SCLK 671376036 found at ml index: 1404444
2025-06-19 12:47:54,658 - __main__ - INFO - Processing vortex SCLK 671376059 found at ml index: 1404467
2025-06-19 12:47:54,699 - __main__ - INFO - Processing vortex SCLK 671376348 found at ml index: 1404756
2025-06-19 12:47:54,739 - __main__ - INFO - Processing vortex SCLK 671376844 found at ml index: 1405252
2025-06-19 12:47:54,776 - __main__ - INFO - Processing vortex SCLK 671377912 found at ml index: 1406320
2025-06-19 12:47:54,814 - __main__ - INFO - Processing vortex SCLK 671379183 found at ml index: 1407591
2025-06-19 12:47:54,854 - __main__ - INFO - Processing vortex SCLK 671384112 found at ml index: 1412520
2025-06-19 12:47:54,894 - __main__ - INFO - Processing vortex SCLK 671391076 found at ml index: 1419484
2025-06-19 12:47:54,933 - __main__ - INFO - Processing vortex SCLK 671395245 found at ml index: 1422765
2025-06-19 12:47:54,973 - __main__ - INFO - Processing vortex SCLK 671466934 found at ml index: 1463807
2025-06-19 12:47:55,013 - __main__ - INFO - Processing vortex SCLK 671468200 found at ml index: 1465073
2025-06-19 12:47:55,049 - __main__ - INFO - Processing vortex SCLK 671559311 found at ml index: 1524850
2025-06-19 12:47:55,089 - __main__ - INFO - Processing vortex SCLK 671560213 found at ml index: 1525752
2025-06-19 12:47:55,130 - __main__ - INFO - Processing vortex SCLK 671561065 found at ml index: 1526604
2025-06-19 12:47:55,169 - __main__ - INFO - Processing vortex SCLK 671563881 found at ml index: 1529420
2025-06-19 12:47:55,208 - __main__ - INFO - Processing vortex SCLK 671570327 found at ml index: 1532373
2025-06-19 12:47:55,247 - __main__ - INFO - Processing vortex SCLK 671641441 found at ml index: 1572853
2025-06-19 12:47:55,286 - __main__ - INFO - Processing vortex SCLK 671644549 found at ml index: 1575961
2025-06-19 12:47:55,326 - __main__ - INFO - Processing vortex SCLK 671645443 found at ml index: 1576855
2025-06-19 12:47:55,364 - __main__ - INFO - Processing vortex SCLK 671648210 found at ml index: 1579622
2025-06-19 12:47:55,402 - __main__ - INFO - Processing vortex SCLK 671656101 found at ml index: 1585256
2025-06-19 12:47:55,443 - __main__ - INFO - Processing vortex SCLK 671731643 found at ml index: 1630294
2025-06-19 12:47:55,480 - __main__ - INFO - Processing vortex SCLK 671740824 found at ml index: 1639475
2025-06-19 12:47:55,519 - __main__ - INFO - Processing vortex SCLK 671746873 found at ml index: 1643237
2025-06-19 12:47:55,558 - __main__ - INFO - Processing vortex SCLK 671823162 found at ml index: 1688879
2025-06-19 12:47:55,595 - __main__ - INFO - Processing vortex SCLK 671823654 found at ml index: 1689371
2025-06-19 12:47:55,634 - __main__ - INFO - Processing vortex SCLK 671823993 found at ml index: 1689710
2025-06-19 12:47:55,673 - __main__ - INFO - Processing vortex SCLK 671824646 found at ml index: 1690363
2025-06-19 12:47:55,711 - __main__ - INFO - Processing vortex SCLK 671825542 found at ml index: 1691259
2025-06-19 12:47:55,752 - __main__ - INFO - Processing vortex SCLK 671831605 found at ml index: 1697322
2025-06-19 12:47:55,790 - __main__ - INFO - Processing vortex SCLK 671834757 found at ml index: 1700474
2025-06-19 12:47:55,826 - __main__ - INFO - Processing vortex SCLK 671904824 found at ml index: 1740981
2025-06-19 12:47:55,867 - __main__ - INFO - Processing vortex SCLK 671909321 found at ml index: 1743885
2025-06-19 12:47:55,904 - __main__ - INFO - Processing vortex SCLK 671911350 found at ml index: 1745914
2025-06-19 12:47:55,943 - __main__ - INFO - Processing vortex SCLK 671913231 found at ml index: 1747795
2025-06-19 12:47:55,981 - __main__ - INFO - Processing vortex SCLK 671915681 found at ml index: 1750245
2025-06-19 12:47:56,020 - __main__ - INFO - Processing vortex SCLK 671916470 found at ml index: 1751034
2025-06-19 12:47:56,059 - __main__ - INFO - Processing vortex SCLK 671920779 found at ml index: 1755343
2025-06-19 12:47:56,099 - __main__ - INFO - Processing vortex SCLK 671921784 found at ml index: 1756348
2025-06-19 12:47:56,139 - __main__ - INFO - Processing vortex SCLK 671995990 found at ml index: 1801016
2025-06-19 12:47:56,180 - __main__ - INFO - Processing vortex SCLK 672002175 found at ml index: 1807201
2025-06-19 12:47:56,218 - __main__ - INFO - Processing vortex SCLK 672002362 found at ml index: 1807388
2025-06-19 12:47:56,255 - __main__ - INFO - Processing vortex SCLK 672104482 found at ml index: 1874652
2025-06-19 12:47:56,295 - __main__ - INFO - Processing vortex SCLK 672178090 found at ml index: 1921075
2025-06-19 12:47:56,333 - __main__ - INFO - Processing vortex SCLK 672180689 found at ml index: 1923674
2025-06-19 12:47:56,372 - __main__ - INFO - Processing vortex SCLK 672181444 found at ml index: 1924429
2025-06-19 12:47:56,409 - __main__ - INFO - Processing vortex SCLK 672182115 found at ml index: 1925100
2025-06-19 12:47:56,449 - __main__ - INFO - Processing vortex SCLK 672183596 found at ml index: 1926581
2025-06-19 12:47:56,489 - __main__ - INFO - Processing vortex SCLK 672185170 found at ml index: 1928155
2025-06-19 12:47:56,527 - __main__ - INFO - Processing vortex SCLK 672190662 found at ml index: 1931494
2025-06-19 12:47:56,565 - __main__ - INFO - Processing vortex SCLK 672267244 found at ml index: 1979457
2025-06-19 12:47:56,606 - __main__ - INFO - Processing vortex SCLK 672269283 found at ml index: 1981496
2025-06-19 12:47:56,642 - __main__ - INFO - Processing vortex SCLK 672269792 found at ml index: 1982005
2025-06-19 12:47:56,681 - __main__ - INFO - Processing vortex SCLK 672350659 found at ml index: 2035489
2025-06-19 12:47:56,721 - __main__ - INFO - Processing vortex SCLK 672352068 found at ml index: 2036898
2025-06-19 12:47:56,760 - __main__ - INFO - Processing vortex SCLK 672355502 found at ml index: 2040332
2025-06-19 12:47:56,823 - __main__ - INFO - Processing vortex SCLK 672357238 found at ml index: 2042068
2025-06-19 12:47:56,861 - __main__ - INFO - Processing vortex SCLK 672359382 found at ml index: 2044212
2025-06-19 12:47:56,900 - __main__ - INFO - Processing vortex SCLK 672362559 found at ml index: 2047389
2025-06-19 12:47:56,938 - __main__ - INFO - Processing vortex SCLK 672365510 found at ml index: 2050340
2025-06-19 12:47:56,979 - __main__ - INFO - Processing vortex SCLK 672365820 found at ml index: 2050650
2025-06-19 12:47:57,019 - __main__ - INFO - Processing vortex SCLK 672445220 found at ml index: 2096997
2025-06-19 12:47:57,058 - __main__ - INFO - Processing vortex SCLK 672445462 found at ml index: 2097239
2025-06-19 12:47:57,097 - __main__ - INFO - Processing vortex SCLK 672446338 found at ml index: 2098115
2025-06-19 12:47:57,137 - __main__ - INFO - Processing vortex SCLK 672528720 found at ml index: 2150565
2025-06-19 12:47:57,176 - __main__ - INFO - Processing vortex SCLK 672531916 found at ml index: 2153761
2025-06-19 12:47:57,215 - __main__ - INFO - Processing vortex SCLK 672538692 found at ml index: 2160537
2025-06-19 12:47:57,255 - __main__ - INFO - Processing vortex SCLK 672546578 found at ml index: 2165928
2025-06-19 12:47:57,295 - __main__ - INFO - Processing vortex SCLK 672548966 found at ml index: 2168316
2025-06-19 12:47:57,333 - __main__ - INFO - Processing vortex SCLK 672621236 found at ml index: 2212733
2025-06-19 12:47:57,371 - __main__ - INFO - Processing vortex SCLK 672622288 found at ml index: 2213785
2025-06-19 12:47:57,411 - __main__ - INFO - Processing vortex SCLK 672624313 found at ml index: 2215810
2025-06-19 12:47:57,448 - __main__ - INFO - Processing vortex SCLK 672624475 found at ml index: 2215972
2025-06-19 12:47:57,487 - __main__ - INFO - Processing vortex SCLK 672626109 found at ml index: 2217606
2025-06-19 12:47:57,526 - __main__ - INFO - Processing vortex SCLK 672626122 found at ml index: 2217619
2025-06-19 12:47:57,566 - __main__ - INFO - Processing vortex SCLK 672706787 found at ml index: 2270942
2025-06-19 12:47:57,602 - __main__ - INFO - Processing vortex SCLK 672709027 found at ml index: 2273182
2025-06-19 12:47:57,643 - __main__ - INFO - Processing vortex SCLK 672711149 found at ml index: 2275304
2025-06-19 12:47:57,679 - __main__ - INFO - Processing vortex SCLK 672711621 found at ml index: 2275776
2025-06-19 12:47:57,717 - __main__ - INFO - Processing vortex SCLK 672713266 found at ml index: 2277421
2025-06-19 12:47:57,771 - __main__ - INFO - Processing vortex SCLK 672713337 found at ml index: 2277492
2025-06-19 12:47:57,808 - __main__ - INFO - Processing vortex SCLK 672715961 found at ml index: 2280116
2025-06-19 12:47:57,845 - __main__ - INFO - Processing vortex SCLK 672718373 found at ml index: 2282528
2025-06-19 12:47:57,883 - __main__ - INFO - Processing vortex SCLK 672719375 found at ml index: 2283530
2025-06-19 12:47:57,922 - __main__ - INFO - Processing vortex SCLK 672721953 found at ml index: 2286108
2025-06-19 12:47:57,961 - __main__ - INFO - Processing vortex SCLK 672801263 found at ml index: 2334241
2025-06-19 12:47:58,001 - __main__ - INFO - Processing vortex SCLK 672801630 found at ml index: 2334608
2025-06-19 12:47:58,038 - __main__ - INFO - Processing vortex SCLK 672804797 found at ml index: 2337775
2025-06-19 12:47:58,075 - __main__ - INFO - Processing vortex SCLK 672884603 found at ml index: 2387935
2025-06-19 12:47:58,112 - __main__ - INFO - Processing vortex SCLK 672884933 found at ml index: 2388265
2025-06-19 12:47:58,153 - __main__ - INFO - Processing vortex SCLK 672885216 found at ml index: 2388548
2025-06-19 12:47:58,192 - __main__ - INFO - Processing vortex SCLK 672889286 found at ml index: 2392618
2025-06-19 12:47:58,233 - __main__ - INFO - Processing vortex SCLK 672890283 found at ml index: 2393615
2025-06-19 12:47:58,271 - __main__ - INFO - Processing vortex SCLK 672894510 found at ml index: 2397842
2025-06-19 12:47:58,312 - __main__ - INFO - Processing vortex SCLK 672964384 found at ml index: 2443850
2025-06-19 12:47:58,349 - __main__ - INFO - Processing vortex SCLK 672973742 found at ml index: 2448162
2025-06-19 12:47:58,388 - __main__ - INFO - Processing vortex SCLK 672976272 found at ml index: 2450692
2025-06-19 12:47:58,429 - __main__ - INFO - Processing vortex SCLK 672979607 found at ml index: 2454027
2025-06-19 12:47:58,472 - __main__ - INFO - Processing vortex SCLK 672983982 found at ml index: 2458402
2025-06-19 12:47:58,511 - __main__ - INFO - Processing vortex SCLK 672984068 found at ml index: 2458488
2025-06-19 12:47:58,547 - __main__ - INFO - Processing vortex SCLK 672984973 found at ml index: 2459393
2025-06-19 12:47:58,584 - __main__ - INFO - Processing vortex SCLK 672985340 found at ml index: 2459760
2025-06-19 12:47:58,623 - __main__ - INFO - Processing vortex SCLK 673068974 found at ml index: 2512676
2025-06-19 12:47:58,663 - __main__ - INFO - Processing vortex SCLK 673072073 found at ml index: 2515775
2025-06-19 12:47:58,701 - __main__ - INFO - Processing vortex SCLK 673076429 found at ml index: 2518680
2025-06-19 12:47:58,739 - __main__ - INFO - Processing vortex SCLK 673078972 found at ml index: 2521223
2025-06-19 12:47:58,779 - __main__ - INFO - Processing vortex SCLK 673147721 found at ml index: 2565489
2025-06-19 12:47:58,822 - __main__ - INFO - Processing vortex SCLK 673240962 found at ml index: 2629833
2025-06-19 12:47:58,861 - __main__ - INFO - Processing vortex SCLK 673242020 found at ml index: 2630891
2025-06-19 12:47:58,900 - __main__ - INFO - Processing vortex SCLK 673243964 found at ml index: 2632835
2025-06-19 12:47:58,940 - __main__ - INFO - Processing vortex SCLK 673245884 found at ml index: 2634755
2025-06-19 12:47:58,977 - __main__ - INFO - Processing vortex SCLK 673251635 found at ml index: 2640506
2025-06-19 12:47:59,018 - __main__ - INFO - Processing vortex SCLK 673254242 found at ml index: 2643113
2025-06-19 12:47:59,059 - __main__ - INFO - Processing vortex SCLK 673328658 found at ml index: 2691425
2025-06-19 12:47:59,099 - __main__ - INFO - Processing vortex SCLK 673329003 found at ml index: 2691770
2025-06-19 12:47:59,139 - __main__ - INFO - Processing vortex SCLK 673332835 found at ml index: 2695602
2025-06-19 12:47:59,180 - __main__ - INFO - Processing vortex SCLK 673332863 found at ml index: 2695630
2025-06-19 12:47:59,217 - __main__ - INFO - Processing vortex SCLK 673334070 found at ml index: 2696837
2025-06-19 12:47:59,257 - __main__ - INFO - Processing vortex SCLK 673334708 found at ml index: 2697475
2025-06-19 12:47:59,297 - __main__ - INFO - Processing vortex SCLK 673338788 found at ml index: 2701555
2025-06-19 12:47:59,335 - __main__ - INFO - Processing vortex SCLK 673340481 found at ml index: 2703248
2025-06-19 12:47:59,375 - __main__ - INFO - Processing vortex SCLK 673344227 found at ml index: 2706994
2025-06-19 12:47:59,416 - __main__ - INFO - Processing vortex SCLK 673424713 found at ml index: 2760219
2025-06-19 12:47:59,454 - __main__ - INFO - Processing vortex SCLK 673429348 found at ml index: 2764854
2025-06-19 12:47:59,494 - __main__ - INFO - Processing vortex SCLK 673500853 found at ml index: 2811671
2025-06-19 12:47:59,533 - __main__ - INFO - Processing vortex SCLK 673512599 found at ml index: 2821820
2025-06-19 12:47:59,574 - __main__ - INFO - Processing vortex SCLK 673513373 found at ml index: 2822594
2025-06-19 12:47:59,610 - __main__ - INFO - Processing vortex SCLK 673514725 found at ml index: 2823946
2025-06-19 12:47:59,649 - __main__ - INFO - Processing vortex SCLK 673594180 found at ml index: 2868616
2025-06-19 12:47:59,686 - __main__ - INFO - Processing vortex SCLK 673597335 found at ml index: 2871771
2025-06-19 12:47:59,724 - __main__ - INFO - Processing vortex SCLK 673598754 found at ml index: 2873190
2025-06-19 12:47:59,762 - __main__ - INFO - Processing vortex SCLK 673606937 found at ml index: 2881373
2025-06-19 12:47:59,801 - __main__ - INFO - Processing vortex SCLK 673680243 found at ml index: 2923529
2025-06-19 12:47:59,840 - __main__ - INFO - Processing vortex SCLK 673681579 found at ml index: 2924865
2025-06-19 12:47:59,880 - __main__ - INFO - Processing vortex SCLK 673685675 found at ml index: 2927360
2025-06-19 12:47:59,920 - __main__ - INFO - Processing vortex SCLK 673694236 found at ml index: 2935921
2025-06-19 12:47:59,959 - __main__ - INFO - Processing vortex SCLK 673694529 found at ml index: 2936214
2025-06-19 12:47:59,999 - __main__ - INFO - Processing vortex SCLK 673773378 found at ml index: 2977530
2025-06-19 12:48:00,038 - __main__ - INFO - Processing vortex SCLK 673779637 found at ml index: 2980341
2025-06-19 12:48:00,075 - __main__ - INFO - Processing vortex SCLK 673781075 found at ml index: 2981779
2025-06-19 12:48:00,114 - __main__ - INFO - Processing vortex SCLK 673858855 found at ml index: 3025360
2025-06-19 12:48:00,151 - __main__ - INFO - Processing vortex SCLK 673863604 found at ml index: 3026661
2025-06-19 12:48:00,190 - __main__ - INFO - Processing vortex SCLK 673865805 found at ml index: 3028862
2025-06-19 12:48:00,230 - __main__ - INFO - Processing vortex SCLK 673874053 found at ml index: 3033662
2025-06-19 12:48:00,267 - __main__ - INFO - Processing vortex SCLK 673948338 found at ml index: 3070297
2025-06-19 12:48:00,305 - __main__ - INFO - Processing vortex SCLK 673951488 found at ml index: 3073447
2025-06-19 12:48:00,341 - __main__ - INFO - Processing vortex SCLK 673955512 found at ml index: 3074023
2025-06-19 12:48:00,378 - __main__ - INFO - Processing vortex SCLK 673958960 found at ml index: 3077471
2025-06-19 12:48:00,418 - __main__ - INFO - Processing vortex SCLK 674041445 found at ml index: 3122295
2025-06-19 12:48:00,457 - __main__ - INFO - Processing vortex SCLK 674042999 found at ml index: 3123849
2025-06-19 12:48:00,495 - __main__ - INFO - Processing vortex SCLK 674044064 found at ml index: 3124914
2025-06-19 12:48:00,535 - __main__ - INFO - Processing vortex SCLK 674051268 found at ml index: 3128731
2025-06-19 12:48:00,575 - __main__ - INFO - Processing vortex SCLK 674056174 found at ml index: 3130255
2025-06-19 12:48:00,613 - __main__ - INFO - Processing vortex SCLK 674122081 found at ml index: 3167189
2025-06-19 12:48:00,652 - __main__ - INFO - Processing vortex SCLK 674128125 found at ml index: 3169788
2025-06-19 12:48:00,691 - __main__ - INFO - Processing vortex SCLK 674128981 found at ml index: 3170644
2025-06-19 12:48:00,729 - __main__ - INFO - Processing vortex SCLK 674133319 found at ml index: 3171534
2025-06-19 12:48:00,769 - __main__ - INFO - Processing vortex SCLK 674140571 found at ml index: 3175399
2025-06-19 12:48:00,807 - __main__ - INFO - Processing vortex SCLK 674213517 found at ml index: 3217526
2025-06-19 12:48:00,848 - __main__ - INFO - Processing vortex SCLK 674218894 found at ml index: 3219456
2025-06-19 12:48:00,888 - __main__ - INFO - Processing vortex SCLK 674228677 found at ml index: 3225791
2025-06-19 12:48:00,928 - __main__ - INFO - Processing vortex SCLK 674304877 found at ml index: 3264269
2025-06-19 12:48:00,967 - __main__ - INFO - Processing vortex SCLK 674307030 found at ml index: 3266422
2025-06-19 12:48:01,008 - __main__ - INFO - Processing vortex SCLK 674307104 found at ml index: 3266496
2025-06-19 12:48:01,047 - __main__ - INFO - Processing vortex SCLK 674317907 found at ml index: 3271821
2025-06-19 12:48:01,088 - __main__ - INFO - Processing vortex SCLK 674398187 found at ml index: 3317897
2025-06-19 12:48:01,140 - __main__ - INFO - Processing vortex SCLK 674410494 found at ml index: 3323374
2025-06-19 12:48:01,176 - __main__ - INFO - Processing vortex SCLK 674482627 found at ml index: 3361240
2025-06-19 12:48:01,215 - __main__ - INFO - Processing vortex SCLK 674483906 found at ml index: 3362519
2025-06-19 12:48:01,255 - __main__ - INFO - Processing vortex SCLK 674484439 found at ml index: 3363052
2025-06-19 12:48:01,300 - __main__ - INFO - Processing vortex SCLK 674491238 found at ml index: 3366403
2025-06-19 12:48:01,337 - __main__ - INFO - Processing vortex SCLK 674492008 found at ml index: 3367173
2025-06-19 12:48:01,377 - __main__ - INFO - Processing vortex SCLK 674497424 found at ml index: 3369141
2025-06-19 12:48:01,416 - __main__ - INFO - Processing vortex SCLK 674498121 found at ml index: 3369838
2025-06-19 12:48:01,456 - __main__ - INFO - Processing vortex SCLK 674568708 found at ml index: 3414394
2025-06-19 12:48:01,498 - __main__ - INFO - Processing vortex SCLK 674573756 found at ml index: 3415995
2025-06-19 12:48:01,542 - __main__ - INFO - Processing vortex SCLK 674575721 found at ml index: 3417960
2025-06-19 12:48:01,584 - __main__ - INFO - Processing vortex SCLK 674582484 found at ml index: 3421584
2025-06-19 12:48:01,626 - __main__ - INFO - Processing vortex SCLK 674666247 found at ml index: 3464132
2025-06-19 12:48:01,666 - __main__ - INFO - Processing vortex SCLK 674666809 found at ml index: 3464694
2025-06-19 12:48:01,705 - __main__ - INFO - Processing vortex SCLK 674667232 found at ml index: 3465117
2025-06-19 12:48:01,747 - __main__ - INFO - Processing vortex SCLK 674669243 found at ml index: 3467128
2025-06-19 12:48:01,789 - __main__ - INFO - Processing vortex SCLK 674751396 found at ml index: 3516443
2025-06-19 12:48:01,828 - __main__ - INFO - Processing vortex SCLK 674837510 found at ml index: 3563555
2025-06-19 12:48:01,867 - __main__ - INFO - Processing vortex SCLK 674845274 found at ml index: 3568241
2025-06-19 12:48:01,907 - __main__ - INFO - Processing vortex SCLK 674846962 found at ml index: 3569929
2025-06-19 12:48:01,945 - __main__ - INFO - Processing vortex SCLK 674850855 found at ml index: 3570435
2025-06-19 12:48:02,135 - __main__ - INFO - Preparing features and labels...
2025-06-19 12:48:02,139 - __main__ - INFO - Validating feature matrix...
2025-06-19 12:48:02,143 - __main__ - WARNING - Feature matrix issues detected:
2025-06-19 12:48:02,143 - __main__ - WARNING - - High correlation between pressure_drop_ratio and pressure_change: -1.00
2025-06-19 12:48:02,143 - __main__ - WARNING - - High correlation between pressure_drop_ratio and rate_of_change_mean: -0.99
2025-06-19 12:48:02,143 - __main__ - WARNING - - High correlation between pressure_change and rate_of_change_mean: 0.99
2025-06-19 12:48:02,143 - __main__ - WARNING - - High correlation between mean_pressure and min_pressure: 1.00
2025-06-19 12:48:02,144 - __main__ - WARNING - - High correlation between mean_pressure and max_pressure: 1.00
2025-06-19 12:48:02,144 - __main__ - WARNING - - High correlation between mean_pressure and long_term_mean: 1.00
2025-06-19 12:48:02,144 - __main__ - WARNING - - High correlation between std_pressure and pressure_range: 0.96
2025-06-19 12:48:02,144 - __main__ - WARNING - - High correlation between min_pressure and max_pressure: 1.00
2025-06-19 12:48:02,144 - __main__ - WARNING - - High correlation between min_pressure and long_term_mean: 1.00
2025-06-19 12:48:02,144 - __main__ - WARNING - - High correlation between max_pressure and long_term_mean: 1.00
2025-06-19 12:48:02,144 - __main__ - WARNING - - High correlation between rate_of_change_std and rate_of_change_max: 0.99
2025-06-19 12:48:02,144 - __main__ - INFO - Splitting data chronologically into train/val/test sets...
2025-06-19 12:48:02,145 - __main__ - INFO - Train set: 18725 samples
2025-06-19 12:48:02,145 - __main__ - INFO - Validation set: 6241 samples
2025-06-19 12:48:02,145 - __main__ - INFO - Test set: 6243 samples
2025-06-19 12:48:02,147 - __main__ - INFO - Training Random Forest classifier...
2025-06-19 12:48:06,023 - __main__ - INFO - Random Forest training completed.
2025-06-19 12:48:06,024 - __main__ - INFO - Generating evaluation plots...
2025-06-19 12:48:22,334 - __main__ - INFO - Evaluating on test set (no balancing or processing applied)...
2025-06-19 12:48:24,070 - __main__ - INFO - ==================================================
2025-06-19 12:48:24,070 - __main__ - INFO - FINAL TEST SET RESULTS (No Processing Applied)
2025-06-19 12:48:24,071 - __main__ - INFO - ==================================================
2025-06-19 12:48:24,071 - __main__ - INFO - Test Accuracy: 0.567
2025-06-19 12:48:24,071 - __main__ - INFO - Test F1 Score: 0.709
2025-06-19 12:48:24,071 - __main__ - INFO - Test Precision: 0.561
2025-06-19 12:48:24,071 - __main__ - INFO - Test Recall: 0.963
2025-06-19 12:48:24,071 - __main__ - INFO - Best Threshold: 0.2403
2025-06-19 12:48:24,072 - __main__ - INFO - ==================================================
2025-06-19 12:48:24,083 - __main__ - INFO - Test set predictions and probabilities saved to test_predictions_fixed.csv
2025-06-19 12:48:24,083 - __main__ - INFO - Performing feature selection...
2025-06-19 12:48:24,083 - __main__ - INFO - Selected 16 features with importance >= 0.01
2025-06-19 12:48:24,089 - __main__ - INFO - Selected 9 features after removing highly correlated ones
2025-06-19 12:48:27,629 - __main__ - INFO - Retrained model with reduced feature set.
2025-06-19 12:48:27,630 - __main__ - INFO - Evaluating reduced feature model...
2025-06-19 12:49:15,941 - __main__ - INFO - Reading vortex SCLK data...
2025-06-19 12:49:15,944 - __main__ - INFO - Successfully read 309 SCLK values from ../data/Jackson_vortex_detections_reformatted_augmented.csv
2025-06-19 12:49:15,945 - __main__ - INFO - Successfully read 309 SCLK values
2025-06-19 12:49:15,945 - __main__ - INFO - Reading ML data...
2025-06-19 12:49:18,053 - __main__ - INFO - Successfully loaded ML data from ../data/ml_ready_vortex_data.csv
2025-06-19 12:49:18,053 - __main__ - INFO - Successfully loaded ML data with 3590168 rows
2025-06-19 12:49:18,054 - __main__ - INFO - Validating data quality...
2025-06-19 12:49:18,449 - __main__ - WARNING - Data quality issues detected:
2025-06-19 12:49:18,450 - __main__ - WARNING - - Missing values found: {'gt_vortex_ind': 3577695}
2025-06-19 12:49:18,450 - __main__ - WARNING - - Severe class imbalance detected: 0.51% positive samples
2025-06-19 12:49:18,450 - __main__ - INFO - Analyzing original data distribution...
2025-06-19 12:49:18,452 - __main__ - INFO - ==================================================
2025-06-19 12:49:18,453 - __main__ - INFO - ORIGINAL DATA DISTRIBUTION (Before Processing)
2025-06-19 12:49:18,453 - __main__ - INFO - ==================================================
2025-06-19 12:49:18,453 - __main__ - INFO - Total rows: 3590168
2025-06-19 12:49:18,453 - __main__ - INFO - Positive samples: 18283 (0.51%)
2025-06-19 12:49:18,453 - __main__ - INFO - Negative samples: 3571885 (99.49%)
2025-06-19 12:49:18,453 - __main__ - INFO - ==================================================
2025-06-19 12:49:18,453 - __main__ - INFO - Processing vortex events...
2025-06-19 12:49:18,458 - __main__ - INFO - Processing vortex SCLK 668288145 found at ml index: 16563
2025-06-19 12:49:18,500 - __main__ - INFO - Processing vortex SCLK 668288356 found at ml index: 16774
2025-06-19 12:49:18,554 - __main__ - INFO - Processing vortex SCLK 668363851 found at ml index: 58206
2025-06-19 12:49:18,606 - __main__ - INFO - Processing vortex SCLK 668370696 found at ml index: 61613
2025-06-19 12:49:18,649 - __main__ - INFO - Processing vortex SCLK 668373458 found at ml index: 64372
2025-06-19 12:49:18,691 - __main__ - INFO - Processing vortex SCLK 668450709 found at ml index: 109929
2025-06-19 12:49:18,732 - __main__ - INFO - Processing vortex SCLK 668451679 found at ml index: 110896
2025-06-19 12:49:18,778 - __main__ - INFO - Processing vortex SCLK 668465594 found at ml index: 113943
2025-06-19 12:49:18,820 - __main__ - INFO - Processing vortex SCLK 668471362 found at ml index: 116280
2025-06-19 12:49:18,861 - __main__ - INFO - Processing vortex SCLK 668534767 found at ml index: 149951
2025-06-19 12:49:18,904 - __main__ - INFO - Processing vortex SCLK 668540964 found at ml index: 156148
2025-06-19 12:49:18,943 - __main__ - INFO - Processing vortex SCLK 668541515 found at ml index: 156699
2025-06-19 12:49:18,983 - __main__ - INFO - Processing vortex SCLK 668542064 found at ml index: 157248
2025-06-19 12:49:19,024 - __main__ - INFO - Processing vortex SCLK 668542340 found at ml index: 157524
2025-06-19 12:49:19,065 - __main__ - INFO - Processing vortex SCLK 668551101 found at ml index: 162084
2025-06-19 12:49:19,107 - __main__ - INFO - Processing vortex SCLK 668555682 found at ml index: 163446
2025-06-19 12:49:19,150 - __main__ - INFO - Processing vortex SCLK 668556124 found at ml index: 163888
2025-06-19 12:49:19,194 - __main__ - INFO - Processing vortex SCLK 668557517 found at ml index: 165281
2025-06-19 12:49:19,235 - __main__ - INFO - Processing vortex SCLK 668716847 found at ml index: 186189
2025-06-19 12:49:19,275 - __main__ - INFO - Processing vortex SCLK 668723694 found at ml index: 189570
2025-06-19 12:49:19,317 - __main__ - INFO - Processing vortex SCLK 668801790 found at ml index: 232821
2025-06-19 12:49:19,359 - __main__ - INFO - Processing vortex SCLK 668808927 found at ml index: 236462
2025-06-19 12:49:19,402 - __main__ - INFO - Processing vortex SCLK 668810541 found at ml index: 238076
2025-06-19 12:49:19,444 - __main__ - INFO - Processing vortex SCLK 668811652 found at ml index: 239187
2025-06-19 12:49:19,483 - __main__ - INFO - Processing vortex SCLK 668816129 found at ml index: 243664
2025-06-19 12:49:19,523 - __main__ - INFO - Processing vortex SCLK 669426485 found at ml index: 263130
2025-06-19 12:49:19,563 - __main__ - INFO - Processing vortex SCLK 669427340 found at ml index: 263985
2025-06-19 12:49:19,604 - __main__ - INFO - Processing vortex SCLK 669434405 found at ml index: 267663
2025-06-19 12:49:19,645 - __main__ - INFO - Processing vortex SCLK 669434703 found at ml index: 267961
2025-06-19 12:49:19,684 - __main__ - INFO - Processing vortex SCLK 669518763 found at ml index: 314172
2025-06-19 12:49:19,722 - __main__ - INFO - Processing vortex SCLK 669519478 found at ml index: 314887
2025-06-19 12:49:19,766 - __main__ - INFO - Processing vortex SCLK 669531860 found at ml index: 320377
2025-06-19 12:49:19,808 - __main__ - INFO - Processing vortex SCLK 669626803 found at ml index: 374269
2025-06-19 12:49:19,853 - __main__ - INFO - Processing vortex SCLK 669688619 found at ml index: 407952
2025-06-19 12:49:19,892 - __main__ - INFO - Processing vortex SCLK 669690018 found at ml index: 409351
2025-06-19 12:49:19,933 - __main__ - INFO - Processing vortex SCLK 669690620 found at ml index: 409953
2025-06-19 12:49:19,972 - __main__ - INFO - Processing vortex SCLK 669704197 found at ml index: 416696
2025-06-19 12:49:20,013 - __main__ - INFO - Processing vortex SCLK 669779409 found at ml index: 457637
2025-06-19 12:49:20,053 - __main__ - INFO - Processing vortex SCLK 669780445 found at ml index: 458673
2025-06-19 12:49:20,094 - __main__ - INFO - Processing vortex SCLK 669787866 found at ml index: 466094
2025-06-19 12:49:20,134 - __main__ - INFO - Processing vortex SCLK 669787881 found at ml index: 466109
2025-06-19 12:49:20,175 - __main__ - INFO - Processing vortex SCLK 669870405 found at ml index: 512761
2025-06-19 12:49:20,214 - __main__ - INFO - Processing vortex SCLK 669873580 found at ml index: 515936
2025-06-19 12:49:20,256 - __main__ - INFO - Processing vortex SCLK 669882031 found at ml index: 522188
2025-06-19 12:49:20,295 - __main__ - INFO - Processing vortex SCLK 669886865 found at ml index: 524448
2025-06-19 12:49:20,335 - __main__ - INFO - Processing vortex SCLK 669958088 found at ml index: 564661
2025-06-19 12:49:20,373 - __main__ - INFO - Processing vortex SCLK 669959376 found at ml index: 565949
2025-06-19 12:49:20,414 - __main__ - INFO - Processing vortex SCLK 669959712 found at ml index: 566285
2025-06-19 12:49:20,453 - __main__ - INFO - Processing vortex SCLK 669960008 found at ml index: 566581
2025-06-19 12:49:20,494 - __main__ - INFO - Processing vortex SCLK 669960347 found at ml index: 566920
2025-06-19 12:49:20,533 - __main__ - INFO - Processing vortex SCLK 669962940 found at ml index: 569513
2025-06-19 12:49:20,571 - __main__ - INFO - Processing vortex SCLK 669964312 found at ml index: 570885
2025-06-19 12:49:20,610 - __main__ - INFO - Processing vortex SCLK 669965150 found at ml index: 571723
2025-06-19 12:49:20,647 - __main__ - INFO - Processing vortex SCLK 669971696 found at ml index: 575571
2025-06-19 12:49:20,687 - __main__ - INFO - Processing vortex SCLK 670046942 found at ml index: 618056
2025-06-19 12:49:20,727 - __main__ - INFO - Processing vortex SCLK 670047546 found at ml index: 618660
2025-06-19 12:49:20,766 - __main__ - INFO - Processing vortex SCLK 670055611 found at ml index: 626725
2025-06-19 12:49:20,805 - __main__ - INFO - Processing vortex SCLK 670129653 found at ml index: 676671
2025-06-19 12:49:20,843 - __main__ - INFO - Processing vortex SCLK 670136668 found at ml index: 680243
2025-06-19 12:49:20,882 - __main__ - INFO - Processing vortex SCLK 670138695 found at ml index: 682270
2025-06-19 12:49:20,921 - __main__ - INFO - Processing vortex SCLK 670225439 found at ml index: 735507
2025-06-19 12:49:20,960 - __main__ - INFO - Processing vortex SCLK 670232335 found at ml index: 739271
2025-06-19 12:49:20,999 - __main__ - INFO - Processing vortex SCLK 670232986 found at ml index: 739922
2025-06-19 12:49:21,039 - __main__ - INFO - Processing vortex SCLK 670233871 found at ml index: 740807
2025-06-19 12:49:21,079 - __main__ - INFO - Processing vortex SCLK 670313772 found at ml index: 794758
2025-06-19 12:49:21,118 - __main__ - INFO - Processing vortex SCLK 670315385 found at ml index: 796371
2025-06-19 12:49:21,161 - __main__ - INFO - Processing vortex SCLK 670317790 found at ml index: 798776
2025-06-19 12:49:21,197 - __main__ - INFO - Processing vortex SCLK 670321691 found at ml index: 802677
2025-06-19 12:49:21,237 - __main__ - INFO - Processing vortex SCLK 670325686 found at ml index: 804517
2025-06-19 12:49:21,275 - __main__ - INFO - Processing vortex SCLK 670329256 found at ml index: 808087
2025-06-19 12:49:21,314 - __main__ - INFO - Processing vortex SCLK 670398725 found at ml index: 848668
2025-06-19 12:49:21,353 - __main__ - INFO - Processing vortex SCLK 670402854 found at ml index: 852797
2025-06-19 12:49:21,393 - __main__ - INFO - Processing vortex SCLK 670403870 found at ml index: 853813
2025-06-19 12:49:21,431 - __main__ - INFO - Processing vortex SCLK 670409834 found at ml index: 857575
2025-06-19 12:49:21,468 - __main__ - INFO - Processing vortex SCLK 670412275 found at ml index: 860016
2025-06-19 12:49:21,508 - __main__ - INFO - Processing vortex SCLK 670412326 found at ml index: 860067
2025-06-19 12:49:21,546 - __main__ - INFO - Processing vortex SCLK 670578458 found at ml index: 934664
2025-06-19 12:49:21,585 - __main__ - INFO - Processing vortex SCLK 670580613 found at ml index: 936819
2025-06-19 12:49:21,623 - __main__ - INFO - Processing vortex SCLK 670584569 found at ml index: 940775
2025-06-19 12:49:21,663 - __main__ - INFO - Processing vortex SCLK 670584657 found at ml index: 940863
2025-06-19 12:49:21,702 - __main__ - INFO - Processing vortex SCLK 670587674 found at ml index: 943880
2025-06-19 12:49:21,744 - __main__ - INFO - Processing vortex SCLK 670594461 found at ml index: 947971
2025-06-19 12:49:21,779 - __main__ - INFO - Processing vortex SCLK 670841835 found at ml index: 1065790
2025-06-19 12:49:21,818 - __main__ - INFO - Processing vortex SCLK 670842459 found at ml index: 1066414
2025-06-19 12:49:21,857 - __main__ - INFO - Processing vortex SCLK 670849047 found at ml index: 1073002
2025-06-19 12:49:21,898 - __main__ - INFO - Processing vortex SCLK 670852738 found at ml index: 1076693
2025-06-19 12:49:21,940 - __main__ - INFO - Processing vortex SCLK 670856365 found at ml index: 1077977
2025-06-19 12:49:21,979 - __main__ - INFO - Processing vortex SCLK 670859755 found at ml index: 1081367
2025-06-19 12:49:22,018 - __main__ - INFO - Processing vortex SCLK 670870370 found at ml index: 1088579
2025-06-19 12:49:22,059 - __main__ - INFO - Processing vortex SCLK 670929808 found at ml index: 1120753
2025-06-19 12:49:22,099 - __main__ - INFO - Processing vortex SCLK 670930554 found at ml index: 1121499
2025-06-19 12:49:22,138 - __main__ - INFO - Processing vortex SCLK 670933108 found at ml index: 1124053
2025-06-19 12:49:22,176 - __main__ - INFO - Processing vortex SCLK 670934582 found at ml index: 1125527
2025-06-19 12:49:22,214 - __main__ - INFO - Processing vortex SCLK 670938327 found at ml index: 1129272
2025-06-19 12:49:22,253 - __main__ - INFO - Processing vortex SCLK 670938389 found at ml index: 1129334
2025-06-19 12:49:22,295 - __main__ - INFO - Processing vortex SCLK 670940703 found at ml index: 1131648
2025-06-19 12:49:22,332 - __main__ - INFO - Processing vortex SCLK 670945386 found at ml index: 1136331
2025-06-19 12:49:22,374 - __main__ - INFO - Processing vortex SCLK 670961352 found at ml index: 1146283
2025-06-19 12:49:22,413 - __main__ - INFO - Processing vortex SCLK 671024106 found at ml index: 1181789
2025-06-19 12:49:22,452 - __main__ - INFO - Processing vortex SCLK 671027864 found at ml index: 1185547
2025-06-19 12:49:22,490 - __main__ - INFO - Processing vortex SCLK 671027972 found at ml index: 1185655
2025-06-19 12:49:22,529 - __main__ - INFO - Processing vortex SCLK 671033906 found at ml index: 1191589
2025-06-19 12:49:22,567 - __main__ - INFO - Processing vortex SCLK 671039200 found at ml index: 1194533
2025-06-19 12:49:22,607 - __main__ - INFO - Processing vortex SCLK 671109364 found at ml index: 1233979
2025-06-19 12:49:22,646 - __main__ - INFO - Processing vortex SCLK 671113914 found at ml index: 1238529
2025-06-19 12:49:22,685 - __main__ - INFO - Processing vortex SCLK 671114679 found at ml index: 1239294
2025-06-19 12:49:22,723 - __main__ - INFO - Processing vortex SCLK 671115255 found at ml index: 1239870
2025-06-19 12:49:22,761 - __main__ - INFO - Processing vortex SCLK 671115289 found at ml index: 1239904
2025-06-19 12:49:22,797 - __main__ - INFO - Processing vortex SCLK 671120289 found at ml index: 1244904
2025-06-19 12:49:22,836 - __main__ - INFO - Processing vortex SCLK 671126006 found at ml index: 1250026
2025-06-19 12:49:22,875 - __main__ - INFO - Processing vortex SCLK 671126607 found at ml index: 1250627
2025-06-19 12:49:22,914 - __main__ - INFO - Processing vortex SCLK 671127245 found at ml index: 1251265
2025-06-19 12:49:22,954 - __main__ - INFO - Processing vortex SCLK 671139428 found at ml index: 1260040
2025-06-19 12:49:22,994 - __main__ - INFO - Processing vortex SCLK 671204280 found at ml index: 1299428
2025-06-19 12:49:23,032 - __main__ - INFO - Processing vortex SCLK 671213291 found at ml index: 1306235
2025-06-19 12:49:23,073 - __main__ - INFO - Processing vortex SCLK 671214052 found at ml index: 1306996
2025-06-19 12:49:23,114 - __main__ - INFO - Processing vortex SCLK 671224977 found at ml index: 1314440
2025-06-19 12:49:23,157 - __main__ - INFO - Processing vortex SCLK 671291649 found at ml index: 1353739
2025-06-19 12:49:23,195 - __main__ - INFO - Processing vortex SCLK 671294608 found at ml index: 1356698
2025-06-19 12:49:23,236 - __main__ - INFO - Processing vortex SCLK 671302478 found at ml index: 1361737
2025-06-19 12:49:23,276 - __main__ - INFO - Processing vortex SCLK 671302909 found at ml index: 1362168
2025-06-19 12:49:23,317 - __main__ - INFO - Processing vortex SCLK 671308300 found at ml index: 1365532
2025-06-19 12:49:23,357 - __main__ - INFO - Processing vortex SCLK 671376036 found at ml index: 1404444
2025-06-19 12:49:23,396 - __main__ - INFO - Processing vortex SCLK 671376059 found at ml index: 1404467
2025-06-19 12:49:23,439 - __main__ - INFO - Processing vortex SCLK 671376348 found at ml index: 1404756
2025-06-19 12:49:23,477 - __main__ - INFO - Processing vortex SCLK 671376844 found at ml index: 1405252
2025-06-19 12:49:23,519 - __main__ - INFO - Processing vortex SCLK 671377912 found at ml index: 1406320
2025-06-19 12:49:23,557 - __main__ - INFO - Processing vortex SCLK 671379183 found at ml index: 1407591
2025-06-19 12:49:23,594 - __main__ - INFO - Processing vortex SCLK 671384112 found at ml index: 1412520
2025-06-19 12:49:23,634 - __main__ - INFO - Processing vortex SCLK 671391076 found at ml index: 1419484
2025-06-19 12:49:23,675 - __main__ - INFO - Processing vortex SCLK 671395245 found at ml index: 1422765
2025-06-19 12:49:23,713 - __main__ - INFO - Processing vortex SCLK 671466934 found at ml index: 1463807
2025-06-19 12:49:23,749 - __main__ - INFO - Processing vortex SCLK 671468200 found at ml index: 1465073
2025-06-19 12:49:23,790 - __main__ - INFO - Processing vortex SCLK 671559311 found at ml index: 1524850
2025-06-19 12:49:23,827 - __main__ - INFO - Processing vortex SCLK 671560213 found at ml index: 1525752
2025-06-19 12:49:23,869 - __main__ - INFO - Processing vortex SCLK 671561065 found at ml index: 1526604
2025-06-19 12:49:23,906 - __main__ - INFO - Processing vortex SCLK 671563881 found at ml index: 1529420
2025-06-19 12:49:23,944 - __main__ - INFO - Processing vortex SCLK 671570327 found at ml index: 1532373
2025-06-19 12:49:23,985 - __main__ - INFO - Processing vortex SCLK 671641441 found at ml index: 1572853
2025-06-19 12:49:24,023 - __main__ - INFO - Processing vortex SCLK 671644549 found at ml index: 1575961
2025-06-19 12:49:24,062 - __main__ - INFO - Processing vortex SCLK 671645443 found at ml index: 1576855
2025-06-19 12:49:24,101 - __main__ - INFO - Processing vortex SCLK 671648210 found at ml index: 1579622
2025-06-19 12:49:24,139 - __main__ - INFO - Processing vortex SCLK 671656101 found at ml index: 1585256
2025-06-19 12:49:24,177 - __main__ - INFO - Processing vortex SCLK 671731643 found at ml index: 1630294
2025-06-19 12:49:24,217 - __main__ - INFO - Processing vortex SCLK 671740824 found at ml index: 1639475
2025-06-19 12:49:24,258 - __main__ - INFO - Processing vortex SCLK 671746873 found at ml index: 1643237
2025-06-19 12:49:24,297 - __main__ - INFO - Processing vortex SCLK 671823162 found at ml index: 1688879
2025-06-19 12:49:24,336 - __main__ - INFO - Processing vortex SCLK 671823654 found at ml index: 1689371
2025-06-19 12:49:24,373 - __main__ - INFO - Processing vortex SCLK 671823993 found at ml index: 1689710
2025-06-19 12:49:24,413 - __main__ - INFO - Processing vortex SCLK 671824646 found at ml index: 1690363
2025-06-19 12:49:24,451 - __main__ - INFO - Processing vortex SCLK 671825542 found at ml index: 1691259
2025-06-19 12:49:24,491 - __main__ - INFO - Processing vortex SCLK 671831605 found at ml index: 1697322
2025-06-19 12:49:24,529 - __main__ - INFO - Processing vortex SCLK 671834757 found at ml index: 1700474
2025-06-19 12:49:24,572 - __main__ - INFO - Processing vortex SCLK 671904824 found at ml index: 1740981
2025-06-19 12:49:24,609 - __main__ - INFO - Processing vortex SCLK 671909321 found at ml index: 1743885
2025-06-19 12:49:24,651 - __main__ - INFO - Processing vortex SCLK 671911350 found at ml index: 1745914
2025-06-19 12:49:24,690 - __main__ - INFO - Processing vortex SCLK 671913231 found at ml index: 1747795
2025-06-19 12:49:24,728 - __main__ - INFO - Processing vortex SCLK 671915681 found at ml index: 1750245
2025-06-19 12:49:24,770 - __main__ - INFO - Processing vortex SCLK 671916470 found at ml index: 1751034
2025-06-19 12:49:24,807 - __main__ - INFO - Processing vortex SCLK 671920779 found at ml index: 1755343
2025-06-19 12:49:24,847 - __main__ - INFO - Processing vortex SCLK 671921784 found at ml index: 1756348
2025-06-19 12:49:24,887 - __main__ - INFO - Processing vortex SCLK 671995990 found at ml index: 1801016
2025-06-19 12:49:24,924 - __main__ - INFO - Processing vortex SCLK 672002175 found at ml index: 1807201
2025-06-19 12:49:24,962 - __main__ - INFO - Processing vortex SCLK 672002362 found at ml index: 1807388
2025-06-19 12:49:25,002 - __main__ - INFO - Processing vortex SCLK 672104482 found at ml index: 1874652
2025-06-19 12:49:25,041 - __main__ - INFO - Processing vortex SCLK 672178090 found at ml index: 1921075
2025-06-19 12:49:25,077 - __main__ - INFO - Processing vortex SCLK 672180689 found at ml index: 1923674
2025-06-19 12:49:25,118 - __main__ - INFO - Processing vortex SCLK 672181444 found at ml index: 1924429
2025-06-19 12:49:25,157 - __main__ - INFO - Processing vortex SCLK 672182115 found at ml index: 1925100
2025-06-19 12:49:25,195 - __main__ - INFO - Processing vortex SCLK 672183596 found at ml index: 1926581
2025-06-19 12:49:25,235 - __main__ - INFO - Processing vortex SCLK 672185170 found at ml index: 1928155
2025-06-19 12:49:25,275 - __main__ - INFO - Processing vortex SCLK 672190662 found at ml index: 1931494
2025-06-19 12:49:25,313 - __main__ - INFO - Processing vortex SCLK 672267244 found at ml index: 1979457
2025-06-19 12:49:25,354 - __main__ - INFO - Processing vortex SCLK 672269283 found at ml index: 1981496
2025-06-19 12:49:25,393 - __main__ - INFO - Processing vortex SCLK 672269792 found at ml index: 1982005
2025-06-19 12:49:25,433 - __main__ - INFO - Processing vortex SCLK 672350659 found at ml index: 2035489
2025-06-19 12:49:25,471 - __main__ - INFO - Processing vortex SCLK 672352068 found at ml index: 2036898
2025-06-19 12:49:25,510 - __main__ - INFO - Processing vortex SCLK 672355502 found at ml index: 2040332
2025-06-19 12:49:25,574 - __main__ - INFO - Processing vortex SCLK 672357238 found at ml index: 2042068
2025-06-19 12:49:25,614 - __main__ - INFO - Processing vortex SCLK 672359382 found at ml index: 2044212
2025-06-19 12:49:25,653 - __main__ - INFO - Processing vortex SCLK 672362559 found at ml index: 2047389
2025-06-19 12:49:25,695 - __main__ - INFO - Processing vortex SCLK 672365510 found at ml index: 2050340
2025-06-19 12:49:25,733 - __main__ - INFO - Processing vortex SCLK 672365820 found at ml index: 2050650
2025-06-19 12:49:25,773 - __main__ - INFO - Processing vortex SCLK 672445220 found at ml index: 2096997
2025-06-19 12:49:25,812 - __main__ - INFO - Processing vortex SCLK 672445462 found at ml index: 2097239
2025-06-19 12:49:25,851 - __main__ - INFO - Processing vortex SCLK 672446338 found at ml index: 2098115
2025-06-19 12:49:25,891 - __main__ - INFO - Processing vortex SCLK 672528720 found at ml index: 2150565
2025-06-19 12:49:25,933 - __main__ - INFO - Processing vortex SCLK 672531916 found at ml index: 2153761
2025-06-19 12:49:25,972 - __main__ - INFO - Processing vortex SCLK 672538692 found at ml index: 2160537
2025-06-19 12:49:26,012 - __main__ - INFO - Processing vortex SCLK 672546578 found at ml index: 2165928
2025-06-19 12:49:26,052 - __main__ - INFO - Processing vortex SCLK 672548966 found at ml index: 2168316
2025-06-19 12:49:26,093 - __main__ - INFO - Processing vortex SCLK 672621236 found at ml index: 2212733
2025-06-19 12:49:26,140 - __main__ - INFO - Processing vortex SCLK 672622288 found at ml index: 2213785
2025-06-19 12:49:26,184 - __main__ - INFO - Processing vortex SCLK 672624313 found at ml index: 2215810
2025-06-19 12:49:26,221 - __main__ - INFO - Processing vortex SCLK 672624475 found at ml index: 2215972
2025-06-19 12:49:26,260 - __main__ - INFO - Processing vortex SCLK 672626109 found at ml index: 2217606
2025-06-19 12:49:26,300 - __main__ - INFO - Processing vortex SCLK 672626122 found at ml index: 2217619
2025-06-19 12:49:26,337 - __main__ - INFO - Processing vortex SCLK 672706787 found at ml index: 2270942
2025-06-19 12:49:26,376 - __main__ - INFO - Processing vortex SCLK 672709027 found at ml index: 2273182
2025-06-19 12:49:26,413 - __main__ - INFO - Processing vortex SCLK 672711149 found at ml index: 2275304
2025-06-19 12:49:26,453 - __main__ - INFO - Processing vortex SCLK 672711621 found at ml index: 2275776
2025-06-19 12:49:26,492 - __main__ - INFO - Processing vortex SCLK 672713266 found at ml index: 2277421
2025-06-19 12:49:26,532 - __main__ - INFO - Processing vortex SCLK 672713337 found at ml index: 2277492
2025-06-19 12:49:26,570 - __main__ - INFO - Processing vortex SCLK 672715961 found at ml index: 2280116
2025-06-19 12:49:26,612 - __main__ - INFO - Processing vortex SCLK 672718373 found at ml index: 2282528
2025-06-19 12:49:26,652 - __main__ - INFO - Processing vortex SCLK 672719375 found at ml index: 2283530
2025-06-19 12:49:26,692 - __main__ - INFO - Processing vortex SCLK 672721953 found at ml index: 2286108
2025-06-19 12:49:26,731 - __main__ - INFO - Processing vortex SCLK 672801263 found at ml index: 2334241
2025-06-19 12:49:26,769 - __main__ - INFO - Processing vortex SCLK 672801630 found at ml index: 2334608
2025-06-19 12:49:26,811 - __main__ - INFO - Processing vortex SCLK 672804797 found at ml index: 2337775
2025-06-19 12:49:26,850 - __main__ - INFO - Processing vortex SCLK 672884603 found at ml index: 2387935
2025-06-19 12:49:26,888 - __main__ - INFO - Processing vortex SCLK 672884933 found at ml index: 2388265
2025-06-19 12:49:26,929 - __main__ - INFO - Processing vortex SCLK 672885216 found at ml index: 2388548
2025-06-19 12:49:26,970 - __main__ - INFO - Processing vortex SCLK 672889286 found at ml index: 2392618
2025-06-19 12:49:27,009 - __main__ - INFO - Processing vortex SCLK 672890283 found at ml index: 2393615
2025-06-19 12:49:27,050 - __main__ - INFO - Processing vortex SCLK 672894510 found at ml index: 2397842
2025-06-19 12:49:27,092 - __main__ - INFO - Processing vortex SCLK 672964384 found at ml index: 2443850
2025-06-19 12:49:27,130 - __main__ - INFO - Processing vortex SCLK 672973742 found at ml index: 2448162
2025-06-19 12:49:27,168 - __main__ - INFO - Processing vortex SCLK 672976272 found at ml index: 2450692
2025-06-19 12:49:27,208 - __main__ - INFO - Processing vortex SCLK 672979607 found at ml index: 2454027
2025-06-19 12:49:27,252 - __main__ - INFO - Processing vortex SCLK 672983982 found at ml index: 2458402
2025-06-19 12:49:27,295 - __main__ - INFO - Processing vortex SCLK 672984068 found at ml index: 2458488
2025-06-19 12:49:27,334 - __main__ - INFO - Processing vortex SCLK 672984973 found at ml index: 2459393
2025-06-19 12:49:27,372 - __main__ - INFO - Processing vortex SCLK 672985340 found at ml index: 2459760
2025-06-19 12:49:27,410 - __main__ - INFO - Processing vortex SCLK 673068974 found at ml index: 2512676
2025-06-19 12:49:27,452 - __main__ - INFO - Processing vortex SCLK 673072073 found at ml index: 2515775
2025-06-19 12:49:27,490 - __main__ - INFO - Processing vortex SCLK 673076429 found at ml index: 2518680
2025-06-19 12:49:27,527 - __main__ - INFO - Processing vortex SCLK 673078972 found at ml index: 2521223
2025-06-19 12:49:27,565 - __main__ - INFO - Processing vortex SCLK 673147721 found at ml index: 2565489
2025-06-19 12:49:27,604 - __main__ - INFO - Processing vortex SCLK 673240962 found at ml index: 2629833
2025-06-19 12:49:27,642 - __main__ - INFO - Processing vortex SCLK 673242020 found at ml index: 2630891
2025-06-19 12:49:27,680 - __main__ - INFO - Processing vortex SCLK 673243964 found at ml index: 2632835
2025-06-19 12:49:27,719 - __main__ - INFO - Processing vortex SCLK 673245884 found at ml index: 2634755
2025-06-19 12:49:27,757 - __main__ - INFO - Processing vortex SCLK 673251635 found at ml index: 2640506
2025-06-19 12:49:27,795 - __main__ - INFO - Processing vortex SCLK 673254242 found at ml index: 2643113
2025-06-19 12:49:27,840 - __main__ - INFO - Processing vortex SCLK 673328658 found at ml index: 2691425
2025-06-19 12:49:27,877 - __main__ - INFO - Processing vortex SCLK 673329003 found at ml index: 2691770
2025-06-19 12:49:27,913 - __main__ - INFO - Processing vortex SCLK 673332835 found at ml index: 2695602
2025-06-19 12:49:27,954 - __main__ - INFO - Processing vortex SCLK 673332863 found at ml index: 2695630
2025-06-19 12:49:27,991 - __main__ - INFO - Processing vortex SCLK 673334070 found at ml index: 2696837
2025-06-19 12:49:28,029 - __main__ - INFO - Processing vortex SCLK 673334708 found at ml index: 2697475
2025-06-19 12:49:28,070 - __main__ - INFO - Processing vortex SCLK 673338788 found at ml index: 2701555
2025-06-19 12:49:28,107 - __main__ - INFO - Processing vortex SCLK 673340481 found at ml index: 2703248
2025-06-19 12:49:28,146 - __main__ - INFO - Processing vortex SCLK 673344227 found at ml index: 2706994
2025-06-19 12:49:28,185 - __main__ - INFO - Processing vortex SCLK 673424713 found at ml index: 2760219
2025-06-19 12:49:28,224 - __main__ - INFO - Processing vortex SCLK 673429348 found at ml index: 2764854
2025-06-19 12:49:28,263 - __main__ - INFO - Processing vortex SCLK 673500853 found at ml index: 2811671
2025-06-19 12:49:28,302 - __main__ - INFO - Processing vortex SCLK 673512599 found at ml index: 2821820
2025-06-19 12:49:28,341 - __main__ - INFO - Processing vortex SCLK 673513373 found at ml index: 2822594
2025-06-19 12:49:28,380 - __main__ - INFO - Processing vortex SCLK 673514725 found at ml index: 2823946
2025-06-19 12:49:28,420 - __main__ - INFO - Processing vortex SCLK 673594180 found at ml index: 2868616
2025-06-19 12:49:28,460 - __main__ - INFO - Processing vortex SCLK 673597335 found at ml index: 2871771
2025-06-19 12:49:28,499 - __main__ - INFO - Processing vortex SCLK 673598754 found at ml index: 2873190
2025-06-19 12:49:28,537 - __main__ - INFO - Processing vortex SCLK 673606937 found at ml index: 2881373
2025-06-19 12:49:28,578 - __main__ - INFO - Processing vortex SCLK 673680243 found at ml index: 2923529
2025-06-19 12:49:28,617 - __main__ - INFO - Processing vortex SCLK 673681579 found at ml index: 2924865
2025-06-19 12:49:28,655 - __main__ - INFO - Processing vortex SCLK 673685675 found at ml index: 2927360
2025-06-19 12:49:28,694 - __main__ - INFO - Processing vortex SCLK 673694236 found at ml index: 2935921
2025-06-19 12:49:28,731 - __main__ - INFO - Processing vortex SCLK 673694529 found at ml index: 2936214
2025-06-19 12:49:28,769 - __main__ - INFO - Processing vortex SCLK 673773378 found at ml index: 2977530
2025-06-19 12:49:28,807 - __main__ - INFO - Processing vortex SCLK 673779637 found at ml index: 2980341
2025-06-19 12:49:28,846 - __main__ - INFO - Processing vortex SCLK 673781075 found at ml index: 2981779
2025-06-19 12:49:28,886 - __main__ - INFO - Processing vortex SCLK 673858855 found at ml index: 3025360
2025-06-19 12:49:28,923 - __main__ - INFO - Processing vortex SCLK 673863604 found at ml index: 3026661
2025-06-19 12:49:28,963 - __main__ - INFO - Processing vortex SCLK 673865805 found at ml index: 3028862
2025-06-19 12:49:29,002 - __main__ - INFO - Processing vortex SCLK 673874053 found at ml index: 3033662
2025-06-19 12:49:29,042 - __main__ - INFO - Processing vortex SCLK 673948338 found at ml index: 3070297
2025-06-19 12:49:29,080 - __main__ - INFO - Processing vortex SCLK 673951488 found at ml index: 3073447
2025-06-19 12:49:29,122 - __main__ - INFO - Processing vortex SCLK 673955512 found at ml index: 3074023
2025-06-19 12:49:29,161 - __main__ - INFO - Processing vortex SCLK 673958960 found at ml index: 3077471
2025-06-19 12:49:29,198 - __main__ - INFO - Processing vortex SCLK 674041445 found at ml index: 3122295
2025-06-19 12:49:29,236 - __main__ - INFO - Processing vortex SCLK 674042999 found at ml index: 3123849
2025-06-19 12:49:29,275 - __main__ - INFO - Processing vortex SCLK 674044064 found at ml index: 3124914
2025-06-19 12:49:29,314 - __main__ - INFO - Processing vortex SCLK 674051268 found at ml index: 3128731
2025-06-19 12:49:29,353 - __main__ - INFO - Processing vortex SCLK 674056174 found at ml index: 3130255
2025-06-19 12:49:29,392 - __main__ - INFO - Processing vortex SCLK 674122081 found at ml index: 3167189
2025-06-19 12:49:29,432 - __main__ - INFO - Processing vortex SCLK 674128125 found at ml index: 3169788
2025-06-19 12:49:29,473 - __main__ - INFO - Processing vortex SCLK 674128981 found at ml index: 3170644
2025-06-19 12:49:29,512 - __main__ - INFO - Processing vortex SCLK 674133319 found at ml index: 3171534
2025-06-19 12:49:29,549 - __main__ - INFO - Processing vortex SCLK 674140571 found at ml index: 3175399
2025-06-19 12:49:29,587 - __main__ - INFO - Processing vortex SCLK 674213517 found at ml index: 3217526
2025-06-19 12:49:29,626 - __main__ - INFO - Processing vortex SCLK 674218894 found at ml index: 3219456
2025-06-19 12:49:29,665 - __main__ - INFO - Processing vortex SCLK 674228677 found at ml index: 3225791
2025-06-19 12:49:29,706 - __main__ - INFO - Processing vortex SCLK 674304877 found at ml index: 3264269
2025-06-19 12:49:29,744 - __main__ - INFO - Processing vortex SCLK 674307030 found at ml index: 3266422
2025-06-19 12:49:29,784 - __main__ - INFO - Processing vortex SCLK 674307104 found at ml index: 3266496
2025-06-19 12:49:29,823 - __main__ - INFO - Processing vortex SCLK 674317907 found at ml index: 3271821
2025-06-19 12:49:29,861 - __main__ - INFO - Processing vortex SCLK 674398187 found at ml index: 3317897
2025-06-19 12:49:29,900 - __main__ - INFO - Processing vortex SCLK 674410494 found at ml index: 3323374
2025-06-19 12:49:29,939 - __main__ - INFO - Processing vortex SCLK 674482627 found at ml index: 3361240
2025-06-19 12:49:29,979 - __main__ - INFO - Processing vortex SCLK 674483906 found at ml index: 3362519
2025-06-19 12:49:30,018 - __main__ - INFO - Processing vortex SCLK 674484439 found at ml index: 3363052
2025-06-19 12:49:30,056 - __main__ - INFO - Processing vortex SCLK 674491238 found at ml index: 3366403
2025-06-19 12:49:30,094 - __main__ - INFO - Processing vortex SCLK 674492008 found at ml index: 3367173
2025-06-19 12:49:30,134 - __main__ - INFO - Processing vortex SCLK 674497424 found at ml index: 3369141
2025-06-19 12:49:30,174 - __main__ - INFO - Processing vortex SCLK 674498121 found at ml index: 3369838
2025-06-19 12:49:30,218 - __main__ - INFO - Processing vortex SCLK 674568708 found at ml index: 3414394
2025-06-19 12:49:30,254 - __main__ - INFO - Processing vortex SCLK 674573756 found at ml index: 3415995
2025-06-19 12:49:30,293 - __main__ - INFO - Processing vortex SCLK 674575721 found at ml index: 3417960
2025-06-19 12:49:30,333 - __main__ - INFO - Processing vortex SCLK 674582484 found at ml index: 3421584
2025-06-19 12:49:30,372 - __main__ - INFO - Processing vortex SCLK 674666247 found at ml index: 3464132
2025-06-19 12:49:30,413 - __main__ - INFO - Processing vortex SCLK 674666809 found at ml index: 3464694
2025-06-19 12:49:30,453 - __main__ - INFO - Processing vortex SCLK 674667232 found at ml index: 3465117
2025-06-19 12:49:30,493 - __main__ - INFO - Processing vortex SCLK 674669243 found at ml index: 3467128
2025-06-19 12:49:30,535 - __main__ - INFO - Processing vortex SCLK 674751396 found at ml index: 3516443
2025-06-19 12:49:30,573 - __main__ - INFO - Processing vortex SCLK 674837510 found at ml index: 3563555
2025-06-19 12:49:30,613 - __main__ - INFO - Processing vortex SCLK 674845274 found at ml index: 3568241
2025-06-19 12:49:30,653 - __main__ - INFO - Processing vortex SCLK 674846962 found at ml index: 3569929
2025-06-19 12:49:30,691 - __main__ - INFO - Processing vortex SCLK 674850855 found at ml index: 3570435
2025-06-19 12:49:30,877 - __main__ - INFO - Preparing features and labels...
2025-06-19 12:49:30,882 - __main__ - INFO - Validating feature matrix...
2025-06-19 12:49:30,887 - __main__ - WARNING - Feature matrix issues detected:
2025-06-19 12:49:30,887 - __main__ - WARNING - - High correlation between pressure_drop_ratio and pressure_change: -1.00
2025-06-19 12:49:30,887 - __main__ - WARNING - - High correlation between pressure_drop_ratio and rate_of_change_mean: -0.99
2025-06-19 12:49:30,888 - __main__ - WARNING - - High correlation between pressure_change and rate_of_change_mean: 0.99
2025-06-19 12:49:30,888 - __main__ - WARNING - - High correlation between mean_pressure and min_pressure: 1.00
2025-06-19 12:49:30,888 - __main__ - WARNING - - High correlation between mean_pressure and max_pressure: 1.00
2025-06-19 12:49:30,888 - __main__ - WARNING - - High correlation between mean_pressure and long_term_mean: 1.00
2025-06-19 12:49:30,889 - __main__ - WARNING - - High correlation between std_pressure and pressure_range: 0.96
2025-06-19 12:49:30,889 - __main__ - WARNING - - High correlation between min_pressure and max_pressure: 1.00
2025-06-19 12:49:30,889 - __main__ - WARNING - - High correlation between min_pressure and long_term_mean: 1.00
2025-06-19 12:49:30,889 - __main__ - WARNING - - High correlation between max_pressure and long_term_mean: 1.00
2025-06-19 12:49:30,889 - __main__ - WARNING - - High correlation between rate_of_change_std and rate_of_change_max: 0.99
2025-06-19 12:49:30,890 - __main__ - INFO - Splitting data chronologically into train/val/test sets...
2025-06-19 12:49:30,890 - __main__ - INFO - Train set: 18725 samples
2025-06-19 12:49:30,890 - __main__ - INFO - Validation set: 6241 samples
2025-06-19 12:49:30,890 - __main__ - INFO - Test set: 6243 samples
2025-06-19 12:49:30,893 - __main__ - INFO - Training Random Forest classifier...
2025-06-19 12:54:56,941 - __main__ - INFO - Reading vortex SCLK data...
2025-06-19 12:54:56,944 - __main__ - INFO - Successfully read 309 SCLK values from ../data/Jackson_vortex_detections_reformatted_augmented.csv
2025-06-19 12:54:56,944 - __main__ - INFO - Successfully read 309 SCLK values
2025-06-19 12:54:56,945 - __main__ - INFO - Reading ML data...
2025-06-19 12:54:59,134 - __main__ - INFO - Successfully loaded ML data from ../data/ml_ready_vortex_data.csv
2025-06-19 12:54:59,135 - __main__ - INFO - Successfully loaded ML data with 3590168 rows
2025-06-19 12:54:59,135 - __main__ - INFO - Validating data quality...
2025-06-19 12:54:59,543 - __main__ - WARNING - Data quality issues detected:
2025-06-19 12:54:59,543 - __main__ - WARNING - - Missing values found: {'gt_vortex_ind': 3577695}
2025-06-19 12:54:59,543 - __main__ - WARNING - - Severe class imbalance detected: 0.51% positive samples
2025-06-19 12:54:59,543 - __main__ - INFO - Splitting raw data chronologically before processing...
2025-06-19 12:54:59,544 - __main__ - INFO - Raw train set: 2154100 rows
2025-06-19 12:54:59,544 - __main__ - INFO - Raw validation set: 718034 rows
2025-06-19 12:54:59,544 - __main__ - INFO - Raw test set: 718034 rows
2025-06-19 12:54:59,545 - __main__ - INFO - ==================================================
2025-06-19 12:54:59,545 - __main__ - INFO - RAW TEST SET DISTRIBUTION (Before Processing)
2025-06-19 12:54:59,545 - __main__ - INFO - ==================================================
2025-06-19 12:54:59,545 - __main__ - INFO - Test set rows: 718034
2025-06-19 12:54:59,545 - __main__ - INFO - Positive samples: 3318 (0.46%)
2025-06-19 12:54:59,546 - __main__ - INFO - Negative samples: 714716 (99.54%)
2025-06-19 12:54:59,546 - __main__ - INFO - ==================================================
2025-06-19 12:54:59,546 - __main__ - INFO - Processing training data around vortex events...
2025-06-19 12:54:59,548 - __main__ - INFO - Processing vortex SCLK 668288145 found at ml index: 16563
2025-06-19 12:54:59,589 - __main__ - INFO - Processing vortex SCLK 668288356 found at ml index: 16774
2025-06-19 12:54:59,627 - __main__ - INFO - Processing vortex SCLK 668363851 found at ml index: 58206
2025-06-19 12:54:59,667 - __main__ - INFO - Processing vortex SCLK 668370696 found at ml index: 61613
2025-06-19 12:54:59,706 - __main__ - INFO - Processing vortex SCLK 668373458 found at ml index: 64372
2025-06-19 12:54:59,748 - __main__ - INFO - Processing vortex SCLK 668450709 found at ml index: 109929
2025-06-19 12:54:59,787 - __main__ - INFO - Processing vortex SCLK 668451679 found at ml index: 110896
2025-06-19 12:54:59,825 - __main__ - INFO - Processing vortex SCLK 668465594 found at ml index: 113943
2025-06-19 12:54:59,863 - __main__ - INFO - Processing vortex SCLK 668471362 found at ml index: 116280
2025-06-19 12:54:59,903 - __main__ - INFO - Processing vortex SCLK 668534767 found at ml index: 149951
2025-06-19 12:54:59,944 - __main__ - INFO - Processing vortex SCLK 668540964 found at ml index: 156148
2025-06-19 12:54:59,984 - __main__ - INFO - Processing vortex SCLK 668541515 found at ml index: 156699
2025-06-19 12:55:00,024 - __main__ - INFO - Processing vortex SCLK 668542064 found at ml index: 157248
2025-06-19 12:55:00,059 - __main__ - INFO - Processing vortex SCLK 668542340 found at ml index: 157524
2025-06-19 12:55:00,098 - __main__ - INFO - Processing vortex SCLK 668551101 found at ml index: 162084
2025-06-19 12:55:00,135 - __main__ - INFO - Processing vortex SCLK 668555682 found at ml index: 163446
2025-06-19 12:55:00,175 - __main__ - INFO - Processing vortex SCLK 668556124 found at ml index: 163888
2025-06-19 12:55:00,215 - __main__ - INFO - Processing vortex SCLK 668557517 found at ml index: 165281
2025-06-19 12:55:00,254 - __main__ - INFO - Processing vortex SCLK 668716847 found at ml index: 186189
2025-06-19 12:55:00,292 - __main__ - INFO - Processing vortex SCLK 668723694 found at ml index: 189570
2025-06-19 12:55:00,332 - __main__ - INFO - Processing vortex SCLK 668801790 found at ml index: 232821
2025-06-19 12:55:00,371 - __main__ - INFO - Processing vortex SCLK 668808927 found at ml index: 236462
2025-06-19 12:55:00,409 - __main__ - INFO - Processing vortex SCLK 668810541 found at ml index: 238076
2025-06-19 12:55:00,448 - __main__ - INFO - Processing vortex SCLK 668811652 found at ml index: 239187
2025-06-19 12:55:00,484 - __main__ - INFO - Processing vortex SCLK 668816129 found at ml index: 243664
2025-06-19 12:55:00,524 - __main__ - INFO - Processing vortex SCLK 669426485 found at ml index: 263130
2025-06-19 12:55:00,567 - __main__ - INFO - Processing vortex SCLK 669427340 found at ml index: 263985
2025-06-19 12:55:00,607 - __main__ - INFO - Processing vortex SCLK 669434405 found at ml index: 267663
2025-06-19 12:55:00,648 - __main__ - INFO - Processing vortex SCLK 669434703 found at ml index: 267961
2025-06-19 12:55:00,686 - __main__ - INFO - Processing vortex SCLK 669518763 found at ml index: 314172
2025-06-19 12:55:00,726 - __main__ - INFO - Processing vortex SCLK 669519478 found at ml index: 314887
2025-06-19 12:55:00,767 - __main__ - INFO - Processing vortex SCLK 669531860 found at ml index: 320377
2025-06-19 12:55:00,804 - __main__ - INFO - Processing vortex SCLK 669626803 found at ml index: 374269
2025-06-19 12:55:00,842 - __main__ - INFO - Processing vortex SCLK 669688619 found at ml index: 407952
2025-06-19 12:55:00,882 - __main__ - INFO - Processing vortex SCLK 669690018 found at ml index: 409351
2025-06-19 12:55:00,923 - __main__ - INFO - Processing vortex SCLK 669690620 found at ml index: 409953
2025-06-19 12:55:00,962 - __main__ - INFO - Processing vortex SCLK 669704197 found at ml index: 416696
2025-06-19 12:55:01,002 - __main__ - INFO - Processing vortex SCLK 669779409 found at ml index: 457637
2025-06-19 12:55:01,042 - __main__ - INFO - Processing vortex SCLK 669780445 found at ml index: 458673
2025-06-19 12:55:01,080 - __main__ - INFO - Processing vortex SCLK 669787866 found at ml index: 466094
2025-06-19 12:55:01,115 - __main__ - INFO - Processing vortex SCLK 669787881 found at ml index: 466109
2025-06-19 12:55:01,153 - __main__ - INFO - Processing vortex SCLK 669870405 found at ml index: 512761
2025-06-19 12:55:01,192 - __main__ - INFO - Processing vortex SCLK 669873580 found at ml index: 515936
2025-06-19 12:55:01,229 - __main__ - INFO - Processing vortex SCLK 669882031 found at ml index: 522188
2025-06-19 12:55:01,269 - __main__ - INFO - Processing vortex SCLK 669886865 found at ml index: 524448
2025-06-19 12:55:01,307 - __main__ - INFO - Processing vortex SCLK 669958088 found at ml index: 564661
2025-06-19 12:55:01,347 - __main__ - INFO - Processing vortex SCLK 669959376 found at ml index: 565949
2025-06-19 12:55:01,386 - __main__ - INFO - Processing vortex SCLK 669959712 found at ml index: 566285
2025-06-19 12:55:01,425 - __main__ - INFO - Processing vortex SCLK 669960008 found at ml index: 566581
2025-06-19 12:55:01,464 - __main__ - INFO - Processing vortex SCLK 669960347 found at ml index: 566920
2025-06-19 12:55:01,504 - __main__ - INFO - Processing vortex SCLK 669962940 found at ml index: 569513
2025-06-19 12:55:01,541 - __main__ - INFO - Processing vortex SCLK 669964312 found at ml index: 570885
2025-06-19 12:55:01,582 - __main__ - INFO - Processing vortex SCLK 669965150 found at ml index: 571723
2025-06-19 12:55:01,621 - __main__ - INFO - Processing vortex SCLK 669971696 found at ml index: 575571
2025-06-19 12:55:01,662 - __main__ - INFO - Processing vortex SCLK 670046942 found at ml index: 618056
2025-06-19 12:55:01,700 - __main__ - INFO - Processing vortex SCLK 670047546 found at ml index: 618660
2025-06-19 12:55:01,740 - __main__ - INFO - Processing vortex SCLK 670055611 found at ml index: 626725
2025-06-19 12:55:01,779 - __main__ - INFO - Processing vortex SCLK 670129653 found at ml index: 676671
2025-06-19 12:55:01,818 - __main__ - INFO - Processing vortex SCLK 670136668 found at ml index: 680243
2025-06-19 12:55:01,856 - __main__ - INFO - Processing vortex SCLK 670138695 found at ml index: 682270
2025-06-19 12:55:01,894 - __main__ - INFO - Processing vortex SCLK 670225439 found at ml index: 735507
2025-06-19 12:55:01,932 - __main__ - INFO - Processing vortex SCLK 670232335 found at ml index: 739271
2025-06-19 12:55:01,972 - __main__ - INFO - Processing vortex SCLK 670232986 found at ml index: 739922
2025-06-19 12:55:02,010 - __main__ - INFO - Processing vortex SCLK 670233871 found at ml index: 740807
2025-06-19 12:55:02,047 - __main__ - INFO - Processing vortex SCLK 670313772 found at ml index: 794758
2025-06-19 12:55:02,084 - __main__ - INFO - Processing vortex SCLK 670315385 found at ml index: 796371
2025-06-19 12:55:02,122 - __main__ - INFO - Processing vortex SCLK 670317790 found at ml index: 798776
2025-06-19 12:55:02,160 - __main__ - INFO - Processing vortex SCLK 670321691 found at ml index: 802677
2025-06-19 12:55:02,195 - __main__ - INFO - Processing vortex SCLK 670325686 found at ml index: 804517
2025-06-19 12:55:02,231 - __main__ - INFO - Processing vortex SCLK 670329256 found at ml index: 808087
2025-06-19 12:55:02,269 - __main__ - INFO - Processing vortex SCLK 670398725 found at ml index: 848668
2025-06-19 12:55:02,306 - __main__ - INFO - Processing vortex SCLK 670402854 found at ml index: 852797
2025-06-19 12:55:02,346 - __main__ - INFO - Processing vortex SCLK 670403870 found at ml index: 853813
2025-06-19 12:55:02,381 - __main__ - INFO - Processing vortex SCLK 670409834 found at ml index: 857575
2025-06-19 12:55:02,418 - __main__ - INFO - Processing vortex SCLK 670412275 found at ml index: 860016
2025-06-19 12:55:02,456 - __main__ - INFO - Processing vortex SCLK 670412326 found at ml index: 860067
2025-06-19 12:55:02,493 - __main__ - INFO - Processing vortex SCLK 670578458 found at ml index: 934664
2025-06-19 12:55:02,532 - __main__ - INFO - Processing vortex SCLK 670580613 found at ml index: 936819
2025-06-19 12:55:02,568 - __main__ - INFO - Processing vortex SCLK 670584569 found at ml index: 940775
2025-06-19 12:55:02,603 - __main__ - INFO - Processing vortex SCLK 670584657 found at ml index: 940863
2025-06-19 12:55:02,640 - __main__ - INFO - Processing vortex SCLK 670587674 found at ml index: 943880
2025-06-19 12:55:02,677 - __main__ - INFO - Processing vortex SCLK 670594461 found at ml index: 947971
2025-06-19 12:55:02,712 - __main__ - INFO - Processing vortex SCLK 670841835 found at ml index: 1065790
2025-06-19 12:55:02,749 - __main__ - INFO - Processing vortex SCLK 670842459 found at ml index: 1066414
2025-06-19 12:55:02,785 - __main__ - INFO - Processing vortex SCLK 670849047 found at ml index: 1073002
2025-06-19 12:55:02,824 - __main__ - INFO - Processing vortex SCLK 670852738 found at ml index: 1076693
2025-06-19 12:55:02,861 - __main__ - INFO - Processing vortex SCLK 670856365 found at ml index: 1077977
2025-06-19 12:55:02,898 - __main__ - INFO - Processing vortex SCLK 670859755 found at ml index: 1081367
2025-06-19 12:55:02,936 - __main__ - INFO - Processing vortex SCLK 670870370 found at ml index: 1088579
2025-06-19 12:55:02,975 - __main__ - INFO - Processing vortex SCLK 670929808 found at ml index: 1120753
2025-06-19 12:55:03,012 - __main__ - INFO - Processing vortex SCLK 670930554 found at ml index: 1121499
2025-06-19 12:55:03,052 - __main__ - INFO - Processing vortex SCLK 670933108 found at ml index: 1124053
2025-06-19 12:55:03,088 - __main__ - INFO - Processing vortex SCLK 670934582 found at ml index: 1125527
2025-06-19 12:55:03,126 - __main__ - INFO - Processing vortex SCLK 670938327 found at ml index: 1129272
2025-06-19 12:55:03,163 - __main__ - INFO - Processing vortex SCLK 670938389 found at ml index: 1129334
2025-06-19 12:55:03,201 - __main__ - INFO - Processing vortex SCLK 670940703 found at ml index: 1131648
2025-06-19 12:55:03,238 - __main__ - INFO - Processing vortex SCLK 670945386 found at ml index: 1136331
2025-06-19 12:55:03,275 - __main__ - INFO - Processing vortex SCLK 670961352 found at ml index: 1146283
2025-06-19 12:55:03,311 - __main__ - INFO - Processing vortex SCLK 671024106 found at ml index: 1181789
2025-06-19 12:55:03,347 - __main__ - INFO - Processing vortex SCLK 671027864 found at ml index: 1185547
2025-06-19 12:55:03,384 - __main__ - INFO - Processing vortex SCLK 671027972 found at ml index: 1185655
2025-06-19 12:55:03,421 - __main__ - INFO - Processing vortex SCLK 671033906 found at ml index: 1191589
2025-06-19 12:55:03,458 - __main__ - INFO - Processing vortex SCLK 671039200 found at ml index: 1194533
2025-06-19 12:55:03,496 - __main__ - INFO - Processing vortex SCLK 671109364 found at ml index: 1233979
2025-06-19 12:55:03,533 - __main__ - INFO - Processing vortex SCLK 671113914 found at ml index: 1238529
2025-06-19 12:55:03,570 - __main__ - INFO - Processing vortex SCLK 671114679 found at ml index: 1239294
2025-06-19 12:55:03,611 - __main__ - INFO - Processing vortex SCLK 671115255 found at ml index: 1239870
2025-06-19 12:55:03,648 - __main__ - INFO - Processing vortex SCLK 671115289 found at ml index: 1239904
2025-06-19 12:55:03,686 - __main__ - INFO - Processing vortex SCLK 671120289 found at ml index: 1244904
2025-06-19 12:55:03,723 - __main__ - INFO - Processing vortex SCLK 671126006 found at ml index: 1250026
2025-06-19 12:55:03,763 - __main__ - INFO - Processing vortex SCLK 671126607 found at ml index: 1250627
2025-06-19 12:55:03,803 - __main__ - INFO - Processing vortex SCLK 671127245 found at ml index: 1251265
2025-06-19 12:55:03,840 - __main__ - INFO - Processing vortex SCLK 671139428 found at ml index: 1260040
2025-06-19 12:55:03,876 - __main__ - INFO - Processing vortex SCLK 671204280 found at ml index: 1299428
2025-06-19 12:55:03,915 - __main__ - INFO - Processing vortex SCLK 671213291 found at ml index: 1306235
2025-06-19 12:55:03,951 - __main__ - INFO - Processing vortex SCLK 671214052 found at ml index: 1306996
2025-06-19 12:55:03,987 - __main__ - INFO - Processing vortex SCLK 671224977 found at ml index: 1314440
2025-06-19 12:55:04,023 - __main__ - INFO - Processing vortex SCLK 671291649 found at ml index: 1353739
2025-06-19 12:55:04,059 - __main__ - INFO - Processing vortex SCLK 671294608 found at ml index: 1356698
2025-06-19 12:55:04,096 - __main__ - INFO - Processing vortex SCLK 671302478 found at ml index: 1361737
2025-06-19 12:55:04,133 - __main__ - INFO - Processing vortex SCLK 671302909 found at ml index: 1362168
2025-06-19 12:55:04,171 - __main__ - INFO - Processing vortex SCLK 671308300 found at ml index: 1365532
2025-06-19 12:55:04,209 - __main__ - INFO - Processing vortex SCLK 671376036 found at ml index: 1404444
2025-06-19 12:55:04,246 - __main__ - INFO - Processing vortex SCLK 671376059 found at ml index: 1404467
2025-06-19 12:55:04,282 - __main__ - INFO - Processing vortex SCLK 671376348 found at ml index: 1404756
2025-06-19 12:55:04,319 - __main__ - INFO - Processing vortex SCLK 671376844 found at ml index: 1405252
2025-06-19 12:55:04,358 - __main__ - INFO - Processing vortex SCLK 671377912 found at ml index: 1406320
2025-06-19 12:55:04,393 - __main__ - INFO - Processing vortex SCLK 671379183 found at ml index: 1407591
2025-06-19 12:55:04,431 - __main__ - INFO - Processing vortex SCLK 671384112 found at ml index: 1412520
2025-06-19 12:55:04,465 - __main__ - INFO - Processing vortex SCLK 671391076 found at ml index: 1419484
2025-06-19 12:55:04,504 - __main__ - INFO - Processing vortex SCLK 671395245 found at ml index: 1422765
2025-06-19 12:55:04,542 - __main__ - INFO - Processing vortex SCLK 671466934 found at ml index: 1463807
2025-06-19 12:55:04,577 - __main__ - INFO - Processing vortex SCLK 671468200 found at ml index: 1465073
2025-06-19 12:55:04,615 - __main__ - INFO - Processing vortex SCLK 671559311 found at ml index: 1524850
2025-06-19 12:55:04,653 - __main__ - INFO - Processing vortex SCLK 671560213 found at ml index: 1525752
2025-06-19 12:55:04,690 - __main__ - INFO - Processing vortex SCLK 671561065 found at ml index: 1526604
2025-06-19 12:55:04,726 - __main__ - INFO - Processing vortex SCLK 671563881 found at ml index: 1529420
2025-06-19 12:55:04,761 - __main__ - INFO - Processing vortex SCLK 671570327 found at ml index: 1532373
2025-06-19 12:55:04,798 - __main__ - INFO - Processing vortex SCLK 671641441 found at ml index: 1572853
2025-06-19 12:55:04,837 - __main__ - INFO - Processing vortex SCLK 671644549 found at ml index: 1575961
2025-06-19 12:55:04,874 - __main__ - INFO - Processing vortex SCLK 671645443 found at ml index: 1576855
2025-06-19 12:55:04,909 - __main__ - INFO - Processing vortex SCLK 671648210 found at ml index: 1579622
2025-06-19 12:55:04,947 - __main__ - INFO - Processing vortex SCLK 671656101 found at ml index: 1585256
2025-06-19 12:55:04,984 - __main__ - INFO - Processing vortex SCLK 671731643 found at ml index: 1630294
2025-06-19 12:55:05,021 - __main__ - INFO - Processing vortex SCLK 671740824 found at ml index: 1639475
2025-06-19 12:55:05,060 - __main__ - INFO - Processing vortex SCLK 671746873 found at ml index: 1643237
2025-06-19 12:55:05,098 - __main__ - INFO - Processing vortex SCLK 671823162 found at ml index: 1688879
2025-06-19 12:55:05,135 - __main__ - INFO - Processing vortex SCLK 671823654 found at ml index: 1689371
2025-06-19 12:55:05,172 - __main__ - INFO - Processing vortex SCLK 671823993 found at ml index: 1689710
2025-06-19 12:55:05,208 - __main__ - INFO - Processing vortex SCLK 671824646 found at ml index: 1690363
2025-06-19 12:55:05,245 - __main__ - INFO - Processing vortex SCLK 671825542 found at ml index: 1691259
2025-06-19 12:55:05,281 - __main__ - INFO - Processing vortex SCLK 671831605 found at ml index: 1697322
2025-06-19 12:55:05,319 - __main__ - INFO - Processing vortex SCLK 671834757 found at ml index: 1700474
2025-06-19 12:55:05,356 - __main__ - INFO - Processing vortex SCLK 671904824 found at ml index: 1740981
2025-06-19 12:55:05,394 - __main__ - INFO - Processing vortex SCLK 671909321 found at ml index: 1743885
2025-06-19 12:55:05,432 - __main__ - INFO - Processing vortex SCLK 671911350 found at ml index: 1745914
2025-06-19 12:55:05,468 - __main__ - INFO - Processing vortex SCLK 671913231 found at ml index: 1747795
2025-06-19 12:55:05,505 - __main__ - INFO - Processing vortex SCLK 671915681 found at ml index: 1750245
2025-06-19 12:55:05,543 - __main__ - INFO - Processing vortex SCLK 671916470 found at ml index: 1751034
2025-06-19 12:55:05,577 - __main__ - INFO - Processing vortex SCLK 671920779 found at ml index: 1755343
2025-06-19 12:55:05,614 - __main__ - INFO - Processing vortex SCLK 671921784 found at ml index: 1756348
2025-06-19 12:55:05,649 - __main__ - INFO - Processing vortex SCLK 671995990 found at ml index: 1801016
2025-06-19 12:55:05,686 - __main__ - INFO - Processing vortex SCLK 672002175 found at ml index: 1807201
2025-06-19 12:55:05,723 - __main__ - INFO - Processing vortex SCLK 672002362 found at ml index: 1807388
2025-06-19 12:55:05,761 - __main__ - INFO - Processing vortex SCLK 672104482 found at ml index: 1874652
2025-06-19 12:55:05,798 - __main__ - INFO - Processing vortex SCLK 672178090 found at ml index: 1921075
2025-06-19 12:55:05,835 - __main__ - INFO - Processing vortex SCLK 672180689 found at ml index: 1923674
2025-06-19 12:55:05,871 - __main__ - INFO - Processing vortex SCLK 672181444 found at ml index: 1924429
2025-06-19 12:55:05,907 - __main__ - INFO - Processing vortex SCLK 672182115 found at ml index: 1925100
2025-06-19 12:55:05,946 - __main__ - INFO - Processing vortex SCLK 672183596 found at ml index: 1926581
2025-06-19 12:55:05,983 - __main__ - INFO - Processing vortex SCLK 672185170 found at ml index: 1928155
2025-06-19 12:55:06,020 - __main__ - INFO - Processing vortex SCLK 672190662 found at ml index: 1931494
2025-06-19 12:55:06,056 - __main__ - INFO - Processing vortex SCLK 672267244 found at ml index: 1979457
2025-06-19 12:55:06,094 - __main__ - INFO - Processing vortex SCLK 672269283 found at ml index: 1981496
2025-06-19 12:55:06,130 - __main__ - INFO - Processing vortex SCLK 672269792 found at ml index: 1982005
2025-06-19 12:55:06,168 - __main__ - INFO - Processing vortex SCLK 672350659 found at ml index: 2035489
2025-06-19 12:55:06,205 - __main__ - INFO - Processing vortex SCLK 672352068 found at ml index: 2036898
2025-06-19 12:55:06,241 - __main__ - INFO - Processing vortex SCLK 672355502 found at ml index: 2040332
2025-06-19 12:55:06,277 - __main__ - INFO - Processing vortex SCLK 672357238 found at ml index: 2042068
2025-06-19 12:55:06,339 - __main__ - INFO - Processing vortex SCLK 672359382 found at ml index: 2044212
2025-06-19 12:55:06,377 - __main__ - INFO - Processing vortex SCLK 672362559 found at ml index: 2047389
2025-06-19 12:55:06,416 - __main__ - INFO - Processing vortex SCLK 672365510 found at ml index: 2050340
2025-06-19 12:55:06,453 - __main__ - INFO - Processing vortex SCLK 672365820 found at ml index: 2050650
2025-06-19 12:55:06,495 - __main__ - INFO - Processing vortex SCLK 672445220 found at ml index: 2096997
2025-06-19 12:55:06,531 - __main__ - INFO - Processing vortex SCLK 672445462 found at ml index: 2097239
2025-06-19 12:55:06,569 - __main__ - INFO - Processing vortex SCLK 672446338 found at ml index: 2098115
2025-06-19 12:55:06,606 - __main__ - INFO - Processing vortex SCLK 672528720 found at ml index: 2150565
2025-06-19 12:55:06,643 - __main__ - INFO - Processing vortex SCLK 672531916 found at ml index: 2153761
2025-06-19 12:55:06,680 - __main__ - WARNING - SCLK value 672538692 not found in ml data; skipping.
2025-06-19 12:55:06,681 - __main__ - WARNING - SCLK value 672546578 not found in ml data; skipping.
2025-06-19 12:55:06,684 - __main__ - WARNING - SCLK value 672548966 not found in ml data; skipping.
2025-06-19 12:55:06,686 - __main__ - WARNING - SCLK value 672621236 not found in ml data; skipping.
2025-06-19 12:55:06,688 - __main__ - WARNING - SCLK value 672622288 not found in ml data; skipping.
2025-06-19 12:55:06,691 - __main__ - WARNING - SCLK value 672624313 not found in ml data; skipping.
2025-06-19 12:55:06,693 - __main__ - WARNING - SCLK value 672624475 not found in ml data; skipping.
2025-06-19 12:55:06,696 - __main__ - WARNING - SCLK value 672626109 not found in ml data; skipping.
2025-06-19 12:55:06,698 - __main__ - WARNING - SCLK value 672626122 not found in ml data; skipping.
2025-06-19 12:55:06,700 - __main__ - WARNING - SCLK value 672706787 not found in ml data; skipping.
2025-06-19 12:55:06,703 - __main__ - WARNING - SCLK value 672709027 not found in ml data; skipping.
2025-06-19 12:55:06,705 - __main__ - WARNING - SCLK value 672711149 not found in ml data; skipping.
2025-06-19 12:55:06,707 - __main__ - WARNING - SCLK value 672711621 not found in ml data; skipping.
2025-06-19 12:55:06,709 - __main__ - WARNING - SCLK value 672713266 not found in ml data; skipping.
2025-06-19 12:55:06,712 - __main__ - WARNING - SCLK value 672713337 not found in ml data; skipping.
2025-06-19 12:55:06,714 - __main__ - WARNING - SCLK value 672715961 not found in ml data; skipping.
2025-06-19 12:55:06,717 - __main__ - WARNING - SCLK value 672718373 not found in ml data; skipping.
2025-06-19 12:55:06,719 - __main__ - WARNING - SCLK value 672719375 not found in ml data; skipping.
2025-06-19 12:55:06,721 - __main__ - WARNING - SCLK value 672721953 not found in ml data; skipping.
2025-06-19 12:55:06,724 - __main__ - WARNING - SCLK value 672801263 not found in ml data; skipping.
2025-06-19 12:55:06,726 - __main__ - WARNING - SCLK value 672801630 not found in ml data; skipping.
2025-06-19 12:55:06,728 - __main__ - WARNING - SCLK value 672804797 not found in ml data; skipping.
2025-06-19 12:55:06,731 - __main__ - WARNING - SCLK value 672884603 not found in ml data; skipping.
2025-06-19 12:55:06,733 - __main__ - WARNING - SCLK value 672884933 not found in ml data; skipping.
2025-06-19 12:55:06,736 - __main__ - WARNING - SCLK value 672885216 not found in ml data; skipping.
2025-06-19 12:55:06,738 - __main__ - WARNING - SCLK value 672889286 not found in ml data; skipping.
2025-06-19 12:55:06,741 - __main__ - WARNING - SCLK value 672890283 not found in ml data; skipping.
2025-06-19 12:55:06,743 - __main__ - WARNING - SCLK value 672894510 not found in ml data; skipping.
2025-06-19 12:55:06,745 - __main__ - WARNING - SCLK value 672964384 not found in ml data; skipping.
2025-06-19 12:55:06,748 - __main__ - WARNING - SCLK value 672973742 not found in ml data; skipping.
2025-06-19 12:55:06,750 - __main__ - WARNING - SCLK value 672976272 not found in ml data; skipping.
2025-06-19 12:55:06,752 - __main__ - WARNING - SCLK value 672979607 not found in ml data; skipping.
2025-06-19 12:55:06,754 - __main__ - WARNING - SCLK value 672983982 not found in ml data; skipping.
2025-06-19 12:55:06,757 - __main__ - WARNING - SCLK value 672984068 not found in ml data; skipping.
2025-06-19 12:55:06,759 - __main__ - WARNING - SCLK value 672984973 not found in ml data; skipping.
2025-06-19 12:55:06,762 - __main__ - WARNING - SCLK value 672985340 not found in ml data; skipping.
2025-06-19 12:55:06,764 - __main__ - WARNING - SCLK value 673068974 not found in ml data; skipping.
2025-06-19 12:55:06,766 - __main__ - WARNING - SCLK value 673072073 not found in ml data; skipping.
2025-06-19 12:55:06,769 - __main__ - WARNING - SCLK value 673076429 not found in ml data; skipping.
2025-06-19 12:55:06,771 - __main__ - WARNING - SCLK value 673078972 not found in ml data; skipping.
2025-06-19 12:55:06,773 - __main__ - WARNING - SCLK value 673147721 not found in ml data; skipping.
2025-06-19 12:55:06,775 - __main__ - WARNING - SCLK value 673240962 not found in ml data; skipping.
2025-06-19 12:55:06,778 - __main__ - WARNING - SCLK value 673242020 not found in ml data; skipping.
2025-06-19 12:55:06,781 - __main__ - WARNING - SCLK value 673243964 not found in ml data; skipping.
2025-06-19 12:55:06,783 - __main__ - WARNING - SCLK value 673245884 not found in ml data; skipping.
2025-06-19 12:55:06,788 - __main__ - WARNING - SCLK value 673251635 not found in ml data; skipping.
2025-06-19 12:55:06,793 - __main__ - WARNING - SCLK value 673254242 not found in ml data; skipping.
2025-06-19 12:55:06,796 - __main__ - WARNING - SCLK value 673328658 not found in ml data; skipping.
2025-06-19 12:55:06,799 - __main__ - WARNING - SCLK value 673329003 not found in ml data; skipping.
2025-06-19 12:55:06,804 - __main__ - WARNING - SCLK value 673332835 not found in ml data; skipping.
2025-06-19 12:55:06,807 - __main__ - WARNING - SCLK value 673332863 not found in ml data; skipping.
2025-06-19 12:55:06,810 - __main__ - WARNING - SCLK value 673334070 not found in ml data; skipping.
2025-06-19 12:55:06,814 - __main__ - WARNING - SCLK value 673334708 not found in ml data; skipping.
2025-06-19 12:55:06,819 - __main__ - WARNING - SCLK value 673338788 not found in ml data; skipping.
2025-06-19 12:55:06,822 - __main__ - WARNING - SCLK value 673340481 not found in ml data; skipping.
2025-06-19 12:55:06,825 - __main__ - WARNING - SCLK value 673344227 not found in ml data; skipping.
2025-06-19 12:55:06,828 - __main__ - WARNING - SCLK value 673424713 not found in ml data; skipping.
2025-06-19 12:55:06,831 - __main__ - WARNING - SCLK value 673429348 not found in ml data; skipping.
2025-06-19 12:55:06,835 - __main__ - WARNING - SCLK value 673500853 not found in ml data; skipping.
2025-06-19 12:55:06,837 - __main__ - WARNING - SCLK value 673512599 not found in ml data; skipping.
2025-06-19 12:55:06,840 - __main__ - WARNING - SCLK value 673513373 not found in ml data; skipping.
2025-06-19 12:55:06,845 - __main__ - WARNING - SCLK value 673514725 not found in ml data; skipping.
2025-06-19 12:55:06,848 - __main__ - WARNING - SCLK value 673594180 not found in ml data; skipping.
2025-06-19 12:55:06,851 - __main__ - WARNING - SCLK value 673597335 not found in ml data; skipping.
2025-06-19 12:55:06,854 - __main__ - WARNING - SCLK value 673598754 not found in ml data; skipping.
2025-06-19 12:55:06,856 - __main__ - WARNING - SCLK value 673606937 not found in ml data; skipping.
2025-06-19 12:55:06,858 - __main__ - WARNING - SCLK value 673680243 not found in ml data; skipping.
2025-06-19 12:55:06,861 - __main__ - WARNING - SCLK value 673681579 not found in ml data; skipping.
2025-06-19 12:55:06,863 - __main__ - WARNING - SCLK value 673685675 not found in ml data; skipping.
2025-06-19 12:55:06,865 - __main__ - WARNING - SCLK value 673694236 not found in ml data; skipping.
2025-06-19 12:55:06,867 - __main__ - WARNING - SCLK value 673694529 not found in ml data; skipping.
2025-06-19 12:55:06,869 - __main__ - WARNING - SCLK value 673773378 not found in ml data; skipping.
2025-06-19 12:55:06,872 - __main__ - WARNING - SCLK value 673779637 not found in ml data; skipping.
2025-06-19 12:55:06,874 - __main__ - WARNING - SCLK value 673781075 not found in ml data; skipping.
2025-06-19 12:55:06,877 - __main__ - WARNING - SCLK value 673858855 not found in ml data; skipping.
2025-06-19 12:55:06,879 - __main__ - WARNING - SCLK value 673863604 not found in ml data; skipping.
2025-06-19 12:55:06,882 - __main__ - WARNING - SCLK value 673865805 not found in ml data; skipping.
2025-06-19 12:55:06,884 - __main__ - WARNING - SCLK value 673874053 not found in ml data; skipping.
2025-06-19 12:55:06,887 - __main__ - WARNING - SCLK value 673948338 not found in ml data; skipping.
2025-06-19 12:55:06,889 - __main__ - WARNING - SCLK value 673951488 not found in ml data; skipping.
2025-06-19 12:55:06,891 - __main__ - WARNING - SCLK value 673955512 not found in ml data; skipping.
2025-06-19 12:55:06,894 - __main__ - WARNING - SCLK value 673958960 not found in ml data; skipping.
2025-06-19 12:55:06,896 - __main__ - WARNING - SCLK value 674041445 not found in ml data; skipping.
2025-06-19 12:55:06,899 - __main__ - WARNING - SCLK value 674042999 not found in ml data; skipping.
2025-06-19 12:55:06,902 - __main__ - WARNING - SCLK value 674044064 not found in ml data; skipping.
2025-06-19 12:55:06,905 - __main__ - WARNING - SCLK value 674051268 not found in ml data; skipping.
2025-06-19 12:55:06,907 - __main__ - WARNING - SCLK value 674056174 not found in ml data; skipping.
2025-06-19 12:55:06,909 - __main__ - WARNING - SCLK value 674122081 not found in ml data; skipping.
2025-06-19 12:55:06,912 - __main__ - WARNING - SCLK value 674128125 not found in ml data; skipping.
2025-06-19 12:55:06,914 - __main__ - WARNING - SCLK value 674128981 not found in ml data; skipping.
2025-06-19 12:55:06,916 - __main__ - WARNING - SCLK value 674133319 not found in ml data; skipping.
2025-06-19 12:55:06,919 - __main__ - WARNING - SCLK value 674140571 not found in ml data; skipping.
2025-06-19 12:55:06,921 - __main__ - WARNING - SCLK value 674213517 not found in ml data; skipping.
2025-06-19 12:55:06,924 - __main__ - WARNING - SCLK value 674218894 not found in ml data; skipping.
2025-06-19 12:55:06,926 - __main__ - WARNING - SCLK value 674228677 not found in ml data; skipping.
2025-06-19 12:55:06,928 - __main__ - WARNING - SCLK value 674304877 not found in ml data; skipping.
2025-06-19 12:55:06,931 - __main__ - WARNING - SCLK value 674307030 not found in ml data; skipping.
2025-06-19 12:55:06,933 - __main__ - WARNING - SCLK value 674307104 not found in ml data; skipping.
2025-06-19 12:55:06,935 - __main__ - WARNING - SCLK value 674317907 not found in ml data; skipping.
2025-06-19 12:55:06,937 - __main__ - WARNING - SCLK value 674398187 not found in ml data; skipping.
2025-06-19 12:55:06,940 - __main__ - WARNING - SCLK value 674410494 not found in ml data; skipping.
2025-06-19 12:55:06,942 - __main__ - WARNING - SCLK value 674482627 not found in ml data; skipping.
2025-06-19 12:55:06,945 - __main__ - WARNING - SCLK value 674483906 not found in ml data; skipping.
2025-06-19 12:55:06,947 - __main__ - WARNING - SCLK value 674484439 not found in ml data; skipping.
2025-06-19 12:55:06,950 - __main__ - WARNING - SCLK value 674491238 not found in ml data; skipping.
2025-06-19 12:55:06,952 - __main__ - WARNING - SCLK value 674492008 not found in ml data; skipping.
2025-06-19 12:55:06,954 - __main__ - WARNING - SCLK value 674497424 not found in ml data; skipping.
2025-06-19 12:55:06,957 - __main__ - WARNING - SCLK value 674498121 not found in ml data; skipping.
2025-06-19 12:55:06,959 - __main__ - WARNING - SCLK value 674568708 not found in ml data; skipping.
2025-06-19 12:55:06,962 - __main__ - WARNING - SCLK value 674573756 not found in ml data; skipping.
2025-06-19 12:55:06,964 - __main__ - WARNING - SCLK value 674575721 not found in ml data; skipping.
2025-06-19 12:55:06,967 - __main__ - WARNING - SCLK value 674582484 not found in ml data; skipping.
2025-06-19 12:55:06,970 - __main__ - WARNING - SCLK value 674666247 not found in ml data; skipping.
2025-06-19 12:55:06,972 - __main__ - WARNING - SCLK value 674666809 not found in ml data; skipping.
2025-06-19 12:55:06,975 - __main__ - WARNING - SCLK value 674667232 not found in ml data; skipping.
2025-06-19 12:55:06,977 - __main__ - WARNING - SCLK value 674669243 not found in ml data; skipping.
2025-06-19 12:55:06,979 - __main__ - WARNING - SCLK value 674751396 not found in ml data; skipping.
2025-06-19 12:55:06,982 - __main__ - WARNING - SCLK value 674837510 not found in ml data; skipping.
2025-06-19 12:55:06,984 - __main__ - WARNING - SCLK value 674845274 not found in ml data; skipping.
2025-06-19 12:55:06,987 - __main__ - WARNING - SCLK value 674846962 not found in ml data; skipping.
2025-06-19 12:55:06,989 - __main__ - WARNING - SCLK value 674850855 not found in ml data; skipping.
2025-06-19 12:55:07,082 - __main__ - INFO - Processing validation data around vortex events...
2025-06-19 12:55:07,083 - __main__ - WARNING - SCLK value 668288145 not found in ml data; skipping.
2025-06-19 12:55:07,084 - __main__ - WARNING - SCLK value 668288356 not found in ml data; skipping.
2025-06-19 12:55:07,085 - __main__ - WARNING - SCLK value 668363851 not found in ml data; skipping.
2025-06-19 12:55:07,086 - __main__ - WARNING - SCLK value 668370696 not found in ml data; skipping.
2025-06-19 12:55:07,086 - __main__ - WARNING - SCLK value 668373458 not found in ml data; skipping.
2025-06-19 12:55:07,087 - __main__ - WARNING - SCLK value 668450709 not found in ml data; skipping.
2025-06-19 12:55:07,088 - __main__ - WARNING - SCLK value 668451679 not found in ml data; skipping.
2025-06-19 12:55:07,089 - __main__ - WARNING - SCLK value 668465594 not found in ml data; skipping.
2025-06-19 12:55:07,091 - __main__ - WARNING - SCLK value 668471362 not found in ml data; skipping.
2025-06-19 12:55:07,091 - __main__ - WARNING - SCLK value 668534767 not found in ml data; skipping.
2025-06-19 12:55:07,092 - __main__ - WARNING - SCLK value 668540964 not found in ml data; skipping.
2025-06-19 12:55:07,093 - __main__ - WARNING - SCLK value 668541515 not found in ml data; skipping.
2025-06-19 12:55:07,094 - __main__ - WARNING - SCLK value 668542064 not found in ml data; skipping.
2025-06-19 12:55:07,095 - __main__ - WARNING - SCLK value 668542340 not found in ml data; skipping.
2025-06-19 12:55:07,095 - __main__ - WARNING - SCLK value 668551101 not found in ml data; skipping.
2025-06-19 12:55:07,096 - __main__ - WARNING - SCLK value 668555682 not found in ml data; skipping.
2025-06-19 12:55:07,097 - __main__ - WARNING - SCLK value 668556124 not found in ml data; skipping.
2025-06-19 12:55:07,098 - __main__ - WARNING - SCLK value 668557517 not found in ml data; skipping.
2025-06-19 12:55:07,099 - __main__ - WARNING - SCLK value 668716847 not found in ml data; skipping.
2025-06-19 12:55:07,100 - __main__ - WARNING - SCLK value 668723694 not found in ml data; skipping.
2025-06-19 12:55:07,101 - __main__ - WARNING - SCLK value 668801790 not found in ml data; skipping.
2025-06-19 12:55:07,101 - __main__ - WARNING - SCLK value 668808927 not found in ml data; skipping.
2025-06-19 12:55:07,102 - __main__ - WARNING - SCLK value 668810541 not found in ml data; skipping.
2025-06-19 12:55:07,102 - __main__ - WARNING - SCLK value 668811652 not found in ml data; skipping.
2025-06-19 12:55:07,103 - __main__ - WARNING - SCLK value 668816129 not found in ml data; skipping.
2025-06-19 12:55:07,104 - __main__ - WARNING - SCLK value 669426485 not found in ml data; skipping.
2025-06-19 12:55:07,105 - __main__ - WARNING - SCLK value 669427340 not found in ml data; skipping.
2025-06-19 12:55:07,106 - __main__ - WARNING - SCLK value 669434405 not found in ml data; skipping.
2025-06-19 12:55:07,107 - __main__ - WARNING - SCLK value 669434703 not found in ml data; skipping.
2025-06-19 12:55:07,107 - __main__ - WARNING - SCLK value 669518763 not found in ml data; skipping.
2025-06-19 12:55:07,108 - __main__ - WARNING - SCLK value 669519478 not found in ml data; skipping.
2025-06-19 12:55:07,109 - __main__ - WARNING - SCLK value 669531860 not found in ml data; skipping.
2025-06-19 12:55:07,109 - __main__ - WARNING - SCLK value 669626803 not found in ml data; skipping.
2025-06-19 12:55:07,111 - __main__ - WARNING - SCLK value 669688619 not found in ml data; skipping.
2025-06-19 12:55:07,112 - __main__ - WARNING - SCLK value 669690018 not found in ml data; skipping.
2025-06-19 12:55:07,113 - __main__ - WARNING - SCLK value 669690620 not found in ml data; skipping.
2025-06-19 12:55:07,114 - __main__ - WARNING - SCLK value 669704197 not found in ml data; skipping.
2025-06-19 12:55:07,115 - __main__ - WARNING - SCLK value 669779409 not found in ml data; skipping.
2025-06-19 12:55:07,116 - __main__ - WARNING - SCLK value 669780445 not found in ml data; skipping.
2025-06-19 12:55:07,116 - __main__ - WARNING - SCLK value 669787866 not found in ml data; skipping.
2025-06-19 12:55:07,117 - __main__ - WARNING - SCLK value 669787881 not found in ml data; skipping.
2025-06-19 12:55:07,118 - __main__ - WARNING - SCLK value 669870405 not found in ml data; skipping.
2025-06-19 12:55:07,119 - __main__ - WARNING - SCLK value 669873580 not found in ml data; skipping.
2025-06-19 12:55:07,120 - __main__ - WARNING - SCLK value 669882031 not found in ml data; skipping.
2025-06-19 12:55:07,121 - __main__ - WARNING - SCLK value 669886865 not found in ml data; skipping.
2025-06-19 12:55:07,121 - __main__ - WARNING - SCLK value 669958088 not found in ml data; skipping.
2025-06-19 12:55:07,122 - __main__ - WARNING - SCLK value 669959376 not found in ml data; skipping.
2025-06-19 12:55:07,123 - __main__ - WARNING - SCLK value 669959712 not found in ml data; skipping.
2025-06-19 12:55:07,124 - __main__ - WARNING - SCLK value 669960008 not found in ml data; skipping.
2025-06-19 12:55:07,125 - __main__ - WARNING - SCLK value 669960347 not found in ml data; skipping.
2025-06-19 12:55:07,126 - __main__ - WARNING - SCLK value 669962940 not found in ml data; skipping.
2025-06-19 12:55:07,126 - __main__ - WARNING - SCLK value 669964312 not found in ml data; skipping.
2025-06-19 12:55:07,127 - __main__ - WARNING - SCLK value 669965150 not found in ml data; skipping.
2025-06-19 12:55:07,128 - __main__ - WARNING - SCLK value 669971696 not found in ml data; skipping.
2025-06-19 12:55:07,129 - __main__ - WARNING - SCLK value 670046942 not found in ml data; skipping.
2025-06-19 12:55:07,129 - __main__ - WARNING - SCLK value 670047546 not found in ml data; skipping.
2025-06-19 12:55:07,131 - __main__ - WARNING - SCLK value 670055611 not found in ml data; skipping.
2025-06-19 12:55:07,132 - __main__ - WARNING - SCLK value 670129653 not found in ml data; skipping.
2025-06-19 12:55:07,133 - __main__ - WARNING - SCLK value 670136668 not found in ml data; skipping.
2025-06-19 12:55:07,134 - __main__ - WARNING - SCLK value 670138695 not found in ml data; skipping.
2025-06-19 12:55:07,135 - __main__ - WARNING - SCLK value 670225439 not found in ml data; skipping.
2025-06-19 12:55:07,135 - __main__ - WARNING - SCLK value 670232335 not found in ml data; skipping.
2025-06-19 12:55:07,136 - __main__ - WARNING - SCLK value 670232986 not found in ml data; skipping.
2025-06-19 12:55:07,137 - __main__ - WARNING - SCLK value 670233871 not found in ml data; skipping.
2025-06-19 12:55:07,138 - __main__ - WARNING - SCLK value 670313772 not found in ml data; skipping.
2025-06-19 12:55:07,139 - __main__ - WARNING - SCLK value 670315385 not found in ml data; skipping.
2025-06-19 12:55:07,139 - __main__ - WARNING - SCLK value 670317790 not found in ml data; skipping.
2025-06-19 12:55:07,140 - __main__ - WARNING - SCLK value 670321691 not found in ml data; skipping.
2025-06-19 12:55:07,141 - __main__ - WARNING - SCLK value 670325686 not found in ml data; skipping.
2025-06-19 12:55:07,142 - __main__ - WARNING - SCLK value 670329256 not found in ml data; skipping.
2025-06-19 12:55:07,142 - __main__ - WARNING - SCLK value 670398725 not found in ml data; skipping.
2025-06-19 12:55:07,143 - __main__ - WARNING - SCLK value 670402854 not found in ml data; skipping.
2025-06-19 12:55:07,144 - __main__ - WARNING - SCLK value 670403870 not found in ml data; skipping.
2025-06-19 12:55:07,145 - __main__ - WARNING - SCLK value 670409834 not found in ml data; skipping.
2025-06-19 12:55:07,146 - __main__ - WARNING - SCLK value 670412275 not found in ml data; skipping.
2025-06-19 12:55:07,147 - __main__ - WARNING - SCLK value 670412326 not found in ml data; skipping.
2025-06-19 12:55:07,147 - __main__ - WARNING - SCLK value 670578458 not found in ml data; skipping.
2025-06-19 12:55:07,148 - __main__ - WARNING - SCLK value 670580613 not found in ml data; skipping.
2025-06-19 12:55:07,149 - __main__ - WARNING - SCLK value 670584569 not found in ml data; skipping.
2025-06-19 12:55:07,149 - __main__ - WARNING - SCLK value 670584657 not found in ml data; skipping.
2025-06-19 12:55:07,151 - __main__ - WARNING - SCLK value 670587674 not found in ml data; skipping.
2025-06-19 12:55:07,152 - __main__ - WARNING - SCLK value 670594461 not found in ml data; skipping.
2025-06-19 12:55:07,153 - __main__ - WARNING - SCLK value 670841835 not found in ml data; skipping.
2025-06-19 12:55:07,154 - __main__ - WARNING - SCLK value 670842459 not found in ml data; skipping.
2025-06-19 12:55:07,155 - __main__ - WARNING - SCLK value 670849047 not found in ml data; skipping.
2025-06-19 12:55:07,156 - __main__ - WARNING - SCLK value 670852738 not found in ml data; skipping.
2025-06-19 12:55:07,156 - __main__ - WARNING - SCLK value 670856365 not found in ml data; skipping.
2025-06-19 12:55:07,157 - __main__ - WARNING - SCLK value 670859755 not found in ml data; skipping.
2025-06-19 12:55:07,158 - __main__ - WARNING - SCLK value 670870370 not found in ml data; skipping.
2025-06-19 12:55:07,158 - __main__ - WARNING - SCLK value 670929808 not found in ml data; skipping.
2025-06-19 12:55:07,160 - __main__ - WARNING - SCLK value 670930554 not found in ml data; skipping.
2025-06-19 12:55:07,160 - __main__ - WARNING - SCLK value 670933108 not found in ml data; skipping.
2025-06-19 12:55:07,161 - __main__ - WARNING - SCLK value 670934582 not found in ml data; skipping.
2025-06-19 12:55:07,162 - __main__ - WARNING - SCLK value 670938327 not found in ml data; skipping.
2025-06-19 12:55:07,163 - __main__ - WARNING - SCLK value 670938389 not found in ml data; skipping.
2025-06-19 12:55:07,164 - __main__ - WARNING - SCLK value 670940703 not found in ml data; skipping.
2025-06-19 12:55:07,164 - __main__ - WARNING - SCLK value 670945386 not found in ml data; skipping.
2025-06-19 12:55:07,165 - __main__ - WARNING - SCLK value 670961352 not found in ml data; skipping.
2025-06-19 12:55:07,166 - __main__ - WARNING - SCLK value 671024106 not found in ml data; skipping.
2025-06-19 12:55:07,167 - __main__ - WARNING - SCLK value 671027864 not found in ml data; skipping.
2025-06-19 12:55:07,168 - __main__ - WARNING - SCLK value 671027972 not found in ml data; skipping.
2025-06-19 12:55:07,169 - __main__ - WARNING - SCLK value 671033906 not found in ml data; skipping.
2025-06-19 12:55:07,170 - __main__ - WARNING - SCLK value 671039200 not found in ml data; skipping.
2025-06-19 12:55:07,171 - __main__ - WARNING - SCLK value 671109364 not found in ml data; skipping.
2025-06-19 12:55:07,171 - __main__ - WARNING - SCLK value 671113914 not found in ml data; skipping.
2025-06-19 12:55:07,172 - __main__ - WARNING - SCLK value 671114679 not found in ml data; skipping.
2025-06-19 12:55:07,172 - __main__ - WARNING - SCLK value 671115255 not found in ml data; skipping.
2025-06-19 12:55:07,173 - __main__ - WARNING - SCLK value 671115289 not found in ml data; skipping.
2025-06-19 12:55:07,174 - __main__ - WARNING - SCLK value 671120289 not found in ml data; skipping.
2025-06-19 12:55:07,175 - __main__ - WARNING - SCLK value 671126006 not found in ml data; skipping.
2025-06-19 12:55:07,176 - __main__ - WARNING - SCLK value 671126607 not found in ml data; skipping.
2025-06-19 12:55:07,177 - __main__ - WARNING - SCLK value 671127245 not found in ml data; skipping.
2025-06-19 12:55:07,177 - __main__ - WARNING - SCLK value 671139428 not found in ml data; skipping.
2025-06-19 12:55:07,178 - __main__ - WARNING - SCLK value 671204280 not found in ml data; skipping.
2025-06-19 12:55:07,179 - __main__ - WARNING - SCLK value 671213291 not found in ml data; skipping.
2025-06-19 12:55:07,179 - __main__ - WARNING - SCLK value 671214052 not found in ml data; skipping.
2025-06-19 12:55:07,181 - __main__ - WARNING - SCLK value 671224977 not found in ml data; skipping.
2025-06-19 12:55:07,182 - __main__ - WARNING - SCLK value 671291649 not found in ml data; skipping.
2025-06-19 12:55:07,183 - __main__ - WARNING - SCLK value 671294608 not found in ml data; skipping.
2025-06-19 12:55:07,184 - __main__ - WARNING - SCLK value 671302478 not found in ml data; skipping.
2025-06-19 12:55:07,185 - __main__ - WARNING - SCLK value 671302909 not found in ml data; skipping.
2025-06-19 12:55:07,185 - __main__ - WARNING - SCLK value 671308300 not found in ml data; skipping.
2025-06-19 12:55:07,186 - __main__ - WARNING - SCLK value 671376036 not found in ml data; skipping.
2025-06-19 12:55:07,187 - __main__ - WARNING - SCLK value 671376059 not found in ml data; skipping.
2025-06-19 12:55:07,188 - __main__ - WARNING - SCLK value 671376348 not found in ml data; skipping.
2025-06-19 12:55:07,189 - __main__ - WARNING - SCLK value 671376844 not found in ml data; skipping.
2025-06-19 12:55:07,190 - __main__ - WARNING - SCLK value 671377912 not found in ml data; skipping.
2025-06-19 12:55:07,191 - __main__ - WARNING - SCLK value 671379183 not found in ml data; skipping.
2025-06-19 12:55:07,192 - __main__ - WARNING - SCLK value 671384112 not found in ml data; skipping.
2025-06-19 12:55:07,192 - __main__ - WARNING - SCLK value 671391076 not found in ml data; skipping.
2025-06-19 12:55:07,193 - __main__ - WARNING - SCLK value 671395245 not found in ml data; skipping.
2025-06-19 12:55:07,194 - __main__ - WARNING - SCLK value 671466934 not found in ml data; skipping.
2025-06-19 12:55:07,195 - __main__ - WARNING - SCLK value 671468200 not found in ml data; skipping.
2025-06-19 12:55:07,196 - __main__ - WARNING - SCLK value 671559311 not found in ml data; skipping.
2025-06-19 12:55:07,197 - __main__ - WARNING - SCLK value 671560213 not found in ml data; skipping.
2025-06-19 12:55:07,197 - __main__ - WARNING - SCLK value 671561065 not found in ml data; skipping.
2025-06-19 12:55:07,198 - __main__ - WARNING - SCLK value 671563881 not found in ml data; skipping.
2025-06-19 12:55:07,199 - __main__ - WARNING - SCLK value 671570327 not found in ml data; skipping.
2025-06-19 12:55:07,199 - __main__ - WARNING - SCLK value 671641441 not found in ml data; skipping.
2025-06-19 12:55:07,201 - __main__ - WARNING - SCLK value 671644549 not found in ml data; skipping.
2025-06-19 12:55:07,202 - __main__ - WARNING - SCLK value 671645443 not found in ml data; skipping.
2025-06-19 12:55:07,203 - __main__ - WARNING - SCLK value 671648210 not found in ml data; skipping.
2025-06-19 12:55:07,204 - __main__ - WARNING - SCLK value 671656101 not found in ml data; skipping.
2025-06-19 12:55:07,204 - __main__ - WARNING - SCLK value 671731643 not found in ml data; skipping.
2025-06-19 12:55:07,205 - __main__ - WARNING - SCLK value 671740824 not found in ml data; skipping.
2025-06-19 12:55:07,206 - __main__ - WARNING - SCLK value 671746873 not found in ml data; skipping.
2025-06-19 12:55:07,207 - __main__ - WARNING - SCLK value 671823162 not found in ml data; skipping.
2025-06-19 12:55:07,208 - __main__ - WARNING - SCLK value 671823654 not found in ml data; skipping.
2025-06-19 12:55:07,209 - __main__ - WARNING - SCLK value 671823993 not found in ml data; skipping.
2025-06-19 12:55:07,210 - __main__ - WARNING - SCLK value 671824646 not found in ml data; skipping.
2025-06-19 12:55:07,211 - __main__ - WARNING - SCLK value 671825542 not found in ml data; skipping.
2025-06-19 12:55:07,211 - __main__ - WARNING - SCLK value 671831605 not found in ml data; skipping.
2025-06-19 12:55:07,212 - __main__ - WARNING - SCLK value 671834757 not found in ml data; skipping.
2025-06-19 12:55:07,213 - __main__ - WARNING - SCLK value 671904824 not found in ml data; skipping.
2025-06-19 12:55:07,214 - __main__ - WARNING - SCLK value 671909321 not found in ml data; skipping.
2025-06-19 12:55:07,215 - __main__ - WARNING - SCLK value 671911350 not found in ml data; skipping.
2025-06-19 12:55:07,215 - __main__ - WARNING - SCLK value 671913231 not found in ml data; skipping.
2025-06-19 12:55:07,216 - __main__ - WARNING - SCLK value 671915681 not found in ml data; skipping.
2025-06-19 12:55:07,217 - __main__ - WARNING - SCLK value 671916470 not found in ml data; skipping.
2025-06-19 12:55:07,218 - __main__ - WARNING - SCLK value 671920779 not found in ml data; skipping.
2025-06-19 12:55:07,219 - __main__ - WARNING - SCLK value 671921784 not found in ml data; skipping.
2025-06-19 12:55:07,219 - __main__ - WARNING - SCLK value 671995990 not found in ml data; skipping.
2025-06-19 12:55:07,220 - __main__ - WARNING - SCLK value 672002175 not found in ml data; skipping.
2025-06-19 12:55:07,221 - __main__ - WARNING - SCLK value 672002362 not found in ml data; skipping.
2025-06-19 12:55:07,222 - __main__ - WARNING - SCLK value 672104482 not found in ml data; skipping.
2025-06-19 12:55:07,222 - __main__ - WARNING - SCLK value 672178090 not found in ml data; skipping.
2025-06-19 12:55:07,223 - __main__ - WARNING - SCLK value 672180689 not found in ml data; skipping.
2025-06-19 12:55:07,224 - __main__ - WARNING - SCLK value 672181444 not found in ml data; skipping.
2025-06-19 12:55:07,225 - __main__ - WARNING - SCLK value 672182115 not found in ml data; skipping.
2025-06-19 12:55:07,226 - __main__ - WARNING - SCLK value 672183596 not found in ml data; skipping.
2025-06-19 12:55:07,227 - __main__ - WARNING - SCLK value 672185170 not found in ml data; skipping.
2025-06-19 12:55:07,227 - __main__ - WARNING - SCLK value 672190662 not found in ml data; skipping.
2025-06-19 12:55:07,228 - __main__ - WARNING - SCLK value 672267244 not found in ml data; skipping.
2025-06-19 12:55:07,229 - __main__ - WARNING - SCLK value 672269283 not found in ml data; skipping.
2025-06-19 12:55:07,231 - __main__ - WARNING - SCLK value 672269792 not found in ml data; skipping.
2025-06-19 12:55:07,232 - __main__ - WARNING - SCLK value 672350659 not found in ml data; skipping.
2025-06-19 12:55:07,232 - __main__ - WARNING - SCLK value 672352068 not found in ml data; skipping.
2025-06-19 12:55:07,233 - __main__ - WARNING - SCLK value 672355502 not found in ml data; skipping.
2025-06-19 12:55:07,234 - __main__ - WARNING - SCLK value 672357238 not found in ml data; skipping.
2025-06-19 12:55:07,235 - __main__ - WARNING - SCLK value 672359382 not found in ml data; skipping.
2025-06-19 12:55:07,236 - __main__ - WARNING - SCLK value 672362559 not found in ml data; skipping.
2025-06-19 12:55:07,236 - __main__ - WARNING - SCLK value 672365510 not found in ml data; skipping.
2025-06-19 12:55:07,238 - __main__ - WARNING - SCLK value 672365820 not found in ml data; skipping.
2025-06-19 12:55:07,239 - __main__ - WARNING - SCLK value 672445220 not found in ml data; skipping.
2025-06-19 12:55:07,240 - __main__ - WARNING - SCLK value 672445462 not found in ml data; skipping.
2025-06-19 12:55:07,240 - __main__ - WARNING - SCLK value 672446338 not found in ml data; skipping.
2025-06-19 12:55:07,241 - __main__ - WARNING - SCLK value 672528720 not found in ml data; skipping.
2025-06-19 12:55:07,242 - __main__ - WARNING - SCLK value 672531916 not found in ml data; skipping.
2025-06-19 12:55:07,243 - __main__ - INFO - Processing vortex SCLK 672538692 found at ml index: 2160537
2025-06-19 12:55:07,244 - __main__ - INFO - Processing vortex SCLK 672546578 found at ml index: 2165928
2025-06-19 12:55:07,245 - __main__ - INFO - Processing vortex SCLK 672548966 found at ml index: 2168316
2025-06-19 12:55:07,246 - __main__ - INFO - Processing vortex SCLK 672621236 found at ml index: 2212733
2025-06-19 12:55:07,248 - __main__ - INFO - Processing vortex SCLK 672622288 found at ml index: 2213785
2025-06-19 12:55:07,249 - __main__ - INFO - Processing vortex SCLK 672624313 found at ml index: 2215810
2025-06-19 12:55:07,250 - __main__ - INFO - Processing vortex SCLK 672624475 found at ml index: 2215972
2025-06-19 12:55:07,251 - __main__ - INFO - Processing vortex SCLK 672626109 found at ml index: 2217606
2025-06-19 12:55:07,253 - __main__ - INFO - Processing vortex SCLK 672626122 found at ml index: 2217619
2025-06-19 12:55:07,254 - __main__ - INFO - Processing vortex SCLK 672706787 found at ml index: 2270942
2025-06-19 12:55:07,255 - __main__ - INFO - Processing vortex SCLK 672709027 found at ml index: 2273182
2025-06-19 12:55:07,256 - __main__ - INFO - Processing vortex SCLK 672711149 found at ml index: 2275304
2025-06-19 12:55:07,258 - __main__ - INFO - Processing vortex SCLK 672711621 found at ml index: 2275776
2025-06-19 12:55:07,259 - __main__ - INFO - Processing vortex SCLK 672713266 found at ml index: 2277421
2025-06-19 12:55:07,260 - __main__ - INFO - Processing vortex SCLK 672713337 found at ml index: 2277492
2025-06-19 12:55:07,262 - __main__ - INFO - Processing vortex SCLK 672715961 found at ml index: 2280116
2025-06-19 12:55:07,263 - __main__ - INFO - Processing vortex SCLK 672718373 found at ml index: 2282528
2025-06-19 12:55:07,264 - __main__ - INFO - Processing vortex SCLK 672719375 found at ml index: 2283530
2025-06-19 12:55:07,265 - __main__ - INFO - Processing vortex SCLK 672721953 found at ml index: 2286108
2025-06-19 12:55:07,266 - __main__ - INFO - Processing vortex SCLK 672801263 found at ml index: 2334241
2025-06-19 12:55:07,267 - __main__ - INFO - Processing vortex SCLK 672801630 found at ml index: 2334608
2025-06-19 12:55:07,269 - __main__ - INFO - Processing vortex SCLK 672804797 found at ml index: 2337775
2025-06-19 12:55:07,270 - __main__ - INFO - Processing vortex SCLK 672884603 found at ml index: 2387935
2025-06-19 12:55:07,271 - __main__ - INFO - Processing vortex SCLK 672884933 found at ml index: 2388265
2025-06-19 12:55:07,273 - __main__ - INFO - Processing vortex SCLK 672885216 found at ml index: 2388548
2025-06-19 12:55:07,273 - __main__ - INFO - Processing vortex SCLK 672889286 found at ml index: 2392618
2025-06-19 12:55:07,274 - __main__ - INFO - Processing vortex SCLK 672890283 found at ml index: 2393615
2025-06-19 12:55:07,276 - __main__ - INFO - Processing vortex SCLK 672894510 found at ml index: 2397842
2025-06-19 12:55:07,277 - __main__ - INFO - Processing vortex SCLK 672964384 found at ml index: 2443850
2025-06-19 12:55:07,278 - __main__ - INFO - Processing vortex SCLK 672973742 found at ml index: 2448162
2025-06-19 12:55:07,279 - __main__ - INFO - Processing vortex SCLK 672976272 found at ml index: 2450692
2025-06-19 12:55:07,281 - __main__ - INFO - Processing vortex SCLK 672979607 found at ml index: 2454027
2025-06-19 12:55:07,283 - __main__ - INFO - Processing vortex SCLK 672983982 found at ml index: 2458402
2025-06-19 12:55:07,284 - __main__ - INFO - Processing vortex SCLK 672984068 found at ml index: 2458488
2025-06-19 12:55:07,285 - __main__ - INFO - Processing vortex SCLK 672984973 found at ml index: 2459393
2025-06-19 12:55:07,287 - __main__ - INFO - Processing vortex SCLK 672985340 found at ml index: 2459760
2025-06-19 12:55:07,288 - __main__ - INFO - Processing vortex SCLK 673068974 found at ml index: 2512676
2025-06-19 12:55:07,289 - __main__ - INFO - Processing vortex SCLK 673072073 found at ml index: 2515775
2025-06-19 12:55:07,290 - __main__ - INFO - Processing vortex SCLK 673076429 found at ml index: 2518680
2025-06-19 12:55:07,291 - __main__ - INFO - Processing vortex SCLK 673078972 found at ml index: 2521223
2025-06-19 12:55:07,293 - __main__ - INFO - Processing vortex SCLK 673147721 found at ml index: 2565489
2025-06-19 12:55:07,294 - __main__ - INFO - Processing vortex SCLK 673240962 found at ml index: 2629833
2025-06-19 12:55:07,295 - __main__ - INFO - Processing vortex SCLK 673242020 found at ml index: 2630891
2025-06-19 12:55:07,297 - __main__ - INFO - Processing vortex SCLK 673243964 found at ml index: 2632835
2025-06-19 12:55:07,298 - __main__ - INFO - Processing vortex SCLK 673245884 found at ml index: 2634755
2025-06-19 12:55:07,299 - __main__ - INFO - Processing vortex SCLK 673251635 found at ml index: 2640506
2025-06-19 12:55:07,301 - __main__ - INFO - Processing vortex SCLK 673254242 found at ml index: 2643113
2025-06-19 12:55:07,302 - __main__ - INFO - Processing vortex SCLK 673328658 found at ml index: 2691425
2025-06-19 12:55:07,303 - __main__ - INFO - Processing vortex SCLK 673329003 found at ml index: 2691770
2025-06-19 12:55:07,305 - __main__ - INFO - Processing vortex SCLK 673332835 found at ml index: 2695602
2025-06-19 12:55:07,306 - __main__ - INFO - Processing vortex SCLK 673332863 found at ml index: 2695630
2025-06-19 12:55:07,307 - __main__ - INFO - Processing vortex SCLK 673334070 found at ml index: 2696837
2025-06-19 12:55:07,308 - __main__ - INFO - Processing vortex SCLK 673334708 found at ml index: 2697475
2025-06-19 12:55:07,309 - __main__ - INFO - Processing vortex SCLK 673338788 found at ml index: 2701555
2025-06-19 12:55:07,310 - __main__ - INFO - Processing vortex SCLK 673340481 found at ml index: 2703248
2025-06-19 12:55:07,311 - __main__ - INFO - Processing vortex SCLK 673344227 found at ml index: 2706994
2025-06-19 12:55:07,313 - __main__ - INFO - Processing vortex SCLK 673424713 found at ml index: 2760219
2025-06-19 12:55:07,314 - __main__ - INFO - Processing vortex SCLK 673429348 found at ml index: 2764854
2025-06-19 12:55:07,316 - __main__ - INFO - Processing vortex SCLK 673500853 found at ml index: 2811671
2025-06-19 12:55:07,317 - __main__ - INFO - Processing vortex SCLK 673512599 found at ml index: 2821820
2025-06-19 12:55:07,318 - __main__ - INFO - Processing vortex SCLK 673513373 found at ml index: 2822594
2025-06-19 12:55:07,319 - __main__ - INFO - Processing vortex SCLK 673514725 found at ml index: 2823946
2025-06-19 12:55:07,321 - __main__ - INFO - Processing vortex SCLK 673594180 found at ml index: 2868616
2025-06-19 12:55:07,322 - __main__ - INFO - Processing vortex SCLK 673597335 found at ml index: 2871771
2025-06-19 12:55:07,323 - __main__ - WARNING - SCLK value 673598754 not found in ml data; skipping.
2025-06-19 12:55:07,323 - __main__ - WARNING - SCLK value 673606937 not found in ml data; skipping.
2025-06-19 12:55:07,324 - __main__ - WARNING - SCLK value 673680243 not found in ml data; skipping.
2025-06-19 12:55:07,325 - __main__ - WARNING - SCLK value 673681579 not found in ml data; skipping.
2025-06-19 12:55:07,326 - __main__ - WARNING - SCLK value 673685675 not found in ml data; skipping.
2025-06-19 12:55:07,327 - __main__ - WARNING - SCLK value 673694236 not found in ml data; skipping.
2025-06-19 12:55:07,328 - __main__ - WARNING - SCLK value 673694529 not found in ml data; skipping.
2025-06-19 12:55:07,329 - __main__ - WARNING - SCLK value 673773378 not found in ml data; skipping.
2025-06-19 12:55:07,329 - __main__ - WARNING - SCLK value 673779637 not found in ml data; skipping.
2025-06-19 12:55:07,331 - __main__ - WARNING - SCLK value 673781075 not found in ml data; skipping.
2025-06-19 12:55:07,332 - __main__ - WARNING - SCLK value 673858855 not found in ml data; skipping.
2025-06-19 12:55:07,333 - __main__ - WARNING - SCLK value 673863604 not found in ml data; skipping.
2025-06-19 12:55:07,334 - __main__ - WARNING - SCLK value 673865805 not found in ml data; skipping.
2025-06-19 12:55:07,335 - __main__ - WARNING - SCLK value 673874053 not found in ml data; skipping.
2025-06-19 12:55:07,336 - __main__ - WARNING - SCLK value 673948338 not found in ml data; skipping.
2025-06-19 12:55:07,336 - __main__ - WARNING - SCLK value 673951488 not found in ml data; skipping.
2025-06-19 12:55:07,337 - __main__ - WARNING - SCLK value 673955512 not found in ml data; skipping.
2025-06-19 12:55:07,338 - __main__ - WARNING - SCLK value 673958960 not found in ml data; skipping.
2025-06-19 12:55:07,339 - __main__ - WARNING - SCLK value 674041445 not found in ml data; skipping.
2025-06-19 12:55:07,339 - __main__ - WARNING - SCLK value 674042999 not found in ml data; skipping.
2025-06-19 12:55:07,341 - __main__ - WARNING - SCLK value 674044064 not found in ml data; skipping.
2025-06-19 12:55:07,341 - __main__ - WARNING - SCLK value 674051268 not found in ml data; skipping.
2025-06-19 12:55:07,342 - __main__ - WARNING - SCLK value 674056174 not found in ml data; skipping.
2025-06-19 12:55:07,343 - __main__ - WARNING - SCLK value 674122081 not found in ml data; skipping.
2025-06-19 12:55:07,344 - __main__ - WARNING - SCLK value 674128125 not found in ml data; skipping.
2025-06-19 12:55:07,345 - __main__ - WARNING - SCLK value 674128981 not found in ml data; skipping.
2025-06-19 12:55:07,345 - __main__ - WARNING - SCLK value 674133319 not found in ml data; skipping.
2025-06-19 12:55:07,346 - __main__ - WARNING - SCLK value 674140571 not found in ml data; skipping.
2025-06-19 12:55:07,347 - __main__ - WARNING - SCLK value 674213517 not found in ml data; skipping.
2025-06-19 12:55:07,348 - __main__ - WARNING - SCLK value 674218894 not found in ml data; skipping.
2025-06-19 12:55:07,349 - __main__ - WARNING - SCLK value 674228677 not found in ml data; skipping.
2025-06-19 12:55:07,349 - __main__ - WARNING - SCLK value 674304877 not found in ml data; skipping.
2025-06-19 12:55:07,351 - __main__ - WARNING - SCLK value 674307030 not found in ml data; skipping.
2025-06-19 12:55:07,352 - __main__ - WARNING - SCLK value 674307104 not found in ml data; skipping.
2025-06-19 12:55:07,353 - __main__ - WARNING - SCLK value 674317907 not found in ml data; skipping.
2025-06-19 12:55:07,353 - __main__ - WARNING - SCLK value 674398187 not found in ml data; skipping.
2025-06-19 12:55:07,354 - __main__ - WARNING - SCLK value 674410494 not found in ml data; skipping.
2025-06-19 12:55:07,355 - __main__ - WARNING - SCLK value 674482627 not found in ml data; skipping.
2025-06-19 12:55:07,356 - __main__ - WARNING - SCLK value 674483906 not found in ml data; skipping.
2025-06-19 12:55:07,357 - __main__ - WARNING - SCLK value 674484439 not found in ml data; skipping.
2025-06-19 12:55:07,358 - __main__ - WARNING - SCLK value 674491238 not found in ml data; skipping.
2025-06-19 12:55:07,359 - __main__ - WARNING - SCLK value 674492008 not found in ml data; skipping.
2025-06-19 12:55:07,359 - __main__ - WARNING - SCLK value 674497424 not found in ml data; skipping.
2025-06-19 12:55:07,360 - __main__ - WARNING - SCLK value 674498121 not found in ml data; skipping.
2025-06-19 12:55:07,361 - __main__ - WARNING - SCLK value 674568708 not found in ml data; skipping.
2025-06-19 12:55:07,362 - __main__ - WARNING - SCLK value 674573756 not found in ml data; skipping.
2025-06-19 12:55:07,363 - __main__ - WARNING - SCLK value 674575721 not found in ml data; skipping.
2025-06-19 12:55:07,364 - __main__ - WARNING - SCLK value 674582484 not found in ml data; skipping.
2025-06-19 12:55:07,365 - __main__ - WARNING - SCLK value 674666247 not found in ml data; skipping.
2025-06-19 12:55:07,366 - __main__ - WARNING - SCLK value 674666809 not found in ml data; skipping.
2025-06-19 12:55:07,366 - __main__ - WARNING - SCLK value 674667232 not found in ml data; skipping.
2025-06-19 12:55:07,367 - __main__ - WARNING - SCLK value 674669243 not found in ml data; skipping.
2025-06-19 12:55:07,368 - __main__ - WARNING - SCLK value 674751396 not found in ml data; skipping.
2025-06-19 12:55:07,369 - __main__ - WARNING - SCLK value 674837510 not found in ml data; skipping.
2025-06-19 12:55:07,370 - __main__ - WARNING - SCLK value 674845274 not found in ml data; skipping.
2025-06-19 12:55:07,371 - __main__ - WARNING - SCLK value 674846962 not found in ml data; skipping.
2025-06-19 12:55:07,372 - __main__ - WARNING - SCLK value 674850855 not found in ml data; skipping.
2025-06-19 12:55:07,373 - __main__ - INFO - Preparing features and labels...
2025-06-19 12:55:07,377 - __main__ - INFO - Validating feature matrix...
2025-06-19 12:55:07,380 - __main__ - WARNING - Feature matrix issues detected:
2025-06-19 12:55:07,380 - __main__ - WARNING - - High correlation between pressure_drop_ratio and pressure_change: -1.00
2025-06-19 12:55:07,380 - __main__ - WARNING - - High correlation between pressure_drop_ratio and pressure_range: 0.95
2025-06-19 12:55:07,380 - __main__ - WARNING - - High correlation between pressure_drop_ratio and rate_of_change_mean: -0.99
2025-06-19 12:55:07,380 - __main__ - WARNING - - High correlation between pressure_change and pressure_range: -0.95
2025-06-19 12:55:07,380 - __main__ - WARNING - - High correlation between pressure_change and rate_of_change_mean: 0.99
2025-06-19 12:55:07,380 - __main__ - WARNING - - High correlation between mean_pressure and min_pressure: 1.00
2025-06-19 12:55:07,380 - __main__ - WARNING - - High correlation between mean_pressure and max_pressure: 1.00
2025-06-19 12:55:07,380 - __main__ - WARNING - - High correlation between mean_pressure and long_term_mean: 1.00
2025-06-19 12:55:07,380 - __main__ - WARNING - - High correlation between std_pressure and pressure_range: 0.96
2025-06-19 12:55:07,380 - __main__ - WARNING - - High correlation between min_pressure and max_pressure: 1.00
2025-06-19 12:55:07,381 - __main__ - WARNING - - High correlation between min_pressure and long_term_mean: 1.00
2025-06-19 12:55:07,381 - __main__ - WARNING - - High correlation between max_pressure and long_term_mean: 1.00
2025-06-19 12:55:07,381 - __main__ - WARNING - - High correlation between pressure_range and rate_of_change_std: 0.96
2025-06-19 12:55:07,381 - __main__ - WARNING - - High correlation between rate_of_change_std and rate_of_change_max: 0.99
2025-06-19 12:55:07,381 - __main__ - INFO - Splitting processed data into train/val for model training...
2025-06-19 12:55:07,381 - __main__ - INFO - Processed train set: 14241 samples
2025-06-19 12:55:07,382 - __main__ - INFO - Processed validation set: 4747 samples
2025-06-19 12:55:07,383 - __main__ - INFO - Training Random Forest classifier...
2025-06-19 12:55:10,314 - __main__ - INFO - Random Forest training completed.
2025-06-19 12:55:10,314 - __main__ - INFO - Generating evaluation plots...
2025-06-19 12:58:03,897 - __main__ - INFO - Reading vortex SCLK data...
2025-06-19 12:58:03,900 - __main__ - INFO - Successfully read 309 SCLK values from ../data/Jackson_vortex_detections_reformatted_augmented.csv
2025-06-19 12:58:03,900 - __main__ - INFO - Successfully read 309 SCLK values
2025-06-19 12:58:03,901 - __main__ - INFO - Reading ML data...
2025-06-19 12:58:06,061 - __main__ - INFO - Successfully loaded ML data from ../data/ml_ready_vortex_data.csv
2025-06-19 12:58:06,061 - __main__ - INFO - Successfully loaded ML data with 3590168 rows
2025-06-19 12:58:06,062 - __main__ - INFO - Validating data quality...
2025-06-19 12:58:06,470 - __main__ - WARNING - Data quality issues detected:
2025-06-19 12:58:06,470 - __main__ - WARNING - - Missing values found: {'gt_vortex_ind': 3577695}
2025-06-19 12:58:06,470 - __main__ - WARNING - - Severe class imbalance detected: 0.51% positive samples
2025-06-19 12:58:06,471 - __main__ - INFO - Splitting raw data chronologically before processing...
2025-06-19 12:58:06,471 - __main__ - INFO - Raw train set: 2154100 rows
2025-06-19 12:58:06,471 - __main__ - INFO - Raw validation set: 718034 rows
2025-06-19 12:58:06,471 - __main__ - INFO - Raw test set: 718034 rows
2025-06-19 12:58:06,472 - __main__ - INFO - ==================================================
2025-06-19 12:58:06,472 - __main__ - INFO - RAW TEST SET DISTRIBUTION (Before Processing)
2025-06-19 12:58:06,472 - __main__ - INFO - ==================================================
2025-06-19 12:58:06,472 - __main__ - INFO - Test set rows: 718034
2025-06-19 12:58:06,473 - __main__ - INFO - Positive samples: 3318 (0.46%)
2025-06-19 12:58:06,473 - __main__ - INFO - Negative samples: 714716 (99.54%)
2025-06-19 12:58:06,473 - __main__ - INFO - ==================================================
2025-06-19 12:58:06,473 - __main__ - INFO - Processing training data around vortex events...
2025-06-19 12:58:06,476 - __main__ - INFO - Processing vortex SCLK 668288145 found at ml index: 16563
2025-06-19 12:58:06,514 - __main__ - INFO - Processing vortex SCLK 668288356 found at ml index: 16774
2025-06-19 12:58:06,552 - __main__ - INFO - Processing vortex SCLK 668363851 found at ml index: 58206
2025-06-19 12:58:06,590 - __main__ - INFO - Processing vortex SCLK 668370696 found at ml index: 61613
2025-06-19 12:58:06,629 - __main__ - INFO - Processing vortex SCLK 668373458 found at ml index: 64372
2025-06-19 12:58:06,669 - __main__ - INFO - Processing vortex SCLK 668450709 found at ml index: 109929
2025-06-19 12:58:06,708 - __main__ - INFO - Processing vortex SCLK 668451679 found at ml index: 110896
2025-06-19 12:58:06,747 - __main__ - INFO - Processing vortex SCLK 668465594 found at ml index: 113943
2025-06-19 12:58:06,784 - __main__ - INFO - Processing vortex SCLK 668471362 found at ml index: 116280
2025-06-19 12:58:06,822 - __main__ - INFO - Processing vortex SCLK 668534767 found at ml index: 149951
2025-06-19 12:58:06,861 - __main__ - INFO - Processing vortex SCLK 668540964 found at ml index: 156148
2025-06-19 12:58:06,899 - __main__ - INFO - Processing vortex SCLK 668541515 found at ml index: 156699
2025-06-19 12:58:06,938 - __main__ - INFO - Processing vortex SCLK 668542064 found at ml index: 157248
2025-06-19 12:58:06,977 - __main__ - INFO - Processing vortex SCLK 668542340 found at ml index: 157524
2025-06-19 12:58:07,014 - __main__ - INFO - Processing vortex SCLK 668551101 found at ml index: 162084
2025-06-19 12:58:07,051 - __main__ - INFO - Processing vortex SCLK 668555682 found at ml index: 163446
2025-06-19 12:58:07,090 - __main__ - INFO - Processing vortex SCLK 668556124 found at ml index: 163888
2025-06-19 12:58:07,126 - __main__ - INFO - Processing vortex SCLK 668557517 found at ml index: 165281
2025-06-19 12:58:07,164 - __main__ - INFO - Processing vortex SCLK 668716847 found at ml index: 186189
2025-06-19 12:58:07,202 - __main__ - INFO - Processing vortex SCLK 668723694 found at ml index: 189570
2025-06-19 12:58:07,242 - __main__ - INFO - Processing vortex SCLK 668801790 found at ml index: 232821
2025-06-19 12:58:07,280 - __main__ - INFO - Processing vortex SCLK 668808927 found at ml index: 236462
2025-06-19 12:58:07,320 - __main__ - INFO - Processing vortex SCLK 668810541 found at ml index: 238076
2025-06-19 12:58:07,357 - __main__ - INFO - Processing vortex SCLK 668811652 found at ml index: 239187
2025-06-19 12:58:07,396 - __main__ - INFO - Processing vortex SCLK 668816129 found at ml index: 243664
2025-06-19 12:58:07,437 - __main__ - INFO - Processing vortex SCLK 669426485 found at ml index: 263130
2025-06-19 12:58:07,476 - __main__ - INFO - Processing vortex SCLK 669427340 found at ml index: 263985
2025-06-19 12:58:07,512 - __main__ - INFO - Processing vortex SCLK 669434405 found at ml index: 267663
2025-06-19 12:58:07,548 - __main__ - INFO - Processing vortex SCLK 669434703 found at ml index: 267961
2025-06-19 12:58:07,586 - __main__ - INFO - Processing vortex SCLK 669518763 found at ml index: 314172
2025-06-19 12:58:07,626 - __main__ - INFO - Processing vortex SCLK 669519478 found at ml index: 314887
2025-06-19 12:58:07,664 - __main__ - INFO - Processing vortex SCLK 669531860 found at ml index: 320377
2025-06-19 12:58:07,701 - __main__ - INFO - Processing vortex SCLK 669626803 found at ml index: 374269
2025-06-19 12:58:07,740 - __main__ - INFO - Processing vortex SCLK 669688619 found at ml index: 407952
2025-06-19 12:58:07,777 - __main__ - INFO - Processing vortex SCLK 669690018 found at ml index: 409351
2025-06-19 12:58:07,816 - __main__ - INFO - Processing vortex SCLK 669690620 found at ml index: 409953
2025-06-19 12:58:07,854 - __main__ - INFO - Processing vortex SCLK 669704197 found at ml index: 416696
2025-06-19 12:58:07,892 - __main__ - INFO - Processing vortex SCLK 669779409 found at ml index: 457637
2025-06-19 12:58:07,931 - __main__ - INFO - Processing vortex SCLK 669780445 found at ml index: 458673
2025-06-19 12:58:07,971 - __main__ - INFO - Processing vortex SCLK 669787866 found at ml index: 466094
2025-06-19 12:58:08,011 - __main__ - INFO - Processing vortex SCLK 669787881 found at ml index: 466109
2025-06-19 12:58:08,048 - __main__ - INFO - Processing vortex SCLK 669870405 found at ml index: 512761
2025-06-19 12:58:08,088 - __main__ - INFO - Processing vortex SCLK 669873580 found at ml index: 515936
2025-06-19 12:58:08,124 - __main__ - INFO - Processing vortex SCLK 669882031 found at ml index: 522188
2025-06-19 12:58:08,162 - __main__ - INFO - Processing vortex SCLK 669886865 found at ml index: 524448
2025-06-19 12:58:08,198 - __main__ - INFO - Processing vortex SCLK 669958088 found at ml index: 564661
2025-06-19 12:58:08,235 - __main__ - INFO - Processing vortex SCLK 669959376 found at ml index: 565949
2025-06-19 12:58:08,270 - __main__ - INFO - Processing vortex SCLK 669959712 found at ml index: 566285
2025-06-19 12:58:08,307 - __main__ - INFO - Processing vortex SCLK 669960008 found at ml index: 566581
2025-06-19 12:58:08,344 - __main__ - INFO - Processing vortex SCLK 669960347 found at ml index: 566920
2025-06-19 12:58:08,378 - __main__ - INFO - Processing vortex SCLK 669962940 found at ml index: 569513
2025-06-19 12:58:08,414 - __main__ - INFO - Processing vortex SCLK 669964312 found at ml index: 570885
2025-06-19 12:58:08,453 - __main__ - INFO - Processing vortex SCLK 669965150 found at ml index: 571723
2025-06-19 12:58:08,489 - __main__ - INFO - Processing vortex SCLK 669971696 found at ml index: 575571
2025-06-19 12:58:08,524 - __main__ - INFO - Processing vortex SCLK 670046942 found at ml index: 618056
2025-06-19 12:58:08,560 - __main__ - INFO - Processing vortex SCLK 670047546 found at ml index: 618660
2025-06-19 12:58:08,597 - __main__ - INFO - Processing vortex SCLK 670055611 found at ml index: 626725
2025-06-19 12:58:08,631 - __main__ - INFO - Processing vortex SCLK 670129653 found at ml index: 676671
2025-06-19 12:58:08,670 - __main__ - INFO - Processing vortex SCLK 670136668 found at ml index: 680243
2025-06-19 12:58:08,707 - __main__ - INFO - Processing vortex SCLK 670138695 found at ml index: 682270
2025-06-19 12:58:08,743 - __main__ - INFO - Processing vortex SCLK 670225439 found at ml index: 735507
2025-06-19 12:58:08,779 - __main__ - INFO - Processing vortex SCLK 670232335 found at ml index: 739271
2025-06-19 12:58:08,816 - __main__ - INFO - Processing vortex SCLK 670232986 found at ml index: 739922
2025-06-19 12:58:08,856 - __main__ - INFO - Processing vortex SCLK 670233871 found at ml index: 740807
2025-06-19 12:58:08,892 - __main__ - INFO - Processing vortex SCLK 670313772 found at ml index: 794758
2025-06-19 12:58:08,931 - __main__ - INFO - Processing vortex SCLK 670315385 found at ml index: 796371
2025-06-19 12:58:08,968 - __main__ - INFO - Processing vortex SCLK 670317790 found at ml index: 798776
2025-06-19 12:58:09,003 - __main__ - INFO - Processing vortex SCLK 670321691 found at ml index: 802677
2025-06-19 12:58:09,039 - __main__ - INFO - Processing vortex SCLK 670325686 found at ml index: 804517
2025-06-19 12:58:09,077 - __main__ - INFO - Processing vortex SCLK 670329256 found at ml index: 808087
2025-06-19 12:58:09,113 - __main__ - INFO - Processing vortex SCLK 670398725 found at ml index: 848668
2025-06-19 12:58:09,151 - __main__ - INFO - Processing vortex SCLK 670402854 found at ml index: 852797
2025-06-19 12:58:09,188 - __main__ - INFO - Processing vortex SCLK 670403870 found at ml index: 853813
2025-06-19 12:58:09,225 - __main__ - INFO - Processing vortex SCLK 670409834 found at ml index: 857575
2025-06-19 12:58:09,262 - __main__ - INFO - Processing vortex SCLK 670412275 found at ml index: 860016
2025-06-19 12:58:09,299 - __main__ - INFO - Processing vortex SCLK 670412326 found at ml index: 860067
2025-06-19 12:58:09,336 - __main__ - INFO - Processing vortex SCLK 670578458 found at ml index: 934664
2025-06-19 12:58:09,373 - __main__ - INFO - Processing vortex SCLK 670580613 found at ml index: 936819
2025-06-19 12:58:09,409 - __main__ - INFO - Processing vortex SCLK 670584569 found at ml index: 940775
2025-06-19 12:58:09,447 - __main__ - INFO - Processing vortex SCLK 670584657 found at ml index: 940863
2025-06-19 12:58:09,483 - __main__ - INFO - Processing vortex SCLK 670587674 found at ml index: 943880
2025-06-19 12:58:09,519 - __main__ - INFO - Processing vortex SCLK 670594461 found at ml index: 947971
2025-06-19 12:58:09,555 - __main__ - INFO - Processing vortex SCLK 670841835 found at ml index: 1065790
2025-06-19 12:58:09,592 - __main__ - INFO - Processing vortex SCLK 670842459 found at ml index: 1066414
2025-06-19 12:58:09,630 - __main__ - INFO - Processing vortex SCLK 670849047 found at ml index: 1073002
2025-06-19 12:58:09,664 - __main__ - INFO - Processing vortex SCLK 670852738 found at ml index: 1076693
2025-06-19 12:58:09,702 - __main__ - INFO - Processing vortex SCLK 670856365 found at ml index: 1077977
2025-06-19 12:58:09,738 - __main__ - INFO - Processing vortex SCLK 670859755 found at ml index: 1081367
2025-06-19 12:58:09,774 - __main__ - INFO - Processing vortex SCLK 670870370 found at ml index: 1088579
2025-06-19 12:58:09,810 - __main__ - INFO - Processing vortex SCLK 670929808 found at ml index: 1120753
2025-06-19 12:58:09,847 - __main__ - INFO - Processing vortex SCLK 670930554 found at ml index: 1121499
2025-06-19 12:58:09,884 - __main__ - INFO - Processing vortex SCLK 670933108 found at ml index: 1124053
2025-06-19 12:58:09,921 - __main__ - INFO - Processing vortex SCLK 670934582 found at ml index: 1125527
2025-06-19 12:58:09,959 - __main__ - INFO - Processing vortex SCLK 670938327 found at ml index: 1129272
2025-06-19 12:58:09,997 - __main__ - INFO - Processing vortex SCLK 670938389 found at ml index: 1129334
2025-06-19 12:58:10,036 - __main__ - INFO - Processing vortex SCLK 670940703 found at ml index: 1131648
2025-06-19 12:58:10,073 - __main__ - INFO - Processing vortex SCLK 670945386 found at ml index: 1136331
2025-06-19 12:58:10,108 - __main__ - INFO - Processing vortex SCLK 670961352 found at ml index: 1146283
2025-06-19 12:58:10,146 - __main__ - INFO - Processing vortex SCLK 671024106 found at ml index: 1181789
2025-06-19 12:58:10,184 - __main__ - INFO - Processing vortex SCLK 671027864 found at ml index: 1185547
2025-06-19 12:58:10,220 - __main__ - INFO - Processing vortex SCLK 671027972 found at ml index: 1185655
2025-06-19 12:58:10,256 - __main__ - INFO - Processing vortex SCLK 671033906 found at ml index: 1191589
2025-06-19 12:58:10,293 - __main__ - INFO - Processing vortex SCLK 671039200 found at ml index: 1194533
2025-06-19 12:58:10,329 - __main__ - INFO - Processing vortex SCLK 671109364 found at ml index: 1233979
2025-06-19 12:58:10,366 - __main__ - INFO - Processing vortex SCLK 671113914 found at ml index: 1238529
2025-06-19 12:58:10,403 - __main__ - INFO - Processing vortex SCLK 671114679 found at ml index: 1239294
2025-06-19 12:58:10,440 - __main__ - INFO - Processing vortex SCLK 671115255 found at ml index: 1239870
2025-06-19 12:58:10,476 - __main__ - INFO - Processing vortex SCLK 671115289 found at ml index: 1239904
2025-06-19 12:58:10,523 - __main__ - INFO - Processing vortex SCLK 671120289 found at ml index: 1244904
2025-06-19 12:58:10,557 - __main__ - INFO - Processing vortex SCLK 671126006 found at ml index: 1250026
2025-06-19 12:58:10,591 - __main__ - INFO - Processing vortex SCLK 671126607 found at ml index: 1250627
2025-06-19 12:58:10,625 - __main__ - INFO - Processing vortex SCLK 671127245 found at ml index: 1251265
2025-06-19 12:58:10,663 - __main__ - INFO - Processing vortex SCLK 671139428 found at ml index: 1260040
2025-06-19 12:58:10,700 - __main__ - INFO - Processing vortex SCLK 671204280 found at ml index: 1299428
2025-06-19 12:58:10,737 - __main__ - INFO - Processing vortex SCLK 671213291 found at ml index: 1306235
2025-06-19 12:58:10,773 - __main__ - INFO - Processing vortex SCLK 671214052 found at ml index: 1306996
2025-06-19 12:58:10,809 - __main__ - INFO - Processing vortex SCLK 671224977 found at ml index: 1314440
2025-06-19 12:58:10,846 - __main__ - INFO - Processing vortex SCLK 671291649 found at ml index: 1353739
2025-06-19 12:58:10,881 - __main__ - INFO - Processing vortex SCLK 671294608 found at ml index: 1356698
2025-06-19 12:58:10,918 - __main__ - INFO - Processing vortex SCLK 671302478 found at ml index: 1361737
2025-06-19 12:58:10,956 - __main__ - INFO - Processing vortex SCLK 671302909 found at ml index: 1362168
2025-06-19 12:58:10,992 - __main__ - INFO - Processing vortex SCLK 671308300 found at ml index: 1365532
2025-06-19 12:58:11,030 - __main__ - INFO - Processing vortex SCLK 671376036 found at ml index: 1404444
2025-06-19 12:58:11,066 - __main__ - INFO - Processing vortex SCLK 671376059 found at ml index: 1404467
2025-06-19 12:58:11,102 - __main__ - INFO - Processing vortex SCLK 671376348 found at ml index: 1404756
2025-06-19 12:58:11,139 - __main__ - INFO - Processing vortex SCLK 671376844 found at ml index: 1405252
2025-06-19 12:58:11,176 - __main__ - INFO - Processing vortex SCLK 671377912 found at ml index: 1406320
2025-06-19 12:58:11,211 - __main__ - INFO - Processing vortex SCLK 671379183 found at ml index: 1407591
2025-06-19 12:58:11,249 - __main__ - INFO - Processing vortex SCLK 671384112 found at ml index: 1412520
2025-06-19 12:58:11,284 - __main__ - INFO - Processing vortex SCLK 671391076 found at ml index: 1419484
2025-06-19 12:58:11,325 - __main__ - INFO - Processing vortex SCLK 671395245 found at ml index: 1422765
2025-06-19 12:58:11,361 - __main__ - INFO - Processing vortex SCLK 671466934 found at ml index: 1463807
2025-06-19 12:58:11,400 - __main__ - INFO - Processing vortex SCLK 671468200 found at ml index: 1465073
2025-06-19 12:58:11,436 - __main__ - INFO - Processing vortex SCLK 671559311 found at ml index: 1524850
2025-06-19 12:58:11,471 - __main__ - INFO - Processing vortex SCLK 671560213 found at ml index: 1525752
2025-06-19 12:58:11,506 - __main__ - INFO - Processing vortex SCLK 671561065 found at ml index: 1526604
2025-06-19 12:58:11,542 - __main__ - INFO - Processing vortex SCLK 671563881 found at ml index: 1529420
2025-06-19 12:58:11,578 - __main__ - INFO - Processing vortex SCLK 671570327 found at ml index: 1532373
2025-06-19 12:58:11,614 - __main__ - INFO - Processing vortex SCLK 671641441 found at ml index: 1572853
2025-06-19 12:58:11,653 - __main__ - INFO - Processing vortex SCLK 671644549 found at ml index: 1575961
2025-06-19 12:58:11,689 - __main__ - INFO - Processing vortex SCLK 671645443 found at ml index: 1576855
2025-06-19 12:58:11,727 - __main__ - INFO - Processing vortex SCLK 671648210 found at ml index: 1579622
2025-06-19 12:58:11,763 - __main__ - INFO - Processing vortex SCLK 671656101 found at ml index: 1585256
2025-06-19 12:58:11,798 - __main__ - INFO - Processing vortex SCLK 671731643 found at ml index: 1630294
2025-06-19 12:58:11,838 - __main__ - INFO - Processing vortex SCLK 671740824 found at ml index: 1639475
2025-06-19 12:58:11,873 - __main__ - INFO - Processing vortex SCLK 671746873 found at ml index: 1643237
2025-06-19 12:58:11,911 - __main__ - INFO - Processing vortex SCLK 671823162 found at ml index: 1688879
2025-06-19 12:58:11,948 - __main__ - INFO - Processing vortex SCLK 671823654 found at ml index: 1689371
2025-06-19 12:58:11,983 - __main__ - INFO - Processing vortex SCLK 671823993 found at ml index: 1689710
2025-06-19 12:58:12,021 - __main__ - INFO - Processing vortex SCLK 671824646 found at ml index: 1690363
2025-06-19 12:58:12,060 - __main__ - INFO - Processing vortex SCLK 671825542 found at ml index: 1691259
2025-06-19 12:58:12,096 - __main__ - INFO - Processing vortex SCLK 671831605 found at ml index: 1697322
2025-06-19 12:58:12,132 - __main__ - INFO - Processing vortex SCLK 671834757 found at ml index: 1700474
2025-06-19 12:58:12,169 - __main__ - INFO - Processing vortex SCLK 671904824 found at ml index: 1740981
2025-06-19 12:58:12,208 - __main__ - INFO - Processing vortex SCLK 671909321 found at ml index: 1743885
2025-06-19 12:58:12,244 - __main__ - INFO - Processing vortex SCLK 671911350 found at ml index: 1745914
2025-06-19 12:58:12,280 - __main__ - INFO - Processing vortex SCLK 671913231 found at ml index: 1747795
2025-06-19 12:58:12,318 - __main__ - INFO - Processing vortex SCLK 671915681 found at ml index: 1750245
2025-06-19 12:58:12,354 - __main__ - INFO - Processing vortex SCLK 671916470 found at ml index: 1751034
2025-06-19 12:58:12,390 - __main__ - INFO - Processing vortex SCLK 671920779 found at ml index: 1755343
2025-06-19 12:58:12,429 - __main__ - INFO - Processing vortex SCLK 671921784 found at ml index: 1756348
2025-06-19 12:58:12,464 - __main__ - INFO - Processing vortex SCLK 671995990 found at ml index: 1801016
2025-06-19 12:58:12,500 - __main__ - INFO - Processing vortex SCLK 672002175 found at ml index: 1807201
2025-06-19 12:58:12,537 - __main__ - INFO - Processing vortex SCLK 672002362 found at ml index: 1807388
2025-06-19 12:58:12,576 - __main__ - INFO - Processing vortex SCLK 672104482 found at ml index: 1874652
2025-06-19 12:58:12,612 - __main__ - INFO - Processing vortex SCLK 672178090 found at ml index: 1921075
2025-06-19 12:58:12,650 - __main__ - INFO - Processing vortex SCLK 672180689 found at ml index: 1923674
2025-06-19 12:58:12,685 - __main__ - INFO - Processing vortex SCLK 672181444 found at ml index: 1924429
2025-06-19 12:58:12,723 - __main__ - INFO - Processing vortex SCLK 672182115 found at ml index: 1925100
2025-06-19 12:58:12,759 - __main__ - INFO - Processing vortex SCLK 672183596 found at ml index: 1926581
2025-06-19 12:58:12,797 - __main__ - INFO - Processing vortex SCLK 672185170 found at ml index: 1928155
2025-06-19 12:58:12,832 - __main__ - INFO - Processing vortex SCLK 672190662 found at ml index: 1931494
2025-06-19 12:58:12,870 - __main__ - INFO - Processing vortex SCLK 672267244 found at ml index: 1979457
2025-06-19 12:58:12,904 - __main__ - INFO - Processing vortex SCLK 672269283 found at ml index: 1981496
2025-06-19 12:58:12,941 - __main__ - INFO - Processing vortex SCLK 672269792 found at ml index: 1982005
2025-06-19 12:58:12,977 - __main__ - INFO - Processing vortex SCLK 672350659 found at ml index: 2035489
2025-06-19 12:58:13,014 - __main__ - INFO - Processing vortex SCLK 672352068 found at ml index: 2036898
2025-06-19 12:58:13,050 - __main__ - INFO - Processing vortex SCLK 672355502 found at ml index: 2040332
2025-06-19 12:58:13,084 - __main__ - INFO - Processing vortex SCLK 672357238 found at ml index: 2042068
2025-06-19 12:58:13,147 - __main__ - INFO - Processing vortex SCLK 672359382 found at ml index: 2044212
2025-06-19 12:58:13,186 - __main__ - INFO - Processing vortex SCLK 672362559 found at ml index: 2047389
2025-06-19 12:58:13,222 - __main__ - INFO - Processing vortex SCLK 672365510 found at ml index: 2050340
2025-06-19 12:58:13,261 - __main__ - INFO - Processing vortex SCLK 672365820 found at ml index: 2050650
2025-06-19 12:58:13,298 - __main__ - INFO - Processing vortex SCLK 672445220 found at ml index: 2096997
2025-06-19 12:58:13,334 - __main__ - INFO - Processing vortex SCLK 672445462 found at ml index: 2097239
2025-06-19 12:58:13,371 - __main__ - INFO - Processing vortex SCLK 672446338 found at ml index: 2098115
2025-06-19 12:58:13,407 - __main__ - INFO - Processing vortex SCLK 672528720 found at ml index: 2150565
2025-06-19 12:58:13,443 - __main__ - INFO - Processing vortex SCLK 672531916 found at ml index: 2153761
2025-06-19 12:58:13,480 - __main__ - WARNING - SCLK value 672538692 not found in ml data; skipping.
2025-06-19 12:58:13,482 - __main__ - WARNING - SCLK value 672546578 not found in ml data; skipping.
2025-06-19 12:58:13,484 - __main__ - WARNING - SCLK value 672548966 not found in ml data; skipping.
2025-06-19 12:58:13,487 - __main__ - WARNING - SCLK value 672621236 not found in ml data; skipping.
2025-06-19 12:58:13,489 - __main__ - WARNING - SCLK value 672622288 not found in ml data; skipping.
2025-06-19 12:58:13,491 - __main__ - WARNING - SCLK value 672624313 not found in ml data; skipping.
2025-06-19 12:58:13,493 - __main__ - WARNING - SCLK value 672624475 not found in ml data; skipping.
2025-06-19 12:58:13,496 - __main__ - WARNING - SCLK value 672626109 not found in ml data; skipping.
2025-06-19 12:58:13,498 - __main__ - WARNING - SCLK value 672626122 not found in ml data; skipping.
2025-06-19 12:58:13,500 - __main__ - WARNING - SCLK value 672706787 not found in ml data; skipping.
2025-06-19 12:58:13,502 - __main__ - WARNING - SCLK value 672709027 not found in ml data; skipping.
2025-06-19 12:58:13,504 - __main__ - WARNING - SCLK value 672711149 not found in ml data; skipping.
2025-06-19 12:58:13,507 - __main__ - WARNING - SCLK value 672711621 not found in ml data; skipping.
2025-06-19 12:58:13,509 - __main__ - WARNING - SCLK value 672713266 not found in ml data; skipping.
2025-06-19 12:58:13,511 - __main__ - WARNING - SCLK value 672713337 not found in ml data; skipping.
2025-06-19 12:58:13,514 - __main__ - WARNING - SCLK value 672715961 not found in ml data; skipping.
2025-06-19 12:58:13,516 - __main__ - WARNING - SCLK value 672718373 not found in ml data; skipping.
2025-06-19 12:58:13,518 - __main__ - WARNING - SCLK value 672719375 not found in ml data; skipping.
2025-06-19 12:58:13,520 - __main__ - WARNING - SCLK value 672721953 not found in ml data; skipping.
2025-06-19 12:58:13,522 - __main__ - WARNING - SCLK value 672801263 not found in ml data; skipping.
2025-06-19 12:58:13,524 - __main__ - WARNING - SCLK value 672801630 not found in ml data; skipping.
2025-06-19 12:58:13,528 - __main__ - WARNING - SCLK value 672804797 not found in ml data; skipping.
2025-06-19 12:58:13,530 - __main__ - WARNING - SCLK value 672884603 not found in ml data; skipping.
2025-06-19 12:58:13,533 - __main__ - WARNING - SCLK value 672884933 not found in ml data; skipping.
2025-06-19 12:58:13,534 - __main__ - WARNING - SCLK value 672885216 not found in ml data; skipping.
2025-06-19 12:58:13,537 - __main__ - WARNING - SCLK value 672889286 not found in ml data; skipping.
2025-06-19 12:58:13,539 - __main__ - WARNING - SCLK value 672890283 not found in ml data; skipping.
2025-06-19 12:58:13,541 - __main__ - WARNING - SCLK value 672894510 not found in ml data; skipping.
2025-06-19 12:58:13,544 - __main__ - WARNING - SCLK value 672964384 not found in ml data; skipping.
2025-06-19 12:58:13,546 - __main__ - WARNING - SCLK value 672973742 not found in ml data; skipping.
2025-06-19 12:58:13,548 - __main__ - WARNING - SCLK value 672976272 not found in ml data; skipping.
2025-06-19 12:58:13,550 - __main__ - WARNING - SCLK value 672979607 not found in ml data; skipping.
2025-06-19 12:58:13,552 - __main__ - WARNING - SCLK value 672983982 not found in ml data; skipping.
2025-06-19 12:58:13,555 - __main__ - WARNING - SCLK value 672984068 not found in ml data; skipping.
2025-06-19 12:58:13,557 - __main__ - WARNING - SCLK value 672984973 not found in ml data; skipping.
2025-06-19 12:58:13,559 - __main__ - WARNING - SCLK value 672985340 not found in ml data; skipping.
2025-06-19 12:58:13,562 - __main__ - WARNING - SCLK value 673068974 not found in ml data; skipping.
2025-06-19 12:58:13,564 - __main__ - WARNING - SCLK value 673072073 not found in ml data; skipping.
2025-06-19 12:58:13,567 - __main__ - WARNING - SCLK value 673076429 not found in ml data; skipping.
2025-06-19 12:58:13,569 - __main__ - WARNING - SCLK value 673078972 not found in ml data; skipping.
2025-06-19 12:58:13,571 - __main__ - WARNING - SCLK value 673147721 not found in ml data; skipping.
2025-06-19 12:58:13,573 - __main__ - WARNING - SCLK value 673240962 not found in ml data; skipping.
2025-06-19 12:58:13,576 - __main__ - WARNING - SCLK value 673242020 not found in ml data; skipping.
2025-06-19 12:58:13,578 - __main__ - WARNING - SCLK value 673243964 not found in ml data; skipping.
2025-06-19 12:58:13,580 - __main__ - WARNING - SCLK value 673245884 not found in ml data; skipping.
2025-06-19 12:58:13,583 - __main__ - WARNING - SCLK value 673251635 not found in ml data; skipping.
2025-06-19 12:58:13,586 - __main__ - WARNING - SCLK value 673254242 not found in ml data; skipping.
2025-06-19 12:58:13,588 - __main__ - WARNING - SCLK value 673328658 not found in ml data; skipping.
2025-06-19 12:58:13,590 - __main__ - WARNING - SCLK value 673329003 not found in ml data; skipping.
2025-06-19 12:58:13,593 - __main__ - WARNING - SCLK value 673332835 not found in ml data; skipping.
2025-06-19 12:58:13,595 - __main__ - WARNING - SCLK value 673332863 not found in ml data; skipping.
2025-06-19 12:58:13,597 - __main__ - WARNING - SCLK value 673334070 not found in ml data; skipping.
2025-06-19 12:58:13,600 - __main__ - WARNING - SCLK value 673334708 not found in ml data; skipping.
2025-06-19 12:58:13,602 - __main__ - WARNING - SCLK value 673338788 not found in ml data; skipping.
2025-06-19 12:58:13,604 - __main__ - WARNING - SCLK value 673340481 not found in ml data; skipping.
2025-06-19 12:58:13,607 - __main__ - WARNING - SCLK value 673344227 not found in ml data; skipping.
2025-06-19 12:58:13,609 - __main__ - WARNING - SCLK value 673424713 not found in ml data; skipping.
2025-06-19 12:58:13,612 - __main__ - WARNING - SCLK value 673429348 not found in ml data; skipping.
2025-06-19 12:58:13,614 - __main__ - WARNING - SCLK value 673500853 not found in ml data; skipping.
2025-06-19 12:58:13,616 - __main__ - WARNING - SCLK value 673512599 not found in ml data; skipping.
2025-06-19 12:58:13,618 - __main__ - WARNING - SCLK value 673513373 not found in ml data; skipping.
2025-06-19 12:58:13,620 - __main__ - WARNING - SCLK value 673514725 not found in ml data; skipping.
2025-06-19 12:58:13,622 - __main__ - WARNING - SCLK value 673594180 not found in ml data; skipping.
2025-06-19 12:58:13,626 - __main__ - WARNING - SCLK value 673597335 not found in ml data; skipping.
2025-06-19 12:58:13,628 - __main__ - WARNING - SCLK value 673598754 not found in ml data; skipping.
2025-06-19 12:58:13,631 - __main__ - WARNING - SCLK value 673606937 not found in ml data; skipping.
2025-06-19 12:58:13,633 - __main__ - WARNING - SCLK value 673680243 not found in ml data; skipping.
2025-06-19 12:58:13,634 - __main__ - WARNING - SCLK value 673681579 not found in ml data; skipping.
2025-06-19 12:58:13,637 - __main__ - WARNING - SCLK value 673685675 not found in ml data; skipping.
2025-06-19 12:58:13,640 - __main__ - WARNING - SCLK value 673694236 not found in ml data; skipping.
2025-06-19 12:58:13,642 - __main__ - WARNING - SCLK value 673694529 not found in ml data; skipping.
2025-06-19 12:58:13,644 - __main__ - WARNING - SCLK value 673773378 not found in ml data; skipping.
2025-06-19 12:58:13,646 - __main__ - WARNING - SCLK value 673779637 not found in ml data; skipping.
2025-06-19 12:58:13,648 - __main__ - WARNING - SCLK value 673781075 not found in ml data; skipping.
2025-06-19 12:58:13,650 - __main__ - WARNING - SCLK value 673858855 not found in ml data; skipping.
2025-06-19 12:58:13,653 - __main__ - WARNING - SCLK value 673863604 not found in ml data; skipping.
2025-06-19 12:58:13,655 - __main__ - WARNING - SCLK value 673865805 not found in ml data; skipping.
2025-06-19 12:58:13,657 - __main__ - WARNING - SCLK value 673874053 not found in ml data; skipping.
2025-06-19 12:58:13,660 - __main__ - WARNING - SCLK value 673948338 not found in ml data; skipping.
2025-06-19 12:58:13,662 - __main__ - WARNING - SCLK value 673951488 not found in ml data; skipping.
2025-06-19 12:58:13,664 - __main__ - WARNING - SCLK value 673955512 not found in ml data; skipping.
2025-06-19 12:58:13,667 - __main__ - WARNING - SCLK value 673958960 not found in ml data; skipping.
2025-06-19 12:58:13,669 - __main__ - WARNING - SCLK value 674041445 not found in ml data; skipping.
2025-06-19 12:58:13,671 - __main__ - WARNING - SCLK value 674042999 not found in ml data; skipping.
2025-06-19 12:58:13,673 - __main__ - WARNING - SCLK value 674044064 not found in ml data; skipping.
2025-06-19 12:58:13,676 - __main__ - WARNING - SCLK value 674051268 not found in ml data; skipping.
2025-06-19 12:58:13,678 - __main__ - WARNING - SCLK value 674056174 not found in ml data; skipping.
2025-06-19 12:58:13,680 - __main__ - WARNING - SCLK value 674122081 not found in ml data; skipping.
2025-06-19 12:58:13,682 - __main__ - WARNING - SCLK value 674128125 not found in ml data; skipping.
2025-06-19 12:58:13,685 - __main__ - WARNING - SCLK value 674128981 not found in ml data; skipping.
2025-06-19 12:58:13,686 - __main__ - WARNING - SCLK value 674133319 not found in ml data; skipping.
2025-06-19 12:58:13,689 - __main__ - WARNING - SCLK value 674140571 not found in ml data; skipping.
2025-06-19 12:58:13,691 - __main__ - WARNING - SCLK value 674213517 not found in ml data; skipping.
2025-06-19 12:58:13,693 - __main__ - WARNING - SCLK value 674218894 not found in ml data; skipping.
2025-06-19 12:58:13,696 - __main__ - WARNING - SCLK value 674228677 not found in ml data; skipping.
2025-06-19 12:58:13,698 - __main__ - WARNING - SCLK value 674304877 not found in ml data; skipping.
2025-06-19 12:58:13,700 - __main__ - WARNING - SCLK value 674307030 not found in ml data; skipping.
2025-06-19 12:58:13,702 - __main__ - WARNING - SCLK value 674307104 not found in ml data; skipping.
2025-06-19 12:58:13,705 - __main__ - WARNING - SCLK value 674317907 not found in ml data; skipping.
2025-06-19 12:58:13,707 - __main__ - WARNING - SCLK value 674398187 not found in ml data; skipping.
2025-06-19 12:58:13,709 - __main__ - WARNING - SCLK value 674410494 not found in ml data; skipping.
2025-06-19 12:58:13,711 - __main__ - WARNING - SCLK value 674482627 not found in ml data; skipping.
2025-06-19 12:58:13,713 - __main__ - WARNING - SCLK value 674483906 not found in ml data; skipping.
2025-06-19 12:58:13,716 - __main__ - WARNING - SCLK value 674484439 not found in ml data; skipping.
2025-06-19 12:58:13,718 - __main__ - WARNING - SCLK value 674491238 not found in ml data; skipping.
2025-06-19 12:58:13,720 - __main__ - WARNING - SCLK value 674492008 not found in ml data; skipping.
2025-06-19 12:58:13,722 - __main__ - WARNING - SCLK value 674497424 not found in ml data; skipping.
2025-06-19 12:58:13,724 - __main__ - WARNING - SCLK value 674498121 not found in ml data; skipping.
2025-06-19 12:58:13,726 - __main__ - WARNING - SCLK value 674568708 not found in ml data; skipping.
2025-06-19 12:58:13,728 - __main__ - WARNING - SCLK value 674573756 not found in ml data; skipping.
2025-06-19 12:58:13,730 - __main__ - WARNING - SCLK value 674575721 not found in ml data; skipping.
2025-06-19 12:58:13,732 - __main__ - WARNING - SCLK value 674582484 not found in ml data; skipping.
2025-06-19 12:58:13,735 - __main__ - WARNING - SCLK value 674666247 not found in ml data; skipping.
2025-06-19 12:58:13,737 - __main__ - WARNING - SCLK value 674666809 not found in ml data; skipping.
2025-06-19 12:58:13,739 - __main__ - WARNING - SCLK value 674667232 not found in ml data; skipping.
2025-06-19 12:58:13,741 - __main__ - WARNING - SCLK value 674669243 not found in ml data; skipping.
2025-06-19 12:58:13,743 - __main__ - WARNING - SCLK value 674751396 not found in ml data; skipping.
2025-06-19 12:58:13,745 - __main__ - WARNING - SCLK value 674837510 not found in ml data; skipping.
2025-06-19 12:58:13,747 - __main__ - WARNING - SCLK value 674845274 not found in ml data; skipping.
2025-06-19 12:58:13,749 - __main__ - WARNING - SCLK value 674846962 not found in ml data; skipping.
2025-06-19 12:58:13,752 - __main__ - WARNING - SCLK value 674850855 not found in ml data; skipping.
2025-06-19 12:58:13,839 - __main__ - INFO - Processing validation data around vortex events...
2025-06-19 12:58:13,841 - __main__ - WARNING - SCLK value 668288145 not found in ml data; skipping.
2025-06-19 12:58:13,842 - __main__ - WARNING - SCLK value 668288356 not found in ml data; skipping.
2025-06-19 12:58:13,843 - __main__ - WARNING - SCLK value 668363851 not found in ml data; skipping.
2025-06-19 12:58:13,843 - __main__ - WARNING - SCLK value 668370696 not found in ml data; skipping.
2025-06-19 12:58:13,844 - __main__ - WARNING - SCLK value 668373458 not found in ml data; skipping.
2025-06-19 12:58:13,845 - __main__ - WARNING - SCLK value 668450709 not found in ml data; skipping.
2025-06-19 12:58:13,846 - __main__ - WARNING - SCLK value 668451679 not found in ml data; skipping.
2025-06-19 12:58:13,848 - __main__ - WARNING - SCLK value 668465594 not found in ml data; skipping.
2025-06-19 12:58:13,849 - __main__ - WARNING - SCLK value 668471362 not found in ml data; skipping.
2025-06-19 12:58:13,849 - __main__ - WARNING - SCLK value 668534767 not found in ml data; skipping.
2025-06-19 12:58:13,850 - __main__ - WARNING - SCLK value 668540964 not found in ml data; skipping.
2025-06-19 12:58:13,851 - __main__ - WARNING - SCLK value 668541515 not found in ml data; skipping.
2025-06-19 12:58:13,852 - __main__ - WARNING - SCLK value 668542064 not found in ml data; skipping.
2025-06-19 12:58:13,852 - __main__ - WARNING - SCLK value 668542340 not found in ml data; skipping.
2025-06-19 12:58:13,853 - __main__ - WARNING - SCLK value 668551101 not found in ml data; skipping.
2025-06-19 12:58:13,854 - __main__ - WARNING - SCLK value 668555682 not found in ml data; skipping.
2025-06-19 12:58:13,855 - __main__ - WARNING - SCLK value 668556124 not found in ml data; skipping.
2025-06-19 12:58:13,856 - __main__ - WARNING - SCLK value 668557517 not found in ml data; skipping.
2025-06-19 12:58:13,857 - __main__ - WARNING - SCLK value 668716847 not found in ml data; skipping.
2025-06-19 12:58:13,857 - __main__ - WARNING - SCLK value 668723694 not found in ml data; skipping.
2025-06-19 12:58:13,858 - __main__ - WARNING - SCLK value 668801790 not found in ml data; skipping.
2025-06-19 12:58:13,859 - __main__ - WARNING - SCLK value 668808927 not found in ml data; skipping.
2025-06-19 12:58:13,859 - __main__ - WARNING - SCLK value 668810541 not found in ml data; skipping.
2025-06-19 12:58:13,860 - __main__ - WARNING - SCLK value 668811652 not found in ml data; skipping.
2025-06-19 12:58:13,861 - __main__ - WARNING - SCLK value 668816129 not found in ml data; skipping.
2025-06-19 12:58:13,862 - __main__ - WARNING - SCLK value 669426485 not found in ml data; skipping.
2025-06-19 12:58:13,863 - __main__ - WARNING - SCLK value 669427340 not found in ml data; skipping.
2025-06-19 12:58:13,863 - __main__ - WARNING - SCLK value 669434405 not found in ml data; skipping.
2025-06-19 12:58:13,864 - __main__ - WARNING - SCLK value 669434703 not found in ml data; skipping.
2025-06-19 12:58:13,864 - __main__ - WARNING - SCLK value 669518763 not found in ml data; skipping.
2025-06-19 12:58:13,866 - __main__ - WARNING - SCLK value 669519478 not found in ml data; skipping.
2025-06-19 12:58:13,867 - __main__ - WARNING - SCLK value 669531860 not found in ml data; skipping.
2025-06-19 12:58:13,867 - __main__ - WARNING - SCLK value 669626803 not found in ml data; skipping.
2025-06-19 12:58:13,868 - __main__ - WARNING - SCLK value 669688619 not found in ml data; skipping.
2025-06-19 12:58:13,869 - __main__ - WARNING - SCLK value 669690018 not found in ml data; skipping.
2025-06-19 12:58:13,870 - __main__ - WARNING - SCLK value 669690620 not found in ml data; skipping.
2025-06-19 12:58:13,871 - __main__ - WARNING - SCLK value 669704197 not found in ml data; skipping.
2025-06-19 12:58:13,871 - __main__ - WARNING - SCLK value 669779409 not found in ml data; skipping.
2025-06-19 12:58:13,872 - __main__ - WARNING - SCLK value 669780445 not found in ml data; skipping.
2025-06-19 12:58:13,873 - __main__ - WARNING - SCLK value 669787866 not found in ml data; skipping.
2025-06-19 12:58:13,873 - __main__ - WARNING - SCLK value 669787881 not found in ml data; skipping.
2025-06-19 12:58:13,875 - __main__ - WARNING - SCLK value 669870405 not found in ml data; skipping.
2025-06-19 12:58:13,876 - __main__ - WARNING - SCLK value 669873580 not found in ml data; skipping.
2025-06-19 12:58:13,876 - __main__ - WARNING - SCLK value 669882031 not found in ml data; skipping.
2025-06-19 12:58:13,877 - __main__ - WARNING - SCLK value 669886865 not found in ml data; skipping.
2025-06-19 12:58:13,878 - __main__ - WARNING - SCLK value 669958088 not found in ml data; skipping.
2025-06-19 12:58:13,878 - __main__ - WARNING - SCLK value 669959376 not found in ml data; skipping.
2025-06-19 12:58:13,879 - __main__ - WARNING - SCLK value 669959712 not found in ml data; skipping.
2025-06-19 12:58:13,880 - __main__ - WARNING - SCLK value 669960008 not found in ml data; skipping.
2025-06-19 12:58:13,880 - __main__ - WARNING - SCLK value 669960347 not found in ml data; skipping.
2025-06-19 12:58:13,881 - __main__ - WARNING - SCLK value 669962940 not found in ml data; skipping.
2025-06-19 12:58:13,882 - __main__ - WARNING - SCLK value 669964312 not found in ml data; skipping.
2025-06-19 12:58:13,883 - __main__ - WARNING - SCLK value 669965150 not found in ml data; skipping.
2025-06-19 12:58:13,883 - __main__ - WARNING - SCLK value 669971696 not found in ml data; skipping.
2025-06-19 12:58:13,884 - __main__ - WARNING - SCLK value 670046942 not found in ml data; skipping.
2025-06-19 12:58:13,884 - __main__ - WARNING - SCLK value 670047546 not found in ml data; skipping.
2025-06-19 12:58:13,886 - __main__ - WARNING - SCLK value 670055611 not found in ml data; skipping.
2025-06-19 12:58:13,887 - __main__ - WARNING - SCLK value 670129653 not found in ml data; skipping.
2025-06-19 12:58:13,887 - __main__ - WARNING - SCLK value 670136668 not found in ml data; skipping.
2025-06-19 12:58:13,888 - __main__ - WARNING - SCLK value 670138695 not found in ml data; skipping.
2025-06-19 12:58:13,889 - __main__ - WARNING - SCLK value 670225439 not found in ml data; skipping.
2025-06-19 12:58:13,889 - __main__ - WARNING - SCLK value 670232335 not found in ml data; skipping.
2025-06-19 12:58:13,890 - __main__ - WARNING - SCLK value 670232986 not found in ml data; skipping.
2025-06-19 12:58:13,891 - __main__ - WARNING - SCLK value 670233871 not found in ml data; skipping.
2025-06-19 12:58:13,892 - __main__ - WARNING - SCLK value 670313772 not found in ml data; skipping.
2025-06-19 12:58:13,892 - __main__ - WARNING - SCLK value 670315385 not found in ml data; skipping.
2025-06-19 12:58:13,893 - __main__ - WARNING - SCLK value 670317790 not found in ml data; skipping.
2025-06-19 12:58:13,894 - __main__ - WARNING - SCLK value 670321691 not found in ml data; skipping.
2025-06-19 12:58:13,894 - __main__ - WARNING - SCLK value 670325686 not found in ml data; skipping.
2025-06-19 12:58:13,895 - __main__ - WARNING - SCLK value 670329256 not found in ml data; skipping.
2025-06-19 12:58:13,895 - __main__ - WARNING - SCLK value 670398725 not found in ml data; skipping.
2025-06-19 12:58:13,896 - __main__ - WARNING - SCLK value 670402854 not found in ml data; skipping.
2025-06-19 12:58:13,897 - __main__ - WARNING - SCLK value 670403870 not found in ml data; skipping.
2025-06-19 12:58:13,898 - __main__ - WARNING - SCLK value 670409834 not found in ml data; skipping.
2025-06-19 12:58:13,899 - __main__ - WARNING - SCLK value 670412275 not found in ml data; skipping.
2025-06-19 12:58:13,899 - __main__ - WARNING - SCLK value 670412326 not found in ml data; skipping.
2025-06-19 12:58:13,900 - __main__ - WARNING - SCLK value 670578458 not found in ml data; skipping.
2025-06-19 12:58:13,901 - __main__ - WARNING - SCLK value 670580613 not found in ml data; skipping.
2025-06-19 12:58:13,902 - __main__ - WARNING - SCLK value 670584569 not found in ml data; skipping.
2025-06-19 12:58:13,902 - __main__ - WARNING - SCLK value 670584657 not found in ml data; skipping.
2025-06-19 12:58:13,904 - __main__ - WARNING - SCLK value 670587674 not found in ml data; skipping.
2025-06-19 12:58:13,905 - __main__ - WARNING - SCLK value 670594461 not found in ml data; skipping.
2025-06-19 12:58:13,906 - __main__ - WARNING - SCLK value 670841835 not found in ml data; skipping.
2025-06-19 12:58:13,906 - __main__ - WARNING - SCLK value 670842459 not found in ml data; skipping.
2025-06-19 12:58:13,907 - __main__ - WARNING - SCLK value 670849047 not found in ml data; skipping.
2025-06-19 12:58:13,907 - __main__ - WARNING - SCLK value 670852738 not found in ml data; skipping.
2025-06-19 12:58:13,908 - __main__ - WARNING - SCLK value 670856365 not found in ml data; skipping.
2025-06-19 12:58:13,909 - __main__ - WARNING - SCLK value 670859755 not found in ml data; skipping.
2025-06-19 12:58:13,910 - __main__ - WARNING - SCLK value 670870370 not found in ml data; skipping.
2025-06-19 12:58:13,911 - __main__ - WARNING - SCLK value 670929808 not found in ml data; skipping.
2025-06-19 12:58:13,911 - __main__ - WARNING - SCLK value 670930554 not found in ml data; skipping.
2025-06-19 12:58:13,912 - __main__ - WARNING - SCLK value 670933108 not found in ml data; skipping.
2025-06-19 12:58:13,913 - __main__ - WARNING - SCLK value 670934582 not found in ml data; skipping.
2025-06-19 12:58:13,914 - __main__ - WARNING - SCLK value 670938327 not found in ml data; skipping.
2025-06-19 12:58:13,914 - __main__ - WARNING - SCLK value 670938389 not found in ml data; skipping.
2025-06-19 12:58:13,914 - __main__ - WARNING - SCLK value 670940703 not found in ml data; skipping.
2025-06-19 12:58:13,916 - __main__ - WARNING - SCLK value 670945386 not found in ml data; skipping.
2025-06-19 12:58:13,917 - __main__ - WARNING - SCLK value 670961352 not found in ml data; skipping.
2025-06-19 12:58:13,918 - __main__ - WARNING - SCLK value 671024106 not found in ml data; skipping.
2025-06-19 12:58:13,919 - __main__ - WARNING - SCLK value 671027864 not found in ml data; skipping.
2025-06-19 12:58:13,920 - __main__ - WARNING - SCLK value 671027972 not found in ml data; skipping.
2025-06-19 12:58:13,920 - __main__ - WARNING - SCLK value 671033906 not found in ml data; skipping.
2025-06-19 12:58:13,921 - __main__ - WARNING - SCLK value 671039200 not found in ml data; skipping.
2025-06-19 12:58:13,922 - __main__ - WARNING - SCLK value 671109364 not found in ml data; skipping.
2025-06-19 12:58:13,923 - __main__ - WARNING - SCLK value 671113914 not found in ml data; skipping.
2025-06-19 12:58:13,924 - __main__ - WARNING - SCLK value 671114679 not found in ml data; skipping.
2025-06-19 12:58:13,925 - __main__ - WARNING - SCLK value 671115255 not found in ml data; skipping.
2025-06-19 12:58:13,925 - __main__ - WARNING - SCLK value 671115289 not found in ml data; skipping.
2025-06-19 12:58:13,926 - __main__ - WARNING - SCLK value 671120289 not found in ml data; skipping.
2025-06-19 12:58:13,927 - __main__ - WARNING - SCLK value 671126006 not found in ml data; skipping.
2025-06-19 12:58:13,928 - __main__ - WARNING - SCLK value 671126607 not found in ml data; skipping.
2025-06-19 12:58:13,928 - __main__ - WARNING - SCLK value 671127245 not found in ml data; skipping.
2025-06-19 12:58:13,929 - __main__ - WARNING - SCLK value 671139428 not found in ml data; skipping.
2025-06-19 12:58:13,930 - __main__ - WARNING - SCLK value 671204280 not found in ml data; skipping.
2025-06-19 12:58:13,930 - __main__ - WARNING - SCLK value 671213291 not found in ml data; skipping.
2025-06-19 12:58:13,931 - __main__ - WARNING - SCLK value 671214052 not found in ml data; skipping.
2025-06-19 12:58:13,932 - __main__ - WARNING - SCLK value 671224977 not found in ml data; skipping.
2025-06-19 12:58:13,933 - __main__ - WARNING - SCLK value 671291649 not found in ml data; skipping.
2025-06-19 12:58:13,933 - __main__ - WARNING - SCLK value 671294608 not found in ml data; skipping.
2025-06-19 12:58:13,934 - __main__ - WARNING - SCLK value 671302478 not found in ml data; skipping.
2025-06-19 12:58:13,934 - __main__ - WARNING - SCLK value 671302909 not found in ml data; skipping.
2025-06-19 12:58:13,936 - __main__ - WARNING - SCLK value 671308300 not found in ml data; skipping.
2025-06-19 12:58:13,936 - __main__ - WARNING - SCLK value 671376036 not found in ml data; skipping.
2025-06-19 12:58:13,937 - __main__ - WARNING - SCLK value 671376059 not found in ml data; skipping.
2025-06-19 12:58:13,938 - __main__ - WARNING - SCLK value 671376348 not found in ml data; skipping.
2025-06-19 12:58:13,939 - __main__ - WARNING - SCLK value 671376844 not found in ml data; skipping.
2025-06-19 12:58:13,940 - __main__ - WARNING - SCLK value 671377912 not found in ml data; skipping.
2025-06-19 12:58:13,940 - __main__ - WARNING - SCLK value 671379183 not found in ml data; skipping.
2025-06-19 12:58:13,941 - __main__ - WARNING - SCLK value 671384112 not found in ml data; skipping.
2025-06-19 12:58:13,942 - __main__ - WARNING - SCLK value 671391076 not found in ml data; skipping.
2025-06-19 12:58:13,942 - __main__ - WARNING - SCLK value 671395245 not found in ml data; skipping.
2025-06-19 12:58:13,943 - __main__ - WARNING - SCLK value 671466934 not found in ml data; skipping.
2025-06-19 12:58:13,944 - __main__ - WARNING - SCLK value 671468200 not found in ml data; skipping.
2025-06-19 12:58:13,945 - __main__ - WARNING - SCLK value 671559311 not found in ml data; skipping.
2025-06-19 12:58:13,946 - __main__ - WARNING - SCLK value 671560213 not found in ml data; skipping.
2025-06-19 12:58:13,946 - __main__ - WARNING - SCLK value 671561065 not found in ml data; skipping.
2025-06-19 12:58:13,947 - __main__ - WARNING - SCLK value 671563881 not found in ml data; skipping.
2025-06-19 12:58:13,947 - __main__ - WARNING - SCLK value 671570327 not found in ml data; skipping.
2025-06-19 12:58:13,948 - __main__ - WARNING - SCLK value 671641441 not found in ml data; skipping.
2025-06-19 12:58:13,949 - __main__ - WARNING - SCLK value 671644549 not found in ml data; skipping.
2025-06-19 12:58:13,949 - __main__ - WARNING - SCLK value 671645443 not found in ml data; skipping.
2025-06-19 12:58:13,950 - __main__ - WARNING - SCLK value 671648210 not found in ml data; skipping.
2025-06-19 12:58:13,951 - __main__ - WARNING - SCLK value 671656101 not found in ml data; skipping.
2025-06-19 12:58:13,952 - __main__ - WARNING - SCLK value 671731643 not found in ml data; skipping.
2025-06-19 12:58:13,953 - __main__ - WARNING - SCLK value 671740824 not found in ml data; skipping.
2025-06-19 12:58:13,954 - __main__ - WARNING - SCLK value 671746873 not found in ml data; skipping.
2025-06-19 12:58:13,954 - __main__ - WARNING - SCLK value 671823162 not found in ml data; skipping.
2025-06-19 12:58:13,956 - __main__ - WARNING - SCLK value 671823654 not found in ml data; skipping.
2025-06-19 12:58:13,956 - __main__ - WARNING - SCLK value 671823993 not found in ml data; skipping.
2025-06-19 12:58:13,957 - __main__ - WARNING - SCLK value 671824646 not found in ml data; skipping.
2025-06-19 12:58:13,957 - __main__ - WARNING - SCLK value 671825542 not found in ml data; skipping.
2025-06-19 12:58:13,958 - __main__ - WARNING - SCLK value 671831605 not found in ml data; skipping.
2025-06-19 12:58:13,959 - __main__ - WARNING - SCLK value 671834757 not found in ml data; skipping.
2025-06-19 12:58:13,960 - __main__ - WARNING - SCLK value 671904824 not found in ml data; skipping.
2025-06-19 12:58:13,961 - __main__ - WARNING - SCLK value 671909321 not found in ml data; skipping.
2025-06-19 12:58:13,961 - __main__ - WARNING - SCLK value 671911350 not found in ml data; skipping.
2025-06-19 12:58:13,962 - __main__ - WARNING - SCLK value 671913231 not found in ml data; skipping.
2025-06-19 12:58:13,962 - __main__ - WARNING - SCLK value 671915681 not found in ml data; skipping.
2025-06-19 12:58:13,963 - __main__ - WARNING - SCLK value 671916470 not found in ml data; skipping.
2025-06-19 12:58:13,964 - __main__ - WARNING - SCLK value 671920779 not found in ml data; skipping.
2025-06-19 12:58:13,964 - __main__ - WARNING - SCLK value 671921784 not found in ml data; skipping.
2025-06-19 12:58:13,966 - __main__ - WARNING - SCLK value 671995990 not found in ml data; skipping.
2025-06-19 12:58:13,967 - __main__ - WARNING - SCLK value 672002175 not found in ml data; skipping.
2025-06-19 12:58:13,968 - __main__ - WARNING - SCLK value 672002362 not found in ml data; skipping.
2025-06-19 12:58:13,969 - __main__ - WARNING - SCLK value 672104482 not found in ml data; skipping.
2025-06-19 12:58:13,969 - __main__ - WARNING - SCLK value 672178090 not found in ml data; skipping.
2025-06-19 12:58:13,970 - __main__ - WARNING - SCLK value 672180689 not found in ml data; skipping.
2025-06-19 12:58:13,970 - __main__ - WARNING - SCLK value 672181444 not found in ml data; skipping.
2025-06-19 12:58:13,971 - __main__ - WARNING - SCLK value 672182115 not found in ml data; skipping.
2025-06-19 12:58:13,972 - __main__ - WARNING - SCLK value 672183596 not found in ml data; skipping.
2025-06-19 12:58:13,973 - __main__ - WARNING - SCLK value 672185170 not found in ml data; skipping.
2025-06-19 12:58:13,974 - __main__ - WARNING - SCLK value 672190662 not found in ml data; skipping.
2025-06-19 12:58:13,974 - __main__ - WARNING - SCLK value 672267244 not found in ml data; skipping.
2025-06-19 12:58:13,975 - __main__ - WARNING - SCLK value 672269283 not found in ml data; skipping.
2025-06-19 12:58:13,976 - __main__ - WARNING - SCLK value 672269792 not found in ml data; skipping.
2025-06-19 12:58:13,976 - __main__ - WARNING - SCLK value 672350659 not found in ml data; skipping.
2025-06-19 12:58:13,977 - __main__ - WARNING - SCLK value 672352068 not found in ml data; skipping.
2025-06-19 12:58:13,977 - __main__ - WARNING - SCLK value 672355502 not found in ml data; skipping.
2025-06-19 12:58:13,978 - __main__ - WARNING - SCLK value 672357238 not found in ml data; skipping.
2025-06-19 12:58:13,979 - __main__ - WARNING - SCLK value 672359382 not found in ml data; skipping.
2025-06-19 12:58:13,980 - __main__ - WARNING - SCLK value 672362559 not found in ml data; skipping.
2025-06-19 12:58:13,981 - __main__ - WARNING - SCLK value 672365510 not found in ml data; skipping.
2025-06-19 12:58:13,981 - __main__ - WARNING - SCLK value 672365820 not found in ml data; skipping.
2025-06-19 12:58:13,983 - __main__ - WARNING - SCLK value 672445220 not found in ml data; skipping.
2025-06-19 12:58:13,983 - __main__ - WARNING - SCLK value 672445462 not found in ml data; skipping.
2025-06-19 12:58:13,984 - __main__ - WARNING - SCLK value 672446338 not found in ml data; skipping.
2025-06-19 12:58:13,986 - __main__ - WARNING - SCLK value 672528720 not found in ml data; skipping.
2025-06-19 12:58:13,986 - __main__ - WARNING - SCLK value 672531916 not found in ml data; skipping.
2025-06-19 12:58:13,987 - __main__ - INFO - Processing vortex SCLK 672538692 found at ml index: 2160537
2025-06-19 12:58:13,989 - __main__ - INFO - Processing vortex SCLK 672546578 found at ml index: 2165928
2025-06-19 12:58:13,990 - __main__ - INFO - Processing vortex SCLK 672548966 found at ml index: 2168316
2025-06-19 12:58:13,991 - __main__ - INFO - Processing vortex SCLK 672621236 found at ml index: 2212733
2025-06-19 12:58:13,992 - __main__ - INFO - Processing vortex SCLK 672622288 found at ml index: 2213785
2025-06-19 12:58:13,993 - __main__ - INFO - Processing vortex SCLK 672624313 found at ml index: 2215810
2025-06-19 12:58:13,994 - __main__ - INFO - Processing vortex SCLK 672624475 found at ml index: 2215972
2025-06-19 12:58:13,995 - __main__ - INFO - Processing vortex SCLK 672626109 found at ml index: 2217606
2025-06-19 12:58:13,996 - __main__ - INFO - Processing vortex SCLK 672626122 found at ml index: 2217619
2025-06-19 12:58:13,997 - __main__ - INFO - Processing vortex SCLK 672706787 found at ml index: 2270942
2025-06-19 12:58:13,998 - __main__ - INFO - Processing vortex SCLK 672709027 found at ml index: 2273182
2025-06-19 12:58:13,999 - __main__ - INFO - Processing vortex SCLK 672711149 found at ml index: 2275304
2025-06-19 12:58:14,000 - __main__ - INFO - Processing vortex SCLK 672711621 found at ml index: 2275776
2025-06-19 12:58:14,002 - __main__ - INFO - Processing vortex SCLK 672713266 found at ml index: 2277421
2025-06-19 12:58:14,003 - __main__ - INFO - Processing vortex SCLK 672713337 found at ml index: 2277492
2025-06-19 12:58:14,004 - __main__ - INFO - Processing vortex SCLK 672715961 found at ml index: 2280116
2025-06-19 12:58:14,005 - __main__ - INFO - Processing vortex SCLK 672718373 found at ml index: 2282528
2025-06-19 12:58:14,006 - __main__ - INFO - Processing vortex SCLK 672719375 found at ml index: 2283530
2025-06-19 12:58:14,007 - __main__ - INFO - Processing vortex SCLK 672721953 found at ml index: 2286108
2025-06-19 12:58:14,008 - __main__ - INFO - Processing vortex SCLK 672801263 found at ml index: 2334241
2025-06-19 12:58:14,009 - __main__ - INFO - Processing vortex SCLK 672801630 found at ml index: 2334608
2025-06-19 12:58:14,010 - __main__ - INFO - Processing vortex SCLK 672804797 found at ml index: 2337775
2025-06-19 12:58:14,011 - __main__ - INFO - Processing vortex SCLK 672884603 found at ml index: 2387935
2025-06-19 12:58:14,013 - __main__ - INFO - Processing vortex SCLK 672884933 found at ml index: 2388265
2025-06-19 12:58:14,014 - __main__ - INFO - Processing vortex SCLK 672885216 found at ml index: 2388548
2025-06-19 12:58:14,016 - __main__ - INFO - Processing vortex SCLK 672889286 found at ml index: 2392618
2025-06-19 12:58:14,017 - __main__ - INFO - Processing vortex SCLK 672890283 found at ml index: 2393615
2025-06-19 12:58:14,018 - __main__ - INFO - Processing vortex SCLK 672894510 found at ml index: 2397842
2025-06-19 12:58:14,019 - __main__ - INFO - Processing vortex SCLK 672964384 found at ml index: 2443850
2025-06-19 12:58:14,020 - __main__ - INFO - Processing vortex SCLK 672973742 found at ml index: 2448162
2025-06-19 12:58:14,021 - __main__ - INFO - Processing vortex SCLK 672976272 found at ml index: 2450692
2025-06-19 12:58:14,023 - __main__ - INFO - Processing vortex SCLK 672979607 found at ml index: 2454027
2025-06-19 12:58:14,024 - __main__ - INFO - Processing vortex SCLK 672983982 found at ml index: 2458402
2025-06-19 12:58:14,025 - __main__ - INFO - Processing vortex SCLK 672984068 found at ml index: 2458488
2025-06-19 12:58:14,025 - __main__ - INFO - Processing vortex SCLK 672984973 found at ml index: 2459393
2025-06-19 12:58:14,026 - __main__ - INFO - Processing vortex SCLK 672985340 found at ml index: 2459760
2025-06-19 12:58:14,028 - __main__ - INFO - Processing vortex SCLK 673068974 found at ml index: 2512676
2025-06-19 12:58:14,029 - __main__ - INFO - Processing vortex SCLK 673072073 found at ml index: 2515775
2025-06-19 12:58:14,030 - __main__ - INFO - Processing vortex SCLK 673076429 found at ml index: 2518680
2025-06-19 12:58:14,032 - __main__ - INFO - Processing vortex SCLK 673078972 found at ml index: 2521223
2025-06-19 12:58:14,033 - __main__ - INFO - Processing vortex SCLK 673147721 found at ml index: 2565489
2025-06-19 12:58:14,033 - __main__ - INFO - Processing vortex SCLK 673240962 found at ml index: 2629833
2025-06-19 12:58:14,035 - __main__ - INFO - Processing vortex SCLK 673242020 found at ml index: 2630891
2025-06-19 12:58:14,036 - __main__ - INFO - Processing vortex SCLK 673243964 found at ml index: 2632835
2025-06-19 12:58:14,037 - __main__ - INFO - Processing vortex SCLK 673245884 found at ml index: 2634755
2025-06-19 12:58:14,039 - __main__ - INFO - Processing vortex SCLK 673251635 found at ml index: 2640506
2025-06-19 12:58:14,040 - __main__ - INFO - Processing vortex SCLK 673254242 found at ml index: 2643113
2025-06-19 12:58:14,041 - __main__ - INFO - Processing vortex SCLK 673328658 found at ml index: 2691425
2025-06-19 12:58:14,042 - __main__ - INFO - Processing vortex SCLK 673329003 found at ml index: 2691770
2025-06-19 12:58:14,043 - __main__ - INFO - Processing vortex SCLK 673332835 found at ml index: 2695602
2025-06-19 12:58:14,045 - __main__ - INFO - Processing vortex SCLK 673332863 found at ml index: 2695630
2025-06-19 12:58:14,046 - __main__ - INFO - Processing vortex SCLK 673334070 found at ml index: 2696837
2025-06-19 12:58:14,047 - __main__ - INFO - Processing vortex SCLK 673334708 found at ml index: 2697475
2025-06-19 12:58:14,048 - __main__ - INFO - Processing vortex SCLK 673338788 found at ml index: 2701555
2025-06-19 12:58:14,049 - __main__ - INFO - Processing vortex SCLK 673340481 found at ml index: 2703248
2025-06-19 12:58:14,051 - __main__ - INFO - Processing vortex SCLK 673344227 found at ml index: 2706994
2025-06-19 12:58:14,052 - __main__ - INFO - Processing vortex SCLK 673424713 found at ml index: 2760219
2025-06-19 12:58:14,053 - __main__ - INFO - Processing vortex SCLK 673429348 found at ml index: 2764854
2025-06-19 12:58:14,054 - __main__ - INFO - Processing vortex SCLK 673500853 found at ml index: 2811671
2025-06-19 12:58:14,054 - __main__ - INFO - Processing vortex SCLK 673512599 found at ml index: 2821820
2025-06-19 12:58:14,055 - __main__ - INFO - Processing vortex SCLK 673513373 found at ml index: 2822594
2025-06-19 12:58:14,056 - __main__ - INFO - Processing vortex SCLK 673514725 found at ml index: 2823946
2025-06-19 12:58:14,059 - __main__ - INFO - Processing vortex SCLK 673594180 found at ml index: 2868616
2025-06-19 12:58:14,060 - __main__ - INFO - Processing vortex SCLK 673597335 found at ml index: 2871771
2025-06-19 12:58:14,061 - __main__ - WARNING - SCLK value 673598754 not found in ml data; skipping.
2025-06-19 12:58:14,062 - __main__ - WARNING - SCLK value 673606937 not found in ml data; skipping.
2025-06-19 12:58:14,062 - __main__ - WARNING - SCLK value 673680243 not found in ml data; skipping.
2025-06-19 12:58:14,063 - __main__ - WARNING - SCLK value 673681579 not found in ml data; skipping.
2025-06-19 12:58:14,064 - __main__ - WARNING - SCLK value 673685675 not found in ml data; skipping.
2025-06-19 12:58:14,065 - __main__ - WARNING - SCLK value 673694236 not found in ml data; skipping.
2025-06-19 12:58:14,066 - __main__ - WARNING - SCLK value 673694529 not found in ml data; skipping.
2025-06-19 12:58:14,068 - __main__ - WARNING - SCLK value 673773378 not found in ml data; skipping.
2025-06-19 12:58:14,068 - __main__ - WARNING - SCLK value 673779637 not found in ml data; skipping.
2025-06-19 12:58:14,069 - __main__ - WARNING - SCLK value 673781075 not found in ml data; skipping.
2025-06-19 12:58:14,070 - __main__ - WARNING - SCLK value 673858855 not found in ml data; skipping.
2025-06-19 12:58:14,071 - __main__ - WARNING - SCLK value 673863604 not found in ml data; skipping.
2025-06-19 12:58:14,072 - __main__ - WARNING - SCLK value 673865805 not found in ml data; skipping.
2025-06-19 12:58:14,073 - __main__ - WARNING - SCLK value 673874053 not found in ml data; skipping.
2025-06-19 12:58:14,074 - __main__ - WARNING - SCLK value 673948338 not found in ml data; skipping.
2025-06-19 12:58:14,075 - __main__ - WARNING - SCLK value 673951488 not found in ml data; skipping.
2025-06-19 12:58:14,076 - __main__ - WARNING - SCLK value 673955512 not found in ml data; skipping.
2025-06-19 12:58:14,076 - __main__ - WARNING - SCLK value 673958960 not found in ml data; skipping.
2025-06-19 12:58:14,077 - __main__ - WARNING - SCLK value 674041445 not found in ml data; skipping.
2025-06-19 12:58:14,078 - __main__ - WARNING - SCLK value 674042999 not found in ml data; skipping.
2025-06-19 12:58:14,079 - __main__ - WARNING - SCLK value 674044064 not found in ml data; skipping.
2025-06-19 12:58:14,079 - __main__ - WARNING - SCLK value 674051268 not found in ml data; skipping.
2025-06-19 12:58:14,080 - __main__ - WARNING - SCLK value 674056174 not found in ml data; skipping.
2025-06-19 12:58:14,081 - __main__ - WARNING - SCLK value 674122081 not found in ml data; skipping.
2025-06-19 12:58:14,082 - __main__ - WARNING - SCLK value 674128125 not found in ml data; skipping.
2025-06-19 12:58:14,082 - __main__ - WARNING - SCLK value 674128981 not found in ml data; skipping.
2025-06-19 12:58:14,083 - __main__ - WARNING - SCLK value 674133319 not found in ml data; skipping.
2025-06-19 12:58:14,084 - __main__ - WARNING - SCLK value 674140571 not found in ml data; skipping.
2025-06-19 12:58:14,084 - __main__ - WARNING - SCLK value 674213517 not found in ml data; skipping.
2025-06-19 12:58:14,086 - __main__ - WARNING - SCLK value 674218894 not found in ml data; skipping.
2025-06-19 12:58:14,086 - __main__ - WARNING - SCLK value 674228677 not found in ml data; skipping.
2025-06-19 12:58:14,087 - __main__ - WARNING - SCLK value 674304877 not found in ml data; skipping.
2025-06-19 12:58:14,088 - __main__ - WARNING - SCLK value 674307030 not found in ml data; skipping.
2025-06-19 12:58:14,089 - __main__ - WARNING - SCLK value 674307104 not found in ml data; skipping.
2025-06-19 12:58:14,089 - __main__ - WARNING - SCLK value 674317907 not found in ml data; skipping.
2025-06-19 12:58:14,090 - __main__ - WARNING - SCLK value 674398187 not found in ml data; skipping.
2025-06-19 12:58:14,091 - __main__ - WARNING - SCLK value 674410494 not found in ml data; skipping.
2025-06-19 12:58:14,092 - __main__ - WARNING - SCLK value 674482627 not found in ml data; skipping.
2025-06-19 12:58:14,093 - __main__ - WARNING - SCLK value 674483906 not found in ml data; skipping.
2025-06-19 12:58:14,093 - __main__ - WARNING - SCLK value 674484439 not found in ml data; skipping.
2025-06-19 12:58:14,094 - __main__ - WARNING - SCLK value 674491238 not found in ml data; skipping.
2025-06-19 12:58:14,095 - __main__ - WARNING - SCLK value 674492008 not found in ml data; skipping.
2025-06-19 12:58:14,095 - __main__ - WARNING - SCLK value 674497424 not found in ml data; skipping.
2025-06-19 12:58:14,096 - __main__ - WARNING - SCLK value 674498121 not found in ml data; skipping.
2025-06-19 12:58:14,097 - __main__ - WARNING - SCLK value 674568708 not found in ml data; skipping.
2025-06-19 12:58:14,098 - __main__ - WARNING - SCLK value 674573756 not found in ml data; skipping.
2025-06-19 12:58:14,099 - __main__ - WARNING - SCLK value 674575721 not found in ml data; skipping.
2025-06-19 12:58:14,099 - __main__ - WARNING - SCLK value 674582484 not found in ml data; skipping.
2025-06-19 12:58:14,100 - __main__ - WARNING - SCLK value 674666247 not found in ml data; skipping.
2025-06-19 12:58:14,101 - __main__ - WARNING - SCLK value 674666809 not found in ml data; skipping.
2025-06-19 12:58:14,101 - __main__ - WARNING - SCLK value 674667232 not found in ml data; skipping.
2025-06-19 12:58:14,102 - __main__ - WARNING - SCLK value 674669243 not found in ml data; skipping.
2025-06-19 12:58:14,103 - __main__ - WARNING - SCLK value 674751396 not found in ml data; skipping.
2025-06-19 12:58:14,103 - __main__ - WARNING - SCLK value 674837510 not found in ml data; skipping.
2025-06-19 12:58:14,104 - __main__ - WARNING - SCLK value 674845274 not found in ml data; skipping.
2025-06-19 12:58:14,106 - __main__ - WARNING - SCLK value 674846962 not found in ml data; skipping.
2025-06-19 12:58:14,107 - __main__ - WARNING - SCLK value 674850855 not found in ml data; skipping.
2025-06-19 12:58:14,107 - __main__ - INFO - Preparing features and labels...
2025-06-19 12:58:14,110 - __main__ - INFO - Validating feature matrix...
2025-06-19 12:58:14,113 - __main__ - WARNING - Feature matrix issues detected:
2025-06-19 12:58:14,113 - __main__ - WARNING - - High correlation between pressure_drop_ratio and pressure_change: -1.00
2025-06-19 12:58:14,113 - __main__ - WARNING - - High correlation between pressure_drop_ratio and pressure_range: 0.95
2025-06-19 12:58:14,114 - __main__ - WARNING - - High correlation between pressure_drop_ratio and rate_of_change_mean: -0.99
2025-06-19 12:58:14,114 - __main__ - WARNING - - High correlation between pressure_change and pressure_range: -0.95
2025-06-19 12:58:14,114 - __main__ - WARNING - - High correlation between pressure_change and rate_of_change_mean: 0.99
2025-06-19 12:58:14,114 - __main__ - WARNING - - High correlation between mean_pressure and min_pressure: 1.00
2025-06-19 12:58:14,114 - __main__ - WARNING - - High correlation between mean_pressure and max_pressure: 1.00
2025-06-19 12:58:14,114 - __main__ - WARNING - - High correlation between mean_pressure and long_term_mean: 1.00
2025-06-19 12:58:14,114 - __main__ - WARNING - - High correlation between std_pressure and pressure_range: 0.96
2025-06-19 12:58:14,115 - __main__ - WARNING - - High correlation between min_pressure and max_pressure: 1.00
2025-06-19 12:58:14,115 - __main__ - WARNING - - High correlation between min_pressure and long_term_mean: 1.00
2025-06-19 12:58:14,115 - __main__ - WARNING - - High correlation between max_pressure and long_term_mean: 1.00
2025-06-19 12:58:14,115 - __main__ - WARNING - - High correlation between pressure_range and rate_of_change_std: 0.96
2025-06-19 12:58:14,115 - __main__ - WARNING - - High correlation between rate_of_change_std and rate_of_change_max: 0.99
2025-06-19 12:58:14,115 - __main__ - INFO - Splitting processed data into train/val for model training...
2025-06-19 12:58:14,115 - __main__ - INFO - Processed train set: 14241 samples
2025-06-19 12:58:14,115 - __main__ - INFO - Processed validation set: 4747 samples
2025-06-19 12:58:14,116 - __main__ - INFO - Training Random Forest classifier...
2025-06-19 12:58:16,989 - __main__ - INFO - Random Forest training completed.
2025-06-19 12:58:16,990 - __main__ - INFO - Generating evaluation plots...
2025-06-19 12:58:30,676 - __main__ - INFO - Processing test set with sliding windows for realistic evaluation...
2025-06-19 13:01:03,099 - __main__ - INFO - Reading vortex SCLK data...
2025-06-19 13:01:03,102 - __main__ - INFO - Successfully read 309 SCLK values from ../data/Jackson_vortex_detections_reformatted_augmented.csv
2025-06-19 13:01:03,102 - __main__ - INFO - Successfully read 309 SCLK values
2025-06-19 13:01:03,103 - __main__ - INFO - Reading ML data...
2025-06-19 13:01:05,265 - __main__ - INFO - Successfully loaded ML data from ../data/ml_ready_vortex_data.csv
2025-06-19 13:01:05,265 - __main__ - INFO - Successfully loaded ML data with 3590168 rows
2025-06-19 13:01:05,265 - __main__ - INFO - Validating data quality...
2025-06-19 13:01:05,685 - __main__ - WARNING - Data quality issues detected:
2025-06-19 13:01:05,685 - __main__ - WARNING - - Missing values found: {'gt_vortex_ind': 3577695}
2025-06-19 13:01:05,685 - __main__ - WARNING - - Severe class imbalance detected: 0.51% positive samples
2025-06-19 13:01:05,686 - __main__ - INFO - Splitting raw data chronologically before processing...
2025-06-19 13:01:05,686 - __main__ - INFO - Raw train set: 2154100 rows
2025-06-19 13:01:05,686 - __main__ - INFO - Raw validation set: 718034 rows
2025-06-19 13:01:05,686 - __main__ - INFO - Raw test set: 718034 rows
2025-06-19 13:01:05,688 - __main__ - INFO - ==================================================
2025-06-19 13:01:05,688 - __main__ - INFO - RAW TEST SET DISTRIBUTION (Before Processing)
2025-06-19 13:01:05,688 - __main__ - INFO - ==================================================
2025-06-19 13:01:05,688 - __main__ - INFO - Test set rows: 718034
2025-06-19 13:01:05,688 - __main__ - INFO - Positive samples: 3318 (0.46%)
2025-06-19 13:01:05,689 - __main__ - INFO - Negative samples: 714716 (99.54%)
2025-06-19 13:01:05,689 - __main__ - INFO - ==================================================
2025-06-19 13:01:05,689 - __main__ - INFO - Processing training data around vortex events...
2025-06-19 13:01:05,692 - __main__ - INFO - Processing vortex SCLK 668288145 found at ml index: 16563
2025-06-19 13:01:05,733 - __main__ - INFO - Processing vortex SCLK 668288356 found at ml index: 16774
2025-06-19 13:01:05,775 - __main__ - INFO - Processing vortex SCLK 668363851 found at ml index: 58206
2025-06-19 13:01:05,815 - __main__ - INFO - Processing vortex SCLK 668370696 found at ml index: 61613
2025-06-19 13:01:05,855 - __main__ - INFO - Processing vortex SCLK 668373458 found at ml index: 64372
2025-06-19 13:01:05,895 - __main__ - INFO - Processing vortex SCLK 668450709 found at ml index: 109929
2025-06-19 13:01:05,934 - __main__ - INFO - Processing vortex SCLK 668451679 found at ml index: 110896
2025-06-19 13:01:05,974 - __main__ - INFO - Processing vortex SCLK 668465594 found at ml index: 113943
2025-06-19 13:01:06,013 - __main__ - INFO - Processing vortex SCLK 668471362 found at ml index: 116280
2025-06-19 13:01:06,051 - __main__ - INFO - Processing vortex SCLK 668534767 found at ml index: 149951
2025-06-19 13:01:06,092 - __main__ - INFO - Processing vortex SCLK 668540964 found at ml index: 156148
2025-06-19 13:01:06,128 - __main__ - INFO - Processing vortex SCLK 668541515 found at ml index: 156699
2025-06-19 13:01:06,166 - __main__ - INFO - Processing vortex SCLK 668542064 found at ml index: 157248
2025-06-19 13:01:06,205 - __main__ - INFO - Processing vortex SCLK 668542340 found at ml index: 157524
2025-06-19 13:01:06,243 - __main__ - INFO - Processing vortex SCLK 668551101 found at ml index: 162084
2025-06-19 13:01:06,282 - __main__ - INFO - Processing vortex SCLK 668555682 found at ml index: 163446
2025-06-19 13:01:06,319 - __main__ - INFO - Processing vortex SCLK 668556124 found at ml index: 163888
2025-06-19 13:01:06,357 - __main__ - INFO - Processing vortex SCLK 668557517 found at ml index: 165281
2025-06-19 13:01:06,397 - __main__ - INFO - Processing vortex SCLK 668716847 found at ml index: 186189
2025-06-19 13:01:06,436 - __main__ - INFO - Processing vortex SCLK 668723694 found at ml index: 189570
2025-06-19 13:01:06,475 - __main__ - INFO - Processing vortex SCLK 668801790 found at ml index: 232821
2025-06-19 13:01:06,516 - __main__ - INFO - Processing vortex SCLK 668808927 found at ml index: 236462
2025-06-19 13:01:06,557 - __main__ - INFO - Processing vortex SCLK 668810541 found at ml index: 238076
2025-06-19 13:01:06,596 - __main__ - INFO - Processing vortex SCLK 668811652 found at ml index: 239187
2025-06-19 13:01:06,636 - __main__ - INFO - Processing vortex SCLK 668816129 found at ml index: 243664
2025-06-19 13:01:06,677 - __main__ - INFO - Processing vortex SCLK 669426485 found at ml index: 263130
2025-06-19 13:01:06,714 - __main__ - INFO - Processing vortex SCLK 669427340 found at ml index: 263985
2025-06-19 13:01:06,754 - __main__ - INFO - Processing vortex SCLK 669434405 found at ml index: 267663
2025-06-19 13:01:06,792 - __main__ - INFO - Processing vortex SCLK 669434703 found at ml index: 267961
2025-06-19 13:01:06,832 - __main__ - INFO - Processing vortex SCLK 669518763 found at ml index: 314172
2025-06-19 13:01:06,871 - __main__ - INFO - Processing vortex SCLK 669519478 found at ml index: 314887
2025-06-19 13:01:06,911 - __main__ - INFO - Processing vortex SCLK 669531860 found at ml index: 320377
2025-06-19 13:01:06,950 - __main__ - INFO - Processing vortex SCLK 669626803 found at ml index: 374269
2025-06-19 13:01:06,989 - __main__ - INFO - Processing vortex SCLK 669688619 found at ml index: 407952
2025-06-19 13:01:07,027 - __main__ - INFO - Processing vortex SCLK 669690018 found at ml index: 409351
2025-06-19 13:01:07,065 - __main__ - INFO - Processing vortex SCLK 669690620 found at ml index: 409953
2025-06-19 13:01:07,103 - __main__ - INFO - Processing vortex SCLK 669704197 found at ml index: 416696
2025-06-19 13:01:07,143 - __main__ - INFO - Processing vortex SCLK 669779409 found at ml index: 457637
2025-06-19 13:01:07,183 - __main__ - INFO - Processing vortex SCLK 669780445 found at ml index: 458673
2025-06-19 13:01:07,223 - __main__ - INFO - Processing vortex SCLK 669787866 found at ml index: 466094
2025-06-19 13:01:07,260 - __main__ - INFO - Processing vortex SCLK 669787881 found at ml index: 466109
2025-06-19 13:01:07,301 - __main__ - INFO - Processing vortex SCLK 669870405 found at ml index: 512761
2025-06-19 13:01:07,339 - __main__ - INFO - Processing vortex SCLK 669873580 found at ml index: 515936
2025-06-19 13:01:07,376 - __main__ - INFO - Processing vortex SCLK 669882031 found at ml index: 522188
2025-06-19 13:01:07,412 - __main__ - INFO - Processing vortex SCLK 669886865 found at ml index: 524448
2025-06-19 13:01:07,450 - __main__ - INFO - Processing vortex SCLK 669958088 found at ml index: 564661
2025-06-19 13:01:07,487 - __main__ - INFO - Processing vortex SCLK 669959376 found at ml index: 565949
2025-06-19 13:01:07,526 - __main__ - INFO - Processing vortex SCLK 669959712 found at ml index: 566285
2025-06-19 13:01:07,563 - __main__ - INFO - Processing vortex SCLK 669960008 found at ml index: 566581
2025-06-19 13:01:07,601 - __main__ - INFO - Processing vortex SCLK 669960347 found at ml index: 566920
2025-06-19 13:01:07,638 - __main__ - INFO - Processing vortex SCLK 669962940 found at ml index: 569513
2025-06-19 13:01:07,677 - __main__ - INFO - Processing vortex SCLK 669964312 found at ml index: 570885
2025-06-19 13:01:07,712 - __main__ - INFO - Processing vortex SCLK 669965150 found at ml index: 571723
2025-06-19 13:01:07,752 - __main__ - INFO - Processing vortex SCLK 669971696 found at ml index: 575571
2025-06-19 13:01:07,788 - __main__ - INFO - Processing vortex SCLK 670046942 found at ml index: 618056
2025-06-19 13:01:07,826 - __main__ - INFO - Processing vortex SCLK 670047546 found at ml index: 618660
2025-06-19 13:01:07,862 - __main__ - INFO - Processing vortex SCLK 670055611 found at ml index: 626725
2025-06-19 13:01:07,902 - __main__ - INFO - Processing vortex SCLK 670129653 found at ml index: 676671
2025-06-19 13:01:07,941 - __main__ - INFO - Processing vortex SCLK 670136668 found at ml index: 680243
2025-06-19 13:01:07,977 - __main__ - INFO - Processing vortex SCLK 670138695 found at ml index: 682270
2025-06-19 13:01:08,016 - __main__ - INFO - Processing vortex SCLK 670225439 found at ml index: 735507
2025-06-19 13:01:08,054 - __main__ - INFO - Processing vortex SCLK 670232335 found at ml index: 739271
2025-06-19 13:01:08,091 - __main__ - INFO - Processing vortex SCLK 670232986 found at ml index: 739922
2025-06-19 13:01:08,130 - __main__ - INFO - Processing vortex SCLK 670233871 found at ml index: 740807
2025-06-19 13:01:08,165 - __main__ - INFO - Processing vortex SCLK 670313772 found at ml index: 794758
2025-06-19 13:01:08,205 - __main__ - INFO - Processing vortex SCLK 670315385 found at ml index: 796371
2025-06-19 13:01:08,243 - __main__ - INFO - Processing vortex SCLK 670317790 found at ml index: 798776
2025-06-19 13:01:08,279 - __main__ - INFO - Processing vortex SCLK 670321691 found at ml index: 802677
2025-06-19 13:01:08,316 - __main__ - INFO - Processing vortex SCLK 670325686 found at ml index: 804517
2025-06-19 13:01:08,354 - __main__ - INFO - Processing vortex SCLK 670329256 found at ml index: 808087
2025-06-19 13:01:08,390 - __main__ - INFO - Processing vortex SCLK 670398725 found at ml index: 848668
2025-06-19 13:01:08,427 - __main__ - INFO - Processing vortex SCLK 670402854 found at ml index: 852797
2025-06-19 13:01:08,465 - __main__ - INFO - Processing vortex SCLK 670403870 found at ml index: 853813
2025-06-19 13:01:08,503 - __main__ - INFO - Processing vortex SCLK 670409834 found at ml index: 857575
2025-06-19 13:01:08,540 - __main__ - INFO - Processing vortex SCLK 670412275 found at ml index: 860016
2025-06-19 13:01:08,578 - __main__ - INFO - Processing vortex SCLK 670412326 found at ml index: 860067
2025-06-19 13:01:08,614 - __main__ - INFO - Processing vortex SCLK 670578458 found at ml index: 934664
2025-06-19 13:01:08,650 - __main__ - INFO - Processing vortex SCLK 670580613 found at ml index: 936819
2025-06-19 13:01:08,688 - __main__ - INFO - Processing vortex SCLK 670584569 found at ml index: 940775
2025-06-19 13:01:08,725 - __main__ - INFO - Processing vortex SCLK 670584657 found at ml index: 940863
2025-06-19 13:01:08,764 - __main__ - INFO - Processing vortex SCLK 670587674 found at ml index: 943880
2025-06-19 13:01:08,804 - __main__ - INFO - Processing vortex SCLK 670594461 found at ml index: 947971
2025-06-19 13:01:08,845 - __main__ - INFO - Processing vortex SCLK 670841835 found at ml index: 1065790
2025-06-19 13:01:08,879 - __main__ - INFO - Processing vortex SCLK 670842459 found at ml index: 1066414
2025-06-19 13:01:08,918 - __main__ - INFO - Processing vortex SCLK 670849047 found at ml index: 1073002
2025-06-19 13:01:08,955 - __main__ - INFO - Processing vortex SCLK 670852738 found at ml index: 1076693
2025-06-19 13:01:08,993 - __main__ - INFO - Processing vortex SCLK 670856365 found at ml index: 1077977
2025-06-19 13:01:09,031 - __main__ - INFO - Processing vortex SCLK 670859755 found at ml index: 1081367
2025-06-19 13:01:09,069 - __main__ - INFO - Processing vortex SCLK 670870370 found at ml index: 1088579
2025-06-19 13:01:09,106 - __main__ - INFO - Processing vortex SCLK 670929808 found at ml index: 1120753
2025-06-19 13:01:09,144 - __main__ - INFO - Processing vortex SCLK 670930554 found at ml index: 1121499
2025-06-19 13:01:09,180 - __main__ - INFO - Processing vortex SCLK 670933108 found at ml index: 1124053
2025-06-19 13:01:09,218 - __main__ - INFO - Processing vortex SCLK 670934582 found at ml index: 1125527
2025-06-19 13:01:09,254 - __main__ - INFO - Processing vortex SCLK 670938327 found at ml index: 1129272
2025-06-19 13:01:09,293 - __main__ - INFO - Processing vortex SCLK 670938389 found at ml index: 1129334
2025-06-19 13:01:09,328 - __main__ - INFO - Processing vortex SCLK 670940703 found at ml index: 1131648
2025-06-19 13:01:09,363 - __main__ - INFO - Processing vortex SCLK 670945386 found at ml index: 1136331
2025-06-19 13:01:09,402 - __main__ - INFO - Processing vortex SCLK 670961352 found at ml index: 1146283
2025-06-19 13:01:09,441 - __main__ - INFO - Processing vortex SCLK 671024106 found at ml index: 1181789
2025-06-19 13:01:09,476 - __main__ - INFO - Processing vortex SCLK 671027864 found at ml index: 1185547
2025-06-19 13:01:09,514 - __main__ - INFO - Processing vortex SCLK 671027972 found at ml index: 1185655
2025-06-19 13:01:09,552 - __main__ - INFO - Processing vortex SCLK 671033906 found at ml index: 1191589
2025-06-19 13:01:09,588 - __main__ - INFO - Processing vortex SCLK 671039200 found at ml index: 1194533
2025-06-19 13:01:09,623 - __main__ - INFO - Processing vortex SCLK 671109364 found at ml index: 1233979
2025-06-19 13:01:09,660 - __main__ - INFO - Processing vortex SCLK 671113914 found at ml index: 1238529
2025-06-19 13:01:09,697 - __main__ - INFO - Processing vortex SCLK 671114679 found at ml index: 1239294
2025-06-19 13:01:09,737 - __main__ - INFO - Processing vortex SCLK 671115255 found at ml index: 1239870
2025-06-19 13:01:09,774 - __main__ - INFO - Processing vortex SCLK 671115289 found at ml index: 1239904
2025-06-19 13:01:09,812 - __main__ - INFO - Processing vortex SCLK 671120289 found at ml index: 1244904
2025-06-19 13:01:09,851 - __main__ - INFO - Processing vortex SCLK 671126006 found at ml index: 1250026
2025-06-19 13:01:09,889 - __main__ - INFO - Processing vortex SCLK 671126607 found at ml index: 1250627
2025-06-19 13:01:09,928 - __main__ - INFO - Processing vortex SCLK 671127245 found at ml index: 1251265
2025-06-19 13:01:09,966 - __main__ - INFO - Processing vortex SCLK 671139428 found at ml index: 1260040
2025-06-19 13:01:10,003 - __main__ - INFO - Processing vortex SCLK 671204280 found at ml index: 1299428
2025-06-19 13:01:10,040 - __main__ - INFO - Processing vortex SCLK 671213291 found at ml index: 1306235
2025-06-19 13:01:10,078 - __main__ - INFO - Processing vortex SCLK 671214052 found at ml index: 1306996
2025-06-19 13:01:10,115 - __main__ - INFO - Processing vortex SCLK 671224977 found at ml index: 1314440
2025-06-19 13:01:10,153 - __main__ - INFO - Processing vortex SCLK 671291649 found at ml index: 1353739
2025-06-19 13:01:10,192 - __main__ - INFO - Processing vortex SCLK 671294608 found at ml index: 1356698
2025-06-19 13:01:10,229 - __main__ - INFO - Processing vortex SCLK 671302478 found at ml index: 1361737
2025-06-19 13:01:10,267 - __main__ - INFO - Processing vortex SCLK 671302909 found at ml index: 1362168
2025-06-19 13:01:10,303 - __main__ - INFO - Processing vortex SCLK 671308300 found at ml index: 1365532
2025-06-19 13:01:10,342 - __main__ - INFO - Processing vortex SCLK 671376036 found at ml index: 1404444
2025-06-19 13:01:10,378 - __main__ - INFO - Processing vortex SCLK 671376059 found at ml index: 1404467
2025-06-19 13:01:10,416 - __main__ - INFO - Processing vortex SCLK 671376348 found at ml index: 1404756
2025-06-19 13:01:10,453 - __main__ - INFO - Processing vortex SCLK 671376844 found at ml index: 1405252
2025-06-19 13:01:10,490 - __main__ - INFO - Processing vortex SCLK 671377912 found at ml index: 1406320
2025-06-19 13:01:10,529 - __main__ - INFO - Processing vortex SCLK 671379183 found at ml index: 1407591
2025-06-19 13:01:10,568 - __main__ - INFO - Processing vortex SCLK 671384112 found at ml index: 1412520
2025-06-19 13:01:10,607 - __main__ - INFO - Processing vortex SCLK 671391076 found at ml index: 1419484
2025-06-19 13:01:10,643 - __main__ - INFO - Processing vortex SCLK 671395245 found at ml index: 1422765
2025-06-19 13:01:10,680 - __main__ - INFO - Processing vortex SCLK 671466934 found at ml index: 1463807
2025-06-19 13:01:10,718 - __main__ - INFO - Processing vortex SCLK 671468200 found at ml index: 1465073
2025-06-19 13:01:10,755 - __main__ - INFO - Processing vortex SCLK 671559311 found at ml index: 1524850
2025-06-19 13:01:10,791 - __main__ - INFO - Processing vortex SCLK 671560213 found at ml index: 1525752
2025-06-19 13:01:10,828 - __main__ - INFO - Processing vortex SCLK 671561065 found at ml index: 1526604
2025-06-19 13:01:10,866 - __main__ - INFO - Processing vortex SCLK 671563881 found at ml index: 1529420
2025-06-19 13:01:10,904 - __main__ - INFO - Processing vortex SCLK 671570327 found at ml index: 1532373
2025-06-19 13:01:10,944 - __main__ - INFO - Processing vortex SCLK 671641441 found at ml index: 1572853
2025-06-19 13:01:10,980 - __main__ - INFO - Processing vortex SCLK 671644549 found at ml index: 1575961
2025-06-19 13:01:11,041 - __main__ - INFO - Processing vortex SCLK 671645443 found at ml index: 1576855
2025-06-19 13:01:11,082 - __main__ - INFO - Processing vortex SCLK 671648210 found at ml index: 1579622
2025-06-19 13:01:11,117 - __main__ - INFO - Processing vortex SCLK 671656101 found at ml index: 1585256
2025-06-19 13:01:11,156 - __main__ - INFO - Processing vortex SCLK 671731643 found at ml index: 1630294
2025-06-19 13:01:11,194 - __main__ - INFO - Processing vortex SCLK 671740824 found at ml index: 1639475
2025-06-19 13:01:11,231 - __main__ - INFO - Processing vortex SCLK 671746873 found at ml index: 1643237
2025-06-19 13:01:11,269 - __main__ - INFO - Processing vortex SCLK 671823162 found at ml index: 1688879
2025-06-19 13:01:11,308 - __main__ - INFO - Processing vortex SCLK 671823654 found at ml index: 1689371
2025-06-19 13:01:11,346 - __main__ - INFO - Processing vortex SCLK 671823993 found at ml index: 1689710
2025-06-19 13:01:11,386 - __main__ - INFO - Processing vortex SCLK 671824646 found at ml index: 1690363
2025-06-19 13:01:11,423 - __main__ - INFO - Processing vortex SCLK 671825542 found at ml index: 1691259
2025-06-19 13:01:11,460 - __main__ - INFO - Processing vortex SCLK 671831605 found at ml index: 1697322
2025-06-19 13:01:11,496 - __main__ - INFO - Processing vortex SCLK 671834757 found at ml index: 1700474
2025-06-19 13:01:11,534 - __main__ - INFO - Processing vortex SCLK 671904824 found at ml index: 1740981
2025-06-19 13:01:11,572 - __main__ - INFO - Processing vortex SCLK 671909321 found at ml index: 1743885
2025-06-19 13:01:11,609 - __main__ - INFO - Processing vortex SCLK 671911350 found at ml index: 1745914
2025-06-19 13:01:11,646 - __main__ - INFO - Processing vortex SCLK 671913231 found at ml index: 1747795
2025-06-19 13:01:11,685 - __main__ - INFO - Processing vortex SCLK 671915681 found at ml index: 1750245
2025-06-19 13:01:11,721 - __main__ - INFO - Processing vortex SCLK 671916470 found at ml index: 1751034
2025-06-19 13:01:11,758 - __main__ - INFO - Processing vortex SCLK 671920779 found at ml index: 1755343
2025-06-19 13:01:11,795 - __main__ - INFO - Processing vortex SCLK 671921784 found at ml index: 1756348
2025-06-19 13:01:11,833 - __main__ - INFO - Processing vortex SCLK 671995990 found at ml index: 1801016
2025-06-19 13:01:11,871 - __main__ - INFO - Processing vortex SCLK 672002175 found at ml index: 1807201
2025-06-19 13:01:11,906 - __main__ - INFO - Processing vortex SCLK 672002362 found at ml index: 1807388
2025-06-19 13:01:11,945 - __main__ - INFO - Processing vortex SCLK 672104482 found at ml index: 1874652
2025-06-19 13:01:11,981 - __main__ - INFO - Processing vortex SCLK 672178090 found at ml index: 1921075
2025-06-19 13:01:12,017 - __main__ - INFO - Processing vortex SCLK 672180689 found at ml index: 1923674
2025-06-19 13:01:12,054 - __main__ - INFO - Processing vortex SCLK 672181444 found at ml index: 1924429
2025-06-19 13:01:12,091 - __main__ - INFO - Processing vortex SCLK 672182115 found at ml index: 1925100
2025-06-19 13:01:12,129 - __main__ - INFO - Processing vortex SCLK 672183596 found at ml index: 1926581
2025-06-19 13:01:12,166 - __main__ - INFO - Processing vortex SCLK 672185170 found at ml index: 1928155
2025-06-19 13:01:12,205 - __main__ - INFO - Processing vortex SCLK 672190662 found at ml index: 1931494
2025-06-19 13:01:12,241 - __main__ - INFO - Processing vortex SCLK 672267244 found at ml index: 1979457
2025-06-19 13:01:12,280 - __main__ - INFO - Processing vortex SCLK 672269283 found at ml index: 1981496
2025-06-19 13:01:12,317 - __main__ - INFO - Processing vortex SCLK 672269792 found at ml index: 1982005
2025-06-19 13:01:12,357 - __main__ - INFO - Processing vortex SCLK 672350659 found at ml index: 2035489
2025-06-19 13:01:12,393 - __main__ - INFO - Processing vortex SCLK 672352068 found at ml index: 2036898
2025-06-19 13:01:12,432 - __main__ - INFO - Processing vortex SCLK 672355502 found at ml index: 2040332
2025-06-19 13:01:12,470 - __main__ - INFO - Processing vortex SCLK 672357238 found at ml index: 2042068
2025-06-19 13:01:12,508 - __main__ - INFO - Processing vortex SCLK 672359382 found at ml index: 2044212
2025-06-19 13:01:12,546 - __main__ - INFO - Processing vortex SCLK 672362559 found at ml index: 2047389
2025-06-19 13:01:12,585 - __main__ - INFO - Processing vortex SCLK 672365510 found at ml index: 2050340
2025-06-19 13:01:12,623 - __main__ - INFO - Processing vortex SCLK 672365820 found at ml index: 2050650
2025-06-19 13:01:12,660 - __main__ - INFO - Processing vortex SCLK 672445220 found at ml index: 2096997
2025-06-19 13:01:12,700 - __main__ - INFO - Processing vortex SCLK 672445462 found at ml index: 2097239
2025-06-19 13:01:12,736 - __main__ - INFO - Processing vortex SCLK 672446338 found at ml index: 2098115
2025-06-19 13:01:12,773 - __main__ - INFO - Processing vortex SCLK 672528720 found at ml index: 2150565
2025-06-19 13:01:12,811 - __main__ - INFO - Processing vortex SCLK 672531916 found at ml index: 2153761
2025-06-19 13:01:12,849 - __main__ - WARNING - SCLK value 672538692 not found in ml data; skipping.
2025-06-19 13:01:12,852 - __main__ - WARNING - SCLK value 672546578 not found in ml data; skipping.
2025-06-19 13:01:12,854 - __main__ - WARNING - SCLK value 672548966 not found in ml data; skipping.
2025-06-19 13:01:12,856 - __main__ - WARNING - SCLK value 672621236 not found in ml data; skipping.
2025-06-19 13:01:12,858 - __main__ - WARNING - SCLK value 672622288 not found in ml data; skipping.
2025-06-19 13:01:12,861 - __main__ - WARNING - SCLK value 672624313 not found in ml data; skipping.
2025-06-19 13:01:12,863 - __main__ - WARNING - SCLK value 672624475 not found in ml data; skipping.
2025-06-19 13:01:12,866 - __main__ - WARNING - SCLK value 672626109 not found in ml data; skipping.
2025-06-19 13:01:12,868 - __main__ - WARNING - SCLK value 672626122 not found in ml data; skipping.
2025-06-19 13:01:12,870 - __main__ - WARNING - SCLK value 672706787 not found in ml data; skipping.
2025-06-19 13:01:12,873 - __main__ - WARNING - SCLK value 672709027 not found in ml data; skipping.
2025-06-19 13:01:12,875 - __main__ - WARNING - SCLK value 672711149 not found in ml data; skipping.
2025-06-19 13:01:12,877 - __main__ - WARNING - SCLK value 672711621 not found in ml data; skipping.
2025-06-19 13:01:12,881 - __main__ - WARNING - SCLK value 672713266 not found in ml data; skipping.
2025-06-19 13:01:12,883 - __main__ - WARNING - SCLK value 672713337 not found in ml data; skipping.
2025-06-19 13:01:12,885 - __main__ - WARNING - SCLK value 672715961 not found in ml data; skipping.
2025-06-19 13:01:12,888 - __main__ - WARNING - SCLK value 672718373 not found in ml data; skipping.
2025-06-19 13:01:12,889 - __main__ - WARNING - SCLK value 672719375 not found in ml data; skipping.
2025-06-19 13:01:12,893 - __main__ - WARNING - SCLK value 672721953 not found in ml data; skipping.
2025-06-19 13:01:12,895 - __main__ - WARNING - SCLK value 672801263 not found in ml data; skipping.
2025-06-19 13:01:12,897 - __main__ - WARNING - SCLK value 672801630 not found in ml data; skipping.
2025-06-19 13:01:12,899 - __main__ - WARNING - SCLK value 672804797 not found in ml data; skipping.
2025-06-19 13:01:12,902 - __main__ - WARNING - SCLK value 672884603 not found in ml data; skipping.
2025-06-19 13:01:12,904 - __main__ - WARNING - SCLK value 672884933 not found in ml data; skipping.
2025-06-19 13:01:12,906 - __main__ - WARNING - SCLK value 672885216 not found in ml data; skipping.
2025-06-19 13:01:12,909 - __main__ - WARNING - SCLK value 672889286 not found in ml data; skipping.
2025-06-19 13:01:12,911 - __main__ - WARNING - SCLK value 672890283 not found in ml data; skipping.
2025-06-19 13:01:12,913 - __main__ - WARNING - SCLK value 672894510 not found in ml data; skipping.
2025-06-19 13:01:12,916 - __main__ - WARNING - SCLK value 672964384 not found in ml data; skipping.
2025-06-19 13:01:12,918 - __main__ - WARNING - SCLK value 672973742 not found in ml data; skipping.
2025-06-19 13:01:12,921 - __main__ - WARNING - SCLK value 672976272 not found in ml data; skipping.
2025-06-19 13:01:12,923 - __main__ - WARNING - SCLK value 672979607 not found in ml data; skipping.
2025-06-19 13:01:12,925 - __main__ - WARNING - SCLK value 672983982 not found in ml data; skipping.
2025-06-19 13:01:12,927 - __main__ - WARNING - SCLK value 672984068 not found in ml data; skipping.
2025-06-19 13:01:12,930 - __main__ - WARNING - SCLK value 672984973 not found in ml data; skipping.
2025-06-19 13:01:12,932 - __main__ - WARNING - SCLK value 672985340 not found in ml data; skipping.
2025-06-19 13:01:12,934 - __main__ - WARNING - SCLK value 673068974 not found in ml data; skipping.
2025-06-19 13:01:12,936 - __main__ - WARNING - SCLK value 673072073 not found in ml data; skipping.
2025-06-19 13:01:12,939 - __main__ - WARNING - SCLK value 673076429 not found in ml data; skipping.
2025-06-19 13:01:12,942 - __main__ - WARNING - SCLK value 673078972 not found in ml data; skipping.
2025-06-19 13:01:12,948 - __main__ - WARNING - SCLK value 673147721 not found in ml data; skipping.
2025-06-19 13:01:12,953 - __main__ - WARNING - SCLK value 673240962 not found in ml data; skipping.
2025-06-19 13:01:12,956 - __main__ - WARNING - SCLK value 673242020 not found in ml data; skipping.
2025-06-19 13:01:12,961 - __main__ - WARNING - SCLK value 673243964 not found in ml data; skipping.
2025-06-19 13:01:12,966 - __main__ - WARNING - SCLK value 673245884 not found in ml data; skipping.
2025-06-19 13:01:12,971 - __main__ - WARNING - SCLK value 673251635 not found in ml data; skipping.
2025-06-19 13:01:12,976 - __main__ - WARNING - SCLK value 673254242 not found in ml data; skipping.
2025-06-19 13:01:12,980 - __main__ - WARNING - SCLK value 673328658 not found in ml data; skipping.
2025-06-19 13:01:12,984 - __main__ - WARNING - SCLK value 673329003 not found in ml data; skipping.
2025-06-19 13:01:12,987 - __main__ - WARNING - SCLK value 673332835 not found in ml data; skipping.
2025-06-19 13:01:12,989 - __main__ - WARNING - SCLK value 673332863 not found in ml data; skipping.
2025-06-19 13:01:12,992 - __main__ - WARNING - SCLK value 673334070 not found in ml data; skipping.
2025-06-19 13:01:12,995 - __main__ - WARNING - SCLK value 673334708 not found in ml data; skipping.
2025-06-19 13:01:12,998 - __main__ - WARNING - SCLK value 673338788 not found in ml data; skipping.
2025-06-19 13:01:13,001 - __main__ - WARNING - SCLK value 673340481 not found in ml data; skipping.
2025-06-19 13:01:13,004 - __main__ - WARNING - SCLK value 673344227 not found in ml data; skipping.
2025-06-19 13:01:13,006 - __main__ - WARNING - SCLK value 673424713 not found in ml data; skipping.
2025-06-19 13:01:13,009 - __main__ - WARNING - SCLK value 673429348 not found in ml data; skipping.
2025-06-19 13:01:13,011 - __main__ - WARNING - SCLK value 673500853 not found in ml data; skipping.
2025-06-19 13:01:13,014 - __main__ - WARNING - SCLK value 673512599 not found in ml data; skipping.
2025-06-19 13:01:13,016 - __main__ - WARNING - SCLK value 673513373 not found in ml data; skipping.
2025-06-19 13:01:13,019 - __main__ - WARNING - SCLK value 673514725 not found in ml data; skipping.
2025-06-19 13:01:13,021 - __main__ - WARNING - SCLK value 673594180 not found in ml data; skipping.
2025-06-19 13:01:13,024 - __main__ - WARNING - SCLK value 673597335 not found in ml data; skipping.
2025-06-19 13:01:13,026 - __main__ - WARNING - SCLK value 673598754 not found in ml data; skipping.
2025-06-19 13:01:13,028 - __main__ - WARNING - SCLK value 673606937 not found in ml data; skipping.
2025-06-19 13:01:13,030 - __main__ - WARNING - SCLK value 673680243 not found in ml data; skipping.
2025-06-19 13:01:13,033 - __main__ - WARNING - SCLK value 673681579 not found in ml data; skipping.
2025-06-19 13:01:13,036 - __main__ - WARNING - SCLK value 673685675 not found in ml data; skipping.
2025-06-19 13:01:13,039 - __main__ - WARNING - SCLK value 673694236 not found in ml data; skipping.
2025-06-19 13:01:13,041 - __main__ - WARNING - SCLK value 673694529 not found in ml data; skipping.
2025-06-19 13:01:13,044 - __main__ - WARNING - SCLK value 673773378 not found in ml data; skipping.
2025-06-19 13:01:13,046 - __main__ - WARNING - SCLK value 673779637 not found in ml data; skipping.
2025-06-19 13:01:13,048 - __main__ - WARNING - SCLK value 673781075 not found in ml data; skipping.
2025-06-19 13:01:13,050 - __main__ - WARNING - SCLK value 673858855 not found in ml data; skipping.
2025-06-19 13:01:13,052 - __main__ - WARNING - SCLK value 673863604 not found in ml data; skipping.
2025-06-19 13:01:13,055 - __main__ - WARNING - SCLK value 673865805 not found in ml data; skipping.
2025-06-19 13:01:13,057 - __main__ - WARNING - SCLK value 673874053 not found in ml data; skipping.
2025-06-19 13:01:13,059 - __main__ - WARNING - SCLK value 673948338 not found in ml data; skipping.
2025-06-19 13:01:13,061 - __main__ - WARNING - SCLK value 673951488 not found in ml data; skipping.
2025-06-19 13:01:13,064 - __main__ - WARNING - SCLK value 673955512 not found in ml data; skipping.
2025-06-19 13:01:13,066 - __main__ - WARNING - SCLK value 673958960 not found in ml data; skipping.
2025-06-19 13:01:13,069 - __main__ - WARNING - SCLK value 674041445 not found in ml data; skipping.
2025-06-19 13:01:13,071 - __main__ - WARNING - SCLK value 674042999 not found in ml data; skipping.
2025-06-19 13:01:13,073 - __main__ - WARNING - SCLK value 674044064 not found in ml data; skipping.
2025-06-19 13:01:13,076 - __main__ - WARNING - SCLK value 674051268 not found in ml data; skipping.
2025-06-19 13:01:13,078 - __main__ - WARNING - SCLK value 674056174 not found in ml data; skipping.
2025-06-19 13:01:13,081 - __main__ - WARNING - SCLK value 674122081 not found in ml data; skipping.
2025-06-19 13:01:13,083 - __main__ - WARNING - SCLK value 674128125 not found in ml data; skipping.
2025-06-19 13:01:13,085 - __main__ - WARNING - SCLK value 674128981 not found in ml data; skipping.
2025-06-19 13:01:13,088 - __main__ - WARNING - SCLK value 674133319 not found in ml data; skipping.
2025-06-19 13:01:13,091 - __main__ - WARNING - SCLK value 674140571 not found in ml data; skipping.
2025-06-19 13:01:13,092 - __main__ - WARNING - SCLK value 674213517 not found in ml data; skipping.
2025-06-19 13:01:13,095 - __main__ - WARNING - SCLK value 674218894 not found in ml data; skipping.
2025-06-19 13:01:13,098 - __main__ - WARNING - SCLK value 674228677 not found in ml data; skipping.
2025-06-19 13:01:13,100 - __main__ - WARNING - SCLK value 674304877 not found in ml data; skipping.
2025-06-19 13:01:13,102 - __main__ - WARNING - SCLK value 674307030 not found in ml data; skipping.
2025-06-19 13:01:13,105 - __main__ - WARNING - SCLK value 674307104 not found in ml data; skipping.
2025-06-19 13:01:13,107 - __main__ - WARNING - SCLK value 674317907 not found in ml data; skipping.
2025-06-19 13:01:13,110 - __main__ - WARNING - SCLK value 674398187 not found in ml data; skipping.
2025-06-19 13:01:13,112 - __main__ - WARNING - SCLK value 674410494 not found in ml data; skipping.
2025-06-19 13:01:13,114 - __main__ - WARNING - SCLK value 674482627 not found in ml data; skipping.
2025-06-19 13:01:13,117 - __main__ - WARNING - SCLK value 674483906 not found in ml data; skipping.
2025-06-19 13:01:13,120 - __main__ - WARNING - SCLK value 674484439 not found in ml data; skipping.
2025-06-19 13:01:13,122 - __main__ - WARNING - SCLK value 674491238 not found in ml data; skipping.
2025-06-19 13:01:13,125 - __main__ - WARNING - SCLK value 674492008 not found in ml data; skipping.
2025-06-19 13:01:13,127 - __main__ - WARNING - SCLK value 674497424 not found in ml data; skipping.
2025-06-19 13:01:13,129 - __main__ - WARNING - SCLK value 674498121 not found in ml data; skipping.
2025-06-19 13:01:13,132 - __main__ - WARNING - SCLK value 674568708 not found in ml data; skipping.
2025-06-19 13:01:13,134 - __main__ - WARNING - SCLK value 674573756 not found in ml data; skipping.
2025-06-19 13:01:13,137 - __main__ - WARNING - SCLK value 674575721 not found in ml data; skipping.
2025-06-19 13:01:13,139 - __main__ - WARNING - SCLK value 674582484 not found in ml data; skipping.
2025-06-19 13:01:13,142 - __main__ - WARNING - SCLK value 674666247 not found in ml data; skipping.
2025-06-19 13:01:13,144 - __main__ - WARNING - SCLK value 674666809 not found in ml data; skipping.
2025-06-19 13:01:13,147 - __main__ - WARNING - SCLK value 674667232 not found in ml data; skipping.
2025-06-19 13:01:13,150 - __main__ - WARNING - SCLK value 674669243 not found in ml data; skipping.
2025-06-19 13:01:13,152 - __main__ - WARNING - SCLK value 674751396 not found in ml data; skipping.
2025-06-19 13:01:13,154 - __main__ - WARNING - SCLK value 674837510 not found in ml data; skipping.
2025-06-19 13:01:13,156 - __main__ - WARNING - SCLK value 674845274 not found in ml data; skipping.
2025-06-19 13:01:13,158 - __main__ - WARNING - SCLK value 674846962 not found in ml data; skipping.
2025-06-19 13:01:13,160 - __main__ - WARNING - SCLK value 674850855 not found in ml data; skipping.
2025-06-19 13:01:13,251 - __main__ - INFO - Processing validation data around vortex events...
2025-06-19 13:01:13,253 - __main__ - WARNING - SCLK value 668288145 not found in ml data; skipping.
2025-06-19 13:01:13,254 - __main__ - WARNING - SCLK value 668288356 not found in ml data; skipping.
2025-06-19 13:01:13,255 - __main__ - WARNING - SCLK value 668363851 not found in ml data; skipping.
2025-06-19 13:01:13,255 - __main__ - WARNING - SCLK value 668370696 not found in ml data; skipping.
2025-06-19 13:01:13,256 - __main__ - WARNING - SCLK value 668373458 not found in ml data; skipping.
2025-06-19 13:01:13,256 - __main__ - WARNING - SCLK value 668450709 not found in ml data; skipping.
2025-06-19 13:01:13,257 - __main__ - WARNING - SCLK value 668451679 not found in ml data; skipping.
2025-06-19 13:01:13,258 - __main__ - WARNING - SCLK value 668465594 not found in ml data; skipping.
2025-06-19 13:01:13,259 - __main__ - WARNING - SCLK value 668471362 not found in ml data; skipping.
2025-06-19 13:01:13,260 - __main__ - WARNING - SCLK value 668534767 not found in ml data; skipping.
2025-06-19 13:01:13,261 - __main__ - WARNING - SCLK value 668540964 not found in ml data; skipping.
2025-06-19 13:01:13,262 - __main__ - WARNING - SCLK value 668541515 not found in ml data; skipping.
2025-06-19 13:01:13,263 - __main__ - WARNING - SCLK value 668542064 not found in ml data; skipping.
2025-06-19 13:01:13,264 - __main__ - WARNING - SCLK value 668542340 not found in ml data; skipping.
2025-06-19 13:01:13,264 - __main__ - WARNING - SCLK value 668551101 not found in ml data; skipping.
2025-06-19 13:01:13,265 - __main__ - WARNING - SCLK value 668555682 not found in ml data; skipping.
2025-06-19 13:01:13,266 - __main__ - WARNING - SCLK value 668556124 not found in ml data; skipping.
2025-06-19 13:01:13,266 - __main__ - WARNING - SCLK value 668557517 not found in ml data; skipping.
2025-06-19 13:01:13,267 - __main__ - WARNING - SCLK value 668716847 not found in ml data; skipping.
2025-06-19 13:01:13,269 - __main__ - WARNING - SCLK value 668723694 not found in ml data; skipping.
2025-06-19 13:01:13,269 - __main__ - WARNING - SCLK value 668801790 not found in ml data; skipping.
2025-06-19 13:01:13,270 - __main__ - WARNING - SCLK value 668808927 not found in ml data; skipping.
2025-06-19 13:01:13,271 - __main__ - WARNING - SCLK value 668810541 not found in ml data; skipping.
2025-06-19 13:01:13,272 - __main__ - WARNING - SCLK value 668811652 not found in ml data; skipping.
2025-06-19 13:01:13,273 - __main__ - WARNING - SCLK value 668816129 not found in ml data; skipping.
2025-06-19 13:01:13,273 - __main__ - WARNING - SCLK value 669426485 not found in ml data; skipping.
2025-06-19 13:01:13,274 - __main__ - WARNING - SCLK value 669427340 not found in ml data; skipping.
2025-06-19 13:01:13,275 - __main__ - WARNING - SCLK value 669434405 not found in ml data; skipping.
2025-06-19 13:01:13,276 - __main__ - WARNING - SCLK value 669434703 not found in ml data; skipping.
2025-06-19 13:01:13,277 - __main__ - WARNING - SCLK value 669518763 not found in ml data; skipping.
2025-06-19 13:01:13,279 - __main__ - WARNING - SCLK value 669519478 not found in ml data; skipping.
2025-06-19 13:01:13,279 - __main__ - WARNING - SCLK value 669531860 not found in ml data; skipping.
2025-06-19 13:01:13,280 - __main__ - WARNING - SCLK value 669626803 not found in ml data; skipping.
2025-06-19 13:01:13,281 - __main__ - WARNING - SCLK value 669688619 not found in ml data; skipping.
2025-06-19 13:01:13,282 - __main__ - WARNING - SCLK value 669690018 not found in ml data; skipping.
2025-06-19 13:01:13,283 - __main__ - WARNING - SCLK value 669690620 not found in ml data; skipping.
2025-06-19 13:01:13,284 - __main__ - WARNING - SCLK value 669704197 not found in ml data; skipping.
2025-06-19 13:01:13,285 - __main__ - WARNING - SCLK value 669779409 not found in ml data; skipping.
2025-06-19 13:01:13,285 - __main__ - WARNING - SCLK value 669780445 not found in ml data; skipping.
2025-06-19 13:01:13,286 - __main__ - WARNING - SCLK value 669787866 not found in ml data; skipping.
2025-06-19 13:01:13,287 - __main__ - WARNING - SCLK value 669787881 not found in ml data; skipping.
2025-06-19 13:01:13,288 - __main__ - WARNING - SCLK value 669870405 not found in ml data; skipping.
2025-06-19 13:01:13,288 - __main__ - WARNING - SCLK value 669873580 not found in ml data; skipping.
2025-06-19 13:01:13,289 - __main__ - WARNING - SCLK value 669882031 not found in ml data; skipping.
2025-06-19 13:01:13,291 - __main__ - WARNING - SCLK value 669886865 not found in ml data; skipping.
2025-06-19 13:01:13,292 - __main__ - WARNING - SCLK value 669958088 not found in ml data; skipping.
2025-06-19 13:01:13,292 - __main__ - WARNING - SCLK value 669959376 not found in ml data; skipping.
2025-06-19 13:01:13,294 - __main__ - WARNING - SCLK value 669959712 not found in ml data; skipping.
2025-06-19 13:01:13,295 - __main__ - WARNING - SCLK value 669960008 not found in ml data; skipping.
2025-06-19 13:01:13,296 - __main__ - WARNING - SCLK value 669960347 not found in ml data; skipping.
2025-06-19 13:01:13,297 - __main__ - WARNING - SCLK value 669962940 not found in ml data; skipping.
2025-06-19 13:01:13,298 - __main__ - WARNING - SCLK value 669964312 not found in ml data; skipping.
2025-06-19 13:01:13,299 - __main__ - WARNING - SCLK value 669965150 not found in ml data; skipping.
2025-06-19 13:01:13,300 - __main__ - WARNING - SCLK value 669971696 not found in ml data; skipping.
2025-06-19 13:01:13,301 - __main__ - WARNING - SCLK value 670046942 not found in ml data; skipping.
2025-06-19 13:01:13,301 - __main__ - WARNING - SCLK value 670047546 not found in ml data; skipping.
2025-06-19 13:01:13,302 - __main__ - WARNING - SCLK value 670055611 not found in ml data; skipping.
2025-06-19 13:01:13,303 - __main__ - WARNING - SCLK value 670129653 not found in ml data; skipping.
2025-06-19 13:01:13,304 - __main__ - WARNING - SCLK value 670136668 not found in ml data; skipping.
2025-06-19 13:01:13,305 - __main__ - WARNING - SCLK value 670138695 not found in ml data; skipping.
2025-06-19 13:01:13,306 - __main__ - WARNING - SCLK value 670225439 not found in ml data; skipping.
2025-06-19 13:01:13,306 - __main__ - WARNING - SCLK value 670232335 not found in ml data; skipping.
2025-06-19 13:01:13,307 - __main__ - WARNING - SCLK value 670232986 not found in ml data; skipping.
2025-06-19 13:01:13,308 - __main__ - WARNING - SCLK value 670233871 not found in ml data; skipping.
2025-06-19 13:01:13,308 - __main__ - WARNING - SCLK value 670313772 not found in ml data; skipping.
2025-06-19 13:01:13,309 - __main__ - WARNING - SCLK value 670315385 not found in ml data; skipping.
2025-06-19 13:01:13,310 - __main__ - WARNING - SCLK value 670317790 not found in ml data; skipping.
2025-06-19 13:01:13,311 - __main__ - WARNING - SCLK value 670321691 not found in ml data; skipping.
2025-06-19 13:01:13,312 - __main__ - WARNING - SCLK value 670325686 not found in ml data; skipping.
2025-06-19 13:01:13,313 - __main__ - WARNING - SCLK value 670329256 not found in ml data; skipping.
2025-06-19 13:01:13,313 - __main__ - WARNING - SCLK value 670398725 not found in ml data; skipping.
2025-06-19 13:01:13,314 - __main__ - WARNING - SCLK value 670402854 not found in ml data; skipping.
2025-06-19 13:01:13,315 - __main__ - WARNING - SCLK value 670403870 not found in ml data; skipping.
2025-06-19 13:01:13,316 - __main__ - WARNING - SCLK value 670409834 not found in ml data; skipping.
2025-06-19 13:01:13,317 - __main__ - WARNING - SCLK value 670412275 not found in ml data; skipping.
2025-06-19 13:01:13,319 - __main__ - WARNING - SCLK value 670412326 not found in ml data; skipping.
2025-06-19 13:01:13,319 - __main__ - WARNING - SCLK value 670578458 not found in ml data; skipping.
2025-06-19 13:01:13,320 - __main__ - WARNING - SCLK value 670580613 not found in ml data; skipping.
2025-06-19 13:01:13,321 - __main__ - WARNING - SCLK value 670584569 not found in ml data; skipping.
2025-06-19 13:01:13,322 - __main__ - WARNING - SCLK value 670584657 not found in ml data; skipping.
2025-06-19 13:01:13,322 - __main__ - WARNING - SCLK value 670587674 not found in ml data; skipping.
2025-06-19 13:01:13,323 - __main__ - WARNING - SCLK value 670594461 not found in ml data; skipping.
2025-06-19 13:01:13,324 - __main__ - WARNING - SCLK value 670841835 not found in ml data; skipping.
2025-06-19 13:01:13,326 - __main__ - WARNING - SCLK value 670842459 not found in ml data; skipping.
2025-06-19 13:01:13,327 - __main__ - WARNING - SCLK value 670849047 not found in ml data; skipping.
2025-06-19 13:01:13,328 - __main__ - WARNING - SCLK value 670852738 not found in ml data; skipping.
2025-06-19 13:01:13,328 - __main__ - WARNING - SCLK value 670856365 not found in ml data; skipping.
2025-06-19 13:01:13,329 - __main__ - WARNING - SCLK value 670859755 not found in ml data; skipping.
2025-06-19 13:01:13,330 - __main__ - WARNING - SCLK value 670870370 not found in ml data; skipping.
2025-06-19 13:01:13,331 - __main__ - WARNING - SCLK value 670929808 not found in ml data; skipping.
2025-06-19 13:01:13,332 - __main__ - WARNING - SCLK value 670930554 not found in ml data; skipping.
2025-06-19 13:01:13,333 - __main__ - WARNING - SCLK value 670933108 not found in ml data; skipping.
2025-06-19 13:01:13,334 - __main__ - WARNING - SCLK value 670934582 not found in ml data; skipping.
2025-06-19 13:01:13,334 - __main__ - WARNING - SCLK value 670938327 not found in ml data; skipping.
2025-06-19 13:01:13,335 - __main__ - WARNING - SCLK value 670938389 not found in ml data; skipping.
2025-06-19 13:01:13,336 - __main__ - WARNING - SCLK value 670940703 not found in ml data; skipping.
2025-06-19 13:01:13,336 - __main__ - WARNING - SCLK value 670945386 not found in ml data; skipping.
2025-06-19 13:01:13,338 - __main__ - WARNING - SCLK value 670961352 not found in ml data; skipping.
2025-06-19 13:01:13,339 - __main__ - WARNING - SCLK value 671024106 not found in ml data; skipping.
2025-06-19 13:01:13,340 - __main__ - WARNING - SCLK value 671027864 not found in ml data; skipping.
2025-06-19 13:01:13,341 - __main__ - WARNING - SCLK value 671027972 not found in ml data; skipping.
2025-06-19 13:01:13,342 - __main__ - WARNING - SCLK value 671033906 not found in ml data; skipping.
2025-06-19 13:01:13,342 - __main__ - WARNING - SCLK value 671039200 not found in ml data; skipping.
2025-06-19 13:01:13,343 - __main__ - WARNING - SCLK value 671109364 not found in ml data; skipping.
2025-06-19 13:01:13,344 - __main__ - WARNING - SCLK value 671113914 not found in ml data; skipping.
2025-06-19 13:01:13,345 - __main__ - WARNING - SCLK value 671114679 not found in ml data; skipping.
2025-06-19 13:01:13,346 - __main__ - WARNING - SCLK value 671115255 not found in ml data; skipping.
2025-06-19 13:01:13,347 - __main__ - WARNING - SCLK value 671115289 not found in ml data; skipping.
2025-06-19 13:01:13,348 - __main__ - WARNING - SCLK value 671120289 not found in ml data; skipping.
2025-06-19 13:01:13,348 - __main__ - WARNING - SCLK value 671126006 not found in ml data; skipping.
2025-06-19 13:01:13,349 - __main__ - WARNING - SCLK value 671126607 not found in ml data; skipping.
2025-06-19 13:01:13,350 - __main__ - WARNING - SCLK value 671127245 not found in ml data; skipping.
2025-06-19 13:01:13,350 - __main__ - WARNING - SCLK value 671139428 not found in ml data; skipping.
2025-06-19 13:01:13,351 - __main__ - WARNING - SCLK value 671204280 not found in ml data; skipping.
2025-06-19 13:01:13,352 - __main__ - WARNING - SCLK value 671213291 not found in ml data; skipping.
2025-06-19 13:01:13,353 - __main__ - WARNING - SCLK value 671214052 not found in ml data; skipping.
2025-06-19 13:01:13,354 - __main__ - WARNING - SCLK value 671224977 not found in ml data; skipping.
2025-06-19 13:01:13,354 - __main__ - WARNING - SCLK value 671291649 not found in ml data; skipping.
2025-06-19 13:01:13,356 - __main__ - WARNING - SCLK value 671294608 not found in ml data; skipping.
2025-06-19 13:01:13,357 - __main__ - WARNING - SCLK value 671302478 not found in ml data; skipping.
2025-06-19 13:01:13,357 - __main__ - WARNING - SCLK value 671302909 not found in ml data; skipping.
2025-06-19 13:01:13,358 - __main__ - WARNING - SCLK value 671308300 not found in ml data; skipping.
2025-06-19 13:01:13,359 - __main__ - WARNING - SCLK value 671376036 not found in ml data; skipping.
2025-06-19 13:01:13,360 - __main__ - WARNING - SCLK value 671376059 not found in ml data; skipping.
2025-06-19 13:01:13,361 - __main__ - WARNING - SCLK value 671376348 not found in ml data; skipping.
2025-06-19 13:01:13,362 - __main__ - WARNING - SCLK value 671376844 not found in ml data; skipping.
2025-06-19 13:01:13,362 - __main__ - WARNING - SCLK value 671377912 not found in ml data; skipping.
2025-06-19 13:01:13,363 - __main__ - WARNING - SCLK value 671379183 not found in ml data; skipping.
2025-06-19 13:01:13,364 - __main__ - WARNING - SCLK value 671384112 not found in ml data; skipping.
2025-06-19 13:01:13,364 - __main__ - WARNING - SCLK value 671391076 not found in ml data; skipping.
2025-06-19 13:01:13,366 - __main__ - WARNING - SCLK value 671395245 not found in ml data; skipping.
2025-06-19 13:01:13,366 - __main__ - WARNING - SCLK value 671466934 not found in ml data; skipping.
2025-06-19 13:01:13,367 - __main__ - WARNING - SCLK value 671468200 not found in ml data; skipping.
2025-06-19 13:01:13,368 - __main__ - WARNING - SCLK value 671559311 not found in ml data; skipping.
2025-06-19 13:01:13,368 - __main__ - WARNING - SCLK value 671560213 not found in ml data; skipping.
2025-06-19 13:01:13,369 - __main__ - WARNING - SCLK value 671561065 not found in ml data; skipping.
2025-06-19 13:01:13,370 - __main__ - WARNING - SCLK value 671563881 not found in ml data; skipping.
2025-06-19 13:01:13,371 - __main__ - WARNING - SCLK value 671570327 not found in ml data; skipping.
2025-06-19 13:01:13,372 - __main__ - WARNING - SCLK value 671641441 not found in ml data; skipping.
2025-06-19 13:01:13,373 - __main__ - WARNING - SCLK value 671644549 not found in ml data; skipping.
2025-06-19 13:01:13,374 - __main__ - WARNING - SCLK value 671645443 not found in ml data; skipping.
2025-06-19 13:01:13,375 - __main__ - WARNING - SCLK value 671648210 not found in ml data; skipping.
2025-06-19 13:01:13,375 - __main__ - WARNING - SCLK value 671656101 not found in ml data; skipping.
2025-06-19 13:01:13,376 - __main__ - WARNING - SCLK value 671731643 not found in ml data; skipping.
2025-06-19 13:01:13,377 - __main__ - WARNING - SCLK value 671740824 not found in ml data; skipping.
2025-06-19 13:01:13,377 - __main__ - WARNING - SCLK value 671746873 not found in ml data; skipping.
2025-06-19 13:01:13,378 - __main__ - WARNING - SCLK value 671823162 not found in ml data; skipping.
2025-06-19 13:01:13,379 - __main__ - WARNING - SCLK value 671823654 not found in ml data; skipping.
2025-06-19 13:01:13,380 - __main__ - WARNING - SCLK value 671823993 not found in ml data; skipping.
2025-06-19 13:01:13,381 - __main__ - WARNING - SCLK value 671824646 not found in ml data; skipping.
2025-06-19 13:01:13,382 - __main__ - WARNING - SCLK value 671825542 not found in ml data; skipping.
2025-06-19 13:01:13,382 - __main__ - WARNING - SCLK value 671831605 not found in ml data; skipping.
2025-06-19 13:01:13,383 - __main__ - WARNING - SCLK value 671834757 not found in ml data; skipping.
2025-06-19 13:01:13,384 - __main__ - WARNING - SCLK value 671904824 not found in ml data; skipping.
2025-06-19 13:01:13,385 - __main__ - WARNING - SCLK value 671909321 not found in ml data; skipping.
2025-06-19 13:01:13,386 - __main__ - WARNING - SCLK value 671911350 not found in ml data; skipping.
2025-06-19 13:01:13,386 - __main__ - WARNING - SCLK value 671913231 not found in ml data; skipping.
2025-06-19 13:01:13,387 - __main__ - WARNING - SCLK value 671915681 not found in ml data; skipping.
2025-06-19 13:01:13,389 - __main__ - WARNING - SCLK value 671916470 not found in ml data; skipping.
2025-06-19 13:01:13,390 - __main__ - WARNING - SCLK value 671920779 not found in ml data; skipping.
2025-06-19 13:01:13,390 - __main__ - WARNING - SCLK value 671921784 not found in ml data; skipping.
2025-06-19 13:01:13,391 - __main__ - WARNING - SCLK value 671995990 not found in ml data; skipping.
2025-06-19 13:01:13,392 - __main__ - WARNING - SCLK value 672002175 not found in ml data; skipping.
2025-06-19 13:01:13,392 - __main__ - WARNING - SCLK value 672002362 not found in ml data; skipping.
2025-06-19 13:01:13,393 - __main__ - WARNING - SCLK value 672104482 not found in ml data; skipping.
2025-06-19 13:01:13,394 - __main__ - WARNING - SCLK value 672178090 not found in ml data; skipping.
2025-06-19 13:01:13,395 - __main__ - WARNING - SCLK value 672180689 not found in ml data; skipping.
2025-06-19 13:01:13,396 - __main__ - WARNING - SCLK value 672181444 not found in ml data; skipping.
2025-06-19 13:01:13,396 - __main__ - WARNING - SCLK value 672182115 not found in ml data; skipping.
2025-06-19 13:01:13,398 - __main__ - WARNING - SCLK value 672183596 not found in ml data; skipping.
2025-06-19 13:01:13,399 - __main__ - WARNING - SCLK value 672185170 not found in ml data; skipping.
2025-06-19 13:01:13,400 - __main__ - WARNING - SCLK value 672190662 not found in ml data; skipping.
2025-06-19 13:01:13,400 - __main__ - WARNING - SCLK value 672267244 not found in ml data; skipping.
2025-06-19 13:01:13,401 - __main__ - WARNING - SCLK value 672269283 not found in ml data; skipping.
2025-06-19 13:01:13,402 - __main__ - WARNING - SCLK value 672269792 not found in ml data; skipping.
2025-06-19 13:01:13,403 - __main__ - WARNING - SCLK value 672350659 not found in ml data; skipping.
2025-06-19 13:01:13,404 - __main__ - WARNING - SCLK value 672352068 not found in ml data; skipping.
2025-06-19 13:01:13,405 - __main__ - WARNING - SCLK value 672355502 not found in ml data; skipping.
2025-06-19 13:01:13,405 - __main__ - WARNING - SCLK value 672357238 not found in ml data; skipping.
2025-06-19 13:01:13,406 - __main__ - WARNING - SCLK value 672359382 not found in ml data; skipping.
2025-06-19 13:01:13,407 - __main__ - WARNING - SCLK value 672362559 not found in ml data; skipping.
2025-06-19 13:01:13,408 - __main__ - WARNING - SCLK value 672365510 not found in ml data; skipping.
2025-06-19 13:01:13,408 - __main__ - WARNING - SCLK value 672365820 not found in ml data; skipping.
2025-06-19 13:01:13,409 - __main__ - WARNING - SCLK value 672445220 not found in ml data; skipping.
2025-06-19 13:01:13,410 - __main__ - WARNING - SCLK value 672445462 not found in ml data; skipping.
2025-06-19 13:01:13,411 - __main__ - WARNING - SCLK value 672446338 not found in ml data; skipping.
2025-06-19 13:01:13,412 - __main__ - WARNING - SCLK value 672528720 not found in ml data; skipping.
2025-06-19 13:01:13,412 - __main__ - WARNING - SCLK value 672531916 not found in ml data; skipping.
2025-06-19 13:01:13,413 - __main__ - INFO - Processing vortex SCLK 672538692 found at ml index: 2160537
2025-06-19 13:01:13,415 - __main__ - INFO - Processing vortex SCLK 672546578 found at ml index: 2165928
2025-06-19 13:01:13,416 - __main__ - INFO - Processing vortex SCLK 672548966 found at ml index: 2168316
2025-06-19 13:01:13,417 - __main__ - INFO - Processing vortex SCLK 672621236 found at ml index: 2212733
2025-06-19 13:01:13,418 - __main__ - INFO - Processing vortex SCLK 672622288 found at ml index: 2213785
2025-06-19 13:01:13,419 - __main__ - INFO - Processing vortex SCLK 672624313 found at ml index: 2215810
2025-06-19 13:01:13,420 - __main__ - INFO - Processing vortex SCLK 672624475 found at ml index: 2215972
2025-06-19 13:01:13,422 - __main__ - INFO - Processing vortex SCLK 672626109 found at ml index: 2217606
2025-06-19 13:01:13,423 - __main__ - INFO - Processing vortex SCLK 672626122 found at ml index: 2217619
2025-06-19 13:01:13,425 - __main__ - INFO - Processing vortex SCLK 672706787 found at ml index: 2270942
2025-06-19 13:01:13,426 - __main__ - INFO - Processing vortex SCLK 672709027 found at ml index: 2273182
2025-06-19 13:01:13,427 - __main__ - INFO - Processing vortex SCLK 672711149 found at ml index: 2275304
2025-06-19 13:01:13,429 - __main__ - INFO - Processing vortex SCLK 672711621 found at ml index: 2275776
2025-06-19 13:01:13,430 - __main__ - INFO - Processing vortex SCLK 672713266 found at ml index: 2277421
2025-06-19 13:01:13,431 - __main__ - INFO - Processing vortex SCLK 672713337 found at ml index: 2277492
2025-06-19 13:01:13,432 - __main__ - INFO - Processing vortex SCLK 672715961 found at ml index: 2280116
2025-06-19 13:01:13,434 - __main__ - INFO - Processing vortex SCLK 672718373 found at ml index: 2282528
2025-06-19 13:01:13,435 - __main__ - INFO - Processing vortex SCLK 672719375 found at ml index: 2283530
2025-06-19 13:01:13,436 - __main__ - INFO - Processing vortex SCLK 672721953 found at ml index: 2286108
2025-06-19 13:01:13,437 - __main__ - INFO - Processing vortex SCLK 672801263 found at ml index: 2334241
2025-06-19 13:01:13,438 - __main__ - INFO - Processing vortex SCLK 672801630 found at ml index: 2334608
2025-06-19 13:01:13,440 - __main__ - INFO - Processing vortex SCLK 672804797 found at ml index: 2337775
2025-06-19 13:01:13,441 - __main__ - INFO - Processing vortex SCLK 672884603 found at ml index: 2387935
2025-06-19 13:01:13,442 - __main__ - INFO - Processing vortex SCLK 672884933 found at ml index: 2388265
2025-06-19 13:01:13,443 - __main__ - INFO - Processing vortex SCLK 672885216 found at ml index: 2388548
2025-06-19 13:01:13,445 - __main__ - INFO - Processing vortex SCLK 672889286 found at ml index: 2392618
2025-06-19 13:01:13,446 - __main__ - INFO - Processing vortex SCLK 672890283 found at ml index: 2393615
2025-06-19 13:01:13,447 - __main__ - INFO - Processing vortex SCLK 672894510 found at ml index: 2397842
2025-06-19 13:01:13,448 - __main__ - INFO - Processing vortex SCLK 672964384 found at ml index: 2443850
2025-06-19 13:01:13,449 - __main__ - INFO - Processing vortex SCLK 672973742 found at ml index: 2448162
2025-06-19 13:01:13,451 - __main__ - INFO - Processing vortex SCLK 672976272 found at ml index: 2450692
2025-06-19 13:01:13,452 - __main__ - INFO - Processing vortex SCLK 672979607 found at ml index: 2454027
2025-06-19 13:01:13,453 - __main__ - INFO - Processing vortex SCLK 672983982 found at ml index: 2458402
2025-06-19 13:01:13,454 - __main__ - INFO - Processing vortex SCLK 672984068 found at ml index: 2458488
2025-06-19 13:01:13,456 - __main__ - INFO - Processing vortex SCLK 672984973 found at ml index: 2459393
2025-06-19 13:01:13,457 - __main__ - INFO - Processing vortex SCLK 672985340 found at ml index: 2459760
2025-06-19 13:01:13,458 - __main__ - INFO - Processing vortex SCLK 673068974 found at ml index: 2512676
2025-06-19 13:01:13,459 - __main__ - INFO - Processing vortex SCLK 673072073 found at ml index: 2515775
2025-06-19 13:01:13,460 - __main__ - INFO - Processing vortex SCLK 673076429 found at ml index: 2518680
2025-06-19 13:01:13,462 - __main__ - INFO - Processing vortex SCLK 673078972 found at ml index: 2521223
2025-06-19 13:01:13,463 - __main__ - INFO - Processing vortex SCLK 673147721 found at ml index: 2565489
2025-06-19 13:01:13,464 - __main__ - INFO - Processing vortex SCLK 673240962 found at ml index: 2629833
2025-06-19 13:01:13,466 - __main__ - INFO - Processing vortex SCLK 673242020 found at ml index: 2630891
2025-06-19 13:01:13,467 - __main__ - INFO - Processing vortex SCLK 673243964 found at ml index: 2632835
2025-06-19 13:01:13,469 - __main__ - INFO - Processing vortex SCLK 673245884 found at ml index: 2634755
2025-06-19 13:01:13,470 - __main__ - INFO - Processing vortex SCLK 673251635 found at ml index: 2640506
2025-06-19 13:01:13,471 - __main__ - INFO - Processing vortex SCLK 673254242 found at ml index: 2643113
2025-06-19 13:01:13,473 - __main__ - INFO - Processing vortex SCLK 673328658 found at ml index: 2691425
2025-06-19 13:01:13,474 - __main__ - INFO - Processing vortex SCLK 673329003 found at ml index: 2691770
2025-06-19 13:01:13,475 - __main__ - INFO - Processing vortex SCLK 673332835 found at ml index: 2695602
2025-06-19 13:01:13,476 - __main__ - INFO - Processing vortex SCLK 673332863 found at ml index: 2695630
2025-06-19 13:01:13,478 - __main__ - INFO - Processing vortex SCLK 673334070 found at ml index: 2696837
2025-06-19 13:01:13,479 - __main__ - INFO - Processing vortex SCLK 673334708 found at ml index: 2697475
2025-06-19 13:01:13,480 - __main__ - INFO - Processing vortex SCLK 673338788 found at ml index: 2701555
2025-06-19 13:01:13,481 - __main__ - INFO - Processing vortex SCLK 673340481 found at ml index: 2703248
2025-06-19 13:01:13,482 - __main__ - INFO - Processing vortex SCLK 673344227 found at ml index: 2706994
2025-06-19 13:01:13,484 - __main__ - INFO - Processing vortex SCLK 673424713 found at ml index: 2760219
2025-06-19 13:01:13,485 - __main__ - INFO - Processing vortex SCLK 673429348 found at ml index: 2764854
2025-06-19 13:01:13,486 - __main__ - INFO - Processing vortex SCLK 673500853 found at ml index: 2811671
2025-06-19 13:01:13,487 - __main__ - INFO - Processing vortex SCLK 673512599 found at ml index: 2821820
2025-06-19 13:01:13,488 - __main__ - INFO - Processing vortex SCLK 673513373 found at ml index: 2822594
2025-06-19 13:01:13,489 - __main__ - INFO - Processing vortex SCLK 673514725 found at ml index: 2823946
2025-06-19 13:01:13,491 - __main__ - INFO - Processing vortex SCLK 673594180 found at ml index: 2868616
2025-06-19 13:01:13,492 - __main__ - INFO - Processing vortex SCLK 673597335 found at ml index: 2871771
2025-06-19 13:01:13,493 - __main__ - WARNING - SCLK value 673598754 not found in ml data; skipping.
2025-06-19 13:01:13,494 - __main__ - WARNING - SCLK value 673606937 not found in ml data; skipping.
2025-06-19 13:01:13,494 - __main__ - WARNING - SCLK value 673680243 not found in ml data; skipping.
2025-06-19 13:01:13,495 - __main__ - WARNING - SCLK value 673681579 not found in ml data; skipping.
2025-06-19 13:01:13,496 - __main__ - WARNING - SCLK value 673685675 not found in ml data; skipping.
2025-06-19 13:01:13,497 - __main__ - WARNING - SCLK value 673694236 not found in ml data; skipping.
2025-06-19 13:01:13,497 - __main__ - WARNING - SCLK value 673694529 not found in ml data; skipping.
2025-06-19 13:01:13,499 - __main__ - WARNING - SCLK value 673773378 not found in ml data; skipping.
2025-06-19 13:01:13,500 - __main__ - WARNING - SCLK value 673779637 not found in ml data; skipping.
2025-06-19 13:01:13,501 - __main__ - WARNING - SCLK value 673781075 not found in ml data; skipping.
2025-06-19 13:01:13,501 - __main__ - WARNING - SCLK value 673858855 not found in ml data; skipping.
2025-06-19 13:01:13,502 - __main__ - WARNING - SCLK value 673863604 not found in ml data; skipping.
2025-06-19 13:01:13,503 - __main__ - WARNING - SCLK value 673865805 not found in ml data; skipping.
2025-06-19 13:01:13,503 - __main__ - WARNING - SCLK value 673874053 not found in ml data; skipping.
2025-06-19 13:01:13,504 - __main__ - WARNING - SCLK value 673948338 not found in ml data; skipping.
2025-06-19 13:01:13,505 - __main__ - WARNING - SCLK value 673951488 not found in ml data; skipping.
2025-06-19 13:01:13,506 - __main__ - WARNING - SCLK value 673955512 not found in ml data; skipping.
2025-06-19 13:01:13,507 - __main__ - WARNING - SCLK value 673958960 not found in ml data; skipping.
2025-06-19 13:01:13,508 - __main__ - WARNING - SCLK value 674041445 not found in ml data; skipping.
2025-06-19 13:01:13,508 - __main__ - WARNING - SCLK value 674042999 not found in ml data; skipping.
2025-06-19 13:01:13,509 - __main__ - WARNING - SCLK value 674044064 not found in ml data; skipping.
2025-06-19 13:01:13,510 - __main__ - WARNING - SCLK value 674051268 not found in ml data; skipping.
2025-06-19 13:01:13,511 - __main__ - WARNING - SCLK value 674056174 not found in ml data; skipping.
2025-06-19 13:01:13,512 - __main__ - WARNING - SCLK value 674122081 not found in ml data; skipping.
2025-06-19 13:01:13,513 - __main__ - WARNING - SCLK value 674128125 not found in ml data; skipping.
2025-06-19 13:01:13,514 - __main__ - WARNING - SCLK value 674128981 not found in ml data; skipping.
2025-06-19 13:01:13,515 - __main__ - WARNING - SCLK value 674133319 not found in ml data; skipping.
2025-06-19 13:01:13,515 - __main__ - WARNING - SCLK value 674140571 not found in ml data; skipping.
2025-06-19 13:01:13,516 - __main__ - WARNING - SCLK value 674213517 not found in ml data; skipping.
2025-06-19 13:01:13,517 - __main__ - WARNING - SCLK value 674218894 not found in ml data; skipping.
2025-06-19 13:01:13,518 - __main__ - WARNING - SCLK value 674228677 not found in ml data; skipping.
2025-06-19 13:01:13,519 - __main__ - WARNING - SCLK value 674304877 not found in ml data; skipping.
2025-06-19 13:01:13,519 - __main__ - WARNING - SCLK value 674307030 not found in ml data; skipping.
2025-06-19 13:01:13,520 - __main__ - WARNING - SCLK value 674307104 not found in ml data; skipping.
2025-06-19 13:01:13,521 - __main__ - WARNING - SCLK value 674317907 not found in ml data; skipping.
2025-06-19 13:01:13,522 - __main__ - WARNING - SCLK value 674398187 not found in ml data; skipping.
2025-06-19 13:01:13,523 - __main__ - WARNING - SCLK value 674410494 not found in ml data; skipping.
2025-06-19 13:01:13,523 - __main__ - WARNING - SCLK value 674482627 not found in ml data; skipping.
2025-06-19 13:01:13,524 - __main__ - WARNING - SCLK value 674483906 not found in ml data; skipping.
2025-06-19 13:01:13,525 - __main__ - WARNING - SCLK value 674484439 not found in ml data; skipping.
2025-06-19 13:01:13,526 - __main__ - WARNING - SCLK value 674491238 not found in ml data; skipping.
2025-06-19 13:01:13,528 - __main__ - WARNING - SCLK value 674492008 not found in ml data; skipping.
2025-06-19 13:01:13,529 - __main__ - WARNING - SCLK value 674497424 not found in ml data; skipping.
2025-06-19 13:01:13,529 - __main__ - WARNING - SCLK value 674498121 not found in ml data; skipping.
2025-06-19 13:01:13,530 - __main__ - WARNING - SCLK value 674568708 not found in ml data; skipping.
2025-06-19 13:01:13,531 - __main__ - WARNING - SCLK value 674573756 not found in ml data; skipping.
2025-06-19 13:01:13,531 - __main__ - WARNING - SCLK value 674575721 not found in ml data; skipping.
2025-06-19 13:01:13,532 - __main__ - WARNING - SCLK value 674582484 not found in ml data; skipping.
2025-06-19 13:01:13,533 - __main__ - WARNING - SCLK value 674666247 not found in ml data; skipping.
2025-06-19 13:01:13,534 - __main__ - WARNING - SCLK value 674666809 not found in ml data; skipping.
2025-06-19 13:01:13,535 - __main__ - WARNING - SCLK value 674667232 not found in ml data; skipping.
2025-06-19 13:01:13,536 - __main__ - WARNING - SCLK value 674669243 not found in ml data; skipping.
2025-06-19 13:01:13,536 - __main__ - WARNING - SCLK value 674751396 not found in ml data; skipping.
2025-06-19 13:01:13,536 - __main__ - WARNING - SCLK value 674837510 not found in ml data; skipping.
2025-06-19 13:01:13,537 - __main__ - WARNING - SCLK value 674845274 not found in ml data; skipping.
2025-06-19 13:01:13,538 - __main__ - WARNING - SCLK value 674846962 not found in ml data; skipping.
2025-06-19 13:01:13,539 - __main__ - WARNING - SCLK value 674850855 not found in ml data; skipping.
2025-06-19 13:01:13,540 - __main__ - INFO - Preparing features and labels...
2025-06-19 13:01:13,542 - __main__ - INFO - Validating feature matrix...
2025-06-19 13:01:13,545 - __main__ - WARNING - Feature matrix issues detected:
2025-06-19 13:01:13,545 - __main__ - WARNING - - High correlation between pressure_drop_ratio and pressure_change: -1.00
2025-06-19 13:01:13,546 - __main__ - WARNING - - High correlation between pressure_drop_ratio and pressure_range: 0.95
2025-06-19 13:01:13,546 - __main__ - WARNING - - High correlation between pressure_drop_ratio and rate_of_change_mean: -0.99
2025-06-19 13:01:13,546 - __main__ - WARNING - - High correlation between pressure_change and pressure_range: -0.95
2025-06-19 13:01:13,546 - __main__ - WARNING - - High correlation between pressure_change and rate_of_change_mean: 0.99
2025-06-19 13:01:13,547 - __main__ - WARNING - - High correlation between mean_pressure and min_pressure: 1.00
2025-06-19 13:01:13,547 - __main__ - WARNING - - High correlation between mean_pressure and max_pressure: 1.00
2025-06-19 13:01:13,547 - __main__ - WARNING - - High correlation between mean_pressure and long_term_mean: 1.00
2025-06-19 13:01:13,547 - __main__ - WARNING - - High correlation between std_pressure and pressure_range: 0.96
2025-06-19 13:01:13,547 - __main__ - WARNING - - High correlation between min_pressure and max_pressure: 1.00
2025-06-19 13:01:13,547 - __main__ - WARNING - - High correlation between min_pressure and long_term_mean: 1.00
2025-06-19 13:01:13,548 - __main__ - WARNING - - High correlation between max_pressure and long_term_mean: 1.00
2025-06-19 13:01:13,548 - __main__ - WARNING - - High correlation between pressure_range and rate_of_change_std: 0.96
2025-06-19 13:01:13,548 - __main__ - WARNING - - High correlation between rate_of_change_std and rate_of_change_max: 0.99
2025-06-19 13:01:13,548 - __main__ - INFO - Splitting processed data into train/val for model training...
2025-06-19 13:01:13,548 - __main__ - INFO - Processed train set: 14241 samples
2025-06-19 13:01:13,548 - __main__ - INFO - Processed validation set: 4747 samples
2025-06-19 13:01:13,549 - __main__ - INFO - Training Random Forest classifier...
2025-06-19 13:01:16,431 - __main__ - INFO - Random Forest training completed.
2025-06-19 13:01:16,431 - __main__ - INFO - Generating evaluation plots...
2025-06-19 13:01:38,918 - __main__ - INFO - Processing test set with sliding windows for realistic evaluation...
2025-06-19 13:01:38,918 - __main__ - INFO - Processing 717985 test windows with step size 1
2025-06-19 13:02:34,778 - __main__ - INFO - Reading vortex SCLK data...
2025-06-19 13:02:34,781 - __main__ - INFO - Successfully read 309 SCLK values from ../data/Jackson_vortex_detections_reformatted_augmented.csv
2025-06-19 13:02:34,781 - __main__ - INFO - Successfully read 309 SCLK values
2025-06-19 13:02:34,781 - __main__ - INFO - Reading ML data...
2025-06-19 13:02:36,943 - __main__ - INFO - Successfully loaded ML data from ../data/ml_ready_vortex_data.csv
2025-06-19 13:02:36,944 - __main__ - INFO - Successfully loaded ML data with 3590168 rows
2025-06-19 13:02:36,944 - __main__ - INFO - Validating data quality...
2025-06-19 13:02:37,346 - __main__ - WARNING - Data quality issues detected:
2025-06-19 13:02:37,346 - __main__ - WARNING - - Missing values found: {'gt_vortex_ind': 3577695}
2025-06-19 13:02:37,346 - __main__ - WARNING - - Severe class imbalance detected: 0.51% positive samples
2025-06-19 13:02:37,346 - __main__ - INFO - Splitting raw data chronologically before processing...
2025-06-19 13:02:37,346 - __main__ - INFO - Raw train set: 2154100 rows
2025-06-19 13:02:37,346 - __main__ - INFO - Raw validation set: 718034 rows
2025-06-19 13:02:37,346 - __main__ - INFO - Raw test set: 718034 rows
2025-06-19 13:02:37,348 - __main__ - INFO - ==================================================
2025-06-19 13:02:37,348 - __main__ - INFO - RAW TEST SET DISTRIBUTION (Before Processing)
2025-06-19 13:02:37,348 - __main__ - INFO - ==================================================
2025-06-19 13:02:37,348 - __main__ - INFO - Test set rows: 718034
2025-06-19 13:02:37,348 - __main__ - INFO - Positive samples: 3318 (0.46%)
2025-06-19 13:02:37,349 - __main__ - INFO - Negative samples: 714716 (99.54%)
2025-06-19 13:02:37,349 - __main__ - INFO - ==================================================
2025-06-19 13:02:37,349 - __main__ - INFO - Processing training data around vortex events...
2025-06-19 13:02:37,352 - __main__ - INFO - Processing vortex SCLK 668288145 found at ml index: 16563
2025-06-19 13:02:37,360 - __main__ - INFO - Processing vortex SCLK 668288356 found at ml index: 16774
2025-06-19 13:02:37,368 - __main__ - INFO - Processing vortex SCLK 668363851 found at ml index: 58206
2025-06-19 13:02:37,377 - __main__ - INFO - Processing vortex SCLK 668370696 found at ml index: 61613
2025-06-19 13:02:37,385 - __main__ - INFO - Processing vortex SCLK 668373458 found at ml index: 64372
2025-06-19 13:02:37,393 - __main__ - INFO - Processing vortex SCLK 668450709 found at ml index: 109929
2025-06-19 13:02:37,400 - __main__ - INFO - Processing vortex SCLK 668451679 found at ml index: 110896
2025-06-19 13:02:37,406 - __main__ - INFO - Processing vortex SCLK 668465594 found at ml index: 113943
2025-06-19 13:02:37,414 - __main__ - INFO - Processing vortex SCLK 668471362 found at ml index: 116280
2025-06-19 13:02:37,422 - __main__ - INFO - Processing vortex SCLK 668534767 found at ml index: 149951
2025-06-19 13:02:37,431 - __main__ - INFO - Processing vortex SCLK 668540964 found at ml index: 156148
2025-06-19 13:02:37,438 - __main__ - INFO - Processing vortex SCLK 668541515 found at ml index: 156699
2025-06-19 13:02:37,446 - __main__ - INFO - Processing vortex SCLK 668542064 found at ml index: 157248
2025-06-19 13:02:37,454 - __main__ - INFO - Processing vortex SCLK 668542340 found at ml index: 157524
2025-06-19 13:02:37,461 - __main__ - INFO - Processing vortex SCLK 668551101 found at ml index: 162084
2025-06-19 13:02:37,470 - __main__ - INFO - Processing vortex SCLK 668555682 found at ml index: 163446
2025-06-19 13:02:37,477 - __main__ - INFO - Processing vortex SCLK 668556124 found at ml index: 163888
2025-06-19 13:02:37,485 - __main__ - INFO - Processing vortex SCLK 668557517 found at ml index: 165281
2025-06-19 13:02:37,492 - __main__ - INFO - Processing vortex SCLK 668716847 found at ml index: 186189
2025-06-19 13:02:37,501 - __main__ - INFO - Processing vortex SCLK 668723694 found at ml index: 189570
2025-06-19 13:02:37,508 - __main__ - INFO - Processing vortex SCLK 668801790 found at ml index: 232821
2025-06-19 13:02:37,516 - __main__ - INFO - Processing vortex SCLK 668808927 found at ml index: 236462
2025-06-19 13:02:37,524 - __main__ - INFO - Processing vortex SCLK 668810541 found at ml index: 238076
2025-06-19 13:02:37,530 - __main__ - INFO - Processing vortex SCLK 668811652 found at ml index: 239187
2025-06-19 13:02:37,538 - __main__ - INFO - Processing vortex SCLK 668816129 found at ml index: 243664
2025-06-19 13:02:37,546 - __main__ - INFO - Processing vortex SCLK 669426485 found at ml index: 263130
2025-06-19 13:02:37,554 - __main__ - INFO - Processing vortex SCLK 669427340 found at ml index: 263985
2025-06-19 13:02:37,560 - __main__ - INFO - Processing vortex SCLK 669434405 found at ml index: 267663
2025-06-19 13:02:37,568 - __main__ - INFO - Processing vortex SCLK 669434703 found at ml index: 267961
2025-06-19 13:02:37,576 - __main__ - INFO - Processing vortex SCLK 669518763 found at ml index: 314172
2025-06-19 13:02:37,584 - __main__ - INFO - Processing vortex SCLK 669519478 found at ml index: 314887
2025-06-19 13:02:37,592 - __main__ - INFO - Processing vortex SCLK 669531860 found at ml index: 320377
2025-06-19 13:02:37,598 - __main__ - INFO - Processing vortex SCLK 669626803 found at ml index: 374269
2025-06-19 13:02:37,605 - __main__ - INFO - Processing vortex SCLK 669688619 found at ml index: 407952
2025-06-19 13:02:37,612 - __main__ - INFO - Processing vortex SCLK 669690018 found at ml index: 409351
2025-06-19 13:02:37,619 - __main__ - INFO - Processing vortex SCLK 669690620 found at ml index: 409953
2025-06-19 13:02:37,626 - __main__ - INFO - Processing vortex SCLK 669704197 found at ml index: 416696
2025-06-19 13:02:37,634 - __main__ - INFO - Processing vortex SCLK 669779409 found at ml index: 457637
2025-06-19 13:02:37,643 - __main__ - INFO - Processing vortex SCLK 669780445 found at ml index: 458673
2025-06-19 13:02:37,650 - __main__ - INFO - Processing vortex SCLK 669787866 found at ml index: 466094
2025-06-19 13:02:37,658 - __main__ - INFO - Processing vortex SCLK 669787881 found at ml index: 466109
2025-06-19 13:02:37,665 - __main__ - INFO - Processing vortex SCLK 669870405 found at ml index: 512761
2025-06-19 13:02:37,673 - __main__ - INFO - Processing vortex SCLK 669873580 found at ml index: 515936
2025-06-19 13:02:37,679 - __main__ - INFO - Processing vortex SCLK 669882031 found at ml index: 522188
2025-06-19 13:02:37,686 - __main__ - INFO - Processing vortex SCLK 669886865 found at ml index: 524448
2025-06-19 13:02:37,694 - __main__ - INFO - Processing vortex SCLK 669958088 found at ml index: 564661
2025-06-19 13:02:37,702 - __main__ - INFO - Processing vortex SCLK 669959376 found at ml index: 565949
2025-06-19 13:02:37,709 - __main__ - INFO - Processing vortex SCLK 669959712 found at ml index: 566285
2025-06-19 13:02:37,716 - __main__ - INFO - Processing vortex SCLK 669960008 found at ml index: 566581
2025-06-19 13:02:37,723 - __main__ - INFO - Processing vortex SCLK 669960347 found at ml index: 566920
2025-06-19 13:02:37,731 - __main__ - INFO - Processing vortex SCLK 669962940 found at ml index: 569513
2025-06-19 13:02:37,737 - __main__ - INFO - Processing vortex SCLK 669964312 found at ml index: 570885
2025-06-19 13:02:37,744 - __main__ - INFO - Processing vortex SCLK 669965150 found at ml index: 571723
2025-06-19 13:02:37,753 - __main__ - INFO - Processing vortex SCLK 669971696 found at ml index: 575571
2025-06-19 13:02:37,761 - __main__ - INFO - Processing vortex SCLK 670046942 found at ml index: 618056
2025-06-19 13:02:37,768 - __main__ - INFO - Processing vortex SCLK 670047546 found at ml index: 618660
2025-06-19 13:02:37,774 - __main__ - INFO - Processing vortex SCLK 670055611 found at ml index: 626725
2025-06-19 13:02:37,782 - __main__ - INFO - Processing vortex SCLK 670129653 found at ml index: 676671
2025-06-19 13:02:37,789 - __main__ - INFO - Processing vortex SCLK 670136668 found at ml index: 680243
2025-06-19 13:02:37,796 - __main__ - INFO - Processing vortex SCLK 670138695 found at ml index: 682270
2025-06-19 13:02:37,804 - __main__ - INFO - Processing vortex SCLK 670225439 found at ml index: 735507
2025-06-19 13:02:37,811 - __main__ - INFO - Processing vortex SCLK 670232335 found at ml index: 739271
2025-06-19 13:02:37,818 - __main__ - INFO - Processing vortex SCLK 670232986 found at ml index: 739922
2025-06-19 13:02:37,826 - __main__ - INFO - Processing vortex SCLK 670233871 found at ml index: 740807
2025-06-19 13:02:37,833 - __main__ - INFO - Processing vortex SCLK 670313772 found at ml index: 794758
2025-06-19 13:02:37,840 - __main__ - INFO - Processing vortex SCLK 670315385 found at ml index: 796371
2025-06-19 13:02:37,848 - __main__ - INFO - Processing vortex SCLK 670317790 found at ml index: 798776
2025-06-19 13:02:37,855 - __main__ - INFO - Processing vortex SCLK 670321691 found at ml index: 802677
2025-06-19 13:02:37,862 - __main__ - INFO - Processing vortex SCLK 670325686 found at ml index: 804517
2025-06-19 13:02:37,869 - __main__ - INFO - Processing vortex SCLK 670329256 found at ml index: 808087
2025-06-19 13:02:37,876 - __main__ - INFO - Processing vortex SCLK 670398725 found at ml index: 848668
2025-06-19 13:02:37,884 - __main__ - INFO - Processing vortex SCLK 670402854 found at ml index: 852797
2025-06-19 13:02:37,891 - __main__ - INFO - Processing vortex SCLK 670403870 found at ml index: 853813
2025-06-19 13:02:37,900 - __main__ - INFO - Processing vortex SCLK 670409834 found at ml index: 857575
2025-06-19 13:02:37,906 - __main__ - INFO - Processing vortex SCLK 670412275 found at ml index: 860016
2025-06-19 13:02:37,913 - __main__ - INFO - Processing vortex SCLK 670412326 found at ml index: 860067
2025-06-19 13:02:37,920 - __main__ - INFO - Processing vortex SCLK 670578458 found at ml index: 934664
2025-06-19 13:02:37,927 - __main__ - INFO - Processing vortex SCLK 670580613 found at ml index: 936819
2025-06-19 13:02:37,934 - __main__ - INFO - Processing vortex SCLK 670584569 found at ml index: 940775
2025-06-19 13:02:37,941 - __main__ - INFO - Processing vortex SCLK 670584657 found at ml index: 940863
2025-06-19 13:02:37,948 - __main__ - INFO - Processing vortex SCLK 670587674 found at ml index: 943880
2025-06-19 13:02:37,956 - __main__ - INFO - Processing vortex SCLK 670594461 found at ml index: 947971
2025-06-19 13:02:37,964 - __main__ - INFO - Processing vortex SCLK 670841835 found at ml index: 1065790
2025-06-19 13:02:37,971 - __main__ - INFO - Processing vortex SCLK 670842459 found at ml index: 1066414
2025-06-19 13:02:37,978 - __main__ - INFO - Processing vortex SCLK 670849047 found at ml index: 1073002
2025-06-19 13:02:37,985 - __main__ - INFO - Processing vortex SCLK 670852738 found at ml index: 1076693
2025-06-19 13:02:37,993 - __main__ - INFO - Processing vortex SCLK 670856365 found at ml index: 1077977
2025-06-19 13:02:38,000 - __main__ - INFO - Processing vortex SCLK 670859755 found at ml index: 1081367
2025-06-19 13:02:38,008 - __main__ - INFO - Processing vortex SCLK 670870370 found at ml index: 1088579
2025-06-19 13:02:38,014 - __main__ - INFO - Processing vortex SCLK 670929808 found at ml index: 1120753
2025-06-19 13:02:38,022 - __main__ - INFO - Processing vortex SCLK 670930554 found at ml index: 1121499
2025-06-19 13:02:38,029 - __main__ - INFO - Processing vortex SCLK 670933108 found at ml index: 1124053
2025-06-19 13:02:38,036 - __main__ - INFO - Processing vortex SCLK 670934582 found at ml index: 1125527
2025-06-19 13:02:38,043 - __main__ - INFO - Processing vortex SCLK 670938327 found at ml index: 1129272
2025-06-19 13:02:38,051 - __main__ - INFO - Processing vortex SCLK 670938389 found at ml index: 1129334
2025-06-19 13:02:38,057 - __main__ - INFO - Processing vortex SCLK 670940703 found at ml index: 1131648
2025-06-19 13:02:38,065 - __main__ - INFO - Processing vortex SCLK 670945386 found at ml index: 1136331
2025-06-19 13:02:38,071 - __main__ - INFO - Processing vortex SCLK 670961352 found at ml index: 1146283
2025-06-19 13:02:38,079 - __main__ - INFO - Processing vortex SCLK 671024106 found at ml index: 1181789
2025-06-19 13:02:38,086 - __main__ - INFO - Processing vortex SCLK 671027864 found at ml index: 1185547
2025-06-19 13:02:38,092 - __main__ - INFO - Processing vortex SCLK 671027972 found at ml index: 1185655
2025-06-19 13:02:38,099 - __main__ - INFO - Processing vortex SCLK 671033906 found at ml index: 1191589
2025-06-19 13:02:38,106 - __main__ - INFO - Processing vortex SCLK 671039200 found at ml index: 1194533
2025-06-19 13:02:38,113 - __main__ - INFO - Processing vortex SCLK 671109364 found at ml index: 1233979
2025-06-19 13:02:38,121 - __main__ - INFO - Processing vortex SCLK 671113914 found at ml index: 1238529
2025-06-19 13:02:38,128 - __main__ - INFO - Processing vortex SCLK 671114679 found at ml index: 1239294
2025-06-19 13:02:38,135 - __main__ - INFO - Processing vortex SCLK 671115255 found at ml index: 1239870
2025-06-19 13:02:38,142 - __main__ - INFO - Processing vortex SCLK 671115289 found at ml index: 1239904
2025-06-19 13:02:38,150 - __main__ - INFO - Processing vortex SCLK 671120289 found at ml index: 1244904
2025-06-19 13:02:38,157 - __main__ - INFO - Processing vortex SCLK 671126006 found at ml index: 1250026
2025-06-19 13:02:38,164 - __main__ - INFO - Processing vortex SCLK 671126607 found at ml index: 1250627
2025-06-19 13:02:38,173 - __main__ - INFO - Processing vortex SCLK 671127245 found at ml index: 1251265
2025-06-19 13:02:38,181 - __main__ - INFO - Processing vortex SCLK 671139428 found at ml index: 1260040
2025-06-19 13:02:38,189 - __main__ - INFO - Processing vortex SCLK 671204280 found at ml index: 1299428
2025-06-19 13:02:38,196 - __main__ - INFO - Processing vortex SCLK 671213291 found at ml index: 1306235
2025-06-19 13:02:38,203 - __main__ - INFO - Processing vortex SCLK 671214052 found at ml index: 1306996
2025-06-19 13:02:38,209 - __main__ - INFO - Processing vortex SCLK 671224977 found at ml index: 1314440
2025-06-19 13:02:38,217 - __main__ - INFO - Processing vortex SCLK 671291649 found at ml index: 1353739
2025-06-19 13:02:38,225 - __main__ - INFO - Processing vortex SCLK 671294608 found at ml index: 1356698
2025-06-19 13:02:38,231 - __main__ - INFO - Processing vortex SCLK 671302478 found at ml index: 1361737
2025-06-19 13:02:38,239 - __main__ - INFO - Processing vortex SCLK 671302909 found at ml index: 1362168
2025-06-19 13:02:38,246 - __main__ - INFO - Processing vortex SCLK 671308300 found at ml index: 1365532
2025-06-19 13:02:38,253 - __main__ - INFO - Processing vortex SCLK 671376036 found at ml index: 1404444
2025-06-19 13:02:38,261 - __main__ - INFO - Processing vortex SCLK 671376059 found at ml index: 1404467
2025-06-19 13:02:38,267 - __main__ - INFO - Processing vortex SCLK 671376348 found at ml index: 1404756
2025-06-19 13:02:38,274 - __main__ - INFO - Processing vortex SCLK 671376844 found at ml index: 1405252
2025-06-19 13:02:38,282 - __main__ - INFO - Processing vortex SCLK 671377912 found at ml index: 1406320
2025-06-19 13:02:38,289 - __main__ - INFO - Processing vortex SCLK 671379183 found at ml index: 1407591
2025-06-19 13:02:38,296 - __main__ - INFO - Processing vortex SCLK 671384112 found at ml index: 1412520
2025-06-19 13:02:38,303 - __main__ - INFO - Processing vortex SCLK 671391076 found at ml index: 1419484
2025-06-19 13:02:38,311 - __main__ - INFO - Processing vortex SCLK 671395245 found at ml index: 1422765
2025-06-19 13:02:38,318 - __main__ - INFO - Processing vortex SCLK 671466934 found at ml index: 1463807
2025-06-19 13:02:38,325 - __main__ - INFO - Processing vortex SCLK 671468200 found at ml index: 1465073
2025-06-19 13:02:38,332 - __main__ - INFO - Processing vortex SCLK 671559311 found at ml index: 1524850
2025-06-19 13:02:38,339 - __main__ - INFO - Processing vortex SCLK 671560213 found at ml index: 1525752
2025-06-19 13:02:38,348 - __main__ - INFO - Processing vortex SCLK 671561065 found at ml index: 1526604
2025-06-19 13:02:38,355 - __main__ - INFO - Processing vortex SCLK 671563881 found at ml index: 1529420
2025-06-19 13:02:38,363 - __main__ - INFO - Processing vortex SCLK 671570327 found at ml index: 1532373
2025-06-19 13:02:38,370 - __main__ - INFO - Processing vortex SCLK 671641441 found at ml index: 1572853
2025-06-19 13:02:38,377 - __main__ - INFO - Processing vortex SCLK 671644549 found at ml index: 1575961
2025-06-19 13:02:38,385 - __main__ - INFO - Processing vortex SCLK 671645443 found at ml index: 1576855
2025-06-19 13:02:38,392 - __main__ - INFO - Processing vortex SCLK 671648210 found at ml index: 1579622
2025-06-19 13:02:38,400 - __main__ - INFO - Processing vortex SCLK 671656101 found at ml index: 1585256
2025-06-19 13:02:38,407 - __main__ - INFO - Processing vortex SCLK 671731643 found at ml index: 1630294
2025-06-19 13:02:38,414 - __main__ - INFO - Processing vortex SCLK 671740824 found at ml index: 1639475
2025-06-19 13:02:38,421 - __main__ - INFO - Processing vortex SCLK 671746873 found at ml index: 1643237
2025-06-19 13:02:38,428 - __main__ - INFO - Processing vortex SCLK 671823162 found at ml index: 1688879
2025-06-19 13:02:38,435 - __main__ - INFO - Processing vortex SCLK 671823654 found at ml index: 1689371
2025-06-19 13:02:38,442 - __main__ - INFO - Processing vortex SCLK 671823993 found at ml index: 1689710
2025-06-19 13:02:38,449 - __main__ - INFO - Processing vortex SCLK 671824646 found at ml index: 1690363
2025-06-19 13:02:38,457 - __main__ - INFO - Processing vortex SCLK 671825542 found at ml index: 1691259
2025-06-19 13:02:38,466 - __main__ - INFO - Processing vortex SCLK 671831605 found at ml index: 1697322
2025-06-19 13:02:38,474 - __main__ - INFO - Processing vortex SCLK 671834757 found at ml index: 1700474
2025-06-19 13:02:38,481 - __main__ - INFO - Processing vortex SCLK 671904824 found at ml index: 1740981
2025-06-19 13:02:38,489 - __main__ - INFO - Processing vortex SCLK 671909321 found at ml index: 1743885
2025-06-19 13:02:38,496 - __main__ - INFO - Processing vortex SCLK 671911350 found at ml index: 1745914
2025-06-19 13:02:38,505 - __main__ - INFO - Processing vortex SCLK 671913231 found at ml index: 1747795
2025-06-19 13:02:38,512 - __main__ - INFO - Processing vortex SCLK 671915681 found at ml index: 1750245
2025-06-19 13:02:38,521 - __main__ - INFO - Processing vortex SCLK 671916470 found at ml index: 1751034
2025-06-19 13:02:38,528 - __main__ - INFO - Processing vortex SCLK 671920779 found at ml index: 1755343
2025-06-19 13:02:38,536 - __main__ - INFO - Processing vortex SCLK 671921784 found at ml index: 1756348
2025-06-19 13:02:38,544 - __main__ - INFO - Processing vortex SCLK 671995990 found at ml index: 1801016
2025-06-19 13:02:38,552 - __main__ - INFO - Processing vortex SCLK 672002175 found at ml index: 1807201
2025-06-19 13:02:38,559 - __main__ - INFO - Processing vortex SCLK 672002362 found at ml index: 1807388
2025-06-19 13:02:38,566 - __main__ - INFO - Processing vortex SCLK 672104482 found at ml index: 1874652
2025-06-19 13:02:38,574 - __main__ - INFO - Processing vortex SCLK 672178090 found at ml index: 1921075
2025-06-19 13:02:38,581 - __main__ - INFO - Processing vortex SCLK 672180689 found at ml index: 1923674
2025-06-19 13:02:38,589 - __main__ - INFO - Processing vortex SCLK 672181444 found at ml index: 1924429
2025-06-19 13:02:38,597 - __main__ - INFO - Processing vortex SCLK 672182115 found at ml index: 1925100
2025-06-19 13:02:38,604 - __main__ - INFO - Processing vortex SCLK 672183596 found at ml index: 1926581
2025-06-19 13:02:38,612 - __main__ - INFO - Processing vortex SCLK 672185170 found at ml index: 1928155
2025-06-19 13:02:38,618 - __main__ - INFO - Processing vortex SCLK 672190662 found at ml index: 1931494
2025-06-19 13:02:38,626 - __main__ - INFO - Processing vortex SCLK 672267244 found at ml index: 1979457
2025-06-19 13:02:38,633 - __main__ - INFO - Processing vortex SCLK 672269283 found at ml index: 1981496
2025-06-19 13:02:38,641 - __main__ - INFO - Processing vortex SCLK 672269792 found at ml index: 1982005
2025-06-19 13:02:38,648 - __main__ - INFO - Processing vortex SCLK 672350659 found at ml index: 2035489
2025-06-19 13:02:38,656 - __main__ - INFO - Processing vortex SCLK 672352068 found at ml index: 2036898
2025-06-19 13:02:38,663 - __main__ - INFO - Processing vortex SCLK 672355502 found at ml index: 2040332
2025-06-19 13:02:38,671 - __main__ - INFO - Processing vortex SCLK 672357238 found at ml index: 2042068
2025-06-19 13:02:38,678 - __main__ - INFO - Processing vortex SCLK 672359382 found at ml index: 2044212
2025-06-19 13:02:38,686 - __main__ - INFO - Processing vortex SCLK 672362559 found at ml index: 2047389
2025-06-19 13:02:38,692 - __main__ - INFO - Processing vortex SCLK 672365510 found at ml index: 2050340
2025-06-19 13:02:38,699 - __main__ - INFO - Processing vortex SCLK 672365820 found at ml index: 2050650
2025-06-19 13:02:38,706 - __main__ - INFO - Processing vortex SCLK 672445220 found at ml index: 2096997
2025-06-19 13:02:38,714 - __main__ - INFO - Processing vortex SCLK 672445462 found at ml index: 2097239
2025-06-19 13:02:38,721 - __main__ - INFO - Processing vortex SCLK 672446338 found at ml index: 2098115
2025-06-19 13:02:38,728 - __main__ - INFO - Processing vortex SCLK 672528720 found at ml index: 2150565
2025-06-19 13:02:38,735 - __main__ - INFO - Processing vortex SCLK 672531916 found at ml index: 2153761
2025-06-19 13:02:38,741 - __main__ - WARNING - SCLK value 672538692 not found in ml data; skipping.
2025-06-19 13:02:38,744 - __main__ - WARNING - SCLK value 672546578 not found in ml data; skipping.
2025-06-19 13:02:38,746 - __main__ - WARNING - SCLK value 672548966 not found in ml data; skipping.
2025-06-19 13:02:38,749 - __main__ - WARNING - SCLK value 672621236 not found in ml data; skipping.
2025-06-19 13:02:38,751 - __main__ - WARNING - SCLK value 672622288 not found in ml data; skipping.
2025-06-19 13:02:38,753 - __main__ - WARNING - SCLK value 672624313 not found in ml data; skipping.
2025-06-19 13:02:38,755 - __main__ - WARNING - SCLK value 672624475 not found in ml data; skipping.
2025-06-19 13:02:38,757 - __main__ - WARNING - SCLK value 672626109 not found in ml data; skipping.
2025-06-19 13:02:38,761 - __main__ - WARNING - SCLK value 672626122 not found in ml data; skipping.
2025-06-19 13:02:38,763 - __main__ - WARNING - SCLK value 672706787 not found in ml data; skipping.
2025-06-19 13:02:38,765 - __main__ - WARNING - SCLK value 672709027 not found in ml data; skipping.
2025-06-19 13:02:38,767 - __main__ - WARNING - SCLK value 672711149 not found in ml data; skipping.
2025-06-19 13:02:38,769 - __main__ - WARNING - SCLK value 672711621 not found in ml data; skipping.
2025-06-19 13:02:38,772 - __main__ - WARNING - SCLK value 672713266 not found in ml data; skipping.
2025-06-19 13:02:38,774 - __main__ - WARNING - SCLK value 672713337 not found in ml data; skipping.
2025-06-19 13:02:38,776 - __main__ - WARNING - SCLK value 672715961 not found in ml data; skipping.
2025-06-19 13:02:38,778 - __main__ - WARNING - SCLK value 672718373 not found in ml data; skipping.
2025-06-19 13:02:38,780 - __main__ - WARNING - SCLK value 672719375 not found in ml data; skipping.
2025-06-19 13:02:38,782 - __main__ - WARNING - SCLK value 672721953 not found in ml data; skipping.
2025-06-19 13:02:38,784 - __main__ - WARNING - SCLK value 672801263 not found in ml data; skipping.
2025-06-19 13:02:38,786 - __main__ - WARNING - SCLK value 672801630 not found in ml data; skipping.
2025-06-19 13:02:38,790 - __main__ - WARNING - SCLK value 672804797 not found in ml data; skipping.
2025-06-19 13:02:38,792 - __main__ - WARNING - SCLK value 672884603 not found in ml data; skipping.
2025-06-19 13:02:38,794 - __main__ - WARNING - SCLK value 672884933 not found in ml data; skipping.
2025-06-19 13:02:38,796 - __main__ - WARNING - SCLK value 672885216 not found in ml data; skipping.
2025-06-19 13:02:38,799 - __main__ - WARNING - SCLK value 672889286 not found in ml data; skipping.
2025-06-19 13:02:38,801 - __main__ - WARNING - SCLK value 672890283 not found in ml data; skipping.
2025-06-19 13:02:38,804 - __main__ - WARNING - SCLK value 672894510 not found in ml data; skipping.
2025-06-19 13:02:38,806 - __main__ - WARNING - SCLK value 672964384 not found in ml data; skipping.
2025-06-19 13:02:38,808 - __main__ - WARNING - SCLK value 672973742 not found in ml data; skipping.
2025-06-19 13:02:38,810 - __main__ - WARNING - SCLK value 672976272 not found in ml data; skipping.
2025-06-19 13:02:38,812 - __main__ - WARNING - SCLK value 672979607 not found in ml data; skipping.
2025-06-19 13:02:38,815 - __main__ - WARNING - SCLK value 672983982 not found in ml data; skipping.
2025-06-19 13:02:38,818 - __main__ - WARNING - SCLK value 672984068 not found in ml data; skipping.
2025-06-19 13:02:38,820 - __main__ - WARNING - SCLK value 672984973 not found in ml data; skipping.
2025-06-19 13:02:38,823 - __main__ - WARNING - SCLK value 672985340 not found in ml data; skipping.
2025-06-19 13:02:38,825 - __main__ - WARNING - SCLK value 673068974 not found in ml data; skipping.
2025-06-19 13:02:38,827 - __main__ - WARNING - SCLK value 673072073 not found in ml data; skipping.
2025-06-19 13:02:38,829 - __main__ - WARNING - SCLK value 673076429 not found in ml data; skipping.
2025-06-19 13:02:38,831 - __main__ - WARNING - SCLK value 673078972 not found in ml data; skipping.
2025-06-19 13:02:38,834 - __main__ - WARNING - SCLK value 673147721 not found in ml data; skipping.
2025-06-19 13:02:38,836 - __main__ - WARNING - SCLK value 673240962 not found in ml data; skipping.
2025-06-19 13:02:38,838 - __main__ - WARNING - SCLK value 673242020 not found in ml data; skipping.
2025-06-19 13:02:38,841 - __main__ - WARNING - SCLK value 673243964 not found in ml data; skipping.
2025-06-19 13:02:38,843 - __main__ - WARNING - SCLK value 673245884 not found in ml data; skipping.
2025-06-19 13:02:38,846 - __main__ - WARNING - SCLK value 673251635 not found in ml data; skipping.
2025-06-19 13:02:38,849 - __main__ - WARNING - SCLK value 673254242 not found in ml data; skipping.
2025-06-19 13:02:38,852 - __main__ - WARNING - SCLK value 673328658 not found in ml data; skipping.
2025-06-19 13:02:38,854 - __main__ - WARNING - SCLK value 673329003 not found in ml data; skipping.
2025-06-19 13:02:38,856 - __main__ - WARNING - SCLK value 673332835 not found in ml data; skipping.
2025-06-19 13:02:38,858 - __main__ - WARNING - SCLK value 673332863 not found in ml data; skipping.
2025-06-19 13:02:38,861 - __main__ - WARNING - SCLK value 673334070 not found in ml data; skipping.
2025-06-19 13:02:38,863 - __main__ - WARNING - SCLK value 673334708 not found in ml data; skipping.
2025-06-19 13:02:38,865 - __main__ - WARNING - SCLK value 673338788 not found in ml data; skipping.
2025-06-19 13:02:38,868 - __main__ - WARNING - SCLK value 673340481 not found in ml data; skipping.
2025-06-19 13:02:38,877 - __main__ - WARNING - SCLK value 673344227 not found in ml data; skipping.
2025-06-19 13:02:38,881 - __main__ - WARNING - SCLK value 673424713 not found in ml data; skipping.
2025-06-19 13:02:38,886 - __main__ - WARNING - SCLK value 673429348 not found in ml data; skipping.
2025-06-19 13:02:38,891 - __main__ - WARNING - SCLK value 673500853 not found in ml data; skipping.
2025-06-19 13:02:38,894 - __main__ - WARNING - SCLK value 673512599 not found in ml data; skipping.
2025-06-19 13:02:38,897 - __main__ - WARNING - SCLK value 673513373 not found in ml data; skipping.
2025-06-19 13:02:38,901 - __main__ - WARNING - SCLK value 673514725 not found in ml data; skipping.
2025-06-19 13:02:38,904 - __main__ - WARNING - SCLK value 673594180 not found in ml data; skipping.
2025-06-19 13:02:38,907 - __main__ - WARNING - SCLK value 673597335 not found in ml data; skipping.
2025-06-19 13:02:38,910 - __main__ - WARNING - SCLK value 673598754 not found in ml data; skipping.
2025-06-19 13:02:38,912 - __main__ - WARNING - SCLK value 673606937 not found in ml data; skipping.
2025-06-19 13:02:38,917 - __main__ - WARNING - SCLK value 673680243 not found in ml data; skipping.
2025-06-19 13:02:38,920 - __main__ - WARNING - SCLK value 673681579 not found in ml data; skipping.
2025-06-19 13:02:38,924 - __main__ - WARNING - SCLK value 673685675 not found in ml data; skipping.
2025-06-19 13:02:38,926 - __main__ - WARNING - SCLK value 673694236 not found in ml data; skipping.
2025-06-19 13:02:38,929 - __main__ - WARNING - SCLK value 673694529 not found in ml data; skipping.
2025-06-19 13:02:38,932 - __main__ - WARNING - SCLK value 673773378 not found in ml data; skipping.
2025-06-19 13:02:38,934 - __main__ - WARNING - SCLK value 673779637 not found in ml data; skipping.
2025-06-19 13:02:38,937 - __main__ - WARNING - SCLK value 673781075 not found in ml data; skipping.
2025-06-19 13:02:38,939 - __main__ - WARNING - SCLK value 673858855 not found in ml data; skipping.
2025-06-19 13:02:38,941 - __main__ - WARNING - SCLK value 673863604 not found in ml data; skipping.
2025-06-19 13:02:38,944 - __main__ - WARNING - SCLK value 673865805 not found in ml data; skipping.
2025-06-19 13:02:38,946 - __main__ - WARNING - SCLK value 673874053 not found in ml data; skipping.
2025-06-19 13:02:38,949 - __main__ - WARNING - SCLK value 673948338 not found in ml data; skipping.
2025-06-19 13:02:38,951 - __main__ - WARNING - SCLK value 673951488 not found in ml data; skipping.
2025-06-19 13:02:38,954 - __main__ - WARNING - SCLK value 673955512 not found in ml data; skipping.
2025-06-19 13:02:38,956 - __main__ - WARNING - SCLK value 673958960 not found in ml data; skipping.
2025-06-19 13:02:38,959 - __main__ - WARNING - SCLK value 674041445 not found in ml data; skipping.
2025-06-19 13:02:38,961 - __main__ - WARNING - SCLK value 674042999 not found in ml data; skipping.
2025-06-19 13:02:38,964 - __main__ - WARNING - SCLK value 674044064 not found in ml data; skipping.
2025-06-19 13:02:38,966 - __main__ - WARNING - SCLK value 674051268 not found in ml data; skipping.
2025-06-19 13:02:38,968 - __main__ - WARNING - SCLK value 674056174 not found in ml data; skipping.
2025-06-19 13:02:38,971 - __main__ - WARNING - SCLK value 674122081 not found in ml data; skipping.
2025-06-19 13:02:38,974 - __main__ - WARNING - SCLK value 674128125 not found in ml data; skipping.
2025-06-19 13:02:38,976 - __main__ - WARNING - SCLK value 674128981 not found in ml data; skipping.
2025-06-19 13:02:38,979 - __main__ - WARNING - SCLK value 674133319 not found in ml data; skipping.
2025-06-19 13:02:38,982 - __main__ - WARNING - SCLK value 674140571 not found in ml data; skipping.
2025-06-19 13:02:38,985 - __main__ - WARNING - SCLK value 674213517 not found in ml data; skipping.
2025-06-19 13:02:38,987 - __main__ - WARNING - SCLK value 674218894 not found in ml data; skipping.
2025-06-19 13:02:38,990 - __main__ - WARNING - SCLK value 674228677 not found in ml data; skipping.
2025-06-19 13:02:38,992 - __main__ - WARNING - SCLK value 674304877 not found in ml data; skipping.
2025-06-19 13:02:38,995 - __main__ - WARNING - SCLK value 674307030 not found in ml data; skipping.
2025-06-19 13:02:38,997 - __main__ - WARNING - SCLK value 674307104 not found in ml data; skipping.
2025-06-19 13:02:39,001 - __main__ - WARNING - SCLK value 674317907 not found in ml data; skipping.
2025-06-19 13:02:39,003 - __main__ - WARNING - SCLK value 674398187 not found in ml data; skipping.
2025-06-19 13:02:39,005 - __main__ - WARNING - SCLK value 674410494 not found in ml data; skipping.
2025-06-19 13:02:39,008 - __main__ - WARNING - SCLK value 674482627 not found in ml data; skipping.
2025-06-19 13:02:39,010 - __main__ - WARNING - SCLK value 674483906 not found in ml data; skipping.
2025-06-19 13:02:39,013 - __main__ - WARNING - SCLK value 674484439 not found in ml data; skipping.
2025-06-19 13:02:39,015 - __main__ - WARNING - SCLK value 674491238 not found in ml data; skipping.
2025-06-19 13:02:39,017 - __main__ - WARNING - SCLK value 674492008 not found in ml data; skipping.
2025-06-19 13:02:39,020 - __main__ - WARNING - SCLK value 674497424 not found in ml data; skipping.
2025-06-19 13:02:39,023 - __main__ - WARNING - SCLK value 674498121 not found in ml data; skipping.
2025-06-19 13:02:39,025 - __main__ - WARNING - SCLK value 674568708 not found in ml data; skipping.
2025-06-19 13:02:39,028 - __main__ - WARNING - SCLK value 674573756 not found in ml data; skipping.
2025-06-19 13:02:39,030 - __main__ - WARNING - SCLK value 674575721 not found in ml data; skipping.
2025-06-19 13:02:39,033 - __main__ - WARNING - SCLK value 674582484 not found in ml data; skipping.
2025-06-19 13:02:39,036 - __main__ - WARNING - SCLK value 674666247 not found in ml data; skipping.
2025-06-19 13:02:39,038 - __main__ - WARNING - SCLK value 674666809 not found in ml data; skipping.
2025-06-19 13:02:39,040 - __main__ - WARNING - SCLK value 674667232 not found in ml data; skipping.
2025-06-19 13:02:39,043 - __main__ - WARNING - SCLK value 674669243 not found in ml data; skipping.
2025-06-19 13:02:39,045 - __main__ - WARNING - SCLK value 674751396 not found in ml data; skipping.
2025-06-19 13:02:39,047 - __main__ - WARNING - SCLK value 674837510 not found in ml data; skipping.
2025-06-19 13:02:39,050 - __main__ - WARNING - SCLK value 674845274 not found in ml data; skipping.
2025-06-19 13:02:39,052 - __main__ - WARNING - SCLK value 674846962 not found in ml data; skipping.
2025-06-19 13:02:39,055 - __main__ - WARNING - SCLK value 674850855 not found in ml data; skipping.
2025-06-19 13:02:39,066 - __main__ - INFO - Processing validation data around vortex events...
2025-06-19 13:02:39,067 - __main__ - WARNING - SCLK value 668288145 not found in ml data; skipping.
2025-06-19 13:02:39,069 - __main__ - WARNING - SCLK value 668288356 not found in ml data; skipping.
2025-06-19 13:02:39,070 - __main__ - WARNING - SCLK value 668363851 not found in ml data; skipping.
2025-06-19 13:02:39,071 - __main__ - WARNING - SCLK value 668370696 not found in ml data; skipping.
2025-06-19 13:02:39,072 - __main__ - WARNING - SCLK value 668373458 not found in ml data; skipping.
2025-06-19 13:02:39,072 - __main__ - WARNING - SCLK value 668450709 not found in ml data; skipping.
2025-06-19 13:02:39,073 - __main__ - WARNING - SCLK value 668451679 not found in ml data; skipping.
2025-06-19 13:02:39,074 - __main__ - WARNING - SCLK value 668465594 not found in ml data; skipping.
2025-06-19 13:02:39,075 - __main__ - WARNING - SCLK value 668471362 not found in ml data; skipping.
2025-06-19 13:02:39,076 - __main__ - WARNING - SCLK value 668534767 not found in ml data; skipping.
2025-06-19 13:02:39,077 - __main__ - WARNING - SCLK value 668540964 not found in ml data; skipping.
2025-06-19 13:02:39,077 - __main__ - WARNING - SCLK value 668541515 not found in ml data; skipping.
2025-06-19 13:02:39,078 - __main__ - WARNING - SCLK value 668542064 not found in ml data; skipping.
2025-06-19 13:02:39,079 - __main__ - WARNING - SCLK value 668542340 not found in ml data; skipping.
2025-06-19 13:02:39,080 - __main__ - WARNING - SCLK value 668551101 not found in ml data; skipping.
2025-06-19 13:02:39,080 - __main__ - WARNING - SCLK value 668555682 not found in ml data; skipping.
2025-06-19 13:02:39,081 - __main__ - WARNING - SCLK value 668556124 not found in ml data; skipping.
2025-06-19 13:02:39,082 - __main__ - WARNING - SCLK value 668557517 not found in ml data; skipping.
2025-06-19 13:02:39,083 - __main__ - WARNING - SCLK value 668716847 not found in ml data; skipping.
2025-06-19 13:02:39,084 - __main__ - WARNING - SCLK value 668723694 not found in ml data; skipping.
2025-06-19 13:02:39,084 - __main__ - WARNING - SCLK value 668801790 not found in ml data; skipping.
2025-06-19 13:02:39,085 - __main__ - WARNING - SCLK value 668808927 not found in ml data; skipping.
2025-06-19 13:02:39,086 - __main__ - WARNING - SCLK value 668810541 not found in ml data; skipping.
2025-06-19 13:02:39,086 - __main__ - WARNING - SCLK value 668811652 not found in ml data; skipping.
2025-06-19 13:02:39,087 - __main__ - WARNING - SCLK value 668816129 not found in ml data; skipping.
2025-06-19 13:02:39,088 - __main__ - WARNING - SCLK value 669426485 not found in ml data; skipping.
2025-06-19 13:02:39,089 - __main__ - WARNING - SCLK value 669427340 not found in ml data; skipping.
2025-06-19 13:02:39,089 - __main__ - WARNING - SCLK value 669434405 not found in ml data; skipping.
2025-06-19 13:02:39,090 - __main__ - WARNING - SCLK value 669434703 not found in ml data; skipping.
2025-06-19 13:02:39,091 - __main__ - WARNING - SCLK value 669518763 not found in ml data; skipping.
2025-06-19 13:02:39,092 - __main__ - WARNING - SCLK value 669519478 not found in ml data; skipping.
2025-06-19 13:02:39,093 - __main__ - WARNING - SCLK value 669531860 not found in ml data; skipping.
2025-06-19 13:02:39,093 - __main__ - WARNING - SCLK value 669626803 not found in ml data; skipping.
2025-06-19 13:02:39,094 - __main__ - WARNING - SCLK value 669688619 not found in ml data; skipping.
2025-06-19 13:02:39,095 - __main__ - WARNING - SCLK value 669690018 not found in ml data; skipping.
2025-06-19 13:02:39,095 - __main__ - WARNING - SCLK value 669690620 not found in ml data; skipping.
2025-06-19 13:02:39,096 - __main__ - WARNING - SCLK value 669704197 not found in ml data; skipping.
2025-06-19 13:02:39,097 - __main__ - WARNING - SCLK value 669779409 not found in ml data; skipping.
2025-06-19 13:02:39,098 - __main__ - WARNING - SCLK value 669780445 not found in ml data; skipping.
2025-06-19 13:02:39,098 - __main__ - WARNING - SCLK value 669787866 not found in ml data; skipping.
2025-06-19 13:02:39,099 - __main__ - WARNING - SCLK value 669787881 not found in ml data; skipping.
2025-06-19 13:02:39,100 - __main__ - WARNING - SCLK value 669870405 not found in ml data; skipping.
2025-06-19 13:02:39,100 - __main__ - WARNING - SCLK value 669873580 not found in ml data; skipping.
2025-06-19 13:02:39,101 - __main__ - WARNING - SCLK value 669882031 not found in ml data; skipping.
2025-06-19 13:02:39,102 - __main__ - WARNING - SCLK value 669886865 not found in ml data; skipping.
2025-06-19 13:02:39,103 - __main__ - WARNING - SCLK value 669958088 not found in ml data; skipping.
2025-06-19 13:02:39,103 - __main__ - WARNING - SCLK value 669959376 not found in ml data; skipping.
2025-06-19 13:02:39,104 - __main__ - WARNING - SCLK value 669959712 not found in ml data; skipping.
2025-06-19 13:02:39,105 - __main__ - WARNING - SCLK value 669960008 not found in ml data; skipping.
2025-06-19 13:02:39,106 - __main__ - WARNING - SCLK value 669960347 not found in ml data; skipping.
2025-06-19 13:02:39,106 - __main__ - WARNING - SCLK value 669962940 not found in ml data; skipping.
2025-06-19 13:02:39,107 - __main__ - WARNING - SCLK value 669964312 not found in ml data; skipping.
2025-06-19 13:02:39,107 - __main__ - WARNING - SCLK value 669965150 not found in ml data; skipping.
2025-06-19 13:02:39,109 - __main__ - WARNING - SCLK value 669971696 not found in ml data; skipping.
2025-06-19 13:02:39,110 - __main__ - WARNING - SCLK value 670046942 not found in ml data; skipping.
2025-06-19 13:02:39,111 - __main__ - WARNING - SCLK value 670047546 not found in ml data; skipping.
2025-06-19 13:02:39,112 - __main__ - WARNING - SCLK value 670055611 not found in ml data; skipping.
2025-06-19 13:02:39,113 - __main__ - WARNING - SCLK value 670129653 not found in ml data; skipping.
2025-06-19 13:02:39,113 - __main__ - WARNING - SCLK value 670136668 not found in ml data; skipping.
2025-06-19 13:02:39,114 - __main__ - WARNING - SCLK value 670138695 not found in ml data; skipping.
2025-06-19 13:02:39,115 - __main__ - WARNING - SCLK value 670225439 not found in ml data; skipping.
2025-06-19 13:02:39,115 - __main__ - WARNING - SCLK value 670232335 not found in ml data; skipping.
2025-06-19 13:02:39,116 - __main__ - WARNING - SCLK value 670232986 not found in ml data; skipping.
2025-06-19 13:02:39,117 - __main__ - WARNING - SCLK value 670233871 not found in ml data; skipping.
2025-06-19 13:02:39,118 - __main__ - WARNING - SCLK value 670313772 not found in ml data; skipping.
2025-06-19 13:02:39,118 - __main__ - WARNING - SCLK value 670315385 not found in ml data; skipping.
2025-06-19 13:02:39,119 - __main__ - WARNING - SCLK value 670317790 not found in ml data; skipping.
2025-06-19 13:02:39,120 - __main__ - WARNING - SCLK value 670321691 not found in ml data; skipping.
2025-06-19 13:02:39,120 - __main__ - WARNING - SCLK value 670325686 not found in ml data; skipping.
2025-06-19 13:02:39,121 - __main__ - WARNING - SCLK value 670329256 not found in ml data; skipping.
2025-06-19 13:02:39,122 - __main__ - WARNING - SCLK value 670398725 not found in ml data; skipping.
2025-06-19 13:02:39,122 - __main__ - WARNING - SCLK value 670402854 not found in ml data; skipping.
2025-06-19 13:02:39,123 - __main__ - WARNING - SCLK value 670403870 not found in ml data; skipping.
2025-06-19 13:02:39,124 - __main__ - WARNING - SCLK value 670409834 not found in ml data; skipping.
2025-06-19 13:02:39,125 - __main__ - WARNING - SCLK value 670412275 not found in ml data; skipping.
2025-06-19 13:02:39,126 - __main__ - WARNING - SCLK value 670412326 not found in ml data; skipping.
2025-06-19 13:02:39,126 - __main__ - WARNING - SCLK value 670578458 not found in ml data; skipping.
2025-06-19 13:02:39,127 - __main__ - WARNING - SCLK value 670580613 not found in ml data; skipping.
2025-06-19 13:02:39,127 - __main__ - WARNING - SCLK value 670584569 not found in ml data; skipping.
2025-06-19 13:02:39,129 - __main__ - WARNING - SCLK value 670584657 not found in ml data; skipping.
2025-06-19 13:02:39,129 - __main__ - WARNING - SCLK value 670587674 not found in ml data; skipping.
2025-06-19 13:02:39,130 - __main__ - WARNING - SCLK value 670594461 not found in ml data; skipping.
2025-06-19 13:02:39,131 - __main__ - WARNING - SCLK value 670841835 not found in ml data; skipping.
2025-06-19 13:02:39,132 - __main__ - WARNING - SCLK value 670842459 not found in ml data; skipping.
2025-06-19 13:02:39,133 - __main__ - WARNING - SCLK value 670849047 not found in ml data; skipping.
2025-06-19 13:02:39,134 - __main__ - WARNING - SCLK value 670852738 not found in ml data; skipping.
2025-06-19 13:02:39,135 - __main__ - WARNING - SCLK value 670856365 not found in ml data; skipping.
2025-06-19 13:02:39,135 - __main__ - WARNING - SCLK value 670859755 not found in ml data; skipping.
2025-06-19 13:02:39,136 - __main__ - WARNING - SCLK value 670870370 not found in ml data; skipping.
2025-06-19 13:02:39,136 - __main__ - WARNING - SCLK value 670929808 not found in ml data; skipping.
2025-06-19 13:02:39,137 - __main__ - WARNING - SCLK value 670930554 not found in ml data; skipping.
2025-06-19 13:02:39,138 - __main__ - WARNING - SCLK value 670933108 not found in ml data; skipping.
2025-06-19 13:02:39,139 - __main__ - WARNING - SCLK value 670934582 not found in ml data; skipping.
2025-06-19 13:02:39,140 - __main__ - WARNING - SCLK value 670938327 not found in ml data; skipping.
2025-06-19 13:02:39,140 - __main__ - WARNING - SCLK value 670938389 not found in ml data; skipping.
2025-06-19 13:02:39,141 - __main__ - WARNING - SCLK value 670940703 not found in ml data; skipping.
2025-06-19 13:02:39,142 - __main__ - WARNING - SCLK value 670945386 not found in ml data; skipping.
2025-06-19 13:02:39,143 - __main__ - WARNING - SCLK value 670961352 not found in ml data; skipping.
2025-06-19 13:02:39,143 - __main__ - WARNING - SCLK value 671024106 not found in ml data; skipping.
2025-06-19 13:02:39,144 - __main__ - WARNING - SCLK value 671027864 not found in ml data; skipping.
2025-06-19 13:02:39,145 - __main__ - WARNING - SCLK value 671027972 not found in ml data; skipping.
2025-06-19 13:02:39,146 - __main__ - WARNING - SCLK value 671033906 not found in ml data; skipping.
2025-06-19 13:02:39,147 - __main__ - WARNING - SCLK value 671039200 not found in ml data; skipping.
2025-06-19 13:02:39,147 - __main__ - WARNING - SCLK value 671109364 not found in ml data; skipping.
2025-06-19 13:02:39,148 - __main__ - WARNING - SCLK value 671113914 not found in ml data; skipping.
2025-06-19 13:02:39,149 - __main__ - WARNING - SCLK value 671114679 not found in ml data; skipping.
2025-06-19 13:02:39,149 - __main__ - WARNING - SCLK value 671115255 not found in ml data; skipping.
2025-06-19 13:02:39,151 - __main__ - WARNING - SCLK value 671115289 not found in ml data; skipping.
2025-06-19 13:02:39,152 - __main__ - WARNING - SCLK value 671120289 not found in ml data; skipping.
2025-06-19 13:02:39,152 - __main__ - WARNING - SCLK value 671126006 not found in ml data; skipping.
2025-06-19 13:02:39,153 - __main__ - WARNING - SCLK value 671126607 not found in ml data; skipping.
2025-06-19 13:02:39,154 - __main__ - WARNING - SCLK value 671127245 not found in ml data; skipping.
2025-06-19 13:02:39,155 - __main__ - WARNING - SCLK value 671139428 not found in ml data; skipping.
2025-06-19 13:02:39,155 - __main__ - WARNING - SCLK value 671204280 not found in ml data; skipping.
2025-06-19 13:02:39,156 - __main__ - WARNING - SCLK value 671213291 not found in ml data; skipping.
2025-06-19 13:02:39,156 - __main__ - WARNING - SCLK value 671214052 not found in ml data; skipping.
2025-06-19 13:02:39,157 - __main__ - WARNING - SCLK value 671224977 not found in ml data; skipping.
2025-06-19 13:02:39,158 - __main__ - WARNING - SCLK value 671291649 not found in ml data; skipping.
2025-06-19 13:02:39,159 - __main__ - WARNING - SCLK value 671294608 not found in ml data; skipping.
2025-06-19 13:02:39,159 - __main__ - WARNING - SCLK value 671302478 not found in ml data; skipping.
2025-06-19 13:02:39,160 - __main__ - WARNING - SCLK value 671302909 not found in ml data; skipping.
2025-06-19 13:02:39,161 - __main__ - WARNING - SCLK value 671308300 not found in ml data; skipping.
2025-06-19 13:02:39,162 - __main__ - WARNING - SCLK value 671376036 not found in ml data; skipping.
2025-06-19 13:02:39,162 - __main__ - WARNING - SCLK value 671376059 not found in ml data; skipping.
2025-06-19 13:02:39,163 - __main__ - WARNING - SCLK value 671376348 not found in ml data; skipping.
2025-06-19 13:02:39,164 - __main__ - WARNING - SCLK value 671376844 not found in ml data; skipping.
2025-06-19 13:02:39,164 - __main__ - WARNING - SCLK value 671377912 not found in ml data; skipping.
2025-06-19 13:02:39,165 - __main__ - WARNING - SCLK value 671379183 not found in ml data; skipping.
2025-06-19 13:02:39,166 - __main__ - WARNING - SCLK value 671384112 not found in ml data; skipping.
2025-06-19 13:02:39,167 - __main__ - WARNING - SCLK value 671391076 not found in ml data; skipping.
2025-06-19 13:02:39,167 - __main__ - WARNING - SCLK value 671395245 not found in ml data; skipping.
2025-06-19 13:02:39,169 - __main__ - WARNING - SCLK value 671466934 not found in ml data; skipping.
2025-06-19 13:02:39,169 - __main__ - WARNING - SCLK value 671468200 not found in ml data; skipping.
2025-06-19 13:02:39,170 - __main__ - WARNING - SCLK value 671559311 not found in ml data; skipping.
2025-06-19 13:02:39,171 - __main__ - WARNING - SCLK value 671560213 not found in ml data; skipping.
2025-06-19 13:02:39,171 - __main__ - WARNING - SCLK value 671561065 not found in ml data; skipping.
2025-06-19 13:02:39,172 - __main__ - WARNING - SCLK value 671563881 not found in ml data; skipping.
2025-06-19 13:02:39,173 - __main__ - WARNING - SCLK value 671570327 not found in ml data; skipping.
2025-06-19 13:02:39,174 - __main__ - WARNING - SCLK value 671641441 not found in ml data; skipping.
2025-06-19 13:02:39,175 - __main__ - WARNING - SCLK value 671644549 not found in ml data; skipping.
2025-06-19 13:02:39,175 - __main__ - WARNING - SCLK value 671645443 not found in ml data; skipping.
2025-06-19 13:02:39,176 - __main__ - WARNING - SCLK value 671648210 not found in ml data; skipping.
2025-06-19 13:02:39,176 - __main__ - WARNING - SCLK value 671656101 not found in ml data; skipping.
2025-06-19 13:02:39,177 - __main__ - WARNING - SCLK value 671731643 not found in ml data; skipping.
2025-06-19 13:02:39,178 - __main__ - WARNING - SCLK value 671740824 not found in ml data; skipping.
2025-06-19 13:02:39,179 - __main__ - WARNING - SCLK value 671746873 not found in ml data; skipping.
2025-06-19 13:02:39,179 - __main__ - WARNING - SCLK value 671823162 not found in ml data; skipping.
2025-06-19 13:02:39,180 - __main__ - WARNING - SCLK value 671823654 not found in ml data; skipping.
2025-06-19 13:02:39,181 - __main__ - WARNING - SCLK value 671823993 not found in ml data; skipping.
2025-06-19 13:02:39,182 - __main__ - WARNING - SCLK value 671824646 not found in ml data; skipping.
2025-06-19 13:02:39,182 - __main__ - WARNING - SCLK value 671825542 not found in ml data; skipping.
2025-06-19 13:02:39,183 - __main__ - WARNING - SCLK value 671831605 not found in ml data; skipping.
2025-06-19 13:02:39,184 - __main__ - WARNING - SCLK value 671834757 not found in ml data; skipping.
2025-06-19 13:02:39,184 - __main__ - WARNING - SCLK value 671904824 not found in ml data; skipping.
2025-06-19 13:02:39,186 - __main__ - WARNING - SCLK value 671909321 not found in ml data; skipping.
2025-06-19 13:02:39,187 - __main__ - WARNING - SCLK value 671911350 not found in ml data; skipping.
2025-06-19 13:02:39,187 - __main__ - WARNING - SCLK value 671913231 not found in ml data; skipping.
2025-06-19 13:02:39,188 - __main__ - WARNING - SCLK value 671915681 not found in ml data; skipping.
2025-06-19 13:02:39,189 - __main__ - WARNING - SCLK value 671916470 not found in ml data; skipping.
2025-06-19 13:02:39,190 - __main__ - WARNING - SCLK value 671920779 not found in ml data; skipping.
2025-06-19 13:02:39,191 - __main__ - WARNING - SCLK value 671921784 not found in ml data; skipping.
2025-06-19 13:02:39,191 - __main__ - WARNING - SCLK value 671995990 not found in ml data; skipping.
2025-06-19 13:02:39,192 - __main__ - WARNING - SCLK value 672002175 not found in ml data; skipping.
2025-06-19 13:02:39,193 - __main__ - WARNING - SCLK value 672002362 not found in ml data; skipping.
2025-06-19 13:02:39,194 - __main__ - WARNING - SCLK value 672104482 not found in ml data; skipping.
2025-06-19 13:02:39,195 - __main__ - WARNING - SCLK value 672178090 not found in ml data; skipping.
2025-06-19 13:02:39,195 - __main__ - WARNING - SCLK value 672180689 not found in ml data; skipping.
2025-06-19 13:02:39,196 - __main__ - WARNING - SCLK value 672181444 not found in ml data; skipping.
2025-06-19 13:02:39,197 - __main__ - WARNING - SCLK value 672182115 not found in ml data; skipping.
2025-06-19 13:02:39,197 - __main__ - WARNING - SCLK value 672183596 not found in ml data; skipping.
2025-06-19 13:02:39,198 - __main__ - WARNING - SCLK value 672185170 not found in ml data; skipping.
2025-06-19 13:02:39,199 - __main__ - WARNING - SCLK value 672190662 not found in ml data; skipping.
2025-06-19 13:02:39,200 - __main__ - WARNING - SCLK value 672267244 not found in ml data; skipping.
2025-06-19 13:02:39,201 - __main__ - WARNING - SCLK value 672269283 not found in ml data; skipping.
2025-06-19 13:02:39,202 - __main__ - WARNING - SCLK value 672269792 not found in ml data; skipping.
2025-06-19 13:02:39,202 - __main__ - WARNING - SCLK value 672350659 not found in ml data; skipping.
2025-06-19 13:02:39,203 - __main__ - WARNING - SCLK value 672352068 not found in ml data; skipping.
2025-06-19 13:02:39,204 - __main__ - WARNING - SCLK value 672355502 not found in ml data; skipping.
2025-06-19 13:02:39,205 - __main__ - WARNING - SCLK value 672357238 not found in ml data; skipping.
2025-06-19 13:02:39,205 - __main__ - WARNING - SCLK value 672359382 not found in ml data; skipping.
2025-06-19 13:02:39,206 - __main__ - WARNING - SCLK value 672362559 not found in ml data; skipping.
2025-06-19 13:02:39,207 - __main__ - WARNING - SCLK value 672365510 not found in ml data; skipping.
2025-06-19 13:02:39,209 - __main__ - WARNING - SCLK value 672365820 not found in ml data; skipping.
2025-06-19 13:02:39,209 - __main__ - WARNING - SCLK value 672445220 not found in ml data; skipping.
2025-06-19 13:02:39,210 - __main__ - WARNING - SCLK value 672445462 not found in ml data; skipping.
2025-06-19 13:02:39,211 - __main__ - WARNING - SCLK value 672446338 not found in ml data; skipping.
2025-06-19 13:02:39,211 - __main__ - WARNING - SCLK value 672528720 not found in ml data; skipping.
2025-06-19 13:02:39,212 - __main__ - WARNING - SCLK value 672531916 not found in ml data; skipping.
2025-06-19 13:02:39,213 - __main__ - INFO - Processing vortex SCLK 672538692 found at ml index: 2160537
2025-06-19 13:02:39,214 - __main__ - INFO - Processing vortex SCLK 672546578 found at ml index: 2165928
2025-06-19 13:02:39,215 - __main__ - INFO - Processing vortex SCLK 672548966 found at ml index: 2168316
2025-06-19 13:02:39,216 - __main__ - INFO - Processing vortex SCLK 672621236 found at ml index: 2212733
2025-06-19 13:02:39,217 - __main__ - INFO - Processing vortex SCLK 672622288 found at ml index: 2213785
2025-06-19 13:02:39,218 - __main__ - INFO - Processing vortex SCLK 672624313 found at ml index: 2215810
2025-06-19 13:02:39,219 - __main__ - INFO - Processing vortex SCLK 672624475 found at ml index: 2215972
2025-06-19 13:02:39,220 - __main__ - INFO - Processing vortex SCLK 672626109 found at ml index: 2217606
2025-06-19 13:02:39,221 - __main__ - INFO - Processing vortex SCLK 672626122 found at ml index: 2217619
2025-06-19 13:02:39,223 - __main__ - INFO - Processing vortex SCLK 672706787 found at ml index: 2270942
2025-06-19 13:02:39,224 - __main__ - INFO - Processing vortex SCLK 672709027 found at ml index: 2273182
2025-06-19 13:02:39,225 - __main__ - INFO - Processing vortex SCLK 672711149 found at ml index: 2275304
2025-06-19 13:02:39,226 - __main__ - INFO - Processing vortex SCLK 672711621 found at ml index: 2275776
2025-06-19 13:02:39,227 - __main__ - INFO - Processing vortex SCLK 672713266 found at ml index: 2277421
2025-06-19 13:02:39,229 - __main__ - INFO - Processing vortex SCLK 672713337 found at ml index: 2277492
2025-06-19 13:02:39,230 - __main__ - INFO - Processing vortex SCLK 672715961 found at ml index: 2280116
2025-06-19 13:02:39,231 - __main__ - INFO - Processing vortex SCLK 672718373 found at ml index: 2282528
2025-06-19 13:02:39,232 - __main__ - INFO - Processing vortex SCLK 672719375 found at ml index: 2283530
2025-06-19 13:02:39,233 - __main__ - INFO - Processing vortex SCLK 672721953 found at ml index: 2286108
2025-06-19 13:02:39,234 - __main__ - INFO - Processing vortex SCLK 672801263 found at ml index: 2334241
2025-06-19 13:02:39,235 - __main__ - INFO - Processing vortex SCLK 672801630 found at ml index: 2334608
2025-06-19 13:02:39,237 - __main__ - INFO - Processing vortex SCLK 672804797 found at ml index: 2337775
2025-06-19 13:02:39,238 - __main__ - INFO - Processing vortex SCLK 672884603 found at ml index: 2387935
2025-06-19 13:02:39,240 - __main__ - INFO - Processing vortex SCLK 672884933 found at ml index: 2388265
2025-06-19 13:02:39,241 - __main__ - INFO - Processing vortex SCLK 672885216 found at ml index: 2388548
2025-06-19 13:02:39,242 - __main__ - INFO - Processing vortex SCLK 672889286 found at ml index: 2392618
2025-06-19 13:02:39,243 - __main__ - INFO - Processing vortex SCLK 672890283 found at ml index: 2393615
2025-06-19 13:02:39,244 - __main__ - INFO - Processing vortex SCLK 672894510 found at ml index: 2397842
2025-06-19 13:02:39,245 - __main__ - INFO - Processing vortex SCLK 672964384 found at ml index: 2443850
2025-06-19 13:02:39,246 - __main__ - INFO - Processing vortex SCLK 672973742 found at ml index: 2448162
2025-06-19 13:02:39,247 - __main__ - INFO - Processing vortex SCLK 672976272 found at ml index: 2450692
2025-06-19 13:02:39,249 - __main__ - INFO - Processing vortex SCLK 672979607 found at ml index: 2454027
2025-06-19 13:02:39,249 - __main__ - INFO - Processing vortex SCLK 672983982 found at ml index: 2458402
2025-06-19 13:02:39,251 - __main__ - INFO - Processing vortex SCLK 672984068 found at ml index: 2458488
2025-06-19 13:02:39,252 - __main__ - INFO - Processing vortex SCLK 672984973 found at ml index: 2459393
2025-06-19 13:02:39,253 - __main__ - INFO - Processing vortex SCLK 672985340 found at ml index: 2459760
2025-06-19 13:02:39,254 - __main__ - INFO - Processing vortex SCLK 673068974 found at ml index: 2512676
2025-06-19 13:02:39,255 - __main__ - INFO - Processing vortex SCLK 673072073 found at ml index: 2515775
2025-06-19 13:02:39,256 - __main__ - INFO - Processing vortex SCLK 673076429 found at ml index: 2518680
2025-06-19 13:02:39,257 - __main__ - INFO - Processing vortex SCLK 673078972 found at ml index: 2521223
2025-06-19 13:02:39,259 - __main__ - INFO - Processing vortex SCLK 673147721 found at ml index: 2565489
2025-06-19 13:02:39,260 - __main__ - INFO - Processing vortex SCLK 673240962 found at ml index: 2629833
2025-06-19 13:02:39,261 - __main__ - INFO - Processing vortex SCLK 673242020 found at ml index: 2630891
2025-06-19 13:02:39,262 - __main__ - INFO - Processing vortex SCLK 673243964 found at ml index: 2632835
2025-06-19 13:02:39,263 - __main__ - INFO - Processing vortex SCLK 673245884 found at ml index: 2634755
2025-06-19 13:02:39,264 - __main__ - INFO - Processing vortex SCLK 673251635 found at ml index: 2640506
2025-06-19 13:02:39,265 - __main__ - INFO - Processing vortex SCLK 673254242 found at ml index: 2643113
2025-06-19 13:02:39,266 - __main__ - INFO - Processing vortex SCLK 673328658 found at ml index: 2691425
2025-06-19 13:02:39,267 - __main__ - INFO - Processing vortex SCLK 673329003 found at ml index: 2691770
2025-06-19 13:02:39,268 - __main__ - INFO - Processing vortex SCLK 673332835 found at ml index: 2695602
2025-06-19 13:02:39,269 - __main__ - INFO - Processing vortex SCLK 673332863 found at ml index: 2695630
2025-06-19 13:02:39,270 - __main__ - INFO - Processing vortex SCLK 673334070 found at ml index: 2696837
2025-06-19 13:02:39,272 - __main__ - INFO - Processing vortex SCLK 673334708 found at ml index: 2697475
2025-06-19 13:02:39,273 - __main__ - INFO - Processing vortex SCLK 673338788 found at ml index: 2701555
2025-06-19 13:02:39,274 - __main__ - INFO - Processing vortex SCLK 673340481 found at ml index: 2703248
2025-06-19 13:02:39,275 - __main__ - INFO - Processing vortex SCLK 673344227 found at ml index: 2706994
2025-06-19 13:02:39,276 - __main__ - INFO - Processing vortex SCLK 673424713 found at ml index: 2760219
2025-06-19 13:02:39,277 - __main__ - INFO - Processing vortex SCLK 673429348 found at ml index: 2764854
2025-06-19 13:02:39,278 - __main__ - INFO - Processing vortex SCLK 673500853 found at ml index: 2811671
2025-06-19 13:02:39,279 - __main__ - INFO - Processing vortex SCLK 673512599 found at ml index: 2821820
2025-06-19 13:02:39,280 - __main__ - INFO - Processing vortex SCLK 673513373 found at ml index: 2822594
2025-06-19 13:02:39,281 - __main__ - INFO - Processing vortex SCLK 673514725 found at ml index: 2823946
2025-06-19 13:02:39,282 - __main__ - INFO - Processing vortex SCLK 673594180 found at ml index: 2868616
2025-06-19 13:02:39,284 - __main__ - INFO - Processing vortex SCLK 673597335 found at ml index: 2871771
2025-06-19 13:02:39,285 - __main__ - WARNING - SCLK value 673598754 not found in ml data; skipping.
2025-06-19 13:02:39,285 - __main__ - WARNING - SCLK value 673606937 not found in ml data; skipping.
2025-06-19 13:02:39,286 - __main__ - WARNING - SCLK value 673680243 not found in ml data; skipping.
2025-06-19 13:02:39,287 - __main__ - WARNING - SCLK value 673681579 not found in ml data; skipping.
2025-06-19 13:02:39,287 - __main__ - WARNING - SCLK value 673685675 not found in ml data; skipping.
2025-06-19 13:02:39,288 - __main__ - WARNING - SCLK value 673694236 not found in ml data; skipping.
2025-06-19 13:02:39,289 - __main__ - WARNING - SCLK value 673694529 not found in ml data; skipping.
2025-06-19 13:02:39,290 - __main__ - WARNING - SCLK value 673773378 not found in ml data; skipping.
2025-06-19 13:02:39,290 - __main__ - WARNING - SCLK value 673779637 not found in ml data; skipping.
2025-06-19 13:02:39,291 - __main__ - WARNING - SCLK value 673781075 not found in ml data; skipping.
2025-06-19 13:02:39,292 - __main__ - WARNING - SCLK value 673858855 not found in ml data; skipping.
2025-06-19 13:02:39,293 - __main__ - WARNING - SCLK value 673863604 not found in ml data; skipping.
2025-06-19 13:02:39,294 - __main__ - WARNING - SCLK value 673865805 not found in ml data; skipping.
2025-06-19 13:02:39,294 - __main__ - WARNING - SCLK value 673874053 not found in ml data; skipping.
2025-06-19 13:02:39,295 - __main__ - WARNING - SCLK value 673948338 not found in ml data; skipping.
2025-06-19 13:02:39,296 - __main__ - WARNING - SCLK value 673951488 not found in ml data; skipping.
2025-06-19 13:02:39,296 - __main__ - WARNING - SCLK value 673955512 not found in ml data; skipping.
2025-06-19 13:02:39,297 - __main__ - WARNING - SCLK value 673958960 not found in ml data; skipping.
2025-06-19 13:02:39,299 - __main__ - WARNING - SCLK value 674041445 not found in ml data; skipping.
2025-06-19 13:02:39,299 - __main__ - WARNING - SCLK value 674042999 not found in ml data; skipping.
2025-06-19 13:02:39,300 - __main__ - WARNING - SCLK value 674044064 not found in ml data; skipping.
2025-06-19 13:02:39,301 - __main__ - WARNING - SCLK value 674051268 not found in ml data; skipping.
2025-06-19 13:02:39,302 - __main__ - WARNING - SCLK value 674056174 not found in ml data; skipping.
2025-06-19 13:02:39,302 - __main__ - WARNING - SCLK value 674122081 not found in ml data; skipping.
2025-06-19 13:02:39,303 - __main__ - WARNING - SCLK value 674128125 not found in ml data; skipping.
2025-06-19 13:02:39,304 - __main__ - WARNING - SCLK value 674128981 not found in ml data; skipping.
2025-06-19 13:02:39,305 - __main__ - WARNING - SCLK value 674133319 not found in ml data; skipping.
2025-06-19 13:02:39,305 - __main__ - WARNING - SCLK value 674140571 not found in ml data; skipping.
2025-06-19 13:02:39,306 - __main__ - WARNING - SCLK value 674213517 not found in ml data; skipping.
2025-06-19 13:02:39,306 - __main__ - WARNING - SCLK value 674218894 not found in ml data; skipping.
2025-06-19 13:02:39,307 - __main__ - WARNING - SCLK value 674228677 not found in ml data; skipping.
2025-06-19 13:02:39,308 - __main__ - WARNING - SCLK value 674304877 not found in ml data; skipping.
2025-06-19 13:02:39,308 - __main__ - WARNING - SCLK value 674307030 not found in ml data; skipping.
2025-06-19 13:02:39,309 - __main__ - WARNING - SCLK value 674307104 not found in ml data; skipping.
2025-06-19 13:02:39,310 - __main__ - WARNING - SCLK value 674317907 not found in ml data; skipping.
2025-06-19 13:02:39,311 - __main__ - WARNING - SCLK value 674398187 not found in ml data; skipping.
2025-06-19 13:02:39,312 - __main__ - WARNING - SCLK value 674410494 not found in ml data; skipping.
2025-06-19 13:02:39,313 - __main__ - WARNING - SCLK value 674482627 not found in ml data; skipping.
2025-06-19 13:02:39,314 - __main__ - WARNING - SCLK value 674483906 not found in ml data; skipping.
2025-06-19 13:02:39,315 - __main__ - WARNING - SCLK value 674484439 not found in ml data; skipping.
2025-06-19 13:02:39,315 - __main__ - WARNING - SCLK value 674491238 not found in ml data; skipping.
2025-06-19 13:02:39,316 - __main__ - WARNING - SCLK value 674492008 not found in ml data; skipping.
2025-06-19 13:02:39,317 - __main__ - WARNING - SCLK value 674497424 not found in ml data; skipping.
2025-06-19 13:02:39,317 - __main__ - WARNING - SCLK value 674498121 not found in ml data; skipping.
2025-06-19 13:02:39,319 - __main__ - WARNING - SCLK value 674568708 not found in ml data; skipping.
2025-06-19 13:02:39,320 - __main__ - WARNING - SCLK value 674573756 not found in ml data; skipping.
2025-06-19 13:02:39,321 - __main__ - WARNING - SCLK value 674575721 not found in ml data; skipping.
2025-06-19 13:02:39,322 - __main__ - WARNING - SCLK value 674582484 not found in ml data; skipping.
2025-06-19 13:02:39,322 - __main__ - WARNING - SCLK value 674666247 not found in ml data; skipping.
2025-06-19 13:02:39,323 - __main__ - WARNING - SCLK value 674666809 not found in ml data; skipping.
2025-06-19 13:02:39,324 - __main__ - WARNING - SCLK value 674667232 not found in ml data; skipping.
2025-06-19 13:02:39,325 - __main__ - WARNING - SCLK value 674669243 not found in ml data; skipping.
2025-06-19 13:02:39,326 - __main__ - WARNING - SCLK value 674751396 not found in ml data; skipping.
2025-06-19 13:02:39,326 - __main__ - WARNING - SCLK value 674837510 not found in ml data; skipping.
2025-06-19 13:02:39,327 - __main__ - WARNING - SCLK value 674845274 not found in ml data; skipping.
2025-06-19 13:02:39,328 - __main__ - WARNING - SCLK value 674846962 not found in ml data; skipping.
2025-06-19 13:02:39,329 - __main__ - WARNING - SCLK value 674850855 not found in ml data; skipping.
2025-06-19 13:02:39,330 - __main__ - INFO - Preparing features and labels...
2025-06-19 13:02:39,332 - __main__ - INFO - Validating feature matrix...
2025-06-19 13:02:39,333 - __main__ - WARNING - Feature matrix issues detected:
2025-06-19 13:02:39,333 - __main__ - WARNING - - High correlation between pressure_drop_ratio and pressure_change: -1.00
2025-06-19 13:02:39,333 - __main__ - WARNING - - High correlation between pressure_drop_ratio and pressure_range: 0.95
2025-06-19 13:02:39,333 - __main__ - WARNING - - High correlation between pressure_drop_ratio and rate_of_change_mean: -1.00
2025-06-19 13:02:39,334 - __main__ - WARNING - - High correlation between pressure_change and pressure_range: -0.95
2025-06-19 13:02:39,334 - __main__ - WARNING - - High correlation between pressure_change and rate_of_change_mean: 1.00
2025-06-19 13:02:39,334 - __main__ - WARNING - - High correlation between mean_pressure and min_pressure: 1.00
2025-06-19 13:02:39,334 - __main__ - WARNING - - High correlation between mean_pressure and max_pressure: 1.00
2025-06-19 13:02:39,334 - __main__ - WARNING - - High correlation between mean_pressure and long_term_mean: 1.00
2025-06-19 13:02:39,334 - __main__ - WARNING - - High correlation between std_pressure and pressure_range: 0.96
2025-06-19 13:02:39,334 - __main__ - WARNING - - High correlation between std_pressure and rate_of_change_std: 0.95
2025-06-19 13:02:39,335 - __main__ - WARNING - - High correlation between std_pressure and rate_of_change_max: 0.95
2025-06-19 13:02:39,335 - __main__ - WARNING - - High correlation between min_pressure and max_pressure: 1.00
2025-06-19 13:02:39,335 - __main__ - WARNING - - High correlation between min_pressure and long_term_mean: 1.00
2025-06-19 13:02:39,335 - __main__ - WARNING - - High correlation between max_pressure and long_term_mean: 1.00
2025-06-19 13:02:39,335 - __main__ - WARNING - - High correlation between pressure_range and rate_of_change_std: 0.95
2025-06-19 13:02:39,335 - __main__ - WARNING - - High correlation between pressure_range and rate_of_change_max: 0.95
2025-06-19 13:02:39,335 - __main__ - WARNING - - High correlation between rate_of_change_std and rate_of_change_max: 0.99
2025-06-19 13:02:39,336 - __main__ - INFO - Splitting processed data into train/val for model training...
2025-06-19 13:02:39,336 - __main__ - INFO - Processed train set: 1551 samples
2025-06-19 13:02:39,336 - __main__ - INFO - Processed validation set: 517 samples
2025-06-19 13:02:39,337 - __main__ - INFO - Training Random Forest classifier...
2025-06-19 13:02:39,727 - __main__ - INFO - Random Forest training completed.
2025-06-19 13:02:39,727 - __main__ - INFO - Generating evaluation plots...
2025-06-19 13:02:50,062 - __main__ - INFO - Processing test set with sliding windows for realistic evaluation...
2025-06-19 13:02:50,062 - __main__ - INFO - Processing 717985 test windows with step size 50
2025-06-19 13:04:09,926 - __main__ - INFO - Reading vortex SCLK data...
2025-06-19 13:04:09,928 - __main__ - INFO - Successfully read 309 SCLK values from ../data/Jackson_vortex_detections_reformatted_augmented.csv
2025-06-19 13:04:09,928 - __main__ - INFO - Successfully read 309 SCLK values
2025-06-19 13:04:09,929 - __main__ - INFO - Reading ML data...
2025-06-19 13:04:12,041 - __main__ - INFO - Successfully loaded ML data from ../data/ml_ready_vortex_data.csv
2025-06-19 13:04:12,042 - __main__ - INFO - Successfully loaded ML data with 3590168 rows
2025-06-19 13:04:12,042 - __main__ - INFO - Validating data quality...
2025-06-19 13:04:12,446 - __main__ - WARNING - Data quality issues detected:
2025-06-19 13:04:12,446 - __main__ - WARNING - - Missing values found: {'gt_vortex_ind': 3577695}
2025-06-19 13:04:12,447 - __main__ - WARNING - - Severe class imbalance detected: 0.51% positive samples
2025-06-19 13:04:12,447 - __main__ - INFO - Splitting raw data chronologically before processing...
2025-06-19 13:04:12,447 - __main__ - INFO - Raw train set: 2154100 rows
2025-06-19 13:04:12,447 - __main__ - INFO - Raw validation set: 718034 rows
2025-06-19 13:04:12,447 - __main__ - INFO - Raw test set: 718034 rows
2025-06-19 13:04:12,448 - __main__ - INFO - ==================================================
2025-06-19 13:04:12,448 - __main__ - INFO - RAW TEST SET DISTRIBUTION (Before Processing)
2025-06-19 13:04:12,449 - __main__ - INFO - ==================================================
2025-06-19 13:04:12,449 - __main__ - INFO - Test set rows: 718034
2025-06-19 13:04:12,449 - __main__ - INFO - Positive samples: 3318 (0.46%)
2025-06-19 13:04:12,449 - __main__ - INFO - Negative samples: 714716 (99.54%)
2025-06-19 13:04:12,449 - __main__ - INFO - ==================================================
2025-06-19 13:04:12,449 - __main__ - INFO - Processing training data around vortex events...
2025-06-19 13:04:12,452 - __main__ - INFO - Processing vortex SCLK 668288145 found at ml index: 16563
2025-06-19 13:04:12,461 - __main__ - INFO - Processing vortex SCLK 668288356 found at ml index: 16774
2025-06-19 13:04:12,469 - __main__ - INFO - Processing vortex SCLK 668363851 found at ml index: 58206
2025-06-19 13:04:12,477 - __main__ - INFO - Processing vortex SCLK 668370696 found at ml index: 61613
2025-06-19 13:04:12,484 - __main__ - INFO - Processing vortex SCLK 668373458 found at ml index: 64372
2025-06-19 13:04:12,492 - __main__ - INFO - Processing vortex SCLK 668450709 found at ml index: 109929
2025-06-19 13:04:12,499 - __main__ - INFO - Processing vortex SCLK 668451679 found at ml index: 110896
2025-06-19 13:04:12,507 - __main__ - INFO - Processing vortex SCLK 668465594 found at ml index: 113943
2025-06-19 13:04:12,515 - __main__ - INFO - Processing vortex SCLK 668471362 found at ml index: 116280
2025-06-19 13:04:12,523 - __main__ - INFO - Processing vortex SCLK 668534767 found at ml index: 149951
2025-06-19 13:04:12,530 - __main__ - INFO - Processing vortex SCLK 668540964 found at ml index: 156148
2025-06-19 13:04:12,537 - __main__ - INFO - Processing vortex SCLK 668541515 found at ml index: 156699
2025-06-19 13:04:12,545 - __main__ - INFO - Processing vortex SCLK 668542064 found at ml index: 157248
2025-06-19 13:04:12,553 - __main__ - INFO - Processing vortex SCLK 668542340 found at ml index: 157524
2025-06-19 13:04:12,560 - __main__ - INFO - Processing vortex SCLK 668551101 found at ml index: 162084
2025-06-19 13:04:12,566 - __main__ - INFO - Processing vortex SCLK 668555682 found at ml index: 163446
2025-06-19 13:04:12,575 - __main__ - INFO - Processing vortex SCLK 668556124 found at ml index: 163888
2025-06-19 13:04:12,581 - __main__ - INFO - Processing vortex SCLK 668557517 found at ml index: 165281
2025-06-19 13:04:12,588 - __main__ - INFO - Processing vortex SCLK 668716847 found at ml index: 186189
2025-06-19 13:04:12,595 - __main__ - INFO - Processing vortex SCLK 668723694 found at ml index: 189570
2025-06-19 13:04:12,603 - __main__ - INFO - Processing vortex SCLK 668801790 found at ml index: 232821
2025-06-19 13:04:12,611 - __main__ - INFO - Processing vortex SCLK 668808927 found at ml index: 236462
2025-06-19 13:04:12,619 - __main__ - INFO - Processing vortex SCLK 668810541 found at ml index: 238076
2025-06-19 13:04:12,627 - __main__ - INFO - Processing vortex SCLK 668811652 found at ml index: 239187
2025-06-19 13:04:12,634 - __main__ - INFO - Processing vortex SCLK 668816129 found at ml index: 243664
2025-06-19 13:04:12,640 - __main__ - INFO - Processing vortex SCLK 669426485 found at ml index: 263130
2025-06-19 13:04:12,647 - __main__ - INFO - Processing vortex SCLK 669427340 found at ml index: 263985
2025-06-19 13:04:12,654 - __main__ - INFO - Processing vortex SCLK 669434405 found at ml index: 267663
2025-06-19 13:04:12,660 - __main__ - INFO - Processing vortex SCLK 669434703 found at ml index: 267961
2025-06-19 13:04:12,668 - __main__ - INFO - Processing vortex SCLK 669518763 found at ml index: 314172
2025-06-19 13:04:12,675 - __main__ - INFO - Processing vortex SCLK 669519478 found at ml index: 314887
2025-06-19 13:04:12,683 - __main__ - INFO - Processing vortex SCLK 669531860 found at ml index: 320377
2025-06-19 13:04:12,690 - __main__ - INFO - Processing vortex SCLK 669626803 found at ml index: 374269
2025-06-19 13:04:12,697 - __main__ - INFO - Processing vortex SCLK 669688619 found at ml index: 407952
2025-06-19 13:04:12,704 - __main__ - INFO - Processing vortex SCLK 669690018 found at ml index: 409351
2025-06-19 13:04:12,712 - __main__ - INFO - Processing vortex SCLK 669690620 found at ml index: 409953
2025-06-19 13:04:12,719 - __main__ - INFO - Processing vortex SCLK 669704197 found at ml index: 416696
2025-06-19 13:04:12,727 - __main__ - INFO - Processing vortex SCLK 669779409 found at ml index: 457637
2025-06-19 13:04:12,734 - __main__ - INFO - Processing vortex SCLK 669780445 found at ml index: 458673
2025-06-19 13:04:12,741 - __main__ - INFO - Processing vortex SCLK 669787866 found at ml index: 466094
2025-06-19 13:04:12,749 - __main__ - INFO - Processing vortex SCLK 669787881 found at ml index: 466109
2025-06-19 13:04:12,755 - __main__ - INFO - Processing vortex SCLK 669870405 found at ml index: 512761
2025-06-19 13:04:12,764 - __main__ - INFO - Processing vortex SCLK 669873580 found at ml index: 515936
2025-06-19 13:04:12,771 - __main__ - INFO - Processing vortex SCLK 669882031 found at ml index: 522188
2025-06-19 13:04:12,778 - __main__ - INFO - Processing vortex SCLK 669886865 found at ml index: 524448
2025-06-19 13:04:12,786 - __main__ - INFO - Processing vortex SCLK 669958088 found at ml index: 564661
2025-06-19 13:04:12,793 - __main__ - INFO - Processing vortex SCLK 669959376 found at ml index: 565949
2025-06-19 13:04:12,801 - __main__ - INFO - Processing vortex SCLK 669959712 found at ml index: 566285
2025-06-19 13:04:12,807 - __main__ - INFO - Processing vortex SCLK 669960008 found at ml index: 566581
2025-06-19 13:04:12,816 - __main__ - INFO - Processing vortex SCLK 669960347 found at ml index: 566920
2025-06-19 13:04:12,824 - __main__ - INFO - Processing vortex SCLK 669962940 found at ml index: 569513
2025-06-19 13:04:12,831 - __main__ - INFO - Processing vortex SCLK 669964312 found at ml index: 570885
2025-06-19 13:04:12,838 - __main__ - INFO - Processing vortex SCLK 669965150 found at ml index: 571723
2025-06-19 13:04:12,846 - __main__ - INFO - Processing vortex SCLK 669971696 found at ml index: 575571
2025-06-19 13:04:12,853 - __main__ - INFO - Processing vortex SCLK 670046942 found at ml index: 618056
2025-06-19 13:04:12,861 - __main__ - INFO - Processing vortex SCLK 670047546 found at ml index: 618660
2025-06-19 13:04:12,868 - __main__ - INFO - Processing vortex SCLK 670055611 found at ml index: 626725
2025-06-19 13:04:12,876 - __main__ - INFO - Processing vortex SCLK 670129653 found at ml index: 676671
2025-06-19 13:04:12,883 - __main__ - INFO - Processing vortex SCLK 670136668 found at ml index: 680243
2025-06-19 13:04:12,890 - __main__ - INFO - Processing vortex SCLK 670138695 found at ml index: 682270
2025-06-19 13:04:12,898 - __main__ - INFO - Processing vortex SCLK 670225439 found at ml index: 735507
2025-06-19 13:04:12,905 - __main__ - INFO - Processing vortex SCLK 670232335 found at ml index: 739271
2025-06-19 13:04:12,911 - __main__ - INFO - Processing vortex SCLK 670232986 found at ml index: 739922
2025-06-19 13:04:12,918 - __main__ - INFO - Processing vortex SCLK 670233871 found at ml index: 740807
2025-06-19 13:04:12,926 - __main__ - INFO - Processing vortex SCLK 670313772 found at ml index: 794758
2025-06-19 13:04:12,934 - __main__ - INFO - Processing vortex SCLK 670315385 found at ml index: 796371
2025-06-19 13:04:12,941 - __main__ - INFO - Processing vortex SCLK 670317790 found at ml index: 798776
2025-06-19 13:04:12,950 - __main__ - INFO - Processing vortex SCLK 670321691 found at ml index: 802677
2025-06-19 13:04:12,957 - __main__ - INFO - Processing vortex SCLK 670325686 found at ml index: 804517
2025-06-19 13:04:12,964 - __main__ - INFO - Processing vortex SCLK 670329256 found at ml index: 808087
2025-06-19 13:04:12,970 - __main__ - INFO - Processing vortex SCLK 670398725 found at ml index: 848668
2025-06-19 13:04:12,979 - __main__ - INFO - Processing vortex SCLK 670402854 found at ml index: 852797
2025-06-19 13:04:12,986 - __main__ - INFO - Processing vortex SCLK 670403870 found at ml index: 853813
2025-06-19 13:04:12,993 - __main__ - INFO - Processing vortex SCLK 670409834 found at ml index: 857575
2025-06-19 13:04:13,001 - __main__ - INFO - Processing vortex SCLK 670412275 found at ml index: 860016
2025-06-19 13:04:13,008 - __main__ - INFO - Processing vortex SCLK 670412326 found at ml index: 860067
2025-06-19 13:04:13,015 - __main__ - INFO - Processing vortex SCLK 670578458 found at ml index: 934664
2025-06-19 13:04:13,022 - __main__ - INFO - Processing vortex SCLK 670580613 found at ml index: 936819
2025-06-19 13:04:13,029 - __main__ - INFO - Processing vortex SCLK 670584569 found at ml index: 940775
2025-06-19 13:04:13,037 - __main__ - INFO - Processing vortex SCLK 670584657 found at ml index: 940863
2025-06-19 13:04:13,045 - __main__ - INFO - Processing vortex SCLK 670587674 found at ml index: 943880
2025-06-19 13:04:13,052 - __main__ - INFO - Processing vortex SCLK 670594461 found at ml index: 947971
2025-06-19 13:04:13,059 - __main__ - INFO - Processing vortex SCLK 670841835 found at ml index: 1065790
2025-06-19 13:04:13,066 - __main__ - INFO - Processing vortex SCLK 670842459 found at ml index: 1066414
2025-06-19 13:04:13,074 - __main__ - INFO - Processing vortex SCLK 670849047 found at ml index: 1073002
2025-06-19 13:04:13,080 - __main__ - INFO - Processing vortex SCLK 670852738 found at ml index: 1076693
2025-06-19 13:04:13,087 - __main__ - INFO - Processing vortex SCLK 670856365 found at ml index: 1077977
2025-06-19 13:04:13,096 - __main__ - INFO - Processing vortex SCLK 670859755 found at ml index: 1081367
2025-06-19 13:04:13,102 - __main__ - INFO - Processing vortex SCLK 670870370 found at ml index: 1088579
2025-06-19 13:04:13,109 - __main__ - INFO - Processing vortex SCLK 670929808 found at ml index: 1120753
2025-06-19 13:04:13,117 - __main__ - INFO - Processing vortex SCLK 670930554 found at ml index: 1121499
2025-06-19 13:04:13,125 - __main__ - INFO - Processing vortex SCLK 670933108 found at ml index: 1124053
2025-06-19 13:04:13,132 - __main__ - INFO - Processing vortex SCLK 670934582 found at ml index: 1125527
2025-06-19 13:04:13,140 - __main__ - INFO - Processing vortex SCLK 670938327 found at ml index: 1129272
2025-06-19 13:04:13,147 - __main__ - INFO - Processing vortex SCLK 670938389 found at ml index: 1129334
2025-06-19 13:04:13,154 - __main__ - INFO - Processing vortex SCLK 670940703 found at ml index: 1131648
2025-06-19 13:04:13,161 - __main__ - INFO - Processing vortex SCLK 670945386 found at ml index: 1136331
2025-06-19 13:04:13,169 - __main__ - INFO - Processing vortex SCLK 670961352 found at ml index: 1146283
2025-06-19 13:04:13,177 - __main__ - INFO - Processing vortex SCLK 671024106 found at ml index: 1181789
2025-06-19 13:04:13,184 - __main__ - INFO - Processing vortex SCLK 671027864 found at ml index: 1185547
2025-06-19 13:04:13,191 - __main__ - INFO - Processing vortex SCLK 671027972 found at ml index: 1185655
2025-06-19 13:04:13,198 - __main__ - INFO - Processing vortex SCLK 671033906 found at ml index: 1191589
2025-06-19 13:04:13,205 - __main__ - INFO - Processing vortex SCLK 671039200 found at ml index: 1194533
2025-06-19 13:04:13,212 - __main__ - INFO - Processing vortex SCLK 671109364 found at ml index: 1233979
2025-06-19 13:04:13,220 - __main__ - INFO - Processing vortex SCLK 671113914 found at ml index: 1238529
2025-06-19 13:04:13,227 - __main__ - INFO - Processing vortex SCLK 671114679 found at ml index: 1239294
2025-06-19 13:04:13,235 - __main__ - INFO - Processing vortex SCLK 671115255 found at ml index: 1239870
2025-06-19 13:04:13,243 - __main__ - INFO - Processing vortex SCLK 671115289 found at ml index: 1239904
2025-06-19 13:04:13,249 - __main__ - INFO - Processing vortex SCLK 671120289 found at ml index: 1244904
2025-06-19 13:04:13,257 - __main__ - INFO - Processing vortex SCLK 671126006 found at ml index: 1250026
2025-06-19 13:04:13,264 - __main__ - INFO - Processing vortex SCLK 671126607 found at ml index: 1250627
2025-06-19 13:04:13,271 - __main__ - INFO - Processing vortex SCLK 671127245 found at ml index: 1251265
2025-06-19 13:04:13,277 - __main__ - INFO - Processing vortex SCLK 671139428 found at ml index: 1260040
2025-06-19 13:04:13,285 - __main__ - INFO - Processing vortex SCLK 671204280 found at ml index: 1299428
2025-06-19 13:04:13,292 - __main__ - INFO - Processing vortex SCLK 671213291 found at ml index: 1306235
2025-06-19 13:04:13,299 - __main__ - INFO - Processing vortex SCLK 671214052 found at ml index: 1306996
2025-06-19 13:04:13,306 - __main__ - INFO - Processing vortex SCLK 671224977 found at ml index: 1314440
2025-06-19 13:04:13,314 - __main__ - INFO - Processing vortex SCLK 671291649 found at ml index: 1353739
2025-06-19 13:04:13,322 - __main__ - INFO - Processing vortex SCLK 671294608 found at ml index: 1356698
2025-06-19 13:04:13,328 - __main__ - INFO - Processing vortex SCLK 671302478 found at ml index: 1361737
2025-06-19 13:04:13,335 - __main__ - INFO - Processing vortex SCLK 671302909 found at ml index: 1362168
2025-06-19 13:04:13,342 - __main__ - INFO - Processing vortex SCLK 671308300 found at ml index: 1365532
2025-06-19 13:04:13,348 - __main__ - INFO - Processing vortex SCLK 671376036 found at ml index: 1404444
2025-06-19 13:04:13,356 - __main__ - INFO - Processing vortex SCLK 671376059 found at ml index: 1404467
2025-06-19 13:04:13,364 - __main__ - INFO - Processing vortex SCLK 671376348 found at ml index: 1404756
2025-06-19 13:04:13,370 - __main__ - INFO - Processing vortex SCLK 671376844 found at ml index: 1405252
2025-06-19 13:04:13,377 - __main__ - INFO - Processing vortex SCLK 671377912 found at ml index: 1406320
2025-06-19 13:04:13,385 - __main__ - INFO - Processing vortex SCLK 671379183 found at ml index: 1407591
2025-06-19 13:04:13,391 - __main__ - INFO - Processing vortex SCLK 671384112 found at ml index: 1412520
2025-06-19 13:04:13,398 - __main__ - INFO - Processing vortex SCLK 671391076 found at ml index: 1419484
2025-06-19 13:04:13,405 - __main__ - INFO - Processing vortex SCLK 671395245 found at ml index: 1422765
2025-06-19 13:04:13,411 - __main__ - INFO - Processing vortex SCLK 671466934 found at ml index: 1463807
2025-06-19 13:04:13,419 - __main__ - INFO - Processing vortex SCLK 671468200 found at ml index: 1465073
2025-06-19 13:04:13,426 - __main__ - INFO - Processing vortex SCLK 671559311 found at ml index: 1524850
2025-06-19 13:04:13,432 - __main__ - INFO - Processing vortex SCLK 671560213 found at ml index: 1525752
2025-06-19 13:04:13,439 - __main__ - INFO - Processing vortex SCLK 671561065 found at ml index: 1526604
2025-06-19 13:04:13,446 - __main__ - INFO - Processing vortex SCLK 671563881 found at ml index: 1529420
2025-06-19 13:04:13,454 - __main__ - INFO - Processing vortex SCLK 671570327 found at ml index: 1532373
2025-06-19 13:04:13,461 - __main__ - INFO - Processing vortex SCLK 671641441 found at ml index: 1572853
2025-06-19 13:04:13,468 - __main__ - INFO - Processing vortex SCLK 671644549 found at ml index: 1575961
2025-06-19 13:04:13,474 - __main__ - INFO - Processing vortex SCLK 671645443 found at ml index: 1576855
2025-06-19 13:04:13,482 - __main__ - INFO - Processing vortex SCLK 671648210 found at ml index: 1579622
2025-06-19 13:04:13,488 - __main__ - INFO - Processing vortex SCLK 671656101 found at ml index: 1585256
2025-06-19 13:04:13,495 - __main__ - INFO - Processing vortex SCLK 671731643 found at ml index: 1630294
2025-06-19 13:04:13,502 - __main__ - INFO - Processing vortex SCLK 671740824 found at ml index: 1639475
2025-06-19 13:04:13,509 - __main__ - INFO - Processing vortex SCLK 671746873 found at ml index: 1643237
2025-06-19 13:04:13,516 - __main__ - INFO - Processing vortex SCLK 671823162 found at ml index: 1688879
2025-06-19 13:04:13,524 - __main__ - INFO - Processing vortex SCLK 671823654 found at ml index: 1689371
2025-06-19 13:04:13,530 - __main__ - INFO - Processing vortex SCLK 671823993 found at ml index: 1689710
2025-06-19 13:04:13,538 - __main__ - INFO - Processing vortex SCLK 671824646 found at ml index: 1690363
2025-06-19 13:04:13,545 - __main__ - INFO - Processing vortex SCLK 671825542 found at ml index: 1691259
2025-06-19 13:04:13,552 - __main__ - INFO - Processing vortex SCLK 671831605 found at ml index: 1697322
2025-06-19 13:04:13,560 - __main__ - INFO - Processing vortex SCLK 671834757 found at ml index: 1700474
2025-06-19 13:04:13,566 - __main__ - INFO - Processing vortex SCLK 671904824 found at ml index: 1740981
2025-06-19 13:04:13,573 - __main__ - INFO - Processing vortex SCLK 671909321 found at ml index: 1743885
2025-06-19 13:04:13,581 - __main__ - INFO - Processing vortex SCLK 671911350 found at ml index: 1745914
2025-06-19 13:04:13,588 - __main__ - INFO - Processing vortex SCLK 671913231 found at ml index: 1747795
2025-06-19 13:04:13,595 - __main__ - INFO - Processing vortex SCLK 671915681 found at ml index: 1750245
2025-06-19 13:04:13,602 - __main__ - INFO - Processing vortex SCLK 671916470 found at ml index: 1751034
2025-06-19 13:04:13,610 - __main__ - INFO - Processing vortex SCLK 671920779 found at ml index: 1755343
2025-06-19 13:04:13,617 - __main__ - INFO - Processing vortex SCLK 671921784 found at ml index: 1756348
2025-06-19 13:04:13,624 - __main__ - INFO - Processing vortex SCLK 671995990 found at ml index: 1801016
2025-06-19 13:04:13,631 - __main__ - INFO - Processing vortex SCLK 672002175 found at ml index: 1807201
2025-06-19 13:04:13,639 - __main__ - INFO - Processing vortex SCLK 672002362 found at ml index: 1807388
2025-06-19 13:04:13,646 - __main__ - INFO - Processing vortex SCLK 672104482 found at ml index: 1874652
2025-06-19 13:04:13,653 - __main__ - INFO - Processing vortex SCLK 672178090 found at ml index: 1921075
2025-06-19 13:04:13,661 - __main__ - INFO - Processing vortex SCLK 672180689 found at ml index: 1923674
2025-06-19 13:04:13,669 - __main__ - INFO - Processing vortex SCLK 672181444 found at ml index: 1924429
2025-06-19 13:04:13,676 - __main__ - INFO - Processing vortex SCLK 672182115 found at ml index: 1925100
2025-06-19 13:04:13,683 - __main__ - INFO - Processing vortex SCLK 672183596 found at ml index: 1926581
2025-06-19 13:04:13,690 - __main__ - INFO - Processing vortex SCLK 672185170 found at ml index: 1928155
2025-06-19 13:04:13,697 - __main__ - INFO - Processing vortex SCLK 672190662 found at ml index: 1931494
2025-06-19 13:04:13,704 - __main__ - INFO - Processing vortex SCLK 672267244 found at ml index: 1979457
2025-06-19 13:04:13,711 - __main__ - INFO - Processing vortex SCLK 672269283 found at ml index: 1981496
2025-06-19 13:04:13,717 - __main__ - INFO - Processing vortex SCLK 672269792 found at ml index: 1982005
2025-06-19 13:04:13,725 - __main__ - INFO - Processing vortex SCLK 672350659 found at ml index: 2035489
2025-06-19 13:04:13,732 - __main__ - INFO - Processing vortex SCLK 672352068 found at ml index: 2036898
2025-06-19 13:04:13,739 - __main__ - INFO - Processing vortex SCLK 672355502 found at ml index: 2040332
2025-06-19 13:04:13,746 - __main__ - INFO - Processing vortex SCLK 672357238 found at ml index: 2042068
2025-06-19 13:04:13,753 - __main__ - INFO - Processing vortex SCLK 672359382 found at ml index: 2044212
2025-06-19 13:04:13,759 - __main__ - INFO - Processing vortex SCLK 672362559 found at ml index: 2047389
2025-06-19 13:04:13,768 - __main__ - INFO - Processing vortex SCLK 672365510 found at ml index: 2050340
2025-06-19 13:04:13,775 - __main__ - INFO - Processing vortex SCLK 672365820 found at ml index: 2050650
2025-06-19 13:04:13,781 - __main__ - INFO - Processing vortex SCLK 672445220 found at ml index: 2096997
2025-06-19 13:04:13,790 - __main__ - INFO - Processing vortex SCLK 672445462 found at ml index: 2097239
2025-06-19 13:04:13,797 - __main__ - INFO - Processing vortex SCLK 672446338 found at ml index: 2098115
2025-06-19 13:04:13,803 - __main__ - INFO - Processing vortex SCLK 672528720 found at ml index: 2150565
2025-06-19 13:04:13,812 - __main__ - INFO - Processing vortex SCLK 672531916 found at ml index: 2153761
2025-06-19 13:04:13,819 - __main__ - WARNING - SCLK value 672538692 not found in ml data; skipping.
2025-06-19 13:04:13,821 - __main__ - WARNING - SCLK value 672546578 not found in ml data; skipping.
2025-06-19 13:04:13,824 - __main__ - WARNING - SCLK value 672548966 not found in ml data; skipping.
2025-06-19 13:04:13,826 - __main__ - WARNING - SCLK value 672621236 not found in ml data; skipping.
2025-06-19 13:04:13,828 - __main__ - WARNING - SCLK value 672622288 not found in ml data; skipping.
2025-06-19 13:04:13,830 - __main__ - WARNING - SCLK value 672624313 not found in ml data; skipping.
2025-06-19 13:04:13,833 - __main__ - WARNING - SCLK value 672624475 not found in ml data; skipping.
2025-06-19 13:04:13,835 - __main__ - WARNING - SCLK value 672626109 not found in ml data; skipping.
2025-06-19 13:04:13,838 - __main__ - WARNING - SCLK value 672626122 not found in ml data; skipping.
2025-06-19 13:04:13,841 - __main__ - WARNING - SCLK value 672706787 not found in ml data; skipping.
2025-06-19 13:04:13,843 - __main__ - WARNING - SCLK value 672709027 not found in ml data; skipping.
2025-06-19 13:04:13,845 - __main__ - WARNING - SCLK value 672711149 not found in ml data; skipping.
2025-06-19 13:04:13,847 - __main__ - WARNING - SCLK value 672711621 not found in ml data; skipping.
2025-06-19 13:04:13,849 - __main__ - WARNING - SCLK value 672713266 not found in ml data; skipping.
2025-06-19 13:04:13,852 - __main__ - WARNING - SCLK value 672713337 not found in ml data; skipping.
2025-06-19 13:04:13,854 - __main__ - WARNING - SCLK value 672715961 not found in ml data; skipping.
2025-06-19 13:04:13,857 - __main__ - WARNING - SCLK value 672718373 not found in ml data; skipping.
2025-06-19 13:04:13,860 - __main__ - WARNING - SCLK value 672719375 not found in ml data; skipping.
2025-06-19 13:04:13,862 - __main__ - WARNING - SCLK value 672721953 not found in ml data; skipping.
2025-06-19 13:04:13,864 - __main__ - WARNING - SCLK value 672801263 not found in ml data; skipping.
2025-06-19 13:04:13,866 - __main__ - WARNING - SCLK value 672801630 not found in ml data; skipping.
2025-06-19 13:04:13,869 - __main__ - WARNING - SCLK value 672804797 not found in ml data; skipping.
2025-06-19 13:04:13,871 - __main__ - WARNING - SCLK value 672884603 not found in ml data; skipping.
2025-06-19 13:04:13,874 - __main__ - WARNING - SCLK value 672884933 not found in ml data; skipping.
2025-06-19 13:04:13,876 - __main__ - WARNING - SCLK value 672885216 not found in ml data; skipping.
2025-06-19 13:04:13,879 - __main__ - WARNING - SCLK value 672889286 not found in ml data; skipping.
2025-06-19 13:04:13,881 - __main__ - WARNING - SCLK value 672890283 not found in ml data; skipping.
2025-06-19 13:04:13,883 - __main__ - WARNING - SCLK value 672894510 not found in ml data; skipping.
2025-06-19 13:04:13,885 - __main__ - WARNING - SCLK value 672964384 not found in ml data; skipping.
2025-06-19 13:04:13,889 - __main__ - WARNING - SCLK value 672973742 not found in ml data; skipping.
2025-06-19 13:04:13,891 - __main__ - WARNING - SCLK value 672976272 not found in ml data; skipping.
2025-06-19 13:04:13,893 - __main__ - WARNING - SCLK value 672979607 not found in ml data; skipping.
2025-06-19 13:04:13,896 - __main__ - WARNING - SCLK value 672983982 not found in ml data; skipping.
2025-06-19 13:04:13,897 - __main__ - WARNING - SCLK value 672984068 not found in ml data; skipping.
2025-06-19 13:04:13,900 - __main__ - WARNING - SCLK value 672984973 not found in ml data; skipping.
2025-06-19 13:04:13,902 - __main__ - WARNING - SCLK value 672985340 not found in ml data; skipping.
2025-06-19 13:04:13,904 - __main__ - WARNING - SCLK value 673068974 not found in ml data; skipping.
2025-06-19 13:04:13,907 - __main__ - WARNING - SCLK value 673072073 not found in ml data; skipping.
2025-06-19 13:04:13,909 - __main__ - WARNING - SCLK value 673076429 not found in ml data; skipping.
2025-06-19 13:04:13,912 - __main__ - WARNING - SCLK value 673078972 not found in ml data; skipping.
2025-06-19 13:04:13,914 - __main__ - WARNING - SCLK value 673147721 not found in ml data; skipping.
2025-06-19 13:04:13,916 - __main__ - WARNING - SCLK value 673240962 not found in ml data; skipping.
2025-06-19 13:04:13,919 - __main__ - WARNING - SCLK value 673242020 not found in ml data; skipping.
2025-06-19 13:04:13,921 - __main__ - WARNING - SCLK value 673243964 not found in ml data; skipping.
2025-06-19 13:04:13,924 - __main__ - WARNING - SCLK value 673245884 not found in ml data; skipping.
2025-06-19 13:04:13,926 - __main__ - WARNING - SCLK value 673251635 not found in ml data; skipping.
2025-06-19 13:04:13,929 - __main__ - WARNING - SCLK value 673254242 not found in ml data; skipping.
2025-06-19 13:04:13,931 - __main__ - WARNING - SCLK value 673328658 not found in ml data; skipping.
2025-06-19 13:04:13,934 - __main__ - WARNING - SCLK value 673329003 not found in ml data; skipping.
2025-06-19 13:04:13,936 - __main__ - WARNING - SCLK value 673332835 not found in ml data; skipping.
2025-06-19 13:04:13,939 - __main__ - WARNING - SCLK value 673332863 not found in ml data; skipping.
2025-06-19 13:04:13,941 - __main__ - WARNING - SCLK value 673334070 not found in ml data; skipping.
2025-06-19 13:04:13,944 - __main__ - WARNING - SCLK value 673334708 not found in ml data; skipping.
2025-06-19 13:04:13,946 - __main__ - WARNING - SCLK value 673338788 not found in ml data; skipping.
2025-06-19 13:04:13,950 - __main__ - WARNING - SCLK value 673340481 not found in ml data; skipping.
2025-06-19 13:04:13,952 - __main__ - WARNING - SCLK value 673344227 not found in ml data; skipping.
2025-06-19 13:04:13,955 - __main__ - WARNING - SCLK value 673424713 not found in ml data; skipping.
2025-06-19 13:04:13,957 - __main__ - WARNING - SCLK value 673429348 not found in ml data; skipping.
2025-06-19 13:04:13,959 - __main__ - WARNING - SCLK value 673500853 not found in ml data; skipping.
2025-06-19 13:04:13,961 - __main__ - WARNING - SCLK value 673512599 not found in ml data; skipping.
2025-06-19 13:04:13,964 - __main__ - WARNING - SCLK value 673513373 not found in ml data; skipping.
2025-06-19 13:04:13,967 - __main__ - WARNING - SCLK value 673514725 not found in ml data; skipping.
2025-06-19 13:04:13,968 - __main__ - WARNING - SCLK value 673594180 not found in ml data; skipping.
2025-06-19 13:04:13,971 - __main__ - WARNING - SCLK value 673597335 not found in ml data; skipping.
2025-06-19 13:04:13,973 - __main__ - WARNING - SCLK value 673598754 not found in ml data; skipping.
2025-06-19 13:04:13,975 - __main__ - WARNING - SCLK value 673606937 not found in ml data; skipping.
2025-06-19 13:04:13,978 - __main__ - WARNING - SCLK value 673680243 not found in ml data; skipping.
2025-06-19 13:04:13,981 - __main__ - WARNING - SCLK value 673681579 not found in ml data; skipping.
2025-06-19 13:04:13,983 - __main__ - WARNING - SCLK value 673685675 not found in ml data; skipping.
2025-06-19 13:04:13,986 - __main__ - WARNING - SCLK value 673694236 not found in ml data; skipping.
2025-06-19 13:04:13,988 - __main__ - WARNING - SCLK value 673694529 not found in ml data; skipping.
2025-06-19 13:04:13,990 - __main__ - WARNING - SCLK value 673773378 not found in ml data; skipping.
2025-06-19 13:04:13,992 - __main__ - WARNING - SCLK value 673779637 not found in ml data; skipping.
2025-06-19 13:04:13,995 - __main__ - WARNING - SCLK value 673781075 not found in ml data; skipping.
2025-06-19 13:04:13,996 - __main__ - WARNING - SCLK value 673858855 not found in ml data; skipping.
2025-06-19 13:04:14,000 - __main__ - WARNING - SCLK value 673863604 not found in ml data; skipping.
2025-06-19 13:04:14,002 - __main__ - WARNING - SCLK value 673865805 not found in ml data; skipping.
2025-06-19 13:04:14,004 - __main__ - WARNING - SCLK value 673874053 not found in ml data; skipping.
2025-06-19 13:04:14,006 - __main__ - WARNING - SCLK value 673948338 not found in ml data; skipping.
2025-06-19 13:04:14,008 - __main__ - WARNING - SCLK value 673951488 not found in ml data; skipping.
2025-06-19 13:04:14,010 - __main__ - WARNING - SCLK value 673955512 not found in ml data; skipping.
2025-06-19 13:04:14,013 - __main__ - WARNING - SCLK value 673958960 not found in ml data; skipping.
2025-06-19 13:04:14,015 - __main__ - WARNING - SCLK value 674041445 not found in ml data; skipping.
2025-06-19 13:04:14,018 - __main__ - WARNING - SCLK value 674042999 not found in ml data; skipping.
2025-06-19 13:04:14,020 - __main__ - WARNING - SCLK value 674044064 not found in ml data; skipping.
2025-06-19 13:04:14,023 - __main__ - WARNING - SCLK value 674051268 not found in ml data; skipping.
2025-06-19 13:04:14,025 - __main__ - WARNING - SCLK value 674056174 not found in ml data; skipping.
2025-06-19 13:04:14,027 - __main__ - WARNING - SCLK value 674122081 not found in ml data; skipping.
2025-06-19 13:04:14,029 - __main__ - WARNING - SCLK value 674128125 not found in ml data; skipping.
2025-06-19 13:04:14,031 - __main__ - WARNING - SCLK value 674128981 not found in ml data; skipping.
2025-06-19 13:04:14,034 - __main__ - WARNING - SCLK value 674133319 not found in ml data; skipping.
2025-06-19 13:04:14,036 - __main__ - WARNING - SCLK value 674140571 not found in ml data; skipping.
2025-06-19 13:04:14,038 - __main__ - WARNING - SCLK value 674213517 not found in ml data; skipping.
2025-06-19 13:04:14,041 - __main__ - WARNING - SCLK value 674218894 not found in ml data; skipping.
2025-06-19 13:04:14,043 - __main__ - WARNING - SCLK value 674228677 not found in ml data; skipping.
2025-06-19 13:04:14,046 - __main__ - WARNING - SCLK value 674304877 not found in ml data; skipping.
2025-06-19 13:04:14,048 - __main__ - WARNING - SCLK value 674307030 not found in ml data; skipping.
2025-06-19 13:04:14,050 - __main__ - WARNING - SCLK value 674307104 not found in ml data; skipping.
2025-06-19 13:04:14,053 - __main__ - WARNING - SCLK value 674317907 not found in ml data; skipping.
2025-06-19 13:04:14,055 - __main__ - WARNING - SCLK value 674398187 not found in ml data; skipping.
2025-06-19 13:04:14,057 - __main__ - WARNING - SCLK value 674410494 not found in ml data; skipping.
2025-06-19 13:04:14,060 - __main__ - WARNING - SCLK value 674482627 not found in ml data; skipping.
2025-06-19 13:04:14,062 - __main__ - WARNING - SCLK value 674483906 not found in ml data; skipping.
2025-06-19 13:04:14,066 - __main__ - WARNING - SCLK value 674484439 not found in ml data; skipping.
2025-06-19 13:04:14,068 - __main__ - WARNING - SCLK value 674491238 not found in ml data; skipping.
2025-06-19 13:04:14,070 - __main__ - WARNING - SCLK value 674492008 not found in ml data; skipping.
2025-06-19 13:04:14,072 - __main__ - WARNING - SCLK value 674497424 not found in ml data; skipping.
2025-06-19 13:04:14,075 - __main__ - WARNING - SCLK value 674498121 not found in ml data; skipping.
2025-06-19 13:04:14,077 - __main__ - WARNING - SCLK value 674568708 not found in ml data; skipping.
2025-06-19 13:04:14,079 - __main__ - WARNING - SCLK value 674573756 not found in ml data; skipping.
2025-06-19 13:04:14,081 - __main__ - WARNING - SCLK value 674575721 not found in ml data; skipping.
2025-06-19 13:04:14,083 - __main__ - WARNING - SCLK value 674582484 not found in ml data; skipping.
2025-06-19 13:04:14,086 - __main__ - WARNING - SCLK value 674666247 not found in ml data; skipping.
2025-06-19 13:04:14,089 - __main__ - WARNING - SCLK value 674666809 not found in ml data; skipping.
2025-06-19 13:04:14,091 - __main__ - WARNING - SCLK value 674667232 not found in ml data; skipping.
2025-06-19 13:04:14,094 - __main__ - WARNING - SCLK value 674669243 not found in ml data; skipping.
2025-06-19 13:04:14,096 - __main__ - WARNING - SCLK value 674751396 not found in ml data; skipping.
2025-06-19 13:04:14,098 - __main__ - WARNING - SCLK value 674837510 not found in ml data; skipping.
2025-06-19 13:04:14,100 - __main__ - WARNING - SCLK value 674845274 not found in ml data; skipping.
2025-06-19 13:04:14,102 - __main__ - WARNING - SCLK value 674846962 not found in ml data; skipping.
2025-06-19 13:04:14,105 - __main__ - WARNING - SCLK value 674850855 not found in ml data; skipping.
2025-06-19 13:04:14,116 - __main__ - INFO - Processing validation data around vortex events...
2025-06-19 13:04:14,118 - __main__ - WARNING - SCLK value 668288145 not found in ml data; skipping.
2025-06-19 13:04:14,119 - __main__ - WARNING - SCLK value 668288356 not found in ml data; skipping.
2025-06-19 13:04:14,119 - __main__ - WARNING - SCLK value 668363851 not found in ml data; skipping.
2025-06-19 13:04:14,120 - __main__ - WARNING - SCLK value 668370696 not found in ml data; skipping.
2025-06-19 13:04:14,121 - __main__ - WARNING - SCLK value 668373458 not found in ml data; skipping.
2025-06-19 13:04:14,122 - __main__ - WARNING - SCLK value 668450709 not found in ml data; skipping.
2025-06-19 13:04:14,123 - __main__ - WARNING - SCLK value 668451679 not found in ml data; skipping.
2025-06-19 13:04:14,124 - __main__ - WARNING - SCLK value 668465594 not found in ml data; skipping.
2025-06-19 13:04:14,124 - __main__ - WARNING - SCLK value 668471362 not found in ml data; skipping.
2025-06-19 13:04:14,125 - __main__ - WARNING - SCLK value 668534767 not found in ml data; skipping.
2025-06-19 13:04:14,126 - __main__ - WARNING - SCLK value 668540964 not found in ml data; skipping.
2025-06-19 13:04:14,127 - __main__ - WARNING - SCLK value 668541515 not found in ml data; skipping.
2025-06-19 13:04:14,127 - __main__ - WARNING - SCLK value 668542064 not found in ml data; skipping.
2025-06-19 13:04:14,129 - __main__ - WARNING - SCLK value 668542340 not found in ml data; skipping.
2025-06-19 13:04:14,130 - __main__ - WARNING - SCLK value 668551101 not found in ml data; skipping.
2025-06-19 13:04:14,131 - __main__ - WARNING - SCLK value 668555682 not found in ml data; skipping.
2025-06-19 13:04:14,132 - __main__ - WARNING - SCLK value 668556124 not found in ml data; skipping.
2025-06-19 13:04:14,133 - __main__ - WARNING - SCLK value 668557517 not found in ml data; skipping.
2025-06-19 13:04:14,133 - __main__ - WARNING - SCLK value 668716847 not found in ml data; skipping.
2025-06-19 13:04:14,134 - __main__ - WARNING - SCLK value 668723694 not found in ml data; skipping.
2025-06-19 13:04:14,135 - __main__ - WARNING - SCLK value 668801790 not found in ml data; skipping.
2025-06-19 13:04:14,136 - __main__ - WARNING - SCLK value 668808927 not found in ml data; skipping.
2025-06-19 13:04:14,137 - __main__ - WARNING - SCLK value 668810541 not found in ml data; skipping.
2025-06-19 13:04:14,138 - __main__ - WARNING - SCLK value 668811652 not found in ml data; skipping.
2025-06-19 13:04:14,138 - __main__ - WARNING - SCLK value 668816129 not found in ml data; skipping.
2025-06-19 13:04:14,139 - __main__ - WARNING - SCLK value 669426485 not found in ml data; skipping.
2025-06-19 13:04:14,140 - __main__ - WARNING - SCLK value 669427340 not found in ml data; skipping.
2025-06-19 13:04:14,140 - __main__ - WARNING - SCLK value 669434405 not found in ml data; skipping.
2025-06-19 13:04:14,141 - __main__ - WARNING - SCLK value 669434703 not found in ml data; skipping.
2025-06-19 13:04:14,142 - __main__ - WARNING - SCLK value 669518763 not found in ml data; skipping.
2025-06-19 13:04:14,143 - __main__ - WARNING - SCLK value 669519478 not found in ml data; skipping.
2025-06-19 13:04:14,143 - __main__ - WARNING - SCLK value 669531860 not found in ml data; skipping.
2025-06-19 13:04:14,144 - __main__ - WARNING - SCLK value 669626803 not found in ml data; skipping.
2025-06-19 13:04:14,145 - __main__ - WARNING - SCLK value 669688619 not found in ml data; skipping.
2025-06-19 13:04:14,146 - __main__ - WARNING - SCLK value 669690018 not found in ml data; skipping.
2025-06-19 13:04:14,146 - __main__ - WARNING - SCLK value 669690620 not found in ml data; skipping.
2025-06-19 13:04:14,147 - __main__ - WARNING - SCLK value 669704197 not found in ml data; skipping.
2025-06-19 13:04:14,148 - __main__ - WARNING - SCLK value 669779409 not found in ml data; skipping.
2025-06-19 13:04:14,148 - __main__ - WARNING - SCLK value 669780445 not found in ml data; skipping.
2025-06-19 13:04:14,149 - __main__ - WARNING - SCLK value 669787866 not found in ml data; skipping.
2025-06-19 13:04:14,150 - __main__ - WARNING - SCLK value 669787881 not found in ml data; skipping.
2025-06-19 13:04:14,151 - __main__ - WARNING - SCLK value 669870405 not found in ml data; skipping.
2025-06-19 13:04:14,152 - __main__ - WARNING - SCLK value 669873580 not found in ml data; skipping.
2025-06-19 13:04:14,153 - __main__ - WARNING - SCLK value 669882031 not found in ml data; skipping.
2025-06-19 13:04:14,153 - __main__ - WARNING - SCLK value 669886865 not found in ml data; skipping.
2025-06-19 13:04:14,154 - __main__ - WARNING - SCLK value 669958088 not found in ml data; skipping.
2025-06-19 13:04:14,155 - __main__ - WARNING - SCLK value 669959376 not found in ml data; skipping.
2025-06-19 13:04:14,155 - __main__ - WARNING - SCLK value 669959712 not found in ml data; skipping.
2025-06-19 13:04:14,156 - __main__ - WARNING - SCLK value 669960008 not found in ml data; skipping.
2025-06-19 13:04:14,157 - __main__ - WARNING - SCLK value 669960347 not found in ml data; skipping.
2025-06-19 13:04:14,158 - __main__ - WARNING - SCLK value 669962940 not found in ml data; skipping.
2025-06-19 13:04:14,159 - __main__ - WARNING - SCLK value 669964312 not found in ml data; skipping.
2025-06-19 13:04:14,159 - __main__ - WARNING - SCLK value 669965150 not found in ml data; skipping.
2025-06-19 13:04:14,160 - __main__ - WARNING - SCLK value 669971696 not found in ml data; skipping.
2025-06-19 13:04:14,161 - __main__ - WARNING - SCLK value 670046942 not found in ml data; skipping.
2025-06-19 13:04:14,161 - __main__ - WARNING - SCLK value 670047546 not found in ml data; skipping.
2025-06-19 13:04:14,162 - __main__ - WARNING - SCLK value 670055611 not found in ml data; skipping.
2025-06-19 13:04:14,163 - __main__ - WARNING - SCLK value 670129653 not found in ml data; skipping.
2025-06-19 13:04:14,164 - __main__ - WARNING - SCLK value 670136668 not found in ml data; skipping.
2025-06-19 13:04:14,164 - __main__ - WARNING - SCLK value 670138695 not found in ml data; skipping.
2025-06-19 13:04:14,165 - __main__ - WARNING - SCLK value 670225439 not found in ml data; skipping.
2025-06-19 13:04:14,166 - __main__ - WARNING - SCLK value 670232335 not found in ml data; skipping.
2025-06-19 13:04:14,167 - __main__ - WARNING - SCLK value 670232986 not found in ml data; skipping.
2025-06-19 13:04:14,167 - __main__ - WARNING - SCLK value 670233871 not found in ml data; skipping.
2025-06-19 13:04:14,169 - __main__ - WARNING - SCLK value 670313772 not found in ml data; skipping.
2025-06-19 13:04:14,169 - __main__ - WARNING - SCLK value 670315385 not found in ml data; skipping.
2025-06-19 13:04:14,170 - __main__ - WARNING - SCLK value 670317790 not found in ml data; skipping.
2025-06-19 13:04:14,171 - __main__ - WARNING - SCLK value 670321691 not found in ml data; skipping.
2025-06-19 13:04:14,172 - __main__ - WARNING - SCLK value 670325686 not found in ml data; skipping.
2025-06-19 13:04:14,173 - __main__ - WARNING - SCLK value 670329256 not found in ml data; skipping.
2025-06-19 13:04:14,174 - __main__ - WARNING - SCLK value 670398725 not found in ml data; skipping.
2025-06-19 13:04:14,174 - __main__ - WARNING - SCLK value 670402854 not found in ml data; skipping.
2025-06-19 13:04:14,175 - __main__ - WARNING - SCLK value 670403870 not found in ml data; skipping.
2025-06-19 13:04:14,176 - __main__ - WARNING - SCLK value 670409834 not found in ml data; skipping.
2025-06-19 13:04:14,176 - __main__ - WARNING - SCLK value 670412275 not found in ml data; skipping.
2025-06-19 13:04:14,177 - __main__ - WARNING - SCLK value 670412326 not found in ml data; skipping.
2025-06-19 13:04:14,178 - __main__ - WARNING - SCLK value 670578458 not found in ml data; skipping.
2025-06-19 13:04:14,178 - __main__ - WARNING - SCLK value 670580613 not found in ml data; skipping.
2025-06-19 13:04:14,179 - __main__ - WARNING - SCLK value 670584569 not found in ml data; skipping.
2025-06-19 13:04:14,180 - __main__ - WARNING - SCLK value 670584657 not found in ml data; skipping.
2025-06-19 13:04:14,181 - __main__ - WARNING - SCLK value 670587674 not found in ml data; skipping.
2025-06-19 13:04:14,181 - __main__ - WARNING - SCLK value 670594461 not found in ml data; skipping.
2025-06-19 13:04:14,182 - __main__ - WARNING - SCLK value 670841835 not found in ml data; skipping.
2025-06-19 13:04:14,183 - __main__ - WARNING - SCLK value 670842459 not found in ml data; skipping.
2025-06-19 13:04:14,184 - __main__ - WARNING - SCLK value 670849047 not found in ml data; skipping.
2025-06-19 13:04:14,184 - __main__ - WARNING - SCLK value 670852738 not found in ml data; skipping.
2025-06-19 13:04:14,185 - __main__ - WARNING - SCLK value 670856365 not found in ml data; skipping.
2025-06-19 13:04:14,186 - __main__ - WARNING - SCLK value 670859755 not found in ml data; skipping.
2025-06-19 13:04:14,186 - __main__ - WARNING - SCLK value 670870370 not found in ml data; skipping.
2025-06-19 13:04:14,187 - __main__ - WARNING - SCLK value 670929808 not found in ml data; skipping.
2025-06-19 13:04:14,188 - __main__ - WARNING - SCLK value 670930554 not found in ml data; skipping.
2025-06-19 13:04:14,189 - __main__ - WARNING - SCLK value 670933108 not found in ml data; skipping.
2025-06-19 13:04:14,189 - __main__ - WARNING - SCLK value 670934582 not found in ml data; skipping.
2025-06-19 13:04:14,190 - __main__ - WARNING - SCLK value 670938327 not found in ml data; skipping.
2025-06-19 13:04:14,191 - __main__ - WARNING - SCLK value 670938389 not found in ml data; skipping.
2025-06-19 13:04:14,192 - __main__ - WARNING - SCLK value 670940703 not found in ml data; skipping.
2025-06-19 13:04:14,193 - __main__ - WARNING - SCLK value 670945386 not found in ml data; skipping.
2025-06-19 13:04:14,193 - __main__ - WARNING - SCLK value 670961352 not found in ml data; skipping.
2025-06-19 13:04:14,194 - __main__ - WARNING - SCLK value 671024106 not found in ml data; skipping.
2025-06-19 13:04:14,195 - __main__ - WARNING - SCLK value 671027864 not found in ml data; skipping.
2025-06-19 13:04:14,196 - __main__ - WARNING - SCLK value 671027972 not found in ml data; skipping.
2025-06-19 13:04:14,196 - __main__ - WARNING - SCLK value 671033906 not found in ml data; skipping.
2025-06-19 13:04:14,197 - __main__ - WARNING - SCLK value 671039200 not found in ml data; skipping.
2025-06-19 13:04:14,197 - __main__ - WARNING - SCLK value 671109364 not found in ml data; skipping.
2025-06-19 13:04:14,199 - __main__ - WARNING - SCLK value 671113914 not found in ml data; skipping.
2025-06-19 13:04:14,200 - __main__ - WARNING - SCLK value 671114679 not found in ml data; skipping.
2025-06-19 13:04:14,201 - __main__ - WARNING - SCLK value 671115255 not found in ml data; skipping.
2025-06-19 13:04:14,202 - __main__ - WARNING - SCLK value 671115289 not found in ml data; skipping.
2025-06-19 13:04:14,203 - __main__ - WARNING - SCLK value 671120289 not found in ml data; skipping.
2025-06-19 13:04:14,203 - __main__ - WARNING - SCLK value 671126006 not found in ml data; skipping.
2025-06-19 13:04:14,204 - __main__ - WARNING - SCLK value 671126607 not found in ml data; skipping.
2025-06-19 13:04:14,205 - __main__ - WARNING - SCLK value 671127245 not found in ml data; skipping.
2025-06-19 13:04:14,206 - __main__ - WARNING - SCLK value 671139428 not found in ml data; skipping.
2025-06-19 13:04:14,206 - __main__ - WARNING - SCLK value 671204280 not found in ml data; skipping.
2025-06-19 13:04:14,207 - __main__ - WARNING - SCLK value 671213291 not found in ml data; skipping.
2025-06-19 13:04:14,207 - __main__ - WARNING - SCLK value 671214052 not found in ml data; skipping.
2025-06-19 13:04:14,208 - __main__ - WARNING - SCLK value 671224977 not found in ml data; skipping.
2025-06-19 13:04:14,209 - __main__ - WARNING - SCLK value 671291649 not found in ml data; skipping.
2025-06-19 13:04:14,210 - __main__ - WARNING - SCLK value 671294608 not found in ml data; skipping.
2025-06-19 13:04:14,210 - __main__ - WARNING - SCLK value 671302478 not found in ml data; skipping.
2025-06-19 13:04:14,211 - __main__ - WARNING - SCLK value 671302909 not found in ml data; skipping.
2025-06-19 13:04:14,212 - __main__ - WARNING - SCLK value 671308300 not found in ml data; skipping.
2025-06-19 13:04:14,213 - __main__ - WARNING - SCLK value 671376036 not found in ml data; skipping.
2025-06-19 13:04:14,213 - __main__ - WARNING - SCLK value 671376059 not found in ml data; skipping.
2025-06-19 13:04:14,214 - __main__ - WARNING - SCLK value 671376348 not found in ml data; skipping.
2025-06-19 13:04:14,215 - __main__ - WARNING - SCLK value 671376844 not found in ml data; skipping.
2025-06-19 13:04:14,216 - __main__ - WARNING - SCLK value 671377912 not found in ml data; skipping.
2025-06-19 13:04:14,217 - __main__ - WARNING - SCLK value 671379183 not found in ml data; skipping.
2025-06-19 13:04:14,217 - __main__ - WARNING - SCLK value 671384112 not found in ml data; skipping.
2025-06-19 13:04:14,218 - __main__ - WARNING - SCLK value 671391076 not found in ml data; skipping.
2025-06-19 13:04:14,219 - __main__ - WARNING - SCLK value 671395245 not found in ml data; skipping.
2025-06-19 13:04:14,220 - __main__ - WARNING - SCLK value 671466934 not found in ml data; skipping.
2025-06-19 13:04:14,221 - __main__ - WARNING - SCLK value 671468200 not found in ml data; skipping.
2025-06-19 13:04:14,221 - __main__ - WARNING - SCLK value 671559311 not found in ml data; skipping.
2025-06-19 13:04:14,222 - __main__ - WARNING - SCLK value 671560213 not found in ml data; skipping.
2025-06-19 13:04:14,223 - __main__ - WARNING - SCLK value 671561065 not found in ml data; skipping.
2025-06-19 13:04:14,224 - __main__ - WARNING - SCLK value 671563881 not found in ml data; skipping.
2025-06-19 13:04:14,224 - __main__ - WARNING - SCLK value 671570327 not found in ml data; skipping.
2025-06-19 13:04:14,225 - __main__ - WARNING - SCLK value 671641441 not found in ml data; skipping.
2025-06-19 13:04:14,226 - __main__ - WARNING - SCLK value 671644549 not found in ml data; skipping.
2025-06-19 13:04:14,226 - __main__ - WARNING - SCLK value 671645443 not found in ml data; skipping.
2025-06-19 13:04:14,227 - __main__ - WARNING - SCLK value 671648210 not found in ml data; skipping.
2025-06-19 13:04:14,228 - __main__ - WARNING - SCLK value 671656101 not found in ml data; skipping.
2025-06-19 13:04:14,229 - __main__ - WARNING - SCLK value 671731643 not found in ml data; skipping.
2025-06-19 13:04:14,230 - __main__ - WARNING - SCLK value 671740824 not found in ml data; skipping.
2025-06-19 13:04:14,230 - __main__ - WARNING - SCLK value 671746873 not found in ml data; skipping.
2025-06-19 13:04:14,231 - __main__ - WARNING - SCLK value 671823162 not found in ml data; skipping.
2025-06-19 13:04:14,232 - __main__ - WARNING - SCLK value 671823654 not found in ml data; skipping.
2025-06-19 13:04:14,233 - __main__ - WARNING - SCLK value 671823993 not found in ml data; skipping.
2025-06-19 13:04:14,234 - __main__ - WARNING - SCLK value 671824646 not found in ml data; skipping.
2025-06-19 13:04:14,234 - __main__ - WARNING - SCLK value 671825542 not found in ml data; skipping.
2025-06-19 13:04:14,235 - __main__ - WARNING - SCLK value 671831605 not found in ml data; skipping.
2025-06-19 13:04:14,236 - __main__ - WARNING - SCLK value 671834757 not found in ml data; skipping.
2025-06-19 13:04:14,237 - __main__ - WARNING - SCLK value 671904824 not found in ml data; skipping.
2025-06-19 13:04:14,238 - __main__ - WARNING - SCLK value 671909321 not found in ml data; skipping.
2025-06-19 13:04:14,239 - __main__ - WARNING - SCLK value 671911350 not found in ml data; skipping.
2025-06-19 13:04:14,240 - __main__ - WARNING - SCLK value 671913231 not found in ml data; skipping.
2025-06-19 13:04:14,241 - __main__ - WARNING - SCLK value 671915681 not found in ml data; skipping.
2025-06-19 13:04:14,242 - __main__ - WARNING - SCLK value 671916470 not found in ml data; skipping.
2025-06-19 13:04:14,243 - __main__ - WARNING - SCLK value 671920779 not found in ml data; skipping.
2025-06-19 13:04:14,243 - __main__ - WARNING - SCLK value 671921784 not found in ml data; skipping.
2025-06-19 13:04:14,244 - __main__ - WARNING - SCLK value 671995990 not found in ml data; skipping.
2025-06-19 13:04:14,245 - __main__ - WARNING - SCLK value 672002175 not found in ml data; skipping.
2025-06-19 13:04:14,246 - __main__ - WARNING - SCLK value 672002362 not found in ml data; skipping.
2025-06-19 13:04:14,246 - __main__ - WARNING - SCLK value 672104482 not found in ml data; skipping.
2025-06-19 13:04:14,247 - __main__ - WARNING - SCLK value 672178090 not found in ml data; skipping.
2025-06-19 13:04:14,248 - __main__ - WARNING - SCLK value 672180689 not found in ml data; skipping.
2025-06-19 13:04:14,249 - __main__ - WARNING - SCLK value 672181444 not found in ml data; skipping.
2025-06-19 13:04:14,249 - __main__ - WARNING - SCLK value 672182115 not found in ml data; skipping.
2025-06-19 13:04:14,250 - __main__ - WARNING - SCLK value 672183596 not found in ml data; skipping.
2025-06-19 13:04:14,251 - __main__ - WARNING - SCLK value 672185170 not found in ml data; skipping.
2025-06-19 13:04:14,252 - __main__ - WARNING - SCLK value 672190662 not found in ml data; skipping.
2025-06-19 13:04:14,253 - __main__ - WARNING - SCLK value 672267244 not found in ml data; skipping.
2025-06-19 13:04:14,253 - __main__ - WARNING - SCLK value 672269283 not found in ml data; skipping.
2025-06-19 13:04:14,254 - __main__ - WARNING - SCLK value 672269792 not found in ml data; skipping.
2025-06-19 13:04:14,255 - __main__ - WARNING - SCLK value 672350659 not found in ml data; skipping.
2025-06-19 13:04:14,256 - __main__ - WARNING - SCLK value 672352068 not found in ml data; skipping.
2025-06-19 13:04:14,257 - __main__ - WARNING - SCLK value 672355502 not found in ml data; skipping.
2025-06-19 13:04:14,257 - __main__ - WARNING - SCLK value 672357238 not found in ml data; skipping.
2025-06-19 13:04:14,259 - __main__ - WARNING - SCLK value 672359382 not found in ml data; skipping.
2025-06-19 13:04:14,260 - __main__ - WARNING - SCLK value 672362559 not found in ml data; skipping.
2025-06-19 13:04:14,261 - __main__ - WARNING - SCLK value 672365510 not found in ml data; skipping.
2025-06-19 13:04:14,261 - __main__ - WARNING - SCLK value 672365820 not found in ml data; skipping.
2025-06-19 13:04:14,262 - __main__ - WARNING - SCLK value 672445220 not found in ml data; skipping.
2025-06-19 13:04:14,263 - __main__ - WARNING - SCLK value 672445462 not found in ml data; skipping.
2025-06-19 13:04:14,263 - __main__ - WARNING - SCLK value 672446338 not found in ml data; skipping.
2025-06-19 13:04:14,264 - __main__ - WARNING - SCLK value 672528720 not found in ml data; skipping.
2025-06-19 13:04:14,265 - __main__ - WARNING - SCLK value 672531916 not found in ml data; skipping.
2025-06-19 13:04:14,266 - __main__ - INFO - Processing vortex SCLK 672538692 found at ml index: 2160537
2025-06-19 13:04:14,267 - __main__ - INFO - Processing vortex SCLK 672546578 found at ml index: 2165928
2025-06-19 13:04:14,268 - __main__ - INFO - Processing vortex SCLK 672548966 found at ml index: 2168316
2025-06-19 13:04:14,270 - __main__ - INFO - Processing vortex SCLK 672621236 found at ml index: 2212733
2025-06-19 13:04:14,271 - __main__ - INFO - Processing vortex SCLK 672622288 found at ml index: 2213785
2025-06-19 13:04:14,272 - __main__ - INFO - Processing vortex SCLK 672624313 found at ml index: 2215810
2025-06-19 13:04:14,273 - __main__ - INFO - Processing vortex SCLK 672624475 found at ml index: 2215972
2025-06-19 13:04:14,275 - __main__ - INFO - Processing vortex SCLK 672626109 found at ml index: 2217606
2025-06-19 13:04:14,276 - __main__ - INFO - Processing vortex SCLK 672626122 found at ml index: 2217619
2025-06-19 13:04:14,278 - __main__ - INFO - Processing vortex SCLK 672706787 found at ml index: 2270942
2025-06-19 13:04:14,279 - __main__ - INFO - Processing vortex SCLK 672709027 found at ml index: 2273182
2025-06-19 13:04:14,280 - __main__ - INFO - Processing vortex SCLK 672711149 found at ml index: 2275304
2025-06-19 13:04:14,281 - __main__ - INFO - Processing vortex SCLK 672711621 found at ml index: 2275776
2025-06-19 13:04:14,282 - __main__ - INFO - Processing vortex SCLK 672713266 found at ml index: 2277421
2025-06-19 13:04:14,283 - __main__ - INFO - Processing vortex SCLK 672713337 found at ml index: 2277492
2025-06-19 13:04:14,284 - __main__ - INFO - Processing vortex SCLK 672715961 found at ml index: 2280116
2025-06-19 13:04:14,285 - __main__ - INFO - Processing vortex SCLK 672718373 found at ml index: 2282528
2025-06-19 13:04:14,286 - __main__ - INFO - Processing vortex SCLK 672719375 found at ml index: 2283530
2025-06-19 13:04:14,287 - __main__ - INFO - Processing vortex SCLK 672721953 found at ml index: 2286108
2025-06-19 13:04:14,288 - __main__ - INFO - Processing vortex SCLK 672801263 found at ml index: 2334241
2025-06-19 13:04:14,289 - __main__ - INFO - Processing vortex SCLK 672801630 found at ml index: 2334608
2025-06-19 13:04:14,291 - __main__ - INFO - Processing vortex SCLK 672804797 found at ml index: 2337775
2025-06-19 13:04:14,292 - __main__ - INFO - Processing vortex SCLK 672884603 found at ml index: 2387935
2025-06-19 13:04:14,293 - __main__ - INFO - Processing vortex SCLK 672884933 found at ml index: 2388265
2025-06-19 13:04:14,294 - __main__ - INFO - Processing vortex SCLK 672885216 found at ml index: 2388548
2025-06-19 13:04:14,295 - __main__ - INFO - Processing vortex SCLK 672889286 found at ml index: 2392618
2025-06-19 13:04:14,296 - __main__ - INFO - Processing vortex SCLK 672890283 found at ml index: 2393615
2025-06-19 13:04:14,298 - __main__ - INFO - Processing vortex SCLK 672894510 found at ml index: 2397842
2025-06-19 13:04:14,299 - __main__ - INFO - Processing vortex SCLK 672964384 found at ml index: 2443850
2025-06-19 13:04:14,300 - __main__ - INFO - Processing vortex SCLK 672973742 found at ml index: 2448162
2025-06-19 13:04:14,301 - __main__ - INFO - Processing vortex SCLK 672976272 found at ml index: 2450692
2025-06-19 13:04:14,302 - __main__ - INFO - Processing vortex SCLK 672979607 found at ml index: 2454027
2025-06-19 13:04:14,303 - __main__ - INFO - Processing vortex SCLK 672983982 found at ml index: 2458402
2025-06-19 13:04:14,304 - __main__ - INFO - Processing vortex SCLK 672984068 found at ml index: 2458488
2025-06-19 13:04:14,305 - __main__ - INFO - Processing vortex SCLK 672984973 found at ml index: 2459393
2025-06-19 13:04:14,306 - __main__ - INFO - Processing vortex SCLK 672985340 found at ml index: 2459760
2025-06-19 13:04:14,307 - __main__ - INFO - Processing vortex SCLK 673068974 found at ml index: 2512676
2025-06-19 13:04:14,309 - __main__ - INFO - Processing vortex SCLK 673072073 found at ml index: 2515775
2025-06-19 13:04:14,310 - __main__ - INFO - Processing vortex SCLK 673076429 found at ml index: 2518680
2025-06-19 13:04:14,312 - __main__ - INFO - Processing vortex SCLK 673078972 found at ml index: 2521223
2025-06-19 13:04:14,312 - __main__ - INFO - Processing vortex SCLK 673147721 found at ml index: 2565489
2025-06-19 13:04:14,313 - __main__ - INFO - Processing vortex SCLK 673240962 found at ml index: 2629833
2025-06-19 13:04:14,314 - __main__ - INFO - Processing vortex SCLK 673242020 found at ml index: 2630891
2025-06-19 13:04:14,315 - __main__ - INFO - Processing vortex SCLK 673243964 found at ml index: 2632835
2025-06-19 13:04:14,316 - __main__ - INFO - Processing vortex SCLK 673245884 found at ml index: 2634755
2025-06-19 13:04:14,317 - __main__ - INFO - Processing vortex SCLK 673251635 found at ml index: 2640506
2025-06-19 13:04:14,319 - __main__ - INFO - Processing vortex SCLK 673254242 found at ml index: 2643113
2025-06-19 13:04:14,321 - __main__ - INFO - Processing vortex SCLK 673328658 found at ml index: 2691425
2025-06-19 13:04:14,322 - __main__ - INFO - Processing vortex SCLK 673329003 found at ml index: 2691770
2025-06-19 13:04:14,323 - __main__ - INFO - Processing vortex SCLK 673332835 found at ml index: 2695602
2025-06-19 13:04:14,324 - __main__ - INFO - Processing vortex SCLK 673332863 found at ml index: 2695630
2025-06-19 13:04:14,325 - __main__ - INFO - Processing vortex SCLK 673334070 found at ml index: 2696837
2025-06-19 13:04:14,326 - __main__ - INFO - Processing vortex SCLK 673334708 found at ml index: 2697475
2025-06-19 13:04:14,327 - __main__ - INFO - Processing vortex SCLK 673338788 found at ml index: 2701555
2025-06-19 13:04:14,328 - __main__ - INFO - Processing vortex SCLK 673340481 found at ml index: 2703248
2025-06-19 13:04:14,329 - __main__ - INFO - Processing vortex SCLK 673344227 found at ml index: 2706994
2025-06-19 13:04:14,330 - __main__ - INFO - Processing vortex SCLK 673424713 found at ml index: 2760219
2025-06-19 13:04:14,332 - __main__ - INFO - Processing vortex SCLK 673429348 found at ml index: 2764854
2025-06-19 13:04:14,333 - __main__ - INFO - Processing vortex SCLK 673500853 found at ml index: 2811671
2025-06-19 13:04:14,334 - __main__ - INFO - Processing vortex SCLK 673512599 found at ml index: 2821820
2025-06-19 13:04:14,335 - __main__ - INFO - Processing vortex SCLK 673513373 found at ml index: 2822594
2025-06-19 13:04:14,336 - __main__ - INFO - Processing vortex SCLK 673514725 found at ml index: 2823946
2025-06-19 13:04:14,338 - __main__ - INFO - Processing vortex SCLK 673594180 found at ml index: 2868616
2025-06-19 13:04:14,339 - __main__ - INFO - Processing vortex SCLK 673597335 found at ml index: 2871771
2025-06-19 13:04:14,340 - __main__ - WARNING - SCLK value 673598754 not found in ml data; skipping.
2025-06-19 13:04:14,341 - __main__ - WARNING - SCLK value 673606937 not found in ml data; skipping.
2025-06-19 13:04:14,342 - __main__ - WARNING - SCLK value 673680243 not found in ml data; skipping.
2025-06-19 13:04:14,342 - __main__ - WARNING - SCLK value 673681579 not found in ml data; skipping.
2025-06-19 13:04:14,343 - __main__ - WARNING - SCLK value 673685675 not found in ml data; skipping.
2025-06-19 13:04:14,344 - __main__ - WARNING - SCLK value 673694236 not found in ml data; skipping.
2025-06-19 13:04:14,344 - __main__ - WARNING - SCLK value 673694529 not found in ml data; skipping.
2025-06-19 13:04:14,345 - __main__ - WARNING - SCLK value 673773378 not found in ml data; skipping.
2025-06-19 13:04:14,346 - __main__ - WARNING - SCLK value 673779637 not found in ml data; skipping.
2025-06-19 13:04:14,346 - __main__ - WARNING - SCLK value 673781075 not found in ml data; skipping.
2025-06-19 13:04:14,347 - __main__ - WARNING - SCLK value 673858855 not found in ml data; skipping.
2025-06-19 13:04:14,348 - __main__ - WARNING - SCLK value 673863604 not found in ml data; skipping.
2025-06-19 13:04:14,349 - __main__ - WARNING - SCLK value 673865805 not found in ml data; skipping.
2025-06-19 13:04:14,349 - __main__ - WARNING - SCLK value 673874053 not found in ml data; skipping.
2025-06-19 13:04:14,350 - __main__ - WARNING - SCLK value 673948338 not found in ml data; skipping.
2025-06-19 13:04:14,351 - __main__ - WARNING - SCLK value 673951488 not found in ml data; skipping.
2025-06-19 13:04:14,352 - __main__ - WARNING - SCLK value 673955512 not found in ml data; skipping.
2025-06-19 13:04:14,352 - __main__ - WARNING - SCLK value 673958960 not found in ml data; skipping.
2025-06-19 13:04:14,353 - __main__ - WARNING - SCLK value 674041445 not found in ml data; skipping.
2025-06-19 13:04:14,354 - __main__ - WARNING - SCLK value 674042999 not found in ml data; skipping.
2025-06-19 13:04:14,355 - __main__ - WARNING - SCLK value 674044064 not found in ml data; skipping.
2025-06-19 13:04:14,355 - __main__ - WARNING - SCLK value 674051268 not found in ml data; skipping.
2025-06-19 13:04:14,356 - __main__ - WARNING - SCLK value 674056174 not found in ml data; skipping.
2025-06-19 13:04:14,357 - __main__ - WARNING - SCLK value 674122081 not found in ml data; skipping.
2025-06-19 13:04:14,357 - __main__ - WARNING - SCLK value 674128125 not found in ml data; skipping.
2025-06-19 13:04:14,359 - __main__ - WARNING - SCLK value 674128981 not found in ml data; skipping.
2025-06-19 13:04:14,360 - __main__ - WARNING - SCLK value 674133319 not found in ml data; skipping.
2025-06-19 13:04:14,361 - __main__ - WARNING - SCLK value 674140571 not found in ml data; skipping.
2025-06-19 13:04:14,361 - __main__ - WARNING - SCLK value 674213517 not found in ml data; skipping.
2025-06-19 13:04:14,362 - __main__ - WARNING - SCLK value 674218894 not found in ml data; skipping.
2025-06-19 13:04:14,363 - __main__ - WARNING - SCLK value 674228677 not found in ml data; skipping.
2025-06-19 13:04:14,364 - __main__ - WARNING - SCLK value 674304877 not found in ml data; skipping.
2025-06-19 13:04:14,364 - __main__ - WARNING - SCLK value 674307030 not found in ml data; skipping.
2025-06-19 13:04:14,365 - __main__ - WARNING - SCLK value 674307104 not found in ml data; skipping.
2025-06-19 13:04:14,366 - __main__ - WARNING - SCLK value 674317907 not found in ml data; skipping.
2025-06-19 13:04:14,366 - __main__ - WARNING - SCLK value 674398187 not found in ml data; skipping.
2025-06-19 13:04:14,368 - __main__ - WARNING - SCLK value 674410494 not found in ml data; skipping.
2025-06-19 13:04:14,369 - __main__ - WARNING - SCLK value 674482627 not found in ml data; skipping.
2025-06-19 13:04:14,370 - __main__ - WARNING - SCLK value 674483906 not found in ml data; skipping.
2025-06-19 13:04:14,370 - __main__ - WARNING - SCLK value 674484439 not found in ml data; skipping.
2025-06-19 13:04:14,371 - __main__ - WARNING - SCLK value 674491238 not found in ml data; skipping.
2025-06-19 13:04:14,372 - __main__ - WARNING - SCLK value 674492008 not found in ml data; skipping.
2025-06-19 13:04:14,373 - __main__ - WARNING - SCLK value 674497424 not found in ml data; skipping.
2025-06-19 13:04:14,374 - __main__ - WARNING - SCLK value 674498121 not found in ml data; skipping.
2025-06-19 13:04:14,375 - __main__ - WARNING - SCLK value 674568708 not found in ml data; skipping.
2025-06-19 13:04:14,375 - __main__ - WARNING - SCLK value 674573756 not found in ml data; skipping.
2025-06-19 13:04:14,376 - __main__ - WARNING - SCLK value 674575721 not found in ml data; skipping.
2025-06-19 13:04:14,377 - __main__ - WARNING - SCLK value 674582484 not found in ml data; skipping.
2025-06-19 13:04:14,378 - __main__ - WARNING - SCLK value 674666247 not found in ml data; skipping.
2025-06-19 13:04:14,378 - __main__ - WARNING - SCLK value 674666809 not found in ml data; skipping.
2025-06-19 13:04:14,379 - __main__ - WARNING - SCLK value 674667232 not found in ml data; skipping.
2025-06-19 13:04:14,380 - __main__ - WARNING - SCLK value 674669243 not found in ml data; skipping.
2025-06-19 13:04:14,381 - __main__ - WARNING - SCLK value 674751396 not found in ml data; skipping.
2025-06-19 13:04:14,381 - __main__ - WARNING - SCLK value 674837510 not found in ml data; skipping.
2025-06-19 13:04:14,382 - __main__ - WARNING - SCLK value 674845274 not found in ml data; skipping.
2025-06-19 13:04:14,383 - __main__ - WARNING - SCLK value 674846962 not found in ml data; skipping.
2025-06-19 13:04:14,384 - __main__ - WARNING - SCLK value 674850855 not found in ml data; skipping.
2025-06-19 13:04:14,384 - __main__ - INFO - Preparing features and labels...
2025-06-19 13:04:14,386 - __main__ - INFO - Validating feature matrix...
2025-06-19 13:04:14,387 - __main__ - WARNING - Feature matrix issues detected:
2025-06-19 13:04:14,387 - __main__ - WARNING - - High correlation between pressure_drop_ratio and pressure_change: -1.00
2025-06-19 13:04:14,387 - __main__ - WARNING - - High correlation between pressure_drop_ratio and pressure_range: 0.95
2025-06-19 13:04:14,387 - __main__ - WARNING - - High correlation between pressure_drop_ratio and rate_of_change_mean: -1.00
2025-06-19 13:04:14,387 - __main__ - WARNING - - High correlation between pressure_change and pressure_range: -0.95
2025-06-19 13:04:14,387 - __main__ - WARNING - - High correlation between pressure_change and rate_of_change_mean: 1.00
2025-06-19 13:04:14,388 - __main__ - WARNING - - High correlation between mean_pressure and min_pressure: 1.00
2025-06-19 13:04:14,388 - __main__ - WARNING - - High correlation between mean_pressure and max_pressure: 1.00
2025-06-19 13:04:14,388 - __main__ - WARNING - - High correlation between mean_pressure and long_term_mean: 1.00
2025-06-19 13:04:14,388 - __main__ - WARNING - - High correlation between std_pressure and pressure_range: 0.96
2025-06-19 13:04:14,388 - __main__ - WARNING - - High correlation between std_pressure and rate_of_change_std: 0.95
2025-06-19 13:04:14,388 - __main__ - WARNING - - High correlation between std_pressure and rate_of_change_max: 0.95
2025-06-19 13:04:14,388 - __main__ - WARNING - - High correlation between min_pressure and max_pressure: 1.00
2025-06-19 13:04:14,388 - __main__ - WARNING - - High correlation between min_pressure and long_term_mean: 1.00
2025-06-19 13:04:14,389 - __main__ - WARNING - - High correlation between max_pressure and long_term_mean: 1.00
2025-06-19 13:04:14,389 - __main__ - WARNING - - High correlation between pressure_range and rate_of_change_std: 0.95
2025-06-19 13:04:14,389 - __main__ - WARNING - - High correlation between pressure_range and rate_of_change_max: 0.95
2025-06-19 13:04:14,389 - __main__ - WARNING - - High correlation between rate_of_change_std and rate_of_change_max: 0.99
2025-06-19 13:04:14,389 - __main__ - INFO - Splitting processed data into train/val for model training...
2025-06-19 13:04:14,389 - __main__ - INFO - Processed train set: 1551 samples
2025-06-19 13:04:14,389 - __main__ - INFO - Processed validation set: 517 samples
2025-06-19 13:04:14,390 - __main__ - INFO - Training Random Forest classifier...
2025-06-19 13:04:14,782 - __main__ - INFO - Random Forest training completed.
2025-06-19 13:04:14,783 - __main__ - INFO - Generating evaluation plots...
2025-06-19 13:04:22,026 - __main__ - INFO - Processing test set with sliding windows for realistic evaluation...
2025-06-19 13:04:22,026 - __main__ - INFO - Processing 717985 test windows with step size 50
2025-06-19 13:04:22,028 - __main__ - INFO - Using 8 CPU cores for parallel processing
2025-06-19 13:06:50,815 - __main__ - INFO - Reading vortex SCLK data...
2025-06-19 13:06:50,819 - __main__ - INFO - Successfully read 309 SCLK values from ../data/Jackson_vortex_detections_reformatted_augmented.csv
2025-06-19 13:06:50,819 - __main__ - INFO - Successfully read 309 SCLK values
2025-06-19 13:06:50,819 - __main__ - INFO - Reading ML data...
2025-06-19 13:06:52,898 - __main__ - INFO - Successfully loaded ML data from ../data/ml_ready_vortex_data.csv
2025-06-19 13:06:52,899 - __main__ - INFO - Successfully loaded ML data with 3590168 rows
2025-06-19 13:06:52,899 - __main__ - INFO - Validating data quality...
2025-06-19 13:06:53,297 - __main__ - WARNING - Data quality issues detected:
2025-06-19 13:06:53,297 - __main__ - WARNING - - Missing values found: {'gt_vortex_ind': 3577695}
2025-06-19 13:06:53,297 - __main__ - WARNING - - Severe class imbalance detected: 0.51% positive samples
2025-06-19 13:06:53,297 - __main__ - INFO - Splitting raw data chronologically before processing...
2025-06-19 13:06:53,298 - __main__ - INFO - Raw train set: 2154100 rows
2025-06-19 13:06:53,298 - __main__ - INFO - Raw validation set: 718034 rows
2025-06-19 13:06:53,298 - __main__ - INFO - Raw test set: 718034 rows
2025-06-19 13:06:53,299 - __main__ - INFO - ==================================================
2025-06-19 13:06:53,299 - __main__ - INFO - RAW TEST SET DISTRIBUTION (Before Processing)
2025-06-19 13:06:53,299 - __main__ - INFO - ==================================================
2025-06-19 13:06:53,299 - __main__ - INFO - Test set rows: 718034
2025-06-19 13:06:53,299 - __main__ - INFO - Positive samples: 3318 (0.46%)
2025-06-19 13:06:53,300 - __main__ - INFO - Negative samples: 714716 (99.54%)
2025-06-19 13:06:53,300 - __main__ - INFO - ==================================================
2025-06-19 13:06:53,300 - __main__ - INFO - Processing training data around vortex events...
2025-06-19 13:06:53,303 - __main__ - INFO - Processing vortex SCLK 668288145 found at ml index: 16563
2025-06-19 13:06:53,311 - __main__ - INFO - Processing vortex SCLK 668288356 found at ml index: 16774
2025-06-19 13:06:53,318 - __main__ - INFO - Processing vortex SCLK 668363851 found at ml index: 58206
2025-06-19 13:06:53,325 - __main__ - INFO - Processing vortex SCLK 668370696 found at ml index: 61613
2025-06-19 13:06:53,334 - __main__ - INFO - Processing vortex SCLK 668373458 found at ml index: 64372
2025-06-19 13:06:53,341 - __main__ - INFO - Processing vortex SCLK 668450709 found at ml index: 109929
2025-06-19 13:06:53,349 - __main__ - INFO - Processing vortex SCLK 668451679 found at ml index: 110896
2025-06-19 13:06:53,356 - __main__ - INFO - Processing vortex SCLK 668465594 found at ml index: 113943
2025-06-19 13:06:53,362 - __main__ - INFO - Processing vortex SCLK 668471362 found at ml index: 116280
2025-06-19 13:06:53,370 - __main__ - INFO - Processing vortex SCLK 668534767 found at ml index: 149951
2025-06-19 13:06:53,378 - __main__ - INFO - Processing vortex SCLK 668540964 found at ml index: 156148
2025-06-19 13:06:53,385 - __main__ - INFO - Processing vortex SCLK 668541515 found at ml index: 156699
2025-06-19 13:06:53,392 - __main__ - INFO - Processing vortex SCLK 668542064 found at ml index: 157248
2025-06-19 13:06:53,400 - __main__ - INFO - Processing vortex SCLK 668542340 found at ml index: 157524
2025-06-19 13:06:53,406 - __main__ - INFO - Processing vortex SCLK 668551101 found at ml index: 162084
2025-06-19 13:06:53,414 - __main__ - INFO - Processing vortex SCLK 668555682 found at ml index: 163446
2025-06-19 13:06:53,422 - __main__ - INFO - Processing vortex SCLK 668556124 found at ml index: 163888
2025-06-19 13:06:53,430 - __main__ - INFO - Processing vortex SCLK 668557517 found at ml index: 165281
2025-06-19 13:06:53,437 - __main__ - INFO - Processing vortex SCLK 668716847 found at ml index: 186189
2025-06-19 13:06:53,444 - __main__ - INFO - Processing vortex SCLK 668723694 found at ml index: 189570
2025-06-19 13:06:53,451 - __main__ - INFO - Processing vortex SCLK 668801790 found at ml index: 232821
2025-06-19 13:06:53,459 - __main__ - INFO - Processing vortex SCLK 668808927 found at ml index: 236462
2025-06-19 13:06:53,466 - __main__ - INFO - Processing vortex SCLK 668810541 found at ml index: 238076
2025-06-19 13:06:53,474 - __main__ - INFO - Processing vortex SCLK 668811652 found at ml index: 239187
2025-06-19 13:06:53,481 - __main__ - INFO - Processing vortex SCLK 668816129 found at ml index: 243664
2025-06-19 13:06:53,489 - __main__ - INFO - Processing vortex SCLK 669426485 found at ml index: 263130
2025-06-19 13:06:53,496 - __main__ - INFO - Processing vortex SCLK 669427340 found at ml index: 263985
2025-06-19 13:06:53,504 - __main__ - INFO - Processing vortex SCLK 669434405 found at ml index: 267663
2025-06-19 13:06:53,512 - __main__ - INFO - Processing vortex SCLK 669434703 found at ml index: 267961
2025-06-19 13:06:53,519 - __main__ - INFO - Processing vortex SCLK 669518763 found at ml index: 314172
2025-06-19 13:06:53,526 - __main__ - INFO - Processing vortex SCLK 669519478 found at ml index: 314887
2025-06-19 13:06:53,534 - __main__ - INFO - Processing vortex SCLK 669531860 found at ml index: 320377
2025-06-19 13:06:53,541 - __main__ - INFO - Processing vortex SCLK 669626803 found at ml index: 374269
2025-06-19 13:06:53,549 - __main__ - INFO - Processing vortex SCLK 669688619 found at ml index: 407952
2025-06-19 13:06:53,556 - __main__ - INFO - Processing vortex SCLK 669690018 found at ml index: 409351
2025-06-19 13:06:53,563 - __main__ - INFO - Processing vortex SCLK 669690620 found at ml index: 409953
2025-06-19 13:06:53,570 - __main__ - INFO - Processing vortex SCLK 669704197 found at ml index: 416696
2025-06-19 13:06:53,578 - __main__ - INFO - Processing vortex SCLK 669779409 found at ml index: 457637
2025-06-19 13:06:53,585 - __main__ - INFO - Processing vortex SCLK 669780445 found at ml index: 458673
2025-06-19 13:06:53,592 - __main__ - INFO - Processing vortex SCLK 669787866 found at ml index: 466094
2025-06-19 13:06:53,599 - __main__ - INFO - Processing vortex SCLK 669787881 found at ml index: 466109
2025-06-19 13:06:53,606 - __main__ - INFO - Processing vortex SCLK 669870405 found at ml index: 512761
2025-06-19 13:06:53,613 - __main__ - INFO - Processing vortex SCLK 669873580 found at ml index: 515936
2025-06-19 13:06:53,621 - __main__ - INFO - Processing vortex SCLK 669882031 found at ml index: 522188
2025-06-19 13:06:53,627 - __main__ - INFO - Processing vortex SCLK 669886865 found at ml index: 524448
2025-06-19 13:06:53,634 - __main__ - INFO - Processing vortex SCLK 669958088 found at ml index: 564661
2025-06-19 13:06:53,641 - __main__ - INFO - Processing vortex SCLK 669959376 found at ml index: 565949
2025-06-19 13:06:53,648 - __main__ - INFO - Processing vortex SCLK 669959712 found at ml index: 566285
2025-06-19 13:06:53,655 - __main__ - INFO - Processing vortex SCLK 669960008 found at ml index: 566581
2025-06-19 13:06:53,662 - __main__ - INFO - Processing vortex SCLK 669960347 found at ml index: 566920
2025-06-19 13:06:53,669 - __main__ - INFO - Processing vortex SCLK 669962940 found at ml index: 569513
2025-06-19 13:06:53,676 - __main__ - INFO - Processing vortex SCLK 669964312 found at ml index: 570885
2025-06-19 13:06:53,683 - __main__ - INFO - Processing vortex SCLK 669965150 found at ml index: 571723
2025-06-19 13:06:53,690 - __main__ - INFO - Processing vortex SCLK 669971696 found at ml index: 575571
2025-06-19 13:06:53,696 - __main__ - INFO - Processing vortex SCLK 670046942 found at ml index: 618056
2025-06-19 13:06:53,704 - __main__ - INFO - Processing vortex SCLK 670047546 found at ml index: 618660
2025-06-19 13:06:53,712 - __main__ - INFO - Processing vortex SCLK 670055611 found at ml index: 626725
2025-06-19 13:06:53,718 - __main__ - INFO - Processing vortex SCLK 670129653 found at ml index: 676671
2025-06-19 13:06:53,725 - __main__ - INFO - Processing vortex SCLK 670136668 found at ml index: 680243
2025-06-19 13:06:53,732 - __main__ - INFO - Processing vortex SCLK 670138695 found at ml index: 682270
2025-06-19 13:06:53,740 - __main__ - INFO - Processing vortex SCLK 670225439 found at ml index: 735507
2025-06-19 13:06:53,747 - __main__ - INFO - Processing vortex SCLK 670232335 found at ml index: 739271
2025-06-19 13:06:53,755 - __main__ - INFO - Processing vortex SCLK 670232986 found at ml index: 739922
2025-06-19 13:06:53,762 - __main__ - INFO - Processing vortex SCLK 670233871 found at ml index: 740807
2025-06-19 13:06:53,769 - __main__ - INFO - Processing vortex SCLK 670313772 found at ml index: 794758
2025-06-19 13:06:53,777 - __main__ - INFO - Processing vortex SCLK 670315385 found at ml index: 796371
2025-06-19 13:06:53,783 - __main__ - INFO - Processing vortex SCLK 670317790 found at ml index: 798776
2025-06-19 13:06:53,790 - __main__ - INFO - Processing vortex SCLK 670321691 found at ml index: 802677
2025-06-19 13:06:53,798 - __main__ - INFO - Processing vortex SCLK 670325686 found at ml index: 804517
2025-06-19 13:06:53,805 - __main__ - INFO - Processing vortex SCLK 670329256 found at ml index: 808087
2025-06-19 13:06:53,812 - __main__ - INFO - Processing vortex SCLK 670398725 found at ml index: 848668
2025-06-19 13:06:53,819 - __main__ - INFO - Processing vortex SCLK 670402854 found at ml index: 852797
2025-06-19 13:06:53,826 - __main__ - INFO - Processing vortex SCLK 670403870 found at ml index: 853813
2025-06-19 13:06:53,835 - __main__ - INFO - Processing vortex SCLK 670409834 found at ml index: 857575
2025-06-19 13:06:53,841 - __main__ - INFO - Processing vortex SCLK 670412275 found at ml index: 860016
2025-06-19 13:06:53,849 - __main__ - INFO - Processing vortex SCLK 670412326 found at ml index: 860067
2025-06-19 13:06:53,857 - __main__ - INFO - Processing vortex SCLK 670578458 found at ml index: 934664
2025-06-19 13:06:53,866 - __main__ - INFO - Processing vortex SCLK 670580613 found at ml index: 936819
2025-06-19 13:06:53,873 - __main__ - INFO - Processing vortex SCLK 670584569 found at ml index: 940775
2025-06-19 13:06:53,880 - __main__ - INFO - Processing vortex SCLK 670584657 found at ml index: 940863
2025-06-19 13:06:53,886 - __main__ - INFO - Processing vortex SCLK 670587674 found at ml index: 943880
2025-06-19 13:06:53,894 - __main__ - INFO - Processing vortex SCLK 670594461 found at ml index: 947971
2025-06-19 13:06:53,903 - __main__ - INFO - Processing vortex SCLK 670841835 found at ml index: 1065790
2025-06-19 13:06:53,910 - __main__ - INFO - Processing vortex SCLK 670842459 found at ml index: 1066414
2025-06-19 13:06:53,918 - __main__ - INFO - Processing vortex SCLK 670849047 found at ml index: 1073002
2025-06-19 13:06:53,925 - __main__ - INFO - Processing vortex SCLK 670852738 found at ml index: 1076693
2025-06-19 13:06:53,932 - __main__ - INFO - Processing vortex SCLK 670856365 found at ml index: 1077977
2025-06-19 13:06:53,939 - __main__ - INFO - Processing vortex SCLK 670859755 found at ml index: 1081367
2025-06-19 13:06:53,946 - __main__ - INFO - Processing vortex SCLK 670870370 found at ml index: 1088579
2025-06-19 13:06:53,954 - __main__ - INFO - Processing vortex SCLK 670929808 found at ml index: 1120753
2025-06-19 13:06:53,960 - __main__ - INFO - Processing vortex SCLK 670930554 found at ml index: 1121499
2025-06-19 13:06:53,967 - __main__ - INFO - Processing vortex SCLK 670933108 found at ml index: 1124053
2025-06-19 13:06:53,975 - __main__ - INFO - Processing vortex SCLK 670934582 found at ml index: 1125527
2025-06-19 13:06:53,983 - __main__ - INFO - Processing vortex SCLK 670938327 found at ml index: 1129272
2025-06-19 13:06:53,990 - __main__ - INFO - Processing vortex SCLK 670938389 found at ml index: 1129334
2025-06-19 13:06:53,998 - __main__ - INFO - Processing vortex SCLK 670940703 found at ml index: 1131648
2025-06-19 13:06:54,005 - __main__ - INFO - Processing vortex SCLK 670945386 found at ml index: 1136331
2025-06-19 13:06:54,011 - __main__ - INFO - Processing vortex SCLK 670961352 found at ml index: 1146283
2025-06-19 13:06:54,019 - __main__ - INFO - Processing vortex SCLK 671024106 found at ml index: 1181789
2025-06-19 13:06:54,025 - __main__ - INFO - Processing vortex SCLK 671027864 found at ml index: 1185547
2025-06-19 13:06:54,031 - __main__ - INFO - Processing vortex SCLK 671027972 found at ml index: 1185655
2025-06-19 13:06:54,039 - __main__ - INFO - Processing vortex SCLK 671033906 found at ml index: 1191589
2025-06-19 13:06:54,046 - __main__ - INFO - Processing vortex SCLK 671039200 found at ml index: 1194533
2025-06-19 13:06:54,053 - __main__ - INFO - Processing vortex SCLK 671109364 found at ml index: 1233979
2025-06-19 13:06:54,062 - __main__ - INFO - Processing vortex SCLK 671113914 found at ml index: 1238529
2025-06-19 13:06:54,069 - __main__ - INFO - Processing vortex SCLK 671114679 found at ml index: 1239294
2025-06-19 13:06:54,076 - __main__ - INFO - Processing vortex SCLK 671115255 found at ml index: 1239870
2025-06-19 13:06:54,083 - __main__ - INFO - Processing vortex SCLK 671115289 found at ml index: 1239904
2025-06-19 13:06:54,091 - __main__ - INFO - Processing vortex SCLK 671120289 found at ml index: 1244904
2025-06-19 13:06:54,097 - __main__ - INFO - Processing vortex SCLK 671126006 found at ml index: 1250026
2025-06-19 13:06:54,105 - __main__ - INFO - Processing vortex SCLK 671126607 found at ml index: 1250627
2025-06-19 13:06:54,113 - __main__ - INFO - Processing vortex SCLK 671127245 found at ml index: 1251265
2025-06-19 13:06:54,120 - __main__ - INFO - Processing vortex SCLK 671139428 found at ml index: 1260040
2025-06-19 13:06:54,128 - __main__ - INFO - Processing vortex SCLK 671204280 found at ml index: 1299428
2025-06-19 13:06:54,135 - __main__ - INFO - Processing vortex SCLK 671213291 found at ml index: 1306235
2025-06-19 13:06:54,141 - __main__ - INFO - Processing vortex SCLK 671214052 found at ml index: 1306996
2025-06-19 13:06:54,149 - __main__ - INFO - Processing vortex SCLK 671224977 found at ml index: 1314440
2025-06-19 13:06:54,155 - __main__ - INFO - Processing vortex SCLK 671291649 found at ml index: 1353739
2025-06-19 13:06:54,162 - __main__ - INFO - Processing vortex SCLK 671294608 found at ml index: 1356698
2025-06-19 13:06:54,168 - __main__ - INFO - Processing vortex SCLK 671302478 found at ml index: 1361737
2025-06-19 13:06:54,176 - __main__ - INFO - Processing vortex SCLK 671302909 found at ml index: 1362168
2025-06-19 13:06:54,182 - __main__ - INFO - Processing vortex SCLK 671308300 found at ml index: 1365532
2025-06-19 13:06:54,190 - __main__ - INFO - Processing vortex SCLK 671376036 found at ml index: 1404444
2025-06-19 13:06:54,197 - __main__ - INFO - Processing vortex SCLK 671376059 found at ml index: 1404467
2025-06-19 13:06:54,205 - __main__ - INFO - Processing vortex SCLK 671376348 found at ml index: 1404756
2025-06-19 13:06:54,211 - __main__ - INFO - Processing vortex SCLK 671376844 found at ml index: 1405252
2025-06-19 13:06:54,218 - __main__ - INFO - Processing vortex SCLK 671377912 found at ml index: 1406320
2025-06-19 13:06:54,225 - __main__ - INFO - Processing vortex SCLK 671379183 found at ml index: 1407591
2025-06-19 13:06:54,232 - __main__ - INFO - Processing vortex SCLK 671384112 found at ml index: 1412520
2025-06-19 13:06:54,238 - __main__ - INFO - Processing vortex SCLK 671391076 found at ml index: 1419484
2025-06-19 13:06:54,245 - __main__ - INFO - Processing vortex SCLK 671395245 found at ml index: 1422765
2025-06-19 13:06:54,253 - __main__ - INFO - Processing vortex SCLK 671466934 found at ml index: 1463807
2025-06-19 13:06:54,259 - __main__ - INFO - Processing vortex SCLK 671468200 found at ml index: 1465073
2025-06-19 13:06:54,267 - __main__ - INFO - Processing vortex SCLK 671559311 found at ml index: 1524850
2025-06-19 13:06:54,275 - __main__ - INFO - Processing vortex SCLK 671560213 found at ml index: 1525752
2025-06-19 13:06:54,283 - __main__ - INFO - Processing vortex SCLK 671561065 found at ml index: 1526604
2025-06-19 13:06:54,289 - __main__ - INFO - Processing vortex SCLK 671563881 found at ml index: 1529420
2025-06-19 13:06:54,296 - __main__ - INFO - Processing vortex SCLK 671570327 found at ml index: 1532373
2025-06-19 13:06:54,304 - __main__ - INFO - Processing vortex SCLK 671641441 found at ml index: 1572853
2025-06-19 13:06:54,311 - __main__ - INFO - Processing vortex SCLK 671644549 found at ml index: 1575961
2025-06-19 13:06:54,319 - __main__ - INFO - Processing vortex SCLK 671645443 found at ml index: 1576855
2025-06-19 13:06:54,326 - __main__ - INFO - Processing vortex SCLK 671648210 found at ml index: 1579622
2025-06-19 13:06:54,333 - __main__ - INFO - Processing vortex SCLK 671656101 found at ml index: 1585256
2025-06-19 13:06:54,340 - __main__ - INFO - Processing vortex SCLK 671731643 found at ml index: 1630294
2025-06-19 13:06:54,348 - __main__ - INFO - Processing vortex SCLK 671740824 found at ml index: 1639475
2025-06-19 13:06:54,355 - __main__ - INFO - Processing vortex SCLK 671746873 found at ml index: 1643237
2025-06-19 13:06:54,363 - __main__ - INFO - Processing vortex SCLK 671823162 found at ml index: 1688879
2025-06-19 13:06:54,370 - __main__ - INFO - Processing vortex SCLK 671823654 found at ml index: 1689371
2025-06-19 13:06:54,377 - __main__ - INFO - Processing vortex SCLK 671823993 found at ml index: 1689710
2025-06-19 13:06:54,385 - __main__ - INFO - Processing vortex SCLK 671824646 found at ml index: 1690363
2025-06-19 13:06:54,393 - __main__ - INFO - Processing vortex SCLK 671825542 found at ml index: 1691259
2025-06-19 13:06:54,399 - __main__ - INFO - Processing vortex SCLK 671831605 found at ml index: 1697322
2025-06-19 13:06:54,406 - __main__ - INFO - Processing vortex SCLK 671834757 found at ml index: 1700474
2025-06-19 13:06:54,413 - __main__ - INFO - Processing vortex SCLK 671904824 found at ml index: 1740981
2025-06-19 13:06:54,421 - __main__ - INFO - Processing vortex SCLK 671909321 found at ml index: 1743885
2025-06-19 13:06:54,428 - __main__ - INFO - Processing vortex SCLK 671911350 found at ml index: 1745914
2025-06-19 13:06:54,435 - __main__ - INFO - Processing vortex SCLK 671913231 found at ml index: 1747795
2025-06-19 13:06:54,443 - __main__ - INFO - Processing vortex SCLK 671915681 found at ml index: 1750245
2025-06-19 13:06:54,449 - __main__ - INFO - Processing vortex SCLK 671916470 found at ml index: 1751034
2025-06-19 13:06:54,456 - __main__ - INFO - Processing vortex SCLK 671920779 found at ml index: 1755343
2025-06-19 13:06:54,464 - __main__ - INFO - Processing vortex SCLK 671921784 found at ml index: 1756348
2025-06-19 13:06:54,471 - __main__ - INFO - Processing vortex SCLK 671995990 found at ml index: 1801016
2025-06-19 13:06:54,478 - __main__ - INFO - Processing vortex SCLK 672002175 found at ml index: 1807201
2025-06-19 13:06:54,485 - __main__ - INFO - Processing vortex SCLK 672002362 found at ml index: 1807388
2025-06-19 13:06:54,492 - __main__ - INFO - Processing vortex SCLK 672104482 found at ml index: 1874652
2025-06-19 13:06:54,499 - __main__ - INFO - Processing vortex SCLK 672178090 found at ml index: 1921075
2025-06-19 13:06:54,507 - __main__ - INFO - Processing vortex SCLK 672180689 found at ml index: 1923674
2025-06-19 13:06:54,514 - __main__ - INFO - Processing vortex SCLK 672181444 found at ml index: 1924429
2025-06-19 13:06:54,522 - __main__ - INFO - Processing vortex SCLK 672182115 found at ml index: 1925100
2025-06-19 13:06:54,528 - __main__ - INFO - Processing vortex SCLK 672183596 found at ml index: 1926581
2025-06-19 13:06:54,535 - __main__ - INFO - Processing vortex SCLK 672185170 found at ml index: 1928155
2025-06-19 13:06:54,543 - __main__ - INFO - Processing vortex SCLK 672190662 found at ml index: 1931494
2025-06-19 13:06:54,550 - __main__ - INFO - Processing vortex SCLK 672267244 found at ml index: 1979457
2025-06-19 13:06:54,559 - __main__ - INFO - Processing vortex SCLK 672269283 found at ml index: 1981496
2025-06-19 13:06:54,566 - __main__ - INFO - Processing vortex SCLK 672269792 found at ml index: 1982005
2025-06-19 13:06:54,573 - __main__ - INFO - Processing vortex SCLK 672350659 found at ml index: 2035489
2025-06-19 13:06:54,579 - __main__ - INFO - Processing vortex SCLK 672352068 found at ml index: 2036898
2025-06-19 13:06:54,586 - __main__ - INFO - Processing vortex SCLK 672355502 found at ml index: 2040332
2025-06-19 13:06:54,593 - __main__ - INFO - Processing vortex SCLK 672357238 found at ml index: 2042068
2025-06-19 13:06:54,601 - __main__ - INFO - Processing vortex SCLK 672359382 found at ml index: 2044212
2025-06-19 13:06:54,607 - __main__ - INFO - Processing vortex SCLK 672362559 found at ml index: 2047389
2025-06-19 13:06:54,614 - __main__ - INFO - Processing vortex SCLK 672365510 found at ml index: 2050340
2025-06-19 13:06:54,622 - __main__ - INFO - Processing vortex SCLK 672365820 found at ml index: 2050650
2025-06-19 13:06:54,628 - __main__ - INFO - Processing vortex SCLK 672445220 found at ml index: 2096997
2025-06-19 13:06:54,635 - __main__ - INFO - Processing vortex SCLK 672445462 found at ml index: 2097239
2025-06-19 13:06:54,642 - __main__ - INFO - Processing vortex SCLK 672446338 found at ml index: 2098115
2025-06-19 13:06:54,649 - __main__ - INFO - Processing vortex SCLK 672528720 found at ml index: 2150565
2025-06-19 13:06:54,656 - __main__ - INFO - Processing vortex SCLK 672531916 found at ml index: 2153761
2025-06-19 13:06:54,662 - __main__ - WARNING - SCLK value 672538692 not found in ml data; skipping.
2025-06-19 13:06:54,666 - __main__ - WARNING - SCLK value 672546578 not found in ml data; skipping.
2025-06-19 13:06:54,667 - __main__ - WARNING - SCLK value 672548966 not found in ml data; skipping.
2025-06-19 13:06:54,669 - __main__ - WARNING - SCLK value 672621236 not found in ml data; skipping.
2025-06-19 13:06:54,672 - __main__ - WARNING - SCLK value 672622288 not found in ml data; skipping.
2025-06-19 13:06:54,675 - __main__ - WARNING - SCLK value 672624313 not found in ml data; skipping.
2025-06-19 13:06:54,678 - __main__ - WARNING - SCLK value 672624475 not found in ml data; skipping.
2025-06-19 13:06:54,680 - __main__ - WARNING - SCLK value 672626109 not found in ml data; skipping.
2025-06-19 13:06:54,682 - __main__ - WARNING - SCLK value 672626122 not found in ml data; skipping.
2025-06-19 13:06:54,685 - __main__ - WARNING - SCLK value 672706787 not found in ml data; skipping.
2025-06-19 13:06:54,687 - __main__ - WARNING - SCLK value 672709027 not found in ml data; skipping.
2025-06-19 13:06:54,689 - __main__ - WARNING - SCLK value 672711149 not found in ml data; skipping.
2025-06-19 13:06:54,691 - __main__ - WARNING - SCLK value 672711621 not found in ml data; skipping.
2025-06-19 13:06:54,694 - __main__ - WARNING - SCLK value 672713266 not found in ml data; skipping.
2025-06-19 13:06:54,696 - __main__ - WARNING - SCLK value 672713337 not found in ml data; skipping.
2025-06-19 13:06:54,699 - __main__ - WARNING - SCLK value 672715961 not found in ml data; skipping.
2025-06-19 13:06:54,701 - __main__ - WARNING - SCLK value 672718373 not found in ml data; skipping.
2025-06-19 13:06:54,703 - __main__ - WARNING - SCLK value 672719375 not found in ml data; skipping.
2025-06-19 13:06:54,706 - __main__ - WARNING - SCLK value 672721953 not found in ml data; skipping.
2025-06-19 13:06:54,708 - __main__ - WARNING - SCLK value 672801263 not found in ml data; skipping.
2025-06-19 13:06:54,710 - __main__ - WARNING - SCLK value 672801630 not found in ml data; skipping.
2025-06-19 13:06:54,713 - __main__ - WARNING - SCLK value 672804797 not found in ml data; skipping.
2025-06-19 13:06:54,715 - __main__ - WARNING - SCLK value 672884603 not found in ml data; skipping.
2025-06-19 13:06:54,718 - __main__ - WARNING - SCLK value 672884933 not found in ml data; skipping.
2025-06-19 13:06:54,720 - __main__ - WARNING - SCLK value 672885216 not found in ml data; skipping.
2025-06-19 13:06:54,723 - __main__ - WARNING - SCLK value 672889286 not found in ml data; skipping.
2025-06-19 13:06:54,725 - __main__ - WARNING - SCLK value 672890283 not found in ml data; skipping.
2025-06-19 13:06:54,727 - __main__ - WARNING - SCLK value 672894510 not found in ml data; skipping.
2025-06-19 13:06:54,729 - __main__ - WARNING - SCLK value 672964384 not found in ml data; skipping.
2025-06-19 13:06:54,731 - __main__ - WARNING - SCLK value 672973742 not found in ml data; skipping.
2025-06-19 13:06:54,733 - __main__ - WARNING - SCLK value 672976272 not found in ml data; skipping.
2025-06-19 13:06:54,736 - __main__ - WARNING - SCLK value 672979607 not found in ml data; skipping.
2025-06-19 13:06:54,738 - __main__ - WARNING - SCLK value 672983982 not found in ml data; skipping.
2025-06-19 13:06:54,740 - __main__ - WARNING - SCLK value 672984068 not found in ml data; skipping.
2025-06-19 13:06:54,743 - __main__ - WARNING - SCLK value 672984973 not found in ml data; skipping.
2025-06-19 13:06:54,745 - __main__ - WARNING - SCLK value 672985340 not found in ml data; skipping.
2025-06-19 13:06:54,747 - __main__ - WARNING - SCLK value 673068974 not found in ml data; skipping.
2025-06-19 13:06:54,749 - __main__ - WARNING - SCLK value 673072073 not found in ml data; skipping.
2025-06-19 13:06:54,751 - __main__ - WARNING - SCLK value 673076429 not found in ml data; skipping.
2025-06-19 13:06:54,753 - __main__ - WARNING - SCLK value 673078972 not found in ml data; skipping.
2025-06-19 13:06:54,756 - __main__ - WARNING - SCLK value 673147721 not found in ml data; skipping.
2025-06-19 13:06:54,759 - __main__ - WARNING - SCLK value 673240962 not found in ml data; skipping.
2025-06-19 13:06:54,761 - __main__ - WARNING - SCLK value 673242020 not found in ml data; skipping.
2025-06-19 13:06:54,763 - __main__ - WARNING - SCLK value 673243964 not found in ml data; skipping.
2025-06-19 13:06:54,765 - __main__ - WARNING - SCLK value 673245884 not found in ml data; skipping.
2025-06-19 13:06:54,767 - __main__ - WARNING - SCLK value 673251635 not found in ml data; skipping.
2025-06-19 13:06:54,770 - __main__ - WARNING - SCLK value 673254242 not found in ml data; skipping.
2025-06-19 13:06:54,772 - __main__ - WARNING - SCLK value 673328658 not found in ml data; skipping.
2025-06-19 13:06:54,775 - __main__ - WARNING - SCLK value 673329003 not found in ml data; skipping.
2025-06-19 13:06:54,777 - __main__ - WARNING - SCLK value 673332835 not found in ml data; skipping.
2025-06-19 13:06:54,779 - __main__ - WARNING - SCLK value 673332863 not found in ml data; skipping.
2025-06-19 13:06:54,782 - __main__ - WARNING - SCLK value 673334070 not found in ml data; skipping.
2025-06-19 13:06:54,784 - __main__ - WARNING - SCLK value 673334708 not found in ml data; skipping.
2025-06-19 13:06:54,786 - __main__ - WARNING - SCLK value 673338788 not found in ml data; skipping.
2025-06-19 13:06:54,789 - __main__ - WARNING - SCLK value 673340481 not found in ml data; skipping.
2025-06-19 13:06:54,791 - __main__ - WARNING - SCLK value 673344227 not found in ml data; skipping.
2025-06-19 13:06:54,794 - __main__ - WARNING - SCLK value 673424713 not found in ml data; skipping.
2025-06-19 13:06:54,796 - __main__ - WARNING - SCLK value 673429348 not found in ml data; skipping.
2025-06-19 13:06:54,799 - __main__ - WARNING - SCLK value 673500853 not found in ml data; skipping.
2025-06-19 13:06:54,801 - __main__ - WARNING - SCLK value 673512599 not found in ml data; skipping.
2025-06-19 13:06:54,804 - __main__ - WARNING - SCLK value 673513373 not found in ml data; skipping.
2025-06-19 13:06:54,806 - __main__ - WARNING - SCLK value 673514725 not found in ml data; skipping.
2025-06-19 13:06:54,809 - __main__ - WARNING - SCLK value 673594180 not found in ml data; skipping.
2025-06-19 13:06:54,811 - __main__ - WARNING - SCLK value 673597335 not found in ml data; skipping.
2025-06-19 13:06:54,814 - __main__ - WARNING - SCLK value 673598754 not found in ml data; skipping.
2025-06-19 13:06:54,816 - __main__ - WARNING - SCLK value 673606937 not found in ml data; skipping.
2025-06-19 13:06:54,818 - __main__ - WARNING - SCLK value 673680243 not found in ml data; skipping.
2025-06-19 13:06:54,820 - __main__ - WARNING - SCLK value 673681579 not found in ml data; skipping.
2025-06-19 13:06:54,822 - __main__ - WARNING - SCLK value 673685675 not found in ml data; skipping.
2025-06-19 13:06:54,825 - __main__ - WARNING - SCLK value 673694236 not found in ml data; skipping.
2025-06-19 13:06:54,828 - __main__ - WARNING - SCLK value 673694529 not found in ml data; skipping.
2025-06-19 13:06:54,831 - __main__ - WARNING - SCLK value 673773378 not found in ml data; skipping.
2025-06-19 13:06:54,833 - __main__ - WARNING - SCLK value 673779637 not found in ml data; skipping.
2025-06-19 13:06:54,835 - __main__ - WARNING - SCLK value 673781075 not found in ml data; skipping.
2025-06-19 13:06:54,837 - __main__ - WARNING - SCLK value 673858855 not found in ml data; skipping.
2025-06-19 13:06:54,839 - __main__ - WARNING - SCLK value 673863604 not found in ml data; skipping.
2025-06-19 13:06:54,842 - __main__ - WARNING - SCLK value 673865805 not found in ml data; skipping.
2025-06-19 13:06:54,844 - __main__ - WARNING - SCLK value 673874053 not found in ml data; skipping.
2025-06-19 13:06:54,848 - __main__ - WARNING - SCLK value 673948338 not found in ml data; skipping.
2025-06-19 13:06:54,850 - __main__ - WARNING - SCLK value 673951488 not found in ml data; skipping.
2025-06-19 13:06:54,853 - __main__ - WARNING - SCLK value 673955512 not found in ml data; skipping.
2025-06-19 13:06:54,855 - __main__ - WARNING - SCLK value 673958960 not found in ml data; skipping.
2025-06-19 13:06:54,857 - __main__ - WARNING - SCLK value 674041445 not found in ml data; skipping.
2025-06-19 13:06:54,860 - __main__ - WARNING - SCLK value 674042999 not found in ml data; skipping.
2025-06-19 13:06:54,862 - __main__ - WARNING - SCLK value 674044064 not found in ml data; skipping.
2025-06-19 13:06:54,864 - __main__ - WARNING - SCLK value 674051268 not found in ml data; skipping.
2025-06-19 13:06:54,868 - __main__ - WARNING - SCLK value 674056174 not found in ml data; skipping.
2025-06-19 13:06:54,870 - __main__ - WARNING - SCLK value 674122081 not found in ml data; skipping.
2025-06-19 13:06:54,873 - __main__ - WARNING - SCLK value 674128125 not found in ml data; skipping.
2025-06-19 13:06:54,875 - __main__ - WARNING - SCLK value 674128981 not found in ml data; skipping.
2025-06-19 13:06:54,878 - __main__ - WARNING - SCLK value 674133319 not found in ml data; skipping.
2025-06-19 13:06:54,881 - __main__ - WARNING - SCLK value 674140571 not found in ml data; skipping.
2025-06-19 13:06:54,884 - __main__ - WARNING - SCLK value 674213517 not found in ml data; skipping.
2025-06-19 13:06:54,886 - __main__ - WARNING - SCLK value 674218894 not found in ml data; skipping.
2025-06-19 13:06:54,888 - __main__ - WARNING - SCLK value 674228677 not found in ml data; skipping.
2025-06-19 13:06:54,890 - __main__ - WARNING - SCLK value 674304877 not found in ml data; skipping.
2025-06-19 13:06:54,892 - __main__ - WARNING - SCLK value 674307030 not found in ml data; skipping.
2025-06-19 13:06:54,895 - __main__ - WARNING - SCLK value 674307104 not found in ml data; skipping.
2025-06-19 13:06:54,898 - __main__ - WARNING - SCLK value 674317907 not found in ml data; skipping.
2025-06-19 13:06:54,900 - __main__ - WARNING - SCLK value 674398187 not found in ml data; skipping.
2025-06-19 13:06:54,902 - __main__ - WARNING - SCLK value 674410494 not found in ml data; skipping.
2025-06-19 13:06:54,904 - __main__ - WARNING - SCLK value 674482627 not found in ml data; skipping.
2025-06-19 13:06:54,906 - __main__ - WARNING - SCLK value 674483906 not found in ml data; skipping.
2025-06-19 13:06:54,908 - __main__ - WARNING - SCLK value 674484439 not found in ml data; skipping.
2025-06-19 13:06:54,911 - __main__ - WARNING - SCLK value 674491238 not found in ml data; skipping.
2025-06-19 13:06:54,913 - __main__ - WARNING - SCLK value 674492008 not found in ml data; skipping.
2025-06-19 13:06:54,915 - __main__ - WARNING - SCLK value 674497424 not found in ml data; skipping.
2025-06-19 13:06:54,918 - __main__ - WARNING - SCLK value 674498121 not found in ml data; skipping.
2025-06-19 13:06:54,921 - __main__ - WARNING - SCLK value 674568708 not found in ml data; skipping.
2025-06-19 13:06:54,923 - __main__ - WARNING - SCLK value 674573756 not found in ml data; skipping.
2025-06-19 13:06:54,925 - __main__ - WARNING - SCLK value 674575721 not found in ml data; skipping.
2025-06-19 13:06:54,927 - __main__ - WARNING - SCLK value 674582484 not found in ml data; skipping.
2025-06-19 13:06:54,930 - __main__ - WARNING - SCLK value 674666247 not found in ml data; skipping.
2025-06-19 13:06:54,932 - __main__ - WARNING - SCLK value 674666809 not found in ml data; skipping.
2025-06-19 13:06:54,934 - __main__ - WARNING - SCLK value 674667232 not found in ml data; skipping.
2025-06-19 13:06:54,936 - __main__ - WARNING - SCLK value 674669243 not found in ml data; skipping.
2025-06-19 13:06:54,939 - __main__ - WARNING - SCLK value 674751396 not found in ml data; skipping.
2025-06-19 13:06:54,941 - __main__ - WARNING - SCLK value 674837510 not found in ml data; skipping.
2025-06-19 13:06:54,944 - __main__ - WARNING - SCLK value 674845274 not found in ml data; skipping.
2025-06-19 13:06:54,946 - __main__ - WARNING - SCLK value 674846962 not found in ml data; skipping.
2025-06-19 13:06:54,948 - __main__ - WARNING - SCLK value 674850855 not found in ml data; skipping.
2025-06-19 13:06:54,959 - __main__ - INFO - Processing validation data around vortex events...
2025-06-19 13:06:54,960 - __main__ - WARNING - SCLK value 668288145 not found in ml data; skipping.
2025-06-19 13:06:54,961 - __main__ - WARNING - SCLK value 668288356 not found in ml data; skipping.
2025-06-19 13:06:54,962 - __main__ - WARNING - SCLK value 668363851 not found in ml data; skipping.
2025-06-19 13:06:54,963 - __main__ - WARNING - SCLK value 668370696 not found in ml data; skipping.
2025-06-19 13:06:54,964 - __main__ - WARNING - SCLK value 668373458 not found in ml data; skipping.
2025-06-19 13:06:54,965 - __main__ - WARNING - SCLK value 668450709 not found in ml data; skipping.
2025-06-19 13:06:54,965 - __main__ - WARNING - SCLK value 668451679 not found in ml data; skipping.
2025-06-19 13:06:54,966 - __main__ - WARNING - SCLK value 668465594 not found in ml data; skipping.
2025-06-19 13:06:54,966 - __main__ - WARNING - SCLK value 668471362 not found in ml data; skipping.
2025-06-19 13:06:54,967 - __main__ - WARNING - SCLK value 668534767 not found in ml data; skipping.
2025-06-19 13:06:54,968 - __main__ - WARNING - SCLK value 668540964 not found in ml data; skipping.
2025-06-19 13:06:54,968 - __main__ - WARNING - SCLK value 668541515 not found in ml data; skipping.
2025-06-19 13:06:54,969 - __main__ - WARNING - SCLK value 668542064 not found in ml data; skipping.
2025-06-19 13:06:54,970 - __main__ - WARNING - SCLK value 668542340 not found in ml data; skipping.
2025-06-19 13:06:54,971 - __main__ - WARNING - SCLK value 668551101 not found in ml data; skipping.
2025-06-19 13:06:54,972 - __main__ - WARNING - SCLK value 668555682 not found in ml data; skipping.
2025-06-19 13:06:54,973 - __main__ - WARNING - SCLK value 668556124 not found in ml data; skipping.
2025-06-19 13:06:54,973 - __main__ - WARNING - SCLK value 668557517 not found in ml data; skipping.
2025-06-19 13:06:54,975 - __main__ - WARNING - SCLK value 668716847 not found in ml data; skipping.
2025-06-19 13:06:54,975 - __main__ - WARNING - SCLK value 668723694 not found in ml data; skipping.
2025-06-19 13:06:54,976 - __main__ - WARNING - SCLK value 668801790 not found in ml data; skipping.
2025-06-19 13:06:54,977 - __main__ - WARNING - SCLK value 668808927 not found in ml data; skipping.
2025-06-19 13:06:54,977 - __main__ - WARNING - SCLK value 668810541 not found in ml data; skipping.
2025-06-19 13:06:54,978 - __main__ - WARNING - SCLK value 668811652 not found in ml data; skipping.
2025-06-19 13:06:54,979 - __main__ - WARNING - SCLK value 668816129 not found in ml data; skipping.
2025-06-19 13:06:54,980 - __main__ - WARNING - SCLK value 669426485 not found in ml data; skipping.
2025-06-19 13:06:54,981 - __main__ - WARNING - SCLK value 669427340 not found in ml data; skipping.
2025-06-19 13:06:54,981 - __main__ - WARNING - SCLK value 669434405 not found in ml data; skipping.
2025-06-19 13:06:54,982 - __main__ - WARNING - SCLK value 669434703 not found in ml data; skipping.
2025-06-19 13:06:54,983 - __main__ - WARNING - SCLK value 669518763 not found in ml data; skipping.
2025-06-19 13:06:54,983 - __main__ - WARNING - SCLK value 669519478 not found in ml data; skipping.
2025-06-19 13:06:54,984 - __main__ - WARNING - SCLK value 669531860 not found in ml data; skipping.
2025-06-19 13:06:54,985 - __main__ - WARNING - SCLK value 669626803 not found in ml data; skipping.
2025-06-19 13:06:54,986 - __main__ - WARNING - SCLK value 669688619 not found in ml data; skipping.
2025-06-19 13:06:54,987 - __main__ - WARNING - SCLK value 669690018 not found in ml data; skipping.
2025-06-19 13:06:54,988 - __main__ - WARNING - SCLK value 669690620 not found in ml data; skipping.
2025-06-19 13:06:54,989 - __main__ - WARNING - SCLK value 669704197 not found in ml data; skipping.
2025-06-19 13:06:54,989 - __main__ - WARNING - SCLK value 669779409 not found in ml data; skipping.
2025-06-19 13:06:54,990 - __main__ - WARNING - SCLK value 669780445 not found in ml data; skipping.
2025-06-19 13:06:54,991 - __main__ - WARNING - SCLK value 669787866 not found in ml data; skipping.
2025-06-19 13:06:54,992 - __main__ - WARNING - SCLK value 669787881 not found in ml data; skipping.
2025-06-19 13:06:54,993 - __main__ - WARNING - SCLK value 669870405 not found in ml data; skipping.
2025-06-19 13:06:54,994 - __main__ - WARNING - SCLK value 669873580 not found in ml data; skipping.
2025-06-19 13:06:54,994 - __main__ - WARNING - SCLK value 669882031 not found in ml data; skipping.
2025-06-19 13:06:54,995 - __main__ - WARNING - SCLK value 669886865 not found in ml data; skipping.
2025-06-19 13:06:54,996 - __main__ - WARNING - SCLK value 669958088 not found in ml data; skipping.
2025-06-19 13:06:54,996 - __main__ - WARNING - SCLK value 669959376 not found in ml data; skipping.
2025-06-19 13:06:54,998 - __main__ - WARNING - SCLK value 669959712 not found in ml data; skipping.
2025-06-19 13:06:54,999 - __main__ - WARNING - SCLK value 669960008 not found in ml data; skipping.
2025-06-19 13:06:54,999 - __main__ - WARNING - SCLK value 669960347 not found in ml data; skipping.
2025-06-19 13:06:55,000 - __main__ - WARNING - SCLK value 669962940 not found in ml data; skipping.
2025-06-19 13:06:55,001 - __main__ - WARNING - SCLK value 669964312 not found in ml data; skipping.
2025-06-19 13:06:55,002 - __main__ - WARNING - SCLK value 669965150 not found in ml data; skipping.
2025-06-19 13:06:55,002 - __main__ - WARNING - SCLK value 669971696 not found in ml data; skipping.
2025-06-19 13:06:55,003 - __main__ - WARNING - SCLK value 670046942 not found in ml data; skipping.
2025-06-19 13:06:55,004 - __main__ - WARNING - SCLK value 670047546 not found in ml data; skipping.
2025-06-19 13:06:55,005 - __main__ - WARNING - SCLK value 670055611 not found in ml data; skipping.
2025-06-19 13:06:55,006 - __main__ - WARNING - SCLK value 670129653 not found in ml data; skipping.
2025-06-19 13:06:55,006 - __main__ - WARNING - SCLK value 670136668 not found in ml data; skipping.
2025-06-19 13:06:55,007 - __main__ - WARNING - SCLK value 670138695 not found in ml data; skipping.
2025-06-19 13:06:55,008 - __main__ - WARNING - SCLK value 670225439 not found in ml data; skipping.
2025-06-19 13:06:55,008 - __main__ - WARNING - SCLK value 670232335 not found in ml data; skipping.
2025-06-19 13:06:55,009 - __main__ - WARNING - SCLK value 670232986 not found in ml data; skipping.
2025-06-19 13:06:55,009 - __main__ - WARNING - SCLK value 670233871 not found in ml data; skipping.
2025-06-19 13:06:55,010 - __main__ - WARNING - SCLK value 670313772 not found in ml data; skipping.
2025-06-19 13:06:55,011 - __main__ - WARNING - SCLK value 670315385 not found in ml data; skipping.
2025-06-19 13:06:55,012 - __main__ - WARNING - SCLK value 670317790 not found in ml data; skipping.
2025-06-19 13:06:55,013 - __main__ - WARNING - SCLK value 670321691 not found in ml data; skipping.
2025-06-19 13:06:55,014 - __main__ - WARNING - SCLK value 670325686 not found in ml data; skipping.
2025-06-19 13:06:55,014 - __main__ - WARNING - SCLK value 670329256 not found in ml data; skipping.
2025-06-19 13:06:55,015 - __main__ - WARNING - SCLK value 670398725 not found in ml data; skipping.
2025-06-19 13:06:55,016 - __main__ - WARNING - SCLK value 670402854 not found in ml data; skipping.
2025-06-19 13:06:55,016 - __main__ - WARNING - SCLK value 670403870 not found in ml data; skipping.
2025-06-19 13:06:55,018 - __main__ - WARNING - SCLK value 670409834 not found in ml data; skipping.
2025-06-19 13:06:55,019 - __main__ - WARNING - SCLK value 670412275 not found in ml data; skipping.
2025-06-19 13:06:55,019 - __main__ - WARNING - SCLK value 670412326 not found in ml data; skipping.
2025-06-19 13:06:55,020 - __main__ - WARNING - SCLK value 670578458 not found in ml data; skipping.
2025-06-19 13:06:55,021 - __main__ - WARNING - SCLK value 670580613 not found in ml data; skipping.
2025-06-19 13:06:55,022 - __main__ - WARNING - SCLK value 670584569 not found in ml data; skipping.
2025-06-19 13:06:55,022 - __main__ - WARNING - SCLK value 670584657 not found in ml data; skipping.
2025-06-19 13:06:55,023 - __main__ - WARNING - SCLK value 670587674 not found in ml data; skipping.
2025-06-19 13:06:55,024 - __main__ - WARNING - SCLK value 670594461 not found in ml data; skipping.
2025-06-19 13:06:55,024 - __main__ - WARNING - SCLK value 670841835 not found in ml data; skipping.
2025-06-19 13:06:55,025 - __main__ - WARNING - SCLK value 670842459 not found in ml data; skipping.
2025-06-19 13:06:55,026 - __main__ - WARNING - SCLK value 670849047 not found in ml data; skipping.
2025-06-19 13:06:55,027 - __main__ - WARNING - SCLK value 670852738 not found in ml data; skipping.
2025-06-19 13:06:55,028 - __main__ - WARNING - SCLK value 670856365 not found in ml data; skipping.
2025-06-19 13:06:55,028 - __main__ - WARNING - SCLK value 670859755 not found in ml data; skipping.
2025-06-19 13:06:55,029 - __main__ - WARNING - SCLK value 670870370 not found in ml data; skipping.
2025-06-19 13:06:55,030 - __main__ - WARNING - SCLK value 670929808 not found in ml data; skipping.
2025-06-19 13:06:55,030 - __main__ - WARNING - SCLK value 670930554 not found in ml data; skipping.
2025-06-19 13:06:55,031 - __main__ - WARNING - SCLK value 670933108 not found in ml data; skipping.
2025-06-19 13:06:55,032 - __main__ - WARNING - SCLK value 670934582 not found in ml data; skipping.
2025-06-19 13:06:55,032 - __main__ - WARNING - SCLK value 670938327 not found in ml data; skipping.
2025-06-19 13:06:55,033 - __main__ - WARNING - SCLK value 670938389 not found in ml data; skipping.
2025-06-19 13:06:55,034 - __main__ - WARNING - SCLK value 670940703 not found in ml data; skipping.
2025-06-19 13:06:55,035 - __main__ - WARNING - SCLK value 670945386 not found in ml data; skipping.
2025-06-19 13:06:55,036 - __main__ - WARNING - SCLK value 670961352 not found in ml data; skipping.
2025-06-19 13:06:55,036 - __main__ - WARNING - SCLK value 671024106 not found in ml data; skipping.
2025-06-19 13:06:55,038 - __main__ - WARNING - SCLK value 671027864 not found in ml data; skipping.
2025-06-19 13:06:55,038 - __main__ - WARNING - SCLK value 671027972 not found in ml data; skipping.
2025-06-19 13:06:55,039 - __main__ - WARNING - SCLK value 671033906 not found in ml data; skipping.
2025-06-19 13:06:55,040 - __main__ - WARNING - SCLK value 671039200 not found in ml data; skipping.
2025-06-19 13:06:55,040 - __main__ - WARNING - SCLK value 671109364 not found in ml data; skipping.
2025-06-19 13:06:55,041 - __main__ - WARNING - SCLK value 671113914 not found in ml data; skipping.
2025-06-19 13:06:55,042 - __main__ - WARNING - SCLK value 671114679 not found in ml data; skipping.
2025-06-19 13:06:55,043 - __main__ - WARNING - SCLK value 671115255 not found in ml data; skipping.
2025-06-19 13:06:55,044 - __main__ - WARNING - SCLK value 671115289 not found in ml data; skipping.
2025-06-19 13:06:55,044 - __main__ - WARNING - SCLK value 671120289 not found in ml data; skipping.
2025-06-19 13:06:55,045 - __main__ - WARNING - SCLK value 671126006 not found in ml data; skipping.
2025-06-19 13:06:55,046 - __main__ - WARNING - SCLK value 671126607 not found in ml data; skipping.
2025-06-19 13:06:55,047 - __main__ - WARNING - SCLK value 671127245 not found in ml data; skipping.
2025-06-19 13:06:55,047 - __main__ - WARNING - SCLK value 671139428 not found in ml data; skipping.
2025-06-19 13:06:55,048 - __main__ - WARNING - SCLK value 671204280 not found in ml data; skipping.
2025-06-19 13:06:55,049 - __main__ - WARNING - SCLK value 671213291 not found in ml data; skipping.
2025-06-19 13:06:55,049 - __main__ - WARNING - SCLK value 671214052 not found in ml data; skipping.
2025-06-19 13:06:55,050 - __main__ - WARNING - SCLK value 671224977 not found in ml data; skipping.
2025-06-19 13:06:55,051 - __main__ - WARNING - SCLK value 671291649 not found in ml data; skipping.
2025-06-19 13:06:55,052 - __main__ - WARNING - SCLK value 671294608 not found in ml data; skipping.
2025-06-19 13:06:55,052 - __main__ - WARNING - SCLK value 671302478 not found in ml data; skipping.
2025-06-19 13:06:55,053 - __main__ - WARNING - SCLK value 671302909 not found in ml data; skipping.
2025-06-19 13:06:55,054 - __main__ - WARNING - SCLK value 671308300 not found in ml data; skipping.
2025-06-19 13:06:55,055 - __main__ - WARNING - SCLK value 671376036 not found in ml data; skipping.
2025-06-19 13:06:55,056 - __main__ - WARNING - SCLK value 671376059 not found in ml data; skipping.
2025-06-19 13:06:55,056 - __main__ - WARNING - SCLK value 671376348 not found in ml data; skipping.
2025-06-19 13:06:55,058 - __main__ - WARNING - SCLK value 671376844 not found in ml data; skipping.
2025-06-19 13:06:55,058 - __main__ - WARNING - SCLK value 671377912 not found in ml data; skipping.
2025-06-19 13:06:55,059 - __main__ - WARNING - SCLK value 671379183 not found in ml data; skipping.
2025-06-19 13:06:55,060 - __main__ - WARNING - SCLK value 671384112 not found in ml data; skipping.
2025-06-19 13:06:55,061 - __main__ - WARNING - SCLK value 671391076 not found in ml data; skipping.
2025-06-19 13:06:55,062 - __main__ - WARNING - SCLK value 671395245 not found in ml data; skipping.
2025-06-19 13:06:55,062 - __main__ - WARNING - SCLK value 671466934 not found in ml data; skipping.
2025-06-19 13:06:55,063 - __main__ - WARNING - SCLK value 671468200 not found in ml data; skipping.
2025-06-19 13:06:55,064 - __main__ - WARNING - SCLK value 671559311 not found in ml data; skipping.
2025-06-19 13:06:55,065 - __main__ - WARNING - SCLK value 671560213 not found in ml data; skipping.
2025-06-19 13:06:55,065 - __main__ - WARNING - SCLK value 671561065 not found in ml data; skipping.
2025-06-19 13:06:55,066 - __main__ - WARNING - SCLK value 671563881 not found in ml data; skipping.
2025-06-19 13:06:55,067 - __main__ - WARNING - SCLK value 671570327 not found in ml data; skipping.
2025-06-19 13:06:55,068 - __main__ - WARNING - SCLK value 671641441 not found in ml data; skipping.
2025-06-19 13:06:55,068 - __main__ - WARNING - SCLK value 671644549 not found in ml data; skipping.
2025-06-19 13:06:55,069 - __main__ - WARNING - SCLK value 671645443 not found in ml data; skipping.
2025-06-19 13:06:55,070 - __main__ - WARNING - SCLK value 671648210 not found in ml data; skipping.
2025-06-19 13:06:55,071 - __main__ - WARNING - SCLK value 671656101 not found in ml data; skipping.
2025-06-19 13:06:55,071 - __main__ - WARNING - SCLK value 671731643 not found in ml data; skipping.
2025-06-19 13:06:55,072 - __main__ - WARNING - SCLK value 671740824 not found in ml data; skipping.
2025-06-19 13:06:55,073 - __main__ - WARNING - SCLK value 671746873 not found in ml data; skipping.
2025-06-19 13:06:55,074 - __main__ - WARNING - SCLK value 671823162 not found in ml data; skipping.
2025-06-19 13:06:55,074 - __main__ - WARNING - SCLK value 671823654 not found in ml data; skipping.
2025-06-19 13:06:55,076 - __main__ - WARNING - SCLK value 671823993 not found in ml data; skipping.
2025-06-19 13:06:55,076 - __main__ - WARNING - SCLK value 671824646 not found in ml data; skipping.
2025-06-19 13:06:55,077 - __main__ - WARNING - SCLK value 671825542 not found in ml data; skipping.
2025-06-19 13:06:55,078 - __main__ - WARNING - SCLK value 671831605 not found in ml data; skipping.
2025-06-19 13:06:55,078 - __main__ - WARNING - SCLK value 671834757 not found in ml data; skipping.
2025-06-19 13:06:55,079 - __main__ - WARNING - SCLK value 671904824 not found in ml data; skipping.
2025-06-19 13:06:55,080 - __main__ - WARNING - SCLK value 671909321 not found in ml data; skipping.
2025-06-19 13:06:55,080 - __main__ - WARNING - SCLK value 671911350 not found in ml data; skipping.
2025-06-19 13:06:55,081 - __main__ - WARNING - SCLK value 671913231 not found in ml data; skipping.
2025-06-19 13:06:55,082 - __main__ - WARNING - SCLK value 671915681 not found in ml data; skipping.
2025-06-19 13:06:55,083 - __main__ - WARNING - SCLK value 671916470 not found in ml data; skipping.
2025-06-19 13:06:55,084 - __main__ - WARNING - SCLK value 671920779 not found in ml data; skipping.
2025-06-19 13:06:55,084 - __main__ - WARNING - SCLK value 671921784 not found in ml data; skipping.
2025-06-19 13:06:55,085 - __main__ - WARNING - SCLK value 671995990 not found in ml data; skipping.
2025-06-19 13:06:55,086 - __main__ - WARNING - SCLK value 672002175 not found in ml data; skipping.
2025-06-19 13:06:55,086 - __main__ - WARNING - SCLK value 672002362 not found in ml data; skipping.
2025-06-19 13:06:55,088 - __main__ - WARNING - SCLK value 672104482 not found in ml data; skipping.
2025-06-19 13:06:55,089 - __main__ - WARNING - SCLK value 672178090 not found in ml data; skipping.
2025-06-19 13:06:55,089 - __main__ - WARNING - SCLK value 672180689 not found in ml data; skipping.
2025-06-19 13:06:55,090 - __main__ - WARNING - SCLK value 672181444 not found in ml data; skipping.
2025-06-19 13:06:55,091 - __main__ - WARNING - SCLK value 672182115 not found in ml data; skipping.
2025-06-19 13:06:55,092 - __main__ - WARNING - SCLK value 672183596 not found in ml data; skipping.
2025-06-19 13:06:55,092 - __main__ - WARNING - SCLK value 672185170 not found in ml data; skipping.
2025-06-19 13:06:55,093 - __main__ - WARNING - SCLK value 672190662 not found in ml data; skipping.
2025-06-19 13:06:55,094 - __main__ - WARNING - SCLK value 672267244 not found in ml data; skipping.
2025-06-19 13:06:55,095 - __main__ - WARNING - SCLK value 672269283 not found in ml data; skipping.
2025-06-19 13:06:55,096 - __main__ - WARNING - SCLK value 672269792 not found in ml data; skipping.
2025-06-19 13:06:55,096 - __main__ - WARNING - SCLK value 672350659 not found in ml data; skipping.
2025-06-19 13:06:55,097 - __main__ - WARNING - SCLK value 672352068 not found in ml data; skipping.
2025-06-19 13:06:55,098 - __main__ - WARNING - SCLK value 672355502 not found in ml data; skipping.
2025-06-19 13:06:55,098 - __main__ - WARNING - SCLK value 672357238 not found in ml data; skipping.
2025-06-19 13:06:55,099 - __main__ - WARNING - SCLK value 672359382 not found in ml data; skipping.
2025-06-19 13:06:55,100 - __main__ - WARNING - SCLK value 672362559 not found in ml data; skipping.
2025-06-19 13:06:55,100 - __main__ - WARNING - SCLK value 672365510 not found in ml data; skipping.
2025-06-19 13:06:55,101 - __main__ - WARNING - SCLK value 672365820 not found in ml data; skipping.
2025-06-19 13:06:55,102 - __main__ - WARNING - SCLK value 672445220 not found in ml data; skipping.
2025-06-19 13:06:55,103 - __main__ - WARNING - SCLK value 672445462 not found in ml data; skipping.
2025-06-19 13:06:55,104 - __main__ - WARNING - SCLK value 672446338 not found in ml data; skipping.
2025-06-19 13:06:55,105 - __main__ - WARNING - SCLK value 672528720 not found in ml data; skipping.
2025-06-19 13:06:55,105 - __main__ - WARNING - SCLK value 672531916 not found in ml data; skipping.
2025-06-19 13:06:55,106 - __main__ - INFO - Processing vortex SCLK 672538692 found at ml index: 2160537
2025-06-19 13:06:55,108 - __main__ - INFO - Processing vortex SCLK 672546578 found at ml index: 2165928
2025-06-19 13:06:55,109 - __main__ - INFO - Processing vortex SCLK 672548966 found at ml index: 2168316
2025-06-19 13:06:55,110 - __main__ - INFO - Processing vortex SCLK 672621236 found at ml index: 2212733
2025-06-19 13:06:55,111 - __main__ - INFO - Processing vortex SCLK 672622288 found at ml index: 2213785
2025-06-19 13:06:55,113 - __main__ - INFO - Processing vortex SCLK 672624313 found at ml index: 2215810
2025-06-19 13:06:55,114 - __main__ - INFO - Processing vortex SCLK 672624475 found at ml index: 2215972
2025-06-19 13:06:55,115 - __main__ - INFO - Processing vortex SCLK 672626109 found at ml index: 2217606
2025-06-19 13:06:55,116 - __main__ - INFO - Processing vortex SCLK 672626122 found at ml index: 2217619
2025-06-19 13:06:55,117 - __main__ - INFO - Processing vortex SCLK 672706787 found at ml index: 2270942
2025-06-19 13:06:55,118 - __main__ - INFO - Processing vortex SCLK 672709027 found at ml index: 2273182
2025-06-19 13:06:55,119 - __main__ - INFO - Processing vortex SCLK 672711149 found at ml index: 2275304
2025-06-19 13:06:55,120 - __main__ - INFO - Processing vortex SCLK 672711621 found at ml index: 2275776
2025-06-19 13:06:55,121 - __main__ - INFO - Processing vortex SCLK 672713266 found at ml index: 2277421
2025-06-19 13:06:55,123 - __main__ - INFO - Processing vortex SCLK 672713337 found at ml index: 2277492
2025-06-19 13:06:55,124 - __main__ - INFO - Processing vortex SCLK 672715961 found at ml index: 2280116
2025-06-19 13:06:55,125 - __main__ - INFO - Processing vortex SCLK 672718373 found at ml index: 2282528
2025-06-19 13:06:55,126 - __main__ - INFO - Processing vortex SCLK 672719375 found at ml index: 2283530
2025-06-19 13:06:55,128 - __main__ - INFO - Processing vortex SCLK 672721953 found at ml index: 2286108
2025-06-19 13:06:55,129 - __main__ - INFO - Processing vortex SCLK 672801263 found at ml index: 2334241
2025-06-19 13:06:55,130 - __main__ - INFO - Processing vortex SCLK 672801630 found at ml index: 2334608
2025-06-19 13:06:55,131 - __main__ - INFO - Processing vortex SCLK 672804797 found at ml index: 2337775
2025-06-19 13:06:55,132 - __main__ - INFO - Processing vortex SCLK 672884603 found at ml index: 2387935
2025-06-19 13:06:55,133 - __main__ - INFO - Processing vortex SCLK 672884933 found at ml index: 2388265
2025-06-19 13:06:55,134 - __main__ - INFO - Processing vortex SCLK 672885216 found at ml index: 2388548
2025-06-19 13:06:55,136 - __main__ - INFO - Processing vortex SCLK 672889286 found at ml index: 2392618
2025-06-19 13:06:55,136 - __main__ - INFO - Processing vortex SCLK 672890283 found at ml index: 2393615
2025-06-19 13:06:55,138 - __main__ - INFO - Processing vortex SCLK 672894510 found at ml index: 2397842
2025-06-19 13:06:55,139 - __main__ - INFO - Processing vortex SCLK 672964384 found at ml index: 2443850
2025-06-19 13:06:55,140 - __main__ - INFO - Processing vortex SCLK 672973742 found at ml index: 2448162
2025-06-19 13:06:55,141 - __main__ - INFO - Processing vortex SCLK 672976272 found at ml index: 2450692
2025-06-19 13:06:55,142 - __main__ - INFO - Processing vortex SCLK 672979607 found at ml index: 2454027
2025-06-19 13:06:55,143 - __main__ - INFO - Processing vortex SCLK 672983982 found at ml index: 2458402
2025-06-19 13:06:55,144 - __main__ - INFO - Processing vortex SCLK 672984068 found at ml index: 2458488
2025-06-19 13:06:55,146 - __main__ - INFO - Processing vortex SCLK 672984973 found at ml index: 2459393
2025-06-19 13:06:55,147 - __main__ - INFO - Processing vortex SCLK 672985340 found at ml index: 2459760
2025-06-19 13:06:55,148 - __main__ - INFO - Processing vortex SCLK 673068974 found at ml index: 2512676
2025-06-19 13:06:55,149 - __main__ - INFO - Processing vortex SCLK 673072073 found at ml index: 2515775
2025-06-19 13:06:55,150 - __main__ - INFO - Processing vortex SCLK 673076429 found at ml index: 2518680
2025-06-19 13:06:55,151 - __main__ - INFO - Processing vortex SCLK 673078972 found at ml index: 2521223
2025-06-19 13:06:55,153 - __main__ - INFO - Processing vortex SCLK 673147721 found at ml index: 2565489
2025-06-19 13:06:55,154 - __main__ - INFO - Processing vortex SCLK 673240962 found at ml index: 2629833
2025-06-19 13:06:55,155 - __main__ - INFO - Processing vortex SCLK 673242020 found at ml index: 2630891
2025-06-19 13:06:55,156 - __main__ - INFO - Processing vortex SCLK 673243964 found at ml index: 2632835
2025-06-19 13:06:55,157 - __main__ - INFO - Processing vortex SCLK 673245884 found at ml index: 2634755
2025-06-19 13:06:55,158 - __main__ - INFO - Processing vortex SCLK 673251635 found at ml index: 2640506
2025-06-19 13:06:55,159 - __main__ - INFO - Processing vortex SCLK 673254242 found at ml index: 2643113
2025-06-19 13:06:55,160 - __main__ - INFO - Processing vortex SCLK 673328658 found at ml index: 2691425
2025-06-19 13:06:55,161 - __main__ - INFO - Processing vortex SCLK 673329003 found at ml index: 2691770
2025-06-19 13:06:55,162 - __main__ - INFO - Processing vortex SCLK 673332835 found at ml index: 2695602
2025-06-19 13:06:55,164 - __main__ - INFO - Processing vortex SCLK 673332863 found at ml index: 2695630
2025-06-19 13:06:55,165 - __main__ - INFO - Processing vortex SCLK 673334070 found at ml index: 2696837
2025-06-19 13:06:55,166 - __main__ - INFO - Processing vortex SCLK 673334708 found at ml index: 2697475
2025-06-19 13:06:55,168 - __main__ - INFO - Processing vortex SCLK 673338788 found at ml index: 2701555
2025-06-19 13:06:55,169 - __main__ - INFO - Processing vortex SCLK 673340481 found at ml index: 2703248
2025-06-19 13:06:55,170 - __main__ - INFO - Processing vortex SCLK 673344227 found at ml index: 2706994
2025-06-19 13:06:55,171 - __main__ - INFO - Processing vortex SCLK 673424713 found at ml index: 2760219
2025-06-19 13:06:55,172 - __main__ - INFO - Processing vortex SCLK 673429348 found at ml index: 2764854
2025-06-19 13:06:55,173 - __main__ - INFO - Processing vortex SCLK 673500853 found at ml index: 2811671
2025-06-19 13:06:55,174 - __main__ - INFO - Processing vortex SCLK 673512599 found at ml index: 2821820
2025-06-19 13:06:55,175 - __main__ - INFO - Processing vortex SCLK 673513373 found at ml index: 2822594
2025-06-19 13:06:55,176 - __main__ - INFO - Processing vortex SCLK 673514725 found at ml index: 2823946
2025-06-19 13:06:55,178 - __main__ - INFO - Processing vortex SCLK 673594180 found at ml index: 2868616
2025-06-19 13:06:55,179 - __main__ - INFO - Processing vortex SCLK 673597335 found at ml index: 2871771
2025-06-19 13:06:55,180 - __main__ - WARNING - SCLK value 673598754 not found in ml data; skipping.
2025-06-19 13:06:55,181 - __main__ - WARNING - SCLK value 673606937 not found in ml data; skipping.
2025-06-19 13:06:55,182 - __main__ - WARNING - SCLK value 673680243 not found in ml data; skipping.
2025-06-19 13:06:55,183 - __main__ - WARNING - SCLK value 673681579 not found in ml data; skipping.
2025-06-19 13:06:55,183 - __main__ - WARNING - SCLK value 673685675 not found in ml data; skipping.
2025-06-19 13:06:55,184 - __main__ - WARNING - SCLK value 673694236 not found in ml data; skipping.
2025-06-19 13:06:55,185 - __main__ - WARNING - SCLK value 673694529 not found in ml data; skipping.
2025-06-19 13:06:55,186 - __main__ - WARNING - SCLK value 673773378 not found in ml data; skipping.
2025-06-19 13:06:55,186 - __main__ - WARNING - SCLK value 673779637 not found in ml data; skipping.
2025-06-19 13:06:55,187 - __main__ - WARNING - SCLK value 673781075 not found in ml data; skipping.
2025-06-19 13:06:55,188 - __main__ - WARNING - SCLK value 673858855 not found in ml data; skipping.
2025-06-19 13:06:55,189 - __main__ - WARNING - SCLK value 673863604 not found in ml data; skipping.
2025-06-19 13:06:55,189 - __main__ - WARNING - SCLK value 673865805 not found in ml data; skipping.
2025-06-19 13:06:55,190 - __main__ - WARNING - SCLK value 673874053 not found in ml data; skipping.
2025-06-19 13:06:55,191 - __main__ - WARNING - SCLK value 673948338 not found in ml data; skipping.
2025-06-19 13:06:55,192 - __main__ - WARNING - SCLK value 673951488 not found in ml data; skipping.
2025-06-19 13:06:55,192 - __main__ - WARNING - SCLK value 673955512 not found in ml data; skipping.
2025-06-19 13:06:55,193 - __main__ - WARNING - SCLK value 673958960 not found in ml data; skipping.
2025-06-19 13:06:55,194 - __main__ - WARNING - SCLK value 674041445 not found in ml data; skipping.
2025-06-19 13:06:55,195 - __main__ - WARNING - SCLK value 674042999 not found in ml data; skipping.
2025-06-19 13:06:55,196 - __main__ - WARNING - SCLK value 674044064 not found in ml data; skipping.
2025-06-19 13:06:55,196 - __main__ - WARNING - SCLK value 674051268 not found in ml data; skipping.
2025-06-19 13:06:55,197 - __main__ - WARNING - SCLK value 674056174 not found in ml data; skipping.
2025-06-19 13:06:55,198 - __main__ - WARNING - SCLK value 674122081 not found in ml data; skipping.
2025-06-19 13:06:55,199 - __main__ - WARNING - SCLK value 674128125 not found in ml data; skipping.
2025-06-19 13:06:55,200 - __main__ - WARNING - SCLK value 674128981 not found in ml data; skipping.
2025-06-19 13:06:55,201 - __main__ - WARNING - SCLK value 674133319 not found in ml data; skipping.
2025-06-19 13:06:55,201 - __main__ - WARNING - SCLK value 674140571 not found in ml data; skipping.
2025-06-19 13:06:55,202 - __main__ - WARNING - SCLK value 674213517 not found in ml data; skipping.
2025-06-19 13:06:55,203 - __main__ - WARNING - SCLK value 674218894 not found in ml data; skipping.
2025-06-19 13:06:55,204 - __main__ - WARNING - SCLK value 674228677 not found in ml data; skipping.
2025-06-19 13:06:55,204 - __main__ - WARNING - SCLK value 674304877 not found in ml data; skipping.
2025-06-19 13:06:55,205 - __main__ - WARNING - SCLK value 674307030 not found in ml data; skipping.
2025-06-19 13:06:55,206 - __main__ - WARNING - SCLK value 674307104 not found in ml data; skipping.
2025-06-19 13:06:55,206 - __main__ - WARNING - SCLK value 674317907 not found in ml data; skipping.
2025-06-19 13:06:55,207 - __main__ - WARNING - SCLK value 674398187 not found in ml data; skipping.
2025-06-19 13:06:55,207 - __main__ - WARNING - SCLK value 674410494 not found in ml data; skipping.
2025-06-19 13:06:55,208 - __main__ - WARNING - SCLK value 674482627 not found in ml data; skipping.
2025-06-19 13:06:55,209 - __main__ - WARNING - SCLK value 674483906 not found in ml data; skipping.
2025-06-19 13:06:55,210 - __main__ - WARNING - SCLK value 674484439 not found in ml data; skipping.
2025-06-19 13:06:55,210 - __main__ - WARNING - SCLK value 674491238 not found in ml data; skipping.
2025-06-19 13:06:55,211 - __main__ - WARNING - SCLK value 674492008 not found in ml data; skipping.
2025-06-19 13:06:55,212 - __main__ - WARNING - SCLK value 674497424 not found in ml data; skipping.
2025-06-19 13:06:55,213 - __main__ - WARNING - SCLK value 674498121 not found in ml data; skipping.
2025-06-19 13:06:55,213 - __main__ - WARNING - SCLK value 674568708 not found in ml data; skipping.
2025-06-19 13:06:55,214 - __main__ - WARNING - SCLK value 674573756 not found in ml data; skipping.
2025-06-19 13:06:55,219 - __main__ - WARNING - SCLK value 674575721 not found in ml data; skipping.
2025-06-19 13:06:55,221 - __main__ - WARNING - SCLK value 674582484 not found in ml data; skipping.
2025-06-19 13:06:55,223 - __main__ - WARNING - SCLK value 674666247 not found in ml data; skipping.
2025-06-19 13:06:55,224 - __main__ - WARNING - SCLK value 674666809 not found in ml data; skipping.
2025-06-19 13:06:55,226 - __main__ - WARNING - SCLK value 674667232 not found in ml data; skipping.
2025-06-19 13:06:55,226 - __main__ - WARNING - SCLK value 674669243 not found in ml data; skipping.
2025-06-19 13:06:55,228 - __main__ - WARNING - SCLK value 674751396 not found in ml data; skipping.
2025-06-19 13:06:55,230 - __main__ - WARNING - SCLK value 674837510 not found in ml data; skipping.
2025-06-19 13:06:55,232 - __main__ - WARNING - SCLK value 674845274 not found in ml data; skipping.
2025-06-19 13:06:55,234 - __main__ - WARNING - SCLK value 674846962 not found in ml data; skipping.
2025-06-19 13:06:55,235 - __main__ - WARNING - SCLK value 674850855 not found in ml data; skipping.
2025-06-19 13:06:55,237 - __main__ - INFO - Preparing features and labels...
2025-06-19 13:06:55,240 - __main__ - INFO - Validating feature matrix...
2025-06-19 13:06:55,241 - __main__ - WARNING - Feature matrix issues detected:
2025-06-19 13:06:55,241 - __main__ - WARNING - - High correlation between pressure_drop_ratio and pressure_change: -1.00
2025-06-19 13:06:55,241 - __main__ - WARNING - - High correlation between pressure_drop_ratio and pressure_range: 0.95
2025-06-19 13:06:55,242 - __main__ - WARNING - - High correlation between pressure_drop_ratio and rate_of_change_mean: -1.00
2025-06-19 13:06:55,242 - __main__ - WARNING - - High correlation between pressure_change and pressure_range: -0.95
2025-06-19 13:06:55,242 - __main__ - WARNING - - High correlation between pressure_change and rate_of_change_mean: 1.00
2025-06-19 13:06:55,242 - __main__ - WARNING - - High correlation between mean_pressure and min_pressure: 1.00
2025-06-19 13:06:55,243 - __main__ - WARNING - - High correlation between mean_pressure and max_pressure: 1.00
2025-06-19 13:06:55,243 - __main__ - WARNING - - High correlation between mean_pressure and long_term_mean: 1.00
2025-06-19 13:06:55,243 - __main__ - WARNING - - High correlation between std_pressure and pressure_range: 0.96
2025-06-19 13:06:55,244 - __main__ - WARNING - - High correlation between std_pressure and rate_of_change_std: 0.95
2025-06-19 13:06:55,244 - __main__ - WARNING - - High correlation between std_pressure and rate_of_change_max: 0.95
2025-06-19 13:06:55,244 - __main__ - WARNING - - High correlation between min_pressure and max_pressure: 1.00
2025-06-19 13:06:55,244 - __main__ - WARNING - - High correlation between min_pressure and long_term_mean: 1.00
2025-06-19 13:06:55,245 - __main__ - WARNING - - High correlation between max_pressure and long_term_mean: 1.00
2025-06-19 13:06:55,245 - __main__ - WARNING - - High correlation between pressure_range and rate_of_change_std: 0.95
2025-06-19 13:06:55,245 - __main__ - WARNING - - High correlation between pressure_range and rate_of_change_max: 0.95
2025-06-19 13:06:55,245 - __main__ - WARNING - - High correlation between rate_of_change_std and rate_of_change_max: 0.99
2025-06-19 13:06:55,245 - __main__ - INFO - Splitting processed data into train/val for model training...
2025-06-19 13:06:55,246 - __main__ - INFO - Processed train set: 1551 samples
2025-06-19 13:06:55,246 - __main__ - INFO - Processed validation set: 517 samples
2025-06-19 13:06:55,247 - __main__ - INFO - Training Random Forest classifier...
2025-06-19 13:06:55,628 - __main__ - INFO - Random Forest training completed.
2025-06-19 13:06:55,629 - __main__ - INFO - Generating evaluation plots...
2025-06-19 13:07:02,967 - __main__ - INFO - Processing test set with sliding windows for realistic evaluation...
2025-06-19 13:07:02,967 - __main__ - INFO - Processing 717985 test windows with step size 100
2025-06-19 13:11:41,957 - __main__ - INFO - ==================================================
2025-06-19 13:11:41,958 - __main__ - INFO - REALISTIC TEST SET ANALYSIS
2025-06-19 13:11:41,958 - __main__ - INFO - ==================================================
2025-06-19 13:11:41,958 - __main__ - INFO - Total test windows: 7180
2025-06-19 13:11:41,958 - __main__ - INFO - Test windows with positive labels: 64
2025-06-19 13:11:41,959 - __main__ - INFO - Test windows with negative labels: 7116
2025-06-19 13:11:41,959 - __main__ - INFO - Positive ratio in test set: 0.0089 (0.89%)
2025-06-19 13:11:41,959 - __main__ - INFO - Negative ratio in test set: 0.9911 (99.11%)
2025-06-19 13:11:41,959 - __main__ - INFO - ==================================================
2025-06-19 13:11:41,960 - __main__ - INFO - Evaluating on realistic test set (raw time series data)...
2025-06-19 13:11:53,326 - __main__ - INFO - ==================================================
2025-06-19 13:11:53,327 - __main__ - INFO - REALISTIC TEST SET RESULTS (Raw Time Series Data)
2025-06-19 13:11:53,327 - __main__ - INFO - ==================================================
2025-06-19 13:11:53,327 - __main__ - INFO - Test Accuracy: 0.013
2025-06-19 13:11:53,328 - __main__ - INFO - Test F1 Score: 0.017
2025-06-19 13:11:53,328 - __main__ - INFO - Test Precision: 0.009
2025-06-19 13:11:53,328 - __main__ - INFO - Test Recall: 0.984
2025-06-19 13:11:53,328 - __main__ - INFO - Best Threshold: 0.3800
2025-06-19 13:11:53,328 - __main__ - INFO - ==================================================
2025-06-19 13:11:53,341 - __main__ - INFO - Realistic test set predictions saved to realistic_test_predictions.csv
2025-06-19 13:11:53,341 - __main__ - INFO - Performing feature selection...
2025-06-19 13:11:53,341 - __main__ - INFO - Selected 16 features with importance >= 0.01
2025-06-19 13:11:53,342 - __main__ - INFO - Selected 8 features after removing highly correlated ones
2025-06-19 13:11:53,596 - __main__ - INFO - Retrained model with reduced feature set.
2025-06-19 13:11:53,596 - __main__ - INFO - Evaluating reduced feature model on realistic test set...
2025-06-19 13:12:35,518 - __main__ - INFO - ==================================================
2025-06-19 13:12:35,518 - __main__ - INFO - REDUCED MODEL - REALISTIC TEST RESULTS
2025-06-19 13:12:35,518 - __main__ - INFO - ==================================================
2025-06-19 13:12:35,519 - __main__ - INFO - Reduced Test Accuracy: 0.024
2025-06-19 13:12:35,519 - __main__ - INFO - Reduced Test F1 Score: 0.017
2025-06-19 13:12:35,519 - __main__ - INFO - Reduced Test Precision: 0.009
2025-06-19 13:12:35,519 - __main__ - INFO - Reduced Test Recall: 0.953
2025-06-19 13:12:35,519 - __main__ - INFO - Reduced Best Threshold: 0.4202
2025-06-19 13:12:35,520 - __main__ - INFO - ==================================================
2025-06-19 13:12:35,530 - __main__ - INFO - Reduced realistic test set predictions saved to reduced_realistic_test_predictions.csv
2025-06-19 13:34:25,629 - __main__ - INFO - Reading vortex SCLK data...
2025-06-19 13:34:25,633 - __main__ - INFO - Successfully read 309 SCLK values from ../data/Jackson_vortex_detections_reformatted_augmented.csv
2025-06-19 13:34:25,633 - __main__ - INFO - Successfully read 309 SCLK values
2025-06-19 13:34:25,633 - __main__ - INFO - Reading ML data...
2025-06-19 13:34:27,769 - __main__ - INFO - Successfully loaded ML data from ../data/ml_ready_vortex_data.csv
2025-06-19 13:34:27,769 - __main__ - INFO - Successfully loaded ML data with 3590168 rows
2025-06-19 13:34:27,769 - __main__ - INFO - Validating data quality...
2025-06-19 13:34:28,159 - __main__ - WARNING - Data quality issues detected:
2025-06-19 13:34:28,159 - __main__ - WARNING - - Missing values found: {'gt_vortex_ind': 3577695}
2025-06-19 13:34:28,159 - __main__ - WARNING - - Severe class imbalance detected: 0.51% positive samples
2025-06-19 13:34:28,159 - __main__ - INFO - Splitting raw data chronologically before processing...
2025-06-19 13:34:28,160 - __main__ - INFO - Raw train set: 2154100 rows
2025-06-19 13:34:28,160 - __main__ - INFO - Raw validation set: 718034 rows
2025-06-19 13:34:28,160 - __main__ - INFO - Raw test set: 718034 rows
2025-06-19 13:34:28,161 - __main__ - INFO - ==================================================
2025-06-19 13:34:28,161 - __main__ - INFO - RAW TEST SET DISTRIBUTION (Before Processing)
2025-06-19 13:34:28,161 - __main__ - INFO - ==================================================
2025-06-19 13:34:28,161 - __main__ - INFO - Test set rows: 718034
2025-06-19 13:34:28,161 - __main__ - INFO - Positive samples: 3318 (0.46%)
2025-06-19 13:34:28,162 - __main__ - INFO - Negative samples: 714716 (99.54%)
2025-06-19 13:34:28,162 - __main__ - INFO - ==================================================
2025-06-19 13:34:28,162 - __main__ - INFO - Processing training data around vortex events...
2025-06-19 13:34:28,165 - __main__ - INFO - Processing vortex SCLK 668288145 found at ml index: 16563
2025-06-19 13:34:28,172 - __main__ - INFO - Processing vortex SCLK 668288356 found at ml index: 16774
2025-06-19 13:34:28,180 - __main__ - INFO - Processing vortex SCLK 668363851 found at ml index: 58206
2025-06-19 13:34:28,187 - __main__ - INFO - Processing vortex SCLK 668370696 found at ml index: 61613
2025-06-19 13:34:28,194 - __main__ - INFO - Processing vortex SCLK 668373458 found at ml index: 64372
2025-06-19 13:34:28,201 - __main__ - INFO - Processing vortex SCLK 668450709 found at ml index: 109929
2025-06-19 13:34:28,208 - __main__ - INFO - Processing vortex SCLK 668451679 found at ml index: 110896
2025-06-19 13:34:28,215 - __main__ - INFO - Processing vortex SCLK 668465594 found at ml index: 113943
2025-06-19 13:34:28,222 - __main__ - INFO - Processing vortex SCLK 668471362 found at ml index: 116280
2025-06-19 13:34:28,240 - __main__ - INFO - Processing vortex SCLK 668534767 found at ml index: 149951
2025-06-19 13:34:28,255 - __main__ - INFO - Processing vortex SCLK 668540964 found at ml index: 156148
2025-06-19 13:34:28,263 - __main__ - INFO - Processing vortex SCLK 668541515 found at ml index: 156699
2025-06-19 13:34:28,271 - __main__ - INFO - Processing vortex SCLK 668542064 found at ml index: 157248
2025-06-19 13:34:28,279 - __main__ - INFO - Processing vortex SCLK 668542340 found at ml index: 157524
2025-06-19 13:34:28,290 - __main__ - INFO - Processing vortex SCLK 668551101 found at ml index: 162084
2025-06-19 13:34:28,298 - __main__ - INFO - Processing vortex SCLK 668555682 found at ml index: 163446
2025-06-19 13:34:28,305 - __main__ - INFO - Processing vortex SCLK 668556124 found at ml index: 163888
2025-06-19 13:34:28,313 - __main__ - INFO - Processing vortex SCLK 668557517 found at ml index: 165281
2025-06-19 13:34:28,319 - __main__ - INFO - Processing vortex SCLK 668716847 found at ml index: 186189
2025-06-19 13:34:28,326 - __main__ - INFO - Processing vortex SCLK 668723694 found at ml index: 189570
2025-06-19 13:34:28,333 - __main__ - INFO - Processing vortex SCLK 668801790 found at ml index: 232821
2025-06-19 13:34:28,340 - __main__ - INFO - Processing vortex SCLK 668808927 found at ml index: 236462
2025-06-19 13:34:28,347 - __main__ - INFO - Processing vortex SCLK 668810541 found at ml index: 238076
2025-06-19 13:34:28,354 - __main__ - INFO - Processing vortex SCLK 668811652 found at ml index: 239187
2025-06-19 13:34:28,361 - __main__ - INFO - Processing vortex SCLK 668816129 found at ml index: 243664
2025-06-19 13:34:28,370 - __main__ - INFO - Processing vortex SCLK 669426485 found at ml index: 263130
2025-06-19 13:34:28,379 - __main__ - INFO - Processing vortex SCLK 669427340 found at ml index: 263985
2025-06-19 13:34:28,387 - __main__ - INFO - Processing vortex SCLK 669434405 found at ml index: 267663
2025-06-19 13:34:28,395 - __main__ - INFO - Processing vortex SCLK 669434703 found at ml index: 267961
2025-06-19 13:34:28,402 - __main__ - INFO - Processing vortex SCLK 669518763 found at ml index: 314172
2025-06-19 13:34:28,410 - __main__ - INFO - Processing vortex SCLK 669519478 found at ml index: 314887
2025-06-19 13:34:28,417 - __main__ - INFO - Processing vortex SCLK 669531860 found at ml index: 320377
2025-06-19 13:34:28,425 - __main__ - INFO - Processing vortex SCLK 669626803 found at ml index: 374269
2025-06-19 13:34:28,433 - __main__ - INFO - Processing vortex SCLK 669688619 found at ml index: 407952
2025-06-19 13:34:28,440 - __main__ - INFO - Processing vortex SCLK 669690018 found at ml index: 409351
2025-06-19 13:34:28,447 - __main__ - INFO - Processing vortex SCLK 669690620 found at ml index: 409953
2025-06-19 13:34:28,456 - __main__ - INFO - Processing vortex SCLK 669704197 found at ml index: 416696
2025-06-19 13:34:28,464 - __main__ - INFO - Processing vortex SCLK 669779409 found at ml index: 457637
2025-06-19 13:34:28,472 - __main__ - INFO - Processing vortex SCLK 669780445 found at ml index: 458673
2025-06-19 13:34:28,480 - __main__ - INFO - Processing vortex SCLK 669787866 found at ml index: 466094
2025-06-19 13:34:28,487 - __main__ - INFO - Processing vortex SCLK 669787881 found at ml index: 466109
2025-06-19 13:34:28,494 - __main__ - INFO - Processing vortex SCLK 669870405 found at ml index: 512761
2025-06-19 13:34:28,501 - __main__ - INFO - Processing vortex SCLK 669873580 found at ml index: 515936
2025-06-19 13:34:28,508 - __main__ - INFO - Processing vortex SCLK 669882031 found at ml index: 522188
2025-06-19 13:34:28,516 - __main__ - INFO - Processing vortex SCLK 669886865 found at ml index: 524448
2025-06-19 13:34:28,522 - __main__ - INFO - Processing vortex SCLK 669958088 found at ml index: 564661
2025-06-19 13:34:28,530 - __main__ - INFO - Processing vortex SCLK 669959376 found at ml index: 565949
2025-06-19 13:34:28,537 - __main__ - INFO - Processing vortex SCLK 669959712 found at ml index: 566285
2025-06-19 13:34:28,544 - __main__ - INFO - Processing vortex SCLK 669960008 found at ml index: 566581
2025-06-19 13:34:28,552 - __main__ - INFO - Processing vortex SCLK 669960347 found at ml index: 566920
2025-06-19 13:34:28,560 - __main__ - INFO - Processing vortex SCLK 669962940 found at ml index: 569513
2025-06-19 13:34:28,567 - __main__ - INFO - Processing vortex SCLK 669964312 found at ml index: 570885
2025-06-19 13:34:28,575 - __main__ - INFO - Processing vortex SCLK 669965150 found at ml index: 571723
2025-06-19 13:34:28,581 - __main__ - INFO - Processing vortex SCLK 669971696 found at ml index: 575571
2025-06-19 13:34:28,589 - __main__ - INFO - Processing vortex SCLK 670046942 found at ml index: 618056
2025-06-19 13:34:28,597 - __main__ - INFO - Processing vortex SCLK 670047546 found at ml index: 618660
2025-06-19 13:34:28,605 - __main__ - INFO - Processing vortex SCLK 670055611 found at ml index: 626725
2025-06-19 13:34:28,611 - __main__ - INFO - Processing vortex SCLK 670129653 found at ml index: 676671
2025-06-19 13:34:28,618 - __main__ - INFO - Processing vortex SCLK 670136668 found at ml index: 680243
2025-06-19 13:34:28,627 - __main__ - INFO - Processing vortex SCLK 670138695 found at ml index: 682270
2025-06-19 13:34:28,634 - __main__ - INFO - Processing vortex SCLK 670225439 found at ml index: 735507
2025-06-19 13:34:28,640 - __main__ - INFO - Processing vortex SCLK 670232335 found at ml index: 739271
2025-06-19 13:34:28,648 - __main__ - INFO - Processing vortex SCLK 670232986 found at ml index: 739922
2025-06-19 13:34:28,655 - __main__ - INFO - Processing vortex SCLK 670233871 found at ml index: 740807
2025-06-19 13:34:28,661 - __main__ - INFO - Processing vortex SCLK 670313772 found at ml index: 794758
2025-06-19 13:34:28,668 - __main__ - INFO - Processing vortex SCLK 670315385 found at ml index: 796371
2025-06-19 13:34:28,675 - __main__ - INFO - Processing vortex SCLK 670317790 found at ml index: 798776
2025-06-19 13:34:28,681 - __main__ - INFO - Processing vortex SCLK 670321691 found at ml index: 802677
2025-06-19 13:34:28,688 - __main__ - INFO - Processing vortex SCLK 670325686 found at ml index: 804517
2025-06-19 13:34:28,696 - __main__ - INFO - Processing vortex SCLK 670329256 found at ml index: 808087
2025-06-19 13:34:28,702 - __main__ - INFO - Processing vortex SCLK 670398725 found at ml index: 848668
2025-06-19 13:34:28,710 - __main__ - INFO - Processing vortex SCLK 670402854 found at ml index: 852797
2025-06-19 13:34:28,717 - __main__ - INFO - Processing vortex SCLK 670403870 found at ml index: 853813
2025-06-19 13:34:28,723 - __main__ - INFO - Processing vortex SCLK 670409834 found at ml index: 857575
2025-06-19 13:34:28,730 - __main__ - INFO - Processing vortex SCLK 670412275 found at ml index: 860016
2025-06-19 13:34:28,737 - __main__ - INFO - Processing vortex SCLK 670412326 found at ml index: 860067
2025-06-19 13:34:28,743 - __main__ - INFO - Processing vortex SCLK 670578458 found at ml index: 934664
2025-06-19 13:34:28,752 - __main__ - INFO - Processing vortex SCLK 670580613 found at ml index: 936819
2025-06-19 13:34:28,759 - __main__ - INFO - Processing vortex SCLK 670584569 found at ml index: 940775
2025-06-19 13:34:28,766 - __main__ - INFO - Processing vortex SCLK 670584657 found at ml index: 940863
2025-06-19 13:34:28,775 - __main__ - INFO - Processing vortex SCLK 670587674 found at ml index: 943880
2025-06-19 13:34:28,782 - __main__ - INFO - Processing vortex SCLK 670594461 found at ml index: 947971
2025-06-19 13:34:28,788 - __main__ - INFO - Processing vortex SCLK 670841835 found at ml index: 1065790
2025-06-19 13:34:28,796 - __main__ - INFO - Processing vortex SCLK 670842459 found at ml index: 1066414
2025-06-19 13:34:28,803 - __main__ - INFO - Processing vortex SCLK 670849047 found at ml index: 1073002
2025-06-19 13:34:28,810 - __main__ - INFO - Processing vortex SCLK 670852738 found at ml index: 1076693
2025-06-19 13:34:28,817 - __main__ - INFO - Processing vortex SCLK 670856365 found at ml index: 1077977
2025-06-19 13:34:28,824 - __main__ - INFO - Processing vortex SCLK 670859755 found at ml index: 1081367
2025-06-19 13:34:28,831 - __main__ - INFO - Processing vortex SCLK 670870370 found at ml index: 1088579
2025-06-19 13:34:28,838 - __main__ - INFO - Processing vortex SCLK 670929808 found at ml index: 1120753
2025-06-19 13:34:28,845 - __main__ - INFO - Processing vortex SCLK 670930554 found at ml index: 1121499
2025-06-19 13:34:28,852 - __main__ - INFO - Processing vortex SCLK 670933108 found at ml index: 1124053
2025-06-19 13:34:28,859 - __main__ - INFO - Processing vortex SCLK 670934582 found at ml index: 1125527
2025-06-19 13:34:28,866 - __main__ - INFO - Processing vortex SCLK 670938327 found at ml index: 1129272
2025-06-19 13:34:28,874 - __main__ - INFO - Processing vortex SCLK 670938389 found at ml index: 1129334
2025-06-19 13:34:28,881 - __main__ - INFO - Processing vortex SCLK 670940703 found at ml index: 1131648
2025-06-19 13:34:28,888 - __main__ - INFO - Processing vortex SCLK 670945386 found at ml index: 1136331
2025-06-19 13:34:28,896 - __main__ - INFO - Processing vortex SCLK 670961352 found at ml index: 1146283
2025-06-19 13:34:28,903 - __main__ - INFO - Processing vortex SCLK 671024106 found at ml index: 1181789
2025-06-19 13:34:28,909 - __main__ - INFO - Processing vortex SCLK 671027864 found at ml index: 1185547
2025-06-19 13:34:28,916 - __main__ - INFO - Processing vortex SCLK 671027972 found at ml index: 1185655
2025-06-19 13:34:28,923 - __main__ - INFO - Processing vortex SCLK 671033906 found at ml index: 1191589
2025-06-19 13:34:28,929 - __main__ - INFO - Processing vortex SCLK 671039200 found at ml index: 1194533
2025-06-19 13:34:28,937 - __main__ - INFO - Processing vortex SCLK 671109364 found at ml index: 1233979
2025-06-19 13:34:28,945 - __main__ - INFO - Processing vortex SCLK 671113914 found at ml index: 1238529
2025-06-19 13:34:28,953 - __main__ - INFO - Processing vortex SCLK 671114679 found at ml index: 1239294
2025-06-19 13:34:28,959 - __main__ - INFO - Processing vortex SCLK 671115255 found at ml index: 1239870
2025-06-19 13:34:28,966 - __main__ - INFO - Processing vortex SCLK 671115289 found at ml index: 1239904
2025-06-19 13:34:28,974 - __main__ - INFO - Processing vortex SCLK 671120289 found at ml index: 1244904
2025-06-19 13:34:28,980 - __main__ - INFO - Processing vortex SCLK 671126006 found at ml index: 1250026
2025-06-19 13:34:28,987 - __main__ - INFO - Processing vortex SCLK 671126607 found at ml index: 1250627
2025-06-19 13:34:28,995 - __main__ - INFO - Processing vortex SCLK 671127245 found at ml index: 1251265
2025-06-19 13:34:29,002 - __main__ - INFO - Processing vortex SCLK 671139428 found at ml index: 1260040
2025-06-19 13:34:29,010 - __main__ - INFO - Processing vortex SCLK 671204280 found at ml index: 1299428
2025-06-19 13:34:29,017 - __main__ - INFO - Processing vortex SCLK 671213291 found at ml index: 1306235
2025-06-19 13:34:29,023 - __main__ - INFO - Processing vortex SCLK 671214052 found at ml index: 1306996
2025-06-19 13:34:29,030 - __main__ - INFO - Processing vortex SCLK 671224977 found at ml index: 1314440
2025-06-19 13:34:29,037 - __main__ - INFO - Processing vortex SCLK 671291649 found at ml index: 1353739
2025-06-19 13:34:29,043 - __main__ - INFO - Processing vortex SCLK 671294608 found at ml index: 1356698
2025-06-19 13:34:29,050 - __main__ - INFO - Processing vortex SCLK 671302478 found at ml index: 1361737
2025-06-19 13:34:29,057 - __main__ - INFO - Processing vortex SCLK 671302909 found at ml index: 1362168
2025-06-19 13:34:29,063 - __main__ - INFO - Processing vortex SCLK 671308300 found at ml index: 1365532
2025-06-19 13:34:29,071 - __main__ - INFO - Processing vortex SCLK 671376036 found at ml index: 1404444
2025-06-19 13:34:29,078 - __main__ - INFO - Processing vortex SCLK 671376059 found at ml index: 1404467
2025-06-19 13:34:29,084 - __main__ - INFO - Processing vortex SCLK 671376348 found at ml index: 1404756
2025-06-19 13:34:29,092 - __main__ - INFO - Processing vortex SCLK 671376844 found at ml index: 1405252
2025-06-19 13:34:29,099 - __main__ - INFO - Processing vortex SCLK 671377912 found at ml index: 1406320
2025-06-19 13:34:29,105 - __main__ - INFO - Processing vortex SCLK 671379183 found at ml index: 1407591
2025-06-19 13:34:29,112 - __main__ - INFO - Processing vortex SCLK 671384112 found at ml index: 1412520
2025-06-19 13:34:29,119 - __main__ - INFO - Processing vortex SCLK 671391076 found at ml index: 1419484
2025-06-19 13:34:29,126 - __main__ - INFO - Processing vortex SCLK 671395245 found at ml index: 1422765
2025-06-19 13:34:29,134 - __main__ - INFO - Processing vortex SCLK 671466934 found at ml index: 1463807
2025-06-19 13:34:29,141 - __main__ - INFO - Processing vortex SCLK 671468200 found at ml index: 1465073
2025-06-19 13:34:29,148 - __main__ - INFO - Processing vortex SCLK 671559311 found at ml index: 1524850
2025-06-19 13:34:29,155 - __main__ - INFO - Processing vortex SCLK 671560213 found at ml index: 1525752
2025-06-19 13:34:29,161 - __main__ - INFO - Processing vortex SCLK 671561065 found at ml index: 1526604
2025-06-19 13:34:29,168 - __main__ - INFO - Processing vortex SCLK 671563881 found at ml index: 1529420
2025-06-19 13:34:29,175 - __main__ - INFO - Processing vortex SCLK 671570327 found at ml index: 1532373
2025-06-19 13:34:29,182 - __main__ - INFO - Processing vortex SCLK 671641441 found at ml index: 1572853
2025-06-19 13:34:29,188 - __main__ - INFO - Processing vortex SCLK 671644549 found at ml index: 1575961
2025-06-19 13:34:29,196 - __main__ - INFO - Processing vortex SCLK 671645443 found at ml index: 1576855
2025-06-19 13:34:29,203 - __main__ - INFO - Processing vortex SCLK 671648210 found at ml index: 1579622
2025-06-19 13:34:29,209 - __main__ - INFO - Processing vortex SCLK 671656101 found at ml index: 1585256
2025-06-19 13:34:29,216 - __main__ - INFO - Processing vortex SCLK 671731643 found at ml index: 1630294
2025-06-19 13:34:29,223 - __main__ - INFO - Processing vortex SCLK 671740824 found at ml index: 1639475
2025-06-19 13:34:29,230 - __main__ - INFO - Processing vortex SCLK 671746873 found at ml index: 1643237
2025-06-19 13:34:29,237 - __main__ - INFO - Processing vortex SCLK 671823162 found at ml index: 1688879
2025-06-19 13:34:29,244 - __main__ - INFO - Processing vortex SCLK 671823654 found at ml index: 1689371
2025-06-19 13:34:29,251 - __main__ - INFO - Processing vortex SCLK 671823993 found at ml index: 1689710
2025-06-19 13:34:29,258 - __main__ - INFO - Processing vortex SCLK 671824646 found at ml index: 1690363
2025-06-19 13:34:29,264 - __main__ - INFO - Processing vortex SCLK 671825542 found at ml index: 1691259
2025-06-19 13:34:29,272 - __main__ - INFO - Processing vortex SCLK 671831605 found at ml index: 1697322
2025-06-19 13:34:29,279 - __main__ - INFO - Processing vortex SCLK 671834757 found at ml index: 1700474
2025-06-19 13:34:29,286 - __main__ - INFO - Processing vortex SCLK 671904824 found at ml index: 1740981
2025-06-19 13:34:29,294 - __main__ - INFO - Processing vortex SCLK 671909321 found at ml index: 1743885
2025-06-19 13:34:29,300 - __main__ - INFO - Processing vortex SCLK 671911350 found at ml index: 1745914
2025-06-19 13:34:29,307 - __main__ - INFO - Processing vortex SCLK 671913231 found at ml index: 1747795
2025-06-19 13:34:29,315 - __main__ - INFO - Processing vortex SCLK 671915681 found at ml index: 1750245
2025-06-19 13:34:29,321 - __main__ - INFO - Processing vortex SCLK 671916470 found at ml index: 1751034
2025-06-19 13:34:29,328 - __main__ - INFO - Processing vortex SCLK 671920779 found at ml index: 1755343
2025-06-19 13:34:29,335 - __main__ - INFO - Processing vortex SCLK 671921784 found at ml index: 1756348
2025-06-19 13:34:29,341 - __main__ - INFO - Processing vortex SCLK 671995990 found at ml index: 1801016
2025-06-19 13:34:29,348 - __main__ - INFO - Processing vortex SCLK 672002175 found at ml index: 1807201
2025-06-19 13:34:29,356 - __main__ - INFO - Processing vortex SCLK 672002362 found at ml index: 1807388
2025-06-19 13:34:29,362 - __main__ - INFO - Processing vortex SCLK 672104482 found at ml index: 1874652
2025-06-19 13:34:29,369 - __main__ - INFO - Processing vortex SCLK 672178090 found at ml index: 1921075
2025-06-19 13:34:29,378 - __main__ - INFO - Processing vortex SCLK 672180689 found at ml index: 1923674
2025-06-19 13:34:29,384 - __main__ - INFO - Processing vortex SCLK 672181444 found at ml index: 1924429
2025-06-19 13:34:29,390 - __main__ - INFO - Processing vortex SCLK 672182115 found at ml index: 1925100
2025-06-19 13:34:29,397 - __main__ - INFO - Processing vortex SCLK 672183596 found at ml index: 1926581
2025-06-19 13:34:29,403 - __main__ - INFO - Processing vortex SCLK 672185170 found at ml index: 1928155
2025-06-19 13:34:29,411 - __main__ - INFO - Processing vortex SCLK 672190662 found at ml index: 1931494
2025-06-19 13:34:29,419 - __main__ - INFO - Processing vortex SCLK 672267244 found at ml index: 1979457
2025-06-19 13:34:29,427 - __main__ - INFO - Processing vortex SCLK 672269283 found at ml index: 1981496
2025-06-19 13:34:29,434 - __main__ - INFO - Processing vortex SCLK 672269792 found at ml index: 1982005
2025-06-19 13:34:29,441 - __main__ - INFO - Processing vortex SCLK 672350659 found at ml index: 2035489
2025-06-19 13:34:29,448 - __main__ - INFO - Processing vortex SCLK 672352068 found at ml index: 2036898
2025-06-19 13:34:29,455 - __main__ - INFO - Processing vortex SCLK 672355502 found at ml index: 2040332
2025-06-19 13:34:29,462 - __main__ - INFO - Processing vortex SCLK 672357238 found at ml index: 2042068
2025-06-19 13:34:29,468 - __main__ - INFO - Processing vortex SCLK 672359382 found at ml index: 2044212
2025-06-19 13:34:29,475 - __main__ - INFO - Processing vortex SCLK 672362559 found at ml index: 2047389
2025-06-19 13:34:29,482 - __main__ - INFO - Processing vortex SCLK 672365510 found at ml index: 2050340
2025-06-19 13:34:29,489 - __main__ - INFO - Processing vortex SCLK 672365820 found at ml index: 2050650
2025-06-19 13:34:29,496 - __main__ - INFO - Processing vortex SCLK 672445220 found at ml index: 2096997
2025-06-19 13:34:29,503 - __main__ - INFO - Processing vortex SCLK 672445462 found at ml index: 2097239
2025-06-19 13:34:29,509 - __main__ - INFO - Processing vortex SCLK 672446338 found at ml index: 2098115
2025-06-19 13:34:29,516 - __main__ - INFO - Processing vortex SCLK 672528720 found at ml index: 2150565
2025-06-19 13:34:29,523 - __main__ - INFO - Processing vortex SCLK 672531916 found at ml index: 2153761
2025-06-19 13:34:29,529 - __main__ - WARNING - SCLK value 672538692 not found in ml data; skipping.
2025-06-19 13:34:29,533 - __main__ - WARNING - SCLK value 672546578 not found in ml data; skipping.
2025-06-19 13:34:29,535 - __main__ - WARNING - SCLK value 672548966 not found in ml data; skipping.
2025-06-19 13:34:29,537 - __main__ - WARNING - SCLK value 672621236 not found in ml data; skipping.
2025-06-19 13:34:29,539 - __main__ - WARNING - SCLK value 672622288 not found in ml data; skipping.
2025-06-19 13:34:29,541 - __main__ - WARNING - SCLK value 672624313 not found in ml data; skipping.
2025-06-19 13:34:29,543 - __main__ - WARNING - SCLK value 672624475 not found in ml data; skipping.
2025-06-19 13:34:29,546 - __main__ - WARNING - SCLK value 672626109 not found in ml data; skipping.
2025-06-19 13:34:29,548 - __main__ - WARNING - SCLK value 672626122 not found in ml data; skipping.
2025-06-19 13:34:29,550 - __main__ - WARNING - SCLK value 672706787 not found in ml data; skipping.
2025-06-19 13:34:29,552 - __main__ - WARNING - SCLK value 672709027 not found in ml data; skipping.
2025-06-19 13:34:29,554 - __main__ - WARNING - SCLK value 672711149 not found in ml data; skipping.
2025-06-19 13:34:29,556 - __main__ - WARNING - SCLK value 672711621 not found in ml data; skipping.
2025-06-19 13:34:29,558 - __main__ - WARNING - SCLK value 672713266 not found in ml data; skipping.
2025-06-19 13:34:29,561 - __main__ - WARNING - SCLK value 672713337 not found in ml data; skipping.
2025-06-19 13:34:29,563 - __main__ - WARNING - SCLK value 672715961 not found in ml data; skipping.
2025-06-19 13:34:29,565 - __main__ - WARNING - SCLK value 672718373 not found in ml data; skipping.
2025-06-19 13:34:29,567 - __main__ - WARNING - SCLK value 672719375 not found in ml data; skipping.
2025-06-19 13:34:29,570 - __main__ - WARNING - SCLK value 672721953 not found in ml data; skipping.
2025-06-19 13:34:29,571 - __main__ - WARNING - SCLK value 672801263 not found in ml data; skipping.
2025-06-19 13:34:29,574 - __main__ - WARNING - SCLK value 672801630 not found in ml data; skipping.
2025-06-19 13:34:29,576 - __main__ - WARNING - SCLK value 672804797 not found in ml data; skipping.
2025-06-19 13:34:29,578 - __main__ - WARNING - SCLK value 672884603 not found in ml data; skipping.
2025-06-19 13:34:29,580 - __main__ - WARNING - SCLK value 672884933 not found in ml data; skipping.
2025-06-19 13:34:29,582 - __main__ - WARNING - SCLK value 672885216 not found in ml data; skipping.
2025-06-19 13:34:29,584 - __main__ - WARNING - SCLK value 672889286 not found in ml data; skipping.
2025-06-19 13:34:29,586 - __main__ - WARNING - SCLK value 672890283 not found in ml data; skipping.
2025-06-19 13:34:29,588 - __main__ - WARNING - SCLK value 672894510 not found in ml data; skipping.
2025-06-19 13:34:29,591 - __main__ - WARNING - SCLK value 672964384 not found in ml data; skipping.
2025-06-19 13:34:29,593 - __main__ - WARNING - SCLK value 672973742 not found in ml data; skipping.
2025-06-19 13:34:29,595 - __main__ - WARNING - SCLK value 672976272 not found in ml data; skipping.
2025-06-19 13:34:29,596 - __main__ - WARNING - SCLK value 672979607 not found in ml data; skipping.
2025-06-19 13:34:29,599 - __main__ - WARNING - SCLK value 672983982 not found in ml data; skipping.
2025-06-19 13:34:29,601 - __main__ - WARNING - SCLK value 672984068 not found in ml data; skipping.
2025-06-19 13:34:29,603 - __main__ - WARNING - SCLK value 672984973 not found in ml data; skipping.
2025-06-19 13:34:29,605 - __main__ - WARNING - SCLK value 672985340 not found in ml data; skipping.
2025-06-19 13:34:29,607 - __main__ - WARNING - SCLK value 673068974 not found in ml data; skipping.
2025-06-19 13:34:29,610 - __main__ - WARNING - SCLK value 673072073 not found in ml data; skipping.
2025-06-19 13:34:29,612 - __main__ - WARNING - SCLK value 673076429 not found in ml data; skipping.
2025-06-19 13:34:29,614 - __main__ - WARNING - SCLK value 673078972 not found in ml data; skipping.
2025-06-19 13:34:29,616 - __main__ - WARNING - SCLK value 673147721 not found in ml data; skipping.
2025-06-19 13:34:29,619 - __main__ - WARNING - SCLK value 673240962 not found in ml data; skipping.
2025-06-19 13:34:29,620 - __main__ - WARNING - SCLK value 673242020 not found in ml data; skipping.
2025-06-19 13:34:29,622 - __main__ - WARNING - SCLK value 673243964 not found in ml data; skipping.
2025-06-19 13:34:29,625 - __main__ - WARNING - SCLK value 673245884 not found in ml data; skipping.
2025-06-19 13:34:29,627 - __main__ - WARNING - SCLK value 673251635 not found in ml data; skipping.
2025-06-19 13:34:29,628 - __main__ - WARNING - SCLK value 673254242 not found in ml data; skipping.
2025-06-19 13:34:29,632 - __main__ - WARNING - SCLK value 673328658 not found in ml data; skipping.
2025-06-19 13:34:29,634 - __main__ - WARNING - SCLK value 673329003 not found in ml data; skipping.
2025-06-19 13:34:29,636 - __main__ - WARNING - SCLK value 673332835 not found in ml data; skipping.
2025-06-19 13:34:29,639 - __main__ - WARNING - SCLK value 673332863 not found in ml data; skipping.
2025-06-19 13:34:29,640 - __main__ - WARNING - SCLK value 673334070 not found in ml data; skipping.
2025-06-19 13:34:29,643 - __main__ - WARNING - SCLK value 673334708 not found in ml data; skipping.
2025-06-19 13:34:29,645 - __main__ - WARNING - SCLK value 673338788 not found in ml data; skipping.
2025-06-19 13:34:29,647 - __main__ - WARNING - SCLK value 673340481 not found in ml data; skipping.
2025-06-19 13:34:29,650 - __main__ - WARNING - SCLK value 673344227 not found in ml data; skipping.
2025-06-19 13:34:29,652 - __main__ - WARNING - SCLK value 673424713 not found in ml data; skipping.
2025-06-19 13:34:29,654 - __main__ - WARNING - SCLK value 673429348 not found in ml data; skipping.
2025-06-19 13:34:29,657 - __main__ - WARNING - SCLK value 673500853 not found in ml data; skipping.
2025-06-19 13:34:29,659 - __main__ - WARNING - SCLK value 673512599 not found in ml data; skipping.
2025-06-19 13:34:29,660 - __main__ - WARNING - SCLK value 673513373 not found in ml data; skipping.
2025-06-19 13:34:29,662 - __main__ - WARNING - SCLK value 673514725 not found in ml data; skipping.
2025-06-19 13:34:29,665 - __main__ - WARNING - SCLK value 673594180 not found in ml data; skipping.
2025-06-19 13:34:29,667 - __main__ - WARNING - SCLK value 673597335 not found in ml data; skipping.
2025-06-19 13:34:29,668 - __main__ - WARNING - SCLK value 673598754 not found in ml data; skipping.
2025-06-19 13:34:29,671 - __main__ - WARNING - SCLK value 673606937 not found in ml data; skipping.
2025-06-19 13:34:29,673 - __main__ - WARNING - SCLK value 673680243 not found in ml data; skipping.
2025-06-19 13:34:29,676 - __main__ - WARNING - SCLK value 673681579 not found in ml data; skipping.
2025-06-19 13:34:29,678 - __main__ - WARNING - SCLK value 673685675 not found in ml data; skipping.
2025-06-19 13:34:29,680 - __main__ - WARNING - SCLK value 673694236 not found in ml data; skipping.
2025-06-19 13:34:29,682 - __main__ - WARNING - SCLK value 673694529 not found in ml data; skipping.
2025-06-19 13:34:29,684 - __main__ - WARNING - SCLK value 673773378 not found in ml data; skipping.
2025-06-19 13:34:29,686 - __main__ - WARNING - SCLK value 673779637 not found in ml data; skipping.
2025-06-19 13:34:29,688 - __main__ - WARNING - SCLK value 673781075 not found in ml data; skipping.
2025-06-19 13:34:29,691 - __main__ - WARNING - SCLK value 673858855 not found in ml data; skipping.
2025-06-19 13:34:29,693 - __main__ - WARNING - SCLK value 673863604 not found in ml data; skipping.
2025-06-19 13:34:29,695 - __main__ - WARNING - SCLK value 673865805 not found in ml data; skipping.
2025-06-19 13:34:29,697 - __main__ - WARNING - SCLK value 673874053 not found in ml data; skipping.
2025-06-19 13:34:29,700 - __main__ - WARNING - SCLK value 673948338 not found in ml data; skipping.
2025-06-19 13:34:29,702 - __main__ - WARNING - SCLK value 673951488 not found in ml data; skipping.
2025-06-19 13:34:29,704 - __main__ - WARNING - SCLK value 673955512 not found in ml data; skipping.
2025-06-19 13:34:29,707 - __main__ - WARNING - SCLK value 673958960 not found in ml data; skipping.
2025-06-19 13:34:29,709 - __main__ - WARNING - SCLK value 674041445 not found in ml data; skipping.
2025-06-19 13:34:29,711 - __main__ - WARNING - SCLK value 674042999 not found in ml data; skipping.
2025-06-19 13:34:29,713 - __main__ - WARNING - SCLK value 674044064 not found in ml data; skipping.
2025-06-19 13:34:29,715 - __main__ - WARNING - SCLK value 674051268 not found in ml data; skipping.
2025-06-19 13:34:29,717 - __main__ - WARNING - SCLK value 674056174 not found in ml data; skipping.
2025-06-19 13:34:29,721 - __main__ - WARNING - SCLK value 674122081 not found in ml data; skipping.
2025-06-19 13:34:29,723 - __main__ - WARNING - SCLK value 674128125 not found in ml data; skipping.
2025-06-19 13:34:29,725 - __main__ - WARNING - SCLK value 674128981 not found in ml data; skipping.
2025-06-19 13:34:29,728 - __main__ - WARNING - SCLK value 674133319 not found in ml data; skipping.
2025-06-19 13:34:29,730 - __main__ - WARNING - SCLK value 674140571 not found in ml data; skipping.
2025-06-19 13:34:29,731 - __main__ - WARNING - SCLK value 674213517 not found in ml data; skipping.
2025-06-19 13:34:29,734 - __main__ - WARNING - SCLK value 674218894 not found in ml data; skipping.
2025-06-19 13:34:29,736 - __main__ - WARNING - SCLK value 674228677 not found in ml data; skipping.
2025-06-19 13:34:29,738 - __main__ - WARNING - SCLK value 674304877 not found in ml data; skipping.
2025-06-19 13:34:29,740 - __main__ - WARNING - SCLK value 674307030 not found in ml data; skipping.
2025-06-19 13:34:29,743 - __main__ - WARNING - SCLK value 674307104 not found in ml data; skipping.
2025-06-19 13:34:29,745 - __main__ - WARNING - SCLK value 674317907 not found in ml data; skipping.
2025-06-19 13:34:29,747 - __main__ - WARNING - SCLK value 674398187 not found in ml data; skipping.
2025-06-19 13:34:29,749 - __main__ - WARNING - SCLK value 674410494 not found in ml data; skipping.
2025-06-19 13:34:29,751 - __main__ - WARNING - SCLK value 674482627 not found in ml data; skipping.
2025-06-19 13:34:29,753 - __main__ - WARNING - SCLK value 674483906 not found in ml data; skipping.
2025-06-19 13:34:29,755 - __main__ - WARNING - SCLK value 674484439 not found in ml data; skipping.
2025-06-19 13:34:29,758 - __main__ - WARNING - SCLK value 674491238 not found in ml data; skipping.
2025-06-19 13:34:29,759 - __main__ - WARNING - SCLK value 674492008 not found in ml data; skipping.
2025-06-19 13:34:29,761 - __main__ - WARNING - SCLK value 674497424 not found in ml data; skipping.
2025-06-19 13:34:29,763 - __main__ - WARNING - SCLK value 674498121 not found in ml data; skipping.
2025-06-19 13:34:29,765 - __main__ - WARNING - SCLK value 674568708 not found in ml data; skipping.
2025-06-19 13:34:29,767 - __main__ - WARNING - SCLK value 674573756 not found in ml data; skipping.
2025-06-19 13:34:29,770 - __main__ - WARNING - SCLK value 674575721 not found in ml data; skipping.
2025-06-19 13:34:29,772 - __main__ - WARNING - SCLK value 674582484 not found in ml data; skipping.
2025-06-19 13:34:29,774 - __main__ - WARNING - SCLK value 674666247 not found in ml data; skipping.
2025-06-19 13:34:29,777 - __main__ - WARNING - SCLK value 674666809 not found in ml data; skipping.
2025-06-19 13:34:29,779 - __main__ - WARNING - SCLK value 674667232 not found in ml data; skipping.
2025-06-19 13:34:29,780 - __main__ - WARNING - SCLK value 674669243 not found in ml data; skipping.
2025-06-19 13:34:29,782 - __main__ - WARNING - SCLK value 674751396 not found in ml data; skipping.
2025-06-19 13:34:29,784 - __main__ - WARNING - SCLK value 674837510 not found in ml data; skipping.
2025-06-19 13:34:29,787 - __main__ - WARNING - SCLK value 674845274 not found in ml data; skipping.
2025-06-19 13:34:29,788 - __main__ - WARNING - SCLK value 674846962 not found in ml data; skipping.
2025-06-19 13:34:29,792 - __main__ - WARNING - SCLK value 674850855 not found in ml data; skipping.
2025-06-19 13:34:29,802 - __main__ - INFO - Processing validation data around vortex events...
2025-06-19 13:34:29,803 - __main__ - WARNING - SCLK value 668288145 not found in ml data; skipping.
2025-06-19 13:34:29,804 - __main__ - WARNING - SCLK value 668288356 not found in ml data; skipping.
2025-06-19 13:34:29,805 - __main__ - WARNING - SCLK value 668363851 not found in ml data; skipping.
2025-06-19 13:34:29,806 - __main__ - WARNING - SCLK value 668370696 not found in ml data; skipping.
2025-06-19 13:34:29,807 - __main__ - WARNING - SCLK value 668373458 not found in ml data; skipping.
2025-06-19 13:34:29,807 - __main__ - WARNING - SCLK value 668450709 not found in ml data; skipping.
2025-06-19 13:34:29,808 - __main__ - WARNING - SCLK value 668451679 not found in ml data; skipping.
2025-06-19 13:34:29,808 - __main__ - WARNING - SCLK value 668465594 not found in ml data; skipping.
2025-06-19 13:34:29,810 - __main__ - WARNING - SCLK value 668471362 not found in ml data; skipping.
2025-06-19 13:34:29,811 - __main__ - WARNING - SCLK value 668534767 not found in ml data; skipping.
2025-06-19 13:34:29,812 - __main__ - WARNING - SCLK value 668540964 not found in ml data; skipping.
2025-06-19 13:34:29,812 - __main__ - WARNING - SCLK value 668541515 not found in ml data; skipping.
2025-06-19 13:34:29,813 - __main__ - WARNING - SCLK value 668542064 not found in ml data; skipping.
2025-06-19 13:34:29,814 - __main__ - WARNING - SCLK value 668542340 not found in ml data; skipping.
2025-06-19 13:34:29,815 - __main__ - WARNING - SCLK value 668551101 not found in ml data; skipping.
2025-06-19 13:34:29,816 - __main__ - WARNING - SCLK value 668555682 not found in ml data; skipping.
2025-06-19 13:34:29,817 - __main__ - WARNING - SCLK value 668556124 not found in ml data; skipping.
2025-06-19 13:34:29,817 - __main__ - WARNING - SCLK value 668557517 not found in ml data; skipping.
2025-06-19 13:34:29,818 - __main__ - WARNING - SCLK value 668716847 not found in ml data; skipping.
2025-06-19 13:34:29,819 - __main__ - WARNING - SCLK value 668723694 not found in ml data; skipping.
2025-06-19 13:34:29,820 - __main__ - WARNING - SCLK value 668801790 not found in ml data; skipping.
2025-06-19 13:34:29,820 - __main__ - WARNING - SCLK value 668808927 not found in ml data; skipping.
2025-06-19 13:34:29,821 - __main__ - WARNING - SCLK value 668810541 not found in ml data; skipping.
2025-06-19 13:34:29,821 - __main__ - WARNING - SCLK value 668811652 not found in ml data; skipping.
2025-06-19 13:34:29,822 - __main__ - WARNING - SCLK value 668816129 not found in ml data; skipping.
2025-06-19 13:34:29,823 - __main__ - WARNING - SCLK value 669426485 not found in ml data; skipping.
2025-06-19 13:34:29,824 - __main__ - WARNING - SCLK value 669427340 not found in ml data; skipping.
2025-06-19 13:34:29,825 - __main__ - WARNING - SCLK value 669434405 not found in ml data; skipping.
2025-06-19 13:34:29,826 - __main__ - WARNING - SCLK value 669434703 not found in ml data; skipping.
2025-06-19 13:34:29,826 - __main__ - WARNING - SCLK value 669518763 not found in ml data; skipping.
2025-06-19 13:34:29,827 - __main__ - WARNING - SCLK value 669519478 not found in ml data; skipping.
2025-06-19 13:34:29,828 - __main__ - WARNING - SCLK value 669531860 not found in ml data; skipping.
2025-06-19 13:34:29,828 - __main__ - WARNING - SCLK value 669626803 not found in ml data; skipping.
2025-06-19 13:34:29,829 - __main__ - WARNING - SCLK value 669688619 not found in ml data; skipping.
2025-06-19 13:34:29,830 - __main__ - WARNING - SCLK value 669690018 not found in ml data; skipping.
2025-06-19 13:34:29,831 - __main__ - WARNING - SCLK value 669690620 not found in ml data; skipping.
2025-06-19 13:34:29,831 - __main__ - WARNING - SCLK value 669704197 not found in ml data; skipping.
2025-06-19 13:34:29,832 - __main__ - WARNING - SCLK value 669779409 not found in ml data; skipping.
2025-06-19 13:34:29,833 - __main__ - WARNING - SCLK value 669780445 not found in ml data; skipping.
2025-06-19 13:34:29,834 - __main__ - WARNING - SCLK value 669787866 not found in ml data; skipping.
2025-06-19 13:34:29,834 - __main__ - WARNING - SCLK value 669787881 not found in ml data; skipping.
2025-06-19 13:34:29,835 - __main__ - WARNING - SCLK value 669870405 not found in ml data; skipping.
2025-06-19 13:34:29,836 - __main__ - WARNING - SCLK value 669873580 not found in ml data; skipping.
2025-06-19 13:34:29,837 - __main__ - WARNING - SCLK value 669882031 not found in ml data; skipping.
2025-06-19 13:34:29,837 - __main__ - WARNING - SCLK value 669886865 not found in ml data; skipping.
2025-06-19 13:34:29,838 - __main__ - WARNING - SCLK value 669958088 not found in ml data; skipping.
2025-06-19 13:34:29,839 - __main__ - WARNING - SCLK value 669959376 not found in ml data; skipping.
2025-06-19 13:34:29,839 - __main__ - WARNING - SCLK value 669959712 not found in ml data; skipping.
2025-06-19 13:34:29,841 - __main__ - WARNING - SCLK value 669960008 not found in ml data; skipping.
2025-06-19 13:34:29,842 - __main__ - WARNING - SCLK value 669960347 not found in ml data; skipping.
2025-06-19 13:34:29,842 - __main__ - WARNING - SCLK value 669962940 not found in ml data; skipping.
2025-06-19 13:34:29,844 - __main__ - WARNING - SCLK value 669964312 not found in ml data; skipping.
2025-06-19 13:34:29,844 - __main__ - WARNING - SCLK value 669965150 not found in ml data; skipping.
2025-06-19 13:34:29,845 - __main__ - WARNING - SCLK value 669971696 not found in ml data; skipping.
2025-06-19 13:34:29,846 - __main__ - WARNING - SCLK value 670046942 not found in ml data; skipping.
2025-06-19 13:34:29,847 - __main__ - WARNING - SCLK value 670047546 not found in ml data; skipping.
2025-06-19 13:34:29,847 - __main__ - WARNING - SCLK value 670055611 not found in ml data; skipping.
2025-06-19 13:34:29,848 - __main__ - WARNING - SCLK value 670129653 not found in ml data; skipping.
2025-06-19 13:34:29,849 - __main__ - WARNING - SCLK value 670136668 not found in ml data; skipping.
2025-06-19 13:34:29,850 - __main__ - WARNING - SCLK value 670138695 not found in ml data; skipping.
2025-06-19 13:34:29,850 - __main__ - WARNING - SCLK value 670225439 not found in ml data; skipping.
2025-06-19 13:34:29,851 - __main__ - WARNING - SCLK value 670232335 not found in ml data; skipping.
2025-06-19 13:34:29,852 - __main__ - WARNING - SCLK value 670232986 not found in ml data; skipping.
2025-06-19 13:34:29,853 - __main__ - WARNING - SCLK value 670233871 not found in ml data; skipping.
2025-06-19 13:34:29,853 - __main__ - WARNING - SCLK value 670313772 not found in ml data; skipping.
2025-06-19 13:34:29,854 - __main__ - WARNING - SCLK value 670315385 not found in ml data; skipping.
2025-06-19 13:34:29,855 - __main__ - WARNING - SCLK value 670317790 not found in ml data; skipping.
2025-06-19 13:34:29,855 - __main__ - WARNING - SCLK value 670321691 not found in ml data; skipping.
2025-06-19 13:34:29,856 - __main__ - WARNING - SCLK value 670325686 not found in ml data; skipping.
2025-06-19 13:34:29,856 - __main__ - WARNING - SCLK value 670329256 not found in ml data; skipping.
2025-06-19 13:34:29,857 - __main__ - WARNING - SCLK value 670398725 not found in ml data; skipping.
2025-06-19 13:34:29,858 - __main__ - WARNING - SCLK value 670402854 not found in ml data; skipping.
2025-06-19 13:34:29,859 - __main__ - WARNING - SCLK value 670403870 not found in ml data; skipping.
2025-06-19 13:34:29,860 - __main__ - WARNING - SCLK value 670409834 not found in ml data; skipping.
2025-06-19 13:34:29,861 - __main__ - WARNING - SCLK value 670412275 not found in ml data; skipping.
2025-06-19 13:34:29,861 - __main__ - WARNING - SCLK value 670412326 not found in ml data; skipping.
2025-06-19 13:34:29,862 - __main__ - WARNING - SCLK value 670578458 not found in ml data; skipping.
2025-06-19 13:34:29,863 - __main__ - WARNING - SCLK value 670580613 not found in ml data; skipping.
2025-06-19 13:34:29,863 - __main__ - WARNING - SCLK value 670584569 not found in ml data; skipping.
2025-06-19 13:34:29,864 - __main__ - WARNING - SCLK value 670584657 not found in ml data; skipping.
2025-06-19 13:34:29,865 - __main__ - WARNING - SCLK value 670587674 not found in ml data; skipping.
2025-06-19 13:34:29,866 - __main__ - WARNING - SCLK value 670594461 not found in ml data; skipping.
2025-06-19 13:34:29,866 - __main__ - WARNING - SCLK value 670841835 not found in ml data; skipping.
2025-06-19 13:34:29,867 - __main__ - WARNING - SCLK value 670842459 not found in ml data; skipping.
2025-06-19 13:34:29,868 - __main__ - WARNING - SCLK value 670849047 not found in ml data; skipping.
2025-06-19 13:34:29,868 - __main__ - WARNING - SCLK value 670852738 not found in ml data; skipping.
2025-06-19 13:34:29,869 - __main__ - WARNING - SCLK value 670856365 not found in ml data; skipping.
2025-06-19 13:34:29,869 - __main__ - WARNING - SCLK value 670859755 not found in ml data; skipping.
2025-06-19 13:34:29,870 - __main__ - WARNING - SCLK value 670870370 not found in ml data; skipping.
2025-06-19 13:34:29,871 - __main__ - WARNING - SCLK value 670929808 not found in ml data; skipping.
2025-06-19 13:34:29,872 - __main__ - WARNING - SCLK value 670930554 not found in ml data; skipping.
2025-06-19 13:34:29,872 - __main__ - WARNING - SCLK value 670933108 not found in ml data; skipping.
2025-06-19 13:34:29,873 - __main__ - WARNING - SCLK value 670934582 not found in ml data; skipping.
2025-06-19 13:34:29,874 - __main__ - WARNING - SCLK value 670938327 not found in ml data; skipping.
2025-06-19 13:34:29,875 - __main__ - WARNING - SCLK value 670938389 not found in ml data; skipping.
2025-06-19 13:34:29,875 - __main__ - WARNING - SCLK value 670940703 not found in ml data; skipping.
2025-06-19 13:34:29,876 - __main__ - WARNING - SCLK value 670945386 not found in ml data; skipping.
2025-06-19 13:34:29,877 - __main__ - WARNING - SCLK value 670961352 not found in ml data; skipping.
2025-06-19 13:34:29,877 - __main__ - WARNING - SCLK value 671024106 not found in ml data; skipping.
2025-06-19 13:34:29,878 - __main__ - WARNING - SCLK value 671027864 not found in ml data; skipping.
2025-06-19 13:34:29,879 - __main__ - WARNING - SCLK value 671027972 not found in ml data; skipping.
2025-06-19 13:34:29,879 - __main__ - WARNING - SCLK value 671033906 not found in ml data; skipping.
2025-06-19 13:34:29,881 - __main__ - WARNING - SCLK value 671039200 not found in ml data; skipping.
2025-06-19 13:34:29,882 - __main__ - WARNING - SCLK value 671109364 not found in ml data; skipping.
2025-06-19 13:34:29,883 - __main__ - WARNING - SCLK value 671113914 not found in ml data; skipping.
2025-06-19 13:34:29,883 - __main__ - WARNING - SCLK value 671114679 not found in ml data; skipping.
2025-06-19 13:34:29,884 - __main__ - WARNING - SCLK value 671115255 not found in ml data; skipping.
2025-06-19 13:34:29,885 - __main__ - WARNING - SCLK value 671115289 not found in ml data; skipping.
2025-06-19 13:34:29,885 - __main__ - WARNING - SCLK value 671120289 not found in ml data; skipping.
2025-06-19 13:34:29,886 - __main__ - WARNING - SCLK value 671126006 not found in ml data; skipping.
2025-06-19 13:34:29,887 - __main__ - WARNING - SCLK value 671126607 not found in ml data; skipping.
2025-06-19 13:34:29,888 - __main__ - WARNING - SCLK value 671127245 not found in ml data; skipping.
2025-06-19 13:34:29,888 - __main__ - WARNING - SCLK value 671139428 not found in ml data; skipping.
2025-06-19 13:34:29,888 - __main__ - WARNING - SCLK value 671204280 not found in ml data; skipping.
2025-06-19 13:34:29,890 - __main__ - WARNING - SCLK value 671213291 not found in ml data; skipping.
2025-06-19 13:34:29,890 - __main__ - WARNING - SCLK value 671214052 not found in ml data; skipping.
2025-06-19 13:34:29,891 - __main__ - WARNING - SCLK value 671224977 not found in ml data; skipping.
2025-06-19 13:34:29,892 - __main__ - WARNING - SCLK value 671291649 not found in ml data; skipping.
2025-06-19 13:34:29,893 - __main__ - WARNING - SCLK value 671294608 not found in ml data; skipping.
2025-06-19 13:34:29,894 - __main__ - WARNING - SCLK value 671302478 not found in ml data; skipping.
2025-06-19 13:34:29,895 - __main__ - WARNING - SCLK value 671302909 not found in ml data; skipping.
2025-06-19 13:34:29,895 - __main__ - WARNING - SCLK value 671308300 not found in ml data; skipping.
2025-06-19 13:34:29,896 - __main__ - WARNING - SCLK value 671376036 not found in ml data; skipping.
2025-06-19 13:34:29,897 - __main__ - WARNING - SCLK value 671376059 not found in ml data; skipping.
2025-06-19 13:34:29,898 - __main__ - WARNING - SCLK value 671376348 not found in ml data; skipping.
2025-06-19 13:34:29,898 - __main__ - WARNING - SCLK value 671376844 not found in ml data; skipping.
2025-06-19 13:34:29,899 - __main__ - WARNING - SCLK value 671377912 not found in ml data; skipping.
2025-06-19 13:34:29,900 - __main__ - WARNING - SCLK value 671379183 not found in ml data; skipping.
2025-06-19 13:34:29,901 - __main__ - WARNING - SCLK value 671384112 not found in ml data; skipping.
2025-06-19 13:34:29,901 - __main__ - WARNING - SCLK value 671391076 not found in ml data; skipping.
2025-06-19 13:34:29,902 - __main__ - WARNING - SCLK value 671395245 not found in ml data; skipping.
2025-06-19 13:34:29,903 - __main__ - WARNING - SCLK value 671466934 not found in ml data; skipping.
2025-06-19 13:34:29,904 - __main__ - WARNING - SCLK value 671468200 not found in ml data; skipping.
2025-06-19 13:34:29,904 - __main__ - WARNING - SCLK value 671559311 not found in ml data; skipping.
2025-06-19 13:34:29,905 - __main__ - WARNING - SCLK value 671560213 not found in ml data; skipping.
2025-06-19 13:34:29,906 - __main__ - WARNING - SCLK value 671561065 not found in ml data; skipping.
2025-06-19 13:34:29,906 - __main__ - WARNING - SCLK value 671563881 not found in ml data; skipping.
2025-06-19 13:34:29,907 - __main__ - WARNING - SCLK value 671570327 not found in ml data; skipping.
2025-06-19 13:34:29,908 - __main__ - WARNING - SCLK value 671641441 not found in ml data; skipping.
2025-06-19 13:34:29,908 - __main__ - WARNING - SCLK value 671644549 not found in ml data; skipping.
2025-06-19 13:34:29,909 - __main__ - WARNING - SCLK value 671645443 not found in ml data; skipping.
2025-06-19 13:34:29,910 - __main__ - WARNING - SCLK value 671648210 not found in ml data; skipping.
2025-06-19 13:34:29,910 - __main__ - WARNING - SCLK value 671656101 not found in ml data; skipping.
2025-06-19 13:34:29,911 - __main__ - WARNING - SCLK value 671731643 not found in ml data; skipping.
2025-06-19 13:34:29,911 - __main__ - WARNING - SCLK value 671740824 not found in ml data; skipping.
2025-06-19 13:34:29,912 - __main__ - WARNING - SCLK value 671746873 not found in ml data; skipping.
2025-06-19 13:34:29,913 - __main__ - WARNING - SCLK value 671823162 not found in ml data; skipping.
2025-06-19 13:34:29,913 - __main__ - WARNING - SCLK value 671823654 not found in ml data; skipping.
2025-06-19 13:34:29,914 - __main__ - WARNING - SCLK value 671823993 not found in ml data; skipping.
2025-06-19 13:34:29,915 - __main__ - WARNING - SCLK value 671824646 not found in ml data; skipping.
2025-06-19 13:34:29,916 - __main__ - WARNING - SCLK value 671825542 not found in ml data; skipping.
2025-06-19 13:34:29,916 - __main__ - WARNING - SCLK value 671831605 not found in ml data; skipping.
2025-06-19 13:34:29,917 - __main__ - WARNING - SCLK value 671834757 not found in ml data; skipping.
2025-06-19 13:34:29,918 - __main__ - WARNING - SCLK value 671904824 not found in ml data; skipping.
2025-06-19 13:34:29,918 - __main__ - WARNING - SCLK value 671909321 not found in ml data; skipping.
2025-06-19 13:34:29,920 - __main__ - WARNING - SCLK value 671911350 not found in ml data; skipping.
2025-06-19 13:34:29,920 - __main__ - WARNING - SCLK value 671913231 not found in ml data; skipping.
2025-06-19 13:34:29,921 - __main__ - WARNING - SCLK value 671915681 not found in ml data; skipping.
2025-06-19 13:34:29,922 - __main__ - WARNING - SCLK value 671916470 not found in ml data; skipping.
2025-06-19 13:34:29,923 - __main__ - WARNING - SCLK value 671920779 not found in ml data; skipping.
2025-06-19 13:34:29,924 - __main__ - WARNING - SCLK value 671921784 not found in ml data; skipping.
2025-06-19 13:34:29,924 - __main__ - WARNING - SCLK value 671995990 not found in ml data; skipping.
2025-06-19 13:34:29,925 - __main__ - WARNING - SCLK value 672002175 not found in ml data; skipping.
2025-06-19 13:34:29,926 - __main__ - WARNING - SCLK value 672002362 not found in ml data; skipping.
2025-06-19 13:34:29,927 - __main__ - WARNING - SCLK value 672104482 not found in ml data; skipping.
2025-06-19 13:34:29,927 - __main__ - WARNING - SCLK value 672178090 not found in ml data; skipping.
2025-06-19 13:34:29,928 - __main__ - WARNING - SCLK value 672180689 not found in ml data; skipping.
2025-06-19 13:34:29,929 - __main__ - WARNING - SCLK value 672181444 not found in ml data; skipping.
2025-06-19 13:34:29,930 - __main__ - WARNING - SCLK value 672182115 not found in ml data; skipping.
2025-06-19 13:34:29,930 - __main__ - WARNING - SCLK value 672183596 not found in ml data; skipping.
2025-06-19 13:34:29,931 - __main__ - WARNING - SCLK value 672185170 not found in ml data; skipping.
2025-06-19 13:34:29,932 - __main__ - WARNING - SCLK value 672190662 not found in ml data; skipping.
2025-06-19 13:34:29,932 - __main__ - WARNING - SCLK value 672267244 not found in ml data; skipping.
2025-06-19 13:34:29,933 - __main__ - WARNING - SCLK value 672269283 not found in ml data; skipping.
2025-06-19 13:34:29,934 - __main__ - WARNING - SCLK value 672269792 not found in ml data; skipping.
2025-06-19 13:34:29,934 - __main__ - WARNING - SCLK value 672350659 not found in ml data; skipping.
2025-06-19 13:34:29,935 - __main__ - WARNING - SCLK value 672352068 not found in ml data; skipping.
2025-06-19 13:34:29,936 - __main__ - WARNING - SCLK value 672355502 not found in ml data; skipping.
2025-06-19 13:34:29,937 - __main__ - WARNING - SCLK value 672357238 not found in ml data; skipping.
2025-06-19 13:34:29,937 - __main__ - WARNING - SCLK value 672359382 not found in ml data; skipping.
2025-06-19 13:34:29,938 - __main__ - WARNING - SCLK value 672362559 not found in ml data; skipping.
2025-06-19 13:34:29,939 - __main__ - WARNING - SCLK value 672365510 not found in ml data; skipping.
2025-06-19 13:34:29,939 - __main__ - WARNING - SCLK value 672365820 not found in ml data; skipping.
2025-06-19 13:34:29,940 - __main__ - WARNING - SCLK value 672445220 not found in ml data; skipping.
2025-06-19 13:34:29,941 - __main__ - WARNING - SCLK value 672445462 not found in ml data; skipping.
2025-06-19 13:34:29,942 - __main__ - WARNING - SCLK value 672446338 not found in ml data; skipping.
2025-06-19 13:34:29,942 - __main__ - WARNING - SCLK value 672528720 not found in ml data; skipping.
2025-06-19 13:34:29,943 - __main__ - WARNING - SCLK value 672531916 not found in ml data; skipping.
2025-06-19 13:34:29,944 - __main__ - INFO - Processing vortex SCLK 672538692 found at ml index: 2160537
2025-06-19 13:34:29,945 - __main__ - INFO - Processing vortex SCLK 672546578 found at ml index: 2165928
2025-06-19 13:34:29,946 - __main__ - INFO - Processing vortex SCLK 672548966 found at ml index: 2168316
2025-06-19 13:34:29,947 - __main__ - INFO - Processing vortex SCLK 672621236 found at ml index: 2212733
2025-06-19 13:34:29,948 - __main__ - INFO - Processing vortex SCLK 672622288 found at ml index: 2213785
2025-06-19 13:34:29,949 - __main__ - INFO - Processing vortex SCLK 672624313 found at ml index: 2215810
2025-06-19 13:34:29,950 - __main__ - INFO - Processing vortex SCLK 672624475 found at ml index: 2215972
2025-06-19 13:34:29,951 - __main__ - INFO - Processing vortex SCLK 672626109 found at ml index: 2217606
2025-06-19 13:34:29,952 - __main__ - INFO - Processing vortex SCLK 672626122 found at ml index: 2217619
2025-06-19 13:34:29,953 - __main__ - INFO - Processing vortex SCLK 672706787 found at ml index: 2270942
2025-06-19 13:34:29,954 - __main__ - INFO - Processing vortex SCLK 672709027 found at ml index: 2273182
2025-06-19 13:34:29,956 - __main__ - INFO - Processing vortex SCLK 672711149 found at ml index: 2275304
2025-06-19 13:34:29,957 - __main__ - INFO - Processing vortex SCLK 672711621 found at ml index: 2275776
2025-06-19 13:34:29,958 - __main__ - INFO - Processing vortex SCLK 672713266 found at ml index: 2277421
2025-06-19 13:34:29,959 - __main__ - INFO - Processing vortex SCLK 672713337 found at ml index: 2277492
2025-06-19 13:34:29,960 - __main__ - INFO - Processing vortex SCLK 672715961 found at ml index: 2280116
2025-06-19 13:34:29,961 - __main__ - INFO - Processing vortex SCLK 672718373 found at ml index: 2282528
2025-06-19 13:34:29,963 - __main__ - INFO - Processing vortex SCLK 672719375 found at ml index: 2283530
2025-06-19 13:34:29,964 - __main__ - INFO - Processing vortex SCLK 672721953 found at ml index: 2286108
2025-06-19 13:34:29,965 - __main__ - INFO - Processing vortex SCLK 672801263 found at ml index: 2334241
2025-06-19 13:34:29,966 - __main__ - INFO - Processing vortex SCLK 672801630 found at ml index: 2334608
2025-06-19 13:34:29,967 - __main__ - INFO - Processing vortex SCLK 672804797 found at ml index: 2337775
2025-06-19 13:34:29,968 - __main__ - INFO - Processing vortex SCLK 672884603 found at ml index: 2387935
2025-06-19 13:34:29,968 - __main__ - INFO - Processing vortex SCLK 672884933 found at ml index: 2388265
2025-06-19 13:34:29,969 - __main__ - INFO - Processing vortex SCLK 672885216 found at ml index: 2388548
2025-06-19 13:34:29,970 - __main__ - INFO - Processing vortex SCLK 672889286 found at ml index: 2392618
2025-06-19 13:34:29,971 - __main__ - INFO - Processing vortex SCLK 672890283 found at ml index: 2393615
2025-06-19 13:34:29,972 - __main__ - INFO - Processing vortex SCLK 672894510 found at ml index: 2397842
2025-06-19 13:34:29,973 - __main__ - INFO - Processing vortex SCLK 672964384 found at ml index: 2443850
2025-06-19 13:34:29,974 - __main__ - INFO - Processing vortex SCLK 672973742 found at ml index: 2448162
2025-06-19 13:34:29,975 - __main__ - INFO - Processing vortex SCLK 672976272 found at ml index: 2450692
2025-06-19 13:34:29,977 - __main__ - INFO - Processing vortex SCLK 672979607 found at ml index: 2454027
2025-06-19 13:34:29,978 - __main__ - INFO - Processing vortex SCLK 672983982 found at ml index: 2458402
2025-06-19 13:34:29,978 - __main__ - INFO - Processing vortex SCLK 672984068 found at ml index: 2458488
2025-06-19 13:34:29,979 - __main__ - INFO - Processing vortex SCLK 672984973 found at ml index: 2459393
2025-06-19 13:34:29,981 - __main__ - INFO - Processing vortex SCLK 672985340 found at ml index: 2459760
2025-06-19 13:34:29,982 - __main__ - INFO - Processing vortex SCLK 673068974 found at ml index: 2512676
2025-06-19 13:34:29,984 - __main__ - INFO - Processing vortex SCLK 673072073 found at ml index: 2515775
2025-06-19 13:34:29,985 - __main__ - INFO - Processing vortex SCLK 673076429 found at ml index: 2518680
2025-06-19 13:34:29,986 - __main__ - INFO - Processing vortex SCLK 673078972 found at ml index: 2521223
2025-06-19 13:34:29,987 - __main__ - INFO - Processing vortex SCLK 673147721 found at ml index: 2565489
2025-06-19 13:34:29,988 - __main__ - INFO - Processing vortex SCLK 673240962 found at ml index: 2629833
2025-06-19 13:34:29,988 - __main__ - INFO - Processing vortex SCLK 673242020 found at ml index: 2630891
2025-06-19 13:34:29,990 - __main__ - INFO - Processing vortex SCLK 673243964 found at ml index: 2632835
2025-06-19 13:34:29,991 - __main__ - INFO - Processing vortex SCLK 673245884 found at ml index: 2634755
2025-06-19 13:34:29,993 - __main__ - INFO - Processing vortex SCLK 673251635 found at ml index: 2640506
2025-06-19 13:34:29,994 - __main__ - INFO - Processing vortex SCLK 673254242 found at ml index: 2643113
2025-06-19 13:34:29,995 - __main__ - INFO - Processing vortex SCLK 673328658 found at ml index: 2691425
2025-06-19 13:34:29,996 - __main__ - INFO - Processing vortex SCLK 673329003 found at ml index: 2691770
2025-06-19 13:34:29,997 - __main__ - INFO - Processing vortex SCLK 673332835 found at ml index: 2695602
2025-06-19 13:34:29,998 - __main__ - INFO - Processing vortex SCLK 673332863 found at ml index: 2695630
2025-06-19 13:34:30,000 - __main__ - INFO - Processing vortex SCLK 673334070 found at ml index: 2696837
2025-06-19 13:34:30,000 - __main__ - INFO - Processing vortex SCLK 673334708 found at ml index: 2697475
2025-06-19 13:34:30,001 - __main__ - INFO - Processing vortex SCLK 673338788 found at ml index: 2701555
2025-06-19 13:34:30,002 - __main__ - INFO - Processing vortex SCLK 673340481 found at ml index: 2703248
2025-06-19 13:34:30,003 - __main__ - INFO - Processing vortex SCLK 673344227 found at ml index: 2706994
2025-06-19 13:34:30,005 - __main__ - INFO - Processing vortex SCLK 673424713 found at ml index: 2760219
2025-06-19 13:34:30,006 - __main__ - INFO - Processing vortex SCLK 673429348 found at ml index: 2764854
2025-06-19 13:34:30,007 - __main__ - INFO - Processing vortex SCLK 673500853 found at ml index: 2811671
2025-06-19 13:34:30,008 - __main__ - INFO - Processing vortex SCLK 673512599 found at ml index: 2821820
2025-06-19 13:34:30,010 - __main__ - INFO - Processing vortex SCLK 673513373 found at ml index: 2822594
2025-06-19 13:34:30,011 - __main__ - INFO - Processing vortex SCLK 673514725 found at ml index: 2823946
2025-06-19 13:34:30,012 - __main__ - INFO - Processing vortex SCLK 673594180 found at ml index: 2868616
2025-06-19 13:34:30,013 - __main__ - INFO - Processing vortex SCLK 673597335 found at ml index: 2871771
2025-06-19 13:34:30,014 - __main__ - WARNING - SCLK value 673598754 not found in ml data; skipping.
2025-06-19 13:34:30,015 - __main__ - WARNING - SCLK value 673606937 not found in ml data; skipping.
2025-06-19 13:34:30,015 - __main__ - WARNING - SCLK value 673680243 not found in ml data; skipping.
2025-06-19 13:34:30,016 - __main__ - WARNING - SCLK value 673681579 not found in ml data; skipping.
2025-06-19 13:34:30,017 - __main__ - WARNING - SCLK value 673685675 not found in ml data; skipping.
2025-06-19 13:34:30,018 - __main__ - WARNING - SCLK value 673694236 not found in ml data; skipping.
2025-06-19 13:34:30,018 - __main__ - WARNING - SCLK value 673694529 not found in ml data; skipping.
2025-06-19 13:34:30,019 - __main__ - WARNING - SCLK value 673773378 not found in ml data; skipping.
2025-06-19 13:34:30,020 - __main__ - WARNING - SCLK value 673779637 not found in ml data; skipping.
2025-06-19 13:34:30,020 - __main__ - WARNING - SCLK value 673781075 not found in ml data; skipping.
2025-06-19 13:34:30,021 - __main__ - WARNING - SCLK value 673858855 not found in ml data; skipping.
2025-06-19 13:34:30,021 - __main__ - WARNING - SCLK value 673863604 not found in ml data; skipping.
2025-06-19 13:34:30,022 - __main__ - WARNING - SCLK value 673865805 not found in ml data; skipping.
2025-06-19 13:34:30,023 - __main__ - WARNING - SCLK value 673874053 not found in ml data; skipping.
2025-06-19 13:34:30,023 - __main__ - WARNING - SCLK value 673948338 not found in ml data; skipping.
2025-06-19 13:34:30,024 - __main__ - WARNING - SCLK value 673951488 not found in ml data; skipping.
2025-06-19 13:34:30,025 - __main__ - WARNING - SCLK value 673955512 not found in ml data; skipping.
2025-06-19 13:34:30,025 - __main__ - WARNING - SCLK value 673958960 not found in ml data; skipping.
2025-06-19 13:34:30,026 - __main__ - WARNING - SCLK value 674041445 not found in ml data; skipping.
2025-06-19 13:34:30,026 - __main__ - WARNING - SCLK value 674042999 not found in ml data; skipping.
2025-06-19 13:34:30,028 - __main__ - WARNING - SCLK value 674044064 not found in ml data; skipping.
2025-06-19 13:34:30,029 - __main__ - WARNING - SCLK value 674051268 not found in ml data; skipping.
2025-06-19 13:34:30,029 - __main__ - WARNING - SCLK value 674056174 not found in ml data; skipping.
2025-06-19 13:34:30,030 - __main__ - WARNING - SCLK value 674122081 not found in ml data; skipping.
2025-06-19 13:34:30,030 - __main__ - WARNING - SCLK value 674128125 not found in ml data; skipping.
2025-06-19 13:34:30,031 - __main__ - WARNING - SCLK value 674128981 not found in ml data; skipping.
2025-06-19 13:34:30,032 - __main__ - WARNING - SCLK value 674133319 not found in ml data; skipping.
2025-06-19 13:34:30,032 - __main__ - WARNING - SCLK value 674140571 not found in ml data; skipping.
2025-06-19 13:34:30,033 - __main__ - WARNING - SCLK value 674213517 not found in ml data; skipping.
2025-06-19 13:34:30,034 - __main__ - WARNING - SCLK value 674218894 not found in ml data; skipping.
2025-06-19 13:34:30,034 - __main__ - WARNING - SCLK value 674228677 not found in ml data; skipping.
2025-06-19 13:34:30,035 - __main__ - WARNING - SCLK value 674304877 not found in ml data; skipping.
2025-06-19 13:34:30,036 - __main__ - WARNING - SCLK value 674307030 not found in ml data; skipping.
2025-06-19 13:34:30,036 - __main__ - WARNING - SCLK value 674307104 not found in ml data; skipping.
2025-06-19 13:34:30,037 - __main__ - WARNING - SCLK value 674317907 not found in ml data; skipping.
2025-06-19 13:34:30,038 - __main__ - WARNING - SCLK value 674398187 not found in ml data; skipping.
2025-06-19 13:34:30,038 - __main__ - WARNING - SCLK value 674410494 not found in ml data; skipping.
2025-06-19 13:34:30,040 - __main__ - WARNING - SCLK value 674482627 not found in ml data; skipping.
2025-06-19 13:34:30,041 - __main__ - WARNING - SCLK value 674483906 not found in ml data; skipping.
2025-06-19 13:34:30,041 - __main__ - WARNING - SCLK value 674484439 not found in ml data; skipping.
2025-06-19 13:34:30,042 - __main__ - WARNING - SCLK value 674491238 not found in ml data; skipping.
2025-06-19 13:34:30,043 - __main__ - WARNING - SCLK value 674492008 not found in ml data; skipping.
2025-06-19 13:34:30,043 - __main__ - WARNING - SCLK value 674497424 not found in ml data; skipping.
2025-06-19 13:34:30,044 - __main__ - WARNING - SCLK value 674498121 not found in ml data; skipping.
2025-06-19 13:34:30,044 - __main__ - WARNING - SCLK value 674568708 not found in ml data; skipping.
2025-06-19 13:34:30,045 - __main__ - WARNING - SCLK value 674573756 not found in ml data; skipping.
2025-06-19 13:34:30,046 - __main__ - WARNING - SCLK value 674575721 not found in ml data; skipping.
2025-06-19 13:34:30,047 - __main__ - WARNING - SCLK value 674582484 not found in ml data; skipping.
2025-06-19 13:34:30,048 - __main__ - WARNING - SCLK value 674666247 not found in ml data; skipping.
2025-06-19 13:34:30,048 - __main__ - WARNING - SCLK value 674666809 not found in ml data; skipping.
2025-06-19 13:34:30,049 - __main__ - WARNING - SCLK value 674667232 not found in ml data; skipping.
2025-06-19 13:34:30,050 - __main__ - WARNING - SCLK value 674669243 not found in ml data; skipping.
2025-06-19 13:34:30,050 - __main__ - WARNING - SCLK value 674751396 not found in ml data; skipping.
2025-06-19 13:34:30,051 - __main__ - WARNING - SCLK value 674837510 not found in ml data; skipping.
2025-06-19 13:34:30,052 - __main__ - WARNING - SCLK value 674845274 not found in ml data; skipping.
2025-06-19 13:34:30,052 - __main__ - WARNING - SCLK value 674846962 not found in ml data; skipping.
2025-06-19 13:34:30,053 - __main__ - WARNING - SCLK value 674850855 not found in ml data; skipping.
2025-06-19 13:34:30,054 - __main__ - INFO - Preparing features and labels...
2025-06-19 13:34:30,055 - __main__ - INFO - Validating feature matrix...
2025-06-19 13:34:30,056 - __main__ - WARNING - Feature matrix issues detected:
2025-06-19 13:34:30,057 - __main__ - WARNING - - High correlation between pressure_drop_ratio and pressure_change: -1.00
2025-06-19 13:34:30,057 - __main__ - WARNING - - High correlation between pressure_drop_ratio and pressure_range: 0.95
2025-06-19 13:34:30,057 - __main__ - WARNING - - High correlation between pressure_drop_ratio and rate_of_change_mean: -1.00
2025-06-19 13:34:30,057 - __main__ - WARNING - - High correlation between pressure_change and pressure_range: -0.95
2025-06-19 13:34:30,057 - __main__ - WARNING - - High correlation between pressure_change and rate_of_change_mean: 1.00
2025-06-19 13:34:30,057 - __main__ - WARNING - - High correlation between mean_pressure and min_pressure: 1.00
2025-06-19 13:34:30,057 - __main__ - WARNING - - High correlation between mean_pressure and max_pressure: 1.00
2025-06-19 13:34:30,057 - __main__ - WARNING - - High correlation between mean_pressure and long_term_mean: 1.00
2025-06-19 13:34:30,058 - __main__ - WARNING - - High correlation between std_pressure and pressure_range: 0.96
2025-06-19 13:34:30,058 - __main__ - WARNING - - High correlation between std_pressure and rate_of_change_std: 0.95
2025-06-19 13:34:30,058 - __main__ - WARNING - - High correlation between std_pressure and rate_of_change_max: 0.95
2025-06-19 13:34:30,058 - __main__ - WARNING - - High correlation between min_pressure and max_pressure: 1.00
2025-06-19 13:34:30,058 - __main__ - WARNING - - High correlation between min_pressure and long_term_mean: 1.00
2025-06-19 13:34:30,058 - __main__ - WARNING - - High correlation between max_pressure and long_term_mean: 1.00
2025-06-19 13:34:30,058 - __main__ - WARNING - - High correlation between pressure_range and rate_of_change_std: 0.95
2025-06-19 13:34:30,058 - __main__ - WARNING - - High correlation between pressure_range and rate_of_change_max: 0.95
2025-06-19 13:34:30,058 - __main__ - WARNING - - High correlation between rate_of_change_std and rate_of_change_max: 0.99
2025-06-19 13:34:30,058 - __main__ - INFO - Splitting processed data into train/val for model training...
2025-06-19 13:34:30,059 - __main__ - INFO - Processed train set: 1551 samples
2025-06-19 13:34:30,059 - __main__ - INFO - Processed validation set: 517 samples
2025-06-19 13:34:30,060 - __main__ - INFO - Training Random Forest classifier...
2025-06-19 13:34:30,448 - __main__ - INFO - Random Forest training completed.
2025-06-19 13:34:30,448 - __main__ - INFO - Generating evaluation plots...
2025-06-19 13:34:37,653 - __main__ - INFO - Processing test set with sliding windows for realistic evaluation...
2025-06-19 13:34:37,653 - __main__ - INFO - Using test step size: 10
2025-06-19 13:34:37,653 - __main__ - INFO - Processing 717985 test windows with step size 10
2025-06-19 13:35:58,715 - __main__ - INFO - Reading vortex SCLK data...
2025-06-19 13:35:58,718 - __main__ - INFO - Successfully read 309 SCLK values from ../data/Jackson_vortex_detections_reformatted_augmented.csv
2025-06-19 13:35:58,719 - __main__ - INFO - Successfully read 309 SCLK values
2025-06-19 13:35:58,719 - __main__ - INFO - Reading ML data...
2025-06-19 13:36:00,768 - __main__ - INFO - Successfully loaded ML data from ../data/ml_ready_vortex_data.csv
2025-06-19 13:36:00,768 - __main__ - INFO - Successfully loaded ML data with 3590168 rows
2025-06-19 13:36:00,768 - __main__ - INFO - Validating data quality...
2025-06-19 13:36:01,170 - __main__ - WARNING - Data quality issues detected:
2025-06-19 13:36:01,170 - __main__ - WARNING - - Missing values found: {'gt_vortex_ind': 3577695}
2025-06-19 13:36:01,170 - __main__ - WARNING - - Severe class imbalance detected: 0.51% positive samples
2025-06-19 13:36:01,171 - __main__ - INFO - Splitting raw data chronologically before processing...
2025-06-19 13:36:01,171 - __main__ - INFO - Raw train set: 2154100 rows
2025-06-19 13:36:01,171 - __main__ - INFO - Raw validation set: 718034 rows
2025-06-19 13:36:01,171 - __main__ - INFO - Raw test set: 718034 rows
2025-06-19 13:36:01,172 - __main__ - INFO - ==================================================
2025-06-19 13:36:01,172 - __main__ - INFO - RAW TEST SET DISTRIBUTION (Before Processing)
2025-06-19 13:36:01,172 - __main__ - INFO - ==================================================
2025-06-19 13:36:01,172 - __main__ - INFO - Test set rows: 718034
2025-06-19 13:36:01,173 - __main__ - INFO - Positive samples: 3318 (0.46%)
2025-06-19 13:36:01,173 - __main__ - INFO - Negative samples: 714716 (99.54%)
2025-06-19 13:36:01,173 - __main__ - INFO - ==================================================
2025-06-19 13:36:01,173 - __main__ - INFO - Processing training data around vortex events...
2025-06-19 13:36:01,176 - __main__ - INFO - Processing vortex SCLK 668288145 found at ml index: 16563
2025-06-19 13:36:01,183 - __main__ - INFO - Processing vortex SCLK 668288356 found at ml index: 16774
2025-06-19 13:36:01,191 - __main__ - INFO - Processing vortex SCLK 668363851 found at ml index: 58206
2025-06-19 13:36:01,198 - __main__ - INFO - Processing vortex SCLK 668370696 found at ml index: 61613
2025-06-19 13:36:01,204 - __main__ - INFO - Processing vortex SCLK 668373458 found at ml index: 64372
2025-06-19 13:36:01,212 - __main__ - INFO - Processing vortex SCLK 668450709 found at ml index: 109929
2025-06-19 13:36:01,218 - __main__ - INFO - Processing vortex SCLK 668451679 found at ml index: 110896
2025-06-19 13:36:01,227 - __main__ - INFO - Processing vortex SCLK 668465594 found at ml index: 113943
2025-06-19 13:36:01,233 - __main__ - INFO - Processing vortex SCLK 668471362 found at ml index: 116280
2025-06-19 13:36:01,241 - __main__ - INFO - Processing vortex SCLK 668534767 found at ml index: 149951
2025-06-19 13:36:01,248 - __main__ - INFO - Processing vortex SCLK 668540964 found at ml index: 156148
2025-06-19 13:36:01,254 - __main__ - INFO - Processing vortex SCLK 668541515 found at ml index: 156699
2025-06-19 13:36:01,262 - __main__ - INFO - Processing vortex SCLK 668542064 found at ml index: 157248
2025-06-19 13:36:01,268 - __main__ - INFO - Processing vortex SCLK 668542340 found at ml index: 157524
2025-06-19 13:36:01,276 - __main__ - INFO - Processing vortex SCLK 668551101 found at ml index: 162084
2025-06-19 13:36:01,284 - __main__ - INFO - Processing vortex SCLK 668555682 found at ml index: 163446
2025-06-19 13:36:01,292 - __main__ - INFO - Processing vortex SCLK 668556124 found at ml index: 163888
2025-06-19 13:36:01,299 - __main__ - INFO - Processing vortex SCLK 668557517 found at ml index: 165281
2025-06-19 13:36:01,305 - __main__ - INFO - Processing vortex SCLK 668716847 found at ml index: 186189
2025-06-19 13:36:01,312 - __main__ - INFO - Processing vortex SCLK 668723694 found at ml index: 189570
2025-06-19 13:36:01,318 - __main__ - INFO - Processing vortex SCLK 668801790 found at ml index: 232821
2025-06-19 13:36:01,325 - __main__ - INFO - Processing vortex SCLK 668808927 found at ml index: 236462
2025-06-19 13:36:01,334 - __main__ - INFO - Processing vortex SCLK 668810541 found at ml index: 238076
2025-06-19 13:36:01,341 - __main__ - INFO - Processing vortex SCLK 668811652 found at ml index: 239187
2025-06-19 13:36:01,350 - __main__ - INFO - Processing vortex SCLK 668816129 found at ml index: 243664
2025-06-19 13:36:01,357 - __main__ - INFO - Processing vortex SCLK 669426485 found at ml index: 263130
2025-06-19 13:36:01,365 - __main__ - INFO - Processing vortex SCLK 669427340 found at ml index: 263985
2025-06-19 13:36:01,371 - __main__ - INFO - Processing vortex SCLK 669434405 found at ml index: 267663
2025-06-19 13:36:01,378 - __main__ - INFO - Processing vortex SCLK 669434703 found at ml index: 267961
2025-06-19 13:36:01,386 - __main__ - INFO - Processing vortex SCLK 669518763 found at ml index: 314172
2025-06-19 13:36:01,393 - __main__ - INFO - Processing vortex SCLK 669519478 found at ml index: 314887
2025-06-19 13:36:01,400 - __main__ - INFO - Processing vortex SCLK 669531860 found at ml index: 320377
2025-06-19 13:36:01,406 - __main__ - INFO - Processing vortex SCLK 669626803 found at ml index: 374269
2025-06-19 13:36:01,413 - __main__ - INFO - Processing vortex SCLK 669688619 found at ml index: 407952
2025-06-19 13:36:01,420 - __main__ - INFO - Processing vortex SCLK 669690018 found at ml index: 409351
2025-06-19 13:36:01,428 - __main__ - INFO - Processing vortex SCLK 669690620 found at ml index: 409953
2025-06-19 13:36:01,434 - __main__ - INFO - Processing vortex SCLK 669704197 found at ml index: 416696
2025-06-19 13:36:01,442 - __main__ - INFO - Processing vortex SCLK 669779409 found at ml index: 457637
2025-06-19 13:36:01,449 - __main__ - INFO - Processing vortex SCLK 669780445 found at ml index: 458673
2025-06-19 13:36:01,455 - __main__ - INFO - Processing vortex SCLK 669787866 found at ml index: 466094
2025-06-19 13:36:01,463 - __main__ - INFO - Processing vortex SCLK 669787881 found at ml index: 466109
2025-06-19 13:36:01,470 - __main__ - INFO - Processing vortex SCLK 669870405 found at ml index: 512761
2025-06-19 13:36:01,476 - __main__ - INFO - Processing vortex SCLK 669873580 found at ml index: 515936
2025-06-19 13:36:01,483 - __main__ - INFO - Processing vortex SCLK 669882031 found at ml index: 522188
2025-06-19 13:36:01,490 - __main__ - INFO - Processing vortex SCLK 669886865 found at ml index: 524448
2025-06-19 13:36:01,497 - __main__ - INFO - Processing vortex SCLK 669958088 found at ml index: 564661
2025-06-19 13:36:01,503 - __main__ - INFO - Processing vortex SCLK 669959376 found at ml index: 565949
2025-06-19 13:36:01,510 - __main__ - INFO - Processing vortex SCLK 669959712 found at ml index: 566285
2025-06-19 13:36:01,517 - __main__ - INFO - Processing vortex SCLK 669960008 found at ml index: 566581
2025-06-19 13:36:01,525 - __main__ - INFO - Processing vortex SCLK 669960347 found at ml index: 566920
2025-06-19 13:36:01,532 - __main__ - INFO - Processing vortex SCLK 669962940 found at ml index: 569513
2025-06-19 13:36:01,538 - __main__ - INFO - Processing vortex SCLK 669964312 found at ml index: 570885
2025-06-19 13:36:01,546 - __main__ - INFO - Processing vortex SCLK 669965150 found at ml index: 571723
2025-06-19 13:36:01,552 - __main__ - INFO - Processing vortex SCLK 669971696 found at ml index: 575571
2025-06-19 13:36:01,558 - __main__ - INFO - Processing vortex SCLK 670046942 found at ml index: 618056
2025-06-19 13:36:01,566 - __main__ - INFO - Processing vortex SCLK 670047546 found at ml index: 618660
2025-06-19 13:36:01,573 - __main__ - INFO - Processing vortex SCLK 670055611 found at ml index: 626725
2025-06-19 13:36:01,580 - __main__ - INFO - Processing vortex SCLK 670129653 found at ml index: 676671
2025-06-19 13:36:01,586 - __main__ - INFO - Processing vortex SCLK 670136668 found at ml index: 680243
2025-06-19 13:36:01,594 - __main__ - INFO - Processing vortex SCLK 670138695 found at ml index: 682270
2025-06-19 13:36:01,601 - __main__ - INFO - Processing vortex SCLK 670225439 found at ml index: 735507
2025-06-19 13:36:01,608 - __main__ - INFO - Processing vortex SCLK 670232335 found at ml index: 739271
2025-06-19 13:36:01,617 - __main__ - INFO - Processing vortex SCLK 670232986 found at ml index: 739922
2025-06-19 13:36:01,623 - __main__ - INFO - Processing vortex SCLK 670233871 found at ml index: 740807
2025-06-19 13:36:01,631 - __main__ - INFO - Processing vortex SCLK 670313772 found at ml index: 794758
2025-06-19 13:36:01,638 - __main__ - INFO - Processing vortex SCLK 670315385 found at ml index: 796371
2025-06-19 13:36:01,644 - __main__ - INFO - Processing vortex SCLK 670317790 found at ml index: 798776
2025-06-19 13:36:01,652 - __main__ - INFO - Processing vortex SCLK 670321691 found at ml index: 802677
2025-06-19 13:36:01,658 - __main__ - INFO - Processing vortex SCLK 670325686 found at ml index: 804517
2025-06-19 13:36:01,665 - __main__ - INFO - Processing vortex SCLK 670329256 found at ml index: 808087
2025-06-19 13:36:01,672 - __main__ - INFO - Processing vortex SCLK 670398725 found at ml index: 848668
2025-06-19 13:36:01,679 - __main__ - INFO - Processing vortex SCLK 670402854 found at ml index: 852797
2025-06-19 13:36:01,687 - __main__ - INFO - Processing vortex SCLK 670403870 found at ml index: 853813
2025-06-19 13:36:01,694 - __main__ - INFO - Processing vortex SCLK 670409834 found at ml index: 857575
2025-06-19 13:36:01,701 - __main__ - INFO - Processing vortex SCLK 670412275 found at ml index: 860016
2025-06-19 13:36:01,708 - __main__ - INFO - Processing vortex SCLK 670412326 found at ml index: 860067
2025-06-19 13:36:01,716 - __main__ - INFO - Processing vortex SCLK 670578458 found at ml index: 934664
2025-06-19 13:36:01,723 - __main__ - INFO - Processing vortex SCLK 670580613 found at ml index: 936819
2025-06-19 13:36:01,731 - __main__ - INFO - Processing vortex SCLK 670584569 found at ml index: 940775
2025-06-19 13:36:01,738 - __main__ - INFO - Processing vortex SCLK 670584657 found at ml index: 940863
2025-06-19 13:36:01,745 - __main__ - INFO - Processing vortex SCLK 670587674 found at ml index: 943880
2025-06-19 13:36:01,752 - __main__ - INFO - Processing vortex SCLK 670594461 found at ml index: 947971
2025-06-19 13:36:01,760 - __main__ - INFO - Processing vortex SCLK 670841835 found at ml index: 1065790
2025-06-19 13:36:01,766 - __main__ - INFO - Processing vortex SCLK 670842459 found at ml index: 1066414
2025-06-19 13:36:01,773 - __main__ - INFO - Processing vortex SCLK 670849047 found at ml index: 1073002
2025-06-19 13:36:01,780 - __main__ - INFO - Processing vortex SCLK 670852738 found at ml index: 1076693
2025-06-19 13:36:01,787 - __main__ - INFO - Processing vortex SCLK 670856365 found at ml index: 1077977
2025-06-19 13:36:01,794 - __main__ - INFO - Processing vortex SCLK 670859755 found at ml index: 1081367
2025-06-19 13:36:01,802 - __main__ - INFO - Processing vortex SCLK 670870370 found at ml index: 1088579
2025-06-19 13:36:01,808 - __main__ - INFO - Processing vortex SCLK 670929808 found at ml index: 1120753
2025-06-19 13:36:01,816 - __main__ - INFO - Processing vortex SCLK 670930554 found at ml index: 1121499
2025-06-19 13:36:01,823 - __main__ - INFO - Processing vortex SCLK 670933108 found at ml index: 1124053
2025-06-19 13:36:01,831 - __main__ - INFO - Processing vortex SCLK 670934582 found at ml index: 1125527
2025-06-19 13:36:01,838 - __main__ - INFO - Processing vortex SCLK 670938327 found at ml index: 1129272
2025-06-19 13:36:01,844 - __main__ - INFO - Processing vortex SCLK 670938389 found at ml index: 1129334
2025-06-19 13:36:01,853 - __main__ - INFO - Processing vortex SCLK 670940703 found at ml index: 1131648
2025-06-19 13:36:01,860 - __main__ - INFO - Processing vortex SCLK 670945386 found at ml index: 1136331
2025-06-19 13:36:01,867 - __main__ - INFO - Processing vortex SCLK 670961352 found at ml index: 1146283
2025-06-19 13:36:01,873 - __main__ - INFO - Processing vortex SCLK 671024106 found at ml index: 1181789
2025-06-19 13:36:01,886 - __main__ - INFO - Processing vortex SCLK 671027864 found at ml index: 1185547
2025-06-19 13:36:01,898 - __main__ - INFO - Processing vortex SCLK 671027972 found at ml index: 1185655
2025-06-19 13:36:01,911 - __main__ - INFO - Processing vortex SCLK 671033906 found at ml index: 1191589
2025-06-19 13:36:01,918 - __main__ - INFO - Processing vortex SCLK 671039200 found at ml index: 1194533
2025-06-19 13:36:01,928 - __main__ - INFO - Processing vortex SCLK 671109364 found at ml index: 1233979
2025-06-19 13:36:01,935 - __main__ - INFO - Processing vortex SCLK 671113914 found at ml index: 1238529
2025-06-19 13:36:01,942 - __main__ - INFO - Processing vortex SCLK 671114679 found at ml index: 1239294
2025-06-19 13:36:01,948 - __main__ - INFO - Processing vortex SCLK 671115255 found at ml index: 1239870
2025-06-19 13:36:01,954 - __main__ - INFO - Processing vortex SCLK 671115289 found at ml index: 1239904
2025-06-19 13:36:01,962 - __main__ - INFO - Processing vortex SCLK 671120289 found at ml index: 1244904
2025-06-19 13:36:01,968 - __main__ - INFO - Processing vortex SCLK 671126006 found at ml index: 1250026
2025-06-19 13:36:01,974 - __main__ - INFO - Processing vortex SCLK 671126607 found at ml index: 1250627
2025-06-19 13:36:01,982 - __main__ - INFO - Processing vortex SCLK 671127245 found at ml index: 1251265
2025-06-19 13:36:01,988 - __main__ - INFO - Processing vortex SCLK 671139428 found at ml index: 1260040
2025-06-19 13:36:01,995 - __main__ - INFO - Processing vortex SCLK 671204280 found at ml index: 1299428
2025-06-19 13:36:02,001 - __main__ - INFO - Processing vortex SCLK 671213291 found at ml index: 1306235
2025-06-19 13:36:02,007 - __main__ - INFO - Processing vortex SCLK 671214052 found at ml index: 1306996
2025-06-19 13:36:02,015 - __main__ - INFO - Processing vortex SCLK 671224977 found at ml index: 1314440
2025-06-19 13:36:02,022 - __main__ - INFO - Processing vortex SCLK 671291649 found at ml index: 1353739
2025-06-19 13:36:02,028 - __main__ - INFO - Processing vortex SCLK 671294608 found at ml index: 1356698
2025-06-19 13:36:02,034 - __main__ - INFO - Processing vortex SCLK 671302478 found at ml index: 1361737
2025-06-19 13:36:02,042 - __main__ - INFO - Processing vortex SCLK 671302909 found at ml index: 1362168
2025-06-19 13:36:02,048 - __main__ - INFO - Processing vortex SCLK 671308300 found at ml index: 1365532
2025-06-19 13:36:02,055 - __main__ - INFO - Processing vortex SCLK 671376036 found at ml index: 1404444
2025-06-19 13:36:02,061 - __main__ - INFO - Processing vortex SCLK 671376059 found at ml index: 1404467
2025-06-19 13:36:02,069 - __main__ - INFO - Processing vortex SCLK 671376348 found at ml index: 1404756
2025-06-19 13:36:02,077 - __main__ - INFO - Processing vortex SCLK 671376844 found at ml index: 1405252
2025-06-19 13:36:02,084 - __main__ - INFO - Processing vortex SCLK 671377912 found at ml index: 1406320
2025-06-19 13:36:02,091 - __main__ - INFO - Processing vortex SCLK 671379183 found at ml index: 1407591
2025-06-19 13:36:02,098 - __main__ - INFO - Processing vortex SCLK 671384112 found at ml index: 1412520
2025-06-19 13:36:02,104 - __main__ - INFO - Processing vortex SCLK 671391076 found at ml index: 1419484
2025-06-19 13:36:02,111 - __main__ - INFO - Processing vortex SCLK 671395245 found at ml index: 1422765
2025-06-19 13:36:02,118 - __main__ - INFO - Processing vortex SCLK 671466934 found at ml index: 1463807
2025-06-19 13:36:02,124 - __main__ - INFO - Processing vortex SCLK 671468200 found at ml index: 1465073
2025-06-19 13:36:02,132 - __main__ - INFO - Processing vortex SCLK 671559311 found at ml index: 1524850
2025-06-19 13:36:02,139 - __main__ - INFO - Processing vortex SCLK 671560213 found at ml index: 1525752
2025-06-19 13:36:02,146 - __main__ - INFO - Processing vortex SCLK 671561065 found at ml index: 1526604
2025-06-19 13:36:02,153 - __main__ - INFO - Processing vortex SCLK 671563881 found at ml index: 1529420
2025-06-19 13:36:02,161 - __main__ - INFO - Processing vortex SCLK 671570327 found at ml index: 1532373
2025-06-19 13:36:02,168 - __main__ - INFO - Processing vortex SCLK 671641441 found at ml index: 1572853
2025-06-19 13:36:02,174 - __main__ - INFO - Processing vortex SCLK 671644549 found at ml index: 1575961
2025-06-19 13:36:02,181 - __main__ - INFO - Processing vortex SCLK 671645443 found at ml index: 1576855
2025-06-19 13:36:02,188 - __main__ - INFO - Processing vortex SCLK 671648210 found at ml index: 1579622
2025-06-19 13:36:02,195 - __main__ - INFO - Processing vortex SCLK 671656101 found at ml index: 1585256
2025-06-19 13:36:02,203 - __main__ - INFO - Processing vortex SCLK 671731643 found at ml index: 1630294
2025-06-19 13:36:02,209 - __main__ - INFO - Processing vortex SCLK 671740824 found at ml index: 1639475
2025-06-19 13:36:02,217 - __main__ - INFO - Processing vortex SCLK 671746873 found at ml index: 1643237
2025-06-19 13:36:02,223 - __main__ - INFO - Processing vortex SCLK 671823162 found at ml index: 1688879
2025-06-19 13:36:02,230 - __main__ - INFO - Processing vortex SCLK 671823654 found at ml index: 1689371
2025-06-19 13:36:02,237 - __main__ - INFO - Processing vortex SCLK 671823993 found at ml index: 1689710
2025-06-19 13:36:02,243 - __main__ - INFO - Processing vortex SCLK 671824646 found at ml index: 1690363
2025-06-19 13:36:02,250 - __main__ - INFO - Processing vortex SCLK 671825542 found at ml index: 1691259
2025-06-19 13:36:02,258 - __main__ - INFO - Processing vortex SCLK 671831605 found at ml index: 1697322
2025-06-19 13:36:02,264 - __main__ - INFO - Processing vortex SCLK 671834757 found at ml index: 1700474
2025-06-19 13:36:02,272 - __main__ - INFO - Processing vortex SCLK 671904824 found at ml index: 1740981
2025-06-19 13:36:02,280 - __main__ - INFO - Processing vortex SCLK 671909321 found at ml index: 1743885
2025-06-19 13:36:02,287 - __main__ - INFO - Processing vortex SCLK 671911350 found at ml index: 1745914
2025-06-19 13:36:02,294 - __main__ - INFO - Processing vortex SCLK 671913231 found at ml index: 1747795
2025-06-19 13:36:02,302 - __main__ - INFO - Processing vortex SCLK 671915681 found at ml index: 1750245
2025-06-19 13:36:02,308 - __main__ - INFO - Processing vortex SCLK 671916470 found at ml index: 1751034
2025-06-19 13:36:02,315 - __main__ - INFO - Processing vortex SCLK 671920779 found at ml index: 1755343
2025-06-19 13:36:02,323 - __main__ - INFO - Processing vortex SCLK 671921784 found at ml index: 1756348
2025-06-19 13:36:02,330 - __main__ - INFO - Processing vortex SCLK 671995990 found at ml index: 1801016
2025-06-19 13:36:02,337 - __main__ - INFO - Processing vortex SCLK 672002175 found at ml index: 1807201
2025-06-19 13:36:02,344 - __main__ - INFO - Processing vortex SCLK 672002362 found at ml index: 1807388
2025-06-19 13:36:02,351 - __main__ - INFO - Processing vortex SCLK 672104482 found at ml index: 1874652
2025-06-19 13:36:02,358 - __main__ - INFO - Processing vortex SCLK 672178090 found at ml index: 1921075
2025-06-19 13:36:02,365 - __main__ - INFO - Processing vortex SCLK 672180689 found at ml index: 1923674
2025-06-19 13:36:02,372 - __main__ - INFO - Processing vortex SCLK 672181444 found at ml index: 1924429
2025-06-19 13:36:02,379 - __main__ - INFO - Processing vortex SCLK 672182115 found at ml index: 1925100
2025-06-19 13:36:02,386 - __main__ - INFO - Processing vortex SCLK 672183596 found at ml index: 1926581
2025-06-19 13:36:02,395 - __main__ - INFO - Processing vortex SCLK 672185170 found at ml index: 1928155
2025-06-19 13:36:02,402 - __main__ - INFO - Processing vortex SCLK 672190662 found at ml index: 1931494
2025-06-19 13:36:02,408 - __main__ - INFO - Processing vortex SCLK 672267244 found at ml index: 1979457
2025-06-19 13:36:02,415 - __main__ - INFO - Processing vortex SCLK 672269283 found at ml index: 1981496
2025-06-19 13:36:02,421 - __main__ - INFO - Processing vortex SCLK 672269792 found at ml index: 1982005
2025-06-19 13:36:02,428 - __main__ - INFO - Processing vortex SCLK 672350659 found at ml index: 2035489
2025-06-19 13:36:02,436 - __main__ - INFO - Processing vortex SCLK 672352068 found at ml index: 2036898
2025-06-19 13:36:02,442 - __main__ - INFO - Processing vortex SCLK 672355502 found at ml index: 2040332
2025-06-19 13:36:02,448 - __main__ - INFO - Processing vortex SCLK 672357238 found at ml index: 2042068
2025-06-19 13:36:02,456 - __main__ - INFO - Processing vortex SCLK 672359382 found at ml index: 2044212
2025-06-19 13:36:02,463 - __main__ - INFO - Processing vortex SCLK 672362559 found at ml index: 2047389
2025-06-19 13:36:02,470 - __main__ - INFO - Processing vortex SCLK 672365510 found at ml index: 2050340
2025-06-19 13:36:02,477 - __main__ - INFO - Processing vortex SCLK 672365820 found at ml index: 2050650
2025-06-19 13:36:02,484 - __main__ - INFO - Processing vortex SCLK 672445220 found at ml index: 2096997
2025-06-19 13:36:02,490 - __main__ - INFO - Processing vortex SCLK 672445462 found at ml index: 2097239
2025-06-19 13:36:02,497 - __main__ - INFO - Processing vortex SCLK 672446338 found at ml index: 2098115
2025-06-19 13:36:02,504 - __main__ - INFO - Processing vortex SCLK 672528720 found at ml index: 2150565
2025-06-19 13:36:02,511 - __main__ - INFO - Processing vortex SCLK 672531916 found at ml index: 2153761
2025-06-19 13:36:02,518 - __main__ - WARNING - SCLK value 672538692 not found in ml data; skipping.
2025-06-19 13:36:02,522 - __main__ - WARNING - SCLK value 672546578 not found in ml data; skipping.
2025-06-19 13:36:02,524 - __main__ - WARNING - SCLK value 672548966 not found in ml data; skipping.
2025-06-19 13:36:02,526 - __main__ - WARNING - SCLK value 672621236 not found in ml data; skipping.
2025-06-19 13:36:02,528 - __main__ - WARNING - SCLK value 672622288 not found in ml data; skipping.
2025-06-19 13:36:02,530 - __main__ - WARNING - SCLK value 672624313 not found in ml data; skipping.
2025-06-19 13:36:02,532 - __main__ - WARNING - SCLK value 672624475 not found in ml data; skipping.
2025-06-19 13:36:02,535 - __main__ - WARNING - SCLK value 672626109 not found in ml data; skipping.
2025-06-19 13:36:02,537 - __main__ - WARNING - SCLK value 672626122 not found in ml data; skipping.
2025-06-19 13:36:02,539 - __main__ - WARNING - SCLK value 672706787 not found in ml data; skipping.
2025-06-19 13:36:02,541 - __main__ - WARNING - SCLK value 672709027 not found in ml data; skipping.
2025-06-19 13:36:02,544 - __main__ - WARNING - SCLK value 672711149 not found in ml data; skipping.
2025-06-19 13:36:02,546 - __main__ - WARNING - SCLK value 672711621 not found in ml data; skipping.
2025-06-19 13:36:02,549 - __main__ - WARNING - SCLK value 672713266 not found in ml data; skipping.
2025-06-19 13:36:02,552 - __main__ - WARNING - SCLK value 672713337 not found in ml data; skipping.
2025-06-19 13:36:02,554 - __main__ - WARNING - SCLK value 672715961 not found in ml data; skipping.
2025-06-19 13:36:02,556 - __main__ - WARNING - SCLK value 672718373 not found in ml data; skipping.
2025-06-19 13:36:02,558 - __main__ - WARNING - SCLK value 672719375 not found in ml data; skipping.
2025-06-19 13:36:02,560 - __main__ - WARNING - SCLK value 672721953 not found in ml data; skipping.
2025-06-19 13:36:02,562 - __main__ - WARNING - SCLK value 672801263 not found in ml data; skipping.
2025-06-19 13:36:02,564 - __main__ - WARNING - SCLK value 672801630 not found in ml data; skipping.
2025-06-19 13:36:02,566 - __main__ - WARNING - SCLK value 672804797 not found in ml data; skipping.
2025-06-19 13:36:02,568 - __main__ - WARNING - SCLK value 672884603 not found in ml data; skipping.
2025-06-19 13:36:02,572 - __main__ - WARNING - SCLK value 672884933 not found in ml data; skipping.
2025-06-19 13:36:02,574 - __main__ - WARNING - SCLK value 672885216 not found in ml data; skipping.
2025-06-19 13:36:02,576 - __main__ - WARNING - SCLK value 672889286 not found in ml data; skipping.
2025-06-19 13:36:02,578 - __main__ - WARNING - SCLK value 672890283 not found in ml data; skipping.
2025-06-19 13:36:02,580 - __main__ - WARNING - SCLK value 672894510 not found in ml data; skipping.
2025-06-19 13:36:02,582 - __main__ - WARNING - SCLK value 672964384 not found in ml data; skipping.
2025-06-19 13:36:02,584 - __main__ - WARNING - SCLK value 672973742 not found in ml data; skipping.
2025-06-19 13:36:02,587 - __main__ - WARNING - SCLK value 672976272 not found in ml data; skipping.
2025-06-19 13:36:02,588 - __main__ - WARNING - SCLK value 672979607 not found in ml data; skipping.
2025-06-19 13:36:02,592 - __main__ - WARNING - SCLK value 672983982 not found in ml data; skipping.
2025-06-19 13:36:02,594 - __main__ - WARNING - SCLK value 672984068 not found in ml data; skipping.
2025-06-19 13:36:02,596 - __main__ - WARNING - SCLK value 672984973 not found in ml data; skipping.
2025-06-19 13:36:02,598 - __main__ - WARNING - SCLK value 672985340 not found in ml data; skipping.
2025-06-19 13:36:02,600 - __main__ - WARNING - SCLK value 673068974 not found in ml data; skipping.
2025-06-19 13:36:02,602 - __main__ - WARNING - SCLK value 673072073 not found in ml data; skipping.
2025-06-19 13:36:02,604 - __main__ - WARNING - SCLK value 673076429 not found in ml data; skipping.
2025-06-19 13:36:02,607 - __main__ - WARNING - SCLK value 673078972 not found in ml data; skipping.
2025-06-19 13:36:02,609 - __main__ - WARNING - SCLK value 673147721 not found in ml data; skipping.
2025-06-19 13:36:02,610 - __main__ - WARNING - SCLK value 673240962 not found in ml data; skipping.
2025-06-19 13:36:02,613 - __main__ - WARNING - SCLK value 673242020 not found in ml data; skipping.
2025-06-19 13:36:02,615 - __main__ - WARNING - SCLK value 673243964 not found in ml data; skipping.
2025-06-19 13:36:02,617 - __main__ - WARNING - SCLK value 673245884 not found in ml data; skipping.
2025-06-19 13:36:02,620 - __main__ - WARNING - SCLK value 673251635 not found in ml data; skipping.
2025-06-19 13:36:02,623 - __main__ - WARNING - SCLK value 673254242 not found in ml data; skipping.
2025-06-19 13:36:02,625 - __main__ - WARNING - SCLK value 673328658 not found in ml data; skipping.
2025-06-19 13:36:02,627 - __main__ - WARNING - SCLK value 673329003 not found in ml data; skipping.
2025-06-19 13:36:02,629 - __main__ - WARNING - SCLK value 673332835 not found in ml data; skipping.
2025-06-19 13:36:02,632 - __main__ - WARNING - SCLK value 673332863 not found in ml data; skipping.
2025-06-19 13:36:02,634 - __main__ - WARNING - SCLK value 673334070 not found in ml data; skipping.
2025-06-19 13:36:02,636 - __main__ - WARNING - SCLK value 673334708 not found in ml data; skipping.
2025-06-19 13:36:02,638 - __main__ - WARNING - SCLK value 673338788 not found in ml data; skipping.
2025-06-19 13:36:02,640 - __main__ - WARNING - SCLK value 673340481 not found in ml data; skipping.
2025-06-19 13:36:02,642 - __main__ - WARNING - SCLK value 673344227 not found in ml data; skipping.
2025-06-19 13:36:02,645 - __main__ - WARNING - SCLK value 673424713 not found in ml data; skipping.
2025-06-19 13:36:02,647 - __main__ - WARNING - SCLK value 673429348 not found in ml data; skipping.
2025-06-19 13:36:02,650 - __main__ - WARNING - SCLK value 673500853 not found in ml data; skipping.
2025-06-19 13:36:02,652 - __main__ - WARNING - SCLK value 673512599 not found in ml data; skipping.
2025-06-19 13:36:02,654 - __main__ - WARNING - SCLK value 673513373 not found in ml data; skipping.
2025-06-19 13:36:02,657 - __main__ - WARNING - SCLK value 673514725 not found in ml data; skipping.
2025-06-19 13:36:02,659 - __main__ - WARNING - SCLK value 673594180 not found in ml data; skipping.
2025-06-19 13:36:02,661 - __main__ - WARNING - SCLK value 673597335 not found in ml data; skipping.
2025-06-19 13:36:02,663 - __main__ - WARNING - SCLK value 673598754 not found in ml data; skipping.
2025-06-19 13:36:02,665 - __main__ - WARNING - SCLK value 673606937 not found in ml data; skipping.
2025-06-19 13:36:02,668 - __main__ - WARNING - SCLK value 673680243 not found in ml data; skipping.
2025-06-19 13:36:02,670 - __main__ - WARNING - SCLK value 673681579 not found in ml data; skipping.
2025-06-19 13:36:02,671 - __main__ - WARNING - SCLK value 673685675 not found in ml data; skipping.
2025-06-19 13:36:02,674 - __main__ - WARNING - SCLK value 673694236 not found in ml data; skipping.
2025-06-19 13:36:02,676 - __main__ - WARNING - SCLK value 673694529 not found in ml data; skipping.
2025-06-19 13:36:02,678 - __main__ - WARNING - SCLK value 673773378 not found in ml data; skipping.
2025-06-19 13:36:02,681 - __main__ - WARNING - SCLK value 673779637 not found in ml data; skipping.
2025-06-19 13:36:02,683 - __main__ - WARNING - SCLK value 673781075 not found in ml data; skipping.
2025-06-19 13:36:02,685 - __main__ - WARNING - SCLK value 673858855 not found in ml data; skipping.
2025-06-19 13:36:02,688 - __main__ - WARNING - SCLK value 673863604 not found in ml data; skipping.
2025-06-19 13:36:02,690 - __main__ - WARNING - SCLK value 673865805 not found in ml data; skipping.
2025-06-19 13:36:02,692 - __main__ - WARNING - SCLK value 673874053 not found in ml data; skipping.
2025-06-19 13:36:02,695 - __main__ - WARNING - SCLK value 673948338 not found in ml data; skipping.
2025-06-19 13:36:02,697 - __main__ - WARNING - SCLK value 673951488 not found in ml data; skipping.
2025-06-19 13:36:02,700 - __main__ - WARNING - SCLK value 673955512 not found in ml data; skipping.
2025-06-19 13:36:02,703 - __main__ - WARNING - SCLK value 673958960 not found in ml data; skipping.
2025-06-19 13:36:02,705 - __main__ - WARNING - SCLK value 674041445 not found in ml data; skipping.
2025-06-19 13:36:02,707 - __main__ - WARNING - SCLK value 674042999 not found in ml data; skipping.
2025-06-19 13:36:02,710 - __main__ - WARNING - SCLK value 674044064 not found in ml data; skipping.
2025-06-19 13:36:02,712 - __main__ - WARNING - SCLK value 674051268 not found in ml data; skipping.
2025-06-19 13:36:02,714 - __main__ - WARNING - SCLK value 674056174 not found in ml data; skipping.
2025-06-19 13:36:02,716 - __main__ - WARNING - SCLK value 674122081 not found in ml data; skipping.
2025-06-19 13:36:02,718 - __main__ - WARNING - SCLK value 674128125 not found in ml data; skipping.
2025-06-19 13:36:02,721 - __main__ - WARNING - SCLK value 674128981 not found in ml data; skipping.
2025-06-19 13:36:02,723 - __main__ - WARNING - SCLK value 674133319 not found in ml data; skipping.
2025-06-19 13:36:02,725 - __main__ - WARNING - SCLK value 674140571 not found in ml data; skipping.
2025-06-19 13:36:02,727 - __main__ - WARNING - SCLK value 674213517 not found in ml data; skipping.
2025-06-19 13:36:02,729 - __main__ - WARNING - SCLK value 674218894 not found in ml data; skipping.
2025-06-19 13:36:02,732 - __main__ - WARNING - SCLK value 674228677 not found in ml data; skipping.
2025-06-19 13:36:02,734 - __main__ - WARNING - SCLK value 674304877 not found in ml data; skipping.
2025-06-19 13:36:02,736 - __main__ - WARNING - SCLK value 674307030 not found in ml data; skipping.
2025-06-19 13:36:02,738 - __main__ - WARNING - SCLK value 674307104 not found in ml data; skipping.
2025-06-19 13:36:02,740 - __main__ - WARNING - SCLK value 674317907 not found in ml data; skipping.
2025-06-19 13:36:02,742 - __main__ - WARNING - SCLK value 674398187 not found in ml data; skipping.
2025-06-19 13:36:02,744 - __main__ - WARNING - SCLK value 674410494 not found in ml data; skipping.
2025-06-19 13:36:02,746 - __main__ - WARNING - SCLK value 674482627 not found in ml data; skipping.
2025-06-19 13:36:02,748 - __main__ - WARNING - SCLK value 674483906 not found in ml data; skipping.
2025-06-19 13:36:02,751 - __main__ - WARNING - SCLK value 674484439 not found in ml data; skipping.
2025-06-19 13:36:02,753 - __main__ - WARNING - SCLK value 674491238 not found in ml data; skipping.
2025-06-19 13:36:02,756 - __main__ - WARNING - SCLK value 674492008 not found in ml data; skipping.
2025-06-19 13:36:02,758 - __main__ - WARNING - SCLK value 674497424 not found in ml data; skipping.
2025-06-19 13:36:02,760 - __main__ - WARNING - SCLK value 674498121 not found in ml data; skipping.
2025-06-19 13:36:02,762 - __main__ - WARNING - SCLK value 674568708 not found in ml data; skipping.
2025-06-19 13:36:02,764 - __main__ - WARNING - SCLK value 674573756 not found in ml data; skipping.
2025-06-19 13:36:02,766 - __main__ - WARNING - SCLK value 674575721 not found in ml data; skipping.
2025-06-19 13:36:02,768 - __main__ - WARNING - SCLK value 674582484 not found in ml data; skipping.
2025-06-19 13:36:02,771 - __main__ - WARNING - SCLK value 674666247 not found in ml data; skipping.
2025-06-19 13:36:02,773 - __main__ - WARNING - SCLK value 674666809 not found in ml data; skipping.
2025-06-19 13:36:02,775 - __main__ - WARNING - SCLK value 674667232 not found in ml data; skipping.
2025-06-19 13:36:02,778 - __main__ - WARNING - SCLK value 674669243 not found in ml data; skipping.
2025-06-19 13:36:02,780 - __main__ - WARNING - SCLK value 674751396 not found in ml data; skipping.
2025-06-19 13:36:02,782 - __main__ - WARNING - SCLK value 674837510 not found in ml data; skipping.
2025-06-19 13:36:02,784 - __main__ - WARNING - SCLK value 674845274 not found in ml data; skipping.
2025-06-19 13:36:02,786 - __main__ - WARNING - SCLK value 674846962 not found in ml data; skipping.
2025-06-19 13:36:02,788 - __main__ - WARNING - SCLK value 674850855 not found in ml data; skipping.
2025-06-19 13:36:02,800 - __main__ - INFO - Processing validation data around vortex events...
2025-06-19 13:36:02,801 - __main__ - WARNING - SCLK value 668288145 not found in ml data; skipping.
2025-06-19 13:36:02,802 - __main__ - WARNING - SCLK value 668288356 not found in ml data; skipping.
2025-06-19 13:36:02,803 - __main__ - WARNING - SCLK value 668363851 not found in ml data; skipping.
2025-06-19 13:36:02,804 - __main__ - WARNING - SCLK value 668370696 not found in ml data; skipping.
2025-06-19 13:36:02,804 - __main__ - WARNING - SCLK value 668373458 not found in ml data; skipping.
2025-06-19 13:36:02,805 - __main__ - WARNING - SCLK value 668450709 not found in ml data; skipping.
2025-06-19 13:36:02,806 - __main__ - WARNING - SCLK value 668451679 not found in ml data; skipping.
2025-06-19 13:36:02,807 - __main__ - WARNING - SCLK value 668465594 not found in ml data; skipping.
2025-06-19 13:36:02,807 - __main__ - WARNING - SCLK value 668471362 not found in ml data; skipping.
2025-06-19 13:36:02,808 - __main__ - WARNING - SCLK value 668534767 not found in ml data; skipping.
2025-06-19 13:36:02,808 - __main__ - WARNING - SCLK value 668540964 not found in ml data; skipping.
2025-06-19 13:36:02,808 - __main__ - WARNING - SCLK value 668541515 not found in ml data; skipping.
2025-06-19 13:36:02,810 - __main__ - WARNING - SCLK value 668542064 not found in ml data; skipping.
2025-06-19 13:36:02,811 - __main__ - WARNING - SCLK value 668542340 not found in ml data; skipping.
2025-06-19 13:36:02,812 - __main__ - WARNING - SCLK value 668551101 not found in ml data; skipping.
2025-06-19 13:36:02,813 - __main__ - WARNING - SCLK value 668555682 not found in ml data; skipping.
2025-06-19 13:36:02,814 - __main__ - WARNING - SCLK value 668556124 not found in ml data; skipping.
2025-06-19 13:36:02,814 - __main__ - WARNING - SCLK value 668557517 not found in ml data; skipping.
2025-06-19 13:36:02,815 - __main__ - WARNING - SCLK value 668716847 not found in ml data; skipping.
2025-06-19 13:36:02,816 - __main__ - WARNING - SCLK value 668723694 not found in ml data; skipping.
2025-06-19 13:36:02,816 - __main__ - WARNING - SCLK value 668801790 not found in ml data; skipping.
2025-06-19 13:36:02,817 - __main__ - WARNING - SCLK value 668808927 not found in ml data; skipping.
2025-06-19 13:36:02,818 - __main__ - WARNING - SCLK value 668810541 not found in ml data; skipping.
2025-06-19 13:36:02,819 - __main__ - WARNING - SCLK value 668811652 not found in ml data; skipping.
2025-06-19 13:36:02,820 - __main__ - WARNING - SCLK value 668816129 not found in ml data; skipping.
2025-06-19 13:36:02,821 - __main__ - WARNING - SCLK value 669426485 not found in ml data; skipping.
2025-06-19 13:36:02,821 - __main__ - WARNING - SCLK value 669427340 not found in ml data; skipping.
2025-06-19 13:36:02,822 - __main__ - WARNING - SCLK value 669434405 not found in ml data; skipping.
2025-06-19 13:36:02,823 - __main__ - WARNING - SCLK value 669434703 not found in ml data; skipping.
2025-06-19 13:36:02,823 - __main__ - WARNING - SCLK value 669518763 not found in ml data; skipping.
2025-06-19 13:36:02,824 - __main__ - WARNING - SCLK value 669519478 not found in ml data; skipping.
2025-06-19 13:36:02,825 - __main__ - WARNING - SCLK value 669531860 not found in ml data; skipping.
2025-06-19 13:36:02,825 - __main__ - WARNING - SCLK value 669626803 not found in ml data; skipping.
2025-06-19 13:36:02,826 - __main__ - WARNING - SCLK value 669688619 not found in ml data; skipping.
2025-06-19 13:36:02,827 - __main__ - WARNING - SCLK value 669690018 not found in ml data; skipping.
2025-06-19 13:36:02,828 - __main__ - WARNING - SCLK value 669690620 not found in ml data; skipping.
2025-06-19 13:36:02,828 - __main__ - WARNING - SCLK value 669704197 not found in ml data; skipping.
2025-06-19 13:36:02,829 - __main__ - WARNING - SCLK value 669779409 not found in ml data; skipping.
2025-06-19 13:36:02,830 - __main__ - WARNING - SCLK value 669780445 not found in ml data; skipping.
2025-06-19 13:36:02,830 - __main__ - WARNING - SCLK value 669787866 not found in ml data; skipping.
2025-06-19 13:36:02,831 - __main__ - WARNING - SCLK value 669787881 not found in ml data; skipping.
2025-06-19 13:36:02,832 - __main__ - WARNING - SCLK value 669870405 not found in ml data; skipping.
2025-06-19 13:36:02,833 - __main__ - WARNING - SCLK value 669873580 not found in ml data; skipping.
2025-06-19 13:36:02,834 - __main__ - WARNING - SCLK value 669882031 not found in ml data; skipping.
2025-06-19 13:36:02,835 - __main__ - WARNING - SCLK value 669886865 not found in ml data; skipping.
2025-06-19 13:36:02,835 - __main__ - WARNING - SCLK value 669958088 not found in ml data; skipping.
2025-06-19 13:36:02,836 - __main__ - WARNING - SCLK value 669959376 not found in ml data; skipping.
2025-06-19 13:36:02,837 - __main__ - WARNING - SCLK value 669959712 not found in ml data; skipping.
2025-06-19 13:36:02,837 - __main__ - WARNING - SCLK value 669960008 not found in ml data; skipping.
2025-06-19 13:36:02,838 - __main__ - WARNING - SCLK value 669960347 not found in ml data; skipping.
2025-06-19 13:36:02,839 - __main__ - WARNING - SCLK value 669962940 not found in ml data; skipping.
2025-06-19 13:36:02,840 - __main__ - WARNING - SCLK value 669964312 not found in ml data; skipping.
2025-06-19 13:36:02,841 - __main__ - WARNING - SCLK value 669965150 not found in ml data; skipping.
2025-06-19 13:36:02,841 - __main__ - WARNING - SCLK value 669971696 not found in ml data; skipping.
2025-06-19 13:36:02,842 - __main__ - WARNING - SCLK value 670046942 not found in ml data; skipping.
2025-06-19 13:36:02,843 - __main__ - WARNING - SCLK value 670047546 not found in ml data; skipping.
2025-06-19 13:36:02,844 - __main__ - WARNING - SCLK value 670055611 not found in ml data; skipping.
2025-06-19 13:36:02,844 - __main__ - WARNING - SCLK value 670129653 not found in ml data; skipping.
2025-06-19 13:36:02,845 - __main__ - WARNING - SCLK value 670136668 not found in ml data; skipping.
2025-06-19 13:36:02,846 - __main__ - WARNING - SCLK value 670138695 not found in ml data; skipping.
2025-06-19 13:36:02,846 - __main__ - WARNING - SCLK value 670225439 not found in ml data; skipping.
2025-06-19 13:36:02,847 - __main__ - WARNING - SCLK value 670232335 not found in ml data; skipping.
2025-06-19 13:36:02,848 - __main__ - WARNING - SCLK value 670232986 not found in ml data; skipping.
2025-06-19 13:36:02,849 - __main__ - WARNING - SCLK value 670233871 not found in ml data; skipping.
2025-06-19 13:36:02,849 - __main__ - WARNING - SCLK value 670313772 not found in ml data; skipping.
2025-06-19 13:36:02,851 - __main__ - WARNING - SCLK value 670315385 not found in ml data; skipping.
2025-06-19 13:36:02,852 - __main__ - WARNING - SCLK value 670317790 not found in ml data; skipping.
2025-06-19 13:36:02,853 - __main__ - WARNING - SCLK value 670321691 not found in ml data; skipping.
2025-06-19 13:36:02,853 - __main__ - WARNING - SCLK value 670325686 not found in ml data; skipping.
2025-06-19 13:36:02,855 - __main__ - WARNING - SCLK value 670329256 not found in ml data; skipping.
2025-06-19 13:36:02,855 - __main__ - WARNING - SCLK value 670398725 not found in ml data; skipping.
2025-06-19 13:36:02,856 - __main__ - WARNING - SCLK value 670402854 not found in ml data; skipping.
2025-06-19 13:36:02,857 - __main__ - WARNING - SCLK value 670403870 not found in ml data; skipping.
2025-06-19 13:36:02,858 - __main__ - WARNING - SCLK value 670409834 not found in ml data; skipping.
2025-06-19 13:36:02,858 - __main__ - WARNING - SCLK value 670412275 not found in ml data; skipping.
2025-06-19 13:36:02,859 - __main__ - WARNING - SCLK value 670412326 not found in ml data; skipping.
2025-06-19 13:36:02,859 - __main__ - WARNING - SCLK value 670578458 not found in ml data; skipping.
2025-06-19 13:36:02,860 - __main__ - WARNING - SCLK value 670580613 not found in ml data; skipping.
2025-06-19 13:36:02,861 - __main__ - WARNING - SCLK value 670584569 not found in ml data; skipping.
2025-06-19 13:36:02,862 - __main__ - WARNING - SCLK value 670584657 not found in ml data; skipping.
2025-06-19 13:36:02,863 - __main__ - WARNING - SCLK value 670587674 not found in ml data; skipping.
2025-06-19 13:36:02,864 - __main__ - WARNING - SCLK value 670594461 not found in ml data; skipping.
2025-06-19 13:36:02,865 - __main__ - WARNING - SCLK value 670841835 not found in ml data; skipping.
2025-06-19 13:36:02,865 - __main__ - WARNING - SCLK value 670842459 not found in ml data; skipping.
2025-06-19 13:36:02,866 - __main__ - WARNING - SCLK value 670849047 not found in ml data; skipping.
2025-06-19 13:36:02,867 - __main__ - WARNING - SCLK value 670852738 not found in ml data; skipping.
2025-06-19 13:36:02,868 - __main__ - WARNING - SCLK value 670856365 not found in ml data; skipping.
2025-06-19 13:36:02,869 - __main__ - WARNING - SCLK value 670859755 not found in ml data; skipping.
2025-06-19 13:36:02,869 - __main__ - WARNING - SCLK value 670870370 not found in ml data; skipping.
2025-06-19 13:36:02,870 - __main__ - WARNING - SCLK value 670929808 not found in ml data; skipping.
2025-06-19 13:36:02,871 - __main__ - WARNING - SCLK value 670930554 not found in ml data; skipping.
2025-06-19 13:36:02,871 - __main__ - WARNING - SCLK value 670933108 not found in ml data; skipping.
2025-06-19 13:36:02,872 - __main__ - WARNING - SCLK value 670934582 not found in ml data; skipping.
2025-06-19 13:36:02,873 - __main__ - WARNING - SCLK value 670938327 not found in ml data; skipping.
2025-06-19 13:36:02,874 - __main__ - WARNING - SCLK value 670938389 not found in ml data; skipping.
2025-06-19 13:36:02,874 - __main__ - WARNING - SCLK value 670940703 not found in ml data; skipping.
2025-06-19 13:36:02,875 - __main__ - WARNING - SCLK value 670945386 not found in ml data; skipping.
2025-06-19 13:36:02,876 - __main__ - WARNING - SCLK value 670961352 not found in ml data; skipping.
2025-06-19 13:36:02,877 - __main__ - WARNING - SCLK value 671024106 not found in ml data; skipping.
2025-06-19 13:36:02,878 - __main__ - WARNING - SCLK value 671027864 not found in ml data; skipping.
2025-06-19 13:36:02,878 - __main__ - WARNING - SCLK value 671027972 not found in ml data; skipping.
2025-06-19 13:36:02,879 - __main__ - WARNING - SCLK value 671033906 not found in ml data; skipping.
2025-06-19 13:36:02,880 - __main__ - WARNING - SCLK value 671039200 not found in ml data; skipping.
2025-06-19 13:36:02,880 - __main__ - WARNING - SCLK value 671109364 not found in ml data; skipping.
2025-06-19 13:36:02,881 - __main__ - WARNING - SCLK value 671113914 not found in ml data; skipping.
2025-06-19 13:36:02,882 - __main__ - WARNING - SCLK value 671114679 not found in ml data; skipping.
2025-06-19 13:36:02,883 - __main__ - WARNING - SCLK value 671115255 not found in ml data; skipping.
2025-06-19 13:36:02,884 - __main__ - WARNING - SCLK value 671115289 not found in ml data; skipping.
2025-06-19 13:36:02,884 - __main__ - WARNING - SCLK value 671120289 not found in ml data; skipping.
2025-06-19 13:36:02,885 - __main__ - WARNING - SCLK value 671126006 not found in ml data; skipping.
2025-06-19 13:36:02,886 - __main__ - WARNING - SCLK value 671126607 not found in ml data; skipping.
2025-06-19 13:36:02,887 - __main__ - WARNING - SCLK value 671127245 not found in ml data; skipping.
2025-06-19 13:36:02,887 - __main__ - WARNING - SCLK value 671139428 not found in ml data; skipping.
2025-06-19 13:36:02,888 - __main__ - WARNING - SCLK value 671204280 not found in ml data; skipping.
2025-06-19 13:36:02,888 - __main__ - WARNING - SCLK value 671213291 not found in ml data; skipping.
2025-06-19 13:36:02,890 - __main__ - WARNING - SCLK value 671214052 not found in ml data; skipping.
2025-06-19 13:36:02,891 - __main__ - WARNING - SCLK value 671224977 not found in ml data; skipping.
2025-06-19 13:36:02,892 - __main__ - WARNING - SCLK value 671291649 not found in ml data; skipping.
2025-06-19 13:36:02,893 - __main__ - WARNING - SCLK value 671294608 not found in ml data; skipping.
2025-06-19 13:36:02,893 - __main__ - WARNING - SCLK value 671302478 not found in ml data; skipping.
2025-06-19 13:36:02,894 - __main__ - WARNING - SCLK value 671302909 not found in ml data; skipping.
2025-06-19 13:36:02,895 - __main__ - WARNING - SCLK value 671308300 not found in ml data; skipping.
2025-06-19 13:36:02,895 - __main__ - WARNING - SCLK value 671376036 not found in ml data; skipping.
2025-06-19 13:36:02,896 - __main__ - WARNING - SCLK value 671376059 not found in ml data; skipping.
2025-06-19 13:36:02,897 - __main__ - WARNING - SCLK value 671376348 not found in ml data; skipping.
2025-06-19 13:36:02,898 - __main__ - WARNING - SCLK value 671376844 not found in ml data; skipping.
2025-06-19 13:36:02,899 - __main__ - WARNING - SCLK value 671377912 not found in ml data; skipping.
2025-06-19 13:36:02,899 - __main__ - WARNING - SCLK value 671379183 not found in ml data; skipping.
2025-06-19 13:36:02,900 - __main__ - WARNING - SCLK value 671384112 not found in ml data; skipping.
2025-06-19 13:36:02,901 - __main__ - WARNING - SCLK value 671391076 not found in ml data; skipping.
2025-06-19 13:36:02,901 - __main__ - WARNING - SCLK value 671395245 not found in ml data; skipping.
2025-06-19 13:36:02,902 - __main__ - WARNING - SCLK value 671466934 not found in ml data; skipping.
2025-06-19 13:36:02,903 - __main__ - WARNING - SCLK value 671468200 not found in ml data; skipping.
2025-06-19 13:36:02,904 - __main__ - WARNING - SCLK value 671559311 not found in ml data; skipping.
2025-06-19 13:36:02,904 - __main__ - WARNING - SCLK value 671560213 not found in ml data; skipping.
2025-06-19 13:36:02,905 - __main__ - WARNING - SCLK value 671561065 not found in ml data; skipping.
2025-06-19 13:36:02,906 - __main__ - WARNING - SCLK value 671563881 not found in ml data; skipping.
2025-06-19 13:36:02,907 - __main__ - WARNING - SCLK value 671570327 not found in ml data; skipping.
2025-06-19 13:36:02,907 - __main__ - WARNING - SCLK value 671641441 not found in ml data; skipping.
2025-06-19 13:36:02,908 - __main__ - WARNING - SCLK value 671644549 not found in ml data; skipping.
2025-06-19 13:36:02,908 - __main__ - WARNING - SCLK value 671645443 not found in ml data; skipping.
2025-06-19 13:36:02,909 - __main__ - WARNING - SCLK value 671648210 not found in ml data; skipping.
2025-06-19 13:36:02,909 - __main__ - WARNING - SCLK value 671656101 not found in ml data; skipping.
2025-06-19 13:36:02,910 - __main__ - WARNING - SCLK value 671731643 not found in ml data; skipping.
2025-06-19 13:36:02,911 - __main__ - WARNING - SCLK value 671740824 not found in ml data; skipping.
2025-06-19 13:36:02,912 - __main__ - WARNING - SCLK value 671746873 not found in ml data; skipping.
2025-06-19 13:36:02,912 - __main__ - WARNING - SCLK value 671823162 not found in ml data; skipping.
2025-06-19 13:36:02,913 - __main__ - WARNING - SCLK value 671823654 not found in ml data; skipping.
2025-06-19 13:36:02,915 - __main__ - WARNING - SCLK value 671823993 not found in ml data; skipping.
2025-06-19 13:36:02,915 - __main__ - WARNING - SCLK value 671824646 not found in ml data; skipping.
2025-06-19 13:36:02,915 - __main__ - WARNING - SCLK value 671825542 not found in ml data; skipping.
2025-06-19 13:36:02,916 - __main__ - WARNING - SCLK value 671831605 not found in ml data; skipping.
2025-06-19 13:36:02,917 - __main__ - WARNING - SCLK value 671834757 not found in ml data; skipping.
2025-06-19 13:36:02,918 - __main__ - WARNING - SCLK value 671904824 not found in ml data; skipping.
2025-06-19 13:36:02,918 - __main__ - WARNING - SCLK value 671909321 not found in ml data; skipping.
2025-06-19 13:36:02,919 - __main__ - WARNING - SCLK value 671911350 not found in ml data; skipping.
2025-06-19 13:36:02,921 - __main__ - WARNING - SCLK value 671913231 not found in ml data; skipping.
2025-06-19 13:36:02,921 - __main__ - WARNING - SCLK value 671915681 not found in ml data; skipping.
2025-06-19 13:36:02,922 - __main__ - WARNING - SCLK value 671916470 not found in ml data; skipping.
2025-06-19 13:36:02,923 - __main__ - WARNING - SCLK value 671920779 not found in ml data; skipping.
2025-06-19 13:36:02,923 - __main__ - WARNING - SCLK value 671921784 not found in ml data; skipping.
2025-06-19 13:36:02,924 - __main__ - WARNING - SCLK value 671995990 not found in ml data; skipping.
2025-06-19 13:36:02,925 - __main__ - WARNING - SCLK value 672002175 not found in ml data; skipping.
2025-06-19 13:36:02,926 - __main__ - WARNING - SCLK value 672002362 not found in ml data; skipping.
2025-06-19 13:36:02,926 - __main__ - WARNING - SCLK value 672104482 not found in ml data; skipping.
2025-06-19 13:36:02,927 - __main__ - WARNING - SCLK value 672178090 not found in ml data; skipping.
2025-06-19 13:36:02,928 - __main__ - WARNING - SCLK value 672180689 not found in ml data; skipping.
2025-06-19 13:36:02,928 - __main__ - WARNING - SCLK value 672181444 not found in ml data; skipping.
2025-06-19 13:36:02,928 - __main__ - WARNING - SCLK value 672182115 not found in ml data; skipping.
2025-06-19 13:36:02,929 - __main__ - WARNING - SCLK value 672183596 not found in ml data; skipping.
2025-06-19 13:36:02,930 - __main__ - WARNING - SCLK value 672185170 not found in ml data; skipping.
2025-06-19 13:36:02,931 - __main__ - WARNING - SCLK value 672190662 not found in ml data; skipping.
2025-06-19 13:36:02,931 - __main__ - WARNING - SCLK value 672267244 not found in ml data; skipping.
2025-06-19 13:36:02,932 - __main__ - WARNING - SCLK value 672269283 not found in ml data; skipping.
2025-06-19 13:36:02,933 - __main__ - WARNING - SCLK value 672269792 not found in ml data; skipping.
2025-06-19 13:36:02,933 - __main__ - WARNING - SCLK value 672350659 not found in ml data; skipping.
2025-06-19 13:36:02,934 - __main__ - WARNING - SCLK value 672352068 not found in ml data; skipping.
2025-06-19 13:36:02,935 - __main__ - WARNING - SCLK value 672355502 not found in ml data; skipping.
2025-06-19 13:36:02,935 - __main__ - WARNING - SCLK value 672357238 not found in ml data; skipping.
2025-06-19 13:36:02,936 - __main__ - WARNING - SCLK value 672359382 not found in ml data; skipping.
2025-06-19 13:36:02,937 - __main__ - WARNING - SCLK value 672362559 not found in ml data; skipping.
2025-06-19 13:36:02,938 - __main__ - WARNING - SCLK value 672365510 not found in ml data; skipping.
2025-06-19 13:36:02,939 - __main__ - WARNING - SCLK value 672365820 not found in ml data; skipping.
2025-06-19 13:36:02,939 - __main__ - WARNING - SCLK value 672445220 not found in ml data; skipping.
2025-06-19 13:36:02,941 - __main__ - WARNING - SCLK value 672445462 not found in ml data; skipping.
2025-06-19 13:36:02,941 - __main__ - WARNING - SCLK value 672446338 not found in ml data; skipping.
2025-06-19 13:36:02,942 - __main__ - WARNING - SCLK value 672528720 not found in ml data; skipping.
2025-06-19 13:36:02,943 - __main__ - WARNING - SCLK value 672531916 not found in ml data; skipping.
2025-06-19 13:36:02,944 - __main__ - INFO - Processing vortex SCLK 672538692 found at ml index: 2160537
2025-06-19 13:36:02,945 - __main__ - INFO - Processing vortex SCLK 672546578 found at ml index: 2165928
2025-06-19 13:36:02,946 - __main__ - INFO - Processing vortex SCLK 672548966 found at ml index: 2168316
2025-06-19 13:36:02,947 - __main__ - INFO - Processing vortex SCLK 672621236 found at ml index: 2212733
2025-06-19 13:36:02,948 - __main__ - INFO - Processing vortex SCLK 672622288 found at ml index: 2213785
2025-06-19 13:36:02,949 - __main__ - INFO - Processing vortex SCLK 672624313 found at ml index: 2215810
2025-06-19 13:36:02,950 - __main__ - INFO - Processing vortex SCLK 672624475 found at ml index: 2215972
2025-06-19 13:36:02,951 - __main__ - INFO - Processing vortex SCLK 672626109 found at ml index: 2217606
2025-06-19 13:36:02,952 - __main__ - INFO - Processing vortex SCLK 672626122 found at ml index: 2217619
2025-06-19 13:36:02,954 - __main__ - INFO - Processing vortex SCLK 672706787 found at ml index: 2270942
2025-06-19 13:36:02,955 - __main__ - INFO - Processing vortex SCLK 672709027 found at ml index: 2273182
2025-06-19 13:36:02,956 - __main__ - INFO - Processing vortex SCLK 672711149 found at ml index: 2275304
2025-06-19 13:36:02,958 - __main__ - INFO - Processing vortex SCLK 672711621 found at ml index: 2275776
2025-06-19 13:36:02,960 - __main__ - INFO - Processing vortex SCLK 672713266 found at ml index: 2277421
2025-06-19 13:36:02,961 - __main__ - INFO - Processing vortex SCLK 672713337 found at ml index: 2277492
2025-06-19 13:36:02,962 - __main__ - INFO - Processing vortex SCLK 672715961 found at ml index: 2280116
2025-06-19 13:36:02,963 - __main__ - INFO - Processing vortex SCLK 672718373 found at ml index: 2282528
2025-06-19 13:36:02,964 - __main__ - INFO - Processing vortex SCLK 672719375 found at ml index: 2283530
2025-06-19 13:36:02,965 - __main__ - INFO - Processing vortex SCLK 672721953 found at ml index: 2286108
2025-06-19 13:36:02,966 - __main__ - INFO - Processing vortex SCLK 672801263 found at ml index: 2334241
2025-06-19 13:36:02,968 - __main__ - INFO - Processing vortex SCLK 672801630 found at ml index: 2334608
2025-06-19 13:36:02,969 - __main__ - INFO - Processing vortex SCLK 672804797 found at ml index: 2337775
2025-06-19 13:36:02,970 - __main__ - INFO - Processing vortex SCLK 672884603 found at ml index: 2387935
2025-06-19 13:36:02,970 - __main__ - INFO - Processing vortex SCLK 672884933 found at ml index: 2388265
2025-06-19 13:36:02,972 - __main__ - INFO - Processing vortex SCLK 672885216 found at ml index: 2388548
2025-06-19 13:36:02,973 - __main__ - INFO - Processing vortex SCLK 672889286 found at ml index: 2392618
2025-06-19 13:36:02,975 - __main__ - INFO - Processing vortex SCLK 672890283 found at ml index: 2393615
2025-06-19 13:36:02,976 - __main__ - INFO - Processing vortex SCLK 672894510 found at ml index: 2397842
2025-06-19 13:36:02,977 - __main__ - INFO - Processing vortex SCLK 672964384 found at ml index: 2443850
2025-06-19 13:36:02,978 - __main__ - INFO - Processing vortex SCLK 672973742 found at ml index: 2448162
2025-06-19 13:36:02,980 - __main__ - INFO - Processing vortex SCLK 672976272 found at ml index: 2450692
2025-06-19 13:36:02,981 - __main__ - INFO - Processing vortex SCLK 672979607 found at ml index: 2454027
2025-06-19 13:36:02,982 - __main__ - INFO - Processing vortex SCLK 672983982 found at ml index: 2458402
2025-06-19 13:36:02,983 - __main__ - INFO - Processing vortex SCLK 672984068 found at ml index: 2458488
2025-06-19 13:36:02,985 - __main__ - INFO - Processing vortex SCLK 672984973 found at ml index: 2459393
2025-06-19 13:36:02,986 - __main__ - INFO - Processing vortex SCLK 672985340 found at ml index: 2459760
2025-06-19 13:36:02,987 - __main__ - INFO - Processing vortex SCLK 673068974 found at ml index: 2512676
2025-06-19 13:36:02,988 - __main__ - INFO - Processing vortex SCLK 673072073 found at ml index: 2515775
2025-06-19 13:36:02,989 - __main__ - INFO - Processing vortex SCLK 673076429 found at ml index: 2518680
2025-06-19 13:36:02,990 - __main__ - INFO - Processing vortex SCLK 673078972 found at ml index: 2521223
2025-06-19 13:36:02,991 - __main__ - INFO - Processing vortex SCLK 673147721 found at ml index: 2565489
2025-06-19 13:36:02,992 - __main__ - INFO - Processing vortex SCLK 673240962 found at ml index: 2629833
2025-06-19 13:36:02,993 - __main__ - INFO - Processing vortex SCLK 673242020 found at ml index: 2630891
2025-06-19 13:36:02,994 - __main__ - INFO - Processing vortex SCLK 673243964 found at ml index: 2632835
2025-06-19 13:36:02,996 - __main__ - INFO - Processing vortex SCLK 673245884 found at ml index: 2634755
2025-06-19 13:36:02,997 - __main__ - INFO - Processing vortex SCLK 673251635 found at ml index: 2640506
2025-06-19 13:36:02,998 - __main__ - INFO - Processing vortex SCLK 673254242 found at ml index: 2643113
2025-06-19 13:36:02,999 - __main__ - INFO - Processing vortex SCLK 673328658 found at ml index: 2691425
2025-06-19 13:36:03,000 - __main__ - INFO - Processing vortex SCLK 673329003 found at ml index: 2691770
2025-06-19 13:36:03,001 - __main__ - INFO - Processing vortex SCLK 673332835 found at ml index: 2695602
2025-06-19 13:36:03,002 - __main__ - INFO - Processing vortex SCLK 673332863 found at ml index: 2695630
2025-06-19 13:36:03,003 - __main__ - INFO - Processing vortex SCLK 673334070 found at ml index: 2696837
2025-06-19 13:36:03,004 - __main__ - INFO - Processing vortex SCLK 673334708 found at ml index: 2697475
2025-06-19 13:36:03,005 - __main__ - INFO - Processing vortex SCLK 673338788 found at ml index: 2701555
2025-06-19 13:36:03,005 - __main__ - INFO - Processing vortex SCLK 673340481 found at ml index: 2703248
2025-06-19 13:36:03,007 - __main__ - INFO - Processing vortex SCLK 673344227 found at ml index: 2706994
2025-06-19 13:36:03,008 - __main__ - INFO - Processing vortex SCLK 673424713 found at ml index: 2760219
2025-06-19 13:36:03,009 - __main__ - INFO - Processing vortex SCLK 673429348 found at ml index: 2764854
2025-06-19 13:36:03,010 - __main__ - INFO - Processing vortex SCLK 673500853 found at ml index: 2811671
2025-06-19 13:36:03,011 - __main__ - INFO - Processing vortex SCLK 673512599 found at ml index: 2821820
2025-06-19 13:36:03,012 - __main__ - INFO - Processing vortex SCLK 673513373 found at ml index: 2822594
2025-06-19 13:36:03,013 - __main__ - INFO - Processing vortex SCLK 673514725 found at ml index: 2823946
2025-06-19 13:36:03,014 - __main__ - INFO - Processing vortex SCLK 673594180 found at ml index: 2868616
2025-06-19 13:36:03,015 - __main__ - INFO - Processing vortex SCLK 673597335 found at ml index: 2871771
2025-06-19 13:36:03,016 - __main__ - WARNING - SCLK value 673598754 not found in ml data; skipping.
2025-06-19 13:36:03,017 - __main__ - WARNING - SCLK value 673606937 not found in ml data; skipping.
2025-06-19 13:36:03,018 - __main__ - WARNING - SCLK value 673680243 not found in ml data; skipping.
2025-06-19 13:36:03,018 - __main__ - WARNING - SCLK value 673681579 not found in ml data; skipping.
2025-06-19 13:36:03,019 - __main__ - WARNING - SCLK value 673685675 not found in ml data; skipping.
2025-06-19 13:36:03,020 - __main__ - WARNING - SCLK value 673694236 not found in ml data; skipping.
2025-06-19 13:36:03,020 - __main__ - WARNING - SCLK value 673694529 not found in ml data; skipping.
2025-06-19 13:36:03,021 - __main__ - WARNING - SCLK value 673773378 not found in ml data; skipping.
2025-06-19 13:36:03,022 - __main__ - WARNING - SCLK value 673779637 not found in ml data; skipping.
2025-06-19 13:36:03,023 - __main__ - WARNING - SCLK value 673781075 not found in ml data; skipping.
2025-06-19 13:36:03,023 - __main__ - WARNING - SCLK value 673858855 not found in ml data; skipping.
2025-06-19 13:36:03,024 - __main__ - WARNING - SCLK value 673863604 not found in ml data; skipping.
2025-06-19 13:36:03,024 - __main__ - WARNING - SCLK value 673865805 not found in ml data; skipping.
2025-06-19 13:36:03,025 - __main__ - WARNING - SCLK value 673874053 not found in ml data; skipping.
2025-06-19 13:36:03,026 - __main__ - WARNING - SCLK value 673948338 not found in ml data; skipping.
2025-06-19 13:36:03,026 - __main__ - WARNING - SCLK value 673951488 not found in ml data; skipping.
2025-06-19 13:36:03,027 - __main__ - WARNING - SCLK value 673955512 not found in ml data; skipping.
2025-06-19 13:36:03,028 - __main__ - WARNING - SCLK value 673958960 not found in ml data; skipping.
2025-06-19 13:36:03,029 - __main__ - WARNING - SCLK value 674041445 not found in ml data; skipping.
2025-06-19 13:36:03,029 - __main__ - WARNING - SCLK value 674042999 not found in ml data; skipping.
2025-06-19 13:36:03,030 - __main__ - WARNING - SCLK value 674044064 not found in ml data; skipping.
2025-06-19 13:36:03,030 - __main__ - WARNING - SCLK value 674051268 not found in ml data; skipping.
2025-06-19 13:36:03,030 - __main__ - WARNING - SCLK value 674056174 not found in ml data; skipping.
2025-06-19 13:36:03,032 - __main__ - WARNING - SCLK value 674122081 not found in ml data; skipping.
2025-06-19 13:36:03,033 - __main__ - WARNING - SCLK value 674128125 not found in ml data; skipping.
2025-06-19 13:36:03,033 - __main__ - WARNING - SCLK value 674128981 not found in ml data; skipping.
2025-06-19 13:36:03,034 - __main__ - WARNING - SCLK value 674133319 not found in ml data; skipping.
2025-06-19 13:36:03,034 - __main__ - WARNING - SCLK value 674140571 not found in ml data; skipping.
2025-06-19 13:36:03,035 - __main__ - WARNING - SCLK value 674213517 not found in ml data; skipping.
2025-06-19 13:36:03,036 - __main__ - WARNING - SCLK value 674218894 not found in ml data; skipping.
2025-06-19 13:36:03,037 - __main__ - WARNING - SCLK value 674228677 not found in ml data; skipping.
2025-06-19 13:36:03,038 - __main__ - WARNING - SCLK value 674304877 not found in ml data; skipping.
2025-06-19 13:36:03,038 - __main__ - WARNING - SCLK value 674307030 not found in ml data; skipping.
2025-06-19 13:36:03,039 - __main__ - WARNING - SCLK value 674307104 not found in ml data; skipping.
2025-06-19 13:36:03,040 - __main__ - WARNING - SCLK value 674317907 not found in ml data; skipping.
2025-06-19 13:36:03,040 - __main__ - WARNING - SCLK value 674398187 not found in ml data; skipping.
2025-06-19 13:36:03,041 - __main__ - WARNING - SCLK value 674410494 not found in ml data; skipping.
2025-06-19 13:36:03,041 - __main__ - WARNING - SCLK value 674482627 not found in ml data; skipping.
2025-06-19 13:36:03,042 - __main__ - WARNING - SCLK value 674483906 not found in ml data; skipping.
2025-06-19 13:36:03,043 - __main__ - WARNING - SCLK value 674484439 not found in ml data; skipping.
2025-06-19 13:36:03,043 - __main__ - WARNING - SCLK value 674491238 not found in ml data; skipping.
2025-06-19 13:36:03,044 - __main__ - WARNING - SCLK value 674492008 not found in ml data; skipping.
2025-06-19 13:36:03,045 - __main__ - WARNING - SCLK value 674497424 not found in ml data; skipping.
2025-06-19 13:36:03,045 - __main__ - WARNING - SCLK value 674498121 not found in ml data; skipping.
2025-06-19 13:36:03,046 - __main__ - WARNING - SCLK value 674568708 not found in ml data; skipping.
2025-06-19 13:36:03,047 - __main__ - WARNING - SCLK value 674573756 not found in ml data; skipping.
2025-06-19 13:36:03,047 - __main__ - WARNING - SCLK value 674575721 not found in ml data; skipping.
2025-06-19 13:36:03,048 - __main__ - WARNING - SCLK value 674582484 not found in ml data; skipping.
2025-06-19 13:36:03,049 - __main__ - WARNING - SCLK value 674666247 not found in ml data; skipping.
2025-06-19 13:36:03,049 - __main__ - WARNING - SCLK value 674666809 not found in ml data; skipping.
2025-06-19 13:36:03,051 - __main__ - WARNING - SCLK value 674667232 not found in ml data; skipping.
2025-06-19 13:36:03,052 - __main__ - WARNING - SCLK value 674669243 not found in ml data; skipping.
2025-06-19 13:36:03,053 - __main__ - WARNING - SCLK value 674751396 not found in ml data; skipping.
2025-06-19 13:36:03,053 - __main__ - WARNING - SCLK value 674837510 not found in ml data; skipping.
2025-06-19 13:36:03,054 - __main__ - WARNING - SCLK value 674845274 not found in ml data; skipping.
2025-06-19 13:36:03,054 - __main__ - WARNING - SCLK value 674846962 not found in ml data; skipping.
2025-06-19 13:36:03,055 - __main__ - WARNING - SCLK value 674850855 not found in ml data; skipping.
2025-06-19 13:36:03,056 - __main__ - INFO - Preparing features and labels...
2025-06-19 13:36:03,058 - __main__ - INFO - Validating feature matrix...
2025-06-19 13:36:03,059 - __main__ - WARNING - Feature matrix issues detected:
2025-06-19 13:36:03,059 - __main__ - WARNING - - High correlation between pressure_drop_ratio and pressure_change: -1.00
2025-06-19 13:36:03,059 - __main__ - WARNING - - High correlation between pressure_drop_ratio and pressure_range: 0.95
2025-06-19 13:36:03,059 - __main__ - WARNING - - High correlation between pressure_drop_ratio and rate_of_change_mean: -1.00
2025-06-19 13:36:03,059 - __main__ - WARNING - - High correlation between pressure_change and pressure_range: -0.95
2025-06-19 13:36:03,060 - __main__ - WARNING - - High correlation between pressure_change and rate_of_change_mean: 1.00
2025-06-19 13:36:03,060 - __main__ - WARNING - - High correlation between mean_pressure and min_pressure: 1.00
2025-06-19 13:36:03,060 - __main__ - WARNING - - High correlation between mean_pressure and max_pressure: 1.00
2025-06-19 13:36:03,060 - __main__ - WARNING - - High correlation between mean_pressure and long_term_mean: 1.00
2025-06-19 13:36:03,060 - __main__ - WARNING - - High correlation between std_pressure and pressure_range: 0.96
2025-06-19 13:36:03,060 - __main__ - WARNING - - High correlation between std_pressure and rate_of_change_std: 0.95
2025-06-19 13:36:03,060 - __main__ - WARNING - - High correlation between std_pressure and rate_of_change_max: 0.95
2025-06-19 13:36:03,060 - __main__ - WARNING - - High correlation between min_pressure and max_pressure: 1.00
2025-06-19 13:36:03,060 - __main__ - WARNING - - High correlation between min_pressure and long_term_mean: 1.00
2025-06-19 13:36:03,060 - __main__ - WARNING - - High correlation between max_pressure and long_term_mean: 1.00
2025-06-19 13:36:03,060 - __main__ - WARNING - - High correlation between pressure_range and rate_of_change_std: 0.95
2025-06-19 13:36:03,061 - __main__ - WARNING - - High correlation between pressure_range and rate_of_change_max: 0.95
2025-06-19 13:36:03,061 - __main__ - WARNING - - High correlation between rate_of_change_std and rate_of_change_max: 0.99
2025-06-19 13:36:03,061 - __main__ - INFO - Splitting processed data into train/val for model training...
2025-06-19 13:36:03,061 - __main__ - INFO - Processed train set: 1551 samples
2025-06-19 13:36:03,061 - __main__ - INFO - Processed validation set: 517 samples
2025-06-19 13:36:03,062 - __main__ - INFO - Training Random Forest classifier...
2025-06-19 13:36:03,446 - __main__ - INFO - Random Forest training completed.
2025-06-19 13:36:03,447 - __main__ - INFO - Generating evaluation plots...
2025-06-19 13:36:13,388 - __main__ - INFO - Processing test set with sliding windows for realistic evaluation...
2025-06-19 13:36:13,388 - __main__ - INFO - Using test step size: 50
2025-06-19 13:36:13,388 - __main__ - INFO - Processing 717985 test windows with step size 50
2025-06-19 13:47:34,990 - __main__ - INFO - ==================================================
2025-06-19 13:47:34,990 - __main__ - INFO - REALISTIC TEST SET ANALYSIS
2025-06-19 13:47:34,991 - __main__ - INFO - ==================================================
2025-06-19 13:47:34,991 - __main__ - INFO - Total test windows: 14360
2025-06-19 13:47:34,991 - __main__ - INFO - Test windows with positive labels: 125
2025-06-19 13:47:34,991 - __main__ - INFO - Test windows with negative labels: 14235
2025-06-19 13:47:34,991 - __main__ - INFO - Positive ratio in test set: 0.0087 (0.87%)
2025-06-19 13:47:34,992 - __main__ - INFO - Negative ratio in test set: 0.9913 (99.13%)
2025-06-19 13:47:34,992 - __main__ - INFO - ==================================================
2025-06-19 13:47:34,992 - __main__ - INFO - Evaluating on realistic test set (raw time series data)...
2025-06-19 13:47:39,919 - __main__ - INFO - ==================================================
2025-06-19 13:47:39,919 - __main__ - INFO - REALISTIC TEST SET RESULTS (Raw Time Series Data)
2025-06-19 13:47:39,920 - __main__ - INFO - ==================================================
2025-06-19 13:47:39,920 - __main__ - INFO - Test Accuracy: 0.012
2025-06-19 13:47:39,920 - __main__ - INFO - Test F1 Score: 0.017
2025-06-19 13:47:39,921 - __main__ - INFO - Test Precision: 0.008
2025-06-19 13:47:39,921 - __main__ - INFO - Test Recall: 0.968
2025-06-19 13:47:39,921 - __main__ - INFO - Best Threshold: 0.3800
2025-06-19 13:47:39,921 - __main__ - INFO - ==================================================
2025-06-19 13:47:39,941 - __main__ - INFO - Realistic test set predictions saved to realistic_test_predictions.csv
2025-06-19 13:47:39,941 - __main__ - INFO - Performing feature selection...
2025-06-19 13:47:39,941 - __main__ - INFO - Selected 16 features with importance >= 0.01
2025-06-19 13:47:39,942 - __main__ - INFO - Selected 8 features after removing highly correlated ones
2025-06-19 13:47:40,194 - __main__ - INFO - Retrained model with reduced feature set.
2025-06-19 13:47:40,194 - __main__ - INFO - Evaluating reduced feature model on realistic test set...
2025-06-19 13:47:48,695 - __main__ - INFO - ==================================================
2025-06-19 13:47:48,695 - __main__ - INFO - REDUCED MODEL - REALISTIC TEST RESULTS
2025-06-19 13:47:48,696 - __main__ - INFO - ==================================================
2025-06-19 13:47:48,696 - __main__ - INFO - Reduced Test Accuracy: 0.024
2025-06-19 13:47:48,696 - __main__ - INFO - Reduced Test F1 Score: 0.016
2025-06-19 13:47:48,696 - __main__ - INFO - Reduced Test Precision: 0.008
2025-06-19 13:47:48,696 - __main__ - INFO - Reduced Test Recall: 0.928
2025-06-19 13:47:48,696 - __main__ - INFO - Reduced Best Threshold: 0.4202
2025-06-19 13:47:48,696 - __main__ - INFO - ==================================================
2025-06-19 13:47:48,716 - __main__ - INFO - Reduced realistic test set predictions saved to reduced_realistic_test_predictions.csv
2025-06-19 13:48:23,203 - __main__ - INFO - Reading vortex SCLK data...
2025-06-19 13:48:23,206 - __main__ - INFO - Successfully read 309 SCLK values from ../data/Jackson_vortex_detections_reformatted_augmented.csv
2025-06-19 13:48:23,207 - __main__ - INFO - Successfully read 309 SCLK values
2025-06-19 13:48:23,208 - __main__ - INFO - Reading ML data...
2025-06-19 13:48:23,293 - __main__ - ERROR - Error reading ML data file ../data/ml_ready_vortex_data.csv: Error tokenizing data. C error: Calling read(nbytes) on source failed. Try engine='python'.
2025-06-19 13:48:23,293 - __main__ - ERROR - Error in main pipeline: Error tokenizing data. C error: Calling read(nbytes) on source failed. Try engine='python'.
2025-06-19 13:48:23,293 - __main__ - ERROR - Stack trace:
Traceback (most recent call last):
  File "D:\Martian\martian_script\Anita\newfe.py", line 552, in main
    ml_df = read_ml_data(ML_FILE)
  File "D:\Martian\martian_script\Anita\newfe.py", line 103, in read_ml_data
    ml_df = pd.read_csv(file_path)
  File "D:\Martian\venvs\martian_env\lib\site-packages\pandas\io\parsers\readers.py", line 1026, in read_csv
    return _read(filepath_or_buffer, kwds)
  File "D:\Martian\venvs\martian_env\lib\site-packages\pandas\io\parsers\readers.py", line 626, in _read
    return parser.read(nrows)
  File "D:\Martian\venvs\martian_env\lib\site-packages\pandas\io\parsers\readers.py", line 1923, in read
    ) = self._engine.read(  # type: ignore[attr-defined]
  File "D:\Martian\venvs\martian_env\lib\site-packages\pandas\io\parsers\c_parser_wrapper.py", line 234, in read
    chunks = self._reader.read_low_memory(nrows)
  File "parsers.pyx", line 838, in pandas._libs.parsers.TextReader.read_low_memory
  File "parsers.pyx", line 905, in pandas._libs.parsers.TextReader._read_rows
  File "parsers.pyx", line 874, in pandas._libs.parsers.TextReader._tokenize_rows
  File "parsers.pyx", line 891, in pandas._libs.parsers.TextReader._check_tokenize_status
  File "parsers.pyx", line 2061, in pandas._libs.parsers.raise_parser_error
pandas.errors.ParserError: Error tokenizing data. C error: Calling read(nbytes) on source failed. Try engine='python'.
2025-06-19 13:48:30,819 - __main__ - INFO - Reading vortex SCLK data...
2025-06-19 13:48:30,822 - __main__ - INFO - Successfully read 309 SCLK values from ../data/Jackson_vortex_detections_reformatted_augmented.csv
2025-06-19 13:48:30,823 - __main__ - INFO - Successfully read 309 SCLK values
2025-06-19 13:48:30,823 - __main__ - INFO - Reading ML data...
2025-06-19 13:48:32,948 - __main__ - INFO - Successfully loaded ML data from ../data/ml_ready_vortex_data.csv
2025-06-19 13:48:32,948 - __main__ - INFO - Successfully loaded ML data with 3590168 rows
2025-06-19 13:48:32,948 - __main__ - INFO - Validating data quality...
2025-06-19 13:48:33,347 - __main__ - WARNING - Data quality issues detected:
2025-06-19 13:48:33,348 - __main__ - WARNING - - Missing values found: {'gt_vortex_ind': 3577695}
2025-06-19 13:48:33,348 - __main__ - WARNING - - Severe class imbalance detected: 0.51% positive samples
2025-06-19 13:48:33,348 - __main__ - INFO - Splitting raw data chronologically before processing...
2025-06-19 13:48:33,348 - __main__ - INFO - Raw train set: 2154100 rows
2025-06-19 13:48:33,349 - __main__ - INFO - Raw validation set: 718034 rows
2025-06-19 13:48:33,349 - __main__ - INFO - Raw test set: 718034 rows
2025-06-19 13:48:33,349 - __main__ - INFO - ==================================================
2025-06-19 13:48:33,349 - __main__ - INFO - RAW TEST SET DISTRIBUTION (Before Processing)
2025-06-19 13:48:33,350 - __main__ - INFO - ==================================================
2025-06-19 13:48:33,350 - __main__ - INFO - Test set rows: 718034
2025-06-19 13:48:33,350 - __main__ - INFO - Positive samples: 3318 (0.46%)
2025-06-19 13:48:33,350 - __main__ - INFO - Negative samples: 714716 (99.54%)
2025-06-19 13:48:33,350 - __main__ - INFO - ==================================================
2025-06-19 13:48:33,350 - __main__ - INFO - Processing training data around vortex events...
2025-06-19 13:48:33,353 - __main__ - INFO - Processing vortex SCLK 668288145 found at ml index: 16563
2025-06-19 13:48:33,359 - __main__ - INFO - Processing vortex SCLK 668288356 found at ml index: 16774
2025-06-19 13:48:33,364 - __main__ - INFO - Processing vortex SCLK 668363851 found at ml index: 58206
2025-06-19 13:48:33,370 - __main__ - INFO - Processing vortex SCLK 668370696 found at ml index: 61613
2025-06-19 13:48:33,377 - __main__ - INFO - Processing vortex SCLK 668373458 found at ml index: 64372
2025-06-19 13:48:33,384 - __main__ - INFO - Processing vortex SCLK 668450709 found at ml index: 109929
2025-06-19 13:48:33,390 - __main__ - INFO - Processing vortex SCLK 668451679 found at ml index: 110896
2025-06-19 13:48:33,395 - __main__ - INFO - Processing vortex SCLK 668465594 found at ml index: 113943
2025-06-19 13:48:33,401 - __main__ - INFO - Processing vortex SCLK 668471362 found at ml index: 116280
2025-06-19 13:48:33,406 - __main__ - INFO - Processing vortex SCLK 668534767 found at ml index: 149951
2025-06-19 13:48:33,412 - __main__ - INFO - Processing vortex SCLK 668540964 found at ml index: 156148
2025-06-19 13:48:33,418 - __main__ - INFO - Processing vortex SCLK 668541515 found at ml index: 156699
2025-06-19 13:48:33,424 - __main__ - INFO - Processing vortex SCLK 668542064 found at ml index: 157248
2025-06-19 13:48:33,430 - __main__ - INFO - Processing vortex SCLK 668542340 found at ml index: 157524
2025-06-19 13:48:33,436 - __main__ - INFO - Processing vortex SCLK 668551101 found at ml index: 162084
2025-06-19 13:48:33,442 - __main__ - INFO - Processing vortex SCLK 668555682 found at ml index: 163446
2025-06-19 13:48:33,448 - __main__ - INFO - Processing vortex SCLK 668556124 found at ml index: 163888
2025-06-19 13:48:33,453 - __main__ - INFO - Processing vortex SCLK 668557517 found at ml index: 165281
2025-06-19 13:48:33,459 - __main__ - INFO - Processing vortex SCLK 668716847 found at ml index: 186189
2025-06-19 13:48:33,464 - __main__ - INFO - Processing vortex SCLK 668723694 found at ml index: 189570
2025-06-19 13:48:33,470 - __main__ - INFO - Processing vortex SCLK 668801790 found at ml index: 232821
2025-06-19 13:48:33,477 - __main__ - INFO - Processing vortex SCLK 668808927 found at ml index: 236462
2025-06-19 13:48:33,482 - __main__ - INFO - Processing vortex SCLK 668810541 found at ml index: 238076
2025-06-19 13:48:33,488 - __main__ - INFO - Processing vortex SCLK 668811652 found at ml index: 239187
2025-06-19 13:48:33,493 - __main__ - INFO - Processing vortex SCLK 668816129 found at ml index: 243664
2025-06-19 13:48:33,500 - __main__ - INFO - Processing vortex SCLK 669426485 found at ml index: 263130
2025-06-19 13:48:33,505 - __main__ - INFO - Processing vortex SCLK 669427340 found at ml index: 263985
2025-06-19 13:48:33,511 - __main__ - INFO - Processing vortex SCLK 669434405 found at ml index: 267663
2025-06-19 13:48:33,518 - __main__ - INFO - Processing vortex SCLK 669434703 found at ml index: 267961
2025-06-19 13:48:33,523 - __main__ - INFO - Processing vortex SCLK 669518763 found at ml index: 314172
2025-06-19 13:48:33,529 - __main__ - INFO - Processing vortex SCLK 669519478 found at ml index: 314887
2025-06-19 13:48:33,535 - __main__ - INFO - Processing vortex SCLK 669531860 found at ml index: 320377
2025-06-19 13:48:33,541 - __main__ - INFO - Processing vortex SCLK 669626803 found at ml index: 374269
2025-06-19 13:48:33,548 - __main__ - INFO - Processing vortex SCLK 669688619 found at ml index: 407952
2025-06-19 13:48:33,554 - __main__ - INFO - Processing vortex SCLK 669690018 found at ml index: 409351
2025-06-19 13:48:33,559 - __main__ - INFO - Processing vortex SCLK 669690620 found at ml index: 409953
2025-06-19 13:48:33,564 - __main__ - INFO - Processing vortex SCLK 669704197 found at ml index: 416696
2025-06-19 13:48:33,570 - __main__ - INFO - Processing vortex SCLK 669779409 found at ml index: 457637
2025-06-19 13:48:33,576 - __main__ - INFO - Processing vortex SCLK 669780445 found at ml index: 458673
2025-06-19 13:48:33,581 - __main__ - INFO - Processing vortex SCLK 669787866 found at ml index: 466094
2025-06-19 13:48:33,588 - __main__ - INFO - Processing vortex SCLK 669787881 found at ml index: 466109
2025-06-19 13:48:33,594 - __main__ - INFO - Processing vortex SCLK 669870405 found at ml index: 512761
2025-06-19 13:48:33,599 - __main__ - INFO - Processing vortex SCLK 669873580 found at ml index: 515936
2025-06-19 13:48:33,605 - __main__ - INFO - Processing vortex SCLK 669882031 found at ml index: 522188
2025-06-19 13:48:33,612 - __main__ - INFO - Processing vortex SCLK 669886865 found at ml index: 524448
2025-06-19 13:48:33,617 - __main__ - INFO - Processing vortex SCLK 669958088 found at ml index: 564661
2025-06-19 13:48:33,624 - __main__ - INFO - Processing vortex SCLK 669959376 found at ml index: 565949
2025-06-19 13:48:33,630 - __main__ - INFO - Processing vortex SCLK 669959712 found at ml index: 566285
2025-06-19 13:48:33,635 - __main__ - INFO - Processing vortex SCLK 669960008 found at ml index: 566581
2025-06-19 13:48:33,641 - __main__ - INFO - Processing vortex SCLK 669960347 found at ml index: 566920
2025-06-19 13:48:33,646 - __main__ - INFO - Processing vortex SCLK 669962940 found at ml index: 569513
2025-06-19 13:48:33,652 - __main__ - INFO - Processing vortex SCLK 669964312 found at ml index: 570885
2025-06-19 13:48:33,659 - __main__ - INFO - Processing vortex SCLK 669965150 found at ml index: 571723
2025-06-19 13:48:33,665 - __main__ - INFO - Processing vortex SCLK 669971696 found at ml index: 575571
2025-06-19 13:48:33,670 - __main__ - INFO - Processing vortex SCLK 670046942 found at ml index: 618056
2025-06-19 13:48:33,677 - __main__ - INFO - Processing vortex SCLK 670047546 found at ml index: 618660
2025-06-19 13:48:33,682 - __main__ - INFO - Processing vortex SCLK 670055611 found at ml index: 626725
2025-06-19 13:48:33,689 - __main__ - INFO - Processing vortex SCLK 670129653 found at ml index: 676671
2025-06-19 13:48:33,695 - __main__ - INFO - Processing vortex SCLK 670136668 found at ml index: 680243
2025-06-19 13:48:33,700 - __main__ - INFO - Processing vortex SCLK 670138695 found at ml index: 682270
2025-06-19 13:48:33,706 - __main__ - INFO - Processing vortex SCLK 670225439 found at ml index: 735507
2025-06-19 13:48:33,712 - __main__ - INFO - Processing vortex SCLK 670232335 found at ml index: 739271
2025-06-19 13:48:33,718 - __main__ - INFO - Processing vortex SCLK 670232986 found at ml index: 739922
2025-06-19 13:48:33,723 - __main__ - INFO - Processing vortex SCLK 670233871 found at ml index: 740807
2025-06-19 13:48:33,730 - __main__ - INFO - Processing vortex SCLK 670313772 found at ml index: 794758
2025-06-19 13:48:33,735 - __main__ - INFO - Processing vortex SCLK 670315385 found at ml index: 796371
2025-06-19 13:48:33,742 - __main__ - INFO - Processing vortex SCLK 670317790 found at ml index: 798776
2025-06-19 13:48:33,748 - __main__ - INFO - Processing vortex SCLK 670321691 found at ml index: 802677
2025-06-19 13:48:33,754 - __main__ - INFO - Processing vortex SCLK 670325686 found at ml index: 804517
2025-06-19 13:48:33,760 - __main__ - INFO - Processing vortex SCLK 670329256 found at ml index: 808087
2025-06-19 13:48:33,765 - __main__ - INFO - Processing vortex SCLK 670398725 found at ml index: 848668
2025-06-19 13:48:33,771 - __main__ - INFO - Processing vortex SCLK 670402854 found at ml index: 852797
2025-06-19 13:48:33,777 - __main__ - INFO - Processing vortex SCLK 670403870 found at ml index: 853813
2025-06-19 13:48:33,783 - __main__ - INFO - Processing vortex SCLK 670409834 found at ml index: 857575
2025-06-19 13:48:33,788 - __main__ - INFO - Processing vortex SCLK 670412275 found at ml index: 860016
2025-06-19 13:48:33,794 - __main__ - INFO - Processing vortex SCLK 670412326 found at ml index: 860067
2025-06-19 13:48:33,799 - __main__ - INFO - Processing vortex SCLK 670578458 found at ml index: 934664
2025-06-19 13:48:33,806 - __main__ - INFO - Processing vortex SCLK 670580613 found at ml index: 936819
2025-06-19 13:48:33,811 - __main__ - INFO - Processing vortex SCLK 670584569 found at ml index: 940775
2025-06-19 13:48:33,816 - __main__ - INFO - Processing vortex SCLK 670584657 found at ml index: 940863
2025-06-19 13:48:33,822 - __main__ - INFO - Processing vortex SCLK 670587674 found at ml index: 943880
2025-06-19 13:48:33,827 - __main__ - INFO - Processing vortex SCLK 670594461 found at ml index: 947971
2025-06-19 13:48:33,833 - __main__ - INFO - Processing vortex SCLK 670841835 found at ml index: 1065790
2025-06-19 13:48:33,840 - __main__ - INFO - Processing vortex SCLK 670842459 found at ml index: 1066414
2025-06-19 13:48:33,846 - __main__ - INFO - Processing vortex SCLK 670849047 found at ml index: 1073002
2025-06-19 13:48:33,851 - __main__ - INFO - Processing vortex SCLK 670852738 found at ml index: 1076693
2025-06-19 13:48:33,857 - __main__ - INFO - Processing vortex SCLK 670856365 found at ml index: 1077977
2025-06-19 13:48:33,863 - __main__ - INFO - Processing vortex SCLK 670859755 found at ml index: 1081367
2025-06-19 13:48:33,870 - __main__ - INFO - Processing vortex SCLK 670870370 found at ml index: 1088579
2025-06-19 13:48:33,875 - __main__ - INFO - Processing vortex SCLK 670929808 found at ml index: 1120753
2025-06-19 13:48:33,882 - __main__ - INFO - Processing vortex SCLK 670930554 found at ml index: 1121499
2025-06-19 13:48:33,887 - __main__ - INFO - Processing vortex SCLK 670933108 found at ml index: 1124053
2025-06-19 13:48:33,893 - __main__ - INFO - Processing vortex SCLK 670934582 found at ml index: 1125527
2025-06-19 13:48:33,898 - __main__ - INFO - Processing vortex SCLK 670938327 found at ml index: 1129272
2025-06-19 13:48:33,903 - __main__ - INFO - Processing vortex SCLK 670938389 found at ml index: 1129334
2025-06-19 13:48:33,909 - __main__ - INFO - Processing vortex SCLK 670940703 found at ml index: 1131648
2025-06-19 13:48:33,916 - __main__ - INFO - Processing vortex SCLK 670945386 found at ml index: 1136331
2025-06-19 13:48:33,921 - __main__ - INFO - Processing vortex SCLK 670961352 found at ml index: 1146283
2025-06-19 13:48:33,927 - __main__ - INFO - Processing vortex SCLK 671024106 found at ml index: 1181789
2025-06-19 13:48:33,933 - __main__ - INFO - Processing vortex SCLK 671027864 found at ml index: 1185547
2025-06-19 13:48:33,939 - __main__ - INFO - Processing vortex SCLK 671027972 found at ml index: 1185655
2025-06-19 13:48:33,946 - __main__ - INFO - Processing vortex SCLK 671033906 found at ml index: 1191589
2025-06-19 13:48:33,951 - __main__ - INFO - Processing vortex SCLK 671039200 found at ml index: 1194533
2025-06-19 13:48:33,956 - __main__ - INFO - Processing vortex SCLK 671109364 found at ml index: 1233979
2025-06-19 13:48:33,962 - __main__ - INFO - Processing vortex SCLK 671113914 found at ml index: 1238529
2025-06-19 13:48:33,968 - __main__ - INFO - Processing vortex SCLK 671114679 found at ml index: 1239294
2025-06-19 13:48:33,973 - __main__ - INFO - Processing vortex SCLK 671115255 found at ml index: 1239870
2025-06-19 13:48:33,980 - __main__ - INFO - Processing vortex SCLK 671115289 found at ml index: 1239904
2025-06-19 13:48:33,986 - __main__ - INFO - Processing vortex SCLK 671120289 found at ml index: 1244904
2025-06-19 13:48:33,992 - __main__ - INFO - Processing vortex SCLK 671126006 found at ml index: 1250026
2025-06-19 13:48:33,997 - __main__ - INFO - Processing vortex SCLK 671126607 found at ml index: 1250627
2025-06-19 13:48:34,002 - __main__ - INFO - Processing vortex SCLK 671127245 found at ml index: 1251265
2025-06-19 13:48:34,009 - __main__ - INFO - Processing vortex SCLK 671139428 found at ml index: 1260040
2025-06-19 13:48:34,014 - __main__ - INFO - Processing vortex SCLK 671204280 found at ml index: 1299428
2025-06-19 13:48:34,020 - __main__ - INFO - Processing vortex SCLK 671213291 found at ml index: 1306235
2025-06-19 13:48:34,026 - __main__ - INFO - Processing vortex SCLK 671214052 found at ml index: 1306996
2025-06-19 13:48:34,032 - __main__ - INFO - Processing vortex SCLK 671224977 found at ml index: 1314440
2025-06-19 13:48:34,036 - __main__ - INFO - Processing vortex SCLK 671291649 found at ml index: 1353739
2025-06-19 13:48:34,042 - __main__ - INFO - Processing vortex SCLK 671294608 found at ml index: 1356698
2025-06-19 13:48:34,049 - __main__ - INFO - Processing vortex SCLK 671302478 found at ml index: 1361737
2025-06-19 13:48:34,054 - __main__ - INFO - Processing vortex SCLK 671302909 found at ml index: 1362168
2025-06-19 13:48:34,061 - __main__ - INFO - Processing vortex SCLK 671308300 found at ml index: 1365532
2025-06-19 13:48:34,066 - __main__ - INFO - Processing vortex SCLK 671376036 found at ml index: 1404444
2025-06-19 13:48:34,072 - __main__ - INFO - Processing vortex SCLK 671376059 found at ml index: 1404467
2025-06-19 13:48:34,078 - __main__ - INFO - Processing vortex SCLK 671376348 found at ml index: 1404756
2025-06-19 13:48:34,084 - __main__ - INFO - Processing vortex SCLK 671376844 found at ml index: 1405252
2025-06-19 13:48:34,089 - __main__ - INFO - Processing vortex SCLK 671377912 found at ml index: 1406320
2025-06-19 13:48:34,096 - __main__ - INFO - Processing vortex SCLK 671379183 found at ml index: 1407591
2025-06-19 13:48:34,102 - __main__ - INFO - Processing vortex SCLK 671384112 found at ml index: 1412520
2025-06-19 13:48:34,108 - __main__ - INFO - Processing vortex SCLK 671391076 found at ml index: 1419484
2025-06-19 13:48:34,114 - __main__ - INFO - Processing vortex SCLK 671395245 found at ml index: 1422765
2025-06-19 13:48:34,120 - __main__ - INFO - Processing vortex SCLK 671466934 found at ml index: 1463807
2025-06-19 13:48:34,126 - __main__ - INFO - Processing vortex SCLK 671468200 found at ml index: 1465073
2025-06-19 13:48:34,132 - __main__ - INFO - Processing vortex SCLK 671559311 found at ml index: 1524850
2025-06-19 13:48:34,138 - __main__ - INFO - Processing vortex SCLK 671560213 found at ml index: 1525752
2025-06-19 13:48:34,143 - __main__ - INFO - Processing vortex SCLK 671561065 found at ml index: 1526604
2025-06-19 13:48:34,149 - __main__ - INFO - Processing vortex SCLK 671563881 found at ml index: 1529420
2025-06-19 13:48:34,155 - __main__ - INFO - Processing vortex SCLK 671570327 found at ml index: 1532373
2025-06-19 13:48:34,160 - __main__ - INFO - Processing vortex SCLK 671641441 found at ml index: 1572853
2025-06-19 13:48:34,166 - __main__ - INFO - Processing vortex SCLK 671644549 found at ml index: 1575961
2025-06-19 13:48:34,171 - __main__ - INFO - Processing vortex SCLK 671645443 found at ml index: 1576855
2025-06-19 13:48:34,177 - __main__ - INFO - Processing vortex SCLK 671648210 found at ml index: 1579622
2025-06-19 13:48:34,183 - __main__ - INFO - Processing vortex SCLK 671656101 found at ml index: 1585256
2025-06-19 13:48:34,190 - __main__ - INFO - Processing vortex SCLK 671731643 found at ml index: 1630294
2025-06-19 13:48:34,196 - __main__ - INFO - Processing vortex SCLK 671740824 found at ml index: 1639475
2025-06-19 13:48:34,201 - __main__ - INFO - Processing vortex SCLK 671746873 found at ml index: 1643237
2025-06-19 13:48:34,207 - __main__ - INFO - Processing vortex SCLK 671823162 found at ml index: 1688879
2025-06-19 13:48:34,213 - __main__ - INFO - Processing vortex SCLK 671823654 found at ml index: 1689371
2025-06-19 13:48:34,220 - __main__ - INFO - Processing vortex SCLK 671823993 found at ml index: 1689710
2025-06-19 13:48:34,225 - __main__ - INFO - Processing vortex SCLK 671824646 found at ml index: 1690363
2025-06-19 13:48:34,231 - __main__ - INFO - Processing vortex SCLK 671825542 found at ml index: 1691259
2025-06-19 13:48:34,237 - __main__ - INFO - Processing vortex SCLK 671831605 found at ml index: 1697322
2025-06-19 13:48:34,243 - __main__ - INFO - Processing vortex SCLK 671834757 found at ml index: 1700474
2025-06-19 13:48:34,249 - __main__ - INFO - Processing vortex SCLK 671904824 found at ml index: 1740981
2025-06-19 13:48:34,254 - __main__ - INFO - Processing vortex SCLK 671909321 found at ml index: 1743885
2025-06-19 13:48:34,259 - __main__ - INFO - Processing vortex SCLK 671911350 found at ml index: 1745914
2025-06-19 13:48:34,265 - __main__ - INFO - Processing vortex SCLK 671913231 found at ml index: 1747795
2025-06-19 13:48:34,270 - __main__ - INFO - Processing vortex SCLK 671915681 found at ml index: 1750245
2025-06-19 13:48:34,277 - __main__ - INFO - Processing vortex SCLK 671916470 found at ml index: 1751034
2025-06-19 13:48:34,283 - __main__ - INFO - Processing vortex SCLK 671920779 found at ml index: 1755343
2025-06-19 13:48:34,288 - __main__ - INFO - Processing vortex SCLK 671921784 found at ml index: 1756348
2025-06-19 13:48:34,294 - __main__ - INFO - Processing vortex SCLK 671995990 found at ml index: 1801016
2025-06-19 13:48:34,301 - __main__ - INFO - Processing vortex SCLK 672002175 found at ml index: 1807201
2025-06-19 13:48:34,306 - __main__ - INFO - Processing vortex SCLK 672002362 found at ml index: 1807388
2025-06-19 13:48:34,312 - __main__ - INFO - Processing vortex SCLK 672104482 found at ml index: 1874652
2025-06-19 13:48:34,317 - __main__ - INFO - Processing vortex SCLK 672178090 found at ml index: 1921075
2025-06-19 13:48:34,322 - __main__ - INFO - Processing vortex SCLK 672180689 found at ml index: 1923674
2025-06-19 13:48:34,328 - __main__ - INFO - Processing vortex SCLK 672181444 found at ml index: 1924429
2025-06-19 13:48:34,334 - __main__ - INFO - Processing vortex SCLK 672182115 found at ml index: 1925100
2025-06-19 13:48:34,340 - __main__ - INFO - Processing vortex SCLK 672183596 found at ml index: 1926581
2025-06-19 13:48:34,345 - __main__ - INFO - Processing vortex SCLK 672185170 found at ml index: 1928155
2025-06-19 13:48:34,350 - __main__ - INFO - Processing vortex SCLK 672190662 found at ml index: 1931494
2025-06-19 13:48:34,356 - __main__ - INFO - Processing vortex SCLK 672267244 found at ml index: 1979457
2025-06-19 13:48:34,362 - __main__ - INFO - Processing vortex SCLK 672269283 found at ml index: 1981496
2025-06-19 13:48:34,368 - __main__ - INFO - Processing vortex SCLK 672269792 found at ml index: 1982005
2025-06-19 13:48:34,374 - __main__ - INFO - Processing vortex SCLK 672350659 found at ml index: 2035489
2025-06-19 13:48:34,379 - __main__ - INFO - Processing vortex SCLK 672352068 found at ml index: 2036898
2025-06-19 13:48:34,384 - __main__ - INFO - Processing vortex SCLK 672355502 found at ml index: 2040332
2025-06-19 13:48:34,391 - __main__ - INFO - Processing vortex SCLK 672357238 found at ml index: 2042068
2025-06-19 13:48:34,398 - __main__ - INFO - Processing vortex SCLK 672359382 found at ml index: 2044212
2025-06-19 13:48:34,404 - __main__ - INFO - Processing vortex SCLK 672362559 found at ml index: 2047389
2025-06-19 13:48:34,411 - __main__ - INFO - Processing vortex SCLK 672365510 found at ml index: 2050340
2025-06-19 13:48:34,416 - __main__ - INFO - Processing vortex SCLK 672365820 found at ml index: 2050650
2025-06-19 13:48:34,421 - __main__ - INFO - Processing vortex SCLK 672445220 found at ml index: 2096997
2025-06-19 13:48:34,428 - __main__ - INFO - Processing vortex SCLK 672445462 found at ml index: 2097239
2025-06-19 13:48:34,434 - __main__ - INFO - Processing vortex SCLK 672446338 found at ml index: 2098115
2025-06-19 13:48:34,440 - __main__ - INFO - Processing vortex SCLK 672528720 found at ml index: 2150565
2025-06-19 13:48:34,446 - __main__ - INFO - Processing vortex SCLK 672531916 found at ml index: 2153761
2025-06-19 13:48:34,451 - __main__ - WARNING - SCLK value 672538692 not found in ml data; skipping.
2025-06-19 13:48:34,454 - __main__ - WARNING - SCLK value 672546578 not found in ml data; skipping.
2025-06-19 13:48:34,456 - __main__ - WARNING - SCLK value 672548966 not found in ml data; skipping.
2025-06-19 13:48:34,458 - __main__ - WARNING - SCLK value 672621236 not found in ml data; skipping.
2025-06-19 13:48:34,460 - __main__ - WARNING - SCLK value 672622288 not found in ml data; skipping.
2025-06-19 13:48:34,463 - __main__ - WARNING - SCLK value 672624313 not found in ml data; skipping.
2025-06-19 13:48:34,464 - __main__ - WARNING - SCLK value 672624475 not found in ml data; skipping.
2025-06-19 13:48:34,467 - __main__ - WARNING - SCLK value 672626109 not found in ml data; skipping.
2025-06-19 13:48:34,469 - __main__ - WARNING - SCLK value 672626122 not found in ml data; skipping.
2025-06-19 13:48:34,472 - __main__ - WARNING - SCLK value 672706787 not found in ml data; skipping.
2025-06-19 13:48:34,474 - __main__ - WARNING - SCLK value 672709027 not found in ml data; skipping.
2025-06-19 13:48:34,476 - __main__ - WARNING - SCLK value 672711149 not found in ml data; skipping.
2025-06-19 13:48:34,478 - __main__ - WARNING - SCLK value 672711621 not found in ml data; skipping.
2025-06-19 13:48:34,481 - __main__ - WARNING - SCLK value 672713266 not found in ml data; skipping.
2025-06-19 13:48:34,483 - __main__ - WARNING - SCLK value 672713337 not found in ml data; skipping.
2025-06-19 13:48:34,486 - __main__ - WARNING - SCLK value 672715961 not found in ml data; skipping.
2025-06-19 13:48:34,488 - __main__ - WARNING - SCLK value 672718373 not found in ml data; skipping.
2025-06-19 13:48:34,490 - __main__ - WARNING - SCLK value 672719375 not found in ml data; skipping.
2025-06-19 13:48:34,493 - __main__ - WARNING - SCLK value 672721953 not found in ml data; skipping.
2025-06-19 13:48:34,495 - __main__ - WARNING - SCLK value 672801263 not found in ml data; skipping.
2025-06-19 13:48:34,498 - __main__ - WARNING - SCLK value 672801630 not found in ml data; skipping.
2025-06-19 13:48:34,500 - __main__ - WARNING - SCLK value 672804797 not found in ml data; skipping.
2025-06-19 13:48:34,502 - __main__ - WARNING - SCLK value 672884603 not found in ml data; skipping.
2025-06-19 13:48:34,504 - __main__ - WARNING - SCLK value 672884933 not found in ml data; skipping.
2025-06-19 13:48:34,506 - __main__ - WARNING - SCLK value 672885216 not found in ml data; skipping.
2025-06-19 13:48:34,508 - __main__ - WARNING - SCLK value 672889286 not found in ml data; skipping.
2025-06-19 13:48:34,511 - __main__ - WARNING - SCLK value 672890283 not found in ml data; skipping.
2025-06-19 13:48:34,513 - __main__ - WARNING - SCLK value 672894510 not found in ml data; skipping.
2025-06-19 13:48:34,516 - __main__ - WARNING - SCLK value 672964384 not found in ml data; skipping.
2025-06-19 13:48:34,518 - __main__ - WARNING - SCLK value 672973742 not found in ml data; skipping.
2025-06-19 13:48:34,520 - __main__ - WARNING - SCLK value 672976272 not found in ml data; skipping.
2025-06-19 13:48:34,522 - __main__ - WARNING - SCLK value 672979607 not found in ml data; skipping.
2025-06-19 13:48:34,524 - __main__ - WARNING - SCLK value 672983982 not found in ml data; skipping.
2025-06-19 13:48:34,526 - __main__ - WARNING - SCLK value 672984068 not found in ml data; skipping.
2025-06-19 13:48:34,529 - __main__ - WARNING - SCLK value 672984973 not found in ml data; skipping.
2025-06-19 13:48:34,531 - __main__ - WARNING - SCLK value 672985340 not found in ml data; skipping.
2025-06-19 13:48:34,533 - __main__ - WARNING - SCLK value 673068974 not found in ml data; skipping.
2025-06-19 13:48:34,536 - __main__ - WARNING - SCLK value 673072073 not found in ml data; skipping.
2025-06-19 13:48:34,538 - __main__ - WARNING - SCLK value 673076429 not found in ml data; skipping.
2025-06-19 13:48:34,540 - __main__ - WARNING - SCLK value 673078972 not found in ml data; skipping.
2025-06-19 13:48:34,542 - __main__ - WARNING - SCLK value 673147721 not found in ml data; skipping.
2025-06-19 13:48:34,545 - __main__ - WARNING - SCLK value 673240962 not found in ml data; skipping.
2025-06-19 13:48:34,547 - __main__ - WARNING - SCLK value 673242020 not found in ml data; skipping.
2025-06-19 13:48:34,549 - __main__ - WARNING - SCLK value 673243964 not found in ml data; skipping.
2025-06-19 13:48:34,551 - __main__ - WARNING - SCLK value 673245884 not found in ml data; skipping.
2025-06-19 13:48:34,554 - __main__ - WARNING - SCLK value 673251635 not found in ml data; skipping.
2025-06-19 13:48:34,556 - __main__ - WARNING - SCLK value 673254242 not found in ml data; skipping.
2025-06-19 13:48:34,558 - __main__ - WARNING - SCLK value 673328658 not found in ml data; skipping.
2025-06-19 13:48:34,560 - __main__ - WARNING - SCLK value 673329003 not found in ml data; skipping.
2025-06-19 13:48:34,563 - __main__ - WARNING - SCLK value 673332835 not found in ml data; skipping.
2025-06-19 13:48:34,565 - __main__ - WARNING - SCLK value 673332863 not found in ml data; skipping.
2025-06-19 13:48:34,567 - __main__ - WARNING - SCLK value 673334070 not found in ml data; skipping.
2025-06-19 13:48:34,570 - __main__ - WARNING - SCLK value 673334708 not found in ml data; skipping.
2025-06-19 13:48:34,572 - __main__ - WARNING - SCLK value 673338788 not found in ml data; skipping.
2025-06-19 13:48:34,574 - __main__ - WARNING - SCLK value 673340481 not found in ml data; skipping.
2025-06-19 13:48:34,577 - __main__ - WARNING - SCLK value 673344227 not found in ml data; skipping.
2025-06-19 13:48:34,579 - __main__ - WARNING - SCLK value 673424713 not found in ml data; skipping.
2025-06-19 13:48:34,582 - __main__ - WARNING - SCLK value 673429348 not found in ml data; skipping.
2025-06-19 13:48:34,584 - __main__ - WARNING - SCLK value 673500853 not found in ml data; skipping.
2025-06-19 13:48:34,586 - __main__ - WARNING - SCLK value 673512599 not found in ml data; skipping.
2025-06-19 13:48:34,588 - __main__ - WARNING - SCLK value 673513373 not found in ml data; skipping.
2025-06-19 13:48:34,591 - __main__ - WARNING - SCLK value 673514725 not found in ml data; skipping.
2025-06-19 13:48:34,593 - __main__ - WARNING - SCLK value 673594180 not found in ml data; skipping.
2025-06-19 13:48:34,595 - __main__ - WARNING - SCLK value 673597335 not found in ml data; skipping.
2025-06-19 13:48:34,597 - __main__ - WARNING - SCLK value 673598754 not found in ml data; skipping.
2025-06-19 13:48:34,600 - __main__ - WARNING - SCLK value 673606937 not found in ml data; skipping.
2025-06-19 13:48:34,602 - __main__ - WARNING - SCLK value 673680243 not found in ml data; skipping.
2025-06-19 13:48:34,605 - __main__ - WARNING - SCLK value 673681579 not found in ml data; skipping.
2025-06-19 13:48:34,607 - __main__ - WARNING - SCLK value 673685675 not found in ml data; skipping.
2025-06-19 13:48:34,609 - __main__ - WARNING - SCLK value 673694236 not found in ml data; skipping.
2025-06-19 13:48:34,612 - __main__ - WARNING - SCLK value 673694529 not found in ml data; skipping.
2025-06-19 13:48:34,614 - __main__ - WARNING - SCLK value 673773378 not found in ml data; skipping.
2025-06-19 13:48:34,616 - __main__ - WARNING - SCLK value 673779637 not found in ml data; skipping.
2025-06-19 13:48:34,618 - __main__ - WARNING - SCLK value 673781075 not found in ml data; skipping.
2025-06-19 13:48:34,620 - __main__ - WARNING - SCLK value 673858855 not found in ml data; skipping.
2025-06-19 13:48:34,622 - __main__ - WARNING - SCLK value 673863604 not found in ml data; skipping.
2025-06-19 13:48:34,625 - __main__ - WARNING - SCLK value 673865805 not found in ml data; skipping.
2025-06-19 13:48:34,628 - __main__ - WARNING - SCLK value 673874053 not found in ml data; skipping.
2025-06-19 13:48:34,630 - __main__ - WARNING - SCLK value 673948338 not found in ml data; skipping.
2025-06-19 13:48:34,632 - __main__ - WARNING - SCLK value 673951488 not found in ml data; skipping.
2025-06-19 13:48:34,634 - __main__ - WARNING - SCLK value 673955512 not found in ml data; skipping.
2025-06-19 13:48:34,637 - __main__ - WARNING - SCLK value 673958960 not found in ml data; skipping.
2025-06-19 13:48:34,639 - __main__ - WARNING - SCLK value 674041445 not found in ml data; skipping.
2025-06-19 13:48:34,641 - __main__ - WARNING - SCLK value 674042999 not found in ml data; skipping.
2025-06-19 13:48:34,644 - __main__ - WARNING - SCLK value 674044064 not found in ml data; skipping.
2025-06-19 13:48:34,645 - __main__ - WARNING - SCLK value 674051268 not found in ml data; skipping.
2025-06-19 13:48:34,648 - __main__ - WARNING - SCLK value 674056174 not found in ml data; skipping.
2025-06-19 13:48:34,650 - __main__ - WARNING - SCLK value 674122081 not found in ml data; skipping.
2025-06-19 13:48:34,652 - __main__ - WARNING - SCLK value 674128125 not found in ml data; skipping.
2025-06-19 13:48:34,655 - __main__ - WARNING - SCLK value 674128981 not found in ml data; skipping.
2025-06-19 13:48:34,657 - __main__ - WARNING - SCLK value 674133319 not found in ml data; skipping.
2025-06-19 13:48:34,659 - __main__ - WARNING - SCLK value 674140571 not found in ml data; skipping.
2025-06-19 13:48:34,661 - __main__ - WARNING - SCLK value 674213517 not found in ml data; skipping.
2025-06-19 13:48:34,664 - __main__ - WARNING - SCLK value 674218894 not found in ml data; skipping.
2025-06-19 13:48:34,666 - __main__ - WARNING - SCLK value 674228677 not found in ml data; skipping.
2025-06-19 13:48:34,668 - __main__ - WARNING - SCLK value 674304877 not found in ml data; skipping.
2025-06-19 13:48:34,670 - __main__ - WARNING - SCLK value 674307030 not found in ml data; skipping.
2025-06-19 13:48:34,672 - __main__ - WARNING - SCLK value 674307104 not found in ml data; skipping.
2025-06-19 13:48:34,675 - __main__ - WARNING - SCLK value 674317907 not found in ml data; skipping.
2025-06-19 13:48:34,677 - __main__ - WARNING - SCLK value 674398187 not found in ml data; skipping.
2025-06-19 13:48:34,679 - __main__ - WARNING - SCLK value 674410494 not found in ml data; skipping.
2025-06-19 13:48:34,681 - __main__ - WARNING - SCLK value 674482627 not found in ml data; skipping.
2025-06-19 13:48:34,684 - __main__ - WARNING - SCLK value 674483906 not found in ml data; skipping.
2025-06-19 13:48:34,686 - __main__ - WARNING - SCLK value 674484439 not found in ml data; skipping.
2025-06-19 13:48:34,688 - __main__ - WARNING - SCLK value 674491238 not found in ml data; skipping.
2025-06-19 13:48:34,691 - __main__ - WARNING - SCLK value 674492008 not found in ml data; skipping.
2025-06-19 13:48:34,693 - __main__ - WARNING - SCLK value 674497424 not found in ml data; skipping.
2025-06-19 13:48:34,695 - __main__ - WARNING - SCLK value 674498121 not found in ml data; skipping.
2025-06-19 13:48:34,697 - __main__ - WARNING - SCLK value 674568708 not found in ml data; skipping.
2025-06-19 13:48:34,699 - __main__ - WARNING - SCLK value 674573756 not found in ml data; skipping.
2025-06-19 13:48:34,701 - __main__ - WARNING - SCLK value 674575721 not found in ml data; skipping.
2025-06-19 13:48:34,703 - __main__ - WARNING - SCLK value 674582484 not found in ml data; skipping.
2025-06-19 13:48:34,707 - __main__ - WARNING - SCLK value 674666247 not found in ml data; skipping.
2025-06-19 13:48:34,709 - __main__ - WARNING - SCLK value 674666809 not found in ml data; skipping.
2025-06-19 13:48:34,711 - __main__ - WARNING - SCLK value 674667232 not found in ml data; skipping.
2025-06-19 13:48:34,713 - __main__ - WARNING - SCLK value 674669243 not found in ml data; skipping.
2025-06-19 13:48:34,715 - __main__ - WARNING - SCLK value 674751396 not found in ml data; skipping.
2025-06-19 13:48:34,718 - __main__ - WARNING - SCLK value 674837510 not found in ml data; skipping.
2025-06-19 13:48:34,720 - __main__ - WARNING - SCLK value 674845274 not found in ml data; skipping.
2025-06-19 13:48:34,722 - __main__ - WARNING - SCLK value 674846962 not found in ml data; skipping.
2025-06-19 13:48:34,724 - __main__ - WARNING - SCLK value 674850855 not found in ml data; skipping.
2025-06-19 13:48:34,731 - __main__ - INFO - Processing validation data around vortex events...
2025-06-19 13:48:34,732 - __main__ - WARNING - SCLK value 668288145 not found in ml data; skipping.
2025-06-19 13:48:34,733 - __main__ - WARNING - SCLK value 668288356 not found in ml data; skipping.
2025-06-19 13:48:34,734 - __main__ - WARNING - SCLK value 668363851 not found in ml data; skipping.
2025-06-19 13:48:34,734 - __main__ - WARNING - SCLK value 668370696 not found in ml data; skipping.
2025-06-19 13:48:34,736 - __main__ - WARNING - SCLK value 668373458 not found in ml data; skipping.
2025-06-19 13:48:34,737 - __main__ - WARNING - SCLK value 668450709 not found in ml data; skipping.
2025-06-19 13:48:34,738 - __main__ - WARNING - SCLK value 668451679 not found in ml data; skipping.
2025-06-19 13:48:34,739 - __main__ - WARNING - SCLK value 668465594 not found in ml data; skipping.
2025-06-19 13:48:34,739 - __main__ - WARNING - SCLK value 668471362 not found in ml data; skipping.
2025-06-19 13:48:34,740 - __main__ - WARNING - SCLK value 668534767 not found in ml data; skipping.
2025-06-19 13:48:34,741 - __main__ - WARNING - SCLK value 668540964 not found in ml data; skipping.
2025-06-19 13:48:34,741 - __main__ - WARNING - SCLK value 668541515 not found in ml data; skipping.
2025-06-19 13:48:34,742 - __main__ - WARNING - SCLK value 668542064 not found in ml data; skipping.
2025-06-19 13:48:34,743 - __main__ - WARNING - SCLK value 668542340 not found in ml data; skipping.
2025-06-19 13:48:34,744 - __main__ - WARNING - SCLK value 668551101 not found in ml data; skipping.
2025-06-19 13:48:34,744 - __main__ - WARNING - SCLK value 668555682 not found in ml data; skipping.
2025-06-19 13:48:34,745 - __main__ - WARNING - SCLK value 668556124 not found in ml data; skipping.
2025-06-19 13:48:34,746 - __main__ - WARNING - SCLK value 668557517 not found in ml data; skipping.
2025-06-19 13:48:34,746 - __main__ - WARNING - SCLK value 668716847 not found in ml data; skipping.
2025-06-19 13:48:34,747 - __main__ - WARNING - SCLK value 668723694 not found in ml data; skipping.
2025-06-19 13:48:34,747 - __main__ - WARNING - SCLK value 668801790 not found in ml data; skipping.
2025-06-19 13:48:34,748 - __main__ - WARNING - SCLK value 668808927 not found in ml data; skipping.
2025-06-19 13:48:34,749 - __main__ - WARNING - SCLK value 668810541 not found in ml data; skipping.
2025-06-19 13:48:34,750 - __main__ - WARNING - SCLK value 668811652 not found in ml data; skipping.
2025-06-19 13:48:34,751 - __main__ - WARNING - SCLK value 668816129 not found in ml data; skipping.
2025-06-19 13:48:34,751 - __main__ - WARNING - SCLK value 669426485 not found in ml data; skipping.
2025-06-19 13:48:34,752 - __main__ - WARNING - SCLK value 669427340 not found in ml data; skipping.
2025-06-19 13:48:34,753 - __main__ - WARNING - SCLK value 669434405 not found in ml data; skipping.
2025-06-19 13:48:34,754 - __main__ - WARNING - SCLK value 669434703 not found in ml data; skipping.
2025-06-19 13:48:34,754 - __main__ - WARNING - SCLK value 669518763 not found in ml data; skipping.
2025-06-19 13:48:34,756 - __main__ - WARNING - SCLK value 669519478 not found in ml data; skipping.
2025-06-19 13:48:34,756 - __main__ - WARNING - SCLK value 669531860 not found in ml data; skipping.
2025-06-19 13:48:34,757 - __main__ - WARNING - SCLK value 669626803 not found in ml data; skipping.
2025-06-19 13:48:34,758 - __main__ - WARNING - SCLK value 669688619 not found in ml data; skipping.
2025-06-19 13:48:34,759 - __main__ - WARNING - SCLK value 669690018 not found in ml data; skipping.
2025-06-19 13:48:34,759 - __main__ - WARNING - SCLK value 669690620 not found in ml data; skipping.
2025-06-19 13:48:34,760 - __main__ - WARNING - SCLK value 669704197 not found in ml data; skipping.
2025-06-19 13:48:34,761 - __main__ - WARNING - SCLK value 669779409 not found in ml data; skipping.
2025-06-19 13:48:34,762 - __main__ - WARNING - SCLK value 669780445 not found in ml data; skipping.
2025-06-19 13:48:34,762 - __main__ - WARNING - SCLK value 669787866 not found in ml data; skipping.
2025-06-19 13:48:34,763 - __main__ - WARNING - SCLK value 669787881 not found in ml data; skipping.
2025-06-19 13:48:34,764 - __main__ - WARNING - SCLK value 669870405 not found in ml data; skipping.
2025-06-19 13:48:34,765 - __main__ - WARNING - SCLK value 669873580 not found in ml data; skipping.
2025-06-19 13:48:34,766 - __main__ - WARNING - SCLK value 669882031 not found in ml data; skipping.
2025-06-19 13:48:34,766 - __main__ - WARNING - SCLK value 669886865 not found in ml data; skipping.
2025-06-19 13:48:34,767 - __main__ - WARNING - SCLK value 669958088 not found in ml data; skipping.
2025-06-19 13:48:34,768 - __main__ - WARNING - SCLK value 669959376 not found in ml data; skipping.
2025-06-19 13:48:34,769 - __main__ - WARNING - SCLK value 669959712 not found in ml data; skipping.
2025-06-19 13:48:34,769 - __main__ - WARNING - SCLK value 669960008 not found in ml data; skipping.
2025-06-19 13:48:34,770 - __main__ - WARNING - SCLK value 669960347 not found in ml data; skipping.
2025-06-19 13:48:34,771 - __main__ - WARNING - SCLK value 669962940 not found in ml data; skipping.
2025-06-19 13:48:34,772 - __main__ - WARNING - SCLK value 669964312 not found in ml data; skipping.
2025-06-19 13:48:34,772 - __main__ - WARNING - SCLK value 669965150 not found in ml data; skipping.
2025-06-19 13:48:34,773 - __main__ - WARNING - SCLK value 669971696 not found in ml data; skipping.
2025-06-19 13:48:34,774 - __main__ - WARNING - SCLK value 670046942 not found in ml data; skipping.
2025-06-19 13:48:34,775 - __main__ - WARNING - SCLK value 670047546 not found in ml data; skipping.
2025-06-19 13:48:34,775 - __main__ - WARNING - SCLK value 670055611 not found in ml data; skipping.
2025-06-19 13:48:34,776 - __main__ - WARNING - SCLK value 670129653 not found in ml data; skipping.
2025-06-19 13:48:34,777 - __main__ - WARNING - SCLK value 670136668 not found in ml data; skipping.
2025-06-19 13:48:34,778 - __main__ - WARNING - SCLK value 670138695 not found in ml data; skipping.
2025-06-19 13:48:34,778 - __main__ - WARNING - SCLK value 670225439 not found in ml data; skipping.
2025-06-19 13:48:34,779 - __main__ - WARNING - SCLK value 670232335 not found in ml data; skipping.
2025-06-19 13:48:34,780 - __main__ - WARNING - SCLK value 670232986 not found in ml data; skipping.
2025-06-19 13:48:34,781 - __main__ - WARNING - SCLK value 670233871 not found in ml data; skipping.
2025-06-19 13:48:34,782 - __main__ - WARNING - SCLK value 670313772 not found in ml data; skipping.
2025-06-19 13:48:34,782 - __main__ - WARNING - SCLK value 670315385 not found in ml data; skipping.
2025-06-19 13:48:34,783 - __main__ - WARNING - SCLK value 670317790 not found in ml data; skipping.
2025-06-19 13:48:34,784 - __main__ - WARNING - SCLK value 670321691 not found in ml data; skipping.
2025-06-19 13:48:34,784 - __main__ - WARNING - SCLK value 670325686 not found in ml data; skipping.
2025-06-19 13:48:34,786 - __main__ - WARNING - SCLK value 670329256 not found in ml data; skipping.
2025-06-19 13:48:34,786 - __main__ - WARNING - SCLK value 670398725 not found in ml data; skipping.
2025-06-19 13:48:34,787 - __main__ - WARNING - SCLK value 670402854 not found in ml data; skipping.
2025-06-19 13:48:34,788 - __main__ - WARNING - SCLK value 670403870 not found in ml data; skipping.
2025-06-19 13:48:34,789 - __main__ - WARNING - SCLK value 670409834 not found in ml data; skipping.
2025-06-19 13:48:34,789 - __main__ - WARNING - SCLK value 670412275 not found in ml data; skipping.
2025-06-19 13:48:34,790 - __main__ - WARNING - SCLK value 670412326 not found in ml data; skipping.
2025-06-19 13:48:34,791 - __main__ - WARNING - SCLK value 670578458 not found in ml data; skipping.
2025-06-19 13:48:34,792 - __main__ - WARNING - SCLK value 670580613 not found in ml data; skipping.
2025-06-19 13:48:34,793 - __main__ - WARNING - SCLK value 670584569 not found in ml data; skipping.
2025-06-19 13:48:34,794 - __main__ - WARNING - SCLK value 670584657 not found in ml data; skipping.
2025-06-19 13:48:34,794 - __main__ - WARNING - SCLK value 670587674 not found in ml data; skipping.
2025-06-19 13:48:34,795 - __main__ - WARNING - SCLK value 670594461 not found in ml data; skipping.
2025-06-19 13:48:34,796 - __main__ - WARNING - SCLK value 670841835 not found in ml data; skipping.
2025-06-19 13:48:34,797 - __main__ - WARNING - SCLK value 670842459 not found in ml data; skipping.
2025-06-19 13:48:34,798 - __main__ - WARNING - SCLK value 670849047 not found in ml data; skipping.
2025-06-19 13:48:34,799 - __main__ - WARNING - SCLK value 670852738 not found in ml data; skipping.
2025-06-19 13:48:34,800 - __main__ - WARNING - SCLK value 670856365 not found in ml data; skipping.
2025-06-19 13:48:34,800 - __main__ - WARNING - SCLK value 670859755 not found in ml data; skipping.
2025-06-19 13:48:34,801 - __main__ - WARNING - SCLK value 670870370 not found in ml data; skipping.
2025-06-19 13:48:34,802 - __main__ - WARNING - SCLK value 670929808 not found in ml data; skipping.
2025-06-19 13:48:34,803 - __main__ - WARNING - SCLK value 670930554 not found in ml data; skipping.
2025-06-19 13:48:34,803 - __main__ - WARNING - SCLK value 670933108 not found in ml data; skipping.
2025-06-19 13:48:34,804 - __main__ - WARNING - SCLK value 670934582 not found in ml data; skipping.
2025-06-19 13:48:34,805 - __main__ - WARNING - SCLK value 670938327 not found in ml data; skipping.
2025-06-19 13:48:34,806 - __main__ - WARNING - SCLK value 670938389 not found in ml data; skipping.
2025-06-19 13:48:34,807 - __main__ - WARNING - SCLK value 670940703 not found in ml data; skipping.
2025-06-19 13:48:34,808 - __main__ - WARNING - SCLK value 670945386 not found in ml data; skipping.
2025-06-19 13:48:34,809 - __main__ - WARNING - SCLK value 670961352 not found in ml data; skipping.
2025-06-19 13:48:34,809 - __main__ - WARNING - SCLK value 671024106 not found in ml data; skipping.
2025-06-19 13:48:34,810 - __main__ - WARNING - SCLK value 671027864 not found in ml data; skipping.
2025-06-19 13:48:34,811 - __main__ - WARNING - SCLK value 671027972 not found in ml data; skipping.
2025-06-19 13:48:34,812 - __main__ - WARNING - SCLK value 671033906 not found in ml data; skipping.
2025-06-19 13:48:34,813 - __main__ - WARNING - SCLK value 671039200 not found in ml data; skipping.
2025-06-19 13:48:34,814 - __main__ - WARNING - SCLK value 671109364 not found in ml data; skipping.
2025-06-19 13:48:34,814 - __main__ - WARNING - SCLK value 671113914 not found in ml data; skipping.
2025-06-19 13:48:34,815 - __main__ - WARNING - SCLK value 671114679 not found in ml data; skipping.
2025-06-19 13:48:34,816 - __main__ - WARNING - SCLK value 671115255 not found in ml data; skipping.
2025-06-19 13:48:34,817 - __main__ - WARNING - SCLK value 671115289 not found in ml data; skipping.
2025-06-19 13:48:34,818 - __main__ - WARNING - SCLK value 671120289 not found in ml data; skipping.
2025-06-19 13:48:34,819 - __main__ - WARNING - SCLK value 671126006 not found in ml data; skipping.
2025-06-19 13:48:34,820 - __main__ - WARNING - SCLK value 671126607 not found in ml data; skipping.
2025-06-19 13:48:34,821 - __main__ - WARNING - SCLK value 671127245 not found in ml data; skipping.
2025-06-19 13:48:34,821 - __main__ - WARNING - SCLK value 671139428 not found in ml data; skipping.
2025-06-19 13:48:34,822 - __main__ - WARNING - SCLK value 671204280 not found in ml data; skipping.
2025-06-19 13:48:34,823 - __main__ - WARNING - SCLK value 671213291 not found in ml data; skipping.
2025-06-19 13:48:34,823 - __main__ - WARNING - SCLK value 671214052 not found in ml data; skipping.
2025-06-19 13:48:34,824 - __main__ - WARNING - SCLK value 671224977 not found in ml data; skipping.
2025-06-19 13:48:34,824 - __main__ - WARNING - SCLK value 671291649 not found in ml data; skipping.
2025-06-19 13:48:34,826 - __main__ - WARNING - SCLK value 671294608 not found in ml data; skipping.
2025-06-19 13:48:34,827 - __main__ - WARNING - SCLK value 671302478 not found in ml data; skipping.
2025-06-19 13:48:34,828 - __main__ - WARNING - SCLK value 671302909 not found in ml data; skipping.
2025-06-19 13:48:34,829 - __main__ - WARNING - SCLK value 671308300 not found in ml data; skipping.
2025-06-19 13:48:34,830 - __main__ - WARNING - SCLK value 671376036 not found in ml data; skipping.
2025-06-19 13:48:34,830 - __main__ - WARNING - SCLK value 671376059 not found in ml data; skipping.
2025-06-19 13:48:34,831 - __main__ - WARNING - SCLK value 671376348 not found in ml data; skipping.
2025-06-19 13:48:34,832 - __main__ - WARNING - SCLK value 671376844 not found in ml data; skipping.
2025-06-19 13:48:34,833 - __main__ - WARNING - SCLK value 671377912 not found in ml data; skipping.
2025-06-19 13:48:34,834 - __main__ - WARNING - SCLK value 671379183 not found in ml data; skipping.
2025-06-19 13:48:34,835 - __main__ - WARNING - SCLK value 671384112 not found in ml data; skipping.
2025-06-19 13:48:34,835 - __main__ - WARNING - SCLK value 671391076 not found in ml data; skipping.
2025-06-19 13:48:34,837 - __main__ - WARNING - SCLK value 671395245 not found in ml data; skipping.
2025-06-19 13:48:34,838 - __main__ - WARNING - SCLK value 671466934 not found in ml data; skipping.
2025-06-19 13:48:34,839 - __main__ - WARNING - SCLK value 671468200 not found in ml data; skipping.
2025-06-19 13:48:34,840 - __main__ - WARNING - SCLK value 671559311 not found in ml data; skipping.
2025-06-19 13:48:34,841 - __main__ - WARNING - SCLK value 671560213 not found in ml data; skipping.
2025-06-19 13:48:34,841 - __main__ - WARNING - SCLK value 671561065 not found in ml data; skipping.
2025-06-19 13:48:34,842 - __main__ - WARNING - SCLK value 671563881 not found in ml data; skipping.
2025-06-19 13:48:34,843 - __main__ - WARNING - SCLK value 671570327 not found in ml data; skipping.
2025-06-19 13:48:34,844 - __main__ - WARNING - SCLK value 671641441 not found in ml data; skipping.
2025-06-19 13:48:34,845 - __main__ - WARNING - SCLK value 671644549 not found in ml data; skipping.
2025-06-19 13:48:34,845 - __main__ - WARNING - SCLK value 671645443 not found in ml data; skipping.
2025-06-19 13:48:34,846 - __main__ - WARNING - SCLK value 671648210 not found in ml data; skipping.
2025-06-19 13:48:34,847 - __main__ - WARNING - SCLK value 671656101 not found in ml data; skipping.
2025-06-19 13:48:34,849 - __main__ - WARNING - SCLK value 671731643 not found in ml data; skipping.
2025-06-19 13:48:34,849 - __main__ - WARNING - SCLK value 671740824 not found in ml data; skipping.
2025-06-19 13:48:34,850 - __main__ - WARNING - SCLK value 671746873 not found in ml data; skipping.
2025-06-19 13:48:34,851 - __main__ - WARNING - SCLK value 671823162 not found in ml data; skipping.
2025-06-19 13:48:34,852 - __main__ - WARNING - SCLK value 671823654 not found in ml data; skipping.
2025-06-19 13:48:34,852 - __main__ - WARNING - SCLK value 671823993 not found in ml data; skipping.
2025-06-19 13:48:34,853 - __main__ - WARNING - SCLK value 671824646 not found in ml data; skipping.
2025-06-19 13:48:34,854 - __main__ - WARNING - SCLK value 671825542 not found in ml data; skipping.
2025-06-19 13:48:34,855 - __main__ - WARNING - SCLK value 671831605 not found in ml data; skipping.
2025-06-19 13:48:34,856 - __main__ - WARNING - SCLK value 671834757 not found in ml data; skipping.
2025-06-19 13:48:34,856 - __main__ - WARNING - SCLK value 671904824 not found in ml data; skipping.
2025-06-19 13:48:34,857 - __main__ - WARNING - SCLK value 671909321 not found in ml data; skipping.
2025-06-19 13:48:34,858 - __main__ - WARNING - SCLK value 671911350 not found in ml data; skipping.
2025-06-19 13:48:34,859 - __main__ - WARNING - SCLK value 671913231 not found in ml data; skipping.
2025-06-19 13:48:34,860 - __main__ - WARNING - SCLK value 671915681 not found in ml data; skipping.
2025-06-19 13:48:34,860 - __main__ - WARNING - SCLK value 671916470 not found in ml data; skipping.
2025-06-19 13:48:34,861 - __main__ - WARNING - SCLK value 671920779 not found in ml data; skipping.
2025-06-19 13:48:34,862 - __main__ - WARNING - SCLK value 671921784 not found in ml data; skipping.
2025-06-19 13:48:34,863 - __main__ - WARNING - SCLK value 671995990 not found in ml data; skipping.
2025-06-19 13:48:34,864 - __main__ - WARNING - SCLK value 672002175 not found in ml data; skipping.
2025-06-19 13:48:34,865 - __main__ - WARNING - SCLK value 672002362 not found in ml data; skipping.
2025-06-19 13:48:34,865 - __main__ - WARNING - SCLK value 672104482 not found in ml data; skipping.
2025-06-19 13:48:34,866 - __main__ - WARNING - SCLK value 672178090 not found in ml data; skipping.
2025-06-19 13:48:34,867 - __main__ - WARNING - SCLK value 672180689 not found in ml data; skipping.
2025-06-19 13:48:34,868 - __main__ - WARNING - SCLK value 672181444 not found in ml data; skipping.
2025-06-19 13:48:34,869 - __main__ - WARNING - SCLK value 672182115 not found in ml data; skipping.
2025-06-19 13:48:34,869 - __main__ - WARNING - SCLK value 672183596 not found in ml data; skipping.
2025-06-19 13:48:34,870 - __main__ - WARNING - SCLK value 672185170 not found in ml data; skipping.
2025-06-19 13:48:34,871 - __main__ - WARNING - SCLK value 672190662 not found in ml data; skipping.
2025-06-19 13:48:34,872 - __main__ - WARNING - SCLK value 672267244 not found in ml data; skipping.
2025-06-19 13:48:34,872 - __main__ - WARNING - SCLK value 672269283 not found in ml data; skipping.
2025-06-19 13:48:34,873 - __main__ - WARNING - SCLK value 672269792 not found in ml data; skipping.
2025-06-19 13:48:34,874 - __main__ - WARNING - SCLK value 672350659 not found in ml data; skipping.
2025-06-19 13:48:34,875 - __main__ - WARNING - SCLK value 672352068 not found in ml data; skipping.
2025-06-19 13:48:34,876 - __main__ - WARNING - SCLK value 672355502 not found in ml data; skipping.
2025-06-19 13:48:34,876 - __main__ - WARNING - SCLK value 672357238 not found in ml data; skipping.
2025-06-19 13:48:34,877 - __main__ - WARNING - SCLK value 672359382 not found in ml data; skipping.
2025-06-19 13:48:34,878 - __main__ - WARNING - SCLK value 672362559 not found in ml data; skipping.
2025-06-19 13:48:34,879 - __main__ - WARNING - SCLK value 672365510 not found in ml data; skipping.
2025-06-19 13:48:34,879 - __main__ - WARNING - SCLK value 672365820 not found in ml data; skipping.
2025-06-19 13:48:34,880 - __main__ - WARNING - SCLK value 672445220 not found in ml data; skipping.
2025-06-19 13:48:34,881 - __main__ - WARNING - SCLK value 672445462 not found in ml data; skipping.
2025-06-19 13:48:34,882 - __main__ - WARNING - SCLK value 672446338 not found in ml data; skipping.
2025-06-19 13:48:34,883 - __main__ - WARNING - SCLK value 672528720 not found in ml data; skipping.
2025-06-19 13:48:34,884 - __main__ - WARNING - SCLK value 672531916 not found in ml data; skipping.
2025-06-19 13:48:34,884 - __main__ - INFO - Processing vortex SCLK 672538692 found at ml index: 2160537
2025-06-19 13:48:34,886 - __main__ - INFO - Processing vortex SCLK 672546578 found at ml index: 2165928
2025-06-19 13:48:34,888 - __main__ - INFO - Processing vortex SCLK 672548966 found at ml index: 2168316
2025-06-19 13:48:34,889 - __main__ - INFO - Processing vortex SCLK 672621236 found at ml index: 2212733
2025-06-19 13:48:34,890 - __main__ - INFO - Processing vortex SCLK 672622288 found at ml index: 2213785
2025-06-19 13:48:34,891 - __main__ - INFO - Processing vortex SCLK 672624313 found at ml index: 2215810
2025-06-19 13:48:34,892 - __main__ - INFO - Processing vortex SCLK 672624475 found at ml index: 2215972
2025-06-19 13:48:34,894 - __main__ - INFO - Processing vortex SCLK 672626109 found at ml index: 2217606
2025-06-19 13:48:34,895 - __main__ - INFO - Processing vortex SCLK 672626122 found at ml index: 2217619
2025-06-19 13:48:34,896 - __main__ - INFO - Processing vortex SCLK 672706787 found at ml index: 2270942
2025-06-19 13:48:34,897 - __main__ - INFO - Processing vortex SCLK 672709027 found at ml index: 2273182
2025-06-19 13:48:34,899 - __main__ - INFO - Processing vortex SCLK 672711149 found at ml index: 2275304
2025-06-19 13:48:34,900 - __main__ - INFO - Processing vortex SCLK 672711621 found at ml index: 2275776
2025-06-19 13:48:34,901 - __main__ - INFO - Processing vortex SCLK 672713266 found at ml index: 2277421
2025-06-19 13:48:34,902 - __main__ - INFO - Processing vortex SCLK 672713337 found at ml index: 2277492
2025-06-19 13:48:34,903 - __main__ - INFO - Processing vortex SCLK 672715961 found at ml index: 2280116
2025-06-19 13:48:34,905 - __main__ - INFO - Processing vortex SCLK 672718373 found at ml index: 2282528
2025-06-19 13:48:34,906 - __main__ - INFO - Processing vortex SCLK 672719375 found at ml index: 2283530
2025-06-19 13:48:34,906 - __main__ - INFO - Processing vortex SCLK 672721953 found at ml index: 2286108
2025-06-19 13:48:34,908 - __main__ - INFO - Processing vortex SCLK 672801263 found at ml index: 2334241
2025-06-19 13:48:34,909 - __main__ - INFO - Processing vortex SCLK 672801630 found at ml index: 2334608
2025-06-19 13:48:34,910 - __main__ - INFO - Processing vortex SCLK 672804797 found at ml index: 2337775
2025-06-19 13:48:34,911 - __main__ - INFO - Processing vortex SCLK 672884603 found at ml index: 2387935
2025-06-19 13:48:34,912 - __main__ - INFO - Processing vortex SCLK 672884933 found at ml index: 2388265
2025-06-19 13:48:34,914 - __main__ - INFO - Processing vortex SCLK 672885216 found at ml index: 2388548
2025-06-19 13:48:34,914 - __main__ - INFO - Processing vortex SCLK 672889286 found at ml index: 2392618
2025-06-19 13:48:34,916 - __main__ - INFO - Processing vortex SCLK 672890283 found at ml index: 2393615
2025-06-19 13:48:34,918 - __main__ - INFO - Processing vortex SCLK 672894510 found at ml index: 2397842
2025-06-19 13:48:34,919 - __main__ - INFO - Processing vortex SCLK 672964384 found at ml index: 2443850
2025-06-19 13:48:34,920 - __main__ - INFO - Processing vortex SCLK 672973742 found at ml index: 2448162
2025-06-19 13:48:34,921 - __main__ - INFO - Processing vortex SCLK 672976272 found at ml index: 2450692
2025-06-19 13:48:34,922 - __main__ - INFO - Processing vortex SCLK 672979607 found at ml index: 2454027
2025-06-19 13:48:34,923 - __main__ - INFO - Processing vortex SCLK 672983982 found at ml index: 2458402
2025-06-19 13:48:34,924 - __main__ - INFO - Processing vortex SCLK 672984068 found at ml index: 2458488
2025-06-19 13:48:34,926 - __main__ - INFO - Processing vortex SCLK 672984973 found at ml index: 2459393
2025-06-19 13:48:34,927 - __main__ - INFO - Processing vortex SCLK 672985340 found at ml index: 2459760
2025-06-19 13:48:34,928 - __main__ - INFO - Processing vortex SCLK 673068974 found at ml index: 2512676
2025-06-19 13:48:34,929 - __main__ - INFO - Processing vortex SCLK 673072073 found at ml index: 2515775
2025-06-19 13:48:34,931 - __main__ - INFO - Processing vortex SCLK 673076429 found at ml index: 2518680
2025-06-19 13:48:34,932 - __main__ - INFO - Processing vortex SCLK 673078972 found at ml index: 2521223
2025-06-19 13:48:34,933 - __main__ - INFO - Processing vortex SCLK 673147721 found at ml index: 2565489
2025-06-19 13:48:34,934 - __main__ - INFO - Processing vortex SCLK 673240962 found at ml index: 2629833
2025-06-19 13:48:34,935 - __main__ - INFO - Processing vortex SCLK 673242020 found at ml index: 2630891
2025-06-19 13:48:34,936 - __main__ - INFO - Processing vortex SCLK 673243964 found at ml index: 2632835
2025-06-19 13:48:34,938 - __main__ - INFO - Processing vortex SCLK 673245884 found at ml index: 2634755
2025-06-19 13:48:34,939 - __main__ - INFO - Processing vortex SCLK 673251635 found at ml index: 2640506
2025-06-19 13:48:34,940 - __main__ - INFO - Processing vortex SCLK 673254242 found at ml index: 2643113
2025-06-19 13:48:34,941 - __main__ - INFO - Processing vortex SCLK 673328658 found at ml index: 2691425
2025-06-19 13:48:34,942 - __main__ - INFO - Processing vortex SCLK 673329003 found at ml index: 2691770
2025-06-19 13:48:34,944 - __main__ - INFO - Processing vortex SCLK 673332835 found at ml index: 2695602
2025-06-19 13:48:34,944 - __main__ - INFO - Processing vortex SCLK 673332863 found at ml index: 2695630
2025-06-19 13:48:34,946 - __main__ - INFO - Processing vortex SCLK 673334070 found at ml index: 2696837
2025-06-19 13:48:34,948 - __main__ - INFO - Processing vortex SCLK 673334708 found at ml index: 2697475
2025-06-19 13:48:34,949 - __main__ - INFO - Processing vortex SCLK 673338788 found at ml index: 2701555
2025-06-19 13:48:34,950 - __main__ - INFO - Processing vortex SCLK 673340481 found at ml index: 2703248
2025-06-19 13:48:34,952 - __main__ - INFO - Processing vortex SCLK 673344227 found at ml index: 2706994
2025-06-19 13:48:34,953 - __main__ - INFO - Processing vortex SCLK 673424713 found at ml index: 2760219
2025-06-19 13:48:34,954 - __main__ - INFO - Processing vortex SCLK 673429348 found at ml index: 2764854
2025-06-19 13:48:34,954 - __main__ - INFO - Processing vortex SCLK 673500853 found at ml index: 2811671
2025-06-19 13:48:34,956 - __main__ - INFO - Processing vortex SCLK 673512599 found at ml index: 2821820
2025-06-19 13:48:34,958 - __main__ - INFO - Processing vortex SCLK 673513373 found at ml index: 2822594
2025-06-19 13:48:34,960 - __main__ - INFO - Processing vortex SCLK 673514725 found at ml index: 2823946
2025-06-19 13:48:34,961 - __main__ - INFO - Processing vortex SCLK 673594180 found at ml index: 2868616
2025-06-19 13:48:34,962 - __main__ - INFO - Processing vortex SCLK 673597335 found at ml index: 2871771
2025-06-19 13:48:34,963 - __main__ - WARNING - SCLK value 673598754 not found in ml data; skipping.
2025-06-19 13:48:34,964 - __main__ - WARNING - SCLK value 673606937 not found in ml data; skipping.
2025-06-19 13:48:34,965 - __main__ - WARNING - SCLK value 673680243 not found in ml data; skipping.
2025-06-19 13:48:34,966 - __main__ - WARNING - SCLK value 673681579 not found in ml data; skipping.
2025-06-19 13:48:34,967 - __main__ - WARNING - SCLK value 673685675 not found in ml data; skipping.
2025-06-19 13:48:34,968 - __main__ - WARNING - SCLK value 673694236 not found in ml data; skipping.
2025-06-19 13:48:34,969 - __main__ - WARNING - SCLK value 673694529 not found in ml data; skipping.
2025-06-19 13:48:34,969 - __main__ - WARNING - SCLK value 673773378 not found in ml data; skipping.
2025-06-19 13:48:34,970 - __main__ - WARNING - SCLK value 673779637 not found in ml data; skipping.
2025-06-19 13:48:34,971 - __main__ - WARNING - SCLK value 673781075 not found in ml data; skipping.
2025-06-19 13:48:34,972 - __main__ - WARNING - SCLK value 673858855 not found in ml data; skipping.
2025-06-19 13:48:34,973 - __main__ - WARNING - SCLK value 673863604 not found in ml data; skipping.
2025-06-19 13:48:34,974 - __main__ - WARNING - SCLK value 673865805 not found in ml data; skipping.
2025-06-19 13:48:34,974 - __main__ - WARNING - SCLK value 673874053 not found in ml data; skipping.
2025-06-19 13:48:34,975 - __main__ - WARNING - SCLK value 673948338 not found in ml data; skipping.
2025-06-19 13:48:34,976 - __main__ - WARNING - SCLK value 673951488 not found in ml data; skipping.
2025-06-19 13:48:34,977 - __main__ - WARNING - SCLK value 673955512 not found in ml data; skipping.
2025-06-19 13:48:34,978 - __main__ - WARNING - SCLK value 673958960 not found in ml data; skipping.
2025-06-19 13:48:34,979 - __main__ - WARNING - SCLK value 674041445 not found in ml data; skipping.
2025-06-19 13:48:34,979 - __main__ - WARNING - SCLK value 674042999 not found in ml data; skipping.
2025-06-19 13:48:34,980 - __main__ - WARNING - SCLK value 674044064 not found in ml data; skipping.
2025-06-19 13:48:34,981 - __main__ - WARNING - SCLK value 674051268 not found in ml data; skipping.
2025-06-19 13:48:34,982 - __main__ - WARNING - SCLK value 674056174 not found in ml data; skipping.
2025-06-19 13:48:34,983 - __main__ - WARNING - SCLK value 674122081 not found in ml data; skipping.
2025-06-19 13:48:34,984 - __main__ - WARNING - SCLK value 674128125 not found in ml data; skipping.
2025-06-19 13:48:34,984 - __main__ - WARNING - SCLK value 674128981 not found in ml data; skipping.
2025-06-19 13:48:34,985 - __main__ - WARNING - SCLK value 674133319 not found in ml data; skipping.
2025-06-19 13:48:34,986 - __main__ - WARNING - SCLK value 674140571 not found in ml data; skipping.
2025-06-19 13:48:34,987 - __main__ - WARNING - SCLK value 674213517 not found in ml data; skipping.
2025-06-19 13:48:34,988 - __main__ - WARNING - SCLK value 674218894 not found in ml data; skipping.
2025-06-19 13:48:34,989 - __main__ - WARNING - SCLK value 674228677 not found in ml data; skipping.
2025-06-19 13:48:34,990 - __main__ - WARNING - SCLK value 674304877 not found in ml data; skipping.
2025-06-19 13:48:34,990 - __main__ - WARNING - SCLK value 674307030 not found in ml data; skipping.
2025-06-19 13:48:34,991 - __main__ - WARNING - SCLK value 674307104 not found in ml data; skipping.
2025-06-19 13:48:34,992 - __main__ - WARNING - SCLK value 674317907 not found in ml data; skipping.
2025-06-19 13:48:34,993 - __main__ - WARNING - SCLK value 674398187 not found in ml data; skipping.
2025-06-19 13:48:34,994 - __main__ - WARNING - SCLK value 674410494 not found in ml data; skipping.
2025-06-19 13:48:34,994 - __main__ - WARNING - SCLK value 674482627 not found in ml data; skipping.
2025-06-19 13:48:34,995 - __main__ - WARNING - SCLK value 674483906 not found in ml data; skipping.
2025-06-19 13:48:34,996 - __main__ - WARNING - SCLK value 674484439 not found in ml data; skipping.
2025-06-19 13:48:34,996 - __main__ - WARNING - SCLK value 674491238 not found in ml data; skipping.
2025-06-19 13:48:34,997 - __main__ - WARNING - SCLK value 674492008 not found in ml data; skipping.
2025-06-19 13:48:34,998 - __main__ - WARNING - SCLK value 674497424 not found in ml data; skipping.
2025-06-19 13:48:34,998 - __main__ - WARNING - SCLK value 674498121 not found in ml data; skipping.
2025-06-19 13:48:34,999 - __main__ - WARNING - SCLK value 674568708 not found in ml data; skipping.
2025-06-19 13:48:35,000 - __main__ - WARNING - SCLK value 674573756 not found in ml data; skipping.
2025-06-19 13:48:35,001 - __main__ - WARNING - SCLK value 674575721 not found in ml data; skipping.
2025-06-19 13:48:35,001 - __main__ - WARNING - SCLK value 674582484 not found in ml data; skipping.
2025-06-19 13:48:35,002 - __main__ - WARNING - SCLK value 674666247 not found in ml data; skipping.
2025-06-19 13:48:35,003 - __main__ - WARNING - SCLK value 674666809 not found in ml data; skipping.
2025-06-19 13:48:35,004 - __main__ - WARNING - SCLK value 674667232 not found in ml data; skipping.
2025-06-19 13:48:35,005 - __main__ - WARNING - SCLK value 674669243 not found in ml data; skipping.
2025-06-19 13:48:35,005 - __main__ - WARNING - SCLK value 674751396 not found in ml data; skipping.
2025-06-19 13:48:35,007 - __main__ - WARNING - SCLK value 674837510 not found in ml data; skipping.
2025-06-19 13:48:35,008 - __main__ - WARNING - SCLK value 674845274 not found in ml data; skipping.
2025-06-19 13:48:35,009 - __main__ - WARNING - SCLK value 674846962 not found in ml data; skipping.
2025-06-19 13:48:35,010 - __main__ - WARNING - SCLK value 674850855 not found in ml data; skipping.
2025-06-19 13:48:35,011 - __main__ - INFO - Preparing features and labels...
2025-06-19 13:48:35,012 - __main__ - INFO - Validating feature matrix...
2025-06-19 13:48:35,013 - __main__ - WARNING - Feature matrix issues detected:
2025-06-19 13:48:35,013 - __main__ - WARNING - - High correlation between pressure_drop_ratio and pressure_change: -1.00
2025-06-19 13:48:35,013 - __main__ - WARNING - - High correlation between pressure_drop_ratio and rate_of_change_mean: -0.99
2025-06-19 13:48:35,013 - __main__ - WARNING - - High correlation between pressure_change and rate_of_change_mean: 0.99
2025-06-19 13:48:35,014 - __main__ - WARNING - - High correlation between mean_pressure and min_pressure: 1.00
2025-06-19 13:48:35,014 - __main__ - WARNING - - High correlation between mean_pressure and max_pressure: 1.00
2025-06-19 13:48:35,014 - __main__ - WARNING - - High correlation between mean_pressure and long_term_mean: 1.00
2025-06-19 13:48:35,014 - __main__ - WARNING - - High correlation between std_pressure and pressure_range: 0.99
2025-06-19 13:48:35,014 - __main__ - WARNING - - High correlation between std_pressure and rate_of_change_std: 0.98
2025-06-19 13:48:35,014 - __main__ - WARNING - - High correlation between std_pressure and rate_of_change_max: 0.98
2025-06-19 13:48:35,014 - __main__ - WARNING - - High correlation between min_pressure and max_pressure: 1.00
2025-06-19 13:48:35,015 - __main__ - WARNING - - High correlation between min_pressure and long_term_mean: 1.00
2025-06-19 13:48:35,015 - __main__ - WARNING - - High correlation between max_pressure and long_term_mean: 1.00
2025-06-19 13:48:35,015 - __main__ - WARNING - - High correlation between pressure_range and rate_of_change_std: 0.97
2025-06-19 13:48:35,015 - __main__ - WARNING - - High correlation between pressure_range and rate_of_change_max: 0.97
2025-06-19 13:48:35,016 - __main__ - WARNING - - High correlation between long_term_std and trend: -0.96
2025-06-19 13:48:35,016 - __main__ - WARNING - - High correlation between rate_of_change_std and rate_of_change_max: 0.99
2025-06-19 13:48:35,016 - __main__ - INFO - Splitting processed data into train/val for model training...
2025-06-19 13:48:35,016 - __main__ - INFO - Processed train set: 987 samples
2025-06-19 13:48:35,016 - __main__ - INFO - Processed validation set: 329 samples
2025-06-19 13:48:35,017 - __main__ - INFO - Training Random Forest classifier...
2025-06-19 13:48:35,296 - __main__ - INFO - Random Forest training completed.
2025-06-19 13:48:35,296 - __main__ - INFO - Generating evaluation plots...
2025-06-19 13:48:49,285 - __main__ - INFO - Processing test set with sliding windows for realistic evaluation...
2025-06-19 13:48:49,285 - __main__ - INFO - Using test step size: 50
2025-06-19 13:48:49,285 - __main__ - INFO - Processing 718015 test windows with step size 50
2025-06-19 13:48:58,982 - __main__ - INFO - Reading vortex SCLK data...
2025-06-19 13:48:58,986 - __main__ - INFO - Successfully read 309 SCLK values from ../data/Jackson_vortex_detections_reformatted_augmented.csv
2025-06-19 13:48:58,986 - __main__ - INFO - Successfully read 309 SCLK values
2025-06-19 13:48:58,986 - __main__ - INFO - Reading ML data...
2025-06-19 13:49:01,054 - __main__ - INFO - Successfully loaded ML data from ../data/ml_ready_vortex_data.csv
2025-06-19 13:49:01,054 - __main__ - INFO - Successfully loaded ML data with 3590168 rows
2025-06-19 13:49:01,054 - __main__ - INFO - Validating data quality...
2025-06-19 13:49:01,451 - __main__ - WARNING - Data quality issues detected:
2025-06-19 13:49:01,451 - __main__ - WARNING - - Missing values found: {'gt_vortex_ind': 3577695}
2025-06-19 13:49:01,452 - __main__ - WARNING - - Severe class imbalance detected: 0.51% positive samples
2025-06-19 13:49:01,452 - __main__ - INFO - Splitting raw data chronologically before processing...
2025-06-19 13:49:01,452 - __main__ - INFO - Raw train set: 2154100 rows
2025-06-19 13:49:01,452 - __main__ - INFO - Raw validation set: 718034 rows
2025-06-19 13:49:01,452 - __main__ - INFO - Raw test set: 718034 rows
2025-06-19 13:49:01,453 - __main__ - INFO - ==================================================
2025-06-19 13:49:01,453 - __main__ - INFO - RAW TEST SET DISTRIBUTION (Before Processing)
2025-06-19 13:49:01,453 - __main__ - INFO - ==================================================
2025-06-19 13:49:01,453 - __main__ - INFO - Test set rows: 718034
2025-06-19 13:49:01,453 - __main__ - INFO - Positive samples: 3318 (0.46%)
2025-06-19 13:49:01,454 - __main__ - INFO - Negative samples: 714716 (99.54%)
2025-06-19 13:49:01,454 - __main__ - INFO - ==================================================
2025-06-19 13:49:01,454 - __main__ - INFO - Processing training data around vortex events...
2025-06-19 13:49:01,457 - __main__ - INFO - Processing vortex SCLK 668288145 found at ml index: 16563
2025-06-19 13:49:01,463 - __main__ - INFO - Processing vortex SCLK 668288356 found at ml index: 16774
2025-06-19 13:49:01,470 - __main__ - INFO - Processing vortex SCLK 668363851 found at ml index: 58206
2025-06-19 13:49:01,476 - __main__ - INFO - Processing vortex SCLK 668370696 found at ml index: 61613
2025-06-19 13:49:01,483 - __main__ - INFO - Processing vortex SCLK 668373458 found at ml index: 64372
2025-06-19 13:49:01,490 - __main__ - INFO - Processing vortex SCLK 668450709 found at ml index: 109929
2025-06-19 13:49:01,497 - __main__ - INFO - Processing vortex SCLK 668451679 found at ml index: 110896
2025-06-19 13:49:01,504 - __main__ - INFO - Processing vortex SCLK 668465594 found at ml index: 113943
2025-06-19 13:49:01,510 - __main__ - INFO - Processing vortex SCLK 668471362 found at ml index: 116280
2025-06-19 13:49:01,517 - __main__ - INFO - Processing vortex SCLK 668534767 found at ml index: 149951
2025-06-19 13:49:01,522 - __main__ - INFO - Processing vortex SCLK 668540964 found at ml index: 156148
2025-06-19 13:49:01,529 - __main__ - INFO - Processing vortex SCLK 668541515 found at ml index: 156699
2025-06-19 13:49:01,534 - __main__ - INFO - Processing vortex SCLK 668542064 found at ml index: 157248
2025-06-19 13:49:01,540 - __main__ - INFO - Processing vortex SCLK 668542340 found at ml index: 157524
2025-06-19 13:49:01,545 - __main__ - INFO - Processing vortex SCLK 668551101 found at ml index: 162084
2025-06-19 13:49:01,551 - __main__ - INFO - Processing vortex SCLK 668555682 found at ml index: 163446
2025-06-19 13:49:01,558 - __main__ - INFO - Processing vortex SCLK 668556124 found at ml index: 163888
2025-06-19 13:49:01,564 - __main__ - INFO - Processing vortex SCLK 668557517 found at ml index: 165281
2025-06-19 13:49:01,571 - __main__ - INFO - Processing vortex SCLK 668716847 found at ml index: 186189
2025-06-19 13:49:01,576 - __main__ - INFO - Processing vortex SCLK 668723694 found at ml index: 189570
2025-06-19 13:49:01,582 - __main__ - INFO - Processing vortex SCLK 668801790 found at ml index: 232821
2025-06-19 13:49:01,587 - __main__ - INFO - Processing vortex SCLK 668808927 found at ml index: 236462
2025-06-19 13:49:01,593 - __main__ - INFO - Processing vortex SCLK 668810541 found at ml index: 238076
2025-06-19 13:49:01,599 - __main__ - INFO - Processing vortex SCLK 668811652 found at ml index: 239187
2025-06-19 13:49:01,604 - __main__ - INFO - Processing vortex SCLK 668816129 found at ml index: 243664
2025-06-19 13:49:01,609 - __main__ - INFO - Processing vortex SCLK 669426485 found at ml index: 263130
2025-06-19 13:49:01,615 - __main__ - INFO - Processing vortex SCLK 669427340 found at ml index: 263985
2025-06-19 13:49:01,623 - __main__ - INFO - Processing vortex SCLK 669434405 found at ml index: 267663
2025-06-19 13:49:01,629 - __main__ - INFO - Processing vortex SCLK 669434703 found at ml index: 267961
2025-06-19 13:49:01,635 - __main__ - INFO - Processing vortex SCLK 669518763 found at ml index: 314172
2025-06-19 13:49:01,641 - __main__ - INFO - Processing vortex SCLK 669519478 found at ml index: 314887
2025-06-19 13:49:01,647 - __main__ - INFO - Processing vortex SCLK 669531860 found at ml index: 320377
2025-06-19 13:49:01,654 - __main__ - INFO - Processing vortex SCLK 669626803 found at ml index: 374269
2025-06-19 13:49:01,660 - __main__ - INFO - Processing vortex SCLK 669688619 found at ml index: 407952
2025-06-19 13:49:01,665 - __main__ - INFO - Processing vortex SCLK 669690018 found at ml index: 409351
2025-06-19 13:49:01,671 - __main__ - INFO - Processing vortex SCLK 669690620 found at ml index: 409953
2025-06-19 13:49:01,676 - __main__ - INFO - Processing vortex SCLK 669704197 found at ml index: 416696
2025-06-19 13:49:01,683 - __main__ - INFO - Processing vortex SCLK 669779409 found at ml index: 457637
2025-06-19 13:49:01,687 - __main__ - INFO - Processing vortex SCLK 669780445 found at ml index: 458673
2025-06-19 13:49:01,694 - __main__ - INFO - Processing vortex SCLK 669787866 found at ml index: 466094
2025-06-19 13:49:01,700 - __main__ - INFO - Processing vortex SCLK 669787881 found at ml index: 466109
2025-06-19 13:49:01,706 - __main__ - INFO - Processing vortex SCLK 669870405 found at ml index: 512761
2025-06-19 13:49:01,711 - __main__ - INFO - Processing vortex SCLK 669873580 found at ml index: 515936
2025-06-19 13:49:01,717 - __main__ - INFO - Processing vortex SCLK 669882031 found at ml index: 522188
2025-06-19 13:49:01,723 - __main__ - INFO - Processing vortex SCLK 669886865 found at ml index: 524448
2025-06-19 13:49:01,729 - __main__ - INFO - Processing vortex SCLK 669958088 found at ml index: 564661
2025-06-19 13:49:01,734 - __main__ - INFO - Processing vortex SCLK 669959376 found at ml index: 565949
2025-06-19 13:49:01,740 - __main__ - INFO - Processing vortex SCLK 669959712 found at ml index: 566285
2025-06-19 13:49:01,745 - __main__ - INFO - Processing vortex SCLK 669960008 found at ml index: 566581
2025-06-19 13:49:01,752 - __main__ - INFO - Processing vortex SCLK 669960347 found at ml index: 566920
2025-06-19 13:49:01,757 - __main__ - INFO - Processing vortex SCLK 669962940 found at ml index: 569513
2025-06-19 13:49:01,763 - __main__ - INFO - Processing vortex SCLK 669964312 found at ml index: 570885
2025-06-19 13:49:01,770 - __main__ - INFO - Processing vortex SCLK 669965150 found at ml index: 571723
2025-06-19 13:49:01,775 - __main__ - INFO - Processing vortex SCLK 669971696 found at ml index: 575571
2025-06-19 13:49:01,782 - __main__ - INFO - Processing vortex SCLK 670046942 found at ml index: 618056
2025-06-19 13:49:01,787 - __main__ - INFO - Processing vortex SCLK 670047546 found at ml index: 618660
2025-06-19 13:49:01,794 - __main__ - INFO - Processing vortex SCLK 670055611 found at ml index: 626725
2025-06-19 13:49:01,800 - __main__ - INFO - Processing vortex SCLK 670129653 found at ml index: 676671
2025-06-19 13:49:01,806 - __main__ - INFO - Processing vortex SCLK 670136668 found at ml index: 680243
2025-06-19 13:49:01,813 - __main__ - INFO - Processing vortex SCLK 670138695 found at ml index: 682270
2025-06-19 13:49:01,817 - __main__ - INFO - Processing vortex SCLK 670225439 found at ml index: 735507
2025-06-19 13:49:01,824 - __main__ - INFO - Processing vortex SCLK 670232335 found at ml index: 739271
2025-06-19 13:49:01,830 - __main__ - INFO - Processing vortex SCLK 670232986 found at ml index: 739922
2025-06-19 13:49:01,834 - __main__ - INFO - Processing vortex SCLK 670233871 found at ml index: 740807
2025-06-19 13:49:01,840 - __main__ - INFO - Processing vortex SCLK 670313772 found at ml index: 794758
2025-06-19 13:49:01,845 - __main__ - INFO - Processing vortex SCLK 670315385 found at ml index: 796371
2025-06-19 13:49:01,851 - __main__ - INFO - Processing vortex SCLK 670317790 found at ml index: 798776
2025-06-19 13:49:01,856 - __main__ - INFO - Processing vortex SCLK 670321691 found at ml index: 802677
2025-06-19 13:49:01,864 - __main__ - INFO - Processing vortex SCLK 670325686 found at ml index: 804517
2025-06-19 13:49:01,869 - __main__ - INFO - Processing vortex SCLK 670329256 found at ml index: 808087
2025-06-19 13:49:01,874 - __main__ - INFO - Processing vortex SCLK 670398725 found at ml index: 848668
2025-06-19 13:49:01,882 - __main__ - INFO - Processing vortex SCLK 670402854 found at ml index: 852797
2025-06-19 13:49:01,887 - __main__ - INFO - Processing vortex SCLK 670403870 found at ml index: 853813
2025-06-19 13:49:01,893 - __main__ - INFO - Processing vortex SCLK 670409834 found at ml index: 857575
2025-06-19 13:49:01,899 - __main__ - INFO - Processing vortex SCLK 670412275 found at ml index: 860016
2025-06-19 13:49:01,906 - __main__ - INFO - Processing vortex SCLK 670412326 found at ml index: 860067
2025-06-19 13:49:01,912 - __main__ - INFO - Processing vortex SCLK 670578458 found at ml index: 934664
2025-06-19 13:49:01,917 - __main__ - INFO - Processing vortex SCLK 670580613 found at ml index: 936819
2025-06-19 13:49:01,924 - __main__ - INFO - Processing vortex SCLK 670584569 found at ml index: 940775
2025-06-19 13:49:01,929 - __main__ - INFO - Processing vortex SCLK 670584657 found at ml index: 940863
2025-06-19 13:49:01,935 - __main__ - INFO - Processing vortex SCLK 670587674 found at ml index: 943880
2025-06-19 13:49:01,941 - __main__ - INFO - Processing vortex SCLK 670594461 found at ml index: 947971
2025-06-19 13:49:01,947 - __main__ - INFO - Processing vortex SCLK 670841835 found at ml index: 1065790
2025-06-19 13:49:01,954 - __main__ - INFO - Processing vortex SCLK 670842459 found at ml index: 1066414
2025-06-19 13:49:01,960 - __main__ - INFO - Processing vortex SCLK 670849047 found at ml index: 1073002
2025-06-19 13:49:01,965 - __main__ - INFO - Processing vortex SCLK 670852738 found at ml index: 1076693
2025-06-19 13:49:01,972 - __main__ - INFO - Processing vortex SCLK 670856365 found at ml index: 1077977
2025-06-19 13:49:01,977 - __main__ - INFO - Processing vortex SCLK 670859755 found at ml index: 1081367
2025-06-19 13:49:01,984 - __main__ - INFO - Processing vortex SCLK 670870370 found at ml index: 1088579
2025-06-19 13:49:01,989 - __main__ - INFO - Processing vortex SCLK 670929808 found at ml index: 1120753
2025-06-19 13:49:01,995 - __main__ - INFO - Processing vortex SCLK 670930554 found at ml index: 1121499
2025-06-19 13:49:02,002 - __main__ - INFO - Processing vortex SCLK 670933108 found at ml index: 1124053
2025-06-19 13:49:02,007 - __main__ - INFO - Processing vortex SCLK 670934582 found at ml index: 1125527
2025-06-19 13:49:02,013 - __main__ - INFO - Processing vortex SCLK 670938327 found at ml index: 1129272
2025-06-19 13:49:02,020 - __main__ - INFO - Processing vortex SCLK 670938389 found at ml index: 1129334
2025-06-19 13:49:02,026 - __main__ - INFO - Processing vortex SCLK 670940703 found at ml index: 1131648
2025-06-19 13:49:02,033 - __main__ - INFO - Processing vortex SCLK 670945386 found at ml index: 1136331
2025-06-19 13:49:02,039 - __main__ - INFO - Processing vortex SCLK 670961352 found at ml index: 1146283
2025-06-19 13:49:02,045 - __main__ - INFO - Processing vortex SCLK 671024106 found at ml index: 1181789
2025-06-19 13:49:02,051 - __main__ - INFO - Processing vortex SCLK 671027864 found at ml index: 1185547
2025-06-19 13:49:02,056 - __main__ - INFO - Processing vortex SCLK 671027972 found at ml index: 1185655
2025-06-19 13:49:02,062 - __main__ - INFO - Processing vortex SCLK 671033906 found at ml index: 1191589
2025-06-19 13:49:02,068 - __main__ - INFO - Processing vortex SCLK 671039200 found at ml index: 1194533
2025-06-19 13:49:02,074 - __main__ - INFO - Processing vortex SCLK 671109364 found at ml index: 1233979
2025-06-19 13:49:02,080 - __main__ - INFO - Processing vortex SCLK 671113914 found at ml index: 1238529
2025-06-19 13:49:02,086 - __main__ - INFO - Processing vortex SCLK 671114679 found at ml index: 1239294
2025-06-19 13:49:02,092 - __main__ - INFO - Processing vortex SCLK 671115255 found at ml index: 1239870
2025-06-19 13:49:02,097 - __main__ - INFO - Processing vortex SCLK 671115289 found at ml index: 1239904
2025-06-19 13:49:02,103 - __main__ - INFO - Processing vortex SCLK 671120289 found at ml index: 1244904
2025-06-19 13:49:02,109 - __main__ - INFO - Processing vortex SCLK 671126006 found at ml index: 1250026
2025-06-19 13:49:02,114 - __main__ - INFO - Processing vortex SCLK 671126607 found at ml index: 1250627
2025-06-19 13:49:02,120 - __main__ - INFO - Processing vortex SCLK 671127245 found at ml index: 1251265
2025-06-19 13:49:02,126 - __main__ - INFO - Processing vortex SCLK 671139428 found at ml index: 1260040
2025-06-19 13:49:02,132 - __main__ - INFO - Processing vortex SCLK 671204280 found at ml index: 1299428
2025-06-19 13:49:02,137 - __main__ - INFO - Processing vortex SCLK 671213291 found at ml index: 1306235
2025-06-19 13:49:02,144 - __main__ - INFO - Processing vortex SCLK 671214052 found at ml index: 1306996
2025-06-19 13:49:02,150 - __main__ - INFO - Processing vortex SCLK 671224977 found at ml index: 1314440
2025-06-19 13:49:02,156 - __main__ - INFO - Processing vortex SCLK 671291649 found at ml index: 1353739
2025-06-19 13:49:02,162 - __main__ - INFO - Processing vortex SCLK 671294608 found at ml index: 1356698
2025-06-19 13:49:02,167 - __main__ - INFO - Processing vortex SCLK 671302478 found at ml index: 1361737
2025-06-19 13:49:02,174 - __main__ - INFO - Processing vortex SCLK 671302909 found at ml index: 1362168
2025-06-19 13:49:02,179 - __main__ - INFO - Processing vortex SCLK 671308300 found at ml index: 1365532
2025-06-19 13:49:02,184 - __main__ - INFO - Processing vortex SCLK 671376036 found at ml index: 1404444
2025-06-19 13:49:02,191 - __main__ - INFO - Processing vortex SCLK 671376059 found at ml index: 1404467
2025-06-19 13:49:02,197 - __main__ - INFO - Processing vortex SCLK 671376348 found at ml index: 1404756
2025-06-19 13:49:02,204 - __main__ - INFO - Processing vortex SCLK 671376844 found at ml index: 1405252
2025-06-19 13:49:02,210 - __main__ - INFO - Processing vortex SCLK 671377912 found at ml index: 1406320
2025-06-19 13:49:02,215 - __main__ - INFO - Processing vortex SCLK 671379183 found at ml index: 1407591
2025-06-19 13:49:02,222 - __main__ - INFO - Processing vortex SCLK 671384112 found at ml index: 1412520
2025-06-19 13:49:02,227 - __main__ - INFO - Processing vortex SCLK 671391076 found at ml index: 1419484
2025-06-19 13:49:02,236 - __main__ - INFO - Processing vortex SCLK 671395245 found at ml index: 1422765
2025-06-19 13:49:02,241 - __main__ - INFO - Processing vortex SCLK 671466934 found at ml index: 1463807
2025-06-19 13:49:02,247 - __main__ - INFO - Processing vortex SCLK 671468200 found at ml index: 1465073
2025-06-19 13:49:02,253 - __main__ - INFO - Processing vortex SCLK 671559311 found at ml index: 1524850
2025-06-19 13:49:02,259 - __main__ - INFO - Processing vortex SCLK 671560213 found at ml index: 1525752
2025-06-19 13:49:02,264 - __main__ - INFO - Processing vortex SCLK 671561065 found at ml index: 1526604
2025-06-19 13:49:02,270 - __main__ - INFO - Processing vortex SCLK 671563881 found at ml index: 1529420
2025-06-19 13:49:02,275 - __main__ - INFO - Processing vortex SCLK 671570327 found at ml index: 1532373
2025-06-19 13:49:02,281 - __main__ - INFO - Processing vortex SCLK 671641441 found at ml index: 1572853
2025-06-19 13:49:02,288 - __main__ - INFO - Processing vortex SCLK 671644549 found at ml index: 1575961
2025-06-19 13:49:02,294 - __main__ - INFO - Processing vortex SCLK 671645443 found at ml index: 1576855
2025-06-19 13:49:02,300 - __main__ - INFO - Processing vortex SCLK 671648210 found at ml index: 1579622
2025-06-19 13:49:02,305 - __main__ - INFO - Processing vortex SCLK 671656101 found at ml index: 1585256
2025-06-19 13:49:02,311 - __main__ - INFO - Processing vortex SCLK 671731643 found at ml index: 1630294
2025-06-19 13:49:02,316 - __main__ - INFO - Processing vortex SCLK 671740824 found at ml index: 1639475
2025-06-19 13:49:02,323 - __main__ - INFO - Processing vortex SCLK 671746873 found at ml index: 1643237
2025-06-19 13:49:02,328 - __main__ - INFO - Processing vortex SCLK 671823162 found at ml index: 1688879
2025-06-19 13:49:02,334 - __main__ - INFO - Processing vortex SCLK 671823654 found at ml index: 1689371
2025-06-19 13:49:02,341 - __main__ - INFO - Processing vortex SCLK 671823993 found at ml index: 1689710
2025-06-19 13:49:02,346 - __main__ - INFO - Processing vortex SCLK 671824646 found at ml index: 1690363
2025-06-19 13:49:02,353 - __main__ - INFO - Processing vortex SCLK 671825542 found at ml index: 1691259
2025-06-19 13:49:02,358 - __main__ - INFO - Processing vortex SCLK 671831605 found at ml index: 1697322
2025-06-19 13:49:02,364 - __main__ - INFO - Processing vortex SCLK 671834757 found at ml index: 1700474
2025-06-19 13:49:02,371 - __main__ - INFO - Processing vortex SCLK 671904824 found at ml index: 1740981
2025-06-19 13:49:02,376 - __main__ - INFO - Processing vortex SCLK 671909321 found at ml index: 1743885
2025-06-19 13:49:02,383 - __main__ - INFO - Processing vortex SCLK 671911350 found at ml index: 1745914
2025-06-19 13:49:02,389 - __main__ - INFO - Processing vortex SCLK 671913231 found at ml index: 1747795
2025-06-19 13:49:02,395 - __main__ - INFO - Processing vortex SCLK 671915681 found at ml index: 1750245
2025-06-19 13:49:02,402 - __main__ - INFO - Processing vortex SCLK 671916470 found at ml index: 1751034
2025-06-19 13:49:02,407 - __main__ - INFO - Processing vortex SCLK 671920779 found at ml index: 1755343
2025-06-19 13:49:02,414 - __main__ - INFO - Processing vortex SCLK 671921784 found at ml index: 1756348
2025-06-19 13:49:02,421 - __main__ - INFO - Processing vortex SCLK 671995990 found at ml index: 1801016
2025-06-19 13:49:02,426 - __main__ - INFO - Processing vortex SCLK 672002175 found at ml index: 1807201
2025-06-19 13:49:02,432 - __main__ - INFO - Processing vortex SCLK 672002362 found at ml index: 1807388
2025-06-19 13:49:02,437 - __main__ - INFO - Processing vortex SCLK 672104482 found at ml index: 1874652
2025-06-19 13:49:02,443 - __main__ - INFO - Processing vortex SCLK 672178090 found at ml index: 1921075
2025-06-19 13:49:02,450 - __main__ - INFO - Processing vortex SCLK 672180689 found at ml index: 1923674
2025-06-19 13:49:02,455 - __main__ - INFO - Processing vortex SCLK 672181444 found at ml index: 1924429
2025-06-19 13:49:02,462 - __main__ - INFO - Processing vortex SCLK 672182115 found at ml index: 1925100
2025-06-19 13:49:02,466 - __main__ - INFO - Processing vortex SCLK 672183596 found at ml index: 1926581
2025-06-19 13:49:02,473 - __main__ - INFO - Processing vortex SCLK 672185170 found at ml index: 1928155
2025-06-19 13:49:02,478 - __main__ - INFO - Processing vortex SCLK 672190662 found at ml index: 1931494
2025-06-19 13:49:02,484 - __main__ - INFO - Processing vortex SCLK 672267244 found at ml index: 1979457
2025-06-19 13:49:02,490 - __main__ - INFO - Processing vortex SCLK 672269283 found at ml index: 1981496
2025-06-19 13:49:02,496 - __main__ - INFO - Processing vortex SCLK 672269792 found at ml index: 1982005
2025-06-19 13:49:02,502 - __main__ - INFO - Processing vortex SCLK 672350659 found at ml index: 2035489
2025-06-19 13:49:02,508 - __main__ - INFO - Processing vortex SCLK 672352068 found at ml index: 2036898
2025-06-19 13:49:02,514 - __main__ - INFO - Processing vortex SCLK 672355502 found at ml index: 2040332
2025-06-19 13:49:02,520 - __main__ - INFO - Processing vortex SCLK 672357238 found at ml index: 2042068
2025-06-19 13:49:02,526 - __main__ - INFO - Processing vortex SCLK 672359382 found at ml index: 2044212
2025-06-19 13:49:02,531 - __main__ - INFO - Processing vortex SCLK 672362559 found at ml index: 2047389
2025-06-19 13:49:02,537 - __main__ - INFO - Processing vortex SCLK 672365510 found at ml index: 2050340
2025-06-19 13:49:02,542 - __main__ - INFO - Processing vortex SCLK 672365820 found at ml index: 2050650
2025-06-19 13:49:02,549 - __main__ - INFO - Processing vortex SCLK 672445220 found at ml index: 2096997
2025-06-19 13:49:02,554 - __main__ - INFO - Processing vortex SCLK 672445462 found at ml index: 2097239
2025-06-19 13:49:02,560 - __main__ - INFO - Processing vortex SCLK 672446338 found at ml index: 2098115
2025-06-19 13:49:02,566 - __main__ - INFO - Processing vortex SCLK 672528720 found at ml index: 2150565
2025-06-19 13:49:02,573 - __main__ - INFO - Processing vortex SCLK 672531916 found at ml index: 2153761
2025-06-19 13:49:02,578 - __main__ - WARNING - SCLK value 672538692 not found in ml data; skipping.
2025-06-19 13:49:02,580 - __main__ - WARNING - SCLK value 672546578 not found in ml data; skipping.
2025-06-19 13:49:02,582 - __main__ - WARNING - SCLK value 672548966 not found in ml data; skipping.
2025-06-19 13:49:02,585 - __main__ - WARNING - SCLK value 672621236 not found in ml data; skipping.
2025-06-19 13:49:02,587 - __main__ - WARNING - SCLK value 672622288 not found in ml data; skipping.
2025-06-19 13:49:02,590 - __main__ - WARNING - SCLK value 672624313 not found in ml data; skipping.
2025-06-19 13:49:02,593 - __main__ - WARNING - SCLK value 672624475 not found in ml data; skipping.
2025-06-19 13:49:02,595 - __main__ - WARNING - SCLK value 672626109 not found in ml data; skipping.
2025-06-19 13:49:02,597 - __main__ - WARNING - SCLK value 672626122 not found in ml data; skipping.
2025-06-19 13:49:02,600 - __main__ - WARNING - SCLK value 672706787 not found in ml data; skipping.
2025-06-19 13:49:02,602 - __main__ - WARNING - SCLK value 672709027 not found in ml data; skipping.
2025-06-19 13:49:02,605 - __main__ - WARNING - SCLK value 672711149 not found in ml data; skipping.
2025-06-19 13:49:02,608 - __main__ - WARNING - SCLK value 672711621 not found in ml data; skipping.
2025-06-19 13:49:02,611 - __main__ - WARNING - SCLK value 672713266 not found in ml data; skipping.
2025-06-19 13:49:02,613 - __main__ - WARNING - SCLK value 672713337 not found in ml data; skipping.
2025-06-19 13:49:02,615 - __main__ - WARNING - SCLK value 672715961 not found in ml data; skipping.
2025-06-19 13:49:02,617 - __main__ - WARNING - SCLK value 672718373 not found in ml data; skipping.
2025-06-19 13:49:02,620 - __main__ - WARNING - SCLK value 672719375 not found in ml data; skipping.
2025-06-19 13:49:02,622 - __main__ - WARNING - SCLK value 672721953 not found in ml data; skipping.
2025-06-19 13:49:02,625 - __main__ - WARNING - SCLK value 672801263 not found in ml data; skipping.
2025-06-19 13:49:02,627 - __main__ - WARNING - SCLK value 672801630 not found in ml data; skipping.
2025-06-19 13:49:02,629 - __main__ - WARNING - SCLK value 672804797 not found in ml data; skipping.
2025-06-19 13:49:02,631 - __main__ - WARNING - SCLK value 672884603 not found in ml data; skipping.
2025-06-19 13:49:02,634 - __main__ - WARNING - SCLK value 672884933 not found in ml data; skipping.
2025-06-19 13:49:02,636 - __main__ - WARNING - SCLK value 672885216 not found in ml data; skipping.
2025-06-19 13:49:02,637 - __main__ - WARNING - SCLK value 672889286 not found in ml data; skipping.
2025-06-19 13:49:02,641 - __main__ - WARNING - SCLK value 672890283 not found in ml data; skipping.
2025-06-19 13:49:02,643 - __main__ - WARNING - SCLK value 672894510 not found in ml data; skipping.
2025-06-19 13:49:02,644 - __main__ - WARNING - SCLK value 672964384 not found in ml data; skipping.
2025-06-19 13:49:02,647 - __main__ - WARNING - SCLK value 672973742 not found in ml data; skipping.
2025-06-19 13:49:02,649 - __main__ - WARNING - SCLK value 672976272 not found in ml data; skipping.
2025-06-19 13:49:02,651 - __main__ - WARNING - SCLK value 672979607 not found in ml data; skipping.
2025-06-19 13:49:02,654 - __main__ - WARNING - SCLK value 672983982 not found in ml data; skipping.
2025-06-19 13:49:02,656 - __main__ - WARNING - SCLK value 672984068 not found in ml data; skipping.
2025-06-19 13:49:02,657 - __main__ - WARNING - SCLK value 672984973 not found in ml data; skipping.
2025-06-19 13:49:02,660 - __main__ - WARNING - SCLK value 672985340 not found in ml data; skipping.
2025-06-19 13:49:02,663 - __main__ - WARNING - SCLK value 673068974 not found in ml data; skipping.
2025-06-19 13:49:02,665 - __main__ - WARNING - SCLK value 673072073 not found in ml data; skipping.
2025-06-19 13:49:02,667 - __main__ - WARNING - SCLK value 673076429 not found in ml data; skipping.
2025-06-19 13:49:02,669 - __main__ - WARNING - SCLK value 673078972 not found in ml data; skipping.
2025-06-19 13:49:02,672 - __main__ - WARNING - SCLK value 673147721 not found in ml data; skipping.
2025-06-19 13:49:02,674 - __main__ - WARNING - SCLK value 673240962 not found in ml data; skipping.
2025-06-19 13:49:02,676 - __main__ - WARNING - SCLK value 673242020 not found in ml data; skipping.
2025-06-19 13:49:02,679 - __main__ - WARNING - SCLK value 673243964 not found in ml data; skipping.
2025-06-19 13:49:02,682 - __main__ - WARNING - SCLK value 673245884 not found in ml data; skipping.
2025-06-19 13:49:02,684 - __main__ - WARNING - SCLK value 673251635 not found in ml data; skipping.
2025-06-19 13:49:02,686 - __main__ - WARNING - SCLK value 673254242 not found in ml data; skipping.
2025-06-19 13:49:02,688 - __main__ - WARNING - SCLK value 673328658 not found in ml data; skipping.
2025-06-19 13:49:02,690 - __main__ - WARNING - SCLK value 673329003 not found in ml data; skipping.
2025-06-19 13:49:02,692 - __main__ - WARNING - SCLK value 673332835 not found in ml data; skipping.
2025-06-19 13:49:02,695 - __main__ - WARNING - SCLK value 673332863 not found in ml data; skipping.
2025-06-19 13:49:02,697 - __main__ - WARNING - SCLK value 673334070 not found in ml data; skipping.
2025-06-19 13:49:02,700 - __main__ - WARNING - SCLK value 673334708 not found in ml data; skipping.
2025-06-19 13:49:02,702 - __main__ - WARNING - SCLK value 673338788 not found in ml data; skipping.
2025-06-19 13:49:02,704 - __main__ - WARNING - SCLK value 673340481 not found in ml data; skipping.
2025-06-19 13:49:02,706 - __main__ - WARNING - SCLK value 673344227 not found in ml data; skipping.
2025-06-19 13:49:02,708 - __main__ - WARNING - SCLK value 673424713 not found in ml data; skipping.
2025-06-19 13:49:02,710 - __main__ - WARNING - SCLK value 673429348 not found in ml data; skipping.
2025-06-19 13:49:02,713 - __main__ - WARNING - SCLK value 673500853 not found in ml data; skipping.
2025-06-19 13:49:02,715 - __main__ - WARNING - SCLK value 673512599 not found in ml data; skipping.
2025-06-19 13:49:02,717 - __main__ - WARNING - SCLK value 673513373 not found in ml data; skipping.
2025-06-19 13:49:02,720 - __main__ - WARNING - SCLK value 673514725 not found in ml data; skipping.
2025-06-19 13:49:02,722 - __main__ - WARNING - SCLK value 673594180 not found in ml data; skipping.
2025-06-19 13:49:02,724 - __main__ - WARNING - SCLK value 673597335 not found in ml data; skipping.
2025-06-19 13:49:02,727 - __main__ - WARNING - SCLK value 673598754 not found in ml data; skipping.
2025-06-19 13:49:02,729 - __main__ - WARNING - SCLK value 673606937 not found in ml data; skipping.
2025-06-19 13:49:02,732 - __main__ - WARNING - SCLK value 673680243 not found in ml data; skipping.
2025-06-19 13:49:02,741 - __main__ - WARNING - SCLK value 673681579 not found in ml data; skipping.
2025-06-19 13:49:02,746 - __main__ - WARNING - SCLK value 673685675 not found in ml data; skipping.
2025-06-19 13:49:02,750 - __main__ - WARNING - SCLK value 673694236 not found in ml data; skipping.
2025-06-19 13:49:02,753 - __main__ - WARNING - SCLK value 673694529 not found in ml data; skipping.
2025-06-19 13:49:02,757 - __main__ - WARNING - SCLK value 673773378 not found in ml data; skipping.
2025-06-19 13:49:02,761 - __main__ - WARNING - SCLK value 673779637 not found in ml data; skipping.
2025-06-19 13:49:02,765 - __main__ - WARNING - SCLK value 673781075 not found in ml data; skipping.
2025-06-19 13:49:02,768 - __main__ - WARNING - SCLK value 673858855 not found in ml data; skipping.
2025-06-19 13:49:02,771 - __main__ - WARNING - SCLK value 673863604 not found in ml data; skipping.
2025-06-19 13:49:02,774 - __main__ - WARNING - SCLK value 673865805 not found in ml data; skipping.
2025-06-19 13:49:02,776 - __main__ - WARNING - SCLK value 673874053 not found in ml data; skipping.
2025-06-19 13:49:02,780 - __main__ - WARNING - SCLK value 673948338 not found in ml data; skipping.
2025-06-19 13:49:02,783 - __main__ - WARNING - SCLK value 673951488 not found in ml data; skipping.
2025-06-19 13:49:02,787 - __main__ - WARNING - SCLK value 673955512 not found in ml data; skipping.
2025-06-19 13:49:02,789 - __main__ - WARNING - SCLK value 673958960 not found in ml data; skipping.
2025-06-19 13:49:02,792 - __main__ - WARNING - SCLK value 674041445 not found in ml data; skipping.
2025-06-19 13:49:02,794 - __main__ - WARNING - SCLK value 674042999 not found in ml data; skipping.
2025-06-19 13:49:02,796 - __main__ - WARNING - SCLK value 674044064 not found in ml data; skipping.
2025-06-19 13:49:02,798 - __main__ - WARNING - SCLK value 674051268 not found in ml data; skipping.
2025-06-19 13:49:02,802 - __main__ - WARNING - SCLK value 674056174 not found in ml data; skipping.
2025-06-19 13:49:02,804 - __main__ - WARNING - SCLK value 674122081 not found in ml data; skipping.
2025-06-19 13:49:02,806 - __main__ - WARNING - SCLK value 674128125 not found in ml data; skipping.
2025-06-19 13:49:02,809 - __main__ - WARNING - SCLK value 674128981 not found in ml data; skipping.
2025-06-19 13:49:02,811 - __main__ - WARNING - SCLK value 674133319 not found in ml data; skipping.
2025-06-19 13:49:02,813 - __main__ - WARNING - SCLK value 674140571 not found in ml data; skipping.
2025-06-19 13:49:02,815 - __main__ - WARNING - SCLK value 674213517 not found in ml data; skipping.
2025-06-19 13:49:02,817 - __main__ - WARNING - SCLK value 674218894 not found in ml data; skipping.
2025-06-19 13:49:02,820 - __main__ - WARNING - SCLK value 674228677 not found in ml data; skipping.
2025-06-19 13:49:02,823 - __main__ - WARNING - SCLK value 674304877 not found in ml data; skipping.
2025-06-19 13:49:02,825 - __main__ - WARNING - SCLK value 674307030 not found in ml data; skipping.
2025-06-19 13:49:02,827 - __main__ - WARNING - SCLK value 674307104 not found in ml data; skipping.
2025-06-19 13:49:02,830 - __main__ - WARNING - SCLK value 674317907 not found in ml data; skipping.
2025-06-19 13:49:02,832 - __main__ - WARNING - SCLK value 674398187 not found in ml data; skipping.
2025-06-19 13:49:02,835 - __main__ - WARNING - SCLK value 674410494 not found in ml data; skipping.
2025-06-19 13:49:02,837 - __main__ - WARNING - SCLK value 674482627 not found in ml data; skipping.
2025-06-19 13:49:02,839 - __main__ - WARNING - SCLK value 674483906 not found in ml data; skipping.
2025-06-19 13:49:02,842 - __main__ - WARNING - SCLK value 674484439 not found in ml data; skipping.
2025-06-19 13:49:02,844 - __main__ - WARNING - SCLK value 674491238 not found in ml data; skipping.
2025-06-19 13:49:02,847 - __main__ - WARNING - SCLK value 674492008 not found in ml data; skipping.
2025-06-19 13:49:02,849 - __main__ - WARNING - SCLK value 674497424 not found in ml data; skipping.
2025-06-19 13:49:02,851 - __main__ - WARNING - SCLK value 674498121 not found in ml data; skipping.
2025-06-19 13:49:02,853 - __main__ - WARNING - SCLK value 674568708 not found in ml data; skipping.
2025-06-19 13:49:02,856 - __main__ - WARNING - SCLK value 674573756 not found in ml data; skipping.
2025-06-19 13:49:02,858 - __main__ - WARNING - SCLK value 674575721 not found in ml data; skipping.
2025-06-19 13:49:02,861 - __main__ - WARNING - SCLK value 674582484 not found in ml data; skipping.
2025-06-19 13:49:02,864 - __main__ - WARNING - SCLK value 674666247 not found in ml data; skipping.
2025-06-19 13:49:02,866 - __main__ - WARNING - SCLK value 674666809 not found in ml data; skipping.
2025-06-19 13:49:02,868 - __main__ - WARNING - SCLK value 674667232 not found in ml data; skipping.
2025-06-19 13:49:02,870 - __main__ - WARNING - SCLK value 674669243 not found in ml data; skipping.
2025-06-19 13:49:02,873 - __main__ - WARNING - SCLK value 674751396 not found in ml data; skipping.
2025-06-19 13:49:02,875 - __main__ - WARNING - SCLK value 674837510 not found in ml data; skipping.
2025-06-19 13:49:02,877 - __main__ - WARNING - SCLK value 674845274 not found in ml data; skipping.
2025-06-19 13:49:02,879 - __main__ - WARNING - SCLK value 674846962 not found in ml data; skipping.
2025-06-19 13:49:02,881 - __main__ - WARNING - SCLK value 674850855 not found in ml data; skipping.
2025-06-19 13:49:02,889 - __main__ - INFO - Processing validation data around vortex events...
2025-06-19 13:49:02,891 - __main__ - WARNING - SCLK value 668288145 not found in ml data; skipping.
2025-06-19 13:49:02,892 - __main__ - WARNING - SCLK value 668288356 not found in ml data; skipping.
2025-06-19 13:49:02,893 - __main__ - WARNING - SCLK value 668363851 not found in ml data; skipping.
2025-06-19 13:49:02,893 - __main__ - WARNING - SCLK value 668370696 not found in ml data; skipping.
2025-06-19 13:49:02,894 - __main__ - WARNING - SCLK value 668373458 not found in ml data; skipping.
2025-06-19 13:49:02,895 - __main__ - WARNING - SCLK value 668450709 not found in ml data; skipping.
2025-06-19 13:49:02,896 - __main__ - WARNING - SCLK value 668451679 not found in ml data; skipping.
2025-06-19 13:49:02,896 - __main__ - WARNING - SCLK value 668465594 not found in ml data; skipping.
2025-06-19 13:49:02,897 - __main__ - WARNING - SCLK value 668471362 not found in ml data; skipping.
2025-06-19 13:49:02,899 - __main__ - WARNING - SCLK value 668534767 not found in ml data; skipping.
2025-06-19 13:49:02,900 - __main__ - WARNING - SCLK value 668540964 not found in ml data; skipping.
2025-06-19 13:49:02,900 - __main__ - WARNING - SCLK value 668541515 not found in ml data; skipping.
2025-06-19 13:49:02,901 - __main__ - WARNING - SCLK value 668542064 not found in ml data; skipping.
2025-06-19 13:49:02,902 - __main__ - WARNING - SCLK value 668542340 not found in ml data; skipping.
2025-06-19 13:49:02,902 - __main__ - WARNING - SCLK value 668551101 not found in ml data; skipping.
2025-06-19 13:49:02,903 - __main__ - WARNING - SCLK value 668555682 not found in ml data; skipping.
2025-06-19 13:49:02,904 - __main__ - WARNING - SCLK value 668556124 not found in ml data; skipping.
2025-06-19 13:49:02,904 - __main__ - WARNING - SCLK value 668557517 not found in ml data; skipping.
2025-06-19 13:49:02,905 - __main__ - WARNING - SCLK value 668716847 not found in ml data; skipping.
2025-06-19 13:49:02,906 - __main__ - WARNING - SCLK value 668723694 not found in ml data; skipping.
2025-06-19 13:49:02,907 - __main__ - WARNING - SCLK value 668801790 not found in ml data; skipping.
2025-06-19 13:49:02,907 - __main__ - WARNING - SCLK value 668808927 not found in ml data; skipping.
2025-06-19 13:49:02,909 - __main__ - WARNING - SCLK value 668810541 not found in ml data; skipping.
2025-06-19 13:49:02,909 - __main__ - WARNING - SCLK value 668811652 not found in ml data; skipping.
2025-06-19 13:49:02,910 - __main__ - WARNING - SCLK value 668816129 not found in ml data; skipping.
2025-06-19 13:49:02,911 - __main__ - WARNING - SCLK value 669426485 not found in ml data; skipping.
2025-06-19 13:49:02,912 - __main__ - WARNING - SCLK value 669427340 not found in ml data; skipping.
2025-06-19 13:49:02,913 - __main__ - WARNING - SCLK value 669434405 not found in ml data; skipping.
2025-06-19 13:49:02,914 - __main__ - WARNING - SCLK value 669434703 not found in ml data; skipping.
2025-06-19 13:49:02,914 - __main__ - WARNING - SCLK value 669518763 not found in ml data; skipping.
2025-06-19 13:49:02,915 - __main__ - WARNING - SCLK value 669519478 not found in ml data; skipping.
2025-06-19 13:49:02,915 - __main__ - WARNING - SCLK value 669531860 not found in ml data; skipping.
2025-06-19 13:49:02,916 - __main__ - WARNING - SCLK value 669626803 not found in ml data; skipping.
2025-06-19 13:49:02,917 - __main__ - WARNING - SCLK value 669688619 not found in ml data; skipping.
2025-06-19 13:49:02,917 - __main__ - WARNING - SCLK value 669690018 not found in ml data; skipping.
2025-06-19 13:49:02,919 - __main__ - WARNING - SCLK value 669690620 not found in ml data; skipping.
2025-06-19 13:49:02,920 - __main__ - WARNING - SCLK value 669704197 not found in ml data; skipping.
2025-06-19 13:49:02,921 - __main__ - WARNING - SCLK value 669779409 not found in ml data; skipping.
2025-06-19 13:49:02,922 - __main__ - WARNING - SCLK value 669780445 not found in ml data; skipping.
2025-06-19 13:49:02,922 - __main__ - WARNING - SCLK value 669787866 not found in ml data; skipping.
2025-06-19 13:49:02,923 - __main__ - WARNING - SCLK value 669787881 not found in ml data; skipping.
2025-06-19 13:49:02,923 - __main__ - WARNING - SCLK value 669870405 not found in ml data; skipping.
2025-06-19 13:49:02,924 - __main__ - WARNING - SCLK value 669873580 not found in ml data; skipping.
2025-06-19 13:49:02,925 - __main__ - WARNING - SCLK value 669882031 not found in ml data; skipping.
2025-06-19 13:49:02,926 - __main__ - WARNING - SCLK value 669886865 not found in ml data; skipping.
2025-06-19 13:49:02,927 - __main__ - WARNING - SCLK value 669958088 not found in ml data; skipping.
2025-06-19 13:49:02,927 - __main__ - WARNING - SCLK value 669959376 not found in ml data; skipping.
2025-06-19 13:49:02,929 - __main__ - WARNING - SCLK value 669959712 not found in ml data; skipping.
2025-06-19 13:49:02,930 - __main__ - WARNING - SCLK value 669960008 not found in ml data; skipping.
2025-06-19 13:49:02,930 - __main__ - WARNING - SCLK value 669960347 not found in ml data; skipping.
2025-06-19 13:49:02,931 - __main__ - WARNING - SCLK value 669962940 not found in ml data; skipping.
2025-06-19 13:49:02,933 - __main__ - WARNING - SCLK value 669964312 not found in ml data; skipping.
2025-06-19 13:49:02,934 - __main__ - WARNING - SCLK value 669965150 not found in ml data; skipping.
2025-06-19 13:49:02,934 - __main__ - WARNING - SCLK value 669971696 not found in ml data; skipping.
2025-06-19 13:49:02,935 - __main__ - WARNING - SCLK value 670046942 not found in ml data; skipping.
2025-06-19 13:49:02,935 - __main__ - WARNING - SCLK value 670047546 not found in ml data; skipping.
2025-06-19 13:49:02,937 - __main__ - WARNING - SCLK value 670055611 not found in ml data; skipping.
2025-06-19 13:49:02,937 - __main__ - WARNING - SCLK value 670129653 not found in ml data; skipping.
2025-06-19 13:49:02,938 - __main__ - WARNING - SCLK value 670136668 not found in ml data; skipping.
2025-06-19 13:49:02,939 - __main__ - WARNING - SCLK value 670138695 not found in ml data; skipping.
2025-06-19 13:49:02,940 - __main__ - WARNING - SCLK value 670225439 not found in ml data; skipping.
2025-06-19 13:49:02,941 - __main__ - WARNING - SCLK value 670232335 not found in ml data; skipping.
2025-06-19 13:49:02,941 - __main__ - WARNING - SCLK value 670232986 not found in ml data; skipping.
2025-06-19 13:49:02,942 - __main__ - WARNING - SCLK value 670233871 not found in ml data; skipping.
2025-06-19 13:49:02,943 - __main__ - WARNING - SCLK value 670313772 not found in ml data; skipping.
2025-06-19 13:49:02,943 - __main__ - WARNING - SCLK value 670315385 not found in ml data; skipping.
2025-06-19 13:49:02,944 - __main__ - WARNING - SCLK value 670317790 not found in ml data; skipping.
2025-06-19 13:49:02,944 - __main__ - WARNING - SCLK value 670321691 not found in ml data; skipping.
2025-06-19 13:49:02,946 - __main__ - WARNING - SCLK value 670325686 not found in ml data; skipping.
2025-06-19 13:49:02,947 - __main__ - WARNING - SCLK value 670329256 not found in ml data; skipping.
2025-06-19 13:49:02,947 - __main__ - WARNING - SCLK value 670398725 not found in ml data; skipping.
2025-06-19 13:49:02,949 - __main__ - WARNING - SCLK value 670402854 not found in ml data; skipping.
2025-06-19 13:49:02,950 - __main__ - WARNING - SCLK value 670403870 not found in ml data; skipping.
2025-06-19 13:49:02,951 - __main__ - WARNING - SCLK value 670409834 not found in ml data; skipping.
2025-06-19 13:49:02,952 - __main__ - WARNING - SCLK value 670412275 not found in ml data; skipping.
2025-06-19 13:49:02,953 - __main__ - WARNING - SCLK value 670412326 not found in ml data; skipping.
2025-06-19 13:49:02,953 - __main__ - WARNING - SCLK value 670578458 not found in ml data; skipping.
2025-06-19 13:49:02,954 - __main__ - WARNING - SCLK value 670580613 not found in ml data; skipping.
2025-06-19 13:49:02,955 - __main__ - WARNING - SCLK value 670584569 not found in ml data; skipping.
2025-06-19 13:49:02,956 - __main__ - WARNING - SCLK value 670584657 not found in ml data; skipping.
2025-06-19 13:49:02,957 - __main__ - WARNING - SCLK value 670587674 not found in ml data; skipping.
2025-06-19 13:49:02,957 - __main__ - WARNING - SCLK value 670594461 not found in ml data; skipping.
2025-06-19 13:49:02,957 - __main__ - WARNING - SCLK value 670841835 not found in ml data; skipping.
2025-06-19 13:49:02,958 - __main__ - WARNING - SCLK value 670842459 not found in ml data; skipping.
2025-06-19 13:49:02,959 - __main__ - WARNING - SCLK value 670849047 not found in ml data; skipping.
2025-06-19 13:49:02,960 - __main__ - WARNING - SCLK value 670852738 not found in ml data; skipping.
2025-06-19 13:49:02,961 - __main__ - WARNING - SCLK value 670856365 not found in ml data; skipping.
2025-06-19 13:49:02,962 - __main__ - WARNING - SCLK value 670859755 not found in ml data; skipping.
2025-06-19 13:49:02,963 - __main__ - WARNING - SCLK value 670870370 not found in ml data; skipping.
2025-06-19 13:49:02,963 - __main__ - WARNING - SCLK value 670929808 not found in ml data; skipping.
2025-06-19 13:49:02,964 - __main__ - WARNING - SCLK value 670930554 not found in ml data; skipping.
2025-06-19 13:49:02,965 - __main__ - WARNING - SCLK value 670933108 not found in ml data; skipping.
2025-06-19 13:49:02,966 - __main__ - WARNING - SCLK value 670934582 not found in ml data; skipping.
2025-06-19 13:49:02,967 - __main__ - WARNING - SCLK value 670938327 not found in ml data; skipping.
2025-06-19 13:49:02,968 - __main__ - WARNING - SCLK value 670938389 not found in ml data; skipping.
2025-06-19 13:49:02,968 - __main__ - WARNING - SCLK value 670940703 not found in ml data; skipping.
2025-06-19 13:49:02,970 - __main__ - WARNING - SCLK value 670945386 not found in ml data; skipping.
2025-06-19 13:49:02,971 - __main__ - WARNING - SCLK value 670961352 not found in ml data; skipping.
2025-06-19 13:49:02,972 - __main__ - WARNING - SCLK value 671024106 not found in ml data; skipping.
2025-06-19 13:49:02,972 - __main__ - WARNING - SCLK value 671027864 not found in ml data; skipping.
2025-06-19 13:49:02,973 - __main__ - WARNING - SCLK value 671027972 not found in ml data; skipping.
2025-06-19 13:49:02,974 - __main__ - WARNING - SCLK value 671033906 not found in ml data; skipping.
2025-06-19 13:49:02,975 - __main__ - WARNING - SCLK value 671039200 not found in ml data; skipping.
2025-06-19 13:49:02,976 - __main__ - WARNING - SCLK value 671109364 not found in ml data; skipping.
2025-06-19 13:49:02,977 - __main__ - WARNING - SCLK value 671113914 not found in ml data; skipping.
2025-06-19 13:49:02,977 - __main__ - WARNING - SCLK value 671114679 not found in ml data; skipping.
2025-06-19 13:49:02,978 - __main__ - WARNING - SCLK value 671115255 not found in ml data; skipping.
2025-06-19 13:49:02,979 - __main__ - WARNING - SCLK value 671115289 not found in ml data; skipping.
2025-06-19 13:49:02,980 - __main__ - WARNING - SCLK value 671120289 not found in ml data; skipping.
2025-06-19 13:49:02,981 - __main__ - WARNING - SCLK value 671126006 not found in ml data; skipping.
2025-06-19 13:49:02,982 - __main__ - WARNING - SCLK value 671126607 not found in ml data; skipping.
2025-06-19 13:49:02,982 - __main__ - WARNING - SCLK value 671127245 not found in ml data; skipping.
2025-06-19 13:49:02,983 - __main__ - WARNING - SCLK value 671139428 not found in ml data; skipping.
2025-06-19 13:49:02,984 - __main__ - WARNING - SCLK value 671204280 not found in ml data; skipping.
2025-06-19 13:49:02,984 - __main__ - WARNING - SCLK value 671213291 not found in ml data; skipping.
2025-06-19 13:49:02,986 - __main__ - WARNING - SCLK value 671214052 not found in ml data; skipping.
2025-06-19 13:49:02,987 - __main__ - WARNING - SCLK value 671224977 not found in ml data; skipping.
2025-06-19 13:49:02,988 - __main__ - WARNING - SCLK value 671291649 not found in ml data; skipping.
2025-06-19 13:49:02,989 - __main__ - WARNING - SCLK value 671294608 not found in ml data; skipping.
2025-06-19 13:49:02,989 - __main__ - WARNING - SCLK value 671302478 not found in ml data; skipping.
2025-06-19 13:49:02,990 - __main__ - WARNING - SCLK value 671302909 not found in ml data; skipping.
2025-06-19 13:49:02,991 - __main__ - WARNING - SCLK value 671308300 not found in ml data; skipping.
2025-06-19 13:49:02,991 - __main__ - WARNING - SCLK value 671376036 not found in ml data; skipping.
2025-06-19 13:49:02,992 - __main__ - WARNING - SCLK value 671376059 not found in ml data; skipping.
2025-06-19 13:49:02,993 - __main__ - WARNING - SCLK value 671376348 not found in ml data; skipping.
2025-06-19 13:49:02,994 - __main__ - WARNING - SCLK value 671376844 not found in ml data; skipping.
2025-06-19 13:49:02,994 - __main__ - WARNING - SCLK value 671377912 not found in ml data; skipping.
2025-06-19 13:49:02,995 - __main__ - WARNING - SCLK value 671379183 not found in ml data; skipping.
2025-06-19 13:49:02,996 - __main__ - WARNING - SCLK value 671384112 not found in ml data; skipping.
2025-06-19 13:49:02,997 - __main__ - WARNING - SCLK value 671391076 not found in ml data; skipping.
2025-06-19 13:49:02,998 - __main__ - WARNING - SCLK value 671395245 not found in ml data; skipping.
2025-06-19 13:49:02,998 - __main__ - WARNING - SCLK value 671466934 not found in ml data; skipping.
2025-06-19 13:49:02,999 - __main__ - WARNING - SCLK value 671468200 not found in ml data; skipping.
2025-06-19 13:49:03,000 - __main__ - WARNING - SCLK value 671559311 not found in ml data; skipping.
2025-06-19 13:49:03,001 - __main__ - WARNING - SCLK value 671560213 not found in ml data; skipping.
2025-06-19 13:49:03,002 - __main__ - WARNING - SCLK value 671561065 not found in ml data; skipping.
2025-06-19 13:49:03,002 - __main__ - WARNING - SCLK value 671563881 not found in ml data; skipping.
2025-06-19 13:49:03,003 - __main__ - WARNING - SCLK value 671570327 not found in ml data; skipping.
2025-06-19 13:49:03,004 - __main__ - WARNING - SCLK value 671641441 not found in ml data; skipping.
2025-06-19 13:49:03,005 - __main__ - WARNING - SCLK value 671644549 not found in ml data; skipping.
2025-06-19 13:49:03,005 - __main__ - WARNING - SCLK value 671645443 not found in ml data; skipping.
2025-06-19 13:49:03,006 - __main__ - WARNING - SCLK value 671648210 not found in ml data; skipping.
2025-06-19 13:49:03,007 - __main__ - WARNING - SCLK value 671656101 not found in ml data; skipping.
2025-06-19 13:49:03,008 - __main__ - WARNING - SCLK value 671731643 not found in ml data; skipping.
2025-06-19 13:49:03,008 - __main__ - WARNING - SCLK value 671740824 not found in ml data; skipping.
2025-06-19 13:49:03,010 - __main__ - WARNING - SCLK value 671746873 not found in ml data; skipping.
2025-06-19 13:49:03,011 - __main__ - WARNING - SCLK value 671823162 not found in ml data; skipping.
2025-06-19 13:49:03,012 - __main__ - WARNING - SCLK value 671823654 not found in ml data; skipping.
2025-06-19 13:49:03,012 - __main__ - WARNING - SCLK value 671823993 not found in ml data; skipping.
2025-06-19 13:49:03,013 - __main__ - WARNING - SCLK value 671824646 not found in ml data; skipping.
2025-06-19 13:49:03,014 - __main__ - WARNING - SCLK value 671825542 not found in ml data; skipping.
2025-06-19 13:49:03,014 - __main__ - WARNING - SCLK value 671831605 not found in ml data; skipping.
2025-06-19 13:49:03,015 - __main__ - WARNING - SCLK value 671834757 not found in ml data; skipping.
2025-06-19 13:49:03,016 - __main__ - WARNING - SCLK value 671904824 not found in ml data; skipping.
2025-06-19 13:49:03,017 - __main__ - WARNING - SCLK value 671909321 not found in ml data; skipping.
2025-06-19 13:49:03,017 - __main__ - WARNING - SCLK value 671911350 not found in ml data; skipping.
2025-06-19 13:49:03,018 - __main__ - WARNING - SCLK value 671913231 not found in ml data; skipping.
2025-06-19 13:49:03,019 - __main__ - WARNING - SCLK value 671915681 not found in ml data; skipping.
2025-06-19 13:49:03,019 - __main__ - WARNING - SCLK value 671916470 not found in ml data; skipping.
2025-06-19 13:49:03,020 - __main__ - WARNING - SCLK value 671920779 not found in ml data; skipping.
2025-06-19 13:49:03,021 - __main__ - WARNING - SCLK value 671921784 not found in ml data; skipping.
2025-06-19 13:49:03,022 - __main__ - WARNING - SCLK value 671995990 not found in ml data; skipping.
2025-06-19 13:49:03,023 - __main__ - WARNING - SCLK value 672002175 not found in ml data; skipping.
2025-06-19 13:49:03,024 - __main__ - WARNING - SCLK value 672002362 not found in ml data; skipping.
2025-06-19 13:49:03,025 - __main__ - WARNING - SCLK value 672104482 not found in ml data; skipping.
2025-06-19 13:49:03,026 - __main__ - WARNING - SCLK value 672178090 not found in ml data; skipping.
2025-06-19 13:49:03,026 - __main__ - WARNING - SCLK value 672180689 not found in ml data; skipping.
2025-06-19 13:49:03,027 - __main__ - WARNING - SCLK value 672181444 not found in ml data; skipping.
2025-06-19 13:49:03,028 - __main__ - WARNING - SCLK value 672182115 not found in ml data; skipping.
2025-06-19 13:49:03,029 - __main__ - WARNING - SCLK value 672183596 not found in ml data; skipping.
2025-06-19 13:49:03,030 - __main__ - WARNING - SCLK value 672185170 not found in ml data; skipping.
2025-06-19 13:49:03,031 - __main__ - WARNING - SCLK value 672190662 not found in ml data; skipping.
2025-06-19 13:49:03,032 - __main__ - WARNING - SCLK value 672267244 not found in ml data; skipping.
2025-06-19 13:49:03,033 - __main__ - WARNING - SCLK value 672269283 not found in ml data; skipping.
2025-06-19 13:49:03,033 - __main__ - WARNING - SCLK value 672269792 not found in ml data; skipping.
2025-06-19 13:49:03,034 - __main__ - WARNING - SCLK value 672350659 not found in ml data; skipping.
2025-06-19 13:49:03,034 - __main__ - WARNING - SCLK value 672352068 not found in ml data; skipping.
2025-06-19 13:49:03,035 - __main__ - WARNING - SCLK value 672355502 not found in ml data; skipping.
2025-06-19 13:49:03,036 - __main__ - WARNING - SCLK value 672357238 not found in ml data; skipping.
2025-06-19 13:49:03,037 - __main__ - WARNING - SCLK value 672359382 not found in ml data; skipping.
2025-06-19 13:49:03,038 - __main__ - WARNING - SCLK value 672362559 not found in ml data; skipping.
2025-06-19 13:49:03,038 - __main__ - WARNING - SCLK value 672365510 not found in ml data; skipping.
2025-06-19 13:49:03,040 - __main__ - WARNING - SCLK value 672365820 not found in ml data; skipping.
2025-06-19 13:49:03,041 - __main__ - WARNING - SCLK value 672445220 not found in ml data; skipping.
2025-06-19 13:49:03,042 - __main__ - WARNING - SCLK value 672445462 not found in ml data; skipping.
2025-06-19 13:49:03,043 - __main__ - WARNING - SCLK value 672446338 not found in ml data; skipping.
2025-06-19 13:49:03,044 - __main__ - WARNING - SCLK value 672528720 not found in ml data; skipping.
2025-06-19 13:49:03,044 - __main__ - WARNING - SCLK value 672531916 not found in ml data; skipping.
2025-06-19 13:49:03,045 - __main__ - INFO - Processing vortex SCLK 672538692 found at ml index: 2160537
2025-06-19 13:49:03,046 - __main__ - INFO - Processing vortex SCLK 672546578 found at ml index: 2165928
2025-06-19 13:49:03,047 - __main__ - INFO - Processing vortex SCLK 672548966 found at ml index: 2168316
2025-06-19 13:49:03,049 - __main__ - INFO - Processing vortex SCLK 672621236 found at ml index: 2212733
2025-06-19 13:49:03,051 - __main__ - INFO - Processing vortex SCLK 672622288 found at ml index: 2213785
2025-06-19 13:49:03,053 - __main__ - INFO - Processing vortex SCLK 672624313 found at ml index: 2215810
2025-06-19 13:49:03,054 - __main__ - INFO - Processing vortex SCLK 672624475 found at ml index: 2215972
2025-06-19 13:49:03,054 - __main__ - INFO - Processing vortex SCLK 672626109 found at ml index: 2217606
2025-06-19 13:49:03,055 - __main__ - INFO - Processing vortex SCLK 672626122 found at ml index: 2217619
2025-06-19 13:49:03,057 - __main__ - INFO - Processing vortex SCLK 672706787 found at ml index: 2270942
2025-06-19 13:49:03,059 - __main__ - INFO - Processing vortex SCLK 672709027 found at ml index: 2273182
2025-06-19 13:49:03,060 - __main__ - INFO - Processing vortex SCLK 672711149 found at ml index: 2275304
2025-06-19 13:49:03,061 - __main__ - INFO - Processing vortex SCLK 672711621 found at ml index: 2275776
2025-06-19 13:49:03,062 - __main__ - INFO - Processing vortex SCLK 672713266 found at ml index: 2277421
2025-06-19 13:49:03,063 - __main__ - INFO - Processing vortex SCLK 672713337 found at ml index: 2277492
2025-06-19 13:49:03,064 - __main__ - INFO - Processing vortex SCLK 672715961 found at ml index: 2280116
2025-06-19 13:49:03,065 - __main__ - INFO - Processing vortex SCLK 672718373 found at ml index: 2282528
2025-06-19 13:49:03,067 - __main__ - INFO - Processing vortex SCLK 672719375 found at ml index: 2283530
2025-06-19 13:49:03,067 - __main__ - INFO - Processing vortex SCLK 672721953 found at ml index: 2286108
2025-06-19 13:49:03,069 - __main__ - INFO - Processing vortex SCLK 672801263 found at ml index: 2334241
2025-06-19 13:49:03,071 - __main__ - INFO - Processing vortex SCLK 672801630 found at ml index: 2334608
2025-06-19 13:49:03,073 - __main__ - INFO - Processing vortex SCLK 672804797 found at ml index: 2337775
2025-06-19 13:49:03,074 - __main__ - INFO - Processing vortex SCLK 672884603 found at ml index: 2387935
2025-06-19 13:49:03,075 - __main__ - INFO - Processing vortex SCLK 672884933 found at ml index: 2388265
2025-06-19 13:49:03,076 - __main__ - INFO - Processing vortex SCLK 672885216 found at ml index: 2388548
2025-06-19 13:49:03,077 - __main__ - INFO - Processing vortex SCLK 672889286 found at ml index: 2392618
2025-06-19 13:49:03,078 - __main__ - INFO - Processing vortex SCLK 672890283 found at ml index: 2393615
2025-06-19 13:49:03,079 - __main__ - INFO - Processing vortex SCLK 672894510 found at ml index: 2397842
2025-06-19 13:49:03,081 - __main__ - INFO - Processing vortex SCLK 672964384 found at ml index: 2443850
2025-06-19 13:49:03,082 - __main__ - INFO - Processing vortex SCLK 672973742 found at ml index: 2448162
2025-06-19 13:49:03,083 - __main__ - INFO - Processing vortex SCLK 672976272 found at ml index: 2450692
2025-06-19 13:49:03,084 - __main__ - INFO - Processing vortex SCLK 672979607 found at ml index: 2454027
2025-06-19 13:49:03,085 - __main__ - INFO - Processing vortex SCLK 672983982 found at ml index: 2458402
2025-06-19 13:49:03,086 - __main__ - INFO - Processing vortex SCLK 672984068 found at ml index: 2458488
2025-06-19 13:49:03,087 - __main__ - INFO - Processing vortex SCLK 672984973 found at ml index: 2459393
2025-06-19 13:49:03,088 - __main__ - INFO - Processing vortex SCLK 672985340 found at ml index: 2459760
2025-06-19 13:49:03,089 - __main__ - INFO - Processing vortex SCLK 673068974 found at ml index: 2512676
2025-06-19 13:49:03,091 - __main__ - INFO - Processing vortex SCLK 673072073 found at ml index: 2515775
2025-06-19 13:49:03,092 - __main__ - INFO - Processing vortex SCLK 673076429 found at ml index: 2518680
2025-06-19 13:49:03,094 - __main__ - INFO - Processing vortex SCLK 673078972 found at ml index: 2521223
2025-06-19 13:49:03,095 - __main__ - INFO - Processing vortex SCLK 673147721 found at ml index: 2565489
2025-06-19 13:49:03,096 - __main__ - INFO - Processing vortex SCLK 673240962 found at ml index: 2629833
2025-06-19 13:49:03,097 - __main__ - INFO - Processing vortex SCLK 673242020 found at ml index: 2630891
2025-06-19 13:49:03,098 - __main__ - INFO - Processing vortex SCLK 673243964 found at ml index: 2632835
2025-06-19 13:49:03,101 - __main__ - INFO - Processing vortex SCLK 673245884 found at ml index: 2634755
2025-06-19 13:49:03,102 - __main__ - INFO - Processing vortex SCLK 673251635 found at ml index: 2640506
2025-06-19 13:49:03,103 - __main__ - INFO - Processing vortex SCLK 673254242 found at ml index: 2643113
2025-06-19 13:49:03,104 - __main__ - INFO - Processing vortex SCLK 673328658 found at ml index: 2691425
2025-06-19 13:49:03,105 - __main__ - INFO - Processing vortex SCLK 673329003 found at ml index: 2691770
2025-06-19 13:49:03,107 - __main__ - INFO - Processing vortex SCLK 673332835 found at ml index: 2695602
2025-06-19 13:49:03,108 - __main__ - INFO - Processing vortex SCLK 673332863 found at ml index: 2695630
2025-06-19 13:49:03,109 - __main__ - INFO - Processing vortex SCLK 673334070 found at ml index: 2696837
2025-06-19 13:49:03,110 - __main__ - INFO - Processing vortex SCLK 673334708 found at ml index: 2697475
2025-06-19 13:49:03,111 - __main__ - INFO - Processing vortex SCLK 673338788 found at ml index: 2701555
2025-06-19 13:49:03,113 - __main__ - INFO - Processing vortex SCLK 673340481 found at ml index: 2703248
2025-06-19 13:49:03,114 - __main__ - INFO - Processing vortex SCLK 673344227 found at ml index: 2706994
2025-06-19 13:49:03,114 - __main__ - INFO - Processing vortex SCLK 673424713 found at ml index: 2760219
2025-06-19 13:49:03,116 - __main__ - INFO - Processing vortex SCLK 673429348 found at ml index: 2764854
2025-06-19 13:49:03,117 - __main__ - INFO - Processing vortex SCLK 673500853 found at ml index: 2811671
2025-06-19 13:49:03,117 - __main__ - INFO - Processing vortex SCLK 673512599 found at ml index: 2821820
2025-06-19 13:49:03,120 - __main__ - INFO - Processing vortex SCLK 673513373 found at ml index: 2822594
2025-06-19 13:49:03,121 - __main__ - INFO - Processing vortex SCLK 673514725 found at ml index: 2823946
2025-06-19 13:49:03,122 - __main__ - INFO - Processing vortex SCLK 673594180 found at ml index: 2868616
2025-06-19 13:49:03,123 - __main__ - INFO - Processing vortex SCLK 673597335 found at ml index: 2871771
2025-06-19 13:49:03,124 - __main__ - WARNING - SCLK value 673598754 not found in ml data; skipping.
2025-06-19 13:49:03,124 - __main__ - WARNING - SCLK value 673606937 not found in ml data; skipping.
2025-06-19 13:49:03,125 - __main__ - WARNING - SCLK value 673680243 not found in ml data; skipping.
2025-06-19 13:49:03,126 - __main__ - WARNING - SCLK value 673681579 not found in ml data; skipping.
2025-06-19 13:49:03,127 - __main__ - WARNING - SCLK value 673685675 not found in ml data; skipping.
2025-06-19 13:49:03,128 - __main__ - WARNING - SCLK value 673694236 not found in ml data; skipping.
2025-06-19 13:49:03,129 - __main__ - WARNING - SCLK value 673694529 not found in ml data; skipping.
2025-06-19 13:49:03,130 - __main__ - WARNING - SCLK value 673773378 not found in ml data; skipping.
2025-06-19 13:49:03,130 - __main__ - WARNING - SCLK value 673779637 not found in ml data; skipping.
2025-06-19 13:49:03,131 - __main__ - WARNING - SCLK value 673781075 not found in ml data; skipping.
2025-06-19 13:49:03,132 - __main__ - WARNING - SCLK value 673858855 not found in ml data; skipping.
2025-06-19 13:49:03,133 - __main__ - WARNING - SCLK value 673863604 not found in ml data; skipping.
2025-06-19 13:49:03,134 - __main__ - WARNING - SCLK value 673865805 not found in ml data; skipping.
2025-06-19 13:49:03,135 - __main__ - WARNING - SCLK value 673874053 not found in ml data; skipping.
2025-06-19 13:49:03,136 - __main__ - WARNING - SCLK value 673948338 not found in ml data; skipping.
2025-06-19 13:49:03,136 - __main__ - WARNING - SCLK value 673951488 not found in ml data; skipping.
2025-06-19 13:49:03,137 - __main__ - WARNING - SCLK value 673955512 not found in ml data; skipping.
2025-06-19 13:49:03,138 - __main__ - WARNING - SCLK value 673958960 not found in ml data; skipping.
2025-06-19 13:49:03,138 - __main__ - WARNING - SCLK value 674041445 not found in ml data; skipping.
2025-06-19 13:49:03,140 - __main__ - WARNING - SCLK value 674042999 not found in ml data; skipping.
2025-06-19 13:49:03,141 - __main__ - WARNING - SCLK value 674044064 not found in ml data; skipping.
2025-06-19 13:49:03,142 - __main__ - WARNING - SCLK value 674051268 not found in ml data; skipping.
2025-06-19 13:49:03,143 - __main__ - WARNING - SCLK value 674056174 not found in ml data; skipping.
2025-06-19 13:49:03,144 - __main__ - WARNING - SCLK value 674122081 not found in ml data; skipping.
2025-06-19 13:49:03,145 - __main__ - WARNING - SCLK value 674128125 not found in ml data; skipping.
2025-06-19 13:49:03,145 - __main__ - WARNING - SCLK value 674128981 not found in ml data; skipping.
2025-06-19 13:49:03,146 - __main__ - WARNING - SCLK value 674133319 not found in ml data; skipping.
2025-06-19 13:49:03,147 - __main__ - WARNING - SCLK value 674140571 not found in ml data; skipping.
2025-06-19 13:49:03,147 - __main__ - WARNING - SCLK value 674213517 not found in ml data; skipping.
2025-06-19 13:49:03,149 - __main__ - WARNING - SCLK value 674218894 not found in ml data; skipping.
2025-06-19 13:49:03,150 - __main__ - WARNING - SCLK value 674228677 not found in ml data; skipping.
2025-06-19 13:49:03,150 - __main__ - WARNING - SCLK value 674304877 not found in ml data; skipping.
2025-06-19 13:49:03,151 - __main__ - WARNING - SCLK value 674307030 not found in ml data; skipping.
2025-06-19 13:49:03,152 - __main__ - WARNING - SCLK value 674307104 not found in ml data; skipping.
2025-06-19 13:49:03,153 - __main__ - WARNING - SCLK value 674317907 not found in ml data; skipping.
2025-06-19 13:49:03,153 - __main__ - WARNING - SCLK value 674398187 not found in ml data; skipping.
2025-06-19 13:49:03,154 - __main__ - WARNING - SCLK value 674410494 not found in ml data; skipping.
2025-06-19 13:49:03,155 - __main__ - WARNING - SCLK value 674482627 not found in ml data; skipping.
2025-06-19 13:49:03,156 - __main__ - WARNING - SCLK value 674483906 not found in ml data; skipping.
2025-06-19 13:49:03,156 - __main__ - WARNING - SCLK value 674484439 not found in ml data; skipping.
2025-06-19 13:49:03,157 - __main__ - WARNING - SCLK value 674491238 not found in ml data; skipping.
2025-06-19 13:49:03,157 - __main__ - WARNING - SCLK value 674492008 not found in ml data; skipping.
2025-06-19 13:49:03,159 - __main__ - WARNING - SCLK value 674497424 not found in ml data; skipping.
2025-06-19 13:49:03,160 - __main__ - WARNING - SCLK value 674498121 not found in ml data; skipping.
2025-06-19 13:49:03,161 - __main__ - WARNING - SCLK value 674568708 not found in ml data; skipping.
2025-06-19 13:49:03,162 - __main__ - WARNING - SCLK value 674573756 not found in ml data; skipping.
2025-06-19 13:49:03,163 - __main__ - WARNING - SCLK value 674575721 not found in ml data; skipping.
2025-06-19 13:49:03,164 - __main__ - WARNING - SCLK value 674582484 not found in ml data; skipping.
2025-06-19 13:49:03,164 - __main__ - WARNING - SCLK value 674666247 not found in ml data; skipping.
2025-06-19 13:49:03,165 - __main__ - WARNING - SCLK value 674666809 not found in ml data; skipping.
2025-06-19 13:49:03,166 - __main__ - WARNING - SCLK value 674667232 not found in ml data; skipping.
2025-06-19 13:49:03,166 - __main__ - WARNING - SCLK value 674669243 not found in ml data; skipping.
2025-06-19 13:49:03,167 - __main__ - WARNING - SCLK value 674751396 not found in ml data; skipping.
2025-06-19 13:49:03,169 - __main__ - WARNING - SCLK value 674837510 not found in ml data; skipping.
2025-06-19 13:49:03,170 - __main__ - WARNING - SCLK value 674845274 not found in ml data; skipping.
2025-06-19 13:49:03,171 - __main__ - WARNING - SCLK value 674846962 not found in ml data; skipping.
2025-06-19 13:49:03,171 - __main__ - WARNING - SCLK value 674850855 not found in ml data; skipping.
2025-06-19 13:49:03,172 - __main__ - INFO - Preparing features and labels...
2025-06-19 13:49:03,174 - __main__ - INFO - Validating feature matrix...
2025-06-19 13:49:03,174 - __main__ - WARNING - Feature matrix issues detected:
2025-06-19 13:49:03,174 - __main__ - WARNING - - High correlation between pressure_drop_ratio and pressure_change: -1.00
2025-06-19 13:49:03,175 - __main__ - WARNING - - High correlation between pressure_drop_ratio and rate_of_change_mean: -0.99
2025-06-19 13:49:03,175 - __main__ - WARNING - - High correlation between pressure_change and rate_of_change_mean: 0.99
2025-06-19 13:49:03,175 - __main__ - WARNING - - High correlation between mean_pressure and min_pressure: 1.00
2025-06-19 13:49:03,175 - __main__ - WARNING - - High correlation between mean_pressure and max_pressure: 1.00
2025-06-19 13:49:03,176 - __main__ - WARNING - - High correlation between mean_pressure and long_term_mean: 1.00
2025-06-19 13:49:03,176 - __main__ - WARNING - - High correlation between std_pressure and pressure_range: 0.99
2025-06-19 13:49:03,176 - __main__ - WARNING - - High correlation between std_pressure and rate_of_change_std: 0.98
2025-06-19 13:49:03,176 - __main__ - WARNING - - High correlation between std_pressure and rate_of_change_max: 0.98
2025-06-19 13:49:03,176 - __main__ - WARNING - - High correlation between min_pressure and max_pressure: 1.00
2025-06-19 13:49:03,176 - __main__ - WARNING - - High correlation between min_pressure and long_term_mean: 1.00
2025-06-19 13:49:03,176 - __main__ - WARNING - - High correlation between max_pressure and long_term_mean: 1.00
2025-06-19 13:49:03,177 - __main__ - WARNING - - High correlation between pressure_range and rate_of_change_std: 0.97
2025-06-19 13:49:03,177 - __main__ - WARNING - - High correlation between pressure_range and rate_of_change_max: 0.97
2025-06-19 13:49:03,177 - __main__ - WARNING - - High correlation between long_term_std and trend: -0.96
2025-06-19 13:49:03,177 - __main__ - WARNING - - High correlation between rate_of_change_std and rate_of_change_max: 0.99
2025-06-19 13:49:03,177 - __main__ - INFO - Splitting processed data into train/val for model training...
2025-06-19 13:49:03,177 - __main__ - INFO - Processed train set: 987 samples
2025-06-19 13:49:03,177 - __main__ - INFO - Processed validation set: 329 samples
2025-06-19 13:49:03,179 - __main__ - INFO - Training Random Forest classifier...
2025-06-19 13:49:03,445 - __main__ - INFO - Random Forest training completed.
2025-06-19 13:49:03,445 - __main__ - INFO - Generating evaluation plots...
2025-06-19 13:49:08,901 - __main__ - INFO - Processing test set with sliding windows for realistic evaluation...
2025-06-19 13:49:08,901 - __main__ - INFO - Using test step size: 100
2025-06-19 13:49:08,901 - __main__ - INFO - Processing 718015 test windows with step size 100
2025-06-19 13:53:48,530 - __main__ - INFO - ==================================================
2025-06-19 13:53:48,531 - __main__ - INFO - REALISTIC TEST SET ANALYSIS
2025-06-19 13:53:48,531 - __main__ - INFO - ==================================================
2025-06-19 13:53:48,531 - __main__ - INFO - Total test windows: 7181
2025-06-19 13:53:48,531 - __main__ - INFO - Test windows with positive labels: 43
2025-06-19 13:53:48,531 - __main__ - INFO - Test windows with negative labels: 7138
2025-06-19 13:53:48,532 - __main__ - INFO - Positive ratio in test set: 0.0060 (0.60%)
2025-06-19 13:53:48,532 - __main__ - INFO - Negative ratio in test set: 0.9940 (99.40%)
2025-06-19 13:53:48,532 - __main__ - INFO - ==================================================
2025-06-19 13:53:48,533 - __main__ - INFO - Evaluating on realistic test set (raw time series data)...
2025-06-19 13:53:52,472 - __main__ - INFO - ==================================================
2025-06-19 13:53:52,472 - __main__ - INFO - REALISTIC TEST SET RESULTS (Raw Time Series Data)
2025-06-19 13:53:52,472 - __main__ - INFO - ==================================================
2025-06-19 13:53:52,472 - __main__ - INFO - Test Accuracy: 0.006
2025-06-19 13:53:52,472 - __main__ - INFO - Test F1 Score: 0.012
2025-06-19 13:53:52,473 - __main__ - INFO - Test Precision: 0.006
2025-06-19 13:53:52,473 - __main__ - INFO - Test Recall: 1.000
2025-06-19 13:53:52,473 - __main__ - INFO - Best Threshold: 0.3431
2025-06-19 13:53:52,473 - __main__ - INFO - ==================================================
2025-06-19 13:53:52,485 - __main__ - INFO - Realistic test set predictions saved to realistic_test_predictions.csv
2025-06-19 13:53:52,485 - __main__ - INFO - Performing feature selection...
2025-06-19 13:53:52,485 - __main__ - INFO - Selected 16 features with importance >= 0.01
2025-06-19 13:53:52,486 - __main__ - INFO - Selected 7 features after removing highly correlated ones
2025-06-19 13:53:52,671 - __main__ - INFO - Retrained model with reduced feature set.
2025-06-19 13:53:52,671 - __main__ - INFO - Evaluating reduced feature model on realistic test set...
2025-06-19 13:54:01,207 - __main__ - INFO - ==================================================
2025-06-19 13:54:01,207 - __main__ - INFO - REDUCED MODEL - REALISTIC TEST RESULTS
2025-06-19 13:54:01,207 - __main__ - INFO - ==================================================
2025-06-19 13:54:01,209 - __main__ - INFO - Reduced Test Accuracy: 0.006
2025-06-19 13:54:01,209 - __main__ - INFO - Reduced Test F1 Score: 0.012
2025-06-19 13:54:01,209 - __main__ - INFO - Reduced Test Precision: 0.006
2025-06-19 13:54:01,209 - __main__ - INFO - Reduced Test Recall: 1.000
2025-06-19 13:54:01,209 - __main__ - INFO - Reduced Best Threshold: 0.3779
2025-06-19 13:54:01,209 - __main__ - INFO - ==================================================
2025-06-19 13:54:01,221 - __main__ - INFO - Reduced realistic test set predictions saved to reduced_realistic_test_predictions.csv
2025-06-19 13:55:21,363 - __main__ - INFO - Reading vortex SCLK data...
2025-06-19 13:55:21,366 - __main__ - INFO - Successfully read 309 SCLK values from ../data/Jackson_vortex_detections_reformatted_augmented.csv
2025-06-19 13:55:21,367 - __main__ - INFO - Successfully read 309 SCLK values
2025-06-19 13:55:21,367 - __main__ - INFO - Reading ML data...
2025-06-19 13:55:23,474 - __main__ - INFO - Successfully loaded ML data from ../data/ml_ready_vortex_data.csv
2025-06-19 13:55:23,474 - __main__ - INFO - Successfully loaded ML data with 3590168 rows
2025-06-19 13:55:23,474 - __main__ - INFO - Validating data quality...
2025-06-19 13:55:23,867 - __main__ - WARNING - Data quality issues detected:
2025-06-19 13:55:23,867 - __main__ - WARNING - - Missing values found: {'gt_vortex_ind': 3577695}
2025-06-19 13:55:23,867 - __main__ - WARNING - - Severe class imbalance detected: 0.51% positive samples
2025-06-19 13:55:23,867 - __main__ - INFO - Splitting raw data chronologically before processing...
2025-06-19 13:55:23,868 - __main__ - INFO - Raw train set: 2154100 rows
2025-06-19 13:55:23,868 - __main__ - INFO - Raw validation set: 718034 rows
2025-06-19 13:55:23,868 - __main__ - INFO - Raw test set: 718034 rows
2025-06-19 13:55:23,869 - __main__ - INFO - ==================================================
2025-06-19 13:55:23,869 - __main__ - INFO - RAW TEST SET DISTRIBUTION (Before Processing)
2025-06-19 13:55:23,869 - __main__ - INFO - ==================================================
2025-06-19 13:55:23,869 - __main__ - INFO - Test set rows: 718034
2025-06-19 13:55:23,869 - __main__ - INFO - Positive samples: 3318 (0.46%)
2025-06-19 13:55:23,869 - __main__ - INFO - Negative samples: 714716 (99.54%)
2025-06-19 13:55:23,869 - __main__ - INFO - ==================================================
2025-06-19 13:55:23,869 - __main__ - INFO - Processing training data around vortex events...
2025-06-19 13:55:23,872 - __main__ - INFO - Processing vortex SCLK 668288145 found at ml index: 16563
2025-06-19 13:55:23,879 - __main__ - INFO - Processing vortex SCLK 668288356 found at ml index: 16774
2025-06-19 13:55:23,884 - __main__ - INFO - Processing vortex SCLK 668363851 found at ml index: 58206
2025-06-19 13:55:23,891 - __main__ - INFO - Processing vortex SCLK 668370696 found at ml index: 61613
2025-06-19 13:55:23,897 - __main__ - INFO - Processing vortex SCLK 668373458 found at ml index: 64372
2025-06-19 13:55:23,903 - __main__ - INFO - Processing vortex SCLK 668450709 found at ml index: 109929
2025-06-19 13:55:23,910 - __main__ - INFO - Processing vortex SCLK 668451679 found at ml index: 110896
2025-06-19 13:55:23,915 - __main__ - INFO - Processing vortex SCLK 668465594 found at ml index: 113943
2025-06-19 13:55:23,921 - __main__ - INFO - Processing vortex SCLK 668471362 found at ml index: 116280
2025-06-19 13:55:23,926 - __main__ - INFO - Processing vortex SCLK 668534767 found at ml index: 149951
2025-06-19 13:55:23,932 - __main__ - INFO - Processing vortex SCLK 668540964 found at ml index: 156148
2025-06-19 13:55:23,939 - __main__ - INFO - Processing vortex SCLK 668541515 found at ml index: 156699
2025-06-19 13:55:23,944 - __main__ - INFO - Processing vortex SCLK 668542064 found at ml index: 157248
2025-06-19 13:55:23,950 - __main__ - INFO - Processing vortex SCLK 668542340 found at ml index: 157524
2025-06-19 13:55:23,955 - __main__ - INFO - Processing vortex SCLK 668551101 found at ml index: 162084
2025-06-19 13:55:23,961 - __main__ - INFO - Processing vortex SCLK 668555682 found at ml index: 163446
2025-06-19 13:55:23,966 - __main__ - INFO - Processing vortex SCLK 668556124 found at ml index: 163888
2025-06-19 13:55:23,972 - __main__ - INFO - Processing vortex SCLK 668557517 found at ml index: 165281
2025-06-19 13:55:23,977 - __main__ - INFO - Processing vortex SCLK 668716847 found at ml index: 186189
2025-06-19 13:55:23,984 - __main__ - INFO - Processing vortex SCLK 668723694 found at ml index: 189570
2025-06-19 13:55:23,989 - __main__ - INFO - Processing vortex SCLK 668801790 found at ml index: 232821
2025-06-19 13:55:23,995 - __main__ - INFO - Processing vortex SCLK 668808927 found at ml index: 236462
2025-06-19 13:55:24,001 - __main__ - INFO - Processing vortex SCLK 668810541 found at ml index: 238076
2025-06-19 13:55:24,006 - __main__ - INFO - Processing vortex SCLK 668811652 found at ml index: 239187
2025-06-19 13:55:24,012 - __main__ - INFO - Processing vortex SCLK 668816129 found at ml index: 243664
2025-06-19 13:55:24,017 - __main__ - INFO - Processing vortex SCLK 669426485 found at ml index: 263130
2025-06-19 13:55:24,023 - __main__ - INFO - Processing vortex SCLK 669427340 found at ml index: 263985
2025-06-19 13:55:24,028 - __main__ - INFO - Processing vortex SCLK 669434405 found at ml index: 267663
2025-06-19 13:55:24,035 - __main__ - INFO - Processing vortex SCLK 669434703 found at ml index: 267961
2025-06-19 13:55:24,041 - __main__ - INFO - Processing vortex SCLK 669518763 found at ml index: 314172
2025-06-19 13:55:24,046 - __main__ - INFO - Processing vortex SCLK 669519478 found at ml index: 314887
2025-06-19 13:55:24,052 - __main__ - INFO - Processing vortex SCLK 669531860 found at ml index: 320377
2025-06-19 13:55:24,057 - __main__ - INFO - Processing vortex SCLK 669626803 found at ml index: 374269
2025-06-19 13:55:24,064 - __main__ - INFO - Processing vortex SCLK 669688619 found at ml index: 407952
2025-06-19 13:55:24,069 - __main__ - INFO - Processing vortex SCLK 669690018 found at ml index: 409351
2025-06-19 13:55:24,075 - __main__ - INFO - Processing vortex SCLK 669690620 found at ml index: 409953
2025-06-19 13:55:24,080 - __main__ - INFO - Processing vortex SCLK 669704197 found at ml index: 416696
2025-06-19 13:55:24,086 - __main__ - INFO - Processing vortex SCLK 669779409 found at ml index: 457637
2025-06-19 13:55:24,092 - __main__ - INFO - Processing vortex SCLK 669780445 found at ml index: 458673
2025-06-19 13:55:24,098 - __main__ - INFO - Processing vortex SCLK 669787866 found at ml index: 466094
2025-06-19 13:55:24,104 - __main__ - INFO - Processing vortex SCLK 669787881 found at ml index: 466109
2025-06-19 13:55:24,110 - __main__ - INFO - Processing vortex SCLK 669870405 found at ml index: 512761
2025-06-19 13:55:24,116 - __main__ - INFO - Processing vortex SCLK 669873580 found at ml index: 515936
2025-06-19 13:55:24,121 - __main__ - INFO - Processing vortex SCLK 669882031 found at ml index: 522188
2025-06-19 13:55:24,127 - __main__ - INFO - Processing vortex SCLK 669886865 found at ml index: 524448
2025-06-19 13:55:24,133 - __main__ - INFO - Processing vortex SCLK 669958088 found at ml index: 564661
2025-06-19 13:55:24,139 - __main__ - INFO - Processing vortex SCLK 669959376 found at ml index: 565949
2025-06-19 13:55:24,144 - __main__ - INFO - Processing vortex SCLK 669959712 found at ml index: 566285
2025-06-19 13:55:24,150 - __main__ - INFO - Processing vortex SCLK 669960008 found at ml index: 566581
2025-06-19 13:55:24,156 - __main__ - INFO - Processing vortex SCLK 669960347 found at ml index: 566920
2025-06-19 13:55:24,162 - __main__ - INFO - Processing vortex SCLK 669962940 found at ml index: 569513
2025-06-19 13:55:24,168 - __main__ - INFO - Processing vortex SCLK 669964312 found at ml index: 570885
2025-06-19 13:55:24,173 - __main__ - INFO - Processing vortex SCLK 669965150 found at ml index: 571723
2025-06-19 13:55:24,180 - __main__ - INFO - Processing vortex SCLK 669971696 found at ml index: 575571
2025-06-19 13:55:24,185 - __main__ - INFO - Processing vortex SCLK 670046942 found at ml index: 618056
2025-06-19 13:55:24,191 - __main__ - INFO - Processing vortex SCLK 670047546 found at ml index: 618660
2025-06-19 13:55:24,196 - __main__ - INFO - Processing vortex SCLK 670055611 found at ml index: 626725
2025-06-19 13:55:24,202 - __main__ - INFO - Processing vortex SCLK 670129653 found at ml index: 676671
2025-06-19 13:55:24,208 - __main__ - INFO - Processing vortex SCLK 670136668 found at ml index: 680243
2025-06-19 13:55:24,214 - __main__ - INFO - Processing vortex SCLK 670138695 found at ml index: 682270
2025-06-19 13:55:24,220 - __main__ - INFO - Processing vortex SCLK 670225439 found at ml index: 735507
2025-06-19 13:55:24,225 - __main__ - INFO - Processing vortex SCLK 670232335 found at ml index: 739271
2025-06-19 13:55:24,231 - __main__ - INFO - Processing vortex SCLK 670232986 found at ml index: 739922
2025-06-19 13:55:24,236 - __main__ - INFO - Processing vortex SCLK 670233871 found at ml index: 740807
2025-06-19 13:55:24,242 - __main__ - INFO - Processing vortex SCLK 670313772 found at ml index: 794758
2025-06-19 13:55:24,248 - __main__ - INFO - Processing vortex SCLK 670315385 found at ml index: 796371
2025-06-19 13:55:24,253 - __main__ - INFO - Processing vortex SCLK 670317790 found at ml index: 798776
2025-06-19 13:55:24,259 - __main__ - INFO - Processing vortex SCLK 670321691 found at ml index: 802677
2025-06-19 13:55:24,265 - __main__ - INFO - Processing vortex SCLK 670325686 found at ml index: 804517
2025-06-19 13:55:24,271 - __main__ - INFO - Processing vortex SCLK 670329256 found at ml index: 808087
2025-06-19 13:55:24,276 - __main__ - INFO - Processing vortex SCLK 670398725 found at ml index: 848668
2025-06-19 13:55:24,282 - __main__ - INFO - Processing vortex SCLK 670402854 found at ml index: 852797
2025-06-19 13:55:24,287 - __main__ - INFO - Processing vortex SCLK 670403870 found at ml index: 853813
2025-06-19 13:55:24,293 - __main__ - INFO - Processing vortex SCLK 670409834 found at ml index: 857575
2025-06-19 13:55:24,299 - __main__ - INFO - Processing vortex SCLK 670412275 found at ml index: 860016
2025-06-19 13:55:24,304 - __main__ - INFO - Processing vortex SCLK 670412326 found at ml index: 860067
2025-06-19 13:55:24,311 - __main__ - INFO - Processing vortex SCLK 670578458 found at ml index: 934664
2025-06-19 13:55:24,316 - __main__ - INFO - Processing vortex SCLK 670580613 found at ml index: 936819
2025-06-19 13:55:24,322 - __main__ - INFO - Processing vortex SCLK 670584569 found at ml index: 940775
2025-06-19 13:55:24,327 - __main__ - INFO - Processing vortex SCLK 670584657 found at ml index: 940863
2025-06-19 13:55:24,334 - __main__ - INFO - Processing vortex SCLK 670587674 found at ml index: 943880
2025-06-19 13:55:24,339 - __main__ - INFO - Processing vortex SCLK 670594461 found at ml index: 947971
2025-06-19 13:55:24,345 - __main__ - INFO - Processing vortex SCLK 670841835 found at ml index: 1065790
2025-06-19 13:55:24,351 - __main__ - INFO - Processing vortex SCLK 670842459 found at ml index: 1066414
2025-06-19 13:55:24,357 - __main__ - INFO - Processing vortex SCLK 670849047 found at ml index: 1073002
2025-06-19 13:55:24,363 - __main__ - INFO - Processing vortex SCLK 670852738 found at ml index: 1076693
2025-06-19 13:55:24,369 - __main__ - INFO - Processing vortex SCLK 670856365 found at ml index: 1077977
2025-06-19 13:55:24,375 - __main__ - INFO - Processing vortex SCLK 670859755 found at ml index: 1081367
2025-06-19 13:55:24,381 - __main__ - INFO - Processing vortex SCLK 670870370 found at ml index: 1088579
2025-06-19 13:55:24,385 - __main__ - INFO - Processing vortex SCLK 670929808 found at ml index: 1120753
2025-06-19 13:55:24,392 - __main__ - INFO - Processing vortex SCLK 670930554 found at ml index: 1121499
2025-06-19 13:55:24,397 - __main__ - INFO - Processing vortex SCLK 670933108 found at ml index: 1124053
2025-06-19 13:55:24,403 - __main__ - INFO - Processing vortex SCLK 670934582 found at ml index: 1125527
2025-06-19 13:55:24,409 - __main__ - INFO - Processing vortex SCLK 670938327 found at ml index: 1129272
2025-06-19 13:55:24,414 - __main__ - INFO - Processing vortex SCLK 670938389 found at ml index: 1129334
2025-06-19 13:55:24,420 - __main__ - INFO - Processing vortex SCLK 670940703 found at ml index: 1131648
2025-06-19 13:55:24,425 - __main__ - INFO - Processing vortex SCLK 670945386 found at ml index: 1136331
2025-06-19 13:55:24,431 - __main__ - INFO - Processing vortex SCLK 670961352 found at ml index: 1146283
2025-06-19 13:55:24,437 - __main__ - INFO - Processing vortex SCLK 671024106 found at ml index: 1181789
2025-06-19 13:55:24,442 - __main__ - INFO - Processing vortex SCLK 671027864 found at ml index: 1185547
2025-06-19 13:55:24,449 - __main__ - INFO - Processing vortex SCLK 671027972 found at ml index: 1185655
2025-06-19 13:55:24,454 - __main__ - INFO - Processing vortex SCLK 671033906 found at ml index: 1191589
2025-06-19 13:55:24,460 - __main__ - INFO - Processing vortex SCLK 671039200 found at ml index: 1194533
2025-06-19 13:55:24,465 - __main__ - INFO - Processing vortex SCLK 671109364 found at ml index: 1233979
2025-06-19 13:55:24,471 - __main__ - INFO - Processing vortex SCLK 671113914 found at ml index: 1238529
2025-06-19 13:55:24,476 - __main__ - INFO - Processing vortex SCLK 671114679 found at ml index: 1239294
2025-06-19 13:55:24,482 - __main__ - INFO - Processing vortex SCLK 671115255 found at ml index: 1239870
2025-06-19 13:55:24,488 - __main__ - INFO - Processing vortex SCLK 671115289 found at ml index: 1239904
2025-06-19 13:55:24,494 - __main__ - INFO - Processing vortex SCLK 671120289 found at ml index: 1244904
2025-06-19 13:55:24,501 - __main__ - INFO - Processing vortex SCLK 671126006 found at ml index: 1250026
2025-06-19 13:55:24,507 - __main__ - INFO - Processing vortex SCLK 671126607 found at ml index: 1250627
2025-06-19 13:55:24,513 - __main__ - INFO - Processing vortex SCLK 671127245 found at ml index: 1251265
2025-06-19 13:55:24,519 - __main__ - INFO - Processing vortex SCLK 671139428 found at ml index: 1260040
2025-06-19 13:55:24,524 - __main__ - INFO - Processing vortex SCLK 671204280 found at ml index: 1299428
2025-06-19 13:55:24,530 - __main__ - INFO - Processing vortex SCLK 671213291 found at ml index: 1306235
2025-06-19 13:55:24,535 - __main__ - INFO - Processing vortex SCLK 671214052 found at ml index: 1306996
2025-06-19 13:55:24,542 - __main__ - INFO - Processing vortex SCLK 671224977 found at ml index: 1314440
2025-06-19 13:55:24,547 - __main__ - INFO - Processing vortex SCLK 671291649 found at ml index: 1353739
2025-06-19 13:55:24,553 - __main__ - INFO - Processing vortex SCLK 671294608 found at ml index: 1356698
2025-06-19 13:55:24,560 - __main__ - INFO - Processing vortex SCLK 671302478 found at ml index: 1361737
2025-06-19 13:55:24,565 - __main__ - INFO - Processing vortex SCLK 671302909 found at ml index: 1362168
2025-06-19 13:55:24,570 - __main__ - INFO - Processing vortex SCLK 671308300 found at ml index: 1365532
2025-06-19 13:55:24,576 - __main__ - INFO - Processing vortex SCLK 671376036 found at ml index: 1404444
2025-06-19 13:55:24,582 - __main__ - INFO - Processing vortex SCLK 671376059 found at ml index: 1404467
2025-06-19 13:55:24,587 - __main__ - INFO - Processing vortex SCLK 671376348 found at ml index: 1404756
2025-06-19 13:55:24,592 - __main__ - INFO - Processing vortex SCLK 671376844 found at ml index: 1405252
2025-06-19 13:55:24,598 - __main__ - INFO - Processing vortex SCLK 671377912 found at ml index: 1406320
2025-06-19 13:55:24,604 - __main__ - INFO - Processing vortex SCLK 671379183 found at ml index: 1407591
2025-06-19 13:55:24,609 - __main__ - INFO - Processing vortex SCLK 671384112 found at ml index: 1412520
2025-06-19 13:55:24,614 - __main__ - INFO - Processing vortex SCLK 671391076 found at ml index: 1419484
2025-06-19 13:55:24,621 - __main__ - INFO - Processing vortex SCLK 671395245 found at ml index: 1422765
2025-06-19 13:55:24,626 - __main__ - INFO - Processing vortex SCLK 671466934 found at ml index: 1463807
2025-06-19 13:55:24,632 - __main__ - INFO - Processing vortex SCLK 671468200 found at ml index: 1465073
2025-06-19 13:55:24,638 - __main__ - INFO - Processing vortex SCLK 671559311 found at ml index: 1524850
2025-06-19 13:55:24,643 - __main__ - INFO - Processing vortex SCLK 671560213 found at ml index: 1525752
2025-06-19 13:55:24,649 - __main__ - INFO - Processing vortex SCLK 671561065 found at ml index: 1526604
2025-06-19 13:55:24,654 - __main__ - INFO - Processing vortex SCLK 671563881 found at ml index: 1529420
2025-06-19 13:55:24,661 - __main__ - INFO - Processing vortex SCLK 671570327 found at ml index: 1532373
2025-06-19 13:55:24,666 - __main__ - INFO - Processing vortex SCLK 671641441 found at ml index: 1572853
2025-06-19 13:55:24,672 - __main__ - INFO - Processing vortex SCLK 671644549 found at ml index: 1575961
2025-06-19 13:55:24,677 - __main__ - INFO - Processing vortex SCLK 671645443 found at ml index: 1576855
2025-06-19 13:55:24,682 - __main__ - INFO - Processing vortex SCLK 671648210 found at ml index: 1579622
2025-06-19 13:55:24,690 - __main__ - INFO - Processing vortex SCLK 671656101 found at ml index: 1585256
2025-06-19 13:55:24,695 - __main__ - INFO - Processing vortex SCLK 671731643 found at ml index: 1630294
2025-06-19 13:55:24,701 - __main__ - INFO - Processing vortex SCLK 671740824 found at ml index: 1639475
2025-06-19 13:55:24,706 - __main__ - INFO - Processing vortex SCLK 671746873 found at ml index: 1643237
2025-06-19 13:55:24,712 - __main__ - INFO - Processing vortex SCLK 671823162 found at ml index: 1688879
2025-06-19 13:55:24,718 - __main__ - INFO - Processing vortex SCLK 671823654 found at ml index: 1689371
2025-06-19 13:55:24,724 - __main__ - INFO - Processing vortex SCLK 671823993 found at ml index: 1689710
2025-06-19 13:55:24,729 - __main__ - INFO - Processing vortex SCLK 671824646 found at ml index: 1690363
2025-06-19 13:55:24,734 - __main__ - INFO - Processing vortex SCLK 671825542 found at ml index: 1691259
2025-06-19 13:55:24,740 - __main__ - INFO - Processing vortex SCLK 671831605 found at ml index: 1697322
2025-06-19 13:55:24,745 - __main__ - INFO - Processing vortex SCLK 671834757 found at ml index: 1700474
2025-06-19 13:55:24,751 - __main__ - INFO - Processing vortex SCLK 671904824 found at ml index: 1740981
2025-06-19 13:55:24,757 - __main__ - INFO - Processing vortex SCLK 671909321 found at ml index: 1743885
2025-06-19 13:55:24,763 - __main__ - INFO - Processing vortex SCLK 671911350 found at ml index: 1745914
2025-06-19 13:55:24,768 - __main__ - INFO - Processing vortex SCLK 671913231 found at ml index: 1747795
2025-06-19 13:55:24,774 - __main__ - INFO - Processing vortex SCLK 671915681 found at ml index: 1750245
2025-06-19 13:55:24,780 - __main__ - INFO - Processing vortex SCLK 671916470 found at ml index: 1751034
2025-06-19 13:55:24,787 - __main__ - INFO - Processing vortex SCLK 671920779 found at ml index: 1755343
2025-06-19 13:55:24,792 - __main__ - INFO - Processing vortex SCLK 671921784 found at ml index: 1756348
2025-06-19 13:55:24,799 - __main__ - INFO - Processing vortex SCLK 671995990 found at ml index: 1801016
2025-06-19 13:55:24,804 - __main__ - INFO - Processing vortex SCLK 672002175 found at ml index: 1807201
2025-06-19 13:55:24,809 - __main__ - INFO - Processing vortex SCLK 672002362 found at ml index: 1807388
2025-06-19 13:55:24,815 - __main__ - INFO - Processing vortex SCLK 672104482 found at ml index: 1874652
2025-06-19 13:55:24,820 - __main__ - INFO - Processing vortex SCLK 672178090 found at ml index: 1921075
2025-06-19 13:55:24,826 - __main__ - INFO - Processing vortex SCLK 672180689 found at ml index: 1923674
2025-06-19 13:55:24,832 - __main__ - INFO - Processing vortex SCLK 672181444 found at ml index: 1924429
2025-06-19 13:55:24,837 - __main__ - INFO - Processing vortex SCLK 672182115 found at ml index: 1925100
2025-06-19 13:55:24,844 - __main__ - INFO - Processing vortex SCLK 672183596 found at ml index: 1926581
2025-06-19 13:55:24,850 - __main__ - INFO - Processing vortex SCLK 672185170 found at ml index: 1928155
2025-06-19 13:55:24,855 - __main__ - INFO - Processing vortex SCLK 672190662 found at ml index: 1931494
2025-06-19 13:55:24,861 - __main__ - INFO - Processing vortex SCLK 672267244 found at ml index: 1979457
2025-06-19 13:55:24,866 - __main__ - INFO - Processing vortex SCLK 672269283 found at ml index: 1981496
2025-06-19 13:55:24,872 - __main__ - INFO - Processing vortex SCLK 672269792 found at ml index: 1982005
2025-06-19 13:55:24,877 - __main__ - INFO - Processing vortex SCLK 672350659 found at ml index: 2035489
2025-06-19 13:55:24,883 - __main__ - INFO - Processing vortex SCLK 672352068 found at ml index: 2036898
2025-06-19 13:55:24,889 - __main__ - INFO - Processing vortex SCLK 672355502 found at ml index: 2040332
2025-06-19 13:55:24,894 - __main__ - INFO - Processing vortex SCLK 672357238 found at ml index: 2042068
2025-06-19 13:55:24,900 - __main__ - INFO - Processing vortex SCLK 672359382 found at ml index: 2044212
2025-06-19 13:55:24,905 - __main__ - INFO - Processing vortex SCLK 672362559 found at ml index: 2047389
2025-06-19 13:55:24,912 - __main__ - INFO - Processing vortex SCLK 672365510 found at ml index: 2050340
2025-06-19 13:55:24,917 - __main__ - INFO - Processing vortex SCLK 672365820 found at ml index: 2050650
2025-06-19 13:55:24,923 - __main__ - INFO - Processing vortex SCLK 672445220 found at ml index: 2096997
2025-06-19 13:55:24,928 - __main__ - INFO - Processing vortex SCLK 672445462 found at ml index: 2097239
2025-06-19 13:55:24,933 - __main__ - INFO - Processing vortex SCLK 672446338 found at ml index: 2098115
2025-06-19 13:55:24,939 - __main__ - INFO - Processing vortex SCLK 672528720 found at ml index: 2150565
2025-06-19 13:55:24,944 - __main__ - INFO - Processing vortex SCLK 672531916 found at ml index: 2153761
2025-06-19 13:55:24,950 - __main__ - WARNING - SCLK value 672538692 not found in ml data; skipping.
2025-06-19 13:55:24,952 - __main__ - WARNING - SCLK value 672546578 not found in ml data; skipping.
2025-06-19 13:55:24,954 - __main__ - WARNING - SCLK value 672548966 not found in ml data; skipping.
2025-06-19 13:55:24,957 - __main__ - WARNING - SCLK value 672621236 not found in ml data; skipping.
2025-06-19 13:55:24,959 - __main__ - WARNING - SCLK value 672622288 not found in ml data; skipping.
2025-06-19 13:55:24,961 - __main__ - WARNING - SCLK value 672624313 not found in ml data; skipping.
2025-06-19 13:55:24,964 - __main__ - WARNING - SCLK value 672624475 not found in ml data; skipping.
2025-06-19 13:55:24,966 - __main__ - WARNING - SCLK value 672626109 not found in ml data; skipping.
2025-06-19 13:55:24,967 - __main__ - WARNING - SCLK value 672626122 not found in ml data; skipping.
2025-06-19 13:55:24,970 - __main__ - WARNING - SCLK value 672706787 not found in ml data; skipping.
2025-06-19 13:55:24,973 - __main__ - WARNING - SCLK value 672709027 not found in ml data; skipping.
2025-06-19 13:55:24,974 - __main__ - WARNING - SCLK value 672711149 not found in ml data; skipping.
2025-06-19 13:55:24,976 - __main__ - WARNING - SCLK value 672711621 not found in ml data; skipping.
2025-06-19 13:55:24,979 - __main__ - WARNING - SCLK value 672713266 not found in ml data; skipping.
2025-06-19 13:55:24,981 - __main__ - WARNING - SCLK value 672713337 not found in ml data; skipping.
2025-06-19 13:55:24,984 - __main__ - WARNING - SCLK value 672715961 not found in ml data; skipping.
2025-06-19 13:55:24,986 - __main__ - WARNING - SCLK value 672718373 not found in ml data; skipping.
2025-06-19 13:55:24,989 - __main__ - WARNING - SCLK value 672719375 not found in ml data; skipping.
2025-06-19 13:55:24,991 - __main__ - WARNING - SCLK value 672721953 not found in ml data; skipping.
2025-06-19 13:55:24,994 - __main__ - WARNING - SCLK value 672801263 not found in ml data; skipping.
2025-06-19 13:55:24,995 - __main__ - WARNING - SCLK value 672801630 not found in ml data; skipping.
2025-06-19 13:55:24,998 - __main__ - WARNING - SCLK value 672804797 not found in ml data; skipping.
2025-06-19 13:55:25,000 - __main__ - WARNING - SCLK value 672884603 not found in ml data; skipping.
2025-06-19 13:55:25,003 - __main__ - WARNING - SCLK value 672884933 not found in ml data; skipping.
2025-06-19 13:55:25,004 - __main__ - WARNING - SCLK value 672885216 not found in ml data; skipping.
2025-06-19 13:55:25,006 - __main__ - WARNING - SCLK value 672889286 not found in ml data; skipping.
2025-06-19 13:55:25,009 - __main__ - WARNING - SCLK value 672890283 not found in ml data; skipping.
2025-06-19 13:55:25,011 - __main__ - WARNING - SCLK value 672894510 not found in ml data; skipping.
2025-06-19 13:55:25,013 - __main__ - WARNING - SCLK value 672964384 not found in ml data; skipping.
2025-06-19 13:55:25,015 - __main__ - WARNING - SCLK value 672973742 not found in ml data; skipping.
2025-06-19 13:55:25,017 - __main__ - WARNING - SCLK value 672976272 not found in ml data; skipping.
2025-06-19 13:55:25,020 - __main__ - WARNING - SCLK value 672979607 not found in ml data; skipping.
2025-06-19 13:55:25,022 - __main__ - WARNING - SCLK value 672983982 not found in ml data; skipping.
2025-06-19 13:55:25,024 - __main__ - WARNING - SCLK value 672984068 not found in ml data; skipping.
2025-06-19 13:55:25,026 - __main__ - WARNING - SCLK value 672984973 not found in ml data; skipping.
2025-06-19 13:55:25,029 - __main__ - WARNING - SCLK value 672985340 not found in ml data; skipping.
2025-06-19 13:55:25,032 - __main__ - WARNING - SCLK value 673068974 not found in ml data; skipping.
2025-06-19 13:55:25,034 - __main__ - WARNING - SCLK value 673072073 not found in ml data; skipping.
2025-06-19 13:55:25,036 - __main__ - WARNING - SCLK value 673076429 not found in ml data; skipping.
2025-06-19 13:55:25,038 - __main__ - WARNING - SCLK value 673078972 not found in ml data; skipping.
2025-06-19 13:55:25,041 - __main__ - WARNING - SCLK value 673147721 not found in ml data; skipping.
2025-06-19 13:55:25,043 - __main__ - WARNING - SCLK value 673240962 not found in ml data; skipping.
2025-06-19 13:55:25,045 - __main__ - WARNING - SCLK value 673242020 not found in ml data; skipping.
2025-06-19 13:55:25,048 - __main__ - WARNING - SCLK value 673243964 not found in ml data; skipping.
2025-06-19 13:55:25,050 - __main__ - WARNING - SCLK value 673245884 not found in ml data; skipping.
2025-06-19 13:55:25,052 - __main__ - WARNING - SCLK value 673251635 not found in ml data; skipping.
2025-06-19 13:55:25,054 - __main__ - WARNING - SCLK value 673254242 not found in ml data; skipping.
2025-06-19 13:55:25,057 - __main__ - WARNING - SCLK value 673328658 not found in ml data; skipping.
2025-06-19 13:55:25,059 - __main__ - WARNING - SCLK value 673329003 not found in ml data; skipping.
2025-06-19 13:55:25,061 - __main__ - WARNING - SCLK value 673332835 not found in ml data; skipping.
2025-06-19 13:55:25,063 - __main__ - WARNING - SCLK value 673332863 not found in ml data; skipping.
2025-06-19 13:55:25,065 - __main__ - WARNING - SCLK value 673334070 not found in ml data; skipping.
2025-06-19 13:55:25,067 - __main__ - WARNING - SCLK value 673334708 not found in ml data; skipping.
2025-06-19 13:55:25,070 - __main__ - WARNING - SCLK value 673338788 not found in ml data; skipping.
2025-06-19 13:55:25,072 - __main__ - WARNING - SCLK value 673340481 not found in ml data; skipping.
2025-06-19 13:55:25,074 - __main__ - WARNING - SCLK value 673344227 not found in ml data; skipping.
2025-06-19 13:55:25,076 - __main__ - WARNING - SCLK value 673424713 not found in ml data; skipping.
2025-06-19 13:55:25,079 - __main__ - WARNING - SCLK value 673429348 not found in ml data; skipping.
2025-06-19 13:55:25,081 - __main__ - WARNING - SCLK value 673500853 not found in ml data; skipping.
2025-06-19 13:55:25,084 - __main__ - WARNING - SCLK value 673512599 not found in ml data; skipping.
2025-06-19 13:55:25,085 - __main__ - WARNING - SCLK value 673513373 not found in ml data; skipping.
2025-06-19 13:55:25,087 - __main__ - WARNING - SCLK value 673514725 not found in ml data; skipping.
2025-06-19 13:55:25,091 - __main__ - WARNING - SCLK value 673594180 not found in ml data; skipping.
2025-06-19 13:55:25,093 - __main__ - WARNING - SCLK value 673597335 not found in ml data; skipping.
2025-06-19 13:55:25,095 - __main__ - WARNING - SCLK value 673598754 not found in ml data; skipping.
2025-06-19 13:55:25,097 - __main__ - WARNING - SCLK value 673606937 not found in ml data; skipping.
2025-06-19 13:55:25,100 - __main__ - WARNING - SCLK value 673680243 not found in ml data; skipping.
2025-06-19 13:55:25,102 - __main__ - WARNING - SCLK value 673681579 not found in ml data; skipping.
2025-06-19 13:55:25,104 - __main__ - WARNING - SCLK value 673685675 not found in ml data; skipping.
2025-06-19 13:55:25,107 - __main__ - WARNING - SCLK value 673694236 not found in ml data; skipping.
2025-06-19 13:55:25,109 - __main__ - WARNING - SCLK value 673694529 not found in ml data; skipping.
2025-06-19 13:55:25,112 - __main__ - WARNING - SCLK value 673773378 not found in ml data; skipping.
2025-06-19 13:55:25,114 - __main__ - WARNING - SCLK value 673779637 not found in ml data; skipping.
2025-06-19 13:55:25,115 - __main__ - WARNING - SCLK value 673781075 not found in ml data; skipping.
2025-06-19 13:55:25,118 - __main__ - WARNING - SCLK value 673858855 not found in ml data; skipping.
2025-06-19 13:55:25,120 - __main__ - WARNING - SCLK value 673863604 not found in ml data; skipping.
2025-06-19 13:55:25,123 - __main__ - WARNING - SCLK value 673865805 not found in ml data; skipping.
2025-06-19 13:55:25,124 - __main__ - WARNING - SCLK value 673874053 not found in ml data; skipping.
2025-06-19 13:55:25,127 - __main__ - WARNING - SCLK value 673948338 not found in ml data; skipping.
2025-06-19 13:55:25,129 - __main__ - WARNING - SCLK value 673951488 not found in ml data; skipping.
2025-06-19 13:55:25,132 - __main__ - WARNING - SCLK value 673955512 not found in ml data; skipping.
2025-06-19 13:55:25,134 - __main__ - WARNING - SCLK value 673958960 not found in ml data; skipping.
2025-06-19 13:55:25,136 - __main__ - WARNING - SCLK value 674041445 not found in ml data; skipping.
2025-06-19 13:55:25,139 - __main__ - WARNING - SCLK value 674042999 not found in ml data; skipping.
2025-06-19 13:55:25,141 - __main__ - WARNING - SCLK value 674044064 not found in ml data; skipping.
2025-06-19 13:55:25,144 - __main__ - WARNING - SCLK value 674051268 not found in ml data; skipping.
2025-06-19 13:55:25,145 - __main__ - WARNING - SCLK value 674056174 not found in ml data; skipping.
2025-06-19 13:55:25,148 - __main__ - WARNING - SCLK value 674122081 not found in ml data; skipping.
2025-06-19 13:55:25,150 - __main__ - WARNING - SCLK value 674128125 not found in ml data; skipping.
2025-06-19 13:55:25,152 - __main__ - WARNING - SCLK value 674128981 not found in ml data; skipping.
2025-06-19 13:55:25,154 - __main__ - WARNING - SCLK value 674133319 not found in ml data; skipping.
2025-06-19 13:55:25,156 - __main__ - WARNING - SCLK value 674140571 not found in ml data; skipping.
2025-06-19 13:55:25,159 - __main__ - WARNING - SCLK value 674213517 not found in ml data; skipping.
2025-06-19 13:55:25,161 - __main__ - WARNING - SCLK value 674218894 not found in ml data; skipping.
2025-06-19 13:55:25,164 - __main__ - WARNING - SCLK value 674228677 not found in ml data; skipping.
2025-06-19 13:55:25,166 - __main__ - WARNING - SCLK value 674304877 not found in ml data; skipping.
2025-06-19 13:55:25,168 - __main__ - WARNING - SCLK value 674307030 not found in ml data; skipping.
2025-06-19 13:55:25,171 - __main__ - WARNING - SCLK value 674307104 not found in ml data; skipping.
2025-06-19 13:55:25,173 - __main__ - WARNING - SCLK value 674317907 not found in ml data; skipping.
2025-06-19 13:55:25,175 - __main__ - WARNING - SCLK value 674398187 not found in ml data; skipping.
2025-06-19 13:55:25,177 - __main__ - WARNING - SCLK value 674410494 not found in ml data; skipping.
2025-06-19 13:55:25,180 - __main__ - WARNING - SCLK value 674482627 not found in ml data; skipping.
2025-06-19 13:55:25,182 - __main__ - WARNING - SCLK value 674483906 not found in ml data; skipping.
2025-06-19 13:55:25,184 - __main__ - WARNING - SCLK value 674484439 not found in ml data; skipping.
2025-06-19 13:55:25,187 - __main__ - WARNING - SCLK value 674491238 not found in ml data; skipping.
2025-06-19 13:55:25,189 - __main__ - WARNING - SCLK value 674492008 not found in ml data; skipping.
2025-06-19 13:55:25,191 - __main__ - WARNING - SCLK value 674497424 not found in ml data; skipping.
2025-06-19 13:55:25,194 - __main__ - WARNING - SCLK value 674498121 not found in ml data; skipping.
2025-06-19 13:55:25,197 - __main__ - WARNING - SCLK value 674568708 not found in ml data; skipping.
2025-06-19 13:55:25,199 - __main__ - WARNING - SCLK value 674573756 not found in ml data; skipping.
2025-06-19 13:55:25,201 - __main__ - WARNING - SCLK value 674575721 not found in ml data; skipping.
2025-06-19 13:55:25,203 - __main__ - WARNING - SCLK value 674582484 not found in ml data; skipping.
2025-06-19 13:55:25,206 - __main__ - WARNING - SCLK value 674666247 not found in ml data; skipping.
2025-06-19 13:55:25,207 - __main__ - WARNING - SCLK value 674666809 not found in ml data; skipping.
2025-06-19 13:55:25,211 - __main__ - WARNING - SCLK value 674667232 not found in ml data; skipping.
2025-06-19 13:55:25,213 - __main__ - WARNING - SCLK value 674669243 not found in ml data; skipping.
2025-06-19 13:55:25,215 - __main__ - WARNING - SCLK value 674751396 not found in ml data; skipping.
2025-06-19 13:55:25,217 - __main__ - WARNING - SCLK value 674837510 not found in ml data; skipping.
2025-06-19 13:55:25,220 - __main__ - WARNING - SCLK value 674845274 not found in ml data; skipping.
2025-06-19 13:55:25,222 - __main__ - WARNING - SCLK value 674846962 not found in ml data; skipping.
2025-06-19 13:55:25,224 - __main__ - WARNING - SCLK value 674850855 not found in ml data; skipping.
2025-06-19 13:55:25,232 - __main__ - INFO - Processing validation data around vortex events...
2025-06-19 13:55:25,233 - __main__ - WARNING - SCLK value 668288145 not found in ml data; skipping.
2025-06-19 13:55:25,234 - __main__ - WARNING - SCLK value 668288356 not found in ml data; skipping.
2025-06-19 13:55:25,235 - __main__ - WARNING - SCLK value 668363851 not found in ml data; skipping.
2025-06-19 13:55:25,235 - __main__ - WARNING - SCLK value 668370696 not found in ml data; skipping.
2025-06-19 13:55:25,236 - __main__ - WARNING - SCLK value 668373458 not found in ml data; skipping.
2025-06-19 13:55:25,237 - __main__ - WARNING - SCLK value 668450709 not found in ml data; skipping.
2025-06-19 13:55:25,237 - __main__ - WARNING - SCLK value 668451679 not found in ml data; skipping.
2025-06-19 13:55:25,239 - __main__ - WARNING - SCLK value 668465594 not found in ml data; skipping.
2025-06-19 13:55:25,240 - __main__ - WARNING - SCLK value 668471362 not found in ml data; skipping.
2025-06-19 13:55:25,240 - __main__ - WARNING - SCLK value 668534767 not found in ml data; skipping.
2025-06-19 13:55:25,241 - __main__ - WARNING - SCLK value 668540964 not found in ml data; skipping.
2025-06-19 13:55:25,242 - __main__ - WARNING - SCLK value 668541515 not found in ml data; skipping.
2025-06-19 13:55:25,243 - __main__ - WARNING - SCLK value 668542064 not found in ml data; skipping.
2025-06-19 13:55:25,244 - __main__ - WARNING - SCLK value 668542340 not found in ml data; skipping.
2025-06-19 13:55:25,244 - __main__ - WARNING - SCLK value 668551101 not found in ml data; skipping.
2025-06-19 13:55:25,244 - __main__ - WARNING - SCLK value 668555682 not found in ml data; skipping.
2025-06-19 13:55:25,245 - __main__ - WARNING - SCLK value 668556124 not found in ml data; skipping.
2025-06-19 13:55:25,246 - __main__ - WARNING - SCLK value 668557517 not found in ml data; skipping.
2025-06-19 13:55:25,247 - __main__ - WARNING - SCLK value 668716847 not found in ml data; skipping.
2025-06-19 13:55:25,247 - __main__ - WARNING - SCLK value 668723694 not found in ml data; skipping.
2025-06-19 13:55:25,249 - __main__ - WARNING - SCLK value 668801790 not found in ml data; skipping.
2025-06-19 13:55:25,250 - __main__ - WARNING - SCLK value 668808927 not found in ml data; skipping.
2025-06-19 13:55:25,251 - __main__ - WARNING - SCLK value 668810541 not found in ml data; skipping.
2025-06-19 13:55:25,251 - __main__ - WARNING - SCLK value 668811652 not found in ml data; skipping.
2025-06-19 13:55:25,255 - __main__ - WARNING - SCLK value 668816129 not found in ml data; skipping.
2025-06-19 13:55:25,257 - __main__ - WARNING - SCLK value 669426485 not found in ml data; skipping.
2025-06-19 13:55:25,260 - __main__ - WARNING - SCLK value 669427340 not found in ml data; skipping.
2025-06-19 13:55:25,261 - __main__ - WARNING - SCLK value 669434405 not found in ml data; skipping.
2025-06-19 13:55:25,263 - __main__ - WARNING - SCLK value 669434703 not found in ml data; skipping.
2025-06-19 13:55:25,264 - __main__ - WARNING - SCLK value 669518763 not found in ml data; skipping.
2025-06-19 13:55:25,264 - __main__ - WARNING - SCLK value 669519478 not found in ml data; skipping.
2025-06-19 13:55:25,265 - __main__ - WARNING - SCLK value 669531860 not found in ml data; skipping.
2025-06-19 13:55:25,266 - __main__ - WARNING - SCLK value 669626803 not found in ml data; skipping.
2025-06-19 13:55:25,267 - __main__ - WARNING - SCLK value 669688619 not found in ml data; skipping.
2025-06-19 13:55:25,268 - __main__ - WARNING - SCLK value 669690018 not found in ml data; skipping.
2025-06-19 13:55:25,269 - __main__ - WARNING - SCLK value 669690620 not found in ml data; skipping.
2025-06-19 13:55:25,271 - __main__ - WARNING - SCLK value 669704197 not found in ml data; skipping.
2025-06-19 13:55:25,272 - __main__ - WARNING - SCLK value 669779409 not found in ml data; skipping.
2025-06-19 13:55:25,274 - __main__ - WARNING - SCLK value 669780445 not found in ml data; skipping.
2025-06-19 13:55:25,275 - __main__ - WARNING - SCLK value 669787866 not found in ml data; skipping.
2025-06-19 13:55:25,277 - __main__ - WARNING - SCLK value 669787881 not found in ml data; skipping.
2025-06-19 13:55:25,279 - __main__ - WARNING - SCLK value 669870405 not found in ml data; skipping.
2025-06-19 13:55:25,280 - __main__ - WARNING - SCLK value 669873580 not found in ml data; skipping.
2025-06-19 13:55:25,282 - __main__ - WARNING - SCLK value 669882031 not found in ml data; skipping.
2025-06-19 13:55:25,284 - __main__ - WARNING - SCLK value 669886865 not found in ml data; skipping.
2025-06-19 13:55:25,286 - __main__ - WARNING - SCLK value 669958088 not found in ml data; skipping.
2025-06-19 13:55:25,287 - __main__ - WARNING - SCLK value 669959376 not found in ml data; skipping.
2025-06-19 13:55:25,289 - __main__ - WARNING - SCLK value 669959712 not found in ml data; skipping.
2025-06-19 13:55:25,290 - __main__ - WARNING - SCLK value 669960008 not found in ml data; skipping.
2025-06-19 13:55:25,291 - __main__ - WARNING - SCLK value 669960347 not found in ml data; skipping.
2025-06-19 13:55:25,292 - __main__ - WARNING - SCLK value 669962940 not found in ml data; skipping.
2025-06-19 13:55:25,293 - __main__ - WARNING - SCLK value 669964312 not found in ml data; skipping.
2025-06-19 13:55:25,293 - __main__ - WARNING - SCLK value 669965150 not found in ml data; skipping.
2025-06-19 13:55:25,294 - __main__ - WARNING - SCLK value 669971696 not found in ml data; skipping.
2025-06-19 13:55:25,294 - __main__ - WARNING - SCLK value 670046942 not found in ml data; skipping.
2025-06-19 13:55:25,295 - __main__ - WARNING - SCLK value 670047546 not found in ml data; skipping.
2025-06-19 13:55:25,296 - __main__ - WARNING - SCLK value 670055611 not found in ml data; skipping.
2025-06-19 13:55:25,297 - __main__ - WARNING - SCLK value 670129653 not found in ml data; skipping.
2025-06-19 13:55:25,298 - __main__ - WARNING - SCLK value 670136668 not found in ml data; skipping.
2025-06-19 13:55:25,298 - __main__ - WARNING - SCLK value 670138695 not found in ml data; skipping.
2025-06-19 13:55:25,299 - __main__ - WARNING - SCLK value 670225439 not found in ml data; skipping.
2025-06-19 13:55:25,300 - __main__ - WARNING - SCLK value 670232335 not found in ml data; skipping.
2025-06-19 13:55:25,300 - __main__ - WARNING - SCLK value 670232986 not found in ml data; skipping.
2025-06-19 13:55:25,301 - __main__ - WARNING - SCLK value 670233871 not found in ml data; skipping.
2025-06-19 13:55:25,303 - __main__ - WARNING - SCLK value 670313772 not found in ml data; skipping.
2025-06-19 13:55:25,305 - __main__ - WARNING - SCLK value 670315385 not found in ml data; skipping.
2025-06-19 13:55:25,306 - __main__ - WARNING - SCLK value 670317790 not found in ml data; skipping.
2025-06-19 13:55:25,308 - __main__ - WARNING - SCLK value 670321691 not found in ml data; skipping.
2025-06-19 13:55:25,310 - __main__ - WARNING - SCLK value 670325686 not found in ml data; skipping.
2025-06-19 13:55:25,311 - __main__ - WARNING - SCLK value 670329256 not found in ml data; skipping.
2025-06-19 13:55:25,312 - __main__ - WARNING - SCLK value 670398725 not found in ml data; skipping.
2025-06-19 13:55:25,313 - __main__ - WARNING - SCLK value 670402854 not found in ml data; skipping.
2025-06-19 13:55:25,313 - __main__ - WARNING - SCLK value 670403870 not found in ml data; skipping.
2025-06-19 13:55:25,314 - __main__ - WARNING - SCLK value 670409834 not found in ml data; skipping.
2025-06-19 13:55:25,315 - __main__ - WARNING - SCLK value 670412275 not found in ml data; skipping.
2025-06-19 13:55:25,316 - __main__ - WARNING - SCLK value 670412326 not found in ml data; skipping.
2025-06-19 13:55:25,317 - __main__ - WARNING - SCLK value 670578458 not found in ml data; skipping.
2025-06-19 13:55:25,318 - __main__ - WARNING - SCLK value 670580613 not found in ml data; skipping.
2025-06-19 13:55:25,319 - __main__ - WARNING - SCLK value 670584569 not found in ml data; skipping.
2025-06-19 13:55:25,320 - __main__ - WARNING - SCLK value 670584657 not found in ml data; skipping.
2025-06-19 13:55:25,321 - __main__ - WARNING - SCLK value 670587674 not found in ml data; skipping.
2025-06-19 13:55:25,322 - __main__ - WARNING - SCLK value 670594461 not found in ml data; skipping.
2025-06-19 13:55:25,322 - __main__ - WARNING - SCLK value 670841835 not found in ml data; skipping.
2025-06-19 13:55:25,323 - __main__ - WARNING - SCLK value 670842459 not found in ml data; skipping.
2025-06-19 13:55:25,324 - __main__ - WARNING - SCLK value 670849047 not found in ml data; skipping.
2025-06-19 13:55:25,324 - __main__ - WARNING - SCLK value 670852738 not found in ml data; skipping.
2025-06-19 13:55:25,326 - __main__ - WARNING - SCLK value 670856365 not found in ml data; skipping.
2025-06-19 13:55:25,327 - __main__ - WARNING - SCLK value 670859755 not found in ml data; skipping.
2025-06-19 13:55:25,328 - __main__ - WARNING - SCLK value 670870370 not found in ml data; skipping.
2025-06-19 13:55:25,328 - __main__ - WARNING - SCLK value 670929808 not found in ml data; skipping.
2025-06-19 13:55:25,329 - __main__ - WARNING - SCLK value 670930554 not found in ml data; skipping.
2025-06-19 13:55:25,329 - __main__ - WARNING - SCLK value 670933108 not found in ml data; skipping.
2025-06-19 13:55:25,330 - __main__ - WARNING - SCLK value 670934582 not found in ml data; skipping.
2025-06-19 13:55:25,331 - __main__ - WARNING - SCLK value 670938327 not found in ml data; skipping.
2025-06-19 13:55:25,331 - __main__ - WARNING - SCLK value 670938389 not found in ml data; skipping.
2025-06-19 13:55:25,332 - __main__ - WARNING - SCLK value 670940703 not found in ml data; skipping.
2025-06-19 13:55:25,333 - __main__ - WARNING - SCLK value 670945386 not found in ml data; skipping.
2025-06-19 13:55:25,334 - __main__ - WARNING - SCLK value 670961352 not found in ml data; skipping.
2025-06-19 13:55:25,334 - __main__ - WARNING - SCLK value 671024106 not found in ml data; skipping.
2025-06-19 13:55:25,335 - __main__ - WARNING - SCLK value 671027864 not found in ml data; skipping.
2025-06-19 13:55:25,336 - __main__ - WARNING - SCLK value 671027972 not found in ml data; skipping.
2025-06-19 13:55:25,337 - __main__ - WARNING - SCLK value 671033906 not found in ml data; skipping.
2025-06-19 13:55:25,337 - __main__ - WARNING - SCLK value 671039200 not found in ml data; skipping.
2025-06-19 13:55:25,337 - __main__ - WARNING - SCLK value 671109364 not found in ml data; skipping.
2025-06-19 13:55:25,339 - __main__ - WARNING - SCLK value 671113914 not found in ml data; skipping.
2025-06-19 13:55:25,340 - __main__ - WARNING - SCLK value 671114679 not found in ml data; skipping.
2025-06-19 13:55:25,341 - __main__ - WARNING - SCLK value 671115255 not found in ml data; skipping.
2025-06-19 13:55:25,342 - __main__ - WARNING - SCLK value 671115289 not found in ml data; skipping.
2025-06-19 13:55:25,343 - __main__ - WARNING - SCLK value 671120289 not found in ml data; skipping.
2025-06-19 13:55:25,343 - __main__ - WARNING - SCLK value 671126006 not found in ml data; skipping.
2025-06-19 13:55:25,344 - __main__ - WARNING - SCLK value 671126607 not found in ml data; skipping.
2025-06-19 13:55:25,344 - __main__ - WARNING - SCLK value 671127245 not found in ml data; skipping.
2025-06-19 13:55:25,345 - __main__ - WARNING - SCLK value 671139428 not found in ml data; skipping.
2025-06-19 13:55:25,346 - __main__ - WARNING - SCLK value 671204280 not found in ml data; skipping.
2025-06-19 13:55:25,347 - __main__ - WARNING - SCLK value 671213291 not found in ml data; skipping.
2025-06-19 13:55:25,347 - __main__ - WARNING - SCLK value 671214052 not found in ml data; skipping.
2025-06-19 13:55:25,347 - __main__ - WARNING - SCLK value 671224977 not found in ml data; skipping.
2025-06-19 13:55:25,349 - __main__ - WARNING - SCLK value 671291649 not found in ml data; skipping.
2025-06-19 13:55:25,350 - __main__ - WARNING - SCLK value 671294608 not found in ml data; skipping.
2025-06-19 13:55:25,350 - __main__ - WARNING - SCLK value 671302478 not found in ml data; skipping.
2025-06-19 13:55:25,351 - __main__ - WARNING - SCLK value 671302909 not found in ml data; skipping.
2025-06-19 13:55:25,352 - __main__ - WARNING - SCLK value 671308300 not found in ml data; skipping.
2025-06-19 13:55:25,352 - __main__ - WARNING - SCLK value 671376036 not found in ml data; skipping.
2025-06-19 13:55:25,353 - __main__ - WARNING - SCLK value 671376059 not found in ml data; skipping.
2025-06-19 13:55:25,354 - __main__ - WARNING - SCLK value 671376348 not found in ml data; skipping.
2025-06-19 13:55:25,355 - __main__ - WARNING - SCLK value 671376844 not found in ml data; skipping.
2025-06-19 13:55:25,355 - __main__ - WARNING - SCLK value 671377912 not found in ml data; skipping.
2025-06-19 13:55:25,356 - __main__ - WARNING - SCLK value 671379183 not found in ml data; skipping.
2025-06-19 13:55:25,357 - __main__ - WARNING - SCLK value 671384112 not found in ml data; skipping.
2025-06-19 13:55:25,357 - __main__ - WARNING - SCLK value 671391076 not found in ml data; skipping.
2025-06-19 13:55:25,359 - __main__ - WARNING - SCLK value 671395245 not found in ml data; skipping.
2025-06-19 13:55:25,360 - __main__ - WARNING - SCLK value 671466934 not found in ml data; skipping.
2025-06-19 13:55:25,360 - __main__ - WARNING - SCLK value 671468200 not found in ml data; skipping.
2025-06-19 13:55:25,361 - __main__ - WARNING - SCLK value 671559311 not found in ml data; skipping.
2025-06-19 13:55:25,362 - __main__ - WARNING - SCLK value 671560213 not found in ml data; skipping.
2025-06-19 13:55:25,363 - __main__ - WARNING - SCLK value 671561065 not found in ml data; skipping.
2025-06-19 13:55:25,364 - __main__ - WARNING - SCLK value 671563881 not found in ml data; skipping.
2025-06-19 13:55:25,364 - __main__ - WARNING - SCLK value 671570327 not found in ml data; skipping.
2025-06-19 13:55:25,364 - __main__ - WARNING - SCLK value 671641441 not found in ml data; skipping.
2025-06-19 13:55:25,365 - __main__ - WARNING - SCLK value 671644549 not found in ml data; skipping.
2025-06-19 13:55:25,366 - __main__ - WARNING - SCLK value 671645443 not found in ml data; skipping.
2025-06-19 13:55:25,367 - __main__ - WARNING - SCLK value 671648210 not found in ml data; skipping.
2025-06-19 13:55:25,367 - __main__ - WARNING - SCLK value 671656101 not found in ml data; skipping.
2025-06-19 13:55:25,369 - __main__ - WARNING - SCLK value 671731643 not found in ml data; skipping.
2025-06-19 13:55:25,370 - __main__ - WARNING - SCLK value 671740824 not found in ml data; skipping.
2025-06-19 13:55:25,370 - __main__ - WARNING - SCLK value 671746873 not found in ml data; skipping.
2025-06-19 13:55:25,371 - __main__ - WARNING - SCLK value 671823162 not found in ml data; skipping.
2025-06-19 13:55:25,372 - __main__ - WARNING - SCLK value 671823654 not found in ml data; skipping.
2025-06-19 13:55:25,372 - __main__ - WARNING - SCLK value 671823993 not found in ml data; skipping.
2025-06-19 13:55:25,373 - __main__ - WARNING - SCLK value 671824646 not found in ml data; skipping.
2025-06-19 13:55:25,374 - __main__ - WARNING - SCLK value 671825542 not found in ml data; skipping.
2025-06-19 13:55:25,375 - __main__ - WARNING - SCLK value 671831605 not found in ml data; skipping.
2025-06-19 13:55:25,375 - __main__ - WARNING - SCLK value 671834757 not found in ml data; skipping.
2025-06-19 13:55:25,376 - __main__ - WARNING - SCLK value 671904824 not found in ml data; skipping.
2025-06-19 13:55:25,377 - __main__ - WARNING - SCLK value 671909321 not found in ml data; skipping.
2025-06-19 13:55:25,377 - __main__ - WARNING - SCLK value 671911350 not found in ml data; skipping.
2025-06-19 13:55:25,379 - __main__ - WARNING - SCLK value 671913231 not found in ml data; skipping.
2025-06-19 13:55:25,379 - __main__ - WARNING - SCLK value 671915681 not found in ml data; skipping.
2025-06-19 13:55:25,380 - __main__ - WARNING - SCLK value 671916470 not found in ml data; skipping.
2025-06-19 13:55:25,381 - __main__ - WARNING - SCLK value 671920779 not found in ml data; skipping.
2025-06-19 13:55:25,382 - __main__ - WARNING - SCLK value 671921784 not found in ml data; skipping.
2025-06-19 13:55:25,382 - __main__ - WARNING - SCLK value 671995990 not found in ml data; skipping.
2025-06-19 13:55:25,383 - __main__ - WARNING - SCLK value 672002175 not found in ml data; skipping.
2025-06-19 13:55:25,384 - __main__ - WARNING - SCLK value 672002362 not found in ml data; skipping.
2025-06-19 13:55:25,384 - __main__ - WARNING - SCLK value 672104482 not found in ml data; skipping.
2025-06-19 13:55:25,385 - __main__ - WARNING - SCLK value 672178090 not found in ml data; skipping.
2025-06-19 13:55:25,385 - __main__ - WARNING - SCLK value 672180689 not found in ml data; skipping.
2025-06-19 13:55:25,386 - __main__ - WARNING - SCLK value 672181444 not found in ml data; skipping.
2025-06-19 13:55:25,387 - __main__ - WARNING - SCLK value 672182115 not found in ml data; skipping.
2025-06-19 13:55:25,388 - __main__ - WARNING - SCLK value 672183596 not found in ml data; skipping.
2025-06-19 13:55:25,389 - __main__ - WARNING - SCLK value 672185170 not found in ml data; skipping.
2025-06-19 13:55:25,390 - __main__ - WARNING - SCLK value 672190662 not found in ml data; skipping.
2025-06-19 13:55:25,391 - __main__ - WARNING - SCLK value 672267244 not found in ml data; skipping.
2025-06-19 13:55:25,391 - __main__ - WARNING - SCLK value 672269283 not found in ml data; skipping.
2025-06-19 13:55:25,392 - __main__ - WARNING - SCLK value 672269792 not found in ml data; skipping.
2025-06-19 13:55:25,393 - __main__ - WARNING - SCLK value 672350659 not found in ml data; skipping.
2025-06-19 13:55:25,393 - __main__ - WARNING - SCLK value 672352068 not found in ml data; skipping.
2025-06-19 13:55:25,394 - __main__ - WARNING - SCLK value 672355502 not found in ml data; skipping.
2025-06-19 13:55:25,395 - __main__ - WARNING - SCLK value 672357238 not found in ml data; skipping.
2025-06-19 13:55:25,396 - __main__ - WARNING - SCLK value 672359382 not found in ml data; skipping.
2025-06-19 13:55:25,397 - __main__ - WARNING - SCLK value 672362559 not found in ml data; skipping.
2025-06-19 13:55:25,397 - __main__ - WARNING - SCLK value 672365510 not found in ml data; skipping.
2025-06-19 13:55:25,398 - __main__ - WARNING - SCLK value 672365820 not found in ml data; skipping.
2025-06-19 13:55:25,398 - __main__ - WARNING - SCLK value 672445220 not found in ml data; skipping.
2025-06-19 13:55:25,399 - __main__ - WARNING - SCLK value 672445462 not found in ml data; skipping.
2025-06-19 13:55:25,400 - __main__ - WARNING - SCLK value 672446338 not found in ml data; skipping.
2025-06-19 13:55:25,400 - __main__ - WARNING - SCLK value 672528720 not found in ml data; skipping.
2025-06-19 13:55:25,401 - __main__ - WARNING - SCLK value 672531916 not found in ml data; skipping.
2025-06-19 13:55:25,402 - __main__ - INFO - Processing vortex SCLK 672538692 found at ml index: 2160537
2025-06-19 13:55:25,403 - __main__ - INFO - Processing vortex SCLK 672546578 found at ml index: 2165928
2025-06-19 13:55:25,405 - __main__ - INFO - Processing vortex SCLK 672548966 found at ml index: 2168316
2025-06-19 13:55:25,406 - __main__ - INFO - Processing vortex SCLK 672621236 found at ml index: 2212733
2025-06-19 13:55:25,407 - __main__ - INFO - Processing vortex SCLK 672622288 found at ml index: 2213785
2025-06-19 13:55:25,409 - __main__ - INFO - Processing vortex SCLK 672624313 found at ml index: 2215810
2025-06-19 13:55:25,410 - __main__ - INFO - Processing vortex SCLK 672624475 found at ml index: 2215972
2025-06-19 13:55:25,411 - __main__ - INFO - Processing vortex SCLK 672626109 found at ml index: 2217606
2025-06-19 13:55:25,412 - __main__ - INFO - Processing vortex SCLK 672626122 found at ml index: 2217619
2025-06-19 13:55:25,413 - __main__ - INFO - Processing vortex SCLK 672706787 found at ml index: 2270942
2025-06-19 13:55:25,414 - __main__ - INFO - Processing vortex SCLK 672709027 found at ml index: 2273182
2025-06-19 13:55:25,415 - __main__ - INFO - Processing vortex SCLK 672711149 found at ml index: 2275304
2025-06-19 13:55:25,417 - __main__ - INFO - Processing vortex SCLK 672711621 found at ml index: 2275776
2025-06-19 13:55:25,418 - __main__ - INFO - Processing vortex SCLK 672713266 found at ml index: 2277421
2025-06-19 13:55:25,419 - __main__ - INFO - Processing vortex SCLK 672713337 found at ml index: 2277492
2025-06-19 13:55:25,420 - __main__ - INFO - Processing vortex SCLK 672715961 found at ml index: 2280116
2025-06-19 13:55:25,422 - __main__ - INFO - Processing vortex SCLK 672718373 found at ml index: 2282528
2025-06-19 13:55:25,423 - __main__ - INFO - Processing vortex SCLK 672719375 found at ml index: 2283530
2025-06-19 13:55:25,424 - __main__ - INFO - Processing vortex SCLK 672721953 found at ml index: 2286108
2025-06-19 13:55:25,425 - __main__ - INFO - Processing vortex SCLK 672801263 found at ml index: 2334241
2025-06-19 13:55:25,426 - __main__ - INFO - Processing vortex SCLK 672801630 found at ml index: 2334608
2025-06-19 13:55:25,427 - __main__ - INFO - Processing vortex SCLK 672804797 found at ml index: 2337775
2025-06-19 13:55:25,429 - __main__ - INFO - Processing vortex SCLK 672884603 found at ml index: 2387935
2025-06-19 13:55:25,431 - __main__ - INFO - Processing vortex SCLK 672884933 found at ml index: 2388265
2025-06-19 13:55:25,432 - __main__ - INFO - Processing vortex SCLK 672885216 found at ml index: 2388548
2025-06-19 13:55:25,433 - __main__ - INFO - Processing vortex SCLK 672889286 found at ml index: 2392618
2025-06-19 13:55:25,434 - __main__ - INFO - Processing vortex SCLK 672890283 found at ml index: 2393615
2025-06-19 13:55:25,434 - __main__ - INFO - Processing vortex SCLK 672894510 found at ml index: 2397842
2025-06-19 13:55:25,436 - __main__ - INFO - Processing vortex SCLK 672964384 found at ml index: 2443850
2025-06-19 13:55:25,437 - __main__ - INFO - Processing vortex SCLK 672973742 found at ml index: 2448162
2025-06-19 13:55:25,439 - __main__ - INFO - Processing vortex SCLK 672976272 found at ml index: 2450692
2025-06-19 13:55:25,440 - __main__ - INFO - Processing vortex SCLK 672979607 found at ml index: 2454027
2025-06-19 13:55:25,441 - __main__ - INFO - Processing vortex SCLK 672983982 found at ml index: 2458402
2025-06-19 13:55:25,442 - __main__ - INFO - Processing vortex SCLK 672984068 found at ml index: 2458488
2025-06-19 13:55:25,443 - __main__ - INFO - Processing vortex SCLK 672984973 found at ml index: 2459393
2025-06-19 13:55:25,444 - __main__ - INFO - Processing vortex SCLK 672985340 found at ml index: 2459760
2025-06-19 13:55:25,446 - __main__ - INFO - Processing vortex SCLK 673068974 found at ml index: 2512676
2025-06-19 13:55:25,447 - __main__ - INFO - Processing vortex SCLK 673072073 found at ml index: 2515775
2025-06-19 13:55:25,448 - __main__ - INFO - Processing vortex SCLK 673076429 found at ml index: 2518680
2025-06-19 13:55:25,449 - __main__ - INFO - Processing vortex SCLK 673078972 found at ml index: 2521223
2025-06-19 13:55:25,449 - __main__ - INFO - Processing vortex SCLK 673147721 found at ml index: 2565489
2025-06-19 13:55:25,451 - __main__ - INFO - Processing vortex SCLK 673240962 found at ml index: 2629833
2025-06-19 13:55:25,452 - __main__ - INFO - Processing vortex SCLK 673242020 found at ml index: 2630891
2025-06-19 13:55:25,454 - __main__ - INFO - Processing vortex SCLK 673243964 found at ml index: 2632835
2025-06-19 13:55:25,454 - __main__ - INFO - Processing vortex SCLK 673245884 found at ml index: 2634755
2025-06-19 13:55:25,455 - __main__ - INFO - Processing vortex SCLK 673251635 found at ml index: 2640506
2025-06-19 13:55:25,456 - __main__ - INFO - Processing vortex SCLK 673254242 found at ml index: 2643113
2025-06-19 13:55:25,457 - __main__ - INFO - Processing vortex SCLK 673328658 found at ml index: 2691425
2025-06-19 13:55:25,459 - __main__ - INFO - Processing vortex SCLK 673329003 found at ml index: 2691770
2025-06-19 13:55:25,460 - __main__ - INFO - Processing vortex SCLK 673332835 found at ml index: 2695602
2025-06-19 13:55:25,461 - __main__ - INFO - Processing vortex SCLK 673332863 found at ml index: 2695630
2025-06-19 13:55:25,462 - __main__ - INFO - Processing vortex SCLK 673334070 found at ml index: 2696837
2025-06-19 13:55:25,463 - __main__ - INFO - Processing vortex SCLK 673334708 found at ml index: 2697475
2025-06-19 13:55:25,464 - __main__ - INFO - Processing vortex SCLK 673338788 found at ml index: 2701555
2025-06-19 13:55:25,465 - __main__ - INFO - Processing vortex SCLK 673340481 found at ml index: 2703248
2025-06-19 13:55:25,466 - __main__ - INFO - Processing vortex SCLK 673344227 found at ml index: 2706994
2025-06-19 13:55:25,467 - __main__ - INFO - Processing vortex SCLK 673424713 found at ml index: 2760219
2025-06-19 13:55:25,469 - __main__ - INFO - Processing vortex SCLK 673429348 found at ml index: 2764854
2025-06-19 13:55:25,470 - __main__ - INFO - Processing vortex SCLK 673500853 found at ml index: 2811671
2025-06-19 13:55:25,472 - __main__ - INFO - Processing vortex SCLK 673512599 found at ml index: 2821820
2025-06-19 13:55:25,473 - __main__ - INFO - Processing vortex SCLK 673513373 found at ml index: 2822594
2025-06-19 13:55:25,474 - __main__ - INFO - Processing vortex SCLK 673514725 found at ml index: 2823946
2025-06-19 13:55:25,475 - __main__ - INFO - Processing vortex SCLK 673594180 found at ml index: 2868616
2025-06-19 13:55:25,476 - __main__ - INFO - Processing vortex SCLK 673597335 found at ml index: 2871771
2025-06-19 13:55:25,477 - __main__ - WARNING - SCLK value 673598754 not found in ml data; skipping.
2025-06-19 13:55:25,477 - __main__ - WARNING - SCLK value 673606937 not found in ml data; skipping.
2025-06-19 13:55:25,479 - __main__ - WARNING - SCLK value 673680243 not found in ml data; skipping.
2025-06-19 13:55:25,480 - __main__ - WARNING - SCLK value 673681579 not found in ml data; skipping.
2025-06-19 13:55:25,480 - __main__ - WARNING - SCLK value 673685675 not found in ml data; skipping.
2025-06-19 13:55:25,481 - __main__ - WARNING - SCLK value 673694236 not found in ml data; skipping.
2025-06-19 13:55:25,482 - __main__ - WARNING - SCLK value 673694529 not found in ml data; skipping.
2025-06-19 13:55:25,483 - __main__ - WARNING - SCLK value 673773378 not found in ml data; skipping.
2025-06-19 13:55:25,483 - __main__ - WARNING - SCLK value 673779637 not found in ml data; skipping.
2025-06-19 13:55:25,484 - __main__ - WARNING - SCLK value 673781075 not found in ml data; skipping.
2025-06-19 13:55:25,484 - __main__ - WARNING - SCLK value 673858855 not found in ml data; skipping.
2025-06-19 13:55:25,485 - __main__ - WARNING - SCLK value 673863604 not found in ml data; skipping.
2025-06-19 13:55:25,486 - __main__ - WARNING - SCLK value 673865805 not found in ml data; skipping.
2025-06-19 13:55:25,487 - __main__ - WARNING - SCLK value 673874053 not found in ml data; skipping.
2025-06-19 13:55:25,488 - __main__ - WARNING - SCLK value 673948338 not found in ml data; skipping.
2025-06-19 13:55:25,489 - __main__ - WARNING - SCLK value 673951488 not found in ml data; skipping.
2025-06-19 13:55:25,490 - __main__ - WARNING - SCLK value 673955512 not found in ml data; skipping.
2025-06-19 13:55:25,490 - __main__ - WARNING - SCLK value 673958960 not found in ml data; skipping.
2025-06-19 13:55:25,491 - __main__ - WARNING - SCLK value 674041445 not found in ml data; skipping.
2025-06-19 13:55:25,492 - __main__ - WARNING - SCLK value 674042999 not found in ml data; skipping.
2025-06-19 13:55:25,493 - __main__ - WARNING - SCLK value 674044064 not found in ml data; skipping.
2025-06-19 13:55:25,493 - __main__ - WARNING - SCLK value 674051268 not found in ml data; skipping.
2025-06-19 13:55:25,494 - __main__ - WARNING - SCLK value 674056174 not found in ml data; skipping.
2025-06-19 13:55:25,494 - __main__ - WARNING - SCLK value 674122081 not found in ml data; skipping.
2025-06-19 13:55:25,495 - __main__ - WARNING - SCLK value 674128125 not found in ml data; skipping.
2025-06-19 13:55:25,496 - __main__ - WARNING - SCLK value 674128981 not found in ml data; skipping.
2025-06-19 13:55:25,497 - __main__ - WARNING - SCLK value 674133319 not found in ml data; skipping.
2025-06-19 13:55:25,497 - __main__ - WARNING - SCLK value 674140571 not found in ml data; skipping.
2025-06-19 13:55:25,498 - __main__ - WARNING - SCLK value 674213517 not found in ml data; skipping.
2025-06-19 13:55:25,500 - __main__ - WARNING - SCLK value 674218894 not found in ml data; skipping.
2025-06-19 13:55:25,501 - __main__ - WARNING - SCLK value 674228677 not found in ml data; skipping.
2025-06-19 13:55:25,501 - __main__ - WARNING - SCLK value 674304877 not found in ml data; skipping.
2025-06-19 13:55:25,502 - __main__ - WARNING - SCLK value 674307030 not found in ml data; skipping.
2025-06-19 13:55:25,503 - __main__ - WARNING - SCLK value 674307104 not found in ml data; skipping.
2025-06-19 13:55:25,503 - __main__ - WARNING - SCLK value 674317907 not found in ml data; skipping.
2025-06-19 13:55:25,504 - __main__ - WARNING - SCLK value 674398187 not found in ml data; skipping.
2025-06-19 13:55:25,504 - __main__ - WARNING - SCLK value 674410494 not found in ml data; skipping.
2025-06-19 13:55:25,505 - __main__ - WARNING - SCLK value 674482627 not found in ml data; skipping.
2025-06-19 13:55:25,506 - __main__ - WARNING - SCLK value 674483906 not found in ml data; skipping.
2025-06-19 13:55:25,507 - __main__ - WARNING - SCLK value 674484439 not found in ml data; skipping.
2025-06-19 13:55:25,508 - __main__ - WARNING - SCLK value 674491238 not found in ml data; skipping.
2025-06-19 13:55:25,509 - __main__ - WARNING - SCLK value 674492008 not found in ml data; skipping.
2025-06-19 13:55:25,509 - __main__ - WARNING - SCLK value 674497424 not found in ml data; skipping.
2025-06-19 13:55:25,510 - __main__ - WARNING - SCLK value 674498121 not found in ml data; skipping.
2025-06-19 13:55:25,511 - __main__ - WARNING - SCLK value 674568708 not found in ml data; skipping.
2025-06-19 13:55:25,512 - __main__ - WARNING - SCLK value 674573756 not found in ml data; skipping.
2025-06-19 13:55:25,512 - __main__ - WARNING - SCLK value 674575721 not found in ml data; skipping.
2025-06-19 13:55:25,514 - __main__ - WARNING - SCLK value 674582484 not found in ml data; skipping.
2025-06-19 13:55:25,514 - __main__ - WARNING - SCLK value 674666247 not found in ml data; skipping.
2025-06-19 13:55:25,515 - __main__ - WARNING - SCLK value 674666809 not found in ml data; skipping.
2025-06-19 13:55:25,516 - __main__ - WARNING - SCLK value 674667232 not found in ml data; skipping.
2025-06-19 13:55:25,517 - __main__ - WARNING - SCLK value 674669243 not found in ml data; skipping.
2025-06-19 13:55:25,517 - __main__ - WARNING - SCLK value 674751396 not found in ml data; skipping.
2025-06-19 13:55:25,517 - __main__ - WARNING - SCLK value 674837510 not found in ml data; skipping.
2025-06-19 13:55:25,518 - __main__ - WARNING - SCLK value 674845274 not found in ml data; skipping.
2025-06-19 13:55:25,519 - __main__ - WARNING - SCLK value 674846962 not found in ml data; skipping.
2025-06-19 13:55:25,520 - __main__ - WARNING - SCLK value 674850855 not found in ml data; skipping.
2025-06-19 13:55:25,520 - __main__ - INFO - Preparing features and labels...
2025-06-19 13:55:25,522 - __main__ - INFO - Validating feature matrix...
2025-06-19 13:55:25,523 - __main__ - WARNING - Feature matrix issues detected:
2025-06-19 13:55:25,523 - __main__ - WARNING - - High correlation between pressure_drop_ratio and pressure_change: -1.00
2025-06-19 13:55:25,523 - __main__ - WARNING - - High correlation between pressure_drop_ratio and rate_of_change_mean: -0.99
2025-06-19 13:55:25,523 - __main__ - WARNING - - High correlation between pressure_change and rate_of_change_mean: 0.99
2025-06-19 13:55:25,523 - __main__ - WARNING - - High correlation between mean_pressure and min_pressure: 1.00
2025-06-19 13:55:25,523 - __main__ - WARNING - - High correlation between mean_pressure and max_pressure: 1.00
2025-06-19 13:55:25,523 - __main__ - WARNING - - High correlation between mean_pressure and long_term_mean: 1.00
2025-06-19 13:55:25,524 - __main__ - WARNING - - High correlation between std_pressure and pressure_range: 0.99
2025-06-19 13:55:25,524 - __main__ - WARNING - - High correlation between std_pressure and rate_of_change_std: 0.98
2025-06-19 13:55:25,524 - __main__ - WARNING - - High correlation between std_pressure and rate_of_change_max: 0.98
2025-06-19 13:55:25,524 - __main__ - WARNING - - High correlation between min_pressure and max_pressure: 1.00
2025-06-19 13:55:25,524 - __main__ - WARNING - - High correlation between min_pressure and long_term_mean: 1.00
2025-06-19 13:55:25,524 - __main__ - WARNING - - High correlation between max_pressure and long_term_mean: 1.00
2025-06-19 13:55:25,525 - __main__ - WARNING - - High correlation between pressure_range and rate_of_change_std: 0.97
2025-06-19 13:55:25,525 - __main__ - WARNING - - High correlation between pressure_range and rate_of_change_max: 0.97
2025-06-19 13:55:25,525 - __main__ - WARNING - - High correlation between long_term_std and trend: -0.96
2025-06-19 13:55:25,525 - __main__ - WARNING - - High correlation between rate_of_change_std and rate_of_change_max: 0.99
2025-06-19 13:55:25,525 - __main__ - INFO - Splitting processed data into train/val for model training...
2025-06-19 13:55:25,525 - __main__ - INFO - Processed train set: 987 samples
2025-06-19 13:55:25,525 - __main__ - INFO - Processed validation set: 329 samples
2025-06-19 13:55:25,527 - __main__ - INFO - Training Random Forest classifier...
2025-06-19 13:55:25,810 - __main__ - INFO - Random Forest training completed.
2025-06-19 13:55:25,811 - __main__ - INFO - Generating evaluation plots...
2025-06-19 13:55:38,637 - __main__ - INFO - Processing test set with sliding windows for realistic evaluation...
2025-06-19 13:55:38,639 - __main__ - INFO - Using test step size: 100
2025-06-19 13:55:38,639 - __main__ - INFO - Processing 718015 test windows with step size 100
2025-06-19 14:00:18,343 - __main__ - INFO - ==================================================
2025-06-19 14:00:18,343 - __main__ - INFO - REALISTIC TEST SET ANALYSIS
2025-06-19 14:00:18,343 - __main__ - INFO - ==================================================
2025-06-19 14:00:18,344 - __main__ - INFO - Total test windows: 7181
2025-06-19 14:00:18,344 - __main__ - INFO - Test windows with positive labels: 43
2025-06-19 14:00:18,344 - __main__ - INFO - Test windows with negative labels: 7138
2025-06-19 14:00:18,344 - __main__ - INFO - Positive ratio in test set: 0.0060 (0.60%)
2025-06-19 14:00:18,345 - __main__ - INFO - Negative ratio in test set: 0.9940 (99.40%)
2025-06-19 14:00:18,345 - __main__ - INFO - ==================================================
2025-06-19 14:00:18,345 - __main__ - INFO - Optimizing threshold on realistic test data...
2025-06-19 14:00:18,831 - __main__ - INFO - ==================================================
2025-06-19 14:00:18,831 - __main__ - INFO - THRESHOLD COMPARISON
2025-06-19 14:00:18,831 - __main__ - INFO - ==================================================
2025-06-19 14:00:18,831 - __main__ - INFO - Balanced validation threshold: 0.3431
2025-06-19 14:00:18,832 - __main__ - INFO - Realistic test threshold: 0.7983
2025-06-19 14:00:18,832 - __main__ - INFO - ==================================================
2025-06-19 14:00:27,880 - __main__ - INFO - Evaluating on realistic test set with optimized threshold...
2025-06-19 14:00:29,983 - __main__ - INFO - ==================================================
2025-06-19 14:00:29,983 - __main__ - INFO - REALISTIC TEST SET RESULTS (Optimized Threshold)
2025-06-19 14:00:29,983 - __main__ - INFO - ==================================================
2025-06-19 14:00:29,984 - __main__ - INFO - Test Accuracy: 0.859
2025-06-19 14:00:29,984 - __main__ - INFO - Test F1 Score: 0.031
2025-06-19 14:00:29,984 - __main__ - INFO - Test Precision: 0.016
2025-06-19 14:00:29,984 - __main__ - INFO - Test Recall: 0.372
2025-06-19 14:00:29,984 - __main__ - INFO - Optimized Threshold: 0.7983
2025-06-19 14:00:29,985 - __main__ - INFO - ==================================================
2025-06-19 14:00:29,995 - __main__ - INFO - Realistic test set predictions saved to realistic_test_predictions.csv
2025-06-19 14:00:29,996 - __main__ - INFO - Performing feature selection...
2025-06-19 14:00:29,996 - __main__ - INFO - Selected 16 features with importance >= 0.01
2025-06-19 14:00:29,997 - __main__ - INFO - Selected 7 features after removing highly correlated ones
2025-06-19 14:00:30,182 - __main__ - INFO - Retrained model with reduced feature set.
2025-06-19 14:00:30,182 - __main__ - INFO - Evaluating reduced feature model on realistic test set...
2025-06-19 14:00:38,892 - __main__ - INFO - Optimizing threshold on realistic test data for reduced model...
2025-06-19 14:00:39,373 - __main__ - INFO - ==================================================
2025-06-19 14:00:39,374 - __main__ - INFO - REDUCED MODEL THRESHOLD COMPARISON
2025-06-19 14:00:39,374 - __main__ - INFO - ==================================================
2025-06-19 14:00:39,374 - __main__ - INFO - Reduced balanced validation threshold: 0.3779
2025-06-19 14:00:39,374 - __main__ - INFO - Reduced realistic test threshold: 0.7982
2025-06-19 14:00:39,374 - __main__ - INFO - ==================================================
2025-06-19 14:00:40,803 - __main__ - INFO - Evaluating reduced model on realistic test set with optimized threshold...
2025-06-19 14:00:42,189 - __main__ - INFO - ==================================================
2025-06-19 14:00:42,189 - __main__ - INFO - REDUCED MODEL - REALISTIC TEST RESULTS (Optimized Threshold)
2025-06-19 14:00:42,190 - __main__ - INFO - ==================================================
2025-06-19 14:00:42,191 - __main__ - INFO - Reduced Test Accuracy: 0.984
2025-06-19 14:00:42,191 - __main__ - INFO - Reduced Test F1 Score: 0.065
2025-06-19 14:00:42,191 - __main__ - INFO - Reduced Test Precision: 0.050
2025-06-19 14:00:42,191 - __main__ - INFO - Reduced Test Recall: 0.093
2025-06-19 14:00:42,191 - __main__ - INFO - Reduced Optimized Threshold: 0.7982
2025-06-19 14:00:42,191 - __main__ - INFO - ==================================================
2025-06-19 14:00:42,201 - __main__ - INFO - Reduced realistic test set predictions saved to reduced_realistic_test_predictions.csv
