overall_slope,first_half_slope,second_half_slope,trend_consistency,pressure_drop,drop_rate,min_position,mean,std,first_half_mean,second_half_mean,mean_ratio,min_zscore,anomaly_strength,window_id,event_sclk,label,autoencoder_window_hits_mean,autoencoder_positive_hit_binary,autoencoder_hit_ratio
0.002433453737142762,-0.0011768631813271623,0.0043759733036526725,0.005552836484979834,0.22000000000002728,0.01571428571428766,0.23728813559322035,744.2403333333334,0.05674406478996856,744.1996666666665,744.2810000000001,1.0001092896664383,0.2521289721685891,1.5919432925327295,100052,-1.0,0,23.433333333333334,0.0,23.433333333333334
-0.0002756321200381,0.0021423804226726,-0.0011457174638563,0.003288097886529,0.1700000000000727,0.0566666666666909,0.0508474576271186,723.1583333333333,0.043862157822991,723.1663333333332,723.1503333333332,0.9999778750762272,-2.553482525376213,2.241871768602651,116,671291649.0,1,,,
-0.0002756321200381,0.0021423804226726,-0.0011457174638563,0.003288097886529,0.1700000000000727,0.0566666666666909,0.0508474576271186,723.1583333333333,0.043862157822991,723.1663333333332,723.1503333333332,0.9999778750762272,-2.553482525376213,2.241871768602651,55,670047546.0,1,,,
-0.0002756321200381,0.0021423804226726,-0.0011457174638563,0.003288097886529,0.1700000000000727,0.0566666666666909,0.0508474576271186,723.1583333333333,0.043862157822991,723.1663333333332,723.1503333333332,0.9999778750762272,-2.553482525376213,2.241871768602651,155,671913231.0,1,,,
-0.0002756321200381,0.0021423804226726,-0.0011457174638563,0.003288097886529,0.1700000000000727,0.0566666666666909,0.0508474576271186,723.1583333333333,0.043862157822991,723.1663333333332,723.1503333333332,0.9999778750762272,-2.553482525376213,2.241871768602651,110,671127245.0,1,,,
-0.0002756321200381,0.0021423804226726,-0.0011457174638563,0.003288097886529,0.1700000000000727,0.0566666666666909,0.0508474576271186,723.1583333333333,0.043862157822991,723.1663333333332,723.1503333333332,0.9999778750762272,-2.553482525376213,2.241871768602651,126,671379183.0,1,,,
-0.0002756321200381,0.0021423804226726,-0.0011457174638563,0.003288097886529,0.1700000000000727,0.0566666666666909,0.0508474576271186,723.1583333333333,0.043862157822991,723.1663333333332,723.1503333333332,0.9999778750762272,-2.553482525376213,2.241871768602651,39,669787866.0,1,,,
-0.0002756321200381,0.0021423804226726,-0.0011457174638563,0.003288097886529,0.1700000000000727,0.0566666666666909,0.0508474576271186,723.1583333333333,0.043862157822991,723.1663333333332,723.1503333333332,0.9999778750762272,-2.553482525376213,2.241871768602651,63,670233871.0,1,,,
-0.0007721589330374791,-0.0011368186874446313,0.0004938820911838869,0.0016307007786285181,0.13999999999998636,0.008749999999999147,0.2711864406779661,744.9531666666667,0.03422921104684508,744.9670000000002,744.9393333333335,0.9999628618896317,0.3505714808543727,1.8454023547384946,100064,-1.0,0,12.633333333333333,0.0,12.633333333333333
-0.0002756321200381,0.0021423804226726,-0.0011457174638563,0.003288097886529,0.1700000000000727,0.0566666666666909,0.0508474576271186,723.1583333333333,0.043862157822991,723.1663333333332,723.1503333333332,0.9999778750762272,-2.553482525376213,2.241871768602651,75,670412326.0,1,,,
-0.0002756321200381,0.0021423804226726,-0.0011457174638563,0.003288097886529,0.1700000000000727,0.0566666666666909,0.0508474576271186,723.1583333333333,0.043862157822991,723.1663333333332,723.1503333333332,0.9999778750762272,-2.553482525376213,2.241871768602651,76,670578458.0,1,,,
-0.0008380105584936317,0.00014238042268696234,0.0016907675194456605,0.001548387096758698,0.16999999999995907,0.004358974358973309,0.6610169491525424,742.2040000000002,0.04172129751897698,742.2253333333334,742.1826666666665,0.9999425152110137,-0.017922774631594036,2.0133602019919494,100033,-1.0,0,22.3,0.0,22.3
-1.778271742762512e-05,0.0038754171301253067,0.001588431590648419,0.0022869855394768877,0.2699999999999818,0.0,0.0,741.1633333333333,0.05596625967690874,741.1773333333335,741.1493333333334,0.9999622222661961,-0.16425623348884114,2.561066867086973,100048,-1.0,0,27.283333333333335,1.0,27.283333333333335
0.0010958599610953205,0.0021067853169888877,0.004264738598421798,0.00215795328143291,0.4800000000000182,0.020000000000000757,0.4067796610169492,738.6263333333333,0.11647555776022912,738.6203333333334,738.6323333333332,1.0000162465064368,-0.5141262305747968,2.0290380048643493,100009,-1.0,0,60.0,0.0,60.0
-0.0002756321200381,0.0021423804226726,-0.0011457174638563,0.003288097886529,0.1700000000000727,0.0566666666666909,0.0508474576271186,723.1583333333333,0.043862157822991,723.1663333333332,723.1503333333332,0.9999778750762272,-2.553482525376213,2.241871768602651,118,671302478.0,1,,,
-0.0002756321200381,0.0021423804226726,-0.0011457174638563,0.003288097886529,0.1700000000000727,0.0566666666666909,0.0508474576271186,723.1583333333333,0.043862157822991,723.1663333333332,723.1503333333332,0.9999778750762272,-2.553482525376213,2.241871768602651,42,669873580.0,1,,,
0.0018730202834028953,-0.0008654060066962061,0.0016462736373571976,0.0025116796440534037,0.18999999999994088,0.0172727272727219,0.1864406779661017,747.1791666666666,0.04723316866591414,747.1436666666667,747.214666666667,1.000095028577726,0.6419080943974386,2.099513318023132,100123,-1.0,0,12.616666666666667,0.0,12.616666666666667
-0.0002756321200381,0.0021423804226726,-0.0011457174638563,0.003288097886529,0.1700000000000727,0.0566666666666909,0.0508474576271186,723.1583333333333,0.043862157822991,723.1663333333332,723.1503333333332,0.9999778750762272,-2.553482525376213,2.241871768602651,78,670584569.0,1,,,
-0.0017243678799736908,-0.0026807563960194627,-0.0004471635150371124,0.0022335928809823504,0.2099999999999227,0.003962264150941938,0.8983050847457628,747.8136666666666,0.04339610837647458,747.8403333333334,747.787,0.999928683529149,0.7270475613689242,2.1584116680221386,100141,-1.0,0,17.783333333333335,0.0,17.783333333333335
-0.0002756321200381,0.0021423804226726,-0.0011457174638563,0.003288097886529,0.1700000000000727,0.0566666666666909,0.0508474576271186,723.1583333333333,0.043862157822991,723.1663333333332,723.1503333333332,0.9999778750762272,-2.553482525376213,2.241871768602651,119,671302909.0,1,,,
-0.003003889969443082,-0.003330367074538716,-0.004235817575101813,0.000905450500563097,0.25,0.005434782608695652,0.7796610169491526,744.2431666666666,0.06138652584692993,744.2843333333334,744.202,0.9998893791933459,0.2454774513114477,2.332216470819811,100058,-1.0,0,11.583333333333334,0.0,11.583333333333334
-0.0002756321200381,0.0021423804226726,-0.0011457174638563,0.003288097886529,0.1700000000000727,0.0566666666666909,0.0508474576271186,723.1583333333333,0.043862157822991,723.1663333333332,723.1503333333332,0.9999778750762272,-2.553482525376213,2.241871768602651,57,670129653.0,1,,,
-0.0026896360100072568,-0.00011123470524906092,-0.004471635150195715,0.0043604004449466546,0.21000000000003638,0.0040384615384622385,0.8813559322033898,742.7643333333333,0.055987101689194865,742.8066666666666,742.7220000000001,0.999886017896088,0.0512530422827371,2.220749593782003,100020,-1.0,0,27.633333333333333,0.0,27.633333333333333
-0.0002756321200381,0.0021423804226726,-0.0011457174638563,0.003288097886529,0.1700000000000727,0.0566666666666909,0.0508474576271186,723.1583333333333,0.043862157822991,723.1663333333332,723.1503333333332,0.9999778750762272,-2.553482525376213,2.241871768602651,90,670933108.0,1,,,
-0.0013995554320697528,-0.002587319243620299,0.001592880978841168,0.004180200222461467,0.2899999999999636,0.010357142857141557,0.4745762711864407,739.5568333333334,0.06286206239767411,739.5823333333335,739.5313333333332,0.999931042160282,-0.38242611760327594,2.813037412211547,100112,-1.0,0,28.166666666666668,0.0,28.166666666666668
-0.0002756321200381,0.0021423804226726,-0.0011457174638563,0.003288097886529,0.1700000000000727,0.0566666666666909,0.0508474576271186,723.1583333333333,0.043862157822991,723.1663333333332,723.1503333333332,0.9999778750762272,-2.553482525376213,2.241871768602651,25,669426485.0,1,,,
0.001989441511530613,0.00031145717461417626,0.002002224694081262,0.0016907675194670858,0.19000000000005457,0.008636363636366117,0.3728813559322034,738.9086666666667,0.049344593309595744,738.8746666666665,738.9426666666665,1.000092031846628,-0.45958375954619185,2.2022000664785697,100080,-1.0,0,46.333333333333336,0.0,46.333333333333336
-0.0002756321200381,0.0021423804226726,-0.0011457174638563,0.003288097886529,0.1700000000000727,0.0566666666666909,0.0508474576271186,723.1583333333333,0.043862157822991,723.1663333333332,723.1503333333332,0.9999778750762272,-2.553482525376213,2.241871768602651,9,668534767.0,1,,,
-0.0002756321200381,0.0021423804226726,-0.0011457174638563,0.003288097886529,0.1700000000000727,0.0566666666666909,0.0508474576271186,723.1583333333333,0.043862157822991,723.1663333333332,723.1503333333332,0.9999778750762272,-2.553482525376213,2.241871768602651,94,670940703.0,1,,,
-0.0002756321200381,0.0021423804226726,-0.0011457174638563,0.003288097886529,0.1700000000000727,0.0566666666666909,0.0508474576271186,723.1583333333333,0.043862157822991,723.1663333333332,723.1503333333332,0.9999778750762272,-2.553482525376213,2.241871768602651,93,670938389.0,1,,,
0.0014592942483974613,4.449388207873101e-05,-0.0006407119021336829,0.0006852057842124139,0.18999999999994088,0.0172727272727219,0.1864406779661017,745.7866666666667,0.04268749491621656,745.7559999999997,745.8173333333333,1.0000822431644312,0.4583261187401694,2.030258904552811,100174,-1.0,0,1.8333333333333333,0.0,1.8333333333333333
-0.0002756321200381,0.0021423804226726,-0.0011457174638563,0.003288097886529,0.1700000000000727,0.0566666666666909,0.0508474576271186,723.1583333333333,0.043862157822991,723.1663333333332,723.1503333333332,0.9999778750762272,-2.553482525376213,2.241871768602651,153,671909321.0,1,,,
0.007933314809664253,0.005621802002201328,0.0026362625138940197,0.0029855394883073084,0.5099999999999909,0.036428571428570776,0.23728813559322035,741.8103333333335,0.15036585014188894,741.6723333333334,741.9483333333333,1.0003721319882048,-0.10173193743165139,2.1303596064610204,100034,-1.0,0,46.4,0.0,46.4
-0.0002756321200381,0.0021423804226726,-0.0011457174638563,0.003288097886529,0.1700000000000727,0.0566666666666909,0.0508474576271186,723.1583333333333,0.043862157822991,723.1663333333332,723.1503333333332,0.9999778750762272,-2.553482525376213,2.241871768602651,22,668810541.0,1,,,
-0.0002756321200381,0.0021423804226726,-0.0011457174638563,0.003288097886529,0.1700000000000727,0.0566666666666909,0.0508474576271186,723.1583333333333,0.043862157822991,723.1663333333332,723.1503333333332,0.9999778750762272,-2.553482525376213,2.241871768602651,113,671213291.0,1,,,
-0.0020658516254586485,-0.002340378198019235,0.0005494994438090795,0.0028898776418283144,0.2400000000000091,0.005333333333333535,0.7627118644067796,737.3658333333334,0.053612550354896316,737.4026666666667,737.329,0.9999000998097827,-0.6631202977749004,1.7875167791689368,100069,-1.0,0,16.766666666666666,0.0,16.766666666666666
-0.0002756321200381,0.0021423804226726,-0.0011457174638563,0.003288097886529,0.1700000000000727,0.0566666666666909,0.0508474576271186,723.1583333333333,0.043862157822991,723.1663333333332,723.1503333333332,0.9999778750762272,-2.553482525376213,2.241871768602651,56,670055611.0,1,,,
-0.0002756321200381,0.0021423804226726,-0.0011457174638563,0.003288097886529,0.1700000000000727,0.0566666666666909,0.0508474576271186,723.1583333333333,0.043862157822991,723.1663333333332,723.1503333333332,0.9999778750762272,-2.553482525376213,2.241871768602651,152,671904824.0,1,,,
-0.0002756321200381,0.0021423804226726,-0.0011457174638563,0.003288097886529,0.1700000000000727,0.0566666666666909,0.0508474576271186,723.1583333333333,0.043862157822991,723.1663333333332,723.1503333333332,0.9999778750762272,-2.553482525376213,2.241871768602651,30,669519478.0,1,,,
-0.0002756321200381,0.0021423804226726,-0.0011457174638563,0.003288097886529,0.1700000000000727,0.0566666666666909,0.0508474576271186,723.1583333333333,0.043862157822991,723.1663333333332,723.1503333333332,0.9999778750762272,-2.553482525376213,2.241871768602651,45,669958088.0,1,,,
-0.0002756321200381,0.0021423804226726,-0.0011457174638563,0.003288097886529,0.1700000000000727,0.0566666666666909,0.0508474576271186,723.1583333333333,0.043862157822991,723.1663333333332,723.1503333333332,0.9999778750762272,-2.553482525376213,2.241871768602651,101,671039200.0,1,,,
-0.0002756321200381,0.0021423804226726,-0.0011457174638563,0.003288097886529,0.1700000000000727,0.0566666666666909,0.0508474576271186,723.1583333333333,0.043862157822991,723.1663333333332,723.1503333333332,0.9999778750762272,-2.553482525376213,2.241871768602651,114,671214052.0,1,,,
-0.0009908307863352322,0.0008565072302460266,-0.0007808676307158907,0.0016373748609619172,0.15999999999996817,0.003999999999999204,0.6779661016949152,750.8489999999999,0.037358622387164274,750.8689999999999,750.8290000000001,0.9999467283907049,1.132790333654913,2.1146390030456215,100102,-1.0,0,8.616666666666667,0.0,8.616666666666667
-0.0002756321200381,0.0021423804226726,-0.0011457174638563,0.003288097886529,0.1700000000000727,0.0566666666666909,0.0508474576271186,723.1583333333333,0.043862157822991,723.1663333333332,723.1503333333332,0.9999778750762272,-2.553482525376213,2.241871768602651,137,671641441.0,1,,,
-0.0002756321200381,0.0021423804226726,-0.0011457174638563,0.003288097886529,0.1700000000000727,0.0566666666666909,0.0508474576271186,723.1583333333333,0.043862157822991,723.1663333333332,723.1503333333332,0.9999778750762272,-2.553482525376213,2.241871768602651,5,668450709.0,1,,,
-0.004919699916647173,-0.0023537263626462117,-0.002464961067868809,0.00011123470522259732,0.2899999999999636,0.009062499999998863,0.5423728813559322,749.3416666666667,0.09411281646099455,749.4279999999998,749.2553333333336,0.9997696020609503,0.9265931870833479,1.292774685125856,100043,-1.0,0,5.366666666666666,0.0,5.366666666666666
0.0007627118644016124,0.0006718576195634954,0.002565072302550963,0.0018932146829874674,0.17999999999994998,0.17999999999994998,0.01694915254237288,740.2898333333331,0.038056609879959485,740.2826666666668,740.297,1.000019361973444,-0.27201087137462265,2.0977521010128903,100165,-1.0,0,11.866666666666667,0.0,11.866666666666667
0.001323145318141142,0.0007252502780726745,0.001058954393761436,0.0003337041156887615,0.12999999999999545,0.012999999999999545,0.1694915254237288,745.9553333333334,0.03388542787427924,745.9333333333335,745.9773333333334,1.0000589865046026,0.48360189799732184,1.9280657625411637,100163,-1.0,0,31.083333333333332,0.0,31.083333333333332
0.0030097249235846203,0.002600667408222221,0.003210233592870714,0.0006095661846484933,0.22000000000002728,0.0,0.0,747.2419999999998,0.05795975615315884,747.1963333333334,747.2876666666668,1.0001222347183183,0.6498899194260083,1.7598417724589184,100026,-1.0,0,59.016666666666666,0.0,59.016666666666666
-0.0002756321200381,0.0021423804226726,-0.0011457174638563,0.003288097886529,0.1700000000000727,0.0566666666666909,0.0508474576271186,723.1583333333333,0.043862157822991,723.1663333333332,723.1503333333332,0.9999778750762272,-2.553482525376213,2.241871768602651,167,672182115.0,1,,,
-0.0033876076688040793,-0.0016284760845515982,-0.0034705228031381825,0.0018420467185865843,0.22000000000002728,0.003928571428571915,0.9491525423728814,751.3683333333333,0.06426939828220113,751.4233333333333,751.3133333333334,0.9998536111468459,1.196644933883531,1.84120804762709,100149,-1.0,0,32.65,0.0,32.65
-0.0002756321200381,0.0021423804226726,-0.0011457174638563,0.003288097886529,0.1700000000000727,0.0566666666666909,0.0508474576271186,723.1583333333333,0.043862157822991,723.1663333333332,723.1503333333332,0.9999778750762272,-2.553482525376213,2.241871768602651,158,671920779.0,1,,,
-0.0002756321200381,0.0021423804226726,-0.0011457174638563,0.003288097886529,0.1700000000000727,0.0566666666666909,0.0508474576271186,723.1583333333333,0.043862157822991,723.1663333333332,723.1503333333332,0.9999778750762272,-2.553482525376213,2.241871768602651,3,668370696.0,1,,,
-0.0002756321200381,0.0021423804226726,-0.0011457174638563,0.003288097886529,0.1700000000000727,0.0566666666666909,0.0508474576271186,723.1583333333333,0.043862157822991,723.1663333333332,723.1503333333332,0.9999778750762272,-2.553482525376213,2.241871768602651,109,671126607.0,1,,,
-0.0002756321200381,0.0021423804226726,-0.0011457174638563,0.003288097886529,0.1700000000000727,0.0566666666666909,0.0508474576271186,723.1583333333333,0.043862157822991,723.1663333333332,723.1503333333332,0.9999778750762272,-2.553482525376213,2.241871768602651,72,670403870.0,1,,,
0.00208502361766863,0.001256952169042223,0.002489432702978472,0.0012324805339362492,0.2300000000000182,0.025555555555557576,0.15254237288135594,749.0606666666667,0.046899419565239124,749.0283333333333,749.0929999999997,1.0000863340728097,0.8920052786261824,2.146437367453553,100131,-1.0,0,40.9,0.0,40.9
-0.003125034731871233,-0.0027652947719850134,-0.004035595105691323,0.0012703003337063098,0.2599999999999909,0.004406779661016795,1.0,752.4741666666666,0.06210989364736624,752.5196666666668,752.4286666666666,0.9998790729278833,1.3389874802264934,2.482159566105145,100167,-1.0,0,12.433333333333334,0.0,12.433333333333334
-0.0002756321200381,0.0021423804226726,-0.0011457174638563,0.003288097886529,0.1700000000000727,0.0566666666666909,0.0508474576271186,723.1583333333333,0.043862157822991,723.1663333333332,723.1503333333332,0.9999778750762272,-2.553482525376213,2.241871768602651,46,669959376.0,1,,,
0.0009369269241409341,-0.0006407119021394505,0.0006674082313498132,0.0013081201334892638,0.21000000000003638,0.016153846153848954,0.22033898305084745,738.2520000000001,0.039740827033825254,738.2333333333333,738.2706666666667,1.000050571183456,-0.5420626181748209,1.811738843251397,100138,-1.0,0,13.466666666666667,0.0,13.466666666666667
-0.0002756321200381,0.0021423804226726,-0.0011457174638563,0.003288097886529,0.1700000000000727,0.0566666666666909,0.0508474576271186,723.1583333333333,0.043862157822991,723.1663333333332,723.1503333333332,0.9999778750762272,-2.553482525376213,2.241871768602651,73,670409834.0,1,,,
-0.05836176715754736,-0.00019577308122090917,-0.053695216907688914,0.053499443826468006,2.5699999999999363,0.07558823529411578,0.576271186440678,755.5483333333334,1.1798674595996848,756.5806666666665,754.5159999999998,0.9972710554767898,1.5717907102266544,1.252965594826163,100047,-1.0,0,44.233333333333334,0.0,44.233333333333334
-0.0002756321200381,0.0021423804226726,-0.0011457174638563,0.003288097886529,0.1700000000000727,0.0566666666666909,0.0508474576271186,723.1583333333333,0.043862157822991,723.1663333333332,723.1503333333332,0.9999778750762272,-2.553482525376213,2.241871768602651,165,672180689.0,1,,,
-0.0002756321200381,0.0021423804226726,-0.0011457174638563,0.003288097886529,0.1700000000000727,0.0566666666666909,0.0508474576271186,723.1583333333333,0.043862157822991,723.1663333333332,723.1503333333332,0.9999778750762272,-2.553482525376213,2.241871768602651,33,669688619.0,1,,,
0.003877188107810675,0.009125695216903085,0.0025628476084371423,0.006562847608465943,0.39999999999997726,0.39999999999997726,0.01694915254237288,749.3796666666668,0.09221291787066388,749.3313333333332,749.428,1.0001290039030355,0.9106295370261934,3.0328361050135526,100134,-1.0,0,2.216666666666667,0.0,2.216666666666667
-0.0011122534037305083,-0.0009054505005694922,-0.0017931034482966844,0.0008876529477271921,0.18000000000006366,0.0031034482758631665,0.9830508474576272,746.3634999999999,0.03081260564551569,746.379,746.348,0.9999584661411963,0.5328231523402136,3.3590148522542376,100072,-1.0,0,11.75,0.0,11.75
-0.0002756321200381,0.0021423804226726,-0.0011457174638563,0.003288097886529,0.1700000000000727,0.0566666666666909,0.0508474576271186,723.1583333333333,0.043862157822991,723.1663333333332,723.1503333333332,0.9999778750762272,-2.553482525376213,2.241871768602651,77,670580613.0,1,,,
-0.0002756321200381,0.0021423804226726,-0.0011457174638563,0.003288097886529,0.1700000000000727,0.0566666666666909,0.0508474576271186,723.1583333333333,0.043862157822991,723.1663333333332,723.1503333333332,0.9999778750762272,-2.553482525376213,2.241871768602651,157,671916470.0,1,,,
0.0016696304529007777,0.0020066740823001744,-0.00018464961068523516,0.0021913236929854097,0.17999999999994998,0.0,0.0,746.1788333333334,0.04359249425710801,746.1500000000001,746.2076666666668,1.0000772856217472,0.5128685897687743,1.5790180054253118,100006,-1.0,0,8.616666666666667,0.0,8.616666666666667
-0.0002756321200381,0.0021423804226726,-0.0011457174638563,0.003288097886529,0.1700000000000727,0.0566666666666909,0.0508474576271186,723.1583333333333,0.043862157822991,723.1663333333332,723.1503333333332,0.9999778750762272,-2.553482525376213,2.241871768602651,147,671823993.0,1,,,
-0.00011697693804728294,-0.0010255839822346795,0.0024249165739458245,0.003450500556180504,0.2099999999999227,0.006774193548384603,0.5254237288135594,736.8131666666666,0.042875465659931,736.8189999999998,736.8073333333336,0.9999841661701636,-0.738947635546373,2.639427115826962,100089,-1.0,0,16.916666666666668,0.0,16.916666666666668
0.002967213114746071,0.002691879866502823,0.002711902113446095,2.0022246943272003e-05,0.25,0.08333333333333333,0.05084745762711865,737.4398333333332,0.058209153537528695,737.394,737.4856666666667,1.0001243116524772,-0.6564687769177439,2.058668199940944,100152,-1.0,0,60.0,0.0,60.0
0.0014203945540360913,0.00020244716349705915,0.002093437152368522,0.0018909899888714628,0.1999999999999318,0.0999999999999659,0.03389830508474576,751.0603333333335,0.04269920634183574,751.037666666667,751.083,1.0000603609317416,1.1607267212549373,1.881377669887352,100003,-1.0,0,20.5,0.0,20.5
0.0007524312308936096,-0.0008498331479535042,0.00020022246940421397,0.0010500556173577182,0.25,0.022727272727272728,0.1864406779661017,733.0726666666667,0.053537110701109655,733.056,733.0893333333333,1.0000454717420406,-1.240472308175304,2.6648181943031997,100164,-1.0,0,40.15,0.0,40.15
-0.0002756321200381,0.0021423804226726,-0.0011457174638563,0.003288097886529,0.1700000000000727,0.0566666666666909,0.0508474576271186,723.1583333333333,0.043862157822991,723.1663333333332,723.1503333333332,0.9999778750762272,-2.553482525376213,2.241871768602651,82,670841835.0,1,,,
-0.0002756321200381,0.0021423804226726,-0.0011457174638563,0.003288097886529,0.1700000000000727,0.0566666666666909,0.0508474576271186,723.1583333333333,0.043862157822991,723.1663333333332,723.1503333333332,0.9999778750762272,-2.553482525376213,2.241871768602651,16,668556124.0,1,,,
-0.0002756321200381,0.0021423804226726,-0.0011457174638563,0.003288097886529,0.1700000000000727,0.0566666666666909,0.0508474576271186,723.1583333333333,0.043862157822991,723.1663333333332,723.1503333333332,0.9999778750762272,-2.553482525376213,2.241871768602651,66,670317790.0,1,,,
-0.0002756321200381,0.0021423804226726,-0.0011457174638563,0.003288097886529,0.1700000000000727,0.0566666666666909,0.0508474576271186,723.1583333333333,0.043862157822991,723.1663333333332,723.1503333333332,0.9999778750762272,-2.553482525376213,2.241871768602651,132,671559311.0,1,,,
-0.0002756321200381,0.0021423804226726,-0.0011457174638563,0.003288097886529,0.1700000000000727,0.0566666666666909,0.0508474576271186,723.1583333333333,0.043862157822991,723.1663333333332,723.1503333333332,0.9999778750762272,-2.553482525376213,2.241871768602651,7,668465594.0,1,,,
-0.003806335093083888,-0.0032080088987925586,-0.005310344827601885,0.0021023359288093266,0.2799999999999727,0.004912280701753907,0.9661016949152542,728.7931666666666,0.0743301568828027,728.8480000000001,728.7383333333333,0.9998495342421647,-1.8125031018899793,2.1951610693337402,100120,-1.0,0,50.916666666666664,0.0,50.916666666666664
-0.0002756321200381,0.0021423804226726,-0.0011457174638563,0.003288097886529,0.1700000000000727,0.0566666666666909,0.0508474576271186,723.1583333333333,0.043862157822991,723.1663333333332,723.1503333333332,0.9999778750762272,-2.553482525376213,2.241871768602651,108,671126006.0,1,,,
0.0018524590163914289,0.0012769744159922905,0.002008898776412354,0.0007319243604200635,0.20000000000004547,0.0,0.0,745.5048333333332,0.04341626679278172,745.476,745.5336666666668,1.0000773554972484,0.41974729776870384,2.1842811540162117,100136,-1.0,0,9.3,0.0,9.3
0.0024612392331108033,0.002816462736360643,0.00247385984424566,0.000342602892114983,0.21000000000003638,0.07000000000001212,0.05084745762711865,741.2646666666665,0.04958046210173314,741.2286666666668,741.3006666666666,1.0000971360165058,-0.1429713667459735,1.707661911113205,100159,-1.0,0,34.53333333333333,0.0,34.53333333333333
-0.0002756321200381,0.0021423804226726,-0.0011457174638563,0.003288097886529,0.1700000000000727,0.0566666666666909,0.0508474576271186,723.1583333333333,0.043862157822991,723.1663333333332,723.1503333333332,0.9999778750762272,-2.553482525376213,2.241871768602651,84,670849047.0,1,,,
0.0023720477910452505,0.0008965517241213363,0.003612903225795761,0.0027163515016744248,0.20000000000004547,0.025000000000005684,0.13559322033898305,743.3765000000001,0.05169864601709117,743.3403333333333,743.4126666666667,1.0000973085006823,0.13639250925422275,1.8665866020592368,100111,-1.0,0,55.88333333333333,0.0,55.88333333333333
0.0056976938038339735,0.010291434927663521,0.002091212458270948,0.008200222469392573,0.34000000000003183,0.34000000000003183,0.01694915254237288,748.8656666666666,0.11561958696037479,748.7826666666667,748.9486666666669,1.0002216931659744,0.8534264576547168,1.6923314795587716,100101,-1.0,0,1.6666666666666667,0.0,1.6666666666666667
0.0018316198944116806,0.0031212458286751137,0.0013993325917506694,0.0017219132369244443,0.20000000000004547,0.0,0.0,747.877,0.0436768435977931,747.8516666666666,747.9023333333334,1.00006774962058,0.7336990822260656,2.4498107277463013,100127,-1.0,0,19.3,0.0,19.3
-0.0002756321200381,0.0021423804226726,-0.0011457174638563,0.003288097886529,0.1700000000000727,0.0566666666666909,0.0508474576271186,723.1583333333333,0.043862157822991,723.1663333333332,723.1503333333332,0.9999778750762272,-2.553482525376213,2.241871768602651,60,670225439.0,1,,,
0.0018852459016329513,0.0026985539488130475,0.00031590656283643617,0.0023826473859766112,0.17000000000007276,0.0,0.0,744.6398333333333,0.04291432032420928,744.6096666666666,744.6700000000001,1.000081026793009,0.30534113902576576,2.09331832951467,100027,-1.0,0,13.25,0.0,13.25
0.0012909141428088641,-8.008898778155116e-05,0.0010723025583824724,0.0011523915461640235,0.17999999999994998,0.009473684210523683,0.3220338983050847,750.2026666666666,0.03855155278614661,750.1793333333333,750.2260000000002,1.0000622073477545,1.0449902583405708,2.4037077619311655,100073,-1.0,0,1.6333333333333333,0.0,1.6333333333333333
-0.001730758544049178,-0.001179087875442152,-0.0031345939933438726,0.0019555061179017206,0.2400000000000091,0.004067796610169646,1.0,749.9981666666667,0.04161296539406926,750.0220000000002,749.9743333333334,0.9999364463086859,1.0117326540548335,3.320279277343354,100150,-1.0,0,22.866666666666667,0.0,22.866666666666667
0.0017768824673400935,0.0013904338153397629,0.003159065628458828,0.001768631813119065,0.13999999999998636,0.04666666666666212,0.05084745762711865,747.6391666666666,0.038871226147651365,747.615,747.6633333333332,1.0000646500315447,0.7070929987974849,1.779379595689086,100035,-1.0,0,31.533333333333335,0.0,31.533333333333335
0.002910530702974888,0.004289210233576233,0.0034638487207752145,0.0008253615128010184,0.2800000000000864,0.2800000000000864,0.01694915254237288,746.8128333333334,0.05916338019041893,746.7739999999998,746.8516666666666,1.0001040029067252,0.5886959275402468,2.245195134319973,100085,-1.0,0,43.166666666666664,0.0,43.166666666666664
-0.0002756321200381,0.0021423804226726,-0.0011457174638563,0.003288097886529,0.1700000000000727,0.0566666666666909,0.0508474576271186,723.1583333333333,0.043862157822991,723.1663333333332,723.1503333333332,0.9999778750762272,-2.553482525376213,2.241871768602651,17,668557517.0,1,,,
-0.0034156710197359532,-0.0033793103448487086,-0.0041468298109166276,0.000767519466067919,0.2699999999999818,0.00457627118644037,1.0,747.1794999999998,0.06484404367402753,747.2289999999998,747.13,0.9998675104954441,0.6339262693688538,2.4597478960700907,100063,-1.0,0,46.28333333333333,0.0,46.28333333333333
-0.0002756321200381,0.0021423804226726,-0.0011457174638563,0.003288097886529,0.1700000000000727,0.0566666666666909,0.0508474576271186,723.1583333333333,0.043862157822991,723.1663333333332,723.1503333333332,0.9999778750762272,-2.553482525376213,2.241871768602651,24,668816129.0,1,,,
0.002830508474564125,0.0024894327029872476,0.002754171301423659,0.0002647385984364116,0.2300000000000182,0.0,0.0,742.3318333333334,0.0545127406106973,742.2883333333334,742.3753333333333,1.0001172051291838,-0.005950037088724377,2.234951535521631,100133,-1.0,0,39.1,0.0,39.1
-0.0028193942761870934,-0.0013259176863354583,-0.002493882091227934,0.0011679644048924755,0.21000000000003638,0.0035593220338989216,1.0,745.8718333333333,0.05702314344973608,745.9186666666665,745.8249999999999,0.9998744277749676,0.46497763959731075,2.1365594031246014,100114,-1.0,0,12.716666666666667,0.0,12.716666666666667
0.0034401222561804895,0.0012791991101023692,0.005508342602878064,0.004229143492775695,0.2799999999999727,0.02153846153845944,0.22033898305084745,742.5981666666665,0.07119203295001886,742.5463333333336,742.6500000000002,1.0001396096943893,0.031298479711297754,1.5193647685615856,100004,-1.0,0,4.833333333333333,0.0,4.833333333333333
-0.003091692136704903,-0.0008231368187057782,-0.007846496106786824,0.007023359288081046,0.3000000000000682,0.005660377358491853,0.8983050847457628,732.0105,0.07390139827274304,732.0506666666666,731.9703333333334,0.9998902626047743,-1.3921269837182642,2.983705385197592,100074,-1.0,0,35.25,0.0,35.25
0.001441233676014658,0.00148387096772251,0.001179087875391377,0.00030478309233113307,0.11000000000001364,0.0,0.0,751.7885,0.034680686267730416,751.7663333333331,751.8106666666666,1.000058972224969,1.2618298382835773,1.3984729029170953,100171,-1.0,0,6.266666666666667,0.0,6.266666666666667
0.0015432064462299964,0.0033681868742880114,0.0012458286985291172,0.002122358175758894,0.2300000000000182,0.006969696969697521,0.559322033898305,743.1433333333334,0.04574081571443692,743.1239999999999,743.1626666666667,1.000052032590344,0.10180460079705718,2.696351855713004,100022,-1.0,0,27.8,0.0,27.8
-0.0002756321200381,0.0021423804226726,-0.0011457174638563,0.003288097886529,0.1700000000000727,0.0566666666666909,0.0508474576271186,723.1583333333333,0.043862157822991,723.1663333333332,723.1503333333332,0.9999778750762272,-2.553482525376213,2.241871768602651,124,671376844.0,1,,,
-0.0016771325368195285,0.0007052280311272209,-0.006658509454967441,0.007363737486094662,0.2699999999999818,0.004999999999999664,0.9152542372881356,737.5423333333332,0.058548175794719784,737.5609999999999,737.5236666666666,0.9999493827177233,-0.6458263435463176,2.4310464229026083,100119,-1.0,0,34.65,0.0,34.65
-0.0017560433453789898,-0.00042936596219430667,-0.00028253615129799785,0.00014682981089630883,0.2099999999999227,0.005999999999997791,0.5932203389830508,735.8309999999999,0.04642915750545905,735.8643333333333,735.7976666666667,0.9999094035902452,-0.8693174443464655,2.3907390520025085,100115,-1.0,0,11.833333333333334,0.0,11.833333333333334
0.00045318143928624007,0.00040489432700965383,-0.0032502780867944988,0.0036551724138041528,0.2300000000000182,0.014375000000001137,0.2711864406779661,746.2315,0.04721669902339915,746.2153333333333,746.2476666666668,1.0000433297627227,0.5102079814259177,2.996821101996728,100046,-1.0,0,2.95,0.0,2.95
-0.0002756321200381,0.0021423804226726,-0.0011457174638563,0.003288097886529,0.1700000000000727,0.0566666666666909,0.0508474576271186,723.1583333333333,0.043862157822991,723.1663333333332,723.1503333333332,0.9999778750762272,-2.553482525376213,2.241871768602651,19,668723694.0,1,,,
-0.0002756321200381,0.0021423804226726,-0.0011457174638563,0.003288097886529,0.1700000000000727,0.0566666666666909,0.0508474576271186,723.1583333333333,0.043862157822991,723.1663333333332,723.1503333333332,0.9999778750762272,-2.553482525376213,2.241871768602651,140,671648210.0,1,,,
-0.0002756321200381,0.0021423804226726,-0.0011457174638563,0.003288097886529,0.1700000000000727,0.0566666666666909,0.0508474576271186,723.1583333333333,0.043862157822991,723.1663333333332,723.1503333333332,0.9999778750762272,-2.553482525376213,2.241871768602651,79,670584657.0,1,,,
0.0019577660461182304,0.0009899888765082035,0.002271412680741066,0.0012814238042328624,0.18000000000006366,0.010000000000003537,0.3050847457627119,752.7320000000001,0.04396210489348469,752.7009999999998,752.7629999999998,1.000082370024751,1.3815572137122285,2.092711443708258,100053,-1.0,0,14.866666666666667,0.0,14.866666666666667
-0.0002756321200381,0.0021423804226726,-0.0011457174638563,0.003288097886529,0.1700000000000727,0.0566666666666909,0.0508474576271186,723.1583333333333,0.043862157822991,723.1663333333332,723.1503333333332,0.9999778750762272,-2.553482525376213,2.241871768602651,18,668716847.0,1,,,
0.0021169769380258887,0.00126362625137039,0.002404894327016117,0.0011412680756457273,0.18999999999994088,0.011176470588231817,0.288135593220339,742.0831666666667,0.045405273800397536,742.05,742.1163333333334,1.0000893919996408,-0.03521672886017682,2.051890867924814,100099,-1.0,0,16.35,0.0,16.35
-0.0002756321200381,0.0021423804226726,-0.0011457174638563,0.003288097886529,0.1700000000000727,0.0566666666666909,0.0508474576271186,723.1583333333333,0.043862157822991,723.1663333333332,723.1503333333332,0.9999778750762272,-2.553482525376213,2.241871768602651,104,671114679.0,1,,,
0.0016865796054418558,0.003112347052253517,-0.0008209121245992964,0.003933259176852813,0.19000000000005457,0.038000000000010914,0.0847457627118644,747.1636666666667,0.04366412206326997,747.1356666666667,747.1916666666667,1.000074952920197,0.6392474860545669,2.374184153217136,100096,-1.0,0,28.566666666666666,0.0,28.566666666666666
-0.0002756321200381,0.0021423804226726,-0.0011457174638563,0.003288097886529,0.1700000000000727,0.0566666666666909,0.0508474576271186,723.1583333333333,0.043862157822991,723.1663333333332,723.1503333333332,0.9999778750762272,-2.553482525376213,2.241871768602651,31,669531860.0,1,,,
-0.0027090858571899076,-0.0010812013348456301,-0.004324805339286905,0.0032436040044412752,0.2400000000000091,0.004137931034482916,0.9830508474576272,745.4253333333335,0.05590070562068247,745.4659999999999,745.3846666666668,0.9998908959854198,0.4051139518829776,2.2420706848312726,100079,-1.0,0,23.5,0.0,23.5
-0.0019102528480228265,-0.0013147942158102568,-0.0013659621802165028,5.116796440624602e-05,0.20000000000004547,0.003389830508475347,1.0,741.5268333333333,0.04264159419575665,741.5583333333335,741.4953333333332,0.9999150437704379,-0.1097137624602362,2.2708656925174044,100160,-1.0,0,14.783333333333333,0.0,14.783333333333333
-0.0002756321200381,0.0021423804226726,-0.0011457174638563,0.003288097886529,0.1700000000000727,0.0566666666666909,0.0508474576271186,723.1583333333333,0.043862157822991,723.1663333333332,723.1503333333332,0.9999778750762272,-2.553482525376213,2.241871768602651,172,672269283.0,1,,,
-0.0022647957766067546,-0.002665183537283075,-0.0023203559510762946,0.0003448275862067804,0.18000000000006366,0.0033333333333345123,0.9152542372881356,752.2718333333333,0.04674368644236532,752.3046666666665,752.2390000000001,0.9999127126687153,1.3203632218264671,1.9646146960751063,100082,-1.0,0,15.383333333333333,0.0,15.383333333333333
0.001496526812998394,0.001906562847591067,0.0024671857619459475,0.0005606229143548804,0.17999999999994998,0.0089999999999975,0.3389830508474576,744.4413333333331,0.03792390040888585,744.4223333333334,744.4603333333331,1.00005104629227,0.28139566394004156,1.880959831768059,100066,-1.0,0,19.916666666666668,0.0,19.916666666666668
-0.0002756321200381,0.0021423804226726,-0.0011457174638563,0.003288097886529,0.1700000000000727,0.0566666666666909,0.0508474576271186,723.1583333333333,0.043862157822991,723.1663333333332,723.1503333333332,0.9999778750762272,-2.553482525376213,2.241871768602651,163,672104482.0,1,,,
-0.0017290914142925268,0.0026540600667240965,-0.0056195773081460275,0.008273637374870125,0.2400000000000091,0.004210526315789633,0.9661016949152542,750.3838333333333,0.05440869007387703,750.4110000000001,750.3566666666666,0.9999275952333675,1.063614516740582,2.4597786337365,100007,-1.0,0,37.733333333333334,0.0,37.733333333333334
-0.0002756321200381,0.0021423804226726,-0.0011457174638563,0.003288097886529,0.1700000000000727,0.0566666666666909,0.0508474576271186,723.1583333333333,0.043862157822991,723.1663333333332,723.1503333333332,0.9999778750762272,-2.553482525376213,2.241871768602651,59,670138695.0,1,,,
-0.0002756321200381,0.0021423804226726,-0.0011457174638563,0.003288097886529,0.1700000000000727,0.0566666666666909,0.0508474576271186,723.1583333333333,0.043862157822991,723.1663333333332,723.1503333333332,0.9999778750762272,-2.553482525376213,2.241871768602651,148,671824646.0,1,,,
-0.0012111697693853397,-0.0037308120133564193,-0.000293659621834927,0.003437152391521492,0.16999999999995907,0.004722222222221085,0.6101694915254238,752.0608333333332,0.03917021260545083,752.0750000000002,752.0466666666667,0.9999623264523706,1.2950874425693146,1.808346920316564,100118,-1.0,0,9.283333333333333,0.0,9.283333333333333
-0.0002756321200381,0.0021423804226726,-0.0011457174638563,0.003288097886529,0.1700000000000727,0.0566666666666909,0.0508474576271186,723.1583333333333,0.043862157822991,723.1663333333332,723.1503333333332,0.9999778750762272,-2.553482525376213,2.241871768602651,111,671139428.0,1,,,
-0.0002756321200381,0.0021423804226726,-0.0011457174638563,0.003288097886529,0.1700000000000727,0.0566666666666909,0.0508474576271186,723.1583333333333,0.043862157822991,723.1663333333332,723.1503333333332,0.9999778750762272,-2.553482525376213,2.241871768602651,139,671645443.0,1,,,
-0.0002756321200381,0.0021423804226726,-0.0011457174638563,0.003288097886529,0.1700000000000727,0.0566666666666909,0.0508474576271186,723.1583333333333,0.043862157822991,723.1663333333332,723.1503333333332,0.9999778750762272,-2.553482525376213,2.241871768602651,15,668555682.0,1,,,
-0.0002756321200381,0.0021423804226726,-0.0011457174638563,0.003288097886529,0.1700000000000727,0.0566666666666909,0.0508474576271186,723.1583333333333,0.043862157822991,723.1663333333332,723.1503333333332,0.9999778750762272,-2.553482525376213,2.241871768602651,145,671823162.0,1,,,
-0.0002756321200381,0.0021423804226726,-0.0011457174638563,0.003288097886529,0.1700000000000727,0.0566666666666909,0.0508474576271186,723.1583333333333,0.043862157822991,723.1663333333332,723.1503333333332,0.9999778750762272,-2.553482525376213,2.241871768602651,6,668451679.0,1,,,
-0.0012928591275468567,-0.004046718576195501,0.004440489432681223,0.008487208008876725,0.2400000000000091,0.005714285714285931,0.711864406779661,738.6128333333334,0.059107012180348216,738.6396666666666,738.5859999999998,0.9999273439146465,-0.5034837972033555,2.4165209518206274,100078,-1.0,0,45.96666666666667,0.0,45.96666666666667
0.018979160878014493,0.0050923248053316795,0.002974416017790058,0.0021179087875416213,0.8899999999999864,0.8899999999999864,0.01694915254237288,752.8503333333334,0.3693731927949793,752.4909999999999,753.2096666666669,1.0009550501822175,1.3496299135979195,1.2191825019186067,100056,-1.0,0,44.483333333333334,0.0,44.483333333333334
-0.0002756321200381,0.0021423804226726,-0.0011457174638563,0.003288097886529,0.1700000000000727,0.0566666666666909,0.0508474576271186,723.1583333333333,0.043862157822991,723.1663333333332,723.1503333333332,0.9999778750762272,-2.553482525376213,2.241871768602651,10,668540964.0,1,,,
-0.0020825229230390686,-0.0003848720800969493,-0.0026073414905690485,0.0022224694104720994,0.17999999999994998,0.003333333333332407,0.9152542372881356,748.9668333333335,0.04645756725825558,749.0010000000002,748.9326666666665,0.9999087673670213,0.8800325410833127,2.084339302469595,100001,-1.0,0,18.633333333333333,0.0,18.633333333333333
0.0017988330091617993,-0.00034705228031809825,0.0023359288097739095,0.0026829810900920077,0.3100000000000591,0.02583333333333826,0.2033898305084746,725.9216666666669,0.05260439356387418,725.8906666666666,725.9526666666666,1.0000854123118634,-2.1876488782331025,2.1227631211320097,100151,-1.0,0,7.5,0.0,7.5
-0.0002756321200381,0.0021423804226726,-0.0011457174638563,0.003288097886529,0.1700000000000727,0.0566666666666909,0.0508474576271186,723.1583333333333,0.043862157822991,723.1663333333332,723.1503333333332,0.9999778750762272,-2.553482525376213,2.241871768602651,81,670594461.0,1,,,
0.001749930536253819,0.0031612903225554097,0.0005717463848544914,0.0025895439377009184,0.19000000000005457,0.04750000000001364,0.06779661016949153,751.61,0.046654760385909294,751.5843333333333,751.6356666666666,1.000068300164142,1.232563146512125,1.9290635994181142,100005,-1.0,0,19.4,0.0,19.4
0.000946651847732698,0.00024694104558932374,-0.0010100111234844376,0.0012569521690737615,0.2199999999999136,0.02199999999999136,0.1694915254237288,732.0684999999999,0.04802169648537703,732.0476666666666,732.0893333333336,1.0000569179693677,-1.3695118128039532,2.2593953970964105,100021,-1.0,0,20.8,0.0,20.8
-0.0002756321200381,0.0021423804226726,-0.0011457174638563,0.003288097886529,0.1700000000000727,0.0566666666666909,0.0508474576271186,723.1583333333333,0.043862157822991,723.1663333333332,723.1503333333332,0.9999778750762272,-2.553482525376213,2.241871768602651,173,672269792.0,1,,,
0.0030455682133977654,0.0006117908787359468,0.008889877641816311,0.008278086763080365,0.2999999999999545,0.023076923076919578,0.22033898305084745,750.6848333333334,0.07288099127268581,750.6476666666665,750.7219999999999,1.0000990255970068,1.1061842502263324,1.5756280386425736,100000,-1.0,0,36.28333333333333,0.0,36.28333333333333
0.0002934148374487619,-0.001982202447181825,0.002062291434911411,0.004044493882093237,0.18000000000006366,0.008181818181821076,0.3728813559322034,730.1293333333334,0.036781637931011545,730.1236666666666,730.1349999999999,1.000015522484547,-1.6235999095469968,2.1568733149476698,100057,-1.0,0,40.016666666666666,0.0,40.016666666666666
0.0011022506251690796,0.0024894327029780982,-0.0004048943270445809,0.002894327030022679,0.17000000000007276,0.0,0.0,744.2711666666668,0.03366955433159976,744.2543333333335,744.2879999999998,1.0000452354325107,0.2547895805114457,3.0046927758668263,100170,-1.0,0,11.683333333333334,0.0,11.683333333333334
-0.0002756321200381,0.0021423804226726,-0.0011457174638563,0.003288097886529,0.1700000000000727,0.0566666666666909,0.0508474576271186,723.1583333333333,0.043862157822991,723.1663333333332,723.1503333333332,0.9999778750762272,-2.553482525376213,2.241871768602651,92,670938327.0,1,,,
-0.0002756321200381,0.0021423804226726,-0.0011457174638563,0.003288097886529,0.1700000000000727,0.0566666666666909,0.0508474576271186,723.1583333333333,0.043862157822991,723.1663333333332,723.1503333333332,0.9999778750762272,-2.553482525376213,2.241871768602651,69,670329256.0,1,,,
0.0015056960266647313,-0.00018020022248225025,0.003626251390424098,0.0038064516129063483,0.20000000000004547,0.010526315789476078,0.3220338983050847,747.6285,0.04430293444004954,747.6070000000002,747.65,1.0000575168504304,0.7044323904546131,1.771891658921648,100055,-1.0,0,5.083333333333333,0.0,5.083333333333333
-0.0002756321200381,0.0021423804226726,-0.0011457174638563,0.003288097886529,0.1700000000000727,0.0566666666666909,0.0508474576271186,723.1583333333333,0.043862157822991,723.1663333333332,723.1503333333332,0.9999778750762272,-2.553482525376213,2.241871768602651,96,670961352.0,1,,,
-0.0002756321200381,0.0021423804226726,-0.0011457174638563,0.003288097886529,0.1700000000000727,0.0566666666666909,0.0508474576271186,723.1583333333333,0.043862157822991,723.1663333333332,723.1503333333332,0.9999778750762272,-2.553482525376213,2.241871768602651,143,671740824.0,1,,,
0.002220338983042049,0.0021646273637163198,0.0028654060066693613,0.0007007786429530415,0.2300000000000182,0.2300000000000182,0.01694915254237288,745.8008333333332,0.048692630060645496,745.769,745.8326666666668,1.000085370492293,0.4609867270830259,1.6600732643220752,100092,-1.0,0,42.2,0.0,42.2
-0.0002756321200381,0.0021423804226726,-0.0011457174638563,0.003288097886529,0.1700000000000727,0.0566666666666909,0.0508474576271186,723.1583333333333,0.043862157822991,723.1663333333332,723.1503333333332,0.9999778750762272,-2.553482525376213,2.241871768602651,97,671024106.0,1,,,
0.0014348430119428444,0.006157953281419979,-0.0022780867630845213,0.0084360400445045,0.2400000000000091,0.0,0.0,742.0936666666668,0.05504442650158965,742.0746666666668,742.1126666666667,1.0000512077850205,-0.039207641374461664,2.428341526328134,100156,-1.0,0,31.233333333333334,0.0,31.233333333333334
-0.0002756321200381,0.0021423804226726,-0.0011457174638563,0.003288097886529,0.1700000000000727,0.0566666666666909,0.0508474576271186,723.1583333333333,0.043862157822991,723.1663333333332,723.1503333333332,0.9999778750762272,-2.553482525376213,2.241871768602651,68,670325686.0,1,,,
-0.0002756321200381,0.0021423804226726,-0.0011457174638563,0.003288097886529,0.1700000000000727,0.0566666666666909,0.0508474576271186,723.1583333333333,0.043862157822991,723.1663333333332,723.1503333333332,0.9999778750762272,-2.553482525376213,2.241871768602651,23,668811652.0,1,,,
-0.0002756321200381,0.0021423804226726,-0.0011457174638563,0.003288097886529,0.1700000000000727,0.0566666666666909,0.0508474576271186,723.1583333333333,0.043862157822991,723.1663333333332,723.1503333333332,0.9999778750762272,-2.553482525376213,2.241871768602651,37,669779409.0,1,,,
-0.0002756321200381,0.0021423804226726,-0.0011457174638563,0.003288097886529,0.1700000000000727,0.0566666666666909,0.0508474576271186,723.1583333333333,0.043862157822991,723.1663333333332,723.1503333333332,0.9999778750762272,-2.553482525376213,2.241871768602651,144,671746873.0,1,,,
-0.0002756321200381,0.0021423804226726,-0.0011457174638563,0.003288097886529,0.1700000000000727,0.0566666666666909,0.0508474576271186,723.1583333333333,0.043862157822991,723.1663333333332,723.1503333333332,0.9999778750762272,-2.553482525376213,2.241871768602651,122,671376059.0,1,,,
-0.0002756321200381,0.0021423804226726,-0.0011457174638563,0.003288097886529,0.1700000000000727,0.0566666666666909,0.0508474576271186,723.1583333333333,0.043862157822991,723.1663333333332,723.1503333333332,0.9999778750762272,-2.553482525376213,2.241871768602651,67,670321691.0,1,,,
-0.0036304529035877287,-0.0036329254727710154,-0.004077864293669912,0.00044493882089889636,0.25,0.004901960784313725,0.864406779661017,756.0016666666667,0.06770442296400972,756.0550000000001,755.9483333333333,0.9998589167895632,1.812575765255385,1.7970268608794613,100105,-1.0,0,47.63333333333333,0.0,47.63333333333333
0.0012820227840942896,0.0031145717463601703,0.00020912124580332693,0.0029054505005568433,0.21000000000003638,0.10500000000001819,0.03389830508474576,738.5266666666665,0.039693268390948035,738.5093333333332,738.5440000000001,1.0000469414062927,-0.5101353180605119,2.6872734594688796,100090,-1.0,0,12.233333333333333,0.0,12.233333333333333
-0.0002756321200381,0.0021423804226726,-0.0011457174638563,0.003288097886529,0.1700000000000727,0.0566666666666909,0.0508474576271186,723.1583333333333,0.043862157822991,723.1663333333332,723.1503333333332,0.9999778750762272,-2.553482525376213,2.241871768602651,125,671377912.0,1,,,
-0.0002756321200381,0.0021423804226726,-0.0011457174638563,0.003288097886529,0.1700000000000727,0.0566666666666909,0.0508474576271186,723.1583333333333,0.043862157822991,723.1663333333332,723.1503333333332,0.9999778750762272,-2.553482525376213,2.241871768602651,146,671823654.0,1,,,
0.001152542372877322,0.0021268075639482302,0.0013615127919752335,0.0007652947719729967,0.14999999999997726,0.0,0.0,750.9343333333333,0.035747571790120704,750.9199999999998,750.9486666666668,1.0000381753937395,1.1421024628549261,2.638873876163388,100018,-1.0,0,3.85,0.0,3.85
-0.0002756321200381,0.0021423804226726,-0.0011457174638563,0.003288097886529,0.1700000000000727,0.0566666666666909,0.0508474576271186,723.1583333333333,0.043862157822991,723.1663333333332,723.1503333333332,0.9999778750762272,-2.553482525376213,2.241871768602651,86,670856365.0,1,,,
-0.06401500416783465,-0.033219132369318685,-0.002398220244734553,0.030820912124584134,2.659999999999968,0.04749999999999943,0.9491525423728814,743.1103333333333,1.274543011784579,744.3013333333332,741.9193333333332,0.9967996832823981,-0.052510683088759606,0.981005208747413,100121,-1.0,0,46.016666666666666,0.0,46.016666666666666
0.0011297582661700222,-0.004320355951073239,0.0013526140155612906,0.005672969966634529,0.2400000000000091,0.013333333333333839,0.3050847457627119,745.4913333333333,0.054297534218615676,745.4613333333334,745.5213333333336,1.000080487071988,0.4104351685687059,2.7871124446265774,100044,-1.0,0,40.53333333333333,1.0,40.53333333333333
0.23542150597388126,0.3537797552836261,0.0027986651835183534,0.35098109010010775,10.040000000000077,2.5100000000000193,0.06779661016949153,741.214,4.8192887442028125,737.3973333333331,745.0306666666669,1.010351723539368,-0.9597781280036795,1.2811019068792837,100122,-1.0,0,53.9,0.0,53.9
0.0047490969713739695,0.0067541713014130115,0.003906562847584405,0.0028476084538286064,0.37999999999999545,0.37999999999999545,0.01694915254237288,745.4436666666666,0.08837357573896049,745.3753333333334,745.5120000000001,1.0001833528164334,0.3944715185115514,2.5309224482123733,100135,-1.0,0,58.63333333333333,0.0,58.63333333333333
0.002087246457345678,0.0009254727474986681,0.002705228031125657,0.0017797552836269887,0.20000000000004547,0.011111111111113637,0.3050847457627119,747.728,0.04563624290699467,747.6953333333335,747.7606666666667,1.0000873796189713,0.7164051279974828,1.9282919538163312,100091,-1.0,0,31.133333333333333,0.0,31.133333333333333
-0.0002756321200381,0.0021423804226726,-0.0011457174638563,0.003288097886529,0.1700000000000727,0.0566666666666909,0.0508474576271186,723.1583333333333,0.043862157822991,723.1663333333332,723.1503333333332,0.9999778750762272,-2.553482525376213,2.241871768602651,168,672183596.0,1,,,
-0.0017904973603802782,-0.0028253615128198233,0.0003692992213532432,0.0031946607341730663,0.2099999999999227,0.005249999999998067,0.6779661016949152,753.8096666666665,0.046546273272472204,753.8393333333333,753.78,0.999921291804885,1.523899760055191,2.1412383776264936,100070,-1.0,0,18.85,0.0,18.85
-0.0002756321200381,0.0021423804226726,-0.0011457174638563,0.003288097886529,0.1700000000000727,0.0566666666666909,0.0508474576271186,723.1583333333333,0.043862157822991,723.1663333333332,723.1503333333332,0.9999778750762272,-2.553482525376213,2.241871768602651,175,672352068.0,1,,,
-0.038608224506813144,-0.11336151279199665,-1.1123470539034784e-05,0.1133503893214576,2.4799999999999045,0.19076923076922342,0.22033898305084745,759.8345,0.9517832824055293,760.3233333333335,759.3456666666666,0.9987141435441936,2.2529064459985544,0.6771499478022871,100140,-1.0,0,39.68333333333333,0.0,39.68333333333333
-0.0002756321200381,0.0021423804226726,-0.0011457174638563,0.003288097886529,0.1700000000000727,0.0566666666666909,0.0508474576271186,723.1583333333333,0.043862157822991,723.1663333333332,723.1503333333332,0.9999778750762272,-2.553482525376213,2.241871768602651,129,671395245.0,1,,,
-0.0002756321200381,0.0021423804226726,-0.0011457174638563,0.003288097886529,0.1700000000000727,0.0566666666666909,0.0508474576271186,723.1583333333333,0.043862157822991,723.1663333333332,723.1503333333332,0.9999778750762272,-2.553482525376213,2.241871768602651,38,669780445.0,1,,,
-0.0002756321200381,0.0021423804226726,-0.0011457174638563,0.003288097886529,0.1700000000000727,0.0566666666666909,0.0508474576271186,723.1583333333333,0.043862157822991,723.1663333333332,723.1503333333332,0.9999778750762272,-2.553482525376213,2.241871768602651,11,668541515.0,1,,,
0.0010080577938296456,-0.00036040044494512353,0.0010901001112281555,0.001450500556173279,0.2299999999999045,0.007931034482755327,0.4915254237288136,733.6543333333334,0.04480947320476669,733.6360000000002,733.6726666666667,1.0000499793721498,-1.1553328412038033,1.8820425080198546,100071,-1.0,0,4.833333333333333,0.0,4.833333333333333
-0.002778827452069398,-0.002763070077889297,-0.003668520578437667,0.00090545050054837,0.21000000000003638,0.003620689655173041,0.9830508474576272,749.8845,0.05523962949429993,749.9240000000002,749.845,0.9998946559918069,0.9997599165119639,2.072787255241021,100107,-1.0,0,25.95,0.0,25.95
-0.0002756321200381,0.0021423804226726,-0.0011457174638563,0.003288097886529,0.1700000000000727,0.0566666666666909,0.0508474576271186,723.1583333333333,0.043862157822991,723.1663333333332,723.1503333333332,0.9999778750762272,-2.553482525376213,2.241871768602651,112,671204280.0,1,,,
-0.0030291747707733917,-0.0020244716351606124,-0.003942157953292233,0.001917686318131621,0.25,0.004901960784313725,0.864406779661017,736.9369999999999,0.06293647591023722,736.9826666666665,736.8913333333333,0.9998760712599302,-0.7243142896606619,2.017907710325022,100049,-1.0,0,51.916666666666664,1.0,51.916666666666664
-0.0023603778827469323,-0.00251167964406249,-0.002838709677440891,0.000327030033378401,0.21000000000003638,0.005000000000000867,0.711864406779661,743.2265000000001,0.04962610200288318,743.2603333333335,743.1926666666665,0.999908959669133,0.11776825085421168,1.7430343409822742,100104,-1.0,0,6.7,0.0,6.7
-0.0002756321200381,0.0021423804226726,-0.0011457174638563,0.003288097886529,0.1700000000000727,0.0566666666666909,0.0508474576271186,723.1583333333333,0.043862157822991,723.1663333333332,723.1503333333332,0.9999778750762272,-2.553482525376213,2.241871768602651,117,671294608.0,1,,,
0.0014987496526746539,0.0010856507230097366,0.0053081201334555855,0.004222469410445849,0.2599999999999909,0.06499999999999773,0.06779661016949153,739.2173333333334,0.060301096360043285,739.203333333333,739.2313333333333,1.00003787861707,-0.4210049385747263,2.111625509643761,100148,-1.0,0,41.0,0.0,41.0
0.0018977493748186466,0.002520578420450034,0.001995550611766642,0.0005250278086833919,0.16999999999995907,0.021249999999994884,0.13559322033898305,751.3203333333335,0.04381653670578639,751.2936666666667,751.3469999999999,1.000070988663554,1.196644933883531,1.6051778305920532,100162,-1.0,0,53.1,0.0,53.1
0.002305084745753154,0.004407119021120972,0.0013681868742928239,0.0030389321468281484,0.2700000000000955,0.2700000000000955,0.01694915254237288,749.3553333333334,0.05536143864540064,749.3236666666669,749.387,1.0000845206633,0.9212719703976197,3.1670660594011846,100077,-1.0,0,2.55,0.0,2.55
0.0023673242567307604,0.0010989988876222406,0.002505005561735228,0.0014060066741129874,0.18000000000006366,0.0,0.0,747.595,0.047836527187221034,747.5566666666668,747.6333333333333,1.0001025563279482,0.7004414779403283,1.5678395654959008,100142,-1.0,0,30.633333333333333,0.0,30.633333333333333
-0.0002756321200381,0.0021423804226726,-0.0011457174638563,0.003288097886529,0.1700000000000727,0.0566666666666909,0.0508474576271186,723.1583333333333,0.043862157822991,723.1663333333332,723.1503333333332,0.9999778750762272,-2.553482525376213,2.241871768602651,164,672178090.0,1,,,
0.0019319255348700423,0.003470522803092738,0.0017864293659456032,0.0016840934371471347,0.21000000000003638,0.0,0.0,757.1641666666668,0.04306164831443515,757.1386666666665,757.1896666666664,1.0000673588633697,1.96822135331263,2.651237728597956,100032,-1.0,0,22.95,0.0,22.95
0.0006632397888283399,-0.0014438264738727074,0.0012146829810735743,0.002658509454946282,0.19000000000005457,0.00791666666666894,0.4067796610169492,730.8808333333333,0.03751851394829395,730.867,730.8946666666668,1.000037854584578,-1.5264877050326415,2.687562025304672,100106,-1.0,0,26.416666666666668,0.0,26.416666666666668
-0.0002756321200381,0.0021423804226726,-0.0011457174638563,0.003288097886529,0.1700000000000727,0.0566666666666909,0.0508474576271186,723.1583333333333,0.043862157822991,723.1663333333332,723.1503333333332,0.9999778750762272,-2.553482525376213,2.241871768602651,154,671911350.0,1,,,
0.002243956654619213,0.0025850945494730404,0.002166852057828702,0.0004182424916443386,0.2400000000000091,0.2400000000000091,0.01694915254237288,752.6890000000001,0.051951900831446005,752.6560000000001,752.7220000000001,1.000087689462384,1.369584476169359,2.675551765682234,100062,-1.0,0,33.4,0.0,33.4
-0.0002756321200381,0.0021423804226726,-0.0011457174638563,0.003288097886529,0.1700000000000727,0.0566666666666909,0.0508474576271186,723.1583333333333,0.043862157822991,723.1663333333332,723.1503333333332,0.9999778750762272,-2.553482525376213,2.241871768602651,2,668363851.0,1,,,
-0.0002756321200381,0.0021423804226726,-0.0011457174638563,0.003288097886529,0.1700000000000727,0.0566666666666909,0.0508474576271186,723.1583333333333,0.043862157822991,723.1663333333332,723.1503333333332,0.9999778750762272,-2.553482525376213,2.241871768602651,115,671224977.0,1,,,
0.0027627118643990052,0.000496106785305887,0.003537263626236634,0.0030411568409307466,0.1999999999999318,0.015384615384610138,0.22033898305084745,737.4195000000001,0.05672815291663577,737.3743333333333,737.4646666666665,1.0001225067503026,-0.6564687769177439,1.753979195237569,100017,-1.0,0,7.716666666666667,0.0,7.716666666666667
-0.0021742150597472863,-0.005196885428261285,-0.001065628476102392,0.004131256952158893,0.21000000000003638,0.0077777777777791254,0.4576271186440678,730.7315000000001,0.054522930955700204,730.7593333333333,730.7036666666667,0.9999238235296801,-1.5477725717755093,2.045011118178614,100019,-1.0,0,24.566666666666666,0.0,24.566666666666666
0.0005890525145827201,0.0009410456062103502,-0.0020978865406159853,0.0030389321468263356,0.21000000000003638,0.10500000000001819,0.03389830508474576,737.9256666666668,0.04283171203158388,737.9109999999998,737.9403333333335,1.000039751858061,-0.592614176689141,2.9339631947034137,100061,-1.0,0,7.3,0.0,7.3
-0.0002756321200381,0.0021423804226726,-0.0011457174638563,0.003288097886529,0.1700000000000727,0.0566666666666909,0.0508474576271186,723.1583333333333,0.043862157822991,723.1663333333332,723.1503333333332,0.9999778750762272,-2.553482525376213,2.241871768602651,120,671308300.0,1,,,
0.0020930814115012954,0.002360400444926706,0.0016507230255628628,0.0007096774193638433,0.2300000000000182,0.0,0.0,738.1528333333334,0.048890751227158746,738.1209999999999,738.1846666666664,1.0000862550539364,-0.5620171807462603,2.5124042942753273,100095,-1.0,0,28.4,0.0,28.4
-0.0009505418171784053,-0.0019888765294873234,-0.00048275862069451793,0.0015061179087928055,0.17999999999994998,0.013846153846149999,0.22033898305084745,733.6671666666667,0.046479087292629624,733.6800000000001,733.6543333333332,0.9999650165376365,-1.1553328412038033,2.0905459277830682,100023,-1.0,0,4.333333333333333,0.0,4.333333333333333
-0.0028268963601093145,-0.0015127919911118752,-0.002700778642954146,0.001187986651842271,0.2400000000000091,0.005106382978723597,0.7966101694915254,737.8226666666666,0.05662351298022996,737.8686666666667,737.7766666666666,0.999875316564917,-0.6032566100605673,1.813145480789871,100128,-1.0,0,38.68333333333333,0.0,38.68333333333333
-0.0002756321200381,0.0021423804226726,-0.0011457174638563,0.003288097886529,0.1700000000000727,0.0566666666666909,0.0508474576271186,723.1583333333333,0.043862157822991,723.1663333333332,723.1503333333332,0.9999778750762272,-2.553482525376213,2.241871768602651,127,671384112.0,1,,,
-0.0002756321200381,0.0021423804226726,-0.0011457174638563,0.003288097886529,0.1700000000000727,0.0566666666666909,0.0508474576271186,723.1583333333333,0.043862157822991,723.1663333333332,723.1503333333332,0.9999778750762272,-2.553482525376213,2.241871768602651,74,670412275.0,1,,,
0.0004340094470622294,0.0016952169076556167,-0.0006229143492960406,0.002318131256951657,0.17000000000007276,0.00333333333333476,0.864406779661017,738.8520000000001,0.037496666518507825,738.846,738.8580000000001,1.0000162415442462,-0.46224436788904844,1.9201706894285717,100109,-1.0,0,8.483333333333333,0.0,8.483333333333333
-0.0002756321200381,0.0021423804226726,-0.0011457174638563,0.003288097886529,0.1700000000000727,0.0566666666666909,0.0508474576271186,723.1583333333333,0.043862157822991,723.1663333333332,723.1503333333332,0.9999778750762272,-2.553482525376213,2.241871768602651,29,669518763.0,1,,,
-0.0002756321200381,0.0021423804226726,-0.0011457174638563,0.003288097886529,0.1700000000000727,0.0566666666666909,0.0508474576271186,723.1583333333333,0.043862157822991,723.1663333333332,723.1503333333332,0.9999778750762272,-2.553482525376213,2.241871768602651,83,670842459.0,1,,,
-0.0019647124201175475,0.00012680756395103598,-0.002442714126813275,0.002569521690764311,0.1999999999999318,0.004545454545452995,0.7457627118644068,742.0655,0.050709137901042534,742.099,742.0319999999999,0.9999097155500815,-0.039207641374461664,2.0804928730180086,100116,-1.0,0,7.366666666666666,0.0,7.366666666666666
-0.0002756321200381,0.0021423804226726,-0.0011457174638563,0.003288097886529,0.1700000000000727,0.0566666666666909,0.0508474576271186,723.1583333333333,0.043862157822991,723.1663333333332,723.1503333333332,0.9999778750762272,-2.553482525376213,2.241871768602651,107,671120289.0,1,,,
0.0005740483467512996,-0.0004649610678665252,0.0013236929921980243,0.0017886540600645495,0.15999999999996817,0.007999999999998408,0.3389830508474576,749.4316666666667,0.028819360776336247,749.4223333333333,749.441,1.0000249080736408,0.9452174454833591,2.4867542074549105,100068,-1.0,0,11.8,0.0,11.8
0.014190330647399366,0.04826696329253051,0.0021468298108895233,0.046120133481640985,2.1200000000000045,0.0,0.0,744.7445,0.5043557772049376,744.5866666666668,744.9023333333332,1.0004239488575313,0.08051973405418955,3.736449715007951,100108,-1.0,0,37.65,0.0,37.65
-0.0002756321200381,0.0021423804226726,-0.0011457174638563,0.003288097886529,0.1700000000000727,0.0566666666666909,0.0508474576271186,723.1583333333333,0.043862157822991,723.1663333333332,723.1503333333332,0.9999778750762272,-2.553482525376213,2.241871768602651,133,671560213.0,1,,,
0.0014542928591254915,0.0016907675194499708,0.0018109010010909738,0.00012013348164100304,0.18999999999994088,0.09499999999997044,0.03389830508474576,742.3216666666667,0.03975620147293004,742.3013333333333,742.3419999999999,1.000054784579847,-0.0046197329172960955,2.557253029716952,100008,-1.0,0,29.466666666666665,0.0,29.466666666666665
-0.003751875520986786,-0.0024649610678796822,-0.0052169076752200776,0.0027519466073403953,0.2599999999999909,0.004905660377358319,0.8983050847457628,737.3454999999999,0.07308499618024021,737.4013333333331,737.2896666666669,0.9998485673111528,-0.6737627311463267,2.1276596856673207,100158,-1.0,0,44.81666666666667,0.0,44.81666666666667
-0.0002756321200381,0.0021423804226726,-0.0011457174638563,0.003288097886529,0.1700000000000727,0.0566666666666909,0.0508474576271186,723.1583333333333,0.043862157822991,723.1663333333332,723.1503333333332,0.9999778750762272,-2.553482525376213,2.241871768602651,44,669886865.0,1,,,
0.0016198944151090257,0.0020177975528282116,0.0020088987764083433,8.898776419868307e-06,0.15999999999996817,0.15999999999996817,0.01694915254237288,734.5813333333334,0.04287449384217307,734.559,734.6036666666665,1.0000608074595323,-1.0316145532608672,1.8970097613937498,100147,-1.0,0,2.45,0.0,2.45
-0.0002756321200381,0.0021423804226726,-0.0011457174638563,0.003288097886529,0.1700000000000727,0.0566666666666909,0.0508474576271186,723.1583333333333,0.043862157822991,723.1663333333332,723.1503333333332,0.9999778750762272,-2.553482525376213,2.241871768602651,65,670315385.0,1,,,
0.0003314809669314795,-0.0021890989988949867,0.005844271412661848,0.008033370411556835,0.2400000000000091,0.006000000000000227,0.6779661016949152,741.0335,0.052466656077926326,741.036,741.0309999999998,0.9999932526894778,-0.17755927520313905,2.1632787085090426,100086,-1.0,0,26.083333333333332,0.0,26.083333333333332
-0.0002756321200381,0.0021423804226726,-0.0011457174638563,0.003288097886529,0.1700000000000727,0.0566666666666909,0.0508474576271186,723.1583333333333,0.043862157822991,723.1663333333332,723.1503333333332,0.9999778750762272,-2.553482525376213,2.241871768602651,85,670852738.0,1,,,
-0.0016293414837463605,-0.0020200222469556567,-0.0036840934371706073,0.0016640711902149506,0.21000000000003638,0.003620689655173041,0.9830508474576272,744.7536666666667,0.044980242576287306,744.7719999999998,744.7353333333335,0.9999507679307676,0.3159835723972071,2.749355263191282,100010,-1.0,0,4.533333333333333,0.0,4.533333333333333
-0.0002756321200381,0.0021423804226726,-0.0011457174638563,0.003288097886529,0.1700000000000727,0.0566666666666909,0.0508474576271186,723.1583333333333,0.043862157822991,723.1663333333332,723.1503333333332,0.9999778750762272,-2.553482525376213,2.241871768602651,70,670398725.0,1,,,
-0.0002756321200381,0.0021423804226726,-0.0011457174638563,0.003288097886529,0.1700000000000727,0.0566666666666909,0.0508474576271186,723.1583333333333,0.043862157822991,723.1663333333332,723.1503333333332,0.9999778750762272,-2.553482525376213,2.241871768602651,159,671921784.0,1,,,
-0.0002756321200381,0.0021423804226726,-0.0011457174638563,0.003288097886529,0.1700000000000727,0.0566666666666909,0.0508474576271186,723.1583333333333,0.043862157822991,723.1663333333332,723.1503333333332,0.9999778750762272,-2.553482525376213,2.241871768602651,12,668542064.0,1,,,
-0.0002756321200381,0.0021423804226726,-0.0011457174638563,0.003288097886529,0.1700000000000727,0.0566666666666909,0.0508474576271186,723.1583333333333,0.043862157822991,723.1663333333332,723.1503333333332,0.9999778750762272,-2.553482525376213,2.241871768602651,35,669690620.0,1,,,
-0.0002756321200381,0.0021423804226726,-0.0011457174638563,0.003288097886529,0.1700000000000727,0.0566666666666909,0.0508474576271186,723.1583333333333,0.043862157822991,723.1663333333332,723.1503333333332,0.9999778750762272,-2.553482525376213,2.241871768602651,28,669434703.0,1,,,
-0.0002756321200381,0.0021423804226726,-0.0011457174638563,0.003288097886529,0.1700000000000727,0.0566666666666909,0.0508474576271186,723.1583333333333,0.043862157822991,723.1663333333332,723.1503333333332,0.9999778750762272,-2.553482525376213,2.241871768602651,170,672190662.0,1,,,
-0.0002756321200381,0.0021423804226726,-0.0011457174638563,0.003288097886529,0.1700000000000727,0.0566666666666909,0.0508474576271186,723.1583333333333,0.043862157822991,723.1663333333332,723.1503333333332,0.9999778750762272,-2.553482525376213,2.241871768602651,142,671731643.0,1,,,
-0.0002756321200381,0.0021423804226726,-0.0011457174638563,0.003288097886529,0.1700000000000727,0.0566666666666909,0.0508474576271186,723.1583333333333,0.043862157822991,723.1663333333332,723.1503333333332,0.9999778750762272,-2.553482525376213,2.241871768602651,150,671831605.0,1,,,
-0.002200333425959605,-0.0018665183537296523,-0.0020689655172524595,0.0002024471635228072,0.22000000000002728,0.004313725490196613,0.864406779661017,739.8515,0.05111506627209327,739.8856666666666,739.8173333333332,0.9999076433881451,-0.3332048632603841,1.9857159034028702,100045,-1.0,0,22.833333333333332,0.0,22.833333333333332
-0.0002756321200381,0.0021423804226726,-0.0011457174638563,0.003288097886529,0.1700000000000727,0.0566666666666909,0.0508474576271186,723.1583333333333,0.043862157822991,723.1663333333332,723.1503333333332,0.9999778750762272,-2.553482525376213,2.241871768602651,131,671468200.0,1,,,
-0.0018266185051442553,3.114571744859493e-05,-0.005713014460519759,0.005744160177968354,0.2600000000001046,0.004814814814816752,0.9152542372881356,730.5963333333333,0.05480166258629132,730.6186666666666,730.5740000000001,0.9999388645969445,-1.573048351032677,3.035187720289158,100051,-1.0,0,31.433333333333334,0.0,31.433333333333334
-0.0002756321200381,0.0021423804226726,-0.0011457174638563,0.003288097886529,0.1700000000000727,0.0566666666666909,0.0508474576271186,723.1583333333333,0.043862157822991,723.1663333333332,723.1503333333332,0.9999778750762272,-2.553482525376213,2.241871768602651,51,669964312.0,1,,,
-0.0002756321200381,0.0021423804226726,-0.0011457174638563,0.003288097886529,0.1700000000000727,0.0566666666666909,0.0508474576271186,723.1583333333333,0.043862157822991,723.1663333333332,723.1503333333332,0.9999778750762272,-2.553482525376213,2.241871768602651,95,670945386.0,1,,,
-0.0036023895526569347,-0.004832035595117436,-0.003521690767517463,0.0013103448275999735,0.2999999999999545,0.005084745762711094,1.0,738.3601666666666,0.06706940849267135,738.4113333333332,738.309,0.9998614141892008,-0.5340807931462361,1.791676255497647,100113,-1.0,0,60.0,0.0,60.0
0.002373437065848371,0.001955506117901516,0.0015639599554932296,0.00039154616240828625,0.2099999999999227,0.019090909090902063,0.1864406779661017,724.4523333333333,0.04920591653675755,724.4136666666666,724.4910000000001,1.0001067530016232,-2.381873287261798,2.0796957060401158,100002,-1.0,0,38.61666666666667,0.0,38.61666666666667
-0.0024642956376814628,-0.004838709677437927,-0.0014771968854355437,0.0033615127920023835,0.25,0.00423728813559322,1.0,741.7935,0.05372227967364425,741.827,741.76,0.9999096824461768,-0.0777864623459272,2.298860002782489,100028,-1.0,0,24.066666666666666,0.0,24.066666666666666
-0.0002756321200381,0.0021423804226726,-0.0011457174638563,0.003288097886529,0.1700000000000727,0.0566666666666909,0.0508474576271186,723.1583333333333,0.043862157822991,723.1663333333332,723.1503333333332,0.9999778750762272,-2.553482525376213,2.241871768602651,123,671376348.0,1,,,
-0.0002756321200381,0.0021423804226726,-0.0011457174638563,0.003288097886529,0.1700000000000727,0.0566666666666909,0.0508474576271186,723.1583333333333,0.043862157822991,723.1663333333332,723.1503333333332,0.9999778750762272,-2.553482525376213,2.241871768602651,41,669870405.0,1,,,
-0.0002756321200381,0.0021423804226726,-0.0011457174638563,0.003288097886529,0.1700000000000727,0.0566666666666909,0.0508474576271186,723.1583333333333,0.043862157822991,723.1663333333332,723.1503333333332,0.9999778750762272,-2.553482525376213,2.241871768602651,89,670930554.0,1,,,
-0.000944984717983291,0.0038998887652854164,-0.00392436040046226,0.007824249165747676,0.19000000000005457,0.0034545454545464468,0.9322033898305084,730.8568333333333,0.04856238828100885,730.8756666666668,730.838,0.9999484636465753,-1.5291483133754982,1.9939985812260328,100098,-1.0,0,35.93333333333333,0.0,35.93333333333333
-0.0038363434287394037,-0.0046384872080265415,-0.00305228031147168,0.0015862068965548613,0.34000000000003183,0.006415094339623242,0.8983050847457628,737.3148333333335,0.07559743528865237,737.3723333333336,737.2573333333333,0.9998440407989266,-0.679083947832055,2.1804090668434735,100030,-1.0,0,46.333333333333336,0.0,46.333333333333336
-0.0002756321200381,0.0021423804226726,-0.0011457174638563,0.003288097886529,0.1700000000000727,0.0566666666666909,0.0508474576271186,723.1583333333333,0.043862157822991,723.1663333333332,723.1503333333332,0.9999778750762272,-2.553482525376213,2.241871768602651,136,671570327.0,1,,,
-0.0002756321200381,0.0021423804226726,-0.0011457174638563,0.003288097886529,0.1700000000000727,0.0566666666666909,0.0508474576271186,723.1583333333333,0.043862157822991,723.1663333333332,723.1503333333332,0.9999778750762272,-2.553482525376213,2.241871768602651,26,669427340.0,1,,,
-0.0026804667963391325,-0.002149054505029776,-0.0021601779755503346,1.1123470520558749e-05,0.2599999999999909,0.004814814814814646,0.9152542372881356,730.4565,0.056974409460155466,730.4993333333333,730.4136666666666,0.9998827286175939,-1.5863513927469597,2.2202950622670543,100168,-1.0,0,41.05,0.0,41.05
-0.0002756321200381,0.0021423804226726,-0.0011457174638563,0.003288097886529,0.1700000000000727,0.0566666666666909,0.0508474576271186,723.1583333333333,0.043862157822991,723.1663333333332,723.1503333333332,0.9999778750762272,-2.553482525376213,2.241871768602651,141,671656101.0,1,,,
0.0019313698249509524,-1.5572858744432154e-05,0.00673637374859478,0.006751946607339213,0.2899999999999636,0.009354838709676246,0.5254237288135594,730.3028333333333,0.07259687014984785,730.2810000000003,730.3246666666666,1.0000597943348744,-1.6129574761755556,2.3807270613258447,100157,-1.0,0,45.75,0.0,45.75
-0.0002756321200381,0.0021423804226726,-0.0011457174638563,0.003288097886529,0.1700000000000727,0.0566666666666909,0.0508474576271186,723.1583333333333,0.043862157822991,723.1663333333332,723.1503333333332,0.9999778750762272,-2.553482525376213,2.241871768602651,4,668373458.0,1,,,
-0.0002756321200381,0.0021423804226726,-0.0011457174638563,0.003288097886529,0.1700000000000727,0.0566666666666909,0.0508474576271186,723.1583333333333,0.043862157822991,723.1663333333332,723.1503333333332,0.9999778750762272,-2.553482525376213,2.241871768602651,0,668288145.0,1,,,
-8.113364823734755e-05,-0.001822024471648362,0.00330812013345826,0.0051301446051066225,0.2300000000000182,0.005476190476190909,0.711864406779661,729.023,0.042241369927278984,729.0283333333334,729.0176666666667,0.9999853686527959,-1.775254585089957,2.675102635037466,100139,-1.0,0,13.233333333333333,0.0,13.233333333333333
0.0012786885245812617,-0.00020689655174379465,0.0011012235817357736,0.0013081201334795682,0.19000000000005457,0.014615384615388813,0.22033898305084745,746.9829999999998,0.042594991880885044,746.9596666666667,747.0063333333334,1.0000624754839507,0.616632315140271,2.1833552700260506,100125,-1.0,0,8.533333333333333,0.0,8.533333333333333
0.0014923589886058507,0.0028342602891955585,0.00277419354837587,6.006674081968826e-05,0.18000000000006366,0.09000000000003183,0.03389830508474576,748.7445,0.04055551750377417,748.7286666666666,748.7603333333334,1.0000422939151077,0.849435545140432,2.576714746404236,100143,-1.0,0,19.45,0.0,19.45
-0.0002756321200381,0.0021423804226726,-0.0011457174638563,0.003288097886529,0.1700000000000727,0.0566666666666909,0.0508474576271186,723.1583333333333,0.043862157822991,723.1663333333332,723.1503333333332,0.9999778750762272,-2.553482525376213,2.241871768602651,100,671033906.0,1,,,
0.002742984162257409,0.0007163515016562162,0.007363737486085332,0.006647385984429116,0.3000000000000682,0.008823529411766713,0.576271186440678,742.9706666666666,0.06848032969806901,742.936,743.0053333333336,1.000093323426693,0.07386821319703302,2.3461725049373907,100050,-1.0,0,49.2,0.0,49.2
-0.0017293692692480261,0.0004271412680594422,-0.004262513904357454,0.004689655172416897,0.2300000000000182,0.004181818181818513,0.9322033898305084,740.3963333333332,0.054035996232967363,740.4213333333333,740.3713333333336,0.9999324708814444,-0.264029046346053,2.33794770413038,100016,-1.0,0,21.75,0.0,21.75
0.0010436232286655277,0.0009210233592753656,0.0019621802002138477,0.0010411568409384822,0.15999999999996817,0.015999999999996815,0.1694915254237288,738.5403333333331,0.03610016928246196,738.5266666666668,738.554,1.0000370106247571,-0.5034837972033555,1.9482826460672378,100126,-1.0,0,8.65,0.0,8.65
0.002699083078625378,0.004887652947704787,0.0011056729699510692,0.003781979977753718,0.22000000000002728,0.22000000000002728,0.01694915254237288,745.2586666666666,0.058208437723602784,745.2196666666667,745.2976666666667,1.0001046671249954,0.3824987809686817,2.2104470021610827,100042,-1.0,0,32.4,0.0,32.4
-0.001303695470966171,0.0002068965517089124,-0.0010344827586351512,0.0012413793103440635,0.1999999999999318,0.003999999999998636,0.847457627118644,748.2836666666667,0.04012342070273791,748.3076666666665,748.2596666666667,0.9999358552609603,0.7922324657689706,1.8360016513158628,100037,-1.0,0,23.9,0.0,23.9
-0.0002756321200381,0.0021423804226726,-0.0011457174638563,0.003288097886529,0.1700000000000727,0.0566666666666909,0.0508474576271186,723.1583333333333,0.043862157822991,723.1663333333332,723.1503333333332,0.9999778750762272,-2.553482525376213,2.241871768602651,103,671113914.0,1,,,
-0.0002756321200381,0.0021423804226726,-0.0011457174638563,0.003288097886529,0.1700000000000727,0.0566666666666909,0.0508474576271186,723.1583333333333,0.043862157822991,723.1663333333332,723.1503333333332,0.9999778750762272,-2.553482525376213,2.241871768602651,171,672267244.0,1,,,
-0.0002756321200381,0.0021423804226726,-0.0011457174638563,0.003288097886529,0.1700000000000727,0.0566666666666909,0.0508474576271186,723.1583333333333,0.043862157822991,723.1663333333332,723.1503333333332,0.9999778750762272,-2.553482525376213,2.241871768602651,98,671027864.0,1,,,
-0.0002756321200381,0.0021423804226726,-0.0011457174638563,0.003288097886529,0.1700000000000727,0.0566666666666909,0.0508474576271186,723.1583333333333,0.043862157822991,723.1663333333332,723.1503333333332,0.9999778750762272,-2.553482525376213,2.241871768602651,36,669704197.0,1,,,
0.002643234231723138,0.004026696329243145,0.001986651835360258,0.002040044493882887,0.2400000000000091,0.2400000000000091,0.01694915254237288,738.7371666666666,0.053885423714469444,738.6993333333336,738.7750000000002,1.0001024322931567,-0.4848595388033443,2.3599455641357894,100039,-1.0,0,51.05,0.0,51.05
-0.0002756321200381,0.0021423804226726,-0.0011457174638563,0.003288097886529,0.1700000000000727,0.0566666666666909,0.0508474576271186,723.1583333333333,0.043862157822991,723.1663333333332,723.1503333333332,0.9999778750762272,-2.553482525376213,2.241871768602651,61,670232335.0,1,,,
-0.0002756321200381,0.0021423804226726,-0.0011457174638563,0.003288097886529,0.1700000000000727,0.0566666666666909,0.0508474576271186,723.1583333333333,0.043862157822991,723.1663333333332,723.1503333333332,0.9999778750762272,-2.553482525376213,2.241871768602651,47,669959712.0,1,,,
-0.0002756321200381,0.0021423804226726,-0.0011457174638563,0.003288097886529,0.1700000000000727,0.0566666666666909,0.0508474576271186,723.1583333333333,0.043862157822991,723.1663333333332,723.1503333333332,0.9999778750762272,-2.553482525376213,2.241871768602651,32,669626803.0,1,,,
-0.0005351486524169445,-0.002491657397129394,0.0011434927697356603,0.003635150166865054,0.17999999999994998,0.0043902439024378044,0.6949152542372882,744.53,0.037594325812986704,744.5373333333333,744.5226666666666,0.9999803009654318,0.2907077931400546,2.393978294693298,100024,-1.0,0,9.866666666666667,0.0,9.866666666666667
-0.0021953320366747153,0.0019310344827588046,-0.0010211345940023093,0.002952169076761114,0.2899999999999636,0.00707317073170643,0.6949152542372882,734.9765,0.06645361791003708,735.0226666666669,734.9303333333335,0.99987438029122,-0.9890448197751168,2.355026030513527,100153,-1.0,0,44.65,0.0,44.65
-0.0002756321200381,0.0021423804226726,-0.0011457174638563,0.003288097886529,0.1700000000000727,0.0566666666666909,0.0508474576271186,723.1583333333333,0.043862157822991,723.1663333333332,723.1503333333332,0.9999778750762272,-2.553482525376213,2.241871768602651,27,669434405.0,1,,,
0.0029630452903464215,0.0017041156840735497,0.0039999999999826156,0.002295884315909066,0.2299999999999045,0.07666666666663484,0.05084745762711865,745.4263333333336,0.059860021902949416,745.3813333333333,745.4713333333332,1.0001207435657093,0.4077745602258493,1.7763664287645413,100155,-1.0,0,4.716666666666667,0.0,4.716666666666667
0.0026982495137469037,0.0017241379310115245,0.0017931034482530643,6.896551724153979e-05,0.2400000000000091,0.012000000000000455,0.3389830508474576,729.4161666666666,0.059022359228416914,729.3709999999999,729.4613333333333,1.0001238510076949,-1.7220424182327805,1.7987533547384895,100054,-1.0,0,44.916666666666664,0.0,44.916666666666664
0.0012709085857177686,0.0041090100111098584,-0.0014082313682004292,0.005517241379310287,0.1999999999999318,0.0,0.0,739.689,0.04142060678777206,739.6703333333334,739.7076666666668,1.000050472935916,-0.35582003417468006,2.631540396267249,100084,-1.0,0,29.533333333333335,0.0,29.533333333333335
-0.0002756321200381,0.0021423804226726,-0.0011457174638563,0.003288097886529,0.1700000000000727,0.0566666666666909,0.0508474576271186,723.1583333333333,0.043862157822991,723.1663333333332,723.1503333333332,0.9999778750762272,-2.553482525376213,2.241871768602651,162,672002362.0,1,,,
0.0019274798555105185,0.0008698553948476696,0.0020823136818494212,0.0012124582870017516,0.16000000000008185,0.008000000000004092,0.3389830508474576,748.7575,0.04133702940462605,748.7263333333335,748.7886666666665,1.000083252492343,0.8520961534832886,2.358660053815347,100124,-1.0,0,8.133333333333333,0.0,8.133333333333333
-0.0002756321200381,0.0021423804226726,-0.0011457174638563,0.003288097886529,0.1700000000000727,0.0566666666666909,0.0508474576271186,723.1583333333333,0.043862157822991,723.1663333333332,723.1503333333332,0.9999778750762272,-2.553482525376213,2.241871768602651,138,671644549.0,1,,,
-0.0002756321200381,0.0021423804226726,-0.0011457174638563,0.003288097886529,0.1700000000000727,0.0566666666666909,0.0508474576271186,723.1583333333333,0.043862157822991,723.1663333333332,723.1503333333332,0.9999778750762272,-2.553482525376213,2.241871768602651,62,670232986.0,1,,,
-0.0002756321200381,0.0021423804226726,-0.0011457174638563,0.003288097886529,0.1700000000000727,0.0566666666666909,0.0508474576271186,723.1583333333333,0.043862157822991,723.1663333333332,723.1503333333332,0.9999778750762272,-2.553482525376213,2.241871768602651,135,671563881.0,1,,,
-0.0002756321200381,0.0021423804226726,-0.0011457174638563,0.003288097886529,0.1700000000000727,0.0566666666666909,0.0508474576271186,723.1583333333333,0.043862157822991,723.1663333333332,723.1503333333332,0.9999778750762272,-2.553482525376213,2.241871768602651,128,671391076.0,1,,,
-0.0002756321200381,0.0021423804226726,-0.0011457174638563,0.003288097886529,0.1700000000000727,0.0566666666666909,0.0508474576271186,723.1583333333333,0.043862157822991,723.1663333333332,723.1503333333332,0.9999778750762272,-2.553482525376213,2.241871768602651,8,668471362.0,1,,,
-0.0002756321200381,0.0021423804226726,-0.0011457174638563,0.003288097886529,0.1700000000000727,0.0566666666666909,0.0508474576271186,723.1583333333333,0.043862157822991,723.1663333333332,723.1503333333332,0.9999778750762272,-2.553482525376213,2.241871768602651,64,670313772.0,1,,,
-0.0002756321200381,0.0021423804226726,-0.0011457174638563,0.003288097886529,0.1700000000000727,0.0566666666666909,0.0508474576271186,723.1583333333333,0.043862157822991,723.1663333333332,723.1503333333332,0.9999778750762272,-2.553482525376213,2.241871768602651,14,668551101.0,1,,,
-0.0002756321200381,0.0021423804226726,-0.0011457174638563,0.003288097886529,0.1700000000000727,0.0566666666666909,0.0508474576271186,723.1583333333333,0.043862157822991,723.1663333333332,723.1503333333332,0.9999778750762272,-2.553482525376213,2.241871768602651,156,671915681.0,1,,,
-0.0002756321200381,0.0021423804226726,-0.0011457174638563,0.003288097886529,0.1700000000000727,0.0566666666666909,0.0508474576271186,723.1583333333333,0.043862157822991,723.1663333333332,723.1503333333332,0.9999778750762272,-2.553482525376213,2.241871768602651,40,669787881.0,1,,,
0.00174187274241569,0.0016929922135554634,0.002175750834240112,0.00048275862068464866,0.15999999999996817,0.15999999999996817,0.01694915254237288,748.5295,0.03809746273265971,748.5043333333334,748.5546666666668,1.0000672452130093,0.8254900700547078,1.8242684686811985,100146,-1.0,0,2.3666666666666667,0.0,2.3666666666666667
-0.0019052514587481683,0.00020912124581811724,-0.0036507230255979233,0.0038598442714160405,0.2400000000000091,0.004137931034482916,0.9830508474576272,741.6398333333333,0.04954767625451769,741.6693333333333,741.6103333333334,0.9999204497242259,-0.09907132908879483,2.6203717943574962,100110,-1.0,0,23.433333333333334,0.0,23.433333333333334
-0.003912197832730839,-0.0033259176863390384,-0.00730812013349254,0.003982202447153502,0.34000000000003183,0.006296296296296886,0.9152542372881356,745.0133333333335,0.08086339647139439,745.065,744.9616666666666,0.9998613096396509,0.34525026416865956,2.019867337520325,100040,-1.0,0,10.383333333333333,0.0,10.383333333333333
-0.0028621839399879724,-0.0030745272525111015,-0.0038909899888892024,0.0008164627363781009,0.2099999999999227,0.0035593220338969948,1.0,746.8248333333333,0.056346891859460506,746.8646666666668,746.7850000000001,0.999893331857534,0.5926868400545467,2.037971031653776,100103,-1.0,0,32.9,0.0,32.9
0.0012161711586449156,0.0014037819799586084,0.00039154616238519605,0.0010122358175734124,0.18000000000006366,0.016363636363642152,0.1864406779661017,749.9994999999999,0.03480541145663141,749.9796666666666,750.0193333333333,1.0000528903228043,1.0197144790834032,2.2841275730642767,100129,-1.0,0,1.8166666666666667,0.0,1.8166666666666667
0.0009119199777680067,0.006289210233574686,-0.005528364849865219,0.011817575083439905,0.31999999999993634,0.15999999999996817,0.03389830508474576,737.8886666666666,0.07242160512505041,737.8723333333335,737.9049999999999,1.000044271434489,-0.6045869142319955,2.4670354427807637,100060,-1.0,0,53.81666666666667,1.0,53.81666666666667
0.002337315921077447,-0.0002580645161511015,0.0017530589543726374,0.002011123470523739,0.2799999999999727,0.014736842105261721,0.3220338983050847,742.6209999999999,0.056293871780149,742.5779999999999,742.664,1.0001158127496372,0.02730756719701291,2.859991592488128,100031,-1.0,0,51.56666666666667,0.0,51.56666666666667
-0.0016229508196772722,0.0008609566184457902,-0.006447163515026107,0.007308120133471898,0.2400000000000091,0.004067796610169646,1.0,730.6191666666667,0.055955091119778914,730.6376666666667,730.6006666666665,0.9999493593039501,-1.5637362218326638,2.129684078462808,100036,-1.0,0,27.916666666666668,0.0,27.916666666666668
0.002247568769096466,0.002048943270280382,0.002531701890976046,0.00048275862069566394,0.2400000000000091,0.034285714285715585,0.11864406779661017,745.6471666666667,0.05896585641050165,745.6136666666666,745.6806666666664,1.00008985886793,0.43438064365443,2.156615275482016,100144,-1.0,0,26.616666666666667,0.0,26.616666666666667
0.0017410391775385622,0.002111234705210896,0.0035528364849700326,0.0014416017797591369,0.18999999999994088,0.0,0.0,740.8256666666667,0.046309346308878,740.8050000000001,740.8463333333331,1.0000557951597695,-0.20283505446029154,2.0658176867501097,100075,-1.0,0,31.033333333333335,0.0,31.033333333333335
-0.0021205890525183894,-0.0013325917686444382,-0.0025650723025760895,0.0012324805339316513,0.20000000000004547,0.0038461538461547207,0.8813559322033898,748.2683333333333,0.045795438880104795,748.3010000000002,748.2356666666668,0.999912691105139,0.785580944911814,2.3655922070530138,100166,-1.0,0,33.86666666666667,0.0,33.86666666666667
0.0005565434842888087,0.0017374860956509844,-0.002286985539502614,0.004024471635153598,0.15999999999996817,0.00941176470588048,0.288135593220339,753.1995000000001,0.03644287767635941,753.187,753.212,1.0000331922882364,1.4467421181122748,1.9070941822233394,100145,-1.0,0,11.866666666666667,0.0,11.866666666666667
0.002270908585710584,0.0035550611790760582,0.0021468298108790838,0.0014082313681969745,0.2099999999999227,0.06999999999997424,0.05084745762711865,747.4565,0.04853950281299178,747.4253333333331,747.4876666666665,1.0000833974051366,0.6764960028546042,2.400106990152193,100093,-1.0,0,1.4,0.0,1.4
-0.00778132814671864,-0.0018865406006837913,-0.00935928809789377,0.007472747497209978,0.4199999999999591,0.008235294117646256,0.864406779661017,744.4738333333335,0.1522179541169761,744.6013333333333,744.3463333333335,0.9996575348598179,0.2627714055400305,1.6018697317798711,100025,-1.0,0,8.133333333333333,0.0,8.133333333333333
-0.0002756321200381,0.0021423804226726,-0.0011457174638563,0.003288097886529,0.1700000000000727,0.0566666666666909,0.0508474576271186,723.1583333333333,0.043862157822991,723.1663333333332,723.1503333333332,0.9999778750762272,-2.553482525376213,2.241871768602651,161,672002175.0,1,,,
-0.0002756321200381,0.0021423804226726,-0.0011457174638563,0.003288097886529,0.1700000000000727,0.0566666666666909,0.0508474576271186,723.1583333333333,0.043862157822991,723.1663333333332,723.1503333333332,0.9999778750762272,-2.553482525376213,2.241871768602651,43,669882031.0,1,,,
0.001534315087517206,0.000582869855368873,0.005428253615111468,0.004845383759742595,0.19000000000005457,0.005588235294119252,0.576271186440678,744.1056666666665,0.04967785108968757,744.0899999999999,744.1213333333333,1.0000421096014371,0.23483501794000633,1.7244438877164114,100041,-1.0,0,35.46666666666667,0.0,35.46666666666667
-0.0009344262295194289,-0.0030122358175755414,0.0032057842046569764,0.006218020022232517,0.2599999999999909,0.008124999999999716,0.5423728813559322,731.2474999999998,0.05136876482844371,731.2666666666668,731.2283333333334,0.9999475795423465,-1.47726645068975,1.8980405763205577,100014,-1.0,0,6.116666666666666,0.0,6.116666666666666
0.0023976104473375334,0.002778642936578691,0.0038042269187828627,0.0010255839822041718,0.22000000000002728,0.11000000000001364,0.03389830508474576,745.9891666666666,0.04997638331140673,745.9576666666668,746.0206666666667,1.0000844551947317,0.4849322021687501,1.784176059940912,100083,-1.0,0,35.983333333333334,0.0,35.983333333333334
-0.0002756321200381,0.0021423804226726,-0.0011457174638563,0.003288097886529,0.1700000000000727,0.0566666666666909,0.0508474576271186,723.1583333333333,0.043862157822991,723.1663333333332,723.1503333333332,0.9999778750762272,-2.553482525376213,2.241871768602651,105,671115255.0,1,,,
-0.0002756321200381,0.0021423804226726,-0.0011457174638563,0.003288097886529,0.1700000000000727,0.0566666666666909,0.0508474576271186,723.1583333333333,0.043862157822991,723.1663333333332,723.1503333333332,0.9999778750762272,-2.553482525376213,2.241871768602651,53,669971696.0,1,,,
-0.0002756321200381,0.0021423804226726,-0.0011457174638563,0.003288097886529,0.1700000000000727,0.0566666666666909,0.0508474576271186,723.1583333333333,0.043862157822991,723.1663333333332,723.1503333333332,0.9999778750762272,-2.553482525376213,2.241871768602651,1,668288356.0,1,,,
-0.0002756321200381,0.0021423804226726,-0.0011457174638563,0.003288097886529,0.1700000000000727,0.0566666666666909,0.0508474576271186,723.1583333333333,0.043862157822991,723.1663333333332,723.1503333333332,0.9999778750762272,-2.553482525376213,2.241871768602651,49,669960347.0,1,,,
-0.0002756321200381,0.0021423804226726,-0.0011457174638563,0.003288097886529,0.1700000000000727,0.0566666666666909,0.0508474576271186,723.1583333333333,0.043862157822991,723.1663333333332,723.1503333333332,0.9999778750762272,-2.553482525376213,2.241871768602651,80,670587674.0,1,,,
0.000818282856344435,0.0001334816462528146,0.0022135706340206795,0.002080088987767865,0.14000000000010004,0.004242424242427274,0.559322033898305,742.7491666666665,0.031743328257880996,742.7386666666666,742.7596666666668,1.0000282737400685,0.05657425896845023,2.17893555787978,100029,-1.0,0,3.9833333333333334,0.0,3.9833333333333334
-0.0002756321200381,0.0021423804226726,-0.0011457174638563,0.003288097886529,0.1700000000000727,0.0566666666666909,0.0508474576271186,723.1583333333333,0.043862157822991,723.1663333333332,723.1503333333332,0.9999778750762272,-2.553482525376213,2.241871768602651,34,669690018.0,1,,,
0.004091414281741773,0.004867630700758363,0.0028631813125566514,0.002004449388201712,0.2799999999999727,0.2799999999999727,0.01694915254237288,739.9965,0.07545031477734557,739.9339999999999,740.0589999999999,1.0001689339860043,-0.3185715173746579,1.8091375815033766,100087,-1.0,0,60.0,0.0,60.0
-0.0002756321200381,0.0021423804226726,-0.0011457174638563,0.003288097886529,0.1700000000000727,0.0566666666666909,0.0508474576271186,723.1583333333333,0.043862157822991,723.1663333333332,723.1503333333332,0.9999778750762272,-2.553482525376213,2.241871768602651,91,670934582.0,1,,,
-0.0002756321200381,0.0021423804226726,-0.0011457174638563,0.003288097886529,0.1700000000000727,0.0566666666666909,0.0508474576271186,723.1583333333333,0.043862157822991,723.1663333333332,723.1503333333332,0.9999778750762272,-2.553482525376213,2.241871768602651,52,669965150.0,1,,,
0.0005951653236988177,0.0025806451612679694,-0.0038220244716579872,0.006402669632925956,0.2599999999999909,0.02363636363636281,0.1864406779661017,729.321,0.05442732157045176,729.3060000000003,729.336,1.0000411349968323,-1.7380060682899199,2.406879416809128,100088,-1.0,0,28.2,0.0,28.2
0.0008983050847421742,-0.0006184649610796561,0.0012035595105540499,0.0018220244716337058,0.2799999999999727,0.02333333333333106,0.2033898305084746,746.1831666666666,0.055990822660706,746.1666666666665,746.1996666666665,1.0000442260442262,0.4982352438830481,3.2713694488208485,100065,-1.0,0,36.233333333333334,0.0,36.233333333333334
-0.0002756321200381,0.0021423804226726,-0.0011457174638563,0.003288097886529,0.1700000000000727,0.0566666666666909,0.0508474576271186,723.1583333333333,0.043862157822991,723.1663333333332,723.1503333333332,0.9999778750762272,-2.553482525376213,2.241871768602651,13,668542340.0,1,,,
-0.0002756321200381,0.0021423804226726,-0.0011457174638563,0.003288097886529,0.1700000000000727,0.0566666666666909,0.0508474576271186,723.1583333333333,0.043862157822991,723.1663333333332,723.1503333333332,0.9999778750762272,-2.553482525376213,2.241871768602651,88,670929808.0,1,,,
-0.0025965545985023367,-0.0014282536151415677,-0.0030100111234990924,0.0015817575083575247,0.20000000000004547,0.004878048780488914,0.6949152542372882,747.8518333333333,0.05548247971707813,747.8926666666667,747.811,0.999890804295447,0.7310384738832091,1.835414239820456,100097,-1.0,0,43.766666666666666,0.0,43.766666666666666
-0.0002756321200381,0.0021423804226726,-0.0011457174638563,0.003288097886529,0.1700000000000727,0.0566666666666909,0.0508474576271186,723.1583333333333,0.043862157822991,723.1663333333332,723.1503333333332,0.9999778750762272,-2.553482525376213,2.241871768602651,166,672181444.0,1,,,
0.0037138093914902445,-0.0011256952169286507,0.007101223581736815,0.008226918798665467,0.2799999999999727,0.017499999999998295,0.2711864406779661,740.8826666666666,0.07803560440950082,740.8233333333336,740.9419999999999,1.0001601821396908,-0.1975138377745784,1.443785404357527,100169,-1.0,0,41.2,0.0,41.2
-0.0002756321200381,0.0021423804226726,-0.0011457174638563,0.003288097886529,0.1700000000000727,0.0566666666666909,0.0508474576271186,723.1583333333333,0.043862157822991,723.1663333333332,723.1503333333332,0.9999778750762272,-2.553482525376213,2.241871768602651,134,671561065.0,1,,,
-0.0008630175048628326,-0.002387096774205531,0.0004160177975272487,0.0028031145717327794,0.16999999999995907,0.004594594594593489,0.6271186440677966,748.5433333333333,0.033846056720924646,748.5556666666666,748.5310000000002,0.9999670476522123,0.8268203742261361,2.166672884168801,100130,-1.0,0,13.416666666666666,0.0,13.416666666666666
-0.0008318977493789388,0.003853170189089182,-0.004106785317031592,0.007959955506120775,0.37999999999999545,0.0,0.0,738.6666666666665,0.0672722495205519,738.6826666666665,738.6506666666667,0.9999566796387085,-0.506144405546212,3.220743593541899,100161,-1.0,0,56.516666666666666,0.0,56.516666666666666
-0.0017101972770272862,-0.004743047830938843,0.006600667408210922,0.011343715239149765,0.6299999999999955,0.016578947368420933,0.6440677966101694,733.8531666666667,0.13254548485541556,733.8919999999999,733.8143333333335,0.9998941715311429,-1.1619843620609598,2.5136025344816417,100067,-1.0,0,60.0,0.0,60.0
-0.0002756321200381,0.0021423804226726,-0.0011457174638563,0.003288097886529,0.1700000000000727,0.0566666666666909,0.0508474576271186,723.1583333333333,0.043862157822991,723.1663333333332,723.1503333333332,0.9999778750762272,-2.553482525376213,2.241871768602651,54,670046942.0,1,,,
-0.0002756321200381,0.0021423804226726,-0.0011457174638563,0.003288097886529,0.1700000000000727,0.0566666666666909,0.0508474576271186,723.1583333333333,0.043862157822991,723.1663333333332,723.1503333333332,0.9999778750762272,-2.553482525376213,2.241871768602651,50,669962940.0,1,,,
-0.0002756321200381,0.0021423804226726,-0.0011457174638563,0.003288097886529,0.1700000000000727,0.0566666666666909,0.0508474576271186,723.1583333333333,0.043862157822991,723.1663333333332,723.1503333333332,0.9999778750762272,-2.553482525376213,2.241871768602651,174,672350659.0,1,,,
-0.005874131703254194,-0.006602892102346812,-5.116796442312835e-05,0.006551724137923684,0.4500000000000455,0.011842105263159092,0.6440677966101694,731.2585,0.11654505566518283,731.3593333333333,731.1576666666666,0.9997242577520032,-1.4892391882326195,1.7032039571918252,100013,-1.0,0,52.18333333333333,0.0,52.18333333333333
0.0006954709641488857,-6.674082313330409e-06,0.001103448275836651,0.0011101223581499813,0.14999999999997726,0.01071428571428409,0.23728813559322035,742.5188333333334,0.03281725494646361,742.5076666666666,742.5300000000001,1.0000300782528397,0.024646958854156346,2.4021915745838163,100173,-1.0,0,8.15,0.0,8.15
0.00031619894414507734,0.00042714126806223167,-0.000565072302571901,0.0009922135706341326,0.12999999999999545,0.005652173913043281,0.3898305084745763,748.0646666666667,0.02935226661702076,748.0580000000002,748.0713333333334,1.0000178239298734,0.7642960781689464,2.203123442233742,100011,-1.0,0,5.283333333333333,0.0,5.283333333333333
-0.0002756321200381,0.0021423804226726,-0.0011457174638563,0.003288097886529,0.1700000000000727,0.0566666666666909,0.0508474576271186,723.1583333333333,0.043862157822991,723.1663333333332,723.1503333333332,0.9999778750762272,-2.553482525376213,2.241871768602651,169,672185170.0,1,,,
-0.0002756321200381,0.0021423804226726,-0.0011457174638563,0.003288097886529,0.1700000000000727,0.0566666666666909,0.0508474576271186,723.1583333333333,0.043862157822991,723.1663333333332,723.1503333333332,0.9999778750762272,-2.553482525376213,2.241871768602651,58,670136668.0,1,,,
-0.0002756321200381,0.0021423804226726,-0.0011457174638563,0.003288097886529,0.1700000000000727,0.0566666666666909,0.0508474576271186,723.1583333333333,0.043862157822991,723.1663333333332,723.1503333333332,0.9999778750762272,-2.553482525376213,2.241871768602651,48,669960008.0,1,,,
-0.0013164767991180623,-0.00044716351503656303,0.0009855394882957887,0.0014327030033323518,0.2699999999999818,0.007105263157894258,0.6440677966101694,734.806,0.05076744363599223,734.8336666666668,734.7783333333332,0.9999246995124971,-1.011659990689428,3.072835439944519,100059,-1.0,0,7.3,0.0,7.3
0.0023481522645129368,0.0029721913236673224,0.0022803114571633104,0.000691879866504012,0.2099999999999227,0.10499999999996135,0.03389830508474576,740.0651666666668,0.04828704680231724,740.0313333333331,740.0989999999997,1.0000914375697605,-0.30526847566036,2.1779477858163814,100076,-1.0,0,49.21666666666667,0.0,49.21666666666667
-0.0002756321200381,0.0021423804226726,-0.0011457174638563,0.003288097886529,0.1700000000000727,0.0566666666666909,0.0508474576271186,723.1583333333333,0.043862157822991,723.1663333333332,723.1503333333332,0.9999778750762272,-2.553482525376213,2.241871768602651,21,668808927.0,1,,,
0.0033267574326168053,0.0028876529477137977,0.000723025583971413,0.002164627363742385,0.2300000000000182,0.013529411764706952,0.288135593220339,754.5581666666668,0.06830060191697723,754.5006666666668,754.6156666666668,1.0001524186857356,1.6183513562266745,2.0229201908761563,100137,-1.0,0,1.9,0.0,1.9
-0.0002756321200381,0.0021423804226726,-0.0011457174638563,0.003288097886529,0.1700000000000727,0.0566666666666909,0.0508474576271186,723.1583333333333,0.043862157822991,723.1663333333332,723.1503333333332,0.9999778750762272,-2.553482525376213,2.241871768602651,160,671995990.0,1,,,
0.0008160600166570438,0.0002714126807466494,-0.0003448275862181054,0.0006162402669647548,0.18999999999994088,0.009047619047616232,0.3559322033898305,735.7205,0.03698761053829667,735.7040000000002,735.7369999999999,1.0000448549960306,-0.8839507902321918,2.9874868474023493,100100,-1.0,0,3.2666666666666666,0.0,3.2666666666666666
0.0029958321756034124,0.0061090100111041955,-0.0009432703003494405,0.007052280311453636,0.2899999999999636,0.057999999999992724,0.0847457627118644,742.661,0.06820801516929421,742.6139999999999,742.708,1.0001265798921108,0.03395908805415432,2.213816068759183,100015,-1.0,0,33.6,0.0,33.6
-0.0010689080300122719,0.00015795328142030818,0.0012280311456962492,0.001070077864275941,0.18999999999994088,0.00542857142856974,0.5932203389830508,736.1655,0.04543952024394461,736.1903333333333,736.1406666666666,0.9999325355625877,-0.821426494175002,1.8816219788611175,100117,-1.0,0,2.8,0.0,2.8
0.0018330091692005254,0.0009944382647316648,0.003337041156813137,0.002342602892081472,0.19000000000005457,0.017272727272732234,0.1864406779661017,757.5234999999999,0.04296607188623325,757.4976666666665,757.5493333333333,1.000068207030781,2.01877291182695,2.1761356320289402,100081,-1.0,0,22.366666666666667,0.0,22.366666666666667
-0.0010177827174299786,0.0003692992213437603,-0.0011101223581818902,0.0014794215795256504,0.13999999999998636,0.00259259259259234,0.9152542372881356,737.4048333333333,0.0301933583572381,737.4233333333331,737.3863333333335,0.9999498252925734,-0.6551384727463156,2.478470014757128,100132,-1.0,0,16.116666666666667,0.0,16.116666666666667
-0.0002756321200381,0.0021423804226726,-0.0011457174638563,0.003288097886529,0.1700000000000727,0.0566666666666909,0.0508474576271186,723.1583333333333,0.043862157822991,723.1663333333332,723.1503333333332,0.9999778750762272,-2.553482525376213,2.241871768602651,149,671825542.0,1,,,
-0.0002756321200381,0.0021423804226726,-0.0011457174638563,0.003288097886529,0.1700000000000727,0.0566666666666909,0.0508474576271186,723.1583333333333,0.043862157822991,723.1663333333332,723.1503333333332,0.9999778750762272,-2.553482525376213,2.241871768602651,130,671466934.0,1,,,
-0.0002756321200381,0.0021423804226726,-0.0011457174638563,0.003288097886529,0.1700000000000727,0.0566666666666909,0.0508474576271186,723.1583333333333,0.043862157822991,723.1663333333332,723.1503333333332,0.9999778750762272,-2.553482525376213,2.241871768602651,151,671834757.0,1,,,
-0.0002756321200381,0.0021423804226726,-0.0011457174638563,0.003288097886529,0.1700000000000727,0.0566666666666909,0.0508474576271186,723.1583333333333,0.043862157822991,723.1663333333332,723.1503333333332,0.9999778750762272,-2.553482525376213,2.241871768602651,99,671027972.0,1,,,
-0.0002756321200381,0.0021423804226726,-0.0011457174638563,0.003288097886529,0.1700000000000727,0.0566666666666909,0.0508474576271186,723.1583333333333,0.043862157822991,723.1663333333332,723.1503333333332,0.9999778750762272,-2.553482525376213,2.241871768602651,87,670859755.0,1,,,
-0.0002800777993922047,0.001216907675177533,0.0021468298108778465,0.0009299221357003135,0.18000000000006366,0.0,0.0,745.4876666666668,0.04018153251873982,745.5016666666667,745.4736666666665,0.9999624413985212,0.4184169935972755,2.1817651336694457,100154,-1.0,0,8.2,0.0,8.2
0.00311642122811982,0.003130144605100713,0.0031345939933125062,4.449388211793127e-06,0.2300000000000182,0.0,0.0,740.7489999999998,0.060406953242156086,740.7023333333334,740.7956666666668,1.0001260065334387,-0.21746840034601775,2.135515749034115,100038,-1.0,0,60.0,0.0,60.0
-0.0002756321200381,0.0021423804226726,-0.0011457174638563,0.003288097886529,0.1700000000000727,0.0566666666666909,0.0508474576271186,723.1583333333333,0.043862157822991,723.1663333333332,723.1503333333332,0.9999778750762272,-2.553482525376213,2.241871768602651,121,671376036.0,1,,,
0.000517088080007481,0.0001979977752804874,0.0006718576195626951,0.0004738598442822077,0.12999999999999545,0.008666666666666363,0.2542372881355932,737.7898333333334,0.03101030294739529,737.7816666666665,737.7979999999999,1.0000221384375234,-0.6032566100605673,2.2519397327982262,100175,-1.0,0,4.316666666666666,0.0,4.316666666666666
-0.0002756321200381,0.0021423804226726,-0.0011457174638563,0.003288097886529,0.1700000000000727,0.0566666666666909,0.0508474576271186,723.1583333333333,0.043862157822991,723.1663333333332,723.1503333333332,0.9999778750762272,-2.553482525376213,2.241871768602651,20,668801790.0,1,,,
-0.0019277577104826308,0.001185761957722959,0.0008654060066621673,0.00032035595106079157,0.25,0.006097560975609756,0.6949152542372882,737.5226666666669,0.06397568982738072,737.5663333333334,737.4790000000002,0.9998815925708829,-0.647156647717746,2.0737043559018384,100012,-1.0,0,40.43333333333333,0.0,40.43333333333333
-0.0002756321200381,0.0021423804226726,-0.0011457174638563,0.003288097886529,0.1700000000000727,0.0566666666666909,0.0508474576271186,723.1583333333333,0.043862157822991,723.1663333333332,723.1503333333332,0.9999778750762272,-2.553482525376213,2.241871768602651,71,670402854.0,1,,,
-0.0002756321200381,0.0021423804226726,-0.0011457174638563,0.003288097886529,0.1700000000000727,0.0566666666666909,0.0508474576271186,723.1583333333333,0.043862157822991,723.1663333333332,723.1503333333332,0.9999778750762272,-2.553482525376213,2.241871768602651,106,671115289.0,1,,,
0.0012973048068885234,0.0013414905450368094,0.0016373748609421967,0.0002958843159053873,0.14999999999997726,0.008823529411763368,0.288135593220339,752.3214999999999,0.034776668423925884,752.303,752.3400000000001,1.000049182310851,1.3296753510264803,2.0559761253815165,100094,-1.0,0,4.25,0.0,4.25
0.0014028896915744906,0.003127919911007645,-0.001305895439396129,0.004433815350403774,0.18999999999994088,0.0,0.0,724.4621666666666,0.04239070914979012,724.4386666666667,724.4856666666666,1.0000648778180439,-2.3792126789189414,2.174218561451638,100172,-1.0,0,12.366666666666667,0.0,12.366666666666667
-0.0002756321200381,0.0021423804226726,-0.0011457174638563,0.003288097886529,0.1700000000000727,0.0566666666666909,0.0508474576271186,723.1583333333333,0.043862157822991,723.1663333333332,723.1503333333332,0.9999778750762272,-2.553482525376213,2.241871768602651,102,671109364.0,1,,,
