SCLK,PRESSURE,sol,time,gt_fwhm,gt_vortex_ind,gt_detection_win,gt_4xfwhm,PRESSURE_MA_500,autoencoder_window_hits,autoencoder_positive_hit,window_id,event_sclk,split,label
668288052,723.17,15,16:17:19,False,,False,True,723.22,56,1,0,668288145,train,True
668288053,723.17,15,16:17:20,False,,False,True,723.22,57,1,0,668288145,train,True
668288054,723.08,15,16:17:21,False,,False,True,723.22,58,1,0,668288145,train,True
668288055,723.1,15,16:17:22,False,,True,True,723.22,59,1,0,668288145,train,True
668288059,722.9,15,16:17:26,False,,True,True,722.9,60,1,0,668288145,train,True
668288060,723.15,15,16:17:27,False,,True,True,723.02,60,1,0,668288145,train,True
668288061,722.93,15,16:17:28,False,,True,True,722.99,60,1,0,668288145,train,True
668288062,723.09,15,16:17:29,False,,True,True,723.02,60,1,0,668288145,train,True
668288063,723.17,15,16:17:30,False,,True,True,723.05,60,1,0,668288145,train,True
668288064,723.02,15,16:17:31,False,,True,True,723.04,60,1,0,668288145,train,True
668288065,722.95,15,16:17:32,False,,True,True,723.03,60,1,0,668288145,train,True
668288066,722.8,15,16:17:33,False,,True,True,723.0,60,1,0,668288145,train,True
668288067,723.19,15,16:17:34,False,,True,True,723.02,60,1,0,668288145,train,True
668288068,723.11,15,16:17:35,False,,True,True,723.03,60,1,0,668288145,train,True
668288069,722.65,15,16:17:36,False,,True,True,723.0,60,1,0,668288145,train,True
668288070,723.11,15,16:17:37,False,,True,True,723.01,60,1,0,668288145,train,True
668288071,722.88,15,16:17:38,False,,True,True,723.0,60,1,0,668288145,train,True
668288072,722.96,15,16:17:39,False,,True,True,722.99,60,1,0,668288145,train,True
668288073,722.89,15,16:17:40,False,,True,True,722.99,60,1,0,668288145,train,True
668288074,722.96,15,16:17:41,False,,True,True,722.98,60,1,0,668288145,train,True
668288075,722.81,15,16:17:42,False,,True,True,722.97,60,1,0,668288145,train,True
668288076,722.89,15,16:17:43,False,,True,True,722.97,60,1,0,668288145,train,True
668288077,722.89,15,16:17:44,False,,True,True,722.97,60,1,0,668288145,train,True
668288078,722.82,15,16:17:45,False,,True,True,722.96,60,1,0,668288145,train,True
668288079,722.97,15,16:17:46,False,,True,True,722.96,60,1,0,668288145,train,True
668288080,722.89,15,16:17:47,False,,True,True,722.96,60,1,0,668288145,train,True
668288081,722.89,15,16:17:48,False,,True,True,722.95,60,1,0,668288145,train,True
668288082,722.9,15,16:17:49,False,,True,True,722.95,60,1,0,668288145,train,True
668288083,722.81,15,16:17:50,False,,True,True,722.95,60,1,0,668288145,train,True
668288084,723.13,15,16:17:51,False,,True,True,722.95,60,1,0,668288145,train,True
668288085,722.97,15,16:17:52,False,,True,True,722.95,60,1,0,668288145,train,True
668288086,722.97,15,16:17:53,False,,True,True,722.95,60,1,0,668288145,train,True
668288087,722.97,15,16:17:54,False,,True,True,722.95,60,1,0,668288145,train,True
668288088,723.05,15,16:17:54,False,,True,True,722.96,60,1,0,668288145,train,True
668288089,722.82,15,16:17:55,False,,True,True,722.95,60,1,0,668288145,train,True
668288090,722.98,15,16:17:56,False,,True,True,722.95,60,1,0,668288145,train,True
668288091,722.98,15,16:17:57,False,,True,True,722.95,60,1,0,668288145,train,True
668288092,722.82,15,16:17:58,False,,True,True,722.95,60,1,0,668288145,train,True
668288093,722.9,15,16:17:59,False,,True,True,722.95,60,1,0,668288145,train,True
668288094,722.67,15,16:18:00,False,,True,True,722.94,60,1,0,668288145,train,True
668288095,722.9,15,16:18:01,False,,True,True,722.94,60,1,0,668288145,train,True
668288096,722.91,15,16:18:02,False,,True,True,722.94,60,1,0,668288145,train,True
668288097,722.83,15,16:18:03,False,,True,True,722.94,60,1,0,668288145,train,True
668288098,722.98,15,16:18:04,False,,True,True,722.94,60,1,0,668288145,train,True
668288099,722.91,15,16:18:05,False,,True,True,722.94,60,1,0,668288145,train,True
668288100,722.98,15,16:18:06,False,,True,True,722.94,60,1,0,668288145,train,True
668288101,722.67,15,16:18:07,False,,True,True,722.93,60,1,0,668288145,train,True
668288102,722.6,15,16:18:08,False,,True,True,722.92,60,1,0,668288145,train,True
668288103,722.98,15,16:18:09,False,,True,True,722.93,60,1,0,668288145,train,True
668288104,722.75,15,16:18:10,False,,True,True,722.92,60,1,0,668288145,train,True
668288105,722.83,15,16:18:11,False,,True,True,722.92,60,1,0,668288145,train,True
668288106,722.83,15,16:18:12,False,,True,True,722.92,60,1,0,668288145,train,True
668288107,722.83,15,16:18:13,False,,True,True,722.92,60,1,0,668288145,train,True
668288108,722.68,15,16:18:14,False,,True,True,722.91,60,1,0,668288145,train,True
668288109,722.98,15,16:18:15,False,,True,True,722.91,60,1,0,668288145,train,True
668288110,722.52,15,16:18:16,False,,True,True,722.91,60,1,0,668288145,train,True
668288111,722.91,15,16:18:17,False,,True,True,722.91,60,1,0,668288145,train,True
668288112,722.68,15,16:18:18,False,,True,True,722.9,60,1,0,668288145,train,True
668288113,722.84,15,16:18:19,False,,True,True,722.9,60,1,0,668288145,train,True
668288114,722.68,15,16:18:20,False,,True,True,722.9,60,1,0,668288145,train,True
668288290,722.6,15,16:21:11,False,,True,False,722.77,60,1,1,668288356,train,True
668288291,722.91,15,16:21:12,False,,True,False,722.77,60,1,1,668288356,train,True
668288292,722.83,15,16:21:13,False,,True,False,722.77,60,1,1,668288356,train,True
668288293,722.76,15,16:21:14,False,,True,False,722.77,60,1,1,668288356,train,True
668288294,722.84,15,16:21:15,False,,True,False,722.77,60,1,1,668288356,train,True
668288295,722.91,15,16:21:16,False,,True,False,722.77,60,1,1,668288356,train,True
668288296,722.83,15,16:21:17,False,,True,False,722.77,60,1,1,668288356,train,True
668288297,722.83,15,16:21:18,False,,True,False,722.77,60,1,1,668288356,train,True
668288298,722.91,15,16:21:19,False,,True,False,722.77,60,1,1,668288356,train,True
668288299,722.83,15,16:21:20,False,,True,False,722.77,60,1,1,668288356,train,True
668288300,722.92,15,16:21:21,False,,True,False,722.77,60,1,1,668288356,train,True
668288301,722.99,15,16:21:22,False,,True,False,722.77,60,1,1,668288356,train,True
668288302,722.68,15,16:21:23,False,,True,False,722.77,60,1,1,668288356,train,True
668288303,722.76,15,16:21:24,False,,True,False,722.77,60,1,1,668288356,train,True
668288304,722.91,15,16:21:25,False,,True,False,722.77,60,1,1,668288356,train,True
668288305,722.92,15,16:21:26,False,,True,False,722.77,60,1,1,668288356,train,True
668288306,722.84,15,16:21:27,False,,True,False,722.77,60,1,1,668288356,train,True
668288307,722.76,15,16:21:28,False,,True,False,722.77,60,1,1,668288356,train,True
668288308,722.76,15,16:21:29,False,,True,False,722.77,60,1,1,668288356,train,True
668288309,722.84,15,16:21:30,False,,True,False,722.77,60,1,1,668288356,train,True
668288310,722.76,15,16:21:31,False,,True,False,722.77,60,1,1,668288356,train,True
668288311,722.99,15,16:21:32,False,,True,False,722.77,60,1,1,668288356,train,True
668288312,722.77,15,16:21:33,False,,True,False,722.77,60,1,1,668288356,train,True
668288313,722.85,15,16:21:34,False,,True,False,722.77,60,1,1,668288356,train,True
668288314,722.84,15,16:21:34,False,,True,False,722.77,60,1,1,668288356,train,True
668288315,722.84,15,16:21:35,False,,True,False,722.77,60,1,1,668288356,train,True
668288316,722.85,15,16:21:36,False,,True,False,722.77,60,1,1,668288356,train,True
668288317,722.85,15,16:21:37,False,,True,False,722.77,60,1,1,668288356,train,True
668288318,723.0,15,16:21:38,False,,True,False,722.77,60,1,1,668288356,train,True
668288319,722.77,15,16:21:39,False,,True,False,722.77,60,1,1,668288356,train,True
668288320,722.77,15,16:21:40,False,,True,False,722.77,60,1,1,668288356,train,True
668288321,722.84,15,16:21:41,False,,True,False,722.77,60,1,1,668288356,train,True
668288322,722.77,15,16:21:42,False,,True,False,722.77,60,1,1,668288356,train,True
668288323,722.76,15,16:21:43,False,,True,False,722.77,60,1,1,668288356,train,True
668288324,722.77,15,16:21:44,False,,True,False,722.77,60,1,1,668288356,train,True
668288325,722.69,15,16:21:45,False,,True,False,722.77,60,1,1,668288356,train,True
668288326,722.69,15,16:21:46,False,,True,False,722.77,60,1,1,668288356,train,True
668288327,722.77,15,16:21:47,False,,True,False,722.77,60,1,1,668288356,train,True
668288328,722.69,15,16:21:48,False,,True,False,722.77,60,1,1,668288356,train,True
668288329,722.78,15,16:21:49,False,,True,False,722.77,60,1,1,668288356,train,True
668288330,722.7,15,16:21:50,False,,True,False,722.77,60,1,1,668288356,train,True
668288331,722.77,15,16:21:51,False,,True,False,722.77,60,1,1,668288356,train,True
668288332,722.77,15,16:21:52,False,,True,True,722.77,60,1,1,668288356,train,True
668288333,722.78,15,16:21:53,False,,True,True,722.77,60,1,1,668288356,train,True
668288334,722.62,15,16:21:54,False,,True,True,722.77,60,1,1,668288356,train,True
668288335,722.85,15,16:21:55,False,,True,True,722.77,60,1,1,668288356,train,True
668288336,722.78,15,16:21:56,False,,True,True,722.77,60,1,1,668288356,train,True
668288337,722.7,15,16:21:57,False,,True,True,722.77,60,1,1,668288356,train,True
668288338,722.55,15,16:21:58,False,,True,True,722.77,60,1,1,668288356,train,True
668288339,722.7,15,16:21:59,False,,True,True,722.77,60,1,1,668288356,train,True
668288340,722.54,15,16:22:00,False,,True,True,722.77,60,1,1,668288356,train,True
668288341,722.62,15,16:22:01,False,,True,True,722.77,60,1,1,668288356,train,True
668288342,722.55,15,16:22:02,False,,True,True,722.77,60,1,1,668288356,train,True
668288343,722.62,15,16:22:03,False,,True,True,722.77,60,1,1,668288356,train,True
668288344,722.55,15,16:22:04,False,,True,True,722.77,60,1,1,668288356,train,True
668288345,722.47,15,16:22:05,False,,True,True,722.77,60,1,1,668288356,train,True
668288346,722.23,15,16:22:06,False,,True,True,722.77,60,1,1,668288356,train,True
668288347,722.31,15,16:22:07,False,,True,True,722.76,60,1,1,668288356,train,True
668288348,722.31,15,16:22:08,False,,True,True,722.76,60,1,1,668288356,train,True
668288349,722.16,15,16:22:09,False,,True,True,722.76,60,1,1,668288356,train,True
668363780,733.6,16,12:46:00,False,,True,False,733.74,60,1,2,668363851,train,True
668363781,733.6,16,12:46:01,False,,True,False,733.74,60,1,2,668363851,train,True
668363782,733.58,16,12:46:02,False,,True,False,733.74,60,1,2,668363851,train,True
668363783,733.61,16,12:46:03,False,,True,False,733.74,60,1,2,668363851,train,True
668363784,733.61,16,12:46:04,False,,True,False,733.74,60,1,2,668363851,train,True
668363785,733.62,16,12:46:05,False,,True,False,733.74,60,1,2,668363851,train,True
668363786,733.66,16,12:46:06,False,,True,False,733.74,60,1,2,668363851,train,True
668363787,733.64,16,12:46:07,False,,True,False,733.74,60,1,2,668363851,train,True
668363788,733.61,16,12:46:08,False,,True,False,733.74,60,1,2,668363851,train,True
668363789,733.63,16,12:46:09,False,,True,False,733.74,60,1,2,668363851,train,True
668363790,733.61,16,12:46:10,False,,True,False,733.74,60,1,2,668363851,train,True
668363791,733.63,16,12:46:11,False,,True,False,733.74,60,1,2,668363851,train,True
668363792,733.6,16,12:46:12,False,,True,False,733.74,60,1,2,668363851,train,True
668363793,733.69,16,12:46:13,False,,True,False,733.73,60,1,2,668363851,train,True
668363794,733.71,16,12:46:14,False,,True,False,733.73,60,1,2,668363851,train,True
668363795,733.71,16,12:46:15,False,,True,False,733.73,60,1,2,668363851,train,True
668363796,733.68,16,12:46:16,False,,True,False,733.73,60,1,2,668363851,train,True
668363797,733.64,16,12:46:16,False,,True,False,733.73,60,1,2,668363851,train,True
668363798,733.7,16,12:46:17,False,,True,False,733.73,60,1,2,668363851,train,True
668363799,733.63,16,12:46:18,False,,True,False,733.73,60,1,2,668363851,train,True
668363800,733.72,16,12:46:19,False,,True,False,733.73,60,1,2,668363851,train,True
668363801,733.72,16,12:46:20,False,,True,False,733.73,60,1,2,668363851,train,True
668363802,733.72,16,12:46:21,False,,True,False,733.73,60,1,2,668363851,train,True
668363803,733.76,16,12:46:22,False,,True,False,733.73,60,1,2,668363851,train,True
668363804,733.76,16,12:46:23,False,,True,False,733.73,60,1,2,668363851,train,True
668363805,733.76,16,12:46:24,False,,True,True,733.73,60,1,2,668363851,train,True
668363806,733.74,16,12:46:25,False,,True,True,733.73,60,1,2,668363851,train,True
668363807,733.72,16,12:46:26,False,,True,True,733.73,60,1,2,668363851,train,True
668363808,733.73,16,12:46:27,False,,True,True,733.73,60,1,2,668363851,train,True
668363809,733.73,16,12:46:28,False,,True,True,733.73,60,1,2,668363851,train,True
668363810,733.71,16,12:46:29,False,,True,True,733.73,60,1,2,668363851,train,True
668363811,733.68,16,12:46:30,False,,True,True,733.73,60,1,2,668363851,train,True
668363812,733.79,16,12:46:31,False,,True,True,733.73,60,1,2,668363851,train,True
668363813,733.7,16,12:46:32,False,,True,True,733.73,60,1,2,668363851,train,True
668363814,733.68,16,12:46:33,False,,True,True,733.73,60,1,2,668363851,train,True
668363815,733.68,16,12:46:34,False,,True,True,733.73,60,1,2,668363851,train,True
668363816,733.64,16,12:46:35,False,,True,True,733.73,60,1,2,668363851,train,True
668363817,733.68,16,12:46:36,False,,True,True,733.73,60,1,2,668363851,train,True
668363818,733.63,16,12:46:37,False,,True,True,733.73,60,1,2,668363851,train,True
668363819,733.69,16,12:46:38,False,,True,True,733.73,60,1,2,668363851,train,True
668363820,733.64,16,12:46:39,False,,True,True,733.73,60,1,2,668363851,train,True
668363821,733.58,16,12:46:40,False,,True,True,733.73,60,1,2,668363851,train,True
668363822,733.64,16,12:46:41,False,,True,True,733.73,60,1,2,668363851,train,True
668363823,733.6,16,12:46:42,False,,True,True,733.73,60,1,2,668363851,train,True
668363824,733.55,16,12:46:43,False,,True,True,733.72,60,1,2,668363851,train,True
668363825,733.53,16,12:46:44,False,,True,True,733.72,60,1,2,668363851,train,True
668363826,733.52,16,12:46:45,False,,True,True,733.72,60,1,2,668363851,train,True
668363827,733.54,16,12:46:46,False,,True,True,733.72,60,1,2,668363851,train,True
668363828,733.48,16,12:46:47,False,,True,True,733.72,60,1,2,668363851,train,True
668363829,733.56,16,12:46:48,False,,True,True,733.72,60,1,2,668363851,train,True
668363830,733.56,16,12:46:49,False,,True,True,733.72,60,1,2,668363851,train,True
668363831,733.54,16,12:46:50,False,,True,True,733.72,60,1,2,668363851,train,True
668363832,733.56,16,12:46:51,False,,True,True,733.72,60,1,2,668363851,train,True
668363833,733.51,16,12:46:52,False,,True,True,733.72,60,1,2,668363851,train,True
668363834,733.53,16,12:46:53,False,,True,True,733.72,60,1,2,668363851,train,True
668363835,733.46,16,12:46:53,False,,True,True,733.72,60,1,2,668363851,train,True
668363836,733.4,16,12:46:54,False,,True,True,733.72,60,1,2,668363851,train,True
668363837,733.39,16,12:46:55,False,,True,True,733.72,60,1,2,668363851,train,True
668363838,733.37,16,12:46:56,False,,True,True,733.71,60,1,2,668363851,train,True
668363839,733.37,16,12:46:57,False,,True,True,733.71,60,1,2,668363851,train,True
668370621,727.24,16,14:37:00,False,,True,False,727.41,10,1,3,668370696,train,True
668370622,727.22,16,14:37:01,False,,True,False,727.41,11,1,3,668370696,train,True
668370623,727.21,16,14:37:02,False,,True,False,727.41,12,1,3,668370696,train,True
668370624,727.22,16,14:37:03,False,,True,False,727.41,13,1,3,668370696,train,True
668370625,727.25,16,14:37:03,False,,True,False,727.41,14,1,3,668370696,train,True
668370626,727.23,16,14:37:04,False,,True,False,727.41,15,1,3,668370696,train,True
668370627,727.19,16,14:37:05,False,,True,False,727.41,16,1,3,668370696,train,True
668370628,727.21,16,14:37:06,False,,True,False,727.41,17,1,3,668370696,train,True
668370629,727.23,16,14:37:07,False,,True,False,727.41,18,1,3,668370696,train,True
668370630,727.18,16,14:37:08,False,,True,False,727.41,19,1,3,668370696,train,True
668370631,727.11,16,14:37:09,False,,True,False,727.41,20,1,3,668370696,train,True
668370632,727.13,16,14:37:10,False,,True,False,727.41,21,1,3,668370696,train,True
668370633,727.13,16,14:37:11,False,,True,False,727.41,22,1,3,668370696,train,True
668370634,727.19,16,14:37:12,False,,True,False,727.41,23,1,3,668370696,train,True
668370635,727.26,16,14:37:13,False,,True,False,727.4,24,1,3,668370696,train,True
668370636,727.28,16,14:37:14,False,,True,True,727.4,25,1,3,668370696,train,True
668370637,727.27,16,14:37:15,False,,True,True,727.4,26,1,3,668370696,train,True
668370638,727.28,16,14:37:16,False,,True,True,727.4,27,1,3,668370696,train,True
668370639,727.25,16,14:37:17,False,,True,True,727.4,28,1,3,668370696,train,True
668370640,727.14,16,14:37:18,False,,True,True,727.4,29,1,3,668370696,train,True
668370641,727.2,16,14:37:19,False,,True,True,727.4,30,1,3,668370696,train,True
668370642,727.24,16,14:37:20,False,,True,True,727.4,31,1,3,668370696,train,True
668370643,727.15,16,14:37:21,False,,True,True,727.4,32,1,3,668370696,train,True
668370644,727.13,16,14:37:22,False,,True,True,727.4,33,1,3,668370696,train,True
668370645,727.17,16,14:37:23,False,,True,True,727.4,34,1,3,668370696,train,True
668370646,727.17,16,14:37:24,False,,True,True,727.4,35,1,3,668370696,train,True
668370647,727.16,16,14:37:25,False,,True,True,727.4,36,1,3,668370696,train,True
668370648,727.19,16,14:37:26,False,,True,True,727.4,37,1,3,668370696,train,True
668370649,727.18,16,14:37:27,False,,True,True,727.4,38,1,3,668370696,train,True
668370650,727.16,16,14:37:28,False,,True,True,727.4,39,1,3,668370696,train,True
668370651,727.14,16,14:37:29,False,,True,True,727.4,40,1,3,668370696,train,True
668370652,727.16,16,14:37:30,False,,True,True,727.4,41,1,3,668370696,train,True
668370653,727.15,16,14:37:31,False,,True,True,727.4,42,1,3,668370696,train,True
668370654,727.11,16,14:37:32,False,,True,True,727.4,43,1,3,668370696,train,True
668370655,727.17,16,14:37:33,False,,True,True,727.4,44,1,3,668370696,train,True
668370656,727.17,16,14:37:34,False,,True,True,727.4,45,1,3,668370696,train,True
668370657,727.13,16,14:37:35,False,,True,True,727.4,46,1,3,668370696,train,True
668370658,727.12,16,14:37:36,False,,True,True,727.4,47,1,3,668370696,train,True
668370659,727.05,16,14:37:37,False,,True,True,727.4,48,1,3,668370696,train,True
668370660,727.12,16,14:37:38,False,,True,True,727.4,49,1,3,668370696,train,True
668370661,727.07,16,14:37:39,False,,True,True,727.4,50,1,3,668370696,train,True
668370662,727.13,16,14:37:40,False,,True,True,727.4,51,1,3,668370696,train,True
668370663,727.14,16,14:37:40,False,,True,True,727.39,52,1,3,668370696,train,True
668370664,727.07,16,14:37:41,False,,True,True,727.39,53,1,3,668370696,train,True
668370665,727.11,16,14:37:42,False,,True,True,727.39,54,1,3,668370696,train,True
668370666,727.11,16,14:37:43,False,,True,True,727.39,55,1,3,668370696,train,True
668370667,727.06,16,14:37:44,False,,True,True,727.39,56,1,3,668370696,train,True
668370668,727.1,16,14:37:45,False,,True,True,727.39,57,1,3,668370696,train,True
668370669,727.1,16,14:37:46,False,,True,True,727.39,58,1,3,668370696,train,True
668370670,727.12,16,14:37:47,False,,True,True,727.39,59,1,3,668370696,train,True
668370671,727.03,16,14:37:48,False,,True,True,727.39,60,1,3,668370696,train,True
668370672,727.1,16,14:37:49,False,,True,True,727.39,60,1,3,668370696,train,True
668370673,727.05,16,14:37:50,False,,True,True,727.39,60,1,3,668370696,train,True
668370674,727.07,16,14:37:51,False,,True,True,727.39,60,1,3,668370696,train,True
668370675,727.05,16,14:37:52,False,,True,True,727.39,60,1,3,668370696,train,True
668370676,727.06,16,14:37:53,False,,True,True,727.39,60,1,3,668370696,train,True
668370677,727.09,16,14:37:54,False,,True,True,727.39,60,1,3,668370696,train,True
668370678,727.02,16,14:37:55,False,,True,True,727.39,60,1,3,668370696,train,True
668370679,726.99,16,14:37:56,False,,True,True,727.38,60,1,3,668370696,train,True
668370680,726.92,16,14:37:57,False,,True,True,727.38,60,1,3,668370696,train,True
668373397,726.28,16,15:22:02,False,,True,False,726.51,60,1,4,668373458,train,True
668373398,726.43,16,15:22:03,False,,True,False,726.51,60,1,4,668373458,train,True
668373399,726.43,16,15:22:04,False,,True,False,726.51,60,1,4,668373458,train,True
668373400,726.51,16,15:22:05,False,,True,False,726.51,60,1,4,668373458,train,True
668373401,726.51,16,15:22:06,False,,True,False,726.51,60,1,4,668373458,train,True
668373402,726.28,16,15:22:07,False,,True,False,726.51,60,1,4,668373458,train,True
668373403,726.44,16,15:22:08,False,,True,False,726.51,60,1,4,668373458,train,True
668373404,726.2,16,15:22:09,False,,True,False,726.51,60,1,4,668373458,train,True
668373405,726.51,16,15:22:10,False,,True,False,726.51,60,1,4,668373458,train,True
668373406,726.36,16,15:22:11,False,,True,False,726.51,60,1,4,668373458,train,True
668373407,726.67,16,15:22:12,False,,True,False,726.51,60,1,4,668373458,train,True
668373408,726.36,16,15:22:13,False,,True,False,726.51,60,1,4,668373458,train,True
668373409,726.43,16,15:22:14,False,,True,False,726.51,60,1,4,668373458,train,True
668373410,726.43,16,15:22:15,False,,True,False,726.51,60,1,4,668373458,train,True
668373411,726.28,16,15:22:16,False,,True,False,726.51,60,1,4,668373458,train,True
668373412,726.36,16,15:22:17,False,,True,False,726.51,60,1,4,668373458,train,True
668373413,726.35,16,15:22:18,False,,True,False,726.51,60,1,4,668373458,train,True
668373414,726.28,16,15:22:19,False,,True,False,726.51,60,1,4,668373458,train,True
668373415,726.59,16,15:22:20,False,,True,False,726.51,60,1,4,668373458,train,True
668373416,726.51,16,15:22:21,False,,True,False,726.51,60,1,4,668373458,train,True
668373417,726.51,16,15:22:21,False,,True,False,726.51,60,1,4,668373458,train,True
668373418,726.51,16,15:22:22,False,,True,False,726.51,60,1,4,668373458,train,True
668373419,726.51,16,15:22:23,False,,True,False,726.51,60,1,4,668373458,train,True
668373420,726.36,16,15:22:24,False,,True,False,726.51,60,1,4,668373458,train,True
668373421,726.27,16,15:22:25,False,,True,False,726.5,60,1,4,668373458,train,True
668373422,726.43,16,15:22:26,False,,True,False,726.5,60,1,4,668373458,train,True
668373423,726.43,16,15:22:27,False,,True,False,726.5,60,1,4,668373458,train,True
668373424,726.43,16,15:22:28,False,,True,False,726.5,60,1,4,668373458,train,True
668373425,726.28,16,15:22:29,False,,True,False,726.5,60,1,4,668373458,train,True
668373426,726.27,16,15:22:30,False,,True,False,726.5,60,1,4,668373458,train,True
668373427,726.43,16,15:22:31,False,,True,False,726.5,60,1,4,668373458,train,True
668373428,726.43,16,15:22:32,False,,True,False,726.5,60,1,4,668373458,train,True
668373429,726.66,16,15:22:33,False,,True,False,726.5,60,1,4,668373458,train,True
668373430,726.51,16,15:22:34,False,,True,False,726.5,60,1,4,668373458,train,True
668373431,726.35,16,15:22:35,False,,True,False,726.5,60,1,4,668373458,train,True
668373432,726.35,16,15:22:36,False,,True,False,726.5,60,1,4,668373458,train,True
668373433,726.59,16,15:22:37,False,,True,False,726.5,60,1,4,668373458,train,True
668373434,726.36,16,15:22:38,False,,True,False,726.5,60,1,4,668373458,train,True
668373435,726.2,16,15:22:39,False,,True,False,726.5,60,1,4,668373458,train,True
668373436,726.28,16,15:22:40,False,,True,False,726.5,60,1,4,668373458,train,True
668373437,726.35,16,15:22:41,False,,True,False,726.5,60,1,4,668373458,train,True
668373438,726.43,16,15:22:42,False,,True,False,726.5,60,1,4,668373458,train,True
668373439,726.43,16,15:22:43,False,,True,False,726.5,60,1,4,668373458,train,True
668373440,726.58,16,15:22:44,False,,True,False,726.5,60,1,4,668373458,train,True
668373441,726.51,16,15:22:45,False,,True,False,726.5,60,1,4,668373458,train,True
668373442,726.35,16,15:22:46,False,,True,False,726.5,60,1,4,668373458,train,True
668373443,726.12,16,15:22:47,False,,True,False,726.5,60,1,4,668373458,train,True
668373444,726.35,16,15:22:48,False,,True,False,726.5,60,1,4,668373458,train,True
668373445,726.2,16,15:22:49,False,,True,False,726.49,60,1,4,668373458,train,True
668373446,726.35,16,15:22:50,False,,True,False,726.49,60,1,4,668373458,train,True
668373447,726.35,16,15:22:51,False,,True,False,726.49,60,1,4,668373458,train,True
668373448,726.27,16,15:22:52,False,,True,False,726.49,60,1,4,668373458,train,True
668373449,726.2,16,15:22:53,False,,True,False,726.49,60,1,4,668373458,train,True
668373450,726.28,16,15:22:54,False,,True,False,726.49,60,1,4,668373458,train,True
668373451,726.43,16,15:22:55,False,,True,False,726.49,60,1,4,668373458,train,True
668373452,726.27,16,15:22:56,False,,True,False,726.49,60,1,4,668373458,train,True
668373453,726.43,16,15:22:57,False,,True,False,726.49,60,1,4,668373458,train,True
668373454,726.12,16,15:22:58,False,,True,True,726.49,60,1,4,668373458,train,True
668373455,726.12,16,15:22:58,False,,True,True,726.49,60,1,4,668373458,train,True
668373456,726.04,16,15:22:59,False,,True,True,726.49,60,1,4,668373458,train,True
668450609,733.66,17,12:14:47,False,,True,True,733.55,2,1,5,668450709,train,True
668450610,733.64,17,12:14:48,False,,True,True,733.55,3,1,5,668450709,train,True
668450611,733.62,17,12:14:49,False,,True,True,733.55,4,1,5,668450709,train,True
668450612,733.59,17,12:14:50,False,,True,True,733.55,5,1,5,668450709,train,True
668450613,733.55,17,12:14:51,False,,True,True,733.55,6,1,5,668450709,train,True
668450614,733.57,17,12:14:52,False,,True,True,733.55,7,1,5,668450709,train,True
668450615,733.55,17,12:14:53,False,,True,True,733.55,8,1,5,668450709,train,True
668450616,733.57,17,12:14:54,False,,True,True,733.55,9,1,5,668450709,train,True
668450617,733.56,17,12:14:55,False,,True,True,733.55,10,1,5,668450709,train,True
668450618,733.52,17,12:14:56,False,,True,True,733.55,11,1,5,668450709,train,True
668450619,733.52,17,12:14:57,False,,True,True,733.55,12,1,5,668450709,train,True
668450620,733.52,17,12:14:58,False,,True,True,733.55,13,1,5,668450709,train,True
668450621,733.54,17,12:14:59,False,,True,True,733.55,14,1,5,668450709,train,True
668450622,733.49,17,12:15:00,False,,True,True,733.55,15,1,5,668450709,train,True
668450623,733.54,17,12:15:01,False,,True,True,733.55,16,1,5,668450709,train,True
668450624,733.51,17,12:15:02,False,,True,True,733.55,17,1,5,668450709,train,True
668450625,733.56,17,12:15:03,False,,True,True,733.55,18,1,5,668450709,train,True
668450626,733.54,17,12:15:04,False,,True,True,733.55,19,1,5,668450709,train,True
668450627,733.54,17,12:15:05,False,,True,True,733.55,20,1,5,668450709,train,True
668450628,733.58,17,12:15:06,False,,True,True,733.56,21,1,5,668450709,train,True
668450629,733.58,17,12:15:07,False,,True,True,733.56,22,1,5,668450709,train,True
668450630,733.56,17,12:15:08,False,,True,True,733.56,23,1,5,668450709,train,True
668450631,733.55,17,12:15:09,False,,True,True,733.56,24,1,5,668450709,train,True
668450632,733.6,17,12:15:10,False,,True,True,733.56,25,1,5,668450709,train,True
668450633,733.62,17,12:15:11,False,,True,True,733.56,26,1,5,668450709,train,True
668450634,733.57,17,12:15:12,False,,True,True,733.56,27,1,5,668450709,train,True
668450635,733.57,17,12:15:13,False,,True,True,733.56,28,1,5,668450709,train,True
668450636,733.55,17,12:15:14,False,,True,True,733.56,29,1,5,668450709,train,True
668450637,733.57,17,12:15:15,False,,True,True,733.56,30,1,5,668450709,train,True
668450638,733.53,17,12:15:15,False,,True,True,733.56,31,1,5,668450709,train,True
668450639,733.57,17,12:15:16,False,,True,True,733.56,32,1,5,668450709,train,True
668450640,733.59,17,12:15:17,False,,True,True,733.56,33,1,5,668450709,train,True
668450641,733.61,17,12:15:18,False,,True,True,733.56,34,1,5,668450709,train,True
668450642,733.61,17,12:15:19,False,,True,True,733.56,35,1,5,668450709,train,True
668450643,733.61,17,12:15:20,False,,True,True,733.56,36,1,5,668450709,train,True
668450644,733.57,17,12:15:21,False,,True,True,733.56,37,1,5,668450709,train,True
668450645,733.59,17,12:15:22,False,,True,True,733.56,38,1,5,668450709,train,True
668450646,733.61,17,12:15:23,False,,True,True,733.56,39,1,5,668450709,train,True
668450647,733.65,17,12:15:24,False,,True,True,733.56,40,1,5,668450709,train,True
668450648,733.63,17,12:15:25,False,,True,True,733.56,41,1,5,668450709,train,True
668450649,733.67,17,12:15:26,False,,True,True,733.56,42,1,5,668450709,train,True
668450650,733.61,17,12:15:27,False,,True,True,733.56,43,1,5,668450709,train,True
668450651,733.65,17,12:15:28,False,,True,True,733.56,44,1,5,668450709,train,True
668450652,733.65,17,12:15:29,False,,True,True,733.56,45,1,5,668450709,train,True
668450653,733.65,17,12:15:30,False,,True,True,733.56,46,1,5,668450709,train,True
668450654,733.65,17,12:15:31,False,,True,True,733.56,47,1,5,668450709,train,True
668450655,733.58,17,12:15:32,False,,True,True,733.56,48,1,5,668450709,train,True
668450656,733.53,17,12:15:33,False,,True,True,733.56,49,1,5,668450709,train,True
668450657,733.55,17,12:15:34,False,,True,True,733.56,50,1,5,668450709,train,True
668450658,733.55,17,12:15:35,False,,True,True,733.56,51,1,5,668450709,train,True
668450659,733.53,17,12:15:36,False,,True,True,733.56,52,1,5,668450709,train,True
668450660,733.51,17,12:15:37,False,,True,True,733.56,53,1,5,668450709,train,True
668450661,733.55,17,12:15:38,False,,True,True,733.56,54,1,5,668450709,train,True
668450662,733.52,17,12:15:39,False,,True,True,733.56,55,1,5,668450709,train,True
668450663,733.46,17,12:15:40,False,,True,True,733.56,56,1,5,668450709,train,True
668450664,733.57,17,12:15:41,False,,True,True,733.56,57,1,5,668450709,train,True
668450665,733.48,17,12:15:42,False,,True,True,733.56,58,1,5,668450709,train,True
668450666,733.34,17,12:15:43,False,,True,True,733.56,59,1,5,668450709,train,True
668450667,733.31,17,12:15:44,False,,True,True,733.56,60,1,5,668450709,train,True
668450668,733.3,17,12:15:45,False,,True,True,733.56,60,1,5,668450709,train,True
668451615,733.69,17,12:31:07,False,,True,False,733.79,60,1,6,668451679,train,True
668451616,733.54,17,12:31:08,False,,True,False,733.79,60,1,6,668451679,train,True
668451617,733.77,17,12:31:09,False,,True,False,733.79,60,1,6,668451679,train,True
668451618,733.93,17,12:31:10,False,,True,False,733.79,60,1,6,668451679,train,True
668451619,733.77,17,12:31:10,False,,True,False,733.79,60,1,6,668451679,train,True
668451620,733.85,17,12:31:11,False,,True,False,733.79,60,1,6,668451679,train,True
668451621,733.85,17,12:31:12,False,,True,False,733.79,60,1,6,668451679,train,True
668451622,733.7,17,12:31:13,False,,True,False,733.79,60,1,6,668451679,train,True
668451623,733.46,17,12:31:14,False,,True,False,733.79,60,1,6,668451679,train,True
668451624,733.85,17,12:31:15,False,,True,False,733.79,60,1,6,668451679,train,True
668451625,733.7,17,12:31:16,False,,True,False,733.78,60,1,6,668451679,train,True
668451626,733.54,17,12:31:17,False,,True,False,733.78,60,1,6,668451679,train,True
668451627,733.62,17,12:31:18,False,,True,False,733.78,60,1,6,668451679,train,True
668451628,733.47,17,12:31:19,False,,True,False,733.78,60,1,6,668451679,train,True
668451629,733.77,17,12:31:20,False,,True,False,733.78,60,1,6,668451679,train,True
668451630,733.85,17,12:31:21,False,,True,False,733.78,60,1,6,668451679,train,True
668451631,733.85,17,12:31:22,False,,True,False,733.78,60,1,6,668451679,train,True
668451632,733.77,17,12:31:23,False,,True,False,733.78,60,1,6,668451679,train,True
668451633,733.77,17,12:31:24,False,,True,False,733.78,60,1,6,668451679,train,True
668451634,733.85,17,12:31:25,False,,True,False,733.78,60,1,6,668451679,train,True
668451635,733.92,17,12:31:26,False,,True,False,733.78,60,1,6,668451679,train,True
668451636,733.61,17,12:31:27,False,,True,False,733.78,60,1,6,668451679,train,True
668451637,733.84,17,12:31:28,False,,True,False,733.78,60,1,6,668451679,train,True
668451638,733.69,17,12:31:29,False,,True,False,733.78,60,1,6,668451679,train,True
668451639,733.69,17,12:31:30,False,,True,False,733.78,60,1,6,668451679,train,True
668451640,733.69,17,12:31:31,False,,True,False,733.77,60,1,6,668451679,train,True
668451641,733.77,17,12:31:32,False,,True,False,733.77,60,1,6,668451679,train,True
668451642,733.61,17,12:31:33,False,,True,False,733.77,60,1,6,668451679,train,True
668451643,733.62,17,12:31:34,False,,True,False,733.77,60,1,6,668451679,train,True
668451644,733.61,17,12:31:35,False,,True,False,733.77,60,1,6,668451679,train,True
668451645,733.69,17,12:31:36,False,,True,False,733.77,60,1,6,668451679,train,True
668451646,733.76,17,12:31:37,False,,True,False,733.77,60,1,6,668451679,train,True
668451647,733.69,17,12:31:38,False,,True,False,733.77,60,1,6,668451679,train,True
668451648,733.77,17,12:31:39,False,,True,False,733.77,60,1,6,668451679,train,True
668451649,733.69,17,12:31:40,False,,True,False,733.77,60,1,6,668451679,train,True
668451650,733.45,17,12:31:41,False,,True,False,733.77,60,1,6,668451679,train,True
668451651,733.77,17,12:31:42,False,,True,False,733.77,60,1,6,668451679,train,True
668451652,733.69,17,12:31:43,False,,True,False,733.77,60,1,6,668451679,train,True
668451653,733.46,17,12:31:44,False,,True,False,733.77,60,1,6,668451679,train,True
668451654,733.3,17,12:31:45,False,,True,False,733.77,60,1,6,668451679,train,True
668451655,733.68,17,12:31:46,False,,True,False,733.76,60,1,6,668451679,train,True
668451656,733.61,17,12:31:46,False,,True,False,733.76,60,1,6,668451679,train,True
668451657,733.53,17,12:31:47,False,,True,False,733.76,60,1,6,668451679,train,True
668451658,733.69,17,12:31:48,False,,True,False,733.76,60,1,6,668451679,train,True
668451659,733.45,17,12:31:49,False,,True,False,733.76,60,1,6,668451679,train,True
668451660,733.61,17,12:31:50,False,,True,False,733.76,60,1,6,668451679,train,True
668451661,733.45,17,12:31:51,False,,True,False,733.76,60,1,6,668451679,train,True
668451662,733.68,17,12:31:52,False,,True,False,733.76,60,1,6,668451679,train,True
668451663,733.61,17,12:31:53,False,,True,True,733.76,60,1,6,668451679,train,True
668451664,733.61,17,12:31:54,False,,True,True,733.76,60,1,6,668451679,train,True
668451665,733.53,17,12:31:55,False,,True,True,733.76,60,1,6,668451679,train,True
668451666,733.45,17,12:31:56,False,,True,True,733.76,60,1,6,668451679,train,True
668451667,733.45,17,12:31:57,False,,True,True,733.76,60,1,6,668451679,train,True
668451668,733.45,17,12:31:58,False,,True,True,733.75,60,1,6,668451679,train,True
668451669,733.6,17,12:31:59,False,,True,True,733.75,60,1,6,668451679,train,True
668451670,733.68,17,12:32:00,False,,True,True,733.75,60,1,6,668451679,train,True
668451671,733.53,17,12:32:01,False,,True,True,733.75,60,1,6,668451679,train,True
668451672,733.53,17,12:32:02,False,,True,True,733.75,60,1,6,668451679,train,True
668451673,733.45,17,12:32:03,False,,True,True,733.75,60,1,6,668451679,train,True
668451674,733.37,17,12:32:04,False,,True,True,733.75,60,1,6,668451679,train,True
668465510,723.12,17,16:16:33,False,,True,True,723.22,27,1,7,668465594,train,True
668465511,723.13,17,16:16:34,False,,True,True,723.22,28,1,7,668465594,train,True
668465512,723.06,17,16:16:35,False,,True,True,723.22,29,1,7,668465594,train,True
668465513,723.08,17,16:16:36,False,,True,True,723.22,30,1,7,668465594,train,True
668465514,723.13,17,16:16:37,False,,True,True,723.22,31,1,7,668465594,train,True
668465515,723.08,17,16:16:38,False,,True,True,723.22,32,1,7,668465594,train,True
668465516,723.1,17,16:16:39,False,,True,True,723.22,33,1,7,668465594,train,True
668465517,723.13,17,16:16:40,False,,True,True,723.22,34,1,7,668465594,train,True
668465518,723.08,17,16:16:41,False,,True,True,723.22,35,1,7,668465594,train,True
668465519,723.11,17,16:16:42,False,,True,True,723.22,36,1,7,668465594,train,True
668465520,723.09,17,16:16:43,False,,True,True,723.22,37,1,7,668465594,train,True
668465521,723.14,17,16:16:44,False,,True,True,723.22,38,1,7,668465594,train,True
668465522,723.1,17,16:16:45,False,,True,True,723.22,39,1,7,668465594,train,True
668465523,723.09,17,16:16:46,False,,True,True,723.22,40,1,7,668465594,train,True
668465524,723.14,17,16:16:47,False,,True,True,723.22,41,1,7,668465594,train,True
668465525,723.09,17,16:16:48,False,,True,True,723.22,42,1,7,668465594,train,True
668465526,723.12,17,16:16:49,False,,True,True,723.22,43,1,7,668465594,train,True
668465527,723.03,17,16:16:50,False,,True,True,723.22,44,1,7,668465594,train,True
668465528,723.03,17,16:16:51,False,,True,True,723.22,45,1,7,668465594,train,True
668465529,723.05,17,16:16:52,False,,True,True,723.22,46,1,7,668465594,train,True
668465530,723.01,17,16:16:53,False,,True,True,723.21,47,1,7,668465594,train,True
668465531,722.97,17,16:16:54,False,,True,True,723.21,48,1,7,668465594,train,True
668465532,722.99,17,16:16:55,False,,True,True,723.21,49,1,7,668465594,train,True
668465533,723.01,17,16:16:56,False,,True,True,723.21,50,1,7,668465594,train,True
668465534,722.95,17,16:16:57,False,,True,True,723.21,51,1,7,668465594,train,True
668465535,723.06,17,16:16:58,False,,True,True,723.21,52,1,7,668465594,train,True
668465536,723.08,17,16:16:59,False,,True,True,723.21,53,1,7,668465594,train,True
668465537,723.0,17,16:17:00,False,,True,True,723.21,54,1,7,668465594,train,True
668465538,723.02,17,16:17:01,False,,True,True,723.21,55,1,7,668465594,train,True
668465539,723.02,17,16:17:01,False,,True,True,723.21,56,1,7,668465594,train,True
668465540,722.99,17,16:17:02,False,,True,True,723.21,57,1,7,668465594,train,True
668465541,722.95,17,16:17:03,False,,True,True,723.21,58,1,7,668465594,train,True
668465542,722.98,17,16:17:04,False,,True,True,723.21,59,1,7,668465594,train,True
668465543,722.91,17,16:17:05,False,,True,True,723.21,60,1,7,668465594,train,True
668465544,722.91,17,16:17:06,False,,True,True,723.21,60,1,7,668465594,train,True
668465545,722.96,17,16:17:07,False,,True,True,723.21,60,1,7,668465594,train,True
668465546,722.94,17,16:17:08,False,,True,True,723.21,60,1,7,668465594,train,True
668465547,722.96,17,16:17:09,False,,True,True,723.21,60,1,7,668465594,train,True
668465548,722.9,17,16:17:10,False,,True,True,723.21,60,1,7,668465594,train,True
668465549,722.89,17,16:17:11,False,,True,True,723.21,60,1,7,668465594,train,True
668465550,722.92,17,16:17:12,False,,True,True,723.21,60,1,7,668465594,train,True
668465551,722.9,17,16:17:13,False,,True,True,723.21,60,1,7,668465594,train,True
668465552,722.87,17,16:17:14,False,,True,True,723.21,60,1,7,668465594,train,True
668465553,722.92,17,16:17:15,False,,True,True,723.21,60,1,7,668465594,train,True
668465554,722.9,17,16:17:16,False,,True,True,723.2,60,1,7,668465594,train,True
668465555,722.88,17,16:17:17,False,,True,True,723.2,60,1,7,668465594,train,True
668465556,722.88,17,16:17:18,False,,True,True,723.2,60,1,7,668465594,train,True
668465557,722.83,17,16:17:19,False,,True,True,723.2,60,1,7,668465594,train,True
668465558,722.83,17,16:17:20,False,,True,True,723.2,60,1,7,668465594,train,True
668465559,722.83,17,16:17:21,False,,True,True,723.2,60,1,7,668465594,train,True
668465560,722.82,17,16:17:22,False,,True,True,723.2,60,1,7,668465594,train,True
668465561,722.79,17,16:17:23,False,,True,True,723.2,60,1,7,668465594,train,True
668465562,722.86,17,16:17:24,False,,True,True,723.2,60,1,7,668465594,train,True
668465563,722.79,17,16:17:25,False,,True,True,723.2,60,1,7,668465594,train,True
668465564,722.75,17,16:17:26,False,,True,True,723.2,60,1,7,668465594,train,True
668465565,722.78,17,16:17:27,False,,True,True,723.2,60,1,7,668465594,train,True
668465566,722.84,17,16:17:28,False,,True,True,723.2,60,1,7,668465594,train,True
668465567,722.93,17,16:17:29,False,,True,True,723.2,60,1,7,668465594,train,True
668465568,722.87,17,16:17:30,False,,True,True,723.19,60,1,7,668465594,train,True
668465569,722.8,17,16:17:31,False,,True,True,723.19,60,1,7,668465594,train,True
668471296,723.05,17,17:50:26,False,,True,False,723.06,2,1,8,668471362,train,True
668471297,723.05,17,17:50:27,False,,True,False,723.06,3,1,8,668471362,train,True
668471298,723.03,17,17:50:28,False,,True,False,723.06,4,1,8,668471362,train,True
668471299,722.98,17,17:50:29,False,,True,False,723.06,5,1,8,668471362,train,True
668471300,723.03,17,17:50:30,False,,True,False,723.06,6,1,8,668471362,train,True
668471301,722.99,17,17:50:31,False,,True,False,723.06,7,1,8,668471362,train,True
668471302,723.05,17,17:50:32,False,,True,False,723.06,8,1,8,668471362,train,True
668471303,723.07,17,17:50:33,False,,True,False,723.06,9,1,8,668471362,train,True
668471304,723.03,17,17:50:34,False,,True,False,723.06,10,1,8,668471362,train,True
668471305,723.05,17,17:50:35,False,,True,False,723.06,11,1,8,668471362,train,True
668471306,723.09,17,17:50:36,False,,True,False,723.06,12,1,8,668471362,train,True
668471307,723.01,17,17:50:37,False,,True,False,723.06,13,1,8,668471362,train,True
668471308,722.96,17,17:50:38,False,,True,False,723.06,14,1,8,668471362,train,True
668471309,723.07,17,17:50:39,False,,True,False,723.06,15,1,8,668471362,train,True
668471310,723.03,17,17:50:40,False,,True,False,723.06,16,1,8,668471362,train,True
668471311,723.0,17,17:50:40,False,,True,False,723.06,17,1,8,668471362,train,True
668471312,723.03,17,17:50:41,False,,True,False,723.06,18,1,8,668471362,train,True
668471313,723.05,17,17:50:42,False,,True,False,723.06,19,1,8,668471362,train,True
668471314,723.03,17,17:50:43,False,,True,False,723.06,20,1,8,668471362,train,True
668471315,723.07,17,17:50:44,False,,True,False,723.06,21,1,8,668471362,train,True
668471316,723.01,17,17:50:45,False,,True,False,723.06,22,1,8,668471362,train,True
668471317,723.03,17,17:50:46,False,,True,False,723.06,23,1,8,668471362,train,True
668471318,722.99,17,17:50:47,False,,True,False,723.06,24,1,8,668471362,train,True
668471319,722.99,17,17:50:48,False,,True,False,723.06,25,1,8,668471362,train,True
668471320,722.99,17,17:50:49,False,,True,False,723.06,26,1,8,668471362,train,True
668471321,723.03,17,17:50:50,False,,True,False,723.06,27,1,8,668471362,train,True
668471322,723.03,17,17:50:51,False,,True,False,723.06,28,1,8,668471362,train,True
668471323,722.99,17,17:50:52,False,,True,False,723.06,29,1,8,668471362,train,True
668471324,723.05,17,17:50:53,False,,True,False,723.06,30,1,8,668471362,train,True
668471325,722.98,17,17:50:54,False,,True,False,723.05,31,1,8,668471362,train,True
668471326,723.01,17,17:50:55,False,,True,False,723.05,32,1,8,668471362,train,True
668471327,722.99,17,17:50:56,False,,True,False,723.05,33,1,8,668471362,train,True
668471328,722.96,17,17:50:57,False,,True,False,723.05,34,1,8,668471362,train,True
668471329,723.01,17,17:50:58,False,,True,False,723.05,35,1,8,668471362,train,True
668471330,723.01,17,17:50:59,False,,True,False,723.05,36,1,8,668471362,train,True
668471331,722.99,17,17:51:00,False,,True,False,723.05,37,1,8,668471362,train,True
668471332,722.94,17,17:51:01,False,,True,False,723.05,38,1,8,668471362,train,True
668471333,722.99,17,17:51:02,False,,True,False,723.05,39,1,8,668471362,train,True
668471334,723.03,17,17:51:03,False,,True,False,723.05,40,1,8,668471362,train,True
668471335,723.03,17,17:51:04,False,,True,False,723.05,41,1,8,668471362,train,True
668471336,722.96,17,17:51:05,False,,True,True,723.05,42,1,8,668471362,train,True
668471337,723.03,17,17:51:06,False,,True,True,723.05,43,1,8,668471362,train,True
668471338,723.0,17,17:51:07,False,,True,True,723.05,44,1,8,668471362,train,True
668471339,723.01,17,17:51:08,False,,True,True,723.05,45,1,8,668471362,train,True
668471340,722.98,17,17:51:09,False,,True,True,723.05,46,1,8,668471362,train,True
668471341,723.01,17,17:51:10,False,,True,True,723.05,47,1,8,668471362,train,True
668471342,723.05,17,17:51:11,False,,True,True,723.05,48,1,8,668471362,train,True
668471343,722.99,17,17:51:12,False,,True,True,723.05,49,1,8,668471362,train,True
668471344,722.96,17,17:51:13,False,,True,True,723.05,50,1,8,668471362,train,True
668471345,722.96,17,17:51:14,False,,True,True,723.05,51,1,8,668471362,train,True
668471346,722.99,17,17:51:15,False,,True,True,723.05,52,1,8,668471362,train,True
668471347,722.94,17,17:51:16,False,,True,True,723.05,53,1,8,668471362,train,True
668471348,722.94,17,17:51:16,False,,True,True,723.05,54,1,8,668471362,train,True
668471349,722.92,17,17:51:17,False,,True,True,723.05,55,1,8,668471362,train,True
668471350,722.87,17,17:51:18,False,,True,True,723.05,56,1,8,668471362,train,True
668471351,722.9,17,17:51:19,False,,True,True,723.05,57,1,8,668471362,train,True
668471352,722.85,17,17:51:20,False,,True,True,723.05,58,1,8,668471362,train,True
668471353,722.83,17,17:51:21,False,,True,True,723.05,59,1,8,668471362,train,True
668471354,722.85,17,17:51:22,False,,True,True,723.05,60,1,8,668471362,train,True
668471355,722.83,17,17:51:23,False,,True,True,723.05,60,1,8,668471362,train,True
668529362,736.81,18,09:32:33,False,,False,False,737.47,60,1,9,668534767,train,True
668529363,736.84,18,09:32:34,False,,False,False,737.46,60,1,9,668534767,train,True
668529364,736.8,18,09:32:35,False,,False,False,737.46,60,1,9,668534767,train,True
668529365,736.78,18,09:32:36,False,,False,False,737.46,60,1,9,668534767,train,True
668529366,736.82,18,09:32:37,False,,False,False,737.46,60,1,9,668534767,train,True
668529367,736.71,18,09:32:38,False,,False,False,737.45,60,1,9,668534767,train,True
668529368,736.81,18,09:32:39,False,,False,False,737.45,60,1,9,668534767,train,True
668529369,736.81,18,09:32:40,False,,False,False,737.45,60,1,9,668534767,train,True
668534710,728.79,18,10:59:19,False,,True,False,728.79,60,1,9,668534767,train,True
668534711,728.78,18,10:59:20,False,,True,False,728.78,60,1,9,668534767,train,True
668534712,728.81,18,10:59:21,False,,True,False,728.79,60,1,9,668534767,train,True
668534713,728.78,18,10:59:22,False,,True,False,728.79,60,1,9,668534767,train,True
668534714,728.78,18,10:59:23,False,,True,False,728.79,60,1,9,668534767,train,True
668534715,728.77,18,10:59:24,False,,True,False,728.78,60,1,9,668534767,train,True
668534716,728.79,18,10:59:25,False,,True,False,728.79,60,1,9,668534767,train,True
668534717,728.76,18,10:59:26,False,,True,False,728.78,60,1,9,668534767,train,True
668534718,728.79,18,10:59:27,False,,True,False,728.78,60,1,9,668534767,train,True
668534719,728.67,18,10:59:28,False,,True,False,728.77,60,1,9,668534767,train,True
668534720,728.69,18,10:59:29,False,,True,False,728.76,60,1,9,668534767,train,True
668534721,728.6,18,10:59:30,False,,True,False,728.75,60,1,9,668534767,train,True
668534722,728.62,18,10:59:31,False,,True,False,728.74,60,1,9,668534767,train,True
668534723,728.69,18,10:59:32,False,,True,False,728.74,60,1,9,668534767,train,True
668534724,728.73,18,10:59:33,False,,True,False,728.74,60,1,9,668534767,train,True
668534725,728.75,18,10:59:34,False,,True,False,728.74,60,1,9,668534767,train,True
668534726,728.73,18,10:59:35,False,,True,False,728.74,60,1,9,668534767,train,True
668534727,728.77,18,10:59:35,False,,True,False,728.74,60,1,9,668534767,train,True
668534728,728.77,18,10:59:36,False,,True,False,728.74,60,1,9,668534767,train,True
668534729,728.77,18,10:59:37,False,,True,False,728.74,60,1,9,668534767,train,True
668534730,728.75,18,10:59:38,False,,True,False,728.74,60,1,9,668534767,train,True
668534731,728.72,18,10:59:39,False,,True,False,728.74,60,1,9,668534767,train,True
668534732,728.78,18,10:59:40,False,,True,False,728.74,60,1,9,668534767,train,True
668534733,728.76,18,10:59:41,False,,True,False,728.74,60,1,9,668534767,train,True
668534734,728.72,18,10:59:42,False,,True,False,728.74,60,1,9,668534767,train,True
668534735,728.73,18,10:59:43,False,,True,False,728.74,60,1,9,668534767,train,True
668534736,728.76,18,10:59:44,False,,True,False,728.74,60,1,9,668534767,train,True
668534737,728.8,18,10:59:45,False,,True,False,728.74,60,1,9,668534767,train,True
668534738,728.76,18,10:59:46,False,,True,False,728.75,60,1,9,668534767,train,True
668534739,728.8,18,10:59:47,False,,True,False,728.75,60,1,9,668534767,train,True
668534740,728.8,18,10:59:48,False,,True,False,728.75,60,1,9,668534767,train,True
668534741,728.8,18,10:59:49,False,,True,False,728.75,60,1,9,668534767,train,True
668534742,728.86,18,10:59:50,False,,True,False,728.75,60,1,9,668534767,train,True
668534743,728.86,18,10:59:51,False,,True,False,728.76,60,1,9,668534767,train,True
668534744,728.83,18,10:59:52,False,,True,False,728.76,60,1,9,668534767,train,True
668534745,728.82,18,10:59:53,False,,True,False,728.76,60,1,9,668534767,train,True
668534746,728.9,18,10:59:54,False,,True,False,728.76,60,1,9,668534767,train,True
668534747,728.85,18,10:59:55,False,,True,True,728.77,60,1,9,668534767,train,True
668534748,728.85,18,10:59:56,False,,True,True,728.77,60,1,9,668534767,train,True
668534749,728.85,18,10:59:57,False,,True,True,728.77,60,1,9,668534767,train,True
668534750,728.79,18,10:59:58,False,,True,True,728.77,60,1,9,668534767,train,True
668534751,728.8,18,10:59:59,False,,True,True,728.77,60,1,9,668534767,train,True
668534752,728.8,18,11:00:00,False,,True,True,728.77,60,1,9,668534767,train,True
668534753,728.82,18,11:00:01,False,,True,True,728.77,60,1,9,668534767,train,True
668534754,728.71,18,11:00:02,False,,True,True,728.77,60,1,9,668534767,train,True
668534755,728.66,18,11:00:03,False,,True,True,728.77,60,1,9,668534767,train,True
668534756,728.75,18,11:00:04,False,,True,True,728.77,60,1,9,668534767,train,True
668534757,728.79,18,11:00:05,False,,True,True,728.77,60,1,9,668534767,train,True
668534758,728.72,18,11:00:06,False,,True,True,728.77,60,1,9,668534767,train,True
668534759,728.77,18,11:00:07,False,,True,True,728.77,60,1,9,668534767,train,True
668534760,728.72,18,11:00:08,False,,True,True,728.77,60,1,9,668534767,train,True
668534761,728.72,18,11:00:09,False,,True,True,728.77,60,1,9,668534767,train,True
668540903,731.14,18,12:39:48,False,,True,False,731.1,43,1,10,668540964,train,True
668540904,731.16,18,12:39:49,False,,True,False,731.1,43,1,10,668540964,train,True
668540905,731.18,18,12:39:50,False,,True,False,731.1,44,1,10,668540964,train,True
668540906,731.16,18,12:39:51,False,,True,False,731.1,45,1,10,668540964,train,True
668540907,731.18,18,12:39:52,False,,True,False,731.1,46,1,10,668540964,train,True
668540908,731.05,18,12:39:53,False,,True,False,731.11,47,1,10,668540964,train,True
668540909,731.15,18,12:39:54,False,,True,False,731.11,48,1,10,668540964,train,True
668540910,731.11,18,12:39:55,False,,True,False,731.11,48,1,10,668540964,train,True
668540911,731.11,18,12:39:56,False,,True,False,731.11,49,1,10,668540964,train,True
668540912,731.08,18,12:39:57,False,,True,False,731.11,50,1,10,668540964,train,True
668540913,731.13,18,12:39:58,False,,True,False,731.11,51,1,10,668540964,train,True
668540914,731.08,18,12:39:58,False,,True,False,731.11,51,1,10,668540964,train,True
668540915,731.15,18,12:39:59,False,,True,False,731.11,51,1,10,668540964,train,True
668540916,731.13,18,12:40:00,False,,True,False,731.11,51,1,10,668540964,train,True
668540917,731.06,18,12:40:01,False,,True,False,731.11,51,1,10,668540964,train,True
668540918,731.12,18,12:40:02,False,,True,False,731.11,51,1,10,668540964,train,True
668540919,731.14,18,12:40:03,False,,True,False,731.11,51,1,10,668540964,train,True
668540920,731.12,18,12:40:04,False,,True,False,731.11,51,1,10,668540964,train,True
668540921,731.1,18,12:40:05,False,,True,False,731.11,51,1,10,668540964,train,True
668540922,731.12,18,12:40:06,False,,True,False,731.11,51,1,10,668540964,train,True
668540923,731.12,18,12:40:07,False,,True,False,731.11,51,1,10,668540964,train,True
668540924,731.09,18,12:40:08,False,,True,False,731.11,51,1,10,668540964,train,True
668540925,731.03,18,12:40:09,False,,True,False,731.11,51,1,10,668540964,train,True
668540926,731.11,18,12:40:10,False,,True,False,731.11,51,1,10,668540964,train,True
668540927,731.11,18,12:40:11,False,,True,False,731.11,51,1,10,668540964,train,True
668540928,731.04,18,12:40:12,False,,True,False,731.11,51,1,10,668540964,train,True
668540929,731.11,18,12:40:13,False,,True,False,731.11,51,1,10,668540964,train,True
668540930,731.11,18,12:40:14,False,,True,False,731.11,51,1,10,668540964,train,True
668540931,731.06,18,12:40:15,False,,True,False,731.11,51,1,10,668540964,train,True
668540932,731.04,18,12:40:16,False,,True,False,731.11,51,1,10,668540964,train,True
668540933,731.1,18,12:40:17,False,,True,False,731.11,51,1,10,668540964,train,True
668540934,731.1,18,12:40:18,False,,True,False,731.11,51,1,10,668540964,train,True
668540935,731.04,18,12:40:19,False,,True,False,731.11,51,1,10,668540964,train,True
668540936,731.1,18,12:40:20,False,,True,False,731.11,51,1,10,668540964,train,True
668540937,731.1,18,12:40:21,False,,True,False,731.11,51,1,10,668540964,train,True
668540938,731.12,18,12:40:22,False,,True,False,731.11,51,1,10,668540964,train,True
668540939,731.08,18,12:40:23,False,,True,False,731.11,51,1,10,668540964,train,True
668540940,731.18,18,12:40:24,False,,True,False,731.11,51,1,10,668540964,train,True
668540941,731.08,18,12:40:25,False,,True,False,731.11,51,1,10,668540964,train,True
668540942,731.09,18,12:40:26,False,,True,False,731.11,51,1,10,668540964,train,True
668540943,731.1,18,12:40:27,False,,True,False,731.11,51,1,10,668540964,train,True
668540944,731.09,18,12:40:28,False,,True,False,731.11,51,1,10,668540964,train,True
668540945,731.16,18,12:40:29,False,,True,False,731.11,51,1,10,668540964,train,True
668540946,731.16,18,12:40:30,False,,True,False,731.11,51,1,10,668540964,train,True
668540947,731.09,18,12:40:31,False,,True,False,731.11,51,1,10,668540964,train,True
668540948,731.11,18,12:40:32,False,,True,False,731.11,51,1,10,668540964,train,True
668540949,731.13,18,12:40:33,False,,True,False,731.11,51,1,10,668540964,train,True
668540950,731.06,18,12:40:34,False,,True,False,731.11,51,1,10,668540964,train,True
668540951,731.09,18,12:40:34,False,,True,False,731.11,51,1,10,668540964,train,True
668540952,731.15,18,12:40:35,False,,True,False,731.11,51,1,10,668540964,train,True
668540953,731.13,18,12:40:36,False,,True,False,731.11,51,1,10,668540964,train,True
668540954,731.15,18,12:40:37,False,,True,False,731.11,52,1,10,668540964,train,True
668540955,731.06,18,12:40:38,False,,True,False,731.11,53,1,10,668540964,train,True
668540956,731.08,18,12:40:39,False,,True,False,731.11,54,1,10,668540964,train,True
668540957,731.01,18,12:40:40,False,,True,False,731.11,55,1,10,668540964,train,True
668540958,731.01,18,12:40:41,False,,True,True,731.11,56,1,10,668540964,train,True
668540959,731.03,18,12:40:42,False,,True,True,731.11,57,1,10,668540964,train,True
668540960,731.01,18,12:40:43,False,,True,True,731.11,58,1,10,668540964,train,True
668540961,730.96,18,12:40:44,False,,True,True,731.11,59,1,10,668540964,train,True
668540962,730.69,18,12:40:45,False,,True,True,731.11,60,1,10,668540964,train,True
668541431,730.93,18,12:48:22,False,,True,True,731.02,17,1,11,668541515,train,True
668541432,730.9,18,12:48:23,False,,True,True,731.02,17,1,11,668541515,train,True
668541433,730.95,18,12:48:24,False,,True,True,731.02,17,1,11,668541515,train,True
668541434,730.9,18,12:48:25,False,,True,True,731.02,18,1,11,668541515,train,True
668541435,730.9,18,12:48:26,False,,True,True,731.02,19,1,11,668541515,train,True
668541436,730.88,18,12:48:27,False,,True,True,731.02,19,1,11,668541515,train,True
668541437,730.94,18,12:48:28,False,,True,True,731.02,19,1,11,668541515,train,True
668541438,730.96,18,12:48:29,False,,True,True,731.02,19,1,11,668541515,train,True
668541439,730.94,18,12:48:30,False,,True,True,731.02,20,1,11,668541515,train,True
668541440,730.96,18,12:48:31,False,,True,True,731.02,21,1,11,668541515,train,True
668541441,730.94,18,12:48:32,False,,True,True,731.02,22,1,11,668541515,train,True
668541442,730.91,18,12:48:32,False,,True,True,731.02,23,1,11,668541515,train,True
668541443,730.97,18,12:48:33,False,,True,True,731.02,24,1,11,668541515,train,True
668541444,731.02,18,12:48:34,False,,True,True,731.02,24,1,11,668541515,train,True
668541445,731.0,18,12:48:35,False,,True,True,731.02,25,1,11,668541515,train,True
668541446,731.02,18,12:48:36,False,,True,True,731.01,26,1,11,668541515,train,True
668541447,730.95,18,12:48:37,False,,True,True,731.01,27,1,11,668541515,train,True
668541448,730.95,18,12:48:38,False,,True,True,731.01,28,1,11,668541515,train,True
668541449,731.02,18,12:48:39,False,,True,True,731.01,29,1,11,668541515,train,True
668541450,730.99,18,12:48:40,False,,True,True,731.01,30,1,11,668541515,train,True
668541451,731.02,18,12:48:41,False,,True,True,731.01,31,1,11,668541515,train,True
668541452,730.95,18,12:48:42,False,,True,True,731.01,32,1,11,668541515,train,True
668541453,731.01,18,12:48:43,False,,True,True,731.01,33,1,11,668541515,train,True
668541454,730.95,18,12:48:44,False,,True,True,731.01,34,1,11,668541515,train,True
668541455,730.97,18,12:48:45,False,,True,True,731.01,35,1,11,668541515,train,True
668541456,731.01,18,12:48:46,False,,True,True,731.01,36,1,11,668541515,train,True
668541457,730.99,18,12:48:47,False,,True,True,731.01,37,1,11,668541515,train,True
668541458,730.96,18,12:48:48,False,,True,True,731.01,38,1,11,668541515,train,True
668541459,731.01,18,12:48:49,False,,True,True,731.01,39,1,11,668541515,train,True
668541460,730.94,18,12:48:50,False,,True,True,731.01,40,1,11,668541515,train,True
668541461,730.98,18,12:48:51,False,,True,True,731.01,41,1,11,668541515,train,True
668541462,731.03,18,12:48:52,False,,True,True,731.01,42,1,11,668541515,train,True
668541463,730.93,18,12:48:53,False,,True,True,731.01,43,1,11,668541515,train,True
668541464,730.98,18,12:48:54,False,,True,True,731.01,44,1,11,668541515,train,True
668541465,730.96,18,12:48:55,False,,True,True,731.01,45,1,11,668541515,train,True
668541466,730.93,18,12:48:56,False,,True,True,731.01,46,1,11,668541515,train,True
668541467,730.91,18,12:48:57,False,,True,True,731.01,47,1,11,668541515,train,True
668541468,730.97,18,12:48:58,False,,True,True,731.01,48,1,11,668541515,train,True
668541469,730.86,18,12:48:59,False,,True,True,731.01,49,1,11,668541515,train,True
668541470,730.88,18,12:49:00,False,,True,True,731.01,50,1,11,668541515,train,True
668541471,730.83,18,12:49:01,False,,True,True,731.01,51,1,11,668541515,train,True
668541472,730.92,18,12:49:02,False,,True,True,731.01,52,1,11,668541515,train,True
668541473,730.87,18,12:49:03,False,,True,True,731.01,53,1,11,668541515,train,True
668541474,730.88,18,12:49:04,False,,True,True,731.01,54,1,11,668541515,train,True
668541475,730.94,18,12:49:05,False,,True,True,731.01,55,1,11,668541515,train,True
668541476,730.92,18,12:49:06,False,,True,True,731.01,56,1,11,668541515,train,True
668541477,730.87,18,12:49:07,False,,True,True,731.01,57,1,11,668541515,train,True
668541478,730.94,18,12:49:08,False,,True,True,731.01,58,1,11,668541515,train,True
668541479,730.87,18,12:49:09,False,,True,True,731.01,59,1,11,668541515,train,True
668541480,730.92,18,12:49:09,False,,True,True,731.01,60,1,11,668541515,train,True
668541481,730.82,18,12:49:10,False,,True,True,731.01,60,1,11,668541515,train,True
668541482,730.73,18,12:49:11,False,,True,True,731.01,60,1,11,668541515,train,True
668541483,730.73,18,12:49:12,False,,True,True,731.01,60,1,11,668541515,train,True
668541484,730.75,18,12:49:13,False,,True,True,731.01,60,1,11,668541515,train,True
668541485,730.77,18,12:49:14,False,,True,True,731.01,60,1,11,668541515,train,True
668541486,730.82,18,12:49:15,False,,True,True,731.01,60,1,11,668541515,train,True
668541487,730.79,18,12:49:16,False,,True,True,731.01,60,1,11,668541515,train,True
668541488,730.75,18,12:49:17,False,,True,True,731.01,60,1,11,668541515,train,True
668541489,730.68,18,12:49:18,False,,True,True,731.01,60,1,11,668541515,train,True
668541490,730.65,18,12:49:19,False,,True,True,731.0,60,1,11,668541515,train,True
668541990,730.64,18,12:57:26,False,,True,False,730.79,8,1,12,668542064,train,True
668541991,730.66,18,12:57:27,False,,True,False,730.79,9,1,12,668542064,train,True
668541992,730.66,18,12:57:28,False,,True,False,730.79,10,1,12,668542064,train,True
668541993,730.6,18,12:57:29,False,,True,False,730.79,11,1,12,668542064,train,True
668541994,730.64,18,12:57:30,False,,True,False,730.79,12,1,12,668542064,train,True
668541995,730.68,18,12:57:31,False,,True,False,730.79,12,1,12,668542064,train,True
668541996,730.63,18,12:57:32,False,,True,False,730.79,13,1,12,668542064,train,True
668541997,730.59,18,12:57:33,False,,True,False,730.79,14,1,12,668542064,train,True
668541998,730.68,18,12:57:34,False,,True,False,730.79,14,1,12,668542064,train,True
668541999,730.68,18,12:57:35,False,,True,False,730.79,14,1,12,668542064,train,True
668542000,730.7,18,12:57:36,False,,True,False,730.79,15,1,12,668542064,train,True
668542001,730.65,18,12:57:37,False,,True,False,730.79,16,1,12,668542064,train,True
668542002,730.69,18,12:57:38,False,,True,False,730.79,17,1,12,668542064,train,True
668542003,730.69,18,12:57:39,False,,True,False,730.79,18,1,12,668542064,train,True
668542004,730.67,18,12:57:40,False,,True,False,730.79,19,1,12,668542064,train,True
668542005,730.67,18,12:57:41,False,,True,False,730.79,20,1,12,668542064,train,True
668542006,730.69,18,12:57:42,False,,True,True,730.79,21,1,12,668542064,train,True
668542007,730.67,18,12:57:43,False,,True,True,730.79,22,1,12,668542064,train,True
668542008,730.67,18,12:57:43,False,,True,True,730.79,23,1,12,668542064,train,True
668542009,730.73,18,12:57:44,False,,True,True,730.79,24,1,12,668542064,train,True
668542010,730.69,18,12:57:45,False,,True,True,730.79,25,1,12,668542064,train,True
668542011,730.66,18,12:57:46,False,,True,True,730.79,26,1,12,668542064,train,True
668542012,730.66,18,12:57:47,False,,True,True,730.79,27,1,12,668542064,train,True
668542013,730.69,18,12:57:48,False,,True,True,730.79,28,1,12,668542064,train,True
668542014,730.68,18,12:57:49,False,,True,True,730.79,29,1,12,668542064,train,True
668542015,730.68,18,12:57:50,False,,True,True,730.79,30,1,12,668542064,train,True
668542016,730.72,18,12:57:51,False,,True,True,730.79,31,1,12,668542064,train,True
668542017,730.68,18,12:57:52,False,,True,True,730.79,32,1,12,668542064,train,True
668542018,730.68,18,12:57:53,False,,True,True,730.79,33,1,12,668542064,train,True
668542019,730.7,18,12:57:54,False,,True,True,730.79,34,1,12,668542064,train,True
668542020,730.7,18,12:57:55,False,,True,True,730.79,35,1,12,668542064,train,True
668542021,730.72,18,12:57:56,False,,True,True,730.79,36,1,12,668542064,train,True
668542022,730.63,18,12:57:57,False,,True,True,730.79,37,1,12,668542064,train,True
668542023,730.65,18,12:57:58,False,,True,True,730.79,38,1,12,668542064,train,True
668542024,730.65,18,12:57:59,False,,True,True,730.79,39,1,12,668542064,train,True
668542025,730.62,18,12:58:00,False,,True,True,730.79,40,1,12,668542064,train,True
668542026,730.65,18,12:58:01,False,,True,True,730.79,41,1,12,668542064,train,True
668542027,730.64,18,12:58:02,False,,True,True,730.79,42,1,12,668542064,train,True
668542028,730.59,18,12:58:03,False,,True,True,730.79,43,1,12,668542064,train,True
668542029,730.62,18,12:58:04,False,,True,True,730.79,44,1,12,668542064,train,True
668542030,730.64,18,12:58:05,False,,True,True,730.79,45,1,12,668542064,train,True
668542031,730.64,18,12:58:06,False,,True,True,730.79,46,1,12,668542064,train,True
668542032,730.62,18,12:58:07,False,,True,True,730.79,47,1,12,668542064,train,True
668542033,730.61,18,12:58:08,False,,True,True,730.79,48,1,12,668542064,train,True
668542034,730.61,18,12:58:09,False,,True,True,730.79,49,1,12,668542064,train,True
668542035,730.61,18,12:58:10,False,,True,True,730.79,50,1,12,668542064,train,True
668542036,730.61,18,12:58:11,False,,True,True,730.79,51,1,12,668542064,train,True
668542037,730.59,18,12:58:12,False,,True,True,730.79,52,1,12,668542064,train,True
668542038,730.54,18,12:58:13,False,,True,True,730.79,53,1,12,668542064,train,True
668542039,730.54,18,12:58:14,False,,True,True,730.79,54,1,12,668542064,train,True
668542040,730.51,18,12:58:15,False,,True,True,730.79,55,1,12,668542064,train,True
668542041,730.51,18,12:58:16,False,,True,True,730.79,56,1,12,668542064,train,True
668542042,730.49,18,12:58:17,False,,True,True,730.79,57,1,12,668542064,train,True
668542043,730.49,18,12:58:18,False,,True,True,730.79,58,1,12,668542064,train,True
668542044,730.51,18,12:58:19,False,,True,True,730.79,59,1,12,668542064,train,True
668542045,730.44,18,12:58:19,False,,True,True,730.79,60,1,12,668542064,train,True
668542046,730.51,18,12:58:20,False,,True,True,730.79,60,1,12,668542064,train,True
668542047,730.51,18,12:58:21,False,,True,True,730.79,60,1,12,668542064,train,True
668542048,730.51,18,12:58:22,False,,True,True,730.79,60,1,12,668542064,train,True
668542049,730.52,18,12:58:23,False,,True,True,730.79,60,1,12,668542064,train,True
668542273,730.62,18,13:02:01,False,,True,False,730.64,9,1,13,668542340,train,True
668542274,730.62,18,13:02:02,False,,True,False,730.64,10,1,13,668542340,train,True
668542275,730.58,18,13:02:03,False,,True,False,730.64,11,1,13,668542340,train,True
668542276,730.6,18,13:02:04,False,,True,False,730.64,12,1,13,668542340,train,True
668542277,730.66,18,13:02:05,False,,True,False,730.64,13,1,13,668542340,train,True
668542278,730.59,18,13:02:06,False,,True,False,730.64,14,1,13,668542340,train,True
668542279,730.64,18,13:02:07,False,,True,False,730.64,15,1,13,668542340,train,True
668542280,730.66,18,13:02:08,False,,True,False,730.64,16,1,13,668542340,train,True
668542281,730.66,18,13:02:09,False,,True,False,730.64,17,1,13,668542340,train,True
668542282,730.59,18,13:02:10,False,,True,False,730.64,18,1,13,668542340,train,True
668542283,730.59,18,13:02:11,False,,True,False,730.64,19,1,13,668542340,train,True
668542284,730.57,18,13:02:12,False,,True,False,730.64,20,1,13,668542340,train,True
668542285,730.65,18,13:02:13,False,,True,False,730.64,21,1,13,668542340,train,True
668542286,730.61,18,13:02:14,False,,True,False,730.64,22,1,13,668542340,train,True
668542287,730.56,18,13:02:15,False,,True,False,730.64,23,1,13,668542340,train,True
668542288,730.65,18,13:02:16,False,,True,False,730.64,24,1,13,668542340,train,True
668542289,730.63,18,13:02:17,False,,True,False,730.64,25,1,13,668542340,train,True
668542290,730.6,18,13:02:18,False,,True,False,730.64,26,1,13,668542340,train,True
668542291,730.58,18,13:02:19,False,,True,False,730.64,27,1,13,668542340,train,True
668542292,730.6,18,13:02:20,False,,True,False,730.64,28,1,13,668542340,train,True
668542293,730.51,18,13:02:21,False,,True,False,730.63,29,1,13,668542340,train,True
668542294,730.55,18,13:02:22,False,,True,False,730.63,30,1,13,668542340,train,True
668542295,730.57,18,13:02:23,False,,True,False,730.63,31,1,13,668542340,train,True
668542296,730.53,18,13:02:24,False,,True,False,730.63,32,1,13,668542340,train,True
668542297,730.59,18,13:02:25,False,,True,False,730.63,33,1,13,668542340,train,True
668542298,730.55,18,13:02:26,False,,True,False,730.63,34,1,13,668542340,train,True
668542299,730.55,18,13:02:27,False,,True,False,730.63,35,1,13,668542340,train,True
668542300,730.57,18,13:02:28,False,,True,False,730.63,36,1,13,668542340,train,True
668542301,730.5,18,13:02:29,False,,True,False,730.63,37,1,13,668542340,train,True
668542302,730.5,18,13:02:30,False,,True,False,730.63,38,1,13,668542340,train,True
668542303,730.47,18,13:02:31,False,,True,False,730.63,39,1,13,668542340,train,True
668542304,730.47,18,13:02:32,False,,True,False,730.63,40,1,13,668542340,train,True
668542305,730.47,18,13:02:33,False,,True,False,730.62,41,1,13,668542340,train,True
668542306,730.49,18,13:02:34,False,,True,False,730.62,42,1,13,668542340,train,True
668542307,730.54,18,13:02:35,False,,True,False,730.62,43,1,13,668542340,train,True
668542308,730.51,18,13:02:36,False,,True,False,730.62,44,1,13,668542340,train,True
668542309,730.53,18,13:02:36,False,,True,False,730.62,45,1,13,668542340,train,True
668542310,730.53,18,13:02:37,False,,True,False,730.62,46,1,13,668542340,train,True
668542311,730.53,18,13:02:38,False,,True,False,730.62,47,1,13,668542340,train,True
668542312,730.51,18,13:02:39,False,,True,True,730.62,48,1,13,668542340,train,True
668542313,730.51,18,13:02:40,False,,True,True,730.62,49,1,13,668542340,train,True
668542314,730.51,18,13:02:41,False,,True,True,730.62,50,1,13,668542340,train,True
668542315,730.57,18,13:02:42,False,,True,True,730.62,51,1,13,668542340,train,True
668542316,730.55,18,13:02:43,False,,True,True,730.62,52,1,13,668542340,train,True
668542317,730.59,18,13:02:44,False,,True,True,730.61,52,1,13,668542340,train,True
668542318,730.57,18,13:02:45,False,,True,True,730.61,53,1,13,668542340,train,True
668542319,730.57,18,13:02:46,False,,True,True,730.61,54,1,13,668542340,train,True
668542320,730.61,18,13:02:47,False,,True,True,730.61,55,1,13,668542340,train,True
668542321,730.59,18,13:02:48,False,,True,True,730.61,56,1,13,668542340,train,True
668542322,730.59,18,13:02:49,False,,True,True,730.61,56,1,13,668542340,train,True
668542323,730.5,18,13:02:50,False,,True,True,730.61,57,1,13,668542340,train,True
668542324,730.54,18,13:02:51,False,,True,True,730.61,57,1,13,668542340,train,True
668542325,730.54,18,13:02:52,False,,True,True,730.61,57,1,13,668542340,train,True
668542326,730.54,18,13:02:53,False,,True,True,730.61,58,1,13,668542340,train,True
668542327,730.49,18,13:02:54,False,,True,True,730.61,59,1,13,668542340,train,True
668542328,730.42,18,13:02:55,False,,True,True,730.61,60,1,13,668542340,train,True
668542329,730.46,18,13:02:56,False,,True,True,730.61,60,1,13,668542340,train,True
668542330,730.44,18,13:02:57,False,,True,True,730.61,60,1,13,668542340,train,True
668542331,730.42,18,13:02:58,False,,True,True,730.61,60,1,13,668542340,train,True
668542332,730.42,18,13:02:59,False,,True,True,730.6,60,1,13,668542340,train,True
668551022,723.91,18,15:23:59,False,,True,False,724.13,42,1,14,668551101,train,True
668551023,723.86,18,15:24:00,False,,True,True,724.13,42,1,14,668551101,train,True
668551024,723.8,18,15:24:00,False,,True,True,724.13,42,1,14,668551101,train,True
668551025,723.84,18,15:24:01,False,,True,True,724.13,42,1,14,668551101,train,True
668551026,723.79,18,15:24:02,False,,True,True,724.13,42,1,14,668551101,train,True
668551027,723.81,18,15:24:03,False,,True,True,724.13,42,1,14,668551101,train,True
668551028,723.81,18,15:24:04,False,,True,True,724.13,42,1,14,668551101,train,True
668551029,723.82,18,15:24:05,False,,True,True,724.13,42,1,14,668551101,train,True
668551030,723.82,18,15:24:06,False,,True,True,724.13,42,1,14,668551101,train,True
668551031,723.82,18,15:24:07,False,,True,True,724.12,42,1,14,668551101,train,True
668551032,723.79,18,15:24:08,False,,True,True,724.12,42,1,14,668551101,train,True
668551033,723.77,18,15:24:09,False,,True,True,724.12,42,1,14,668551101,train,True
668551034,723.84,18,15:24:10,False,,True,True,724.12,42,1,14,668551101,train,True
668551035,723.82,18,15:24:11,False,,True,True,724.12,42,1,14,668551101,train,True
668551036,723.81,18,15:24:12,False,,True,True,724.12,42,1,14,668551101,train,True
668551037,723.73,18,15:24:13,False,,True,True,724.12,42,1,14,668551101,train,True
668551038,723.77,18,15:24:14,False,,True,True,724.12,42,1,14,668551101,train,True
668551039,723.77,18,15:24:15,False,,True,True,724.11,42,1,14,668551101,train,True
668551040,723.79,18,15:24:16,False,,True,True,724.11,42,1,14,668551101,train,True
668551041,723.79,18,15:24:17,False,,True,True,724.11,42,1,14,668551101,train,True
668551042,723.83,18,15:24:18,False,,True,True,724.11,42,1,14,668551101,train,True
668551043,723.79,18,15:24:19,False,,True,True,724.11,42,1,14,668551101,train,True
668551044,723.75,18,15:24:20,False,,True,True,724.11,42,1,14,668551101,train,True
668551045,723.79,18,15:24:21,False,,True,True,724.11,42,1,14,668551101,train,True
668551046,723.79,18,15:24:22,False,,True,True,724.11,42,1,14,668551101,train,True
668551047,723.75,18,15:24:23,False,,True,True,724.11,42,1,14,668551101,train,True
668551048,723.81,18,15:24:24,False,,True,True,724.1,42,1,14,668551101,train,True
668551049,723.83,18,15:24:25,False,,True,True,724.1,42,1,14,668551101,train,True
668551050,723.73,18,15:24:26,False,,True,True,724.1,42,1,14,668551101,train,True
668551051,723.79,18,15:24:27,False,,True,True,724.1,42,1,14,668551101,train,True
668551052,723.79,18,15:24:28,False,,True,True,724.1,42,1,14,668551101,train,True
668551053,723.75,18,15:24:29,False,,True,True,724.1,42,1,14,668551101,train,True
668551054,723.73,18,15:24:30,False,,True,True,724.1,42,1,14,668551101,train,True
668551055,723.79,18,15:24:31,False,,True,True,724.1,42,1,14,668551101,train,True
668551056,723.76,18,15:24:32,False,,True,True,724.09,42,1,14,668551101,train,True
668551057,723.77,18,15:24:33,False,,True,True,724.09,42,1,14,668551101,train,True
668551058,723.79,18,15:24:34,False,,True,True,724.09,42,1,14,668551101,train,True
668551059,723.81,18,15:24:35,False,,True,True,724.09,42,1,14,668551101,train,True
668551060,723.83,18,15:24:36,False,,True,True,724.09,43,1,14,668551101,train,True
668551061,723.76,18,15:24:37,False,,True,True,724.09,44,1,14,668551101,train,True
668551062,723.79,18,15:24:37,False,,True,True,724.09,45,1,14,668551101,train,True
668551063,723.76,18,15:24:38,False,,True,True,724.09,46,1,14,668551101,train,True
668551064,723.74,18,15:24:39,False,,True,True,724.09,47,1,14,668551101,train,True
668551065,723.74,18,15:24:40,False,,True,True,724.08,48,1,14,668551101,train,True
668551066,723.76,18,15:24:41,False,,True,True,724.08,49,1,14,668551101,train,True
668551067,723.78,18,15:24:42,False,,True,True,724.08,50,1,14,668551101,train,True
668551068,723.76,18,15:24:43,False,,True,True,724.08,51,1,14,668551101,train,True
668551069,723.76,18,15:24:44,False,,True,True,724.08,52,1,14,668551101,train,True
668551070,723.74,18,15:24:45,False,,True,True,724.08,53,1,14,668551101,train,True
668551071,723.72,18,15:24:46,False,,True,True,724.08,54,1,14,668551101,train,True
668551072,723.68,18,15:24:47,False,,True,True,724.08,55,1,14,668551101,train,True
668551073,723.68,18,15:24:48,False,,True,True,724.07,56,1,14,668551101,train,True
668551074,723.67,18,15:24:49,False,,True,True,724.07,57,1,14,668551101,train,True
668551075,723.63,18,15:24:50,False,,True,True,724.07,58,1,14,668551101,train,True
668551076,723.68,18,15:24:51,False,,True,True,724.07,59,1,14,668551101,train,True
668551077,723.65,18,15:24:52,False,,True,True,724.07,59,1,14,668551101,train,True
668551078,723.63,18,15:24:53,False,,True,True,724.07,60,1,14,668551101,train,True
668551079,723.63,18,15:24:54,False,,True,True,724.07,60,1,14,668551101,train,True
668551080,723.49,18,15:24:55,False,,True,True,724.06,60,1,14,668551101,train,True
668551081,723.56,18,15:24:56,False,,True,True,724.06,60,1,14,668551101,train,True
668555571,723.24,18,16:37:47,False,,True,True,723.34,2,1,15,668555682,train,True
668555572,723.27,18,16:37:48,False,,True,True,723.34,3,1,15,668555682,train,True
668555573,723.2,18,16:37:49,False,,True,True,723.34,4,1,15,668555682,train,True
668555574,723.18,18,16:37:50,False,,True,True,723.34,4,1,15,668555682,train,True
668555575,723.22,18,16:37:51,False,,True,True,723.34,5,1,15,668555682,train,True
668555576,723.22,18,16:37:52,False,,True,True,723.34,6,1,15,668555682,train,True
668555577,723.24,18,16:37:53,False,,True,True,723.34,7,1,15,668555682,train,True
668555578,723.22,18,16:37:54,False,,True,True,723.34,8,1,15,668555682,train,True
668555579,723.24,18,16:37:55,False,,True,True,723.34,9,1,15,668555682,train,True
668555580,723.24,18,16:37:56,False,,True,True,723.34,10,1,15,668555682,train,True
668555581,723.17,18,16:37:57,False,,True,True,723.34,11,1,15,668555682,train,True
668555582,723.22,18,16:37:58,False,,True,True,723.34,12,1,15,668555682,train,True
668555583,723.22,18,16:37:59,False,,True,True,723.34,13,1,15,668555682,train,True
668555584,723.22,18,16:38:00,False,,True,True,723.34,14,1,15,668555682,train,True
668555585,723.17,18,16:38:01,False,,True,True,723.34,15,1,15,668555682,train,True
668555586,723.22,18,16:38:02,False,,True,True,723.33,16,1,15,668555682,train,True
668555587,723.13,18,16:38:03,False,,True,True,723.33,17,1,15,668555682,train,True
668555588,723.19,18,16:38:04,False,,True,True,723.33,18,1,15,668555682,train,True
668555589,723.22,18,16:38:04,False,,True,True,723.33,19,1,15,668555682,train,True
668555590,723.17,18,16:38:05,False,,True,True,723.33,20,1,15,668555682,train,True
668555591,723.24,18,16:38:06,False,,True,True,723.33,21,1,15,668555682,train,True
668555592,723.26,18,16:38:07,False,,True,True,723.33,22,1,15,668555682,train,True
668555593,723.21,18,16:38:08,False,,True,True,723.33,23,1,15,668555682,train,True
668555594,723.19,18,16:38:09,False,,True,True,723.33,24,1,15,668555682,train,True
668555595,723.23,18,16:38:10,False,,True,True,723.33,25,1,15,668555682,train,True
668555596,723.25,18,16:38:11,False,,True,True,723.33,26,1,15,668555682,train,True
668555597,723.24,18,16:38:12,False,,True,True,723.33,27,1,15,668555682,train,True
668555598,723.21,18,16:38:13,False,,True,True,723.33,28,1,15,668555682,train,True
668555599,723.19,18,16:38:14,False,,True,True,723.33,29,1,15,668555682,train,True
668555600,723.19,18,16:38:15,False,,True,True,723.33,30,1,15,668555682,train,True
668555601,723.19,18,16:38:16,False,,True,True,723.33,31,1,15,668555682,train,True
668555602,723.24,18,16:38:17,False,,True,True,723.33,32,1,15,668555682,train,True
668555603,723.21,18,16:38:18,False,,True,True,723.33,33,1,15,668555682,train,True
668555604,723.21,18,16:38:19,False,,True,True,723.33,34,1,15,668555682,train,True
668555605,723.23,18,16:38:20,False,,True,True,723.33,35,1,15,668555682,train,True
668555606,723.23,18,16:38:21,False,,True,True,723.32,36,1,15,668555682,train,True
668555607,723.21,18,16:38:22,False,,True,True,723.32,37,1,15,668555682,train,True
668555608,723.21,18,16:38:23,False,,True,True,723.32,38,1,15,668555682,train,True
668555609,723.19,18,16:38:24,False,,True,True,723.32,39,1,15,668555682,train,True
668555610,723.18,18,16:38:25,False,,True,True,723.32,40,1,15,668555682,train,True
668555611,723.16,18,16:38:26,False,,True,True,723.32,41,1,15,668555682,train,True
668555612,723.23,18,16:38:27,False,,True,True,723.32,42,1,15,668555682,train,True
668555613,723.18,18,16:38:28,False,,True,True,723.32,43,1,15,668555682,train,True
668555614,723.22,18,16:38:29,False,,True,True,723.32,44,1,15,668555682,train,True
668555615,723.12,18,16:38:30,False,,True,True,723.32,45,1,15,668555682,train,True
668555616,723.11,18,16:38:31,False,,True,True,723.32,46,1,15,668555682,train,True
668555617,723.25,18,16:38:32,False,,True,True,723.32,47,1,15,668555682,train,True
668555618,723.2,18,16:38:33,False,,True,True,723.32,48,1,15,668555682,train,True
668555619,723.16,18,16:38:34,False,,True,True,723.32,49,1,15,668555682,train,True
668555620,723.09,18,16:38:35,False,,True,True,723.32,50,1,15,668555682,train,True
668555621,723.2,18,16:38:36,False,,True,True,723.32,51,1,15,668555682,train,True
668555622,723.18,18,16:38:37,False,,True,True,723.32,52,1,15,668555682,train,True
668555623,723.2,18,16:38:38,False,,True,True,723.32,53,1,15,668555682,train,True
668555624,723.18,18,16:38:39,False,,True,True,723.31,54,1,15,668555682,train,True
668555625,723.16,18,16:38:40,False,,True,True,723.31,55,1,15,668555682,train,True
668555626,723.11,18,16:38:41,False,,True,True,723.31,56,1,15,668555682,train,True
668555627,723.04,18,16:38:41,False,,True,True,723.31,57,1,15,668555682,train,True
668555628,723.02,18,16:38:42,False,,True,True,723.31,58,1,15,668555682,train,True
668555629,723.06,18,16:38:43,False,,True,True,723.31,59,1,15,668555682,train,True
668555630,722.99,18,16:38:44,False,,True,True,723.31,59,1,15,668555682,train,True
668556045,722.93,18,16:45:28,False,,True,False,723.07,34,1,16,668556124,train,True
668556046,722.9,18,16:45:29,False,,True,False,723.07,33,1,16,668556124,train,True
668556047,722.87,18,16:45:30,False,,True,False,723.07,33,1,16,668556124,train,True
668556048,722.94,18,16:45:31,False,,True,True,723.07,33,1,16,668556124,train,True
668556049,722.98,18,16:45:32,False,,True,True,723.07,33,1,16,668556124,train,True
668556050,722.94,18,16:45:33,False,,True,True,723.07,34,1,16,668556124,train,True
668556051,722.96,18,16:45:34,False,,True,True,723.07,35,1,16,668556124,train,True
668556052,722.88,18,16:45:35,False,,True,True,723.07,36,1,16,668556124,train,True
668556053,722.95,18,16:45:36,False,,True,True,723.07,37,1,16,668556124,train,True
668556054,723.03,18,16:45:37,False,,True,True,723.07,38,1,16,668556124,train,True
668556055,723.04,18,16:45:38,False,,True,True,723.07,39,1,16,668556124,train,True
668556056,723.02,18,16:45:39,False,,True,True,723.06,39,1,16,668556124,train,True
668556057,723.0,18,16:45:40,False,,True,True,723.06,39,1,16,668556124,train,True
668556058,722.96,18,16:45:41,False,,True,True,723.06,39,1,16,668556124,train,True
668556059,723.05,18,16:45:42,False,,True,True,723.06,39,1,16,668556124,train,True
668556060,723.09,18,16:45:43,False,,True,True,723.06,39,1,16,668556124,train,True
668556061,723.07,18,16:45:44,False,,True,True,723.06,39,1,16,668556124,train,True
668556062,723.03,18,16:45:45,False,,True,True,723.06,39,1,16,668556124,train,True
668556063,723.04,18,16:45:46,False,,True,True,723.06,39,1,16,668556124,train,True
668556064,723.05,18,16:45:47,False,,True,True,723.06,39,1,16,668556124,train,True
668556065,723.08,18,16:45:48,False,,True,True,723.06,39,1,16,668556124,train,True
668556066,723.06,18,16:45:49,False,,True,True,723.06,39,1,16,668556124,train,True
668556067,723.04,18,16:45:50,False,,True,True,723.06,39,1,16,668556124,train,True
668556068,723.06,18,16:45:51,False,,True,True,723.06,39,1,16,668556124,train,True
668556069,722.95,18,16:45:52,False,,True,True,723.06,39,1,16,668556124,train,True
668556070,722.95,18,16:45:53,False,,True,True,723.06,39,1,16,668556124,train,True
668556071,722.95,18,16:45:54,False,,True,True,723.06,39,1,16,668556124,train,True
668556072,722.99,18,16:45:55,False,,True,True,723.06,39,1,16,668556124,train,True
668556073,722.97,18,16:45:56,False,,True,True,723.06,39,1,16,668556124,train,True
668556074,722.97,18,16:45:57,False,,True,True,723.06,39,1,16,668556124,train,True
668556075,722.99,18,16:45:58,False,,True,True,723.06,39,1,16,668556124,train,True
668556076,722.97,18,16:45:59,False,,True,True,723.06,39,1,16,668556124,train,True
668556077,722.97,18,16:46:00,False,,True,True,723.06,39,1,16,668556124,train,True
668556078,722.97,18,16:46:01,False,,True,True,723.06,39,1,16,668556124,train,True
668556079,722.97,18,16:46:01,False,,True,True,723.05,39,1,16,668556124,train,True
668556080,722.95,18,16:46:02,False,,True,True,723.05,39,1,16,668556124,train,True
668556081,722.97,18,16:46:03,False,,True,True,723.05,39,1,16,668556124,train,True
668556082,722.95,18,16:46:04,False,,True,True,723.05,40,1,16,668556124,train,True
668556083,722.97,18,16:46:05,False,,True,True,723.05,40,1,16,668556124,train,True
668556084,722.94,18,16:46:06,False,,True,True,723.05,40,1,16,668556124,train,True
668556085,722.97,18,16:46:07,False,,True,True,723.05,40,1,16,668556124,train,True
668556086,722.95,18,16:46:08,False,,True,True,723.05,41,1,16,668556124,train,True
668556087,722.9,18,16:46:09,False,,True,True,723.05,42,1,16,668556124,train,True
668556088,723.03,18,16:46:10,False,,True,True,723.05,43,1,16,668556124,train,True
668556089,722.95,18,16:46:11,False,,True,True,723.05,44,1,16,668556124,train,True
668556090,722.97,18,16:46:12,False,,True,True,723.05,44,1,16,668556124,train,True
668556091,722.96,18,16:46:13,False,,True,True,723.05,45,1,16,668556124,train,True
668556092,722.9,18,16:46:14,False,,True,True,723.05,46,1,16,668556124,train,True
668556093,722.9,18,16:46:15,False,,True,True,723.05,47,1,16,668556124,train,True
668556094,722.92,18,16:46:16,False,,True,True,723.05,48,1,16,668556124,train,True
668556095,722.83,18,16:46:17,False,,True,True,723.05,49,1,16,668556124,train,True
668556096,722.87,18,16:46:18,False,,True,True,723.05,50,1,16,668556124,train,True
668556097,722.92,18,16:46:19,False,,True,True,723.04,51,1,16,668556124,train,True
668556098,722.9,18,16:46:20,False,,True,True,723.04,52,1,16,668556124,train,True
668556099,722.96,18,16:46:21,False,,True,True,723.04,53,1,16,668556124,train,True
668556100,722.92,18,16:46:22,False,,True,True,723.04,54,1,16,668556124,train,True
668556101,722.94,18,16:46:23,False,,True,True,723.04,55,1,16,668556124,train,True
668556102,722.88,18,16:46:24,False,,True,True,723.04,56,1,16,668556124,train,True
668556103,722.87,18,16:46:25,False,,True,True,723.04,57,1,16,668556124,train,True
668556104,722.9,18,16:46:26,False,,True,True,723.04,58,1,16,668556124,train,True
668557399,722.92,18,17:07:27,False,,True,True,722.94,36,1,17,668557517,train,True
668557400,722.82,18,17:07:27,False,,True,True,722.94,35,1,17,668557517,train,True
668557401,722.88,18,17:07:28,False,,True,True,722.94,34,1,17,668557517,train,True
668557402,722.9,18,17:07:29,False,,True,True,722.94,33,1,17,668557517,train,True
668557403,722.88,18,17:07:30,False,,True,True,722.94,32,1,17,668557517,train,True
668557404,722.9,18,17:07:31,False,,True,True,722.94,31,1,17,668557517,train,True
668557405,722.91,18,17:07:32,False,,True,True,722.94,30,1,17,668557517,train,True
668557406,722.84,18,17:07:33,False,,True,True,722.94,29,1,17,668557517,train,True
668557407,722.89,18,17:07:34,False,,True,True,722.94,28,1,17,668557517,train,True
668557408,722.87,18,17:07:35,False,,True,True,722.94,27,1,17,668557517,train,True
668557409,722.91,18,17:07:36,False,,True,True,722.94,26,1,17,668557517,train,True
668557410,722.89,18,17:07:37,False,,True,True,722.94,25,1,17,668557517,train,True
668557411,722.85,18,17:07:38,False,,True,True,722.94,24,1,17,668557517,train,True
668557412,722.85,18,17:07:39,False,,True,True,722.94,23,1,17,668557517,train,True
668557413,722.83,18,17:07:40,False,,True,True,722.94,22,1,17,668557517,train,True
668557414,722.83,18,17:07:41,False,,True,True,722.94,21,1,17,668557517,train,True
668557415,722.8,18,17:07:42,False,,True,True,722.94,20,1,17,668557517,train,True
668557416,722.89,18,17:07:43,False,,True,True,722.94,19,1,17,668557517,train,True
668557417,722.94,18,17:07:44,False,,True,True,722.94,18,1,17,668557517,train,True
668557418,722.85,18,17:07:45,False,,True,True,722.94,17,1,17,668557517,train,True
668557419,722.83,18,17:07:46,False,,True,True,722.94,16,1,17,668557517,train,True
668557420,722.81,18,17:07:47,False,,True,True,722.94,15,1,17,668557517,train,True
668557421,722.81,18,17:07:48,False,,True,True,722.94,14,1,17,668557517,train,True
668557422,722.85,18,17:07:49,False,,True,True,722.94,13,1,17,668557517,train,True
668557423,722.79,18,17:07:50,False,,True,True,722.94,12,1,17,668557517,train,True
668557424,722.88,18,17:07:51,False,,True,True,722.94,11,1,17,668557517,train,True
668557425,722.84,18,17:07:52,False,,True,True,722.94,10,1,17,668557517,train,True
668557426,722.88,18,17:07:53,False,,True,True,722.94,9,1,17,668557517,train,True
668557427,722.88,18,17:07:54,False,,True,True,722.94,8,1,17,668557517,train,True
668557428,722.81,18,17:07:55,False,,True,True,722.94,8,1,17,668557517,train,True
668557429,722.86,18,17:07:56,False,,True,True,722.93,7,1,17,668557517,train,True
668557430,722.88,18,17:07:57,False,,True,True,722.93,6,1,17,668557517,train,True
668557431,722.82,18,17:07:58,False,,True,True,722.93,5,1,17,668557517,train,True
668557432,722.8,18,17:07:59,False,,True,True,722.93,4,1,17,668557517,train,True
668557433,722.84,18,17:08:00,False,,True,True,722.93,3,1,17,668557517,train,True
668557434,722.93,18,17:08:01,False,,True,True,722.93,3,1,17,668557517,train,True
668557435,722.89,18,17:08:02,False,,True,True,722.93,4,1,17,668557517,train,True
668557436,722.91,18,17:08:03,False,,True,True,722.93,5,1,17,668557517,train,True
668557437,722.96,18,17:08:03,False,,True,True,722.93,6,1,17,668557517,train,True
668557438,722.92,18,17:08:04,False,,True,True,722.93,7,1,17,668557517,train,True
668557439,722.92,18,17:08:05,False,,True,True,722.94,8,1,17,668557517,train,True
668557440,722.8,18,17:08:06,False,,True,True,722.94,9,1,17,668557517,train,True
668557441,722.78,18,17:08:07,False,,True,True,722.93,10,1,17,668557517,train,True
668557442,722.81,18,17:08:08,False,,True,True,722.93,11,1,17,668557517,train,True
668557443,722.96,18,17:08:09,False,,True,True,722.93,12,1,17,668557517,train,True
668557444,722.92,18,17:08:10,False,,True,True,722.93,13,1,17,668557517,train,True
668557445,722.87,18,17:08:11,False,,True,True,722.93,13,1,17,668557517,train,True
668557446,722.88,18,17:08:12,False,,True,True,722.93,14,1,17,668557517,train,True
668557447,722.92,18,17:08:13,False,,True,True,722.93,15,1,17,668557517,train,True
668557448,722.92,18,17:08:14,False,,True,True,722.93,16,1,17,668557517,train,True
668557449,722.92,18,17:08:15,False,,True,True,722.93,17,1,17,668557517,train,True
668557450,722.91,18,17:08:16,False,,True,True,722.93,18,1,17,668557517,train,True
668557451,722.79,18,17:08:17,False,,True,True,722.93,19,1,17,668557517,train,True
668557452,722.79,18,17:08:18,False,,True,True,722.93,20,1,17,668557517,train,True
668557453,722.77,18,17:08:19,False,,True,True,722.93,21,1,17,668557517,train,True
668557454,722.75,18,17:08:20,False,,True,True,722.93,22,1,17,668557517,train,True
668557455,722.8,18,17:08:21,False,,True,True,722.93,23,1,17,668557517,train,True
668557456,722.8,18,17:08:22,False,,True,True,722.93,24,1,17,668557517,train,True
668557457,722.82,18,17:08:23,False,,True,True,722.93,25,1,17,668557517,train,True
668557458,722.78,18,17:08:24,False,,True,True,722.93,26,1,17,668557517,train,True
668716779,732.79,20,12:13:22,False,,True,False,732.85,43,1,18,668716847,train,True
668716780,732.74,20,12:13:23,False,,True,False,732.85,44,1,18,668716847,train,True
668716781,732.65,20,12:13:24,False,,True,False,732.85,45,1,18,668716847,train,True
668716782,732.56,20,12:13:25,False,,True,False,732.84,46,1,18,668716847,train,True
668716783,732.67,20,12:13:26,False,,True,False,732.84,47,1,18,668716847,train,True
668716784,732.74,20,12:13:27,False,,True,False,732.84,47,1,18,668716847,train,True
668716785,732.76,20,12:13:28,False,,True,False,732.84,48,1,18,668716847,train,True
668716786,732.78,20,12:13:29,False,,True,False,732.84,49,1,18,668716847,train,True
668716787,732.78,20,12:13:30,False,,True,False,732.84,50,1,18,668716847,train,True
668716788,732.82,20,12:13:31,False,,True,False,732.84,51,1,18,668716847,train,True
668716789,732.8,20,12:13:32,False,,True,False,732.84,52,1,18,668716847,train,True
668716790,732.8,20,12:13:33,False,,True,False,732.84,53,1,18,668716847,train,True
668716791,732.8,20,12:13:34,False,,True,False,732.84,54,1,18,668716847,train,True
668716792,732.8,20,12:13:35,False,,True,False,732.84,55,1,18,668716847,train,True
668716793,732.82,20,12:13:36,False,,True,False,732.84,56,1,18,668716847,train,True
668716794,732.84,20,12:13:37,False,,True,False,732.84,57,1,18,668716847,train,True
668716795,732.86,20,12:13:37,False,,True,False,732.84,58,1,18,668716847,train,True
668716796,732.91,20,12:13:38,False,,True,False,732.84,59,1,18,668716847,train,True
668716797,732.91,20,12:13:39,False,,True,False,732.84,60,1,18,668716847,train,True
668716798,732.93,20,12:13:40,False,,True,False,732.84,60,1,18,668716847,train,True
668716799,733.0,20,12:13:41,False,,True,False,732.84,60,1,18,668716847,train,True
668716800,732.95,20,12:13:42,False,,True,False,732.84,60,1,18,668716847,train,True
668716801,732.91,20,12:13:43,False,,True,False,732.84,60,1,18,668716847,train,True
668716802,732.99,20,12:13:44,False,,True,False,732.84,60,1,18,668716847,train,True
668716803,732.93,20,12:13:45,False,,True,False,732.84,60,1,18,668716847,train,True
668716804,732.95,20,12:13:46,False,,True,False,732.84,60,1,18,668716847,train,True
668716805,732.95,20,12:13:47,False,,True,False,732.84,60,1,18,668716847,train,True
668716806,732.92,20,12:13:48,False,,True,False,732.84,60,1,18,668716847,train,True
668716807,732.94,20,12:13:49,False,,True,False,732.84,60,1,18,668716847,train,True
668716808,732.9,20,12:13:50,False,,True,False,732.84,60,1,18,668716847,train,True
668716809,732.88,20,12:13:51,False,,True,False,732.84,60,1,18,668716847,train,True
668716810,732.88,20,12:13:52,False,,True,False,732.84,60,1,18,668716847,train,True
668716811,732.92,20,12:13:53,False,,True,False,732.84,60,1,18,668716847,train,True
668716812,732.9,20,12:13:54,False,,True,False,732.84,60,1,18,668716847,train,True
668716813,732.94,20,12:13:55,False,,True,True,732.85,60,1,18,668716847,train,True
668716814,732.9,20,12:13:56,False,,True,True,732.84,60,1,18,668716847,train,True
668716815,732.92,20,12:13:57,False,,True,True,732.84,60,1,18,668716847,train,True
668716816,732.92,20,12:13:58,False,,True,True,732.85,60,1,18,668716847,train,True
668716817,732.92,20,12:13:59,False,,True,True,732.84,60,1,18,668716847,train,True
668716818,732.89,20,12:14:00,False,,True,True,732.84,60,1,18,668716847,train,True
668716819,732.91,20,12:14:01,False,,True,True,732.84,60,1,18,668716847,train,True
668716820,732.91,20,12:14:02,False,,True,True,732.84,60,1,18,668716847,train,True
668716821,732.91,20,12:14:03,False,,True,True,732.84,60,1,18,668716847,train,True
668716822,732.87,20,12:14:04,False,,True,True,732.84,60,1,18,668716847,train,True
668716823,732.85,20,12:14:05,False,,True,True,732.84,60,1,18,668716847,train,True
668716824,732.89,20,12:14:06,False,,True,True,732.84,60,1,18,668716847,train,True
668716825,732.8,20,12:14:07,False,,True,True,732.84,60,1,18,668716847,train,True
668716826,732.82,20,12:14:08,False,,True,True,732.84,60,1,18,668716847,train,True
668716827,732.84,20,12:14:09,False,,True,True,732.84,60,1,18,668716847,train,True
668716828,732.8,20,12:14:10,False,,True,True,732.84,60,1,18,668716847,train,True
668716829,732.75,20,12:14:11,False,,True,True,732.84,60,1,18,668716847,train,True
668716830,732.79,20,12:14:12,False,,True,True,732.84,60,1,18,668716847,train,True
668716831,732.77,20,12:14:13,False,,True,True,732.84,60,1,18,668716847,train,True
668716832,732.81,20,12:14:14,False,,True,True,732.84,60,1,18,668716847,train,True
668716833,732.77,20,12:14:14,False,,True,True,732.84,60,1,18,668716847,train,True
668716834,732.72,20,12:14:15,False,,True,True,732.84,60,1,18,668716847,train,True
668716835,732.72,20,12:14:16,False,,True,True,732.84,60,1,18,668716847,train,True
668716836,732.7,20,12:14:17,False,,True,True,732.84,60,1,18,668716847,train,True
668716837,732.68,20,12:14:18,False,,True,True,732.84,60,1,18,668716847,train,True
668716838,732.67,20,12:14:19,False,,True,True,732.84,60,1,18,668716847,train,True
668723613,729.45,20,14:04:15,False,,True,True,729.73,50,1,19,668723694,train,True
668723614,729.47,20,14:04:16,False,,True,True,729.73,51,1,19,668723694,train,True
668723615,729.44,20,14:04:17,False,,True,True,729.73,52,1,19,668723694,train,True
668723616,729.44,20,14:04:18,False,,True,True,729.72,53,1,19,668723694,train,True
668723617,729.51,20,14:04:19,False,,True,True,729.72,54,1,19,668723694,train,True
668723618,729.44,20,14:04:20,False,,True,True,729.72,55,1,19,668723694,train,True
668723619,729.44,20,14:04:21,False,,True,True,729.72,56,1,19,668723694,train,True
668723620,729.46,20,14:04:22,False,,True,True,729.72,57,1,19,668723694,train,True
668723621,729.46,20,14:04:23,False,,True,True,729.72,58,1,19,668723694,train,True
668723622,729.46,20,14:04:24,False,,True,True,729.72,59,1,19,668723694,train,True
668723623,729.45,20,14:04:25,False,,True,True,729.72,60,1,19,668723694,train,True
668723624,729.46,20,14:04:25,False,,True,True,729.71,60,1,19,668723694,train,True
668723625,729.5,20,14:04:26,False,,True,True,729.71,60,1,19,668723694,train,True
668723626,729.34,20,14:04:27,False,,True,True,729.71,60,1,19,668723694,train,True
668723627,729.36,20,14:04:28,False,,True,True,729.71,60,1,19,668723694,train,True
668723628,729.36,20,14:04:29,False,,True,True,729.71,60,1,19,668723694,train,True
668723629,729.34,20,14:04:30,False,,True,True,729.71,60,1,19,668723694,train,True
668723630,729.41,20,14:04:31,False,,True,True,729.71,60,1,19,668723694,train,True
668723631,729.36,20,14:04:32,False,,True,True,729.71,60,1,19,668723694,train,True
668723632,729.36,20,14:04:33,False,,True,True,729.7,60,1,19,668723694,train,True
668723633,729.38,20,14:04:34,False,,True,True,729.7,60,1,19,668723694,train,True
668723634,729.33,20,14:04:35,False,,True,True,729.7,60,1,19,668723694,train,True
668723635,729.33,20,14:04:36,False,,True,True,729.7,60,1,19,668723694,train,True
668723636,729.31,20,14:04:37,False,,True,True,729.7,60,1,19,668723694,train,True
668723637,729.31,20,14:04:38,False,,True,True,729.7,60,1,19,668723694,train,True
668723638,729.35,20,14:04:39,False,,True,True,729.7,60,1,19,668723694,train,True
668723639,729.35,20,14:04:40,False,,True,True,729.7,60,1,19,668723694,train,True
668723640,729.3,20,14:04:41,False,,True,True,729.69,60,1,19,668723694,train,True
668723641,729.35,20,14:04:42,False,,True,True,729.69,60,1,19,668723694,train,True
668723642,729.31,20,14:04:43,False,,True,True,729.69,60,1,19,668723694,train,True
668723643,729.3,20,14:04:44,False,,True,True,729.69,60,1,19,668723694,train,True
668723644,729.3,20,14:04:45,False,,True,True,729.69,60,1,19,668723694,train,True
668723645,729.3,20,14:04:46,False,,True,True,729.69,60,1,19,668723694,train,True
668723646,729.3,20,14:04:47,False,,True,True,729.69,60,1,19,668723694,train,True
668723647,729.34,20,14:04:48,False,,True,True,729.69,60,1,19,668723694,train,True
668723648,729.29,20,14:04:49,False,,True,True,729.68,60,1,19,668723694,train,True
668723649,729.29,20,14:04:50,False,,True,True,729.68,60,1,19,668723694,train,True
668723650,729.34,20,14:04:51,False,,True,True,729.68,60,1,19,668723694,train,True
668723651,729.22,20,14:04:52,False,,True,True,729.68,60,1,19,668723694,train,True
668723652,729.29,20,14:04:53,False,,True,True,729.68,60,1,19,668723694,train,True
668723653,729.25,20,14:04:54,False,,True,True,729.68,60,1,19,668723694,train,True
668723654,729.27,20,14:04:55,False,,True,True,729.68,60,1,19,668723694,train,True
668723655,729.31,20,14:04:56,False,,True,True,729.68,60,1,19,668723694,train,True
668723656,729.27,20,14:04:57,False,,True,True,729.67,60,1,19,668723694,train,True
668723657,729.18,20,14:04:58,False,,True,True,729.67,60,1,19,668723694,train,True
668723658,729.26,20,14:04:59,False,,True,True,729.67,60,1,19,668723694,train,True
668723659,729.26,20,14:05:00,False,,True,True,729.67,60,1,19,668723694,train,True
668723660,729.26,20,14:05:01,False,,True,True,729.67,60,1,19,668723694,train,True
668723661,729.24,20,14:05:02,False,,True,True,729.67,60,1,19,668723694,train,True
668723662,729.26,20,14:05:02,False,,True,True,729.67,60,1,19,668723694,train,True
668723663,729.26,20,14:05:03,False,,True,True,729.67,60,1,19,668723694,train,True
668723664,729.24,20,14:05:04,False,,True,True,729.66,60,1,19,668723694,train,True
668723665,729.19,20,14:05:05,False,,True,True,729.66,60,1,19,668723694,train,True
668723666,729.21,20,14:05:06,False,,True,True,729.66,60,1,19,668723694,train,True
668723667,729.19,20,14:05:07,False,,True,True,729.66,60,1,19,668723694,train,True
668723668,729.25,20,14:05:08,False,,True,True,729.66,60,1,19,668723694,train,True
668723669,729.21,20,14:05:09,False,,True,True,729.66,60,1,19,668723694,train,True
668723670,729.19,20,14:05:10,False,,True,True,729.65,60,1,19,668723694,train,True
668723671,729.23,20,14:05:11,False,,True,True,729.65,60,1,19,668723694,train,True
668723672,729.2,20,14:05:12,False,,True,True,729.65,60,1,19,668723694,train,True
668801708,731.59,21,11:11:20,False,,True,True,731.7,47,1,20,668801790,train,True
668801709,731.68,21,11:11:21,False,,True,True,731.7,47,1,20,668801790,train,True
668801710,731.62,21,11:11:22,False,,True,True,731.7,47,1,20,668801790,train,True
668801711,731.65,21,11:11:23,False,,True,True,731.7,47,1,20,668801790,train,True
668801712,731.68,21,11:11:24,False,,True,True,731.7,48,1,20,668801790,train,True
668801713,731.59,21,11:11:25,False,,True,True,731.7,48,1,20,668801790,train,True
668801714,731.63,21,11:11:26,False,,True,True,731.7,48,1,20,668801790,train,True
668801715,731.58,21,11:11:27,False,,True,True,731.7,49,1,20,668801790,train,True
668801716,731.58,21,11:11:28,False,,True,True,731.7,50,1,20,668801790,train,True
668801717,731.69,21,11:11:29,False,,True,True,731.71,51,1,20,668801790,train,True
668801718,731.65,21,11:11:30,False,,True,True,731.71,52,1,20,668801790,train,True
668801719,731.69,21,11:11:31,False,,True,True,731.71,52,1,20,668801790,train,True
668801720,731.64,21,11:11:32,False,,True,True,731.71,52,1,20,668801790,train,True
668801721,731.62,21,11:11:32,False,,True,True,731.71,52,1,20,668801790,train,True
668801722,731.55,21,11:11:33,False,,True,True,731.71,53,1,20,668801790,train,True
668801723,731.66,21,11:11:34,False,,True,True,731.71,53,1,20,668801790,train,True
668801724,731.68,21,11:11:35,False,,True,True,731.71,53,1,20,668801790,train,True
668801725,731.66,21,11:11:36,False,,True,True,731.71,53,1,20,668801790,train,True
668801726,731.64,21,11:11:37,False,,True,True,731.71,53,1,20,668801790,train,True
668801727,731.61,21,11:11:38,False,,True,True,731.71,53,1,20,668801790,train,True
668801728,731.61,21,11:11:39,False,,True,True,731.71,53,1,20,668801790,train,True
668801729,731.63,21,11:11:40,False,,True,True,731.71,53,1,20,668801790,train,True
668801730,731.63,21,11:11:41,False,,True,True,731.71,54,1,20,668801790,train,True
668801731,731.63,21,11:11:42,False,,True,True,731.71,55,1,20,668801790,train,True
668801732,731.67,21,11:11:43,False,,True,True,731.71,55,1,20,668801790,train,True
668801733,731.67,21,11:11:44,False,,True,True,731.71,55,1,20,668801790,train,True
668801734,731.65,21,11:11:45,False,,True,True,731.71,55,1,20,668801790,train,True
668801735,731.67,21,11:11:46,False,,True,True,731.71,55,1,20,668801790,train,True
668801736,731.62,21,11:11:47,False,,True,True,731.71,55,1,20,668801790,train,True
668801737,731.67,21,11:11:48,False,,True,True,731.71,55,1,20,668801790,train,True
668801738,731.69,21,11:11:49,False,,True,True,731.71,55,1,20,668801790,train,True
668801739,731.71,21,11:11:50,False,,True,True,731.71,55,1,20,668801790,train,True
668801740,731.68,21,11:11:51,False,,True,True,731.71,55,1,20,668801790,train,True
668801741,731.71,21,11:11:52,False,,True,True,731.71,55,1,20,668801790,train,True
668801742,731.71,21,11:11:53,False,,True,True,731.71,55,1,20,668801790,train,True
668801743,731.77,21,11:11:54,False,,True,True,731.71,55,1,20,668801790,train,True
668801744,731.72,21,11:11:55,False,,True,True,731.71,55,1,20,668801790,train,True
668801745,731.68,21,11:11:56,False,,True,True,731.71,55,1,20,668801790,train,True
668801746,731.7,21,11:11:57,False,,True,True,731.71,55,1,20,668801790,train,True
668801747,731.72,21,11:11:58,False,,True,True,731.71,55,1,20,668801790,train,True
668801748,731.65,21,11:11:59,False,,True,True,731.71,55,1,20,668801790,train,True
668801749,731.6,21,11:12:00,False,,True,True,731.71,55,1,20,668801790,train,True
668801750,731.56,21,11:12:01,False,,True,True,731.71,55,1,20,668801790,train,True
668801751,731.53,21,11:12:02,False,,True,True,731.71,55,1,20,668801790,train,True
668801752,731.6,21,11:12:03,False,,True,True,731.71,56,1,20,668801790,train,True
668801753,731.62,21,11:12:04,False,,True,True,731.71,57,1,20,668801790,train,True
668801754,731.55,21,11:12:05,False,,True,True,731.71,57,1,20,668801790,train,True
668801755,731.53,21,11:12:06,False,,True,True,731.7,58,1,20,668801790,train,True
668801756,731.55,21,11:12:07,False,,True,True,731.7,59,1,20,668801790,train,True
668801757,731.41,21,11:12:08,False,,True,True,731.7,60,1,20,668801790,train,True
668801758,731.43,21,11:12:09,False,,True,True,731.7,60,1,20,668801790,train,True
668801759,731.45,21,11:12:09,False,,True,True,731.7,60,1,20,668801790,train,True
668801760,731.43,21,11:12:10,False,,True,True,731.7,60,1,20,668801790,train,True
668801761,731.43,21,11:12:11,False,,True,True,731.7,60,1,20,668801790,train,True
668801762,731.43,21,11:12:12,False,,True,True,731.7,60,1,20,668801790,train,True
668801763,731.43,21,11:12:13,False,,True,True,731.7,60,1,20,668801790,train,True
668801764,731.4,21,11:12:14,False,,True,True,731.7,60,1,20,668801790,train,True
668801765,731.43,21,11:12:15,False,,True,True,731.7,60,1,20,668801790,train,True
668801766,731.43,21,11:12:16,False,,True,True,731.7,60,1,20,668801790,train,True
668801767,731.49,21,11:12:17,False,,True,True,731.7,60,1,20,668801790,train,True
668808866,731.64,21,13:07:28,False,,True,False,731.74,60,1,21,668808927,train,True
668808867,731.63,21,13:07:29,False,,True,False,731.74,60,1,21,668808927,train,True
668808868,731.7,21,13:07:30,False,,True,False,731.74,60,1,21,668808927,train,True
668808869,731.65,21,13:07:31,False,,True,False,731.74,60,1,21,668808927,train,True
668808870,731.68,21,13:07:32,False,,True,False,731.73,60,1,21,668808927,train,True
668808871,731.63,21,13:07:33,False,,True,False,731.73,60,1,21,668808927,train,True
668808872,731.61,21,13:07:34,False,,True,False,731.73,60,1,21,668808927,train,True
668808873,731.58,21,13:07:35,False,,True,False,731.73,60,1,21,668808927,train,True
668808874,731.58,21,13:07:36,False,,True,False,731.73,60,1,21,668808927,train,True
668808875,731.56,21,13:07:37,False,,True,False,731.73,60,1,21,668808927,train,True
668808876,731.6,21,13:07:38,False,,True,False,731.73,60,1,21,668808927,train,True
668808877,731.62,21,13:07:39,False,,True,False,731.73,60,1,21,668808927,train,True
668808878,731.6,21,13:07:40,False,,True,False,731.73,60,1,21,668808927,train,True
668808879,731.6,21,13:07:41,False,,True,False,731.73,60,1,21,668808927,train,True
668808880,731.59,21,13:07:42,False,,True,False,731.73,60,1,21,668808927,train,True
668808881,731.59,21,13:07:43,False,,True,False,731.73,60,1,21,668808927,train,True
668808882,731.56,21,13:07:44,False,,True,False,731.73,60,1,21,668808927,train,True
668808883,731.64,21,13:07:45,False,,True,False,731.73,60,1,21,668808927,train,True
668808884,731.61,21,13:07:46,False,,True,False,731.73,60,1,21,668808927,train,True
668808885,731.59,21,13:07:47,False,,True,False,731.73,60,1,21,668808927,train,True
668808886,731.55,21,13:07:48,False,,True,False,731.73,60,1,21,668808927,train,True
668808887,731.61,21,13:07:49,False,,True,False,731.73,60,1,21,668808927,train,True
668808888,731.63,21,13:07:50,False,,True,False,731.72,60,1,21,668808927,train,True
668808889,731.61,21,13:07:51,False,,True,False,731.72,60,1,21,668808927,train,True
668808890,731.58,21,13:07:51,False,,True,False,731.72,60,1,21,668808927,train,True
668808891,731.6,21,13:07:52,False,,True,False,731.72,60,1,21,668808927,train,True
668808892,731.6,21,13:07:53,False,,True,False,731.72,60,1,21,668808927,train,True
668808893,731.65,21,13:07:54,False,,True,False,731.72,60,1,21,668808927,train,True
668808894,731.63,21,13:07:55,False,,True,False,731.72,60,1,21,668808927,train,True
668808895,731.66,21,13:07:56,False,,True,False,731.72,60,1,21,668808927,train,True
668808896,731.68,21,13:07:57,False,,True,False,731.72,60,1,21,668808927,train,True
668808897,731.69,21,13:07:58,False,,True,False,731.72,60,1,21,668808927,train,True
668808898,731.66,21,13:07:59,False,,True,False,731.72,60,1,21,668808927,train,True
668808899,731.73,21,13:08:00,False,,True,False,731.72,60,1,21,668808927,train,True
668808900,731.77,21,13:08:01,False,,True,False,731.72,60,1,21,668808927,train,True
668808901,731.75,21,13:08:02,False,,True,False,731.72,60,1,21,668808927,train,True
668808902,731.72,21,13:08:03,False,,True,False,731.72,60,1,21,668808927,train,True
668808903,731.74,21,13:08:04,False,,True,False,731.72,60,1,21,668808927,train,True
668808904,731.79,21,13:08:05,False,,True,False,731.72,60,1,21,668808927,train,True
668808905,731.76,21,13:08:06,False,,True,False,731.72,60,1,21,668808927,train,True
668808906,731.83,21,13:08:07,False,,True,False,731.72,60,1,21,668808927,train,True
668808907,731.77,21,13:08:08,False,,True,False,731.72,60,1,21,668808927,train,True
668808908,731.8,21,13:08:09,False,,True,False,731.72,60,1,21,668808927,train,True
668808909,731.78,21,13:08:10,False,,True,False,731.72,60,1,21,668808927,train,True
668808910,731.76,21,13:08:11,False,,True,False,731.72,60,1,21,668808927,train,True
668808911,731.83,21,13:08:12,False,,True,False,731.72,60,1,21,668808927,train,True
668808912,731.83,21,13:08:13,False,,True,False,731.72,60,1,21,668808927,train,True
668808913,731.83,21,13:08:14,False,,True,False,731.72,60,1,21,668808927,train,True
668808914,731.89,21,13:08:15,False,,True,False,731.72,60,1,21,668808927,train,True
668808915,731.82,21,13:08:16,False,,True,False,731.72,60,1,21,668808927,train,True
668808916,731.82,21,13:08:17,False,,True,False,731.72,60,1,21,668808927,train,True
668808917,731.78,21,13:08:18,False,,True,False,731.72,60,1,21,668808927,train,True
668808918,731.77,21,13:08:19,False,,True,False,731.72,60,1,21,668808927,train,True
668808919,731.77,21,13:08:20,False,,True,False,731.72,60,1,21,668808927,train,True
668808920,731.66,21,13:08:21,False,,True,False,731.72,60,1,21,668808927,train,True
668808921,731.61,21,13:08:22,False,,True,True,731.72,60,1,21,668808927,train,True
668808922,731.52,21,13:08:23,False,,True,True,731.72,60,1,21,668808927,train,True
668808923,731.29,21,13:08:24,False,,True,True,731.72,60,1,21,668808927,train,True
668808924,730.75,21,13:08:25,False,,True,True,731.72,60,1,21,668808927,train,True
668808925,730.01,21,13:08:26,False,,True,True,731.71,60,1,21,668808927,train,True
668810444,731.08,21,13:33:04,False,,True,True,731.28,42,1,22,668810541,train,True
668810445,731.06,21,13:33:05,False,,True,True,731.28,43,1,22,668810541,train,True
668810446,731.06,21,13:33:06,False,,True,True,731.28,44,1,22,668810541,train,True
668810447,731.05,21,13:33:07,False,,True,True,731.28,45,1,22,668810541,train,True
668810448,731.05,21,13:33:08,False,,True,True,731.28,46,1,22,668810541,train,True
668810449,731.05,21,13:33:09,False,,True,True,731.27,47,1,22,668810541,train,True
668810450,731.05,21,13:33:10,False,,True,True,731.27,48,1,22,668810541,train,True
668810451,731.05,21,13:33:11,False,,True,True,731.27,49,1,22,668810541,train,True
668810452,731.04,21,13:33:12,False,,True,True,731.27,50,1,22,668810541,train,True
668810453,731.05,21,13:33:13,False,,True,True,731.27,51,1,22,668810541,train,True
668810454,731.02,21,13:33:14,False,,True,True,731.27,52,1,22,668810541,train,True
668810455,730.98,21,13:33:15,False,,True,True,731.27,53,1,22,668810541,train,True
668810456,731.02,21,13:33:16,False,,True,True,731.27,54,1,22,668810541,train,True
668810457,731.04,21,13:33:17,False,,True,True,731.27,55,1,22,668810541,train,True
668810458,731.02,21,13:33:18,False,,True,True,731.27,56,1,22,668810541,train,True
668810459,731.04,21,13:33:19,False,,True,True,731.27,57,1,22,668810541,train,True
668810460,731.08,21,13:33:20,False,,True,True,731.27,58,1,22,668810541,train,True
668810461,731.04,21,13:33:21,False,,True,True,731.27,59,1,22,668810541,train,True
668810462,731.04,21,13:33:22,False,,True,True,731.27,60,1,22,668810541,train,True
668810463,731.01,21,13:33:23,False,,True,True,731.27,60,1,22,668810541,train,True
668810464,731.01,21,13:33:24,False,,True,True,731.27,60,1,22,668810541,train,True
668810465,730.95,21,13:33:25,False,,True,True,731.27,60,1,22,668810541,train,True
668810466,731.03,21,13:33:26,False,,True,True,731.27,60,1,22,668810541,train,True
668810467,731.03,21,13:33:27,False,,True,True,731.26,60,1,22,668810541,train,True
668810468,730.96,21,13:33:28,False,,True,True,731.26,60,1,22,668810541,train,True
668810469,730.99,21,13:33:29,False,,True,True,731.26,60,1,22,668810541,train,True
668810470,731.0,21,13:33:30,False,,True,True,731.26,60,1,22,668810541,train,True
668810471,730.98,21,13:33:31,False,,True,True,731.26,60,1,22,668810541,train,True
668810472,730.96,21,13:33:32,False,,True,True,731.26,60,1,22,668810541,train,True
668810473,731.0,21,13:33:33,False,,True,True,731.26,60,1,22,668810541,train,True
668810474,731.0,21,13:33:33,False,,True,True,731.26,60,1,22,668810541,train,True
668810475,730.97,21,13:33:34,False,,True,True,731.26,60,1,22,668810541,train,True
668810476,730.93,21,13:33:35,False,,True,True,731.26,60,1,22,668810541,train,True
668810477,730.97,21,13:33:36,False,,True,True,731.26,60,1,22,668810541,train,True
668810478,730.95,21,13:33:37,False,,True,True,731.26,60,1,22,668810541,train,True
668810479,730.95,21,13:33:38,False,,True,True,731.26,60,1,22,668810541,train,True
668810480,730.94,21,13:33:39,False,,True,True,731.26,60,1,22,668810541,train,True
668810481,730.94,21,13:33:40,False,,True,True,731.26,60,1,22,668810541,train,True
668810482,730.97,21,13:33:41,False,,True,True,731.25,60,1,22,668810541,train,True
668810483,730.9,21,13:33:42,False,,True,True,731.25,60,1,22,668810541,train,True
668810484,730.88,21,13:33:43,False,,True,True,731.25,60,1,22,668810541,train,True
668810485,730.87,21,13:33:44,False,,True,True,731.25,60,1,22,668810541,train,True
668810486,730.89,21,13:33:45,False,,True,True,731.25,60,1,22,668810541,train,True
668810487,730.83,21,13:33:46,False,,True,True,731.25,60,1,22,668810541,train,True
668810488,730.87,21,13:33:47,False,,True,True,731.25,60,1,22,668810541,train,True
668810489,730.84,21,13:33:48,False,,True,True,731.25,60,1,22,668810541,train,True
668810490,730.84,21,13:33:49,False,,True,True,731.25,60,1,22,668810541,train,True
668810491,730.85,21,13:33:50,False,,True,True,731.25,60,1,22,668810541,train,True
668810492,730.84,21,13:33:51,False,,True,True,731.25,60,1,22,668810541,train,True
668810493,730.8,21,13:33:52,False,,True,True,731.24,60,1,22,668810541,train,True
668810494,730.8,21,13:33:53,False,,True,True,731.24,60,1,22,668810541,train,True
668810495,730.79,21,13:33:54,False,,True,True,731.24,60,1,22,668810541,train,True
668810496,730.75,21,13:33:55,False,,True,True,731.24,60,1,22,668810541,train,True
668810497,730.79,21,13:33:56,False,,True,True,731.24,60,1,22,668810541,train,True
668810498,730.77,21,13:33:57,False,,True,True,731.24,60,1,22,668810541,train,True
668810499,730.77,21,13:33:58,False,,True,True,731.24,60,1,22,668810541,train,True
668810500,730.77,21,13:33:59,False,,True,True,731.24,60,1,22,668810541,train,True
668810501,730.83,21,13:34:00,False,,True,True,731.24,60,1,22,668810541,train,True
668810502,730.8,21,13:34:01,False,,True,True,731.24,60,1,22,668810541,train,True
668810503,730.76,21,13:34:02,False,,True,True,731.23,60,1,22,668810541,train,True
668811589,729.81,21,13:51:39,False,,True,False,730.05,33,1,23,668811652,train,True
668811590,729.83,21,13:51:40,False,,True,False,730.05,34,1,23,668811652,train,True
668811591,729.8,21,13:51:41,False,,True,False,730.05,35,1,23,668811652,train,True
668811592,729.8,21,13:51:42,False,,True,False,730.05,36,1,23,668811652,train,True
668811593,729.76,21,13:51:43,False,,True,False,730.05,37,1,23,668811652,train,True
668811594,729.78,21,13:51:44,False,,True,False,730.04,38,1,23,668811652,train,True
668811595,729.76,21,13:51:45,False,,True,False,730.04,39,1,23,668811652,train,True
668811596,729.78,21,13:51:46,False,,True,False,730.04,40,1,23,668811652,train,True
668811597,729.82,21,13:51:47,False,,True,False,730.04,41,1,23,668811652,train,True
668811598,729.78,21,13:51:48,False,,True,False,730.04,42,1,23,668811652,train,True
668811599,729.84,21,13:51:49,False,,True,False,730.04,43,1,23,668811652,train,True
668811600,729.8,21,13:51:50,False,,True,False,730.04,44,1,23,668811652,train,True
668811601,729.77,21,13:51:51,False,,True,False,730.04,45,1,23,668811652,train,True
668811602,729.82,21,13:51:52,False,,True,False,730.04,46,1,23,668811652,train,True
668811603,729.8,21,13:51:53,False,,True,False,730.04,47,1,23,668811652,train,True
668811604,729.81,21,13:51:54,False,,True,False,730.04,48,1,23,668811652,train,True
668811605,729.88,21,13:51:55,False,,True,False,730.03,49,1,23,668811652,train,True
668811606,729.82,21,13:51:55,False,,True,False,730.03,50,1,23,668811652,train,True
668811607,729.86,21,13:51:56,False,,True,False,730.03,51,1,23,668811652,train,True
668811608,729.88,21,13:51:57,False,,True,False,730.03,52,1,23,668811652,train,True
668811609,729.88,21,13:51:58,False,,True,False,730.03,53,1,23,668811652,train,True
668811610,729.92,21,13:51:59,False,,True,False,730.03,54,1,23,668811652,train,True
668811611,729.88,21,13:52:00,False,,True,False,730.03,55,1,23,668811652,train,True
668811612,729.9,21,13:52:01,False,,True,False,730.03,56,1,23,668811652,train,True
668811613,729.92,21,13:52:02,False,,True,False,730.03,57,1,23,668811652,train,True
668811614,729.96,21,13:52:03,False,,True,False,730.03,58,1,23,668811652,train,True
668811615,729.92,21,13:52:04,False,,True,False,730.03,59,1,23,668811652,train,True
668811616,729.94,21,13:52:05,False,,True,False,730.03,59,1,23,668811652,train,True
668811617,729.94,21,13:52:06,False,,True,False,730.03,60,1,23,668811652,train,True
668811618,729.92,21,13:52:07,False,,True,False,730.03,60,1,23,668811652,train,True
668811619,729.96,21,13:52:08,False,,True,False,730.02,60,1,23,668811652,train,True
668811620,729.92,21,13:52:09,False,,True,False,730.02,60,1,23,668811652,train,True
668811621,729.95,21,13:52:10,False,,True,False,730.02,60,1,23,668811652,train,True
668811622,729.98,21,13:52:11,False,,True,False,730.02,60,1,23,668811652,train,True
668811623,729.94,21,13:52:12,False,,True,False,730.02,60,1,23,668811652,train,True
668811624,729.96,21,13:52:13,False,,True,False,730.02,60,1,23,668811652,train,True
668811625,729.98,21,13:52:14,False,,True,False,730.02,60,1,23,668811652,train,True
668811626,729.98,21,13:52:15,False,,True,False,730.02,60,1,23,668811652,train,True
668811627,729.96,21,13:52:16,False,,True,False,730.02,60,1,23,668811652,train,True
668811628,729.98,21,13:52:17,False,,True,False,730.02,60,1,23,668811652,train,True
668811629,729.91,21,13:52:18,False,,True,False,730.02,60,1,23,668811652,train,True
668811630,729.91,21,13:52:19,False,,True,False,730.02,60,1,23,668811652,train,True
668811631,729.9,21,13:52:20,False,,True,False,730.02,60,1,23,668811652,train,True
668811632,729.88,21,13:52:21,False,,True,False,730.02,60,1,23,668811652,train,True
668811633,729.95,21,13:52:22,False,,True,False,730.02,60,1,23,668811652,train,True
668811634,729.84,21,13:52:23,False,,True,False,730.01,60,1,23,668811652,train,True
668811635,729.84,21,13:52:24,False,,True,False,730.01,60,1,23,668811652,train,True
668811636,729.85,21,13:52:25,False,,True,False,730.01,60,1,23,668811652,train,True
668811637,729.81,21,13:52:26,False,,True,True,730.01,60,1,23,668811652,train,True
668811638,729.83,21,13:52:27,False,,True,True,730.01,60,1,23,668811652,train,True
668811639,729.81,21,13:52:28,False,,True,True,730.01,60,1,23,668811652,train,True
668811640,729.76,21,13:52:29,False,,True,True,730.01,60,1,23,668811652,train,True
668811641,729.76,21,13:52:30,False,,True,True,730.01,60,1,23,668811652,train,True
668811642,729.74,21,13:52:31,False,,True,True,730.01,60,1,23,668811652,train,True
668811643,729.74,21,13:52:32,False,,True,True,730.01,60,1,23,668811652,train,True
668811644,729.71,21,13:52:32,False,,True,True,730.01,60,1,23,668811652,train,True
668811645,729.71,21,13:52:33,False,,True,True,730.0,60,1,23,668811652,train,True
668811646,729.66,21,13:52:34,False,,True,True,730.0,60,1,23,668811652,train,True
668811647,729.55,21,13:52:35,False,,True,True,730.0,60,1,23,668811652,train,True
668811648,729.55,21,13:52:36,False,,True,True,730.0,60,1,23,668811652,train,True
668816055,726.2,21,15:04:07,False,,True,False,726.38,54,1,24,668816129,train,True
668816056,726.2,21,15:04:08,False,,True,False,726.38,54,1,24,668816129,train,True
668816057,726.2,21,15:04:09,False,,True,False,726.38,54,1,24,668816129,train,True
668816058,726.16,21,15:04:09,False,,True,False,726.38,54,1,24,668816129,train,True
668816059,726.14,21,15:04:10,False,,True,False,726.38,54,1,24,668816129,train,True
668816060,726.11,21,15:04:11,False,,True,False,726.37,54,1,24,668816129,train,True
668816061,726.18,21,15:04:12,False,,True,False,726.37,54,1,24,668816129,train,True
668816062,726.16,21,15:04:13,False,,True,False,726.37,54,1,24,668816129,train,True
668816063,726.16,21,15:04:14,False,,True,False,726.37,54,1,24,668816129,train,True
668816064,726.18,21,15:04:15,False,,True,False,726.37,54,1,24,668816129,train,True
668816065,726.16,21,15:04:16,False,,True,False,726.37,54,1,24,668816129,train,True
668816066,726.18,21,15:04:17,False,,True,False,726.37,54,1,24,668816129,train,True
668816067,726.2,21,15:04:18,False,,True,False,726.37,54,1,24,668816129,train,True
668816068,726.13,21,15:04:19,False,,True,False,726.37,54,1,24,668816129,train,True
668816069,726.16,21,15:04:20,False,,True,False,726.37,54,1,24,668816129,train,True
668816070,726.16,21,15:04:21,False,,True,False,726.37,54,1,24,668816129,train,True
668816071,726.13,21,15:04:22,False,,True,False,726.37,54,1,24,668816129,train,True
668816072,726.11,21,15:04:23,False,,True,False,726.37,54,1,24,668816129,train,True
668816073,726.11,21,15:04:24,False,,True,True,726.37,55,1,24,668816129,train,True
668816074,726.11,21,15:04:25,False,,True,True,726.37,55,1,24,668816129,train,True
668816075,726.07,21,15:04:26,False,,True,True,726.37,56,1,24,668816129,train,True
668816076,726.04,21,15:04:27,False,,True,True,726.37,56,1,24,668816129,train,True
668816077,726.06,21,15:04:28,False,,True,True,726.37,56,1,24,668816129,train,True
668816078,726.04,21,15:04:29,False,,True,True,726.36,56,1,24,668816129,train,True
668816079,726.02,21,15:04:30,False,,True,True,726.36,57,1,24,668816129,train,True
668816080,726.04,21,15:04:31,False,,True,True,726.36,57,1,24,668816129,train,True
668816081,726.04,21,15:04:32,False,,True,True,726.36,57,1,24,668816129,train,True
668816082,726.06,21,15:04:33,False,,True,True,726.36,57,1,24,668816129,train,True
668816083,726.04,21,15:04:34,False,,True,True,726.36,58,1,24,668816129,train,True
668816084,726.08,21,15:04:35,False,,True,True,726.36,59,1,24,668816129,train,True
668816085,726.04,21,15:04:36,False,,True,True,726.36,59,1,24,668816129,train,True
668816086,726.02,21,15:04:37,False,,True,True,726.36,60,1,24,668816129,train,True
668816087,726.13,21,15:04:38,False,,True,True,726.36,60,1,24,668816129,train,True
668816088,726.04,21,15:04:39,False,,True,True,726.36,60,1,24,668816129,train,True
668816089,726.06,21,15:04:40,False,,True,True,726.36,60,1,24,668816129,train,True
668816090,726.06,21,15:04:41,False,,True,True,726.36,60,1,24,668816129,train,True
668816091,725.99,21,15:04:42,False,,True,True,726.36,60,1,24,668816129,train,True
668816092,725.99,21,15:04:43,False,,True,True,726.35,60,1,24,668816129,train,True
668816093,726.06,21,15:04:44,False,,True,True,726.35,60,1,24,668816129,train,True
668816094,725.97,21,15:04:45,False,,True,True,726.35,60,1,24,668816129,train,True
668816095,726.04,21,15:04:46,False,,True,True,726.35,60,1,24,668816129,train,True
668816096,725.97,21,15:04:46,False,,True,True,726.35,60,1,24,668816129,train,True
668816097,726.06,21,15:04:47,False,,True,True,726.35,60,1,24,668816129,train,True
668816098,726.02,21,15:04:48,False,,True,True,726.35,60,1,24,668816129,train,True
668816099,725.97,21,15:04:49,False,,True,True,726.35,60,1,24,668816129,train,True
668816100,725.97,21,15:04:50,False,,True,True,726.35,60,1,24,668816129,train,True
668816101,726.03,21,15:04:51,False,,True,True,726.35,60,1,24,668816129,train,True
668816102,725.99,21,15:04:52,False,,True,True,726.35,60,1,24,668816129,train,True
668816103,726.06,21,15:04:53,False,,True,True,726.35,60,1,24,668816129,train,True
668816104,726.01,21,15:04:54,False,,True,True,726.34,60,1,24,668816129,train,True
668816105,726.06,21,15:04:55,False,,True,True,726.34,60,1,24,668816129,train,True
668816106,726.06,21,15:04:56,False,,True,True,726.34,60,1,24,668816129,train,True
668816107,725.97,21,15:04:57,False,,True,True,726.34,60,1,24,668816129,train,True
668816108,725.95,21,15:04:58,False,,True,True,726.34,60,1,24,668816129,train,True
668816109,725.96,21,15:04:59,False,,True,True,726.34,60,1,24,668816129,train,True
668816110,725.96,21,15:05:00,False,,True,True,726.34,60,1,24,668816129,train,True
668816111,725.9,21,15:05:01,False,,True,True,726.34,60,1,24,668816129,train,True
668816112,725.87,21,15:05:02,False,,True,True,726.34,60,1,24,668816129,train,True
668816113,725.88,21,15:05:03,False,,True,True,726.34,60,1,24,668816129,train,True
668816114,725.9,21,15:05:04,False,,True,True,726.34,60,1,24,668816129,train,True
669426414,737.93,28,12:07:09,False,,True,False,737.89,5,1,25,669426485,train,True
669426415,737.9,28,12:07:10,False,,True,False,737.89,6,1,25,669426485,train,True
669426416,737.88,28,12:07:11,False,,True,False,737.89,7,1,25,669426485,train,True
669426417,737.86,28,12:07:12,False,,True,False,737.89,8,1,25,669426485,train,True
669426418,737.92,28,12:07:13,False,,True,False,737.89,9,1,25,669426485,train,True
669426419,737.9,28,12:07:14,False,,True,False,737.89,10,1,25,669426485,train,True
669426420,737.9,28,12:07:15,False,,True,False,737.89,11,1,25,669426485,train,True
669426421,737.92,28,12:07:16,False,,True,False,737.89,12,1,25,669426485,train,True
669426422,737.87,28,12:07:17,False,,True,False,737.89,13,1,25,669426485,train,True
669426423,737.85,28,12:07:18,False,,True,False,737.89,14,1,25,669426485,train,True
669426424,737.9,28,12:07:19,False,,True,False,737.89,15,1,25,669426485,train,True
669426425,737.87,28,12:07:20,False,,True,False,737.89,16,1,25,669426485,train,True
669426426,737.87,28,12:07:21,False,,True,False,737.89,17,1,25,669426485,train,True
669426427,737.87,28,12:07:22,False,,True,False,737.89,18,1,25,669426485,train,True
669426428,737.91,28,12:07:23,False,,True,False,737.89,19,1,25,669426485,train,True
669426429,737.86,28,12:07:24,False,,True,False,737.89,20,1,25,669426485,train,True
669426430,737.91,28,12:07:25,False,,True,False,737.89,21,1,25,669426485,train,True
669426431,737.89,28,12:07:26,False,,True,False,737.89,22,1,25,669426485,train,True
669426432,737.86,28,12:07:27,False,,True,False,737.89,23,1,25,669426485,train,True
669426433,737.9,28,12:07:28,False,,True,False,737.89,24,1,25,669426485,train,True
669426434,737.88,28,12:07:29,False,,True,False,737.89,25,1,25,669426485,train,True
669426435,737.9,28,12:07:30,False,,True,False,737.89,26,1,25,669426485,train,True
669426436,737.9,28,12:07:31,False,,True,False,737.89,27,1,25,669426485,train,True
669426437,737.88,28,12:07:32,False,,True,False,737.89,28,1,25,669426485,train,True
669426438,737.88,28,12:07:33,False,,True,True,737.89,29,1,25,669426485,train,True
669426439,737.87,28,12:07:34,False,,True,True,737.9,30,1,25,669426485,train,True
669426440,737.9,28,12:07:35,False,,True,True,737.9,31,1,25,669426485,train,True
669426441,737.88,28,12:07:36,False,,True,True,737.9,32,1,25,669426485,train,True
669426442,737.87,28,12:07:36,False,,True,True,737.9,33,1,25,669426485,train,True
669426443,737.94,28,12:07:37,False,,True,True,737.9,34,1,25,669426485,train,True
669426444,737.91,28,12:07:38,False,,True,True,737.9,35,1,25,669426485,train,True
669426445,737.91,28,12:07:39,False,,True,True,737.9,36,1,25,669426485,train,True
669426446,737.83,28,12:07:40,False,,True,True,737.9,37,1,25,669426485,train,True
669426447,737.87,28,12:07:41,False,,True,True,737.9,38,1,25,669426485,train,True
669426448,737.93,28,12:07:42,False,,True,True,737.9,39,1,25,669426485,train,True
669426449,737.87,28,12:07:43,False,,True,True,737.9,40,1,25,669426485,train,True
669426450,737.89,28,12:07:44,False,,True,True,737.9,41,1,25,669426485,train,True
669426451,737.93,28,12:07:45,False,,True,True,737.9,42,1,25,669426485,train,True
669426452,737.89,28,12:07:46,False,,True,True,737.9,43,1,25,669426485,train,True
669426453,737.93,28,12:07:47,False,,True,True,737.9,44,1,25,669426485,train,True
669426454,737.86,28,12:07:48,False,,True,True,737.9,45,1,25,669426485,train,True
669426455,737.86,28,12:07:49,False,,True,True,737.9,46,1,25,669426485,train,True
669426456,737.88,28,12:07:50,False,,True,True,737.9,47,1,25,669426485,train,True
669426457,737.87,28,12:07:51,False,,True,True,737.9,48,1,25,669426485,train,True
669426458,737.81,28,12:07:52,False,,True,True,737.9,49,1,25,669426485,train,True
669426459,737.79,28,12:07:53,False,,True,True,737.9,50,1,25,669426485,train,True
669426460,737.87,28,12:07:54,False,,True,True,737.9,51,1,25,669426485,train,True
669426461,737.77,28,12:07:55,False,,True,True,737.9,52,1,25,669426485,train,True
669426462,737.8,28,12:07:56,False,,True,True,737.9,53,1,25,669426485,train,True
669426463,737.8,28,12:07:57,False,,True,True,737.9,54,1,25,669426485,train,True
669426464,737.76,28,12:07:58,False,,True,True,737.9,55,1,25,669426485,train,True
669426465,737.75,28,12:07:59,False,,True,True,737.9,56,1,25,669426485,train,True
669426466,737.73,28,12:08:00,False,,True,True,737.9,57,1,25,669426485,train,True
669426467,737.84,28,12:08:01,False,,True,True,737.9,58,1,25,669426485,train,True
669426468,737.73,28,12:08:02,False,,True,True,737.9,59,1,25,669426485,train,True
669426469,737.69,28,12:08:03,False,,True,True,737.9,60,1,25,669426485,train,True
669426470,737.66,28,12:08:04,False,,True,True,737.9,60,1,25,669426485,train,True
669426471,737.66,28,12:08:05,False,,True,True,737.89,60,1,25,669426485,train,True
669426472,737.68,28,12:08:06,False,,True,True,737.89,60,1,25,669426485,train,True
669426473,737.66,28,12:08:07,False,,True,True,737.89,60,1,25,669426485,train,True
669427279,738.14,28,12:21:11,False,,True,False,738.03,32,1,26,669427340,train,True
669427280,738.1,28,12:21:12,False,,True,False,738.03,32,1,26,669427340,train,True
669427281,738.12,28,12:21:13,False,,True,False,738.03,32,1,26,669427340,train,True
669427282,738.08,28,12:21:14,False,,True,False,738.03,32,1,26,669427340,train,True
669427283,738.05,28,12:21:15,False,,True,False,738.03,32,1,26,669427340,train,True
669427284,738.1,28,12:21:16,False,,True,False,738.03,32,1,26,669427340,train,True
669427285,738.07,28,12:21:17,False,,True,False,738.03,32,1,26,669427340,train,True
669427286,738.02,28,12:21:18,False,,True,False,738.03,32,1,26,669427340,train,True
669427287,738.0,28,12:21:19,False,,True,False,738.03,32,1,26,669427340,train,True
669427288,738.07,28,12:21:20,False,,True,False,738.03,32,1,26,669427340,train,True
669427289,738.04,28,12:21:21,False,,True,False,738.03,32,1,26,669427340,train,True
669427290,738.11,28,12:21:22,False,,True,False,738.03,32,1,26,669427340,train,True
669427291,738.02,28,12:21:23,False,,True,False,738.03,32,1,26,669427340,train,True
669427292,738.06,28,12:21:24,False,,True,False,738.03,32,1,26,669427340,train,True
669427293,738.06,28,12:21:25,False,,True,False,738.03,32,1,26,669427340,train,True
669427294,738.08,28,12:21:26,False,,True,False,738.03,32,1,26,669427340,train,True
669427295,738.08,28,12:21:27,False,,True,False,738.03,32,1,26,669427340,train,True
669427296,738.08,28,12:21:28,False,,True,False,738.03,32,1,26,669427340,train,True
669427297,738.06,28,12:21:29,False,,True,False,738.03,32,1,26,669427340,train,True
669427298,738.08,28,12:21:30,False,,True,False,738.03,32,1,26,669427340,train,True
669427299,738.01,28,12:21:31,False,,True,False,738.03,32,1,26,669427340,train,True
669427300,738.07,28,12:21:32,False,,True,False,738.03,32,1,26,669427340,train,True
669427301,738.09,28,12:21:33,False,,True,False,738.03,32,1,26,669427340,train,True
669427302,738.12,28,12:21:34,False,,True,False,738.03,32,1,26,669427340,train,True
669427303,738.09,28,12:21:35,False,,True,False,738.03,32,1,26,669427340,train,True
669427304,738.12,28,12:21:36,False,,True,False,738.03,32,1,26,669427340,train,True
669427305,738.14,28,12:21:37,False,,True,False,738.03,32,1,26,669427340,train,True
669427306,738.05,28,12:21:38,False,,True,False,738.03,32,1,26,669427340,train,True
669427307,738.09,28,12:21:39,False,,True,False,738.03,32,1,26,669427340,train,True
669427308,738.11,28,12:21:40,False,,True,False,738.03,32,1,26,669427340,train,True
669427309,738.13,28,12:21:41,False,,True,False,738.03,32,1,26,669427340,train,True
669427310,738.13,28,12:21:41,False,,True,False,738.03,33,1,26,669427340,train,True
669427311,738.15,28,12:21:42,False,,True,False,738.03,34,1,26,669427340,train,True
669427312,738.15,28,12:21:43,False,,True,False,738.03,35,1,26,669427340,train,True
669427313,738.17,28,12:21:44,False,,True,False,738.03,36,1,26,669427340,train,True
669427314,738.15,28,12:21:45,False,,True,False,738.03,37,1,26,669427340,train,True
669427315,738.13,28,12:21:46,False,,True,False,738.03,38,1,26,669427340,train,True
669427316,738.17,28,12:21:47,False,,True,False,738.03,39,1,26,669427340,train,True
669427317,738.19,28,12:21:48,False,,True,False,738.03,40,1,26,669427340,train,True
669427318,738.12,28,12:21:49,False,,True,False,738.03,41,1,26,669427340,train,True
669427319,738.19,28,12:21:50,False,,True,False,738.03,42,1,26,669427340,train,True
669427320,738.1,28,12:21:51,False,,True,False,738.03,43,1,26,669427340,train,True
669427321,738.14,28,12:21:52,False,,True,False,738.03,44,1,26,669427340,train,True
669427322,738.16,28,12:21:53,False,,True,False,738.03,45,1,26,669427340,train,True
669427323,738.12,28,12:21:54,False,,True,False,738.03,46,1,26,669427340,train,True
669427324,738.1,28,12:21:55,False,,True,False,738.03,47,1,26,669427340,train,True
669427325,738.16,28,12:21:56,False,,True,False,738.04,48,1,26,669427340,train,True
669427326,738.14,28,12:21:57,False,,True,False,738.04,49,1,26,669427340,train,True
669427327,738.16,28,12:21:58,False,,True,False,738.04,50,1,26,669427340,train,True
669427328,738.09,28,12:21:59,False,,True,False,738.04,51,1,26,669427340,train,True
669427329,738.11,28,12:22:00,False,,True,False,738.04,52,1,26,669427340,train,True
669427330,738.13,28,12:22:01,False,,True,False,738.04,53,1,26,669427340,train,True
669427331,738.13,28,12:22:02,False,,True,False,738.04,54,1,26,669427340,train,True
669427332,738.09,28,12:22:03,False,,True,False,738.04,55,1,26,669427340,train,True
669427333,738.06,28,12:22:04,False,,True,False,738.04,56,1,26,669427340,train,True
669427334,738.04,28,12:22:05,False,,True,False,738.04,57,1,26,669427340,train,True
669427335,737.97,28,12:22:06,False,,True,True,738.04,58,1,26,669427340,train,True
669427336,737.97,28,12:22:07,False,,True,True,738.04,59,1,26,669427340,train,True
669427337,737.8,28,12:22:08,False,,True,True,738.04,60,1,26,669427340,train,True
669427338,737.33,28,12:22:09,False,,True,True,738.04,60,1,26,669427340,train,True
669434343,733.84,28,14:15:48,False,,True,False,734.26,40,1,27,669434405,train,True
669434344,733.84,28,14:15:49,False,,True,False,734.26,40,1,27,669434405,train,True
669434345,733.91,28,14:15:50,False,,True,False,734.26,40,1,27,669434405,train,True
669434346,733.84,28,14:15:51,False,,True,False,734.26,41,1,27,669434405,train,True
669434347,733.79,28,14:15:52,False,,True,False,734.26,42,1,27,669434405,train,True
669434348,733.83,28,14:15:53,False,,True,False,734.25,42,1,27,669434405,train,True
669434349,733.86,28,14:15:54,False,,True,False,734.25,42,1,27,669434405,train,True
669434350,733.9,28,14:15:55,False,,True,False,734.25,42,1,27,669434405,train,True
669434351,733.81,28,14:15:56,False,,True,False,734.25,43,1,27,669434405,train,True
669434352,733.85,28,14:15:57,False,,True,False,734.25,43,1,27,669434405,train,True
669434353,733.85,28,14:15:58,False,,True,False,734.25,43,1,27,669434405,train,True
669434354,733.88,28,14:15:59,False,,True,False,734.24,43,1,27,669434405,train,True
669434355,733.87,28,14:16:00,False,,True,False,734.24,43,1,27,669434405,train,True
669434356,733.83,28,14:16:01,False,,True,False,734.24,44,1,27,669434405,train,True
669434357,733.87,28,14:16:02,False,,True,False,734.24,44,1,27,669434405,train,True
669434358,733.87,28,14:16:03,False,,True,False,734.24,44,1,27,669434405,train,True
669434359,733.78,28,14:16:04,False,,True,False,734.24,45,1,27,669434405,train,True
669434360,733.8,28,14:16:05,False,,True,False,734.24,45,1,27,669434405,train,True
669434361,733.85,28,14:16:06,False,,True,False,734.23,45,1,27,669434405,train,True
669434362,733.85,28,14:16:07,False,,True,False,734.23,45,1,27,669434405,train,True
669434363,733.85,28,14:16:08,False,,True,False,734.23,45,1,27,669434405,train,True
669434364,733.85,28,14:16:09,False,,True,False,734.23,45,1,27,669434405,train,True
669434365,733.82,28,14:16:10,False,,True,False,734.23,45,1,27,669434405,train,True
669434366,733.8,28,14:16:10,False,,True,False,734.23,45,1,27,669434405,train,True
669434367,733.87,28,14:16:11,False,,True,False,734.23,45,1,27,669434405,train,True
669434368,733.84,28,14:16:12,False,,True,False,734.22,45,1,27,669434405,train,True
669434369,733.82,28,14:16:13,False,,True,False,734.22,45,1,27,669434405,train,True
669434370,733.84,28,14:16:14,False,,True,False,734.22,45,1,27,669434405,train,True
669434371,733.86,28,14:16:15,False,,True,False,734.22,45,1,27,669434405,train,True
669434372,733.8,28,14:16:16,False,,True,False,734.22,45,1,27,669434405,train,True
669434373,733.86,28,14:16:17,False,,True,False,734.22,45,1,27,669434405,train,True
669434374,733.86,28,14:16:18,False,,True,False,734.22,45,1,27,669434405,train,True
669434375,733.79,28,14:16:19,False,,True,False,734.21,45,1,27,669434405,train,True
669434376,733.77,28,14:16:20,False,,True,False,734.21,45,1,27,669434405,train,True
669434377,733.81,28,14:16:21,False,,True,False,734.21,45,1,27,669434405,train,True
669434378,733.83,28,14:16:22,False,,True,False,734.21,45,1,27,669434405,train,True
669434379,733.77,28,14:16:23,False,,True,False,734.21,45,1,27,669434405,train,True
669434380,733.79,28,14:16:24,False,,True,False,734.21,45,1,27,669434405,train,True
669434381,733.77,28,14:16:25,False,,True,False,734.21,45,1,27,669434405,train,True
669434382,733.81,28,14:16:26,False,,True,False,734.2,45,1,27,669434405,train,True
669434383,733.79,28,14:16:27,False,,True,False,734.2,45,1,27,669434405,train,True
669434384,733.77,28,14:16:28,False,,True,False,734.2,45,1,27,669434405,train,True
669434385,733.83,28,14:16:29,False,,True,False,734.2,45,1,27,669434405,train,True
669434386,733.81,28,14:16:30,False,,True,False,734.2,46,1,27,669434405,train,True
669434387,733.8,28,14:16:31,False,,True,False,734.2,47,1,27,669434405,train,True
669434388,733.81,28,14:16:32,False,,True,False,734.19,48,1,27,669434405,train,True
669434389,733.8,28,14:16:33,False,,True,False,734.19,49,1,27,669434405,train,True
669434390,733.8,28,14:16:34,False,,True,False,734.19,50,1,27,669434405,train,True
669434391,733.8,28,14:16:35,False,,True,False,734.19,51,1,27,669434405,train,True
669434392,733.83,28,14:16:36,False,,True,False,734.19,52,1,27,669434405,train,True
669434393,733.71,28,14:16:37,False,,True,False,734.19,53,1,27,669434405,train,True
669434394,733.69,28,14:16:38,False,,True,False,734.19,54,1,27,669434405,train,True
669434395,733.71,28,14:16:39,False,,True,False,734.18,55,1,27,669434405,train,True
669434396,733.73,28,14:16:40,False,,True,False,734.18,56,1,27,669434405,train,True
669434397,733.69,28,14:16:41,False,,True,True,734.18,57,1,27,669434405,train,True
669434398,733.71,28,14:16:42,False,,True,True,734.18,58,1,27,669434405,train,True
669434399,733.64,28,14:16:43,False,,True,True,734.18,59,1,27,669434405,train,True
669434400,733.57,28,14:16:44,False,,True,True,734.18,60,1,27,669434405,train,True
669434401,733.44,28,14:16:45,False,,True,True,734.17,60,1,27,669434405,train,True
669434402,733.27,28,14:16:46,False,,True,True,734.17,60,1,27,669434405,train,True
669434621,733.68,28,14:20:19,False,,True,True,733.88,28,1,28,669434703,train,True
669434622,733.68,28,14:20:20,False,,True,True,733.88,28,1,28,669434703,train,True
669434623,733.71,28,14:20:21,False,,True,True,733.88,28,1,28,669434703,train,True
669434624,733.71,28,14:20:22,False,,True,True,733.88,28,1,28,669434703,train,True
669434625,733.66,28,14:20:23,False,,True,True,733.87,29,1,28,669434703,train,True
669434626,733.7,28,14:20:24,False,,True,True,733.87,30,1,28,669434703,train,True
669434627,733.75,28,14:20:25,False,,True,True,733.87,30,1,28,669434703,train,True
669434628,733.7,28,14:20:26,False,,True,True,733.87,31,1,28,669434703,train,True
669434629,733.68,28,14:20:27,False,,True,True,733.87,32,1,28,669434703,train,True
669434630,733.68,28,14:20:28,False,,True,True,733.87,33,1,28,669434703,train,True
669434631,733.72,28,14:20:28,False,,True,True,733.87,34,1,28,669434703,train,True
669434632,733.74,28,14:20:29,False,,True,True,733.87,35,1,28,669434703,train,True
669434633,733.65,28,14:20:30,False,,True,True,733.87,36,1,28,669434703,train,True
669434634,733.74,28,14:20:31,False,,True,True,733.86,37,1,28,669434703,train,True
669434635,733.72,28,14:20:32,False,,True,True,733.86,38,1,28,669434703,train,True
669434636,733.71,28,14:20:33,False,,True,True,733.86,39,1,28,669434703,train,True
669434637,733.65,28,14:20:34,False,,True,True,733.86,40,1,28,669434703,train,True
669434638,733.65,28,14:20:35,False,,True,True,733.86,41,1,28,669434703,train,True
669434639,733.65,28,14:20:36,False,,True,True,733.86,42,1,28,669434703,train,True
669434640,733.63,28,14:20:37,False,,True,True,733.86,43,1,28,669434703,train,True
669434641,733.65,28,14:20:38,False,,True,True,733.86,44,1,28,669434703,train,True
669434642,733.65,28,14:20:39,False,,True,True,733.86,45,1,28,669434703,train,True
669434643,733.67,28,14:20:40,False,,True,True,733.86,46,1,28,669434703,train,True
669434644,733.62,28,14:20:41,False,,True,True,733.86,47,1,28,669434703,train,True
669434645,733.62,28,14:20:42,False,,True,True,733.85,48,1,28,669434703,train,True
669434646,733.66,28,14:20:43,False,,True,True,733.85,49,1,28,669434703,train,True
669434647,733.66,28,14:20:44,False,,True,True,733.85,50,1,28,669434703,train,True
669434648,733.7,28,14:20:45,False,,True,True,733.85,51,1,28,669434703,train,True
669434649,733.66,28,14:20:46,False,,True,True,733.85,52,1,28,669434703,train,True
669434650,733.6,28,14:20:47,False,,True,True,733.85,53,1,28,669434703,train,True
669434651,733.53,28,14:20:48,False,,True,True,733.85,54,1,28,669434703,train,True
669434652,733.53,28,14:20:49,False,,True,True,733.85,55,1,28,669434703,train,True
669434653,733.53,28,14:20:50,False,,True,True,733.85,56,1,28,669434703,train,True
669434654,733.43,28,14:20:51,False,,True,True,733.85,57,1,28,669434703,train,True
669434655,733.52,28,14:20:52,False,,True,True,733.85,58,1,28,669434703,train,True
669434656,733.57,28,14:20:53,False,,True,True,733.84,58,1,28,669434703,train,True
669434657,733.52,28,14:20:54,False,,True,True,733.84,59,1,28,669434703,train,True
669434658,733.45,28,14:20:55,False,,True,True,733.84,60,1,28,669434703,train,True
669434659,733.48,28,14:20:56,False,,True,True,733.84,60,1,28,669434703,train,True
669434660,733.43,28,14:20:57,False,,True,True,733.84,60,1,28,669434703,train,True
669434661,733.45,28,14:20:58,False,,True,True,733.84,60,1,28,669434703,train,True
669434662,733.45,28,14:20:59,False,,True,True,733.84,60,1,28,669434703,train,True
669434663,733.47,28,14:21:00,False,,True,True,733.84,60,1,28,669434703,train,True
669434664,733.45,28,14:21:01,False,,True,True,733.83,60,1,28,669434703,train,True
669434665,733.4,28,14:21:02,False,,True,True,733.83,60,1,28,669434703,train,True
669434666,733.45,28,14:21:03,False,,True,True,733.83,60,1,28,669434703,train,True
669434667,733.4,28,14:21:04,False,,True,True,733.83,60,1,28,669434703,train,True
669434668,733.42,28,14:21:04,False,,True,True,733.83,60,1,28,669434703,train,True
669434669,733.38,28,14:21:05,False,,True,True,733.83,60,1,28,669434703,train,True
669434670,733.4,28,14:21:06,False,,True,True,733.83,60,1,28,669434703,train,True
669434671,733.4,28,14:21:07,False,,True,True,733.83,60,1,28,669434703,train,True
669434672,733.42,28,14:21:08,False,,True,True,733.82,60,1,28,669434703,train,True
669434673,733.42,28,14:21:09,False,,True,True,733.82,60,1,28,669434703,train,True
669434674,733.4,28,14:21:10,False,,True,True,733.82,60,1,28,669434703,train,True
669434675,733.4,28,14:21:11,False,,True,True,733.82,60,1,28,669434703,train,True
669434676,733.42,28,14:21:12,False,,True,True,733.82,60,1,28,669434703,train,True
669434677,733.35,28,14:21:13,False,,True,True,733.82,60,1,28,669434703,train,True
669434678,733.46,28,14:21:14,False,,True,True,733.82,60,1,28,669434703,train,True
669434679,733.46,28,14:21:15,False,,True,True,733.82,60,1,28,669434703,train,True
669434680,733.42,28,14:21:16,False,,True,True,733.81,60,1,28,669434703,train,True
669518659,738.46,29,13:03:50,False,,True,True,738.84,58,1,29,669518763,train,True
669518660,738.46,29,13:03:51,False,,True,True,738.83,58,1,29,669518763,train,True
669518661,738.46,29,13:03:52,False,,True,True,738.83,58,1,29,669518763,train,True
669518662,738.5,29,13:03:53,False,,True,True,738.83,58,1,29,669518763,train,True
669518663,738.48,29,13:03:54,False,,True,True,738.83,58,1,29,669518763,train,True
669518664,738.47,29,13:03:55,False,,True,True,738.83,58,1,29,669518763,train,True
669518665,738.5,29,13:03:55,False,,True,True,738.83,58,1,29,669518763,train,True
669518666,738.5,29,13:03:56,False,,True,True,738.83,58,1,29,669518763,train,True
669518667,738.45,29,13:03:57,False,,True,True,738.83,58,1,29,669518763,train,True
669518668,738.47,29,13:03:58,False,,True,True,738.83,58,1,29,669518763,train,True
669518669,738.52,29,13:03:59,False,,True,True,738.82,58,1,29,669518763,train,True
669518670,738.47,29,13:04:00,False,,True,True,738.82,58,1,29,669518763,train,True
669518671,738.42,29,13:04:01,False,,True,True,738.82,58,1,29,669518763,train,True
669518672,738.45,29,13:04:02,False,,True,True,738.82,58,1,29,669518763,train,True
669518673,738.36,29,13:04:03,False,,True,True,738.82,58,1,29,669518763,train,True
669518674,738.33,29,13:04:04,False,,True,True,738.82,58,1,29,669518763,train,True
669518675,738.37,29,13:04:05,False,,True,True,738.82,58,1,29,669518763,train,True
669518676,738.35,29,13:04:06,False,,True,True,738.82,59,1,29,669518763,train,True
669518677,738.33,29,13:04:07,False,,True,True,738.81,60,1,29,669518763,train,True
669518678,738.39,29,13:04:08,False,,True,True,738.81,60,1,29,669518763,train,True
669518679,738.28,29,13:04:09,False,,True,True,738.81,60,1,29,669518763,train,True
669518680,738.32,29,13:04:10,False,,True,True,738.81,60,1,29,669518763,train,True
669518681,738.27,29,13:04:11,False,,True,True,738.81,60,1,29,669518763,train,True
669518682,738.3,29,13:04:12,False,,True,True,738.81,60,1,29,669518763,train,True
669518683,738.37,29,13:04:13,False,,True,True,738.81,60,1,29,669518763,train,True
669518684,738.3,29,13:04:14,False,,True,True,738.8,60,1,29,669518763,train,True
669518685,738.34,29,13:04:15,False,,True,True,738.8,60,1,29,669518763,train,True
669518686,738.34,29,13:04:16,False,,True,True,738.8,60,1,29,669518763,train,True
669518687,738.34,29,13:04:17,False,,True,True,738.8,60,1,29,669518763,train,True
669518688,738.36,29,13:04:18,False,,True,True,738.8,60,1,29,669518763,train,True
669518689,738.36,29,13:04:19,False,,True,True,738.8,60,1,29,669518763,train,True
669518690,738.4,29,13:04:20,False,,True,True,738.79,60,1,29,669518763,train,True
669518691,738.47,29,13:04:21,False,,True,True,738.79,60,1,29,669518763,train,True
669518692,738.4,29,13:04:22,False,,True,True,738.79,60,1,29,669518763,train,True
669518693,738.35,29,13:04:23,False,,True,True,738.79,60,1,29,669518763,train,True
669518694,738.4,29,13:04:24,False,,True,True,738.79,60,1,29,669518763,train,True
669518695,738.33,29,13:04:25,False,,True,True,738.79,60,1,29,669518763,train,True
669518696,738.33,29,13:04:26,False,,True,True,738.79,60,1,29,669518763,train,True
669518697,738.31,29,13:04:27,False,,True,True,738.78,60,1,29,669518763,train,True
669518698,738.33,29,13:04:28,False,,True,True,738.78,60,1,29,669518763,train,True
669518699,738.26,29,13:04:29,False,,True,True,738.78,60,1,29,669518763,train,True
669518700,738.3,29,13:04:30,False,,True,True,738.78,60,1,29,669518763,train,True
669518701,738.32,29,13:04:31,False,,True,True,738.78,60,1,29,669518763,train,True
669518702,738.32,29,13:04:32,False,,True,True,738.78,60,1,29,669518763,train,True
669518703,738.3,29,13:04:32,False,,True,True,738.78,60,1,29,669518763,train,True
669518704,738.37,29,13:04:33,False,,True,True,738.77,60,1,29,669518763,train,True
669518705,738.32,29,13:04:34,False,,True,True,738.77,60,1,29,669518763,train,True
669518706,738.23,29,13:04:35,False,,True,True,738.77,60,1,29,669518763,train,True
669518707,738.23,29,13:04:36,False,,True,True,738.77,60,1,29,669518763,train,True
669518708,738.25,29,13:04:37,False,,True,True,738.77,60,1,29,669518763,train,True
669518709,738.23,29,13:04:38,False,,True,True,738.77,60,1,29,669518763,train,True
669518710,738.2,29,13:04:39,False,,True,True,738.76,60,1,29,669518763,train,True
669518711,738.2,29,13:04:40,False,,True,True,738.76,60,1,29,669518763,train,True
669518712,738.07,29,13:04:41,False,,True,True,738.76,60,1,29,669518763,train,True
669518713,738.11,29,13:04:42,False,,True,True,738.76,60,1,29,669518763,train,True
669518714,738.15,29,13:04:43,False,,True,True,738.76,60,1,29,669518763,train,True
669518715,738.13,29,13:04:44,False,,True,True,738.76,60,1,29,669518763,train,True
669518716,738.08,29,13:04:45,False,,True,True,738.75,60,1,29,669518763,train,True
669518717,738.1,29,13:04:46,False,,True,True,738.75,60,1,29,669518763,train,True
669518718,738.06,29,13:04:47,False,,True,True,738.75,60,1,29,669518763,train,True
669519417,738.07,29,13:16:08,False,,True,False,738.28,60,1,30,669519478,train,True
669519418,738.06,29,13:16:09,False,,True,False,738.28,60,1,30,669519478,train,True
669519419,738.06,29,13:16:10,False,,True,False,738.27,60,1,30,669519478,train,True
669519420,738.04,29,13:16:10,False,,True,False,738.27,60,1,30,669519478,train,True
669519421,737.96,29,13:16:11,False,,True,False,738.27,60,1,30,669519478,train,True
669519422,737.99,29,13:16:12,False,,True,False,738.27,60,1,30,669519478,train,True
669519423,738.03,29,13:16:13,False,,True,False,738.27,60,1,30,669519478,train,True
669519424,737.99,29,13:16:14,False,,True,False,738.27,60,1,30,669519478,train,True
669519425,737.97,29,13:16:15,False,,True,False,738.27,60,1,30,669519478,train,True
669519426,737.99,29,13:16:16,False,,True,False,738.27,60,1,30,669519478,train,True
669519427,737.95,29,13:16:17,False,,True,False,738.27,60,1,30,669519478,train,True
669519428,737.99,29,13:16:18,False,,True,False,738.26,60,1,30,669519478,train,True
669519429,738.01,29,13:16:19,False,,True,False,738.26,60,1,30,669519478,train,True
669519430,737.99,29,13:16:20,False,,True,False,738.26,60,1,30,669519478,train,True
669519431,737.97,29,13:16:21,False,,True,False,738.26,60,1,30,669519478,train,True
669519432,737.99,29,13:16:22,False,,True,False,738.26,60,1,30,669519478,train,True
669519433,738.01,29,13:16:23,False,,True,False,738.26,60,1,30,669519478,train,True
669519434,737.96,29,13:16:24,False,,True,False,738.26,60,1,30,669519478,train,True
669519435,737.98,29,13:16:25,False,,True,False,738.26,60,1,30,669519478,train,True
669519436,737.98,29,13:16:26,False,,True,False,738.26,60,1,30,669519478,train,True
669519437,737.94,29,13:16:27,False,,True,False,738.26,60,1,30,669519478,train,True
669519438,737.93,29,13:16:28,False,,True,False,738.25,60,1,30,669519478,train,True
669519439,737.96,29,13:16:29,False,,True,False,738.25,60,1,30,669519478,train,True
669519440,737.96,29,13:16:30,False,,True,False,738.25,60,1,30,669519478,train,True
669519441,737.85,29,13:16:31,False,,True,False,738.25,60,1,30,669519478,train,True
669519442,737.87,29,13:16:32,False,,True,False,738.25,60,1,30,669519478,train,True
669519443,737.89,29,13:16:33,False,,True,False,738.25,60,1,30,669519478,train,True
669519444,737.89,29,13:16:34,False,,True,False,738.25,60,1,30,669519478,train,True
669519445,737.84,29,13:16:35,False,,True,False,738.25,60,1,30,669519478,train,True
669519446,737.84,29,13:16:36,False,,True,False,738.25,60,1,30,669519478,train,True
669519447,737.86,29,13:16:37,False,,True,False,738.24,60,1,30,669519478,train,True
669519448,737.84,29,13:16:38,False,,True,False,738.24,60,1,30,669519478,train,True
669519449,737.86,29,13:16:39,False,,True,False,738.24,60,1,30,669519478,train,True
669519450,737.84,29,13:16:40,False,,True,False,738.24,60,1,30,669519478,train,True
669519451,737.92,29,13:16:41,False,,True,False,738.24,60,1,30,669519478,train,True
669519452,737.92,29,13:16:42,False,,True,False,738.24,60,1,30,669519478,train,True
669519453,737.92,29,13:16:43,False,,True,False,738.24,60,1,30,669519478,train,True
669519454,737.97,29,13:16:44,False,,True,False,738.24,60,1,30,669519478,train,True
669519455,737.92,29,13:16:45,False,,True,False,738.23,60,1,30,669519478,train,True
669519456,737.92,29,13:16:46,False,,True,False,738.23,60,1,30,669519478,train,True
669519457,737.96,29,13:16:46,False,,True,False,738.23,60,1,30,669519478,train,True
669519458,737.96,29,13:16:47,False,,True,False,738.23,60,1,30,669519478,train,True
669519459,737.99,29,13:16:48,False,,True,False,738.23,60,1,30,669519478,train,True
669519460,737.9,29,13:16:49,False,,True,False,738.23,60,1,30,669519478,train,True
669519461,737.9,29,13:16:50,False,,True,False,738.23,60,1,30,669519478,train,True
669519462,737.81,29,13:16:51,False,,True,False,738.23,60,1,30,669519478,train,True
669519463,737.8,29,13:16:52,False,,True,False,738.23,60,1,30,669519478,train,True
669519464,737.84,29,13:16:53,False,,True,False,738.22,60,1,30,669519478,train,True
669519465,737.83,29,13:16:54,False,,True,False,738.22,60,1,30,669519478,train,True
669519466,737.89,29,13:16:55,False,,True,False,738.22,60,1,30,669519478,train,True
669519467,737.87,29,13:16:56,False,,True,False,738.22,60,1,30,669519478,train,True
669519468,737.8,29,13:16:57,False,,True,False,738.22,60,1,30,669519478,train,True
669519469,737.89,29,13:16:58,False,,True,False,738.22,60,1,30,669519478,train,True
669519470,737.86,29,13:16:59,False,,True,False,738.22,60,1,30,669519478,train,True
669519471,737.86,29,13:17:00,False,,True,False,738.22,60,1,30,669519478,train,True
669519472,737.8,29,13:17:01,False,,True,False,738.21,60,1,30,669519478,train,True
669519473,737.75,29,13:17:02,False,,True,False,738.21,60,1,30,669519478,train,True
669519474,737.81,29,13:17:03,False,,True,True,738.21,60,1,30,669519478,train,True
669519475,737.86,29,13:17:04,False,,True,True,738.21,60,1,30,669519478,train,True
669519476,737.81,29,13:17:05,False,,True,True,738.21,60,1,30,669519478,train,True
669531784,729.96,29,16:36:47,False,,True,False,730.08,1,1,31,669531860,train,True
669531785,730.07,29,16:36:48,False,,True,False,730.08,2,1,31,669531860,train,True
669531786,730.0,29,16:36:49,False,,True,False,730.08,3,1,31,669531860,train,True
669531787,729.98,29,16:36:50,False,,True,False,730.08,4,1,31,669531860,train,True
669531788,729.93,29,16:36:51,False,,True,False,730.08,5,1,31,669531860,train,True
669531789,729.95,29,16:36:52,False,,True,False,730.08,6,1,31,669531860,train,True
669531790,730.06,29,16:36:53,False,,True,False,730.08,7,1,31,669531860,train,True
669531791,730.0,29,16:36:54,False,,True,False,730.08,8,1,31,669531860,train,True
669531792,730.0,29,16:36:55,False,,True,False,730.08,9,1,31,669531860,train,True
669531793,730.04,29,16:36:56,False,,True,False,730.08,10,1,31,669531860,train,True
669531794,730.02,29,16:36:57,False,,True,True,730.08,11,1,31,669531860,train,True
669531795,730.04,29,16:36:58,False,,True,True,730.08,12,1,31,669531860,train,True
669531796,730.06,29,16:36:58,False,,True,True,730.08,13,1,31,669531860,train,True
669531797,730.0,29,16:36:59,False,,True,True,730.08,14,1,31,669531860,train,True
669531798,730.04,29,16:37:00,False,,True,True,730.08,15,1,31,669531860,train,True
669531799,730.01,29,16:37:01,False,,True,True,730.08,16,1,31,669531860,train,True
669531800,730.06,29,16:37:02,False,,True,True,730.08,17,1,31,669531860,train,True
669531801,729.99,29,16:37:03,False,,True,True,730.08,18,1,31,669531860,train,True
669531802,730.06,29,16:37:04,False,,True,True,730.08,19,1,31,669531860,train,True
669531803,730.06,29,16:37:05,False,,True,True,730.08,20,1,31,669531860,train,True
669531804,730.03,29,16:37:06,False,,True,True,730.08,21,1,31,669531860,train,True
669531805,730.01,29,16:37:07,False,,True,True,730.08,22,1,31,669531860,train,True
669531806,730.05,29,16:37:08,False,,True,True,730.08,23,1,31,669531860,train,True
669531807,730.03,29,16:37:09,False,,True,True,730.08,24,1,31,669531860,train,True
669531808,729.99,29,16:37:10,False,,True,True,730.08,25,1,31,669531860,train,True
669531809,730.05,29,16:37:11,False,,True,True,730.08,26,1,31,669531860,train,True
669531810,730.0,29,16:37:12,False,,True,True,730.08,27,1,31,669531860,train,True
669531811,730.09,29,16:37:13,False,,True,True,730.08,28,1,31,669531860,train,True
669531812,730.12,29,16:37:14,False,,True,True,730.08,29,1,31,669531860,train,True
669531813,730.09,29,16:37:15,False,,True,True,730.08,30,1,31,669531860,train,True
669531814,730.03,29,16:37:16,False,,True,True,730.08,31,1,31,669531860,train,True
669531815,730.0,29,16:37:17,False,,True,True,730.08,32,1,31,669531860,train,True
669531816,730.0,29,16:37:18,False,,True,True,730.08,33,1,31,669531860,train,True
669531817,730.05,29,16:37:19,False,,True,True,730.08,34,1,31,669531860,train,True
669531818,730.09,29,16:37:20,False,,True,True,730.08,35,1,31,669531860,train,True
669531819,730.06,29,16:37:21,False,,True,True,730.08,36,1,31,669531860,train,True
669531820,730.02,29,16:37:22,False,,True,True,730.08,37,1,31,669531860,train,True
669531821,730.02,29,16:37:23,False,,True,True,730.08,38,1,31,669531860,train,True
669531822,730.02,29,16:37:24,False,,True,True,730.08,39,1,31,669531860,train,True
669531823,729.98,29,16:37:25,False,,True,True,730.08,40,1,31,669531860,train,True
669531824,730.0,29,16:37:26,False,,True,True,730.08,41,1,31,669531860,train,True
669531825,729.99,29,16:37:27,False,,True,True,730.07,42,1,31,669531860,train,True
669531826,729.95,29,16:37:28,False,,True,True,730.07,43,1,31,669531860,train,True
669531827,730.01,29,16:37:29,False,,True,True,730.07,44,1,31,669531860,train,True
669531828,729.93,29,16:37:30,False,,True,True,730.07,45,1,31,669531860,train,True
669531829,729.92,29,16:37:31,False,,True,True,730.07,46,1,31,669531860,train,True
669531830,729.92,29,16:37:32,False,,True,True,730.07,47,1,31,669531860,train,True
669531831,729.99,29,16:37:33,False,,True,True,730.07,48,1,31,669531860,train,True
669531832,729.97,29,16:37:34,False,,True,True,730.07,49,1,31,669531860,train,True
669531833,729.94,29,16:37:35,False,,True,True,730.07,50,1,31,669531860,train,True
669531834,729.96,29,16:37:35,False,,True,True,730.07,51,1,31,669531860,train,True
669531835,729.97,29,16:37:36,False,,True,True,730.07,52,1,31,669531860,train,True
669531836,729.94,29,16:37:37,False,,True,True,730.07,53,1,31,669531860,train,True
669531837,729.92,29,16:37:38,False,,True,True,730.07,54,1,31,669531860,train,True
669531838,729.92,29,16:37:39,False,,True,True,730.07,55,1,31,669531860,train,True
669531839,729.91,29,16:37:40,False,,True,True,730.07,56,1,31,669531860,train,True
669531840,729.94,29,16:37:41,False,,True,True,730.07,57,1,31,669531860,train,True
669531841,729.93,29,16:37:42,False,,True,True,730.07,58,1,31,669531860,train,True
669531842,729.87,29,16:37:43,False,,True,True,730.07,59,1,31,669531860,train,True
669531843,729.8,29,16:37:44,False,,True,True,730.07,60,1,31,669531860,train,True
669626674,727.9,30,18:16:22,False,,True,True,727.86,18,1,32,669626803,train,True
669626675,727.94,30,18:16:23,False,,True,True,727.86,19,1,32,669626803,train,True
669626676,727.88,30,18:16:24,False,,True,True,727.86,20,1,32,669626803,train,True
669626677,727.94,30,18:16:25,False,,True,True,727.86,21,1,32,669626803,train,True
669626678,727.9,30,18:16:26,False,,True,True,727.86,22,1,32,669626803,train,True
669626679,727.91,30,18:16:27,False,,True,True,727.86,23,1,32,669626803,train,True
669626680,727.9,30,18:16:28,False,,True,True,727.86,24,1,32,669626803,train,True
669626681,727.88,30,18:16:29,False,,True,True,727.86,25,1,32,669626803,train,True
669626682,727.93,30,18:16:30,False,,True,True,727.86,26,1,32,669626803,train,True
669626683,727.93,30,18:16:31,False,,True,True,727.86,27,1,32,669626803,train,True
669626684,727.93,30,18:16:32,False,,True,True,727.86,28,1,32,669626803,train,True
669626685,727.91,30,18:16:33,False,,True,True,727.86,29,1,32,669626803,train,True
669626686,727.95,30,18:16:34,False,,True,True,727.86,30,1,32,669626803,train,True
669626687,727.95,30,18:16:35,False,,True,True,727.86,31,1,32,669626803,train,True
669626688,727.91,30,18:16:36,False,,True,True,727.86,32,1,32,669626803,train,True
669626689,727.93,30,18:16:37,False,,True,True,727.87,33,1,32,669626803,train,True
669626690,727.89,30,18:16:38,False,,True,True,727.87,34,1,32,669626803,train,True
669626691,727.96,30,18:16:39,False,,True,True,727.87,35,1,32,669626803,train,True
669626692,727.91,30,18:16:40,False,,True,True,727.87,36,1,32,669626803,train,True
669626693,727.89,30,18:16:41,False,,True,True,727.87,37,1,32,669626803,train,True
669626694,727.89,30,18:16:42,False,,True,True,727.87,38,1,32,669626803,train,True
669626695,727.87,30,18:16:43,False,,True,True,727.87,39,1,32,669626803,train,True
669626696,727.85,30,18:16:44,False,,True,True,727.87,40,1,32,669626803,train,True
669626697,727.87,30,18:16:45,False,,True,True,727.87,41,1,32,669626803,train,True
669626698,727.85,30,18:16:46,False,,True,True,727.87,42,1,32,669626803,train,True
669626699,727.78,30,18:16:47,False,,True,True,727.87,43,1,32,669626803,train,True
669626700,727.83,30,18:16:47,False,,True,True,727.87,44,1,32,669626803,train,True
669626701,727.81,30,18:16:48,False,,True,True,727.87,45,1,32,669626803,train,True
669626702,727.76,30,18:16:49,False,,True,True,727.87,46,1,32,669626803,train,True
669626703,727.81,30,18:16:50,False,,True,True,727.87,47,1,32,669626803,train,True
669626704,727.83,30,18:16:51,False,,True,True,727.87,48,1,32,669626803,train,True
669626705,727.83,30,18:16:52,False,,True,True,727.87,49,1,32,669626803,train,True
669626706,727.79,30,18:16:53,False,,True,True,727.86,50,1,32,669626803,train,True
669626707,727.79,30,18:16:54,False,,True,True,727.86,51,1,32,669626803,train,True
669626708,727.79,30,18:16:55,False,,True,True,727.86,52,1,32,669626803,train,True
669626709,727.79,30,18:16:56,False,,True,True,727.86,53,1,32,669626803,train,True
669626710,727.81,30,18:16:57,False,,True,True,727.86,54,1,32,669626803,train,True
669626711,727.81,30,18:16:58,False,,True,True,727.86,55,1,32,669626803,train,True
669626712,727.82,30,18:16:59,False,,True,True,727.86,56,1,32,669626803,train,True
669626713,727.77,30,18:17:00,False,,True,True,727.86,57,1,32,669626803,train,True
669626714,727.78,30,18:17:01,False,,True,True,727.86,58,1,32,669626803,train,True
669626715,727.78,30,18:17:02,False,,True,True,727.86,59,1,32,669626803,train,True
669626716,727.82,30,18:17:03,False,,True,True,727.86,60,1,32,669626803,train,True
669626717,727.76,30,18:17:04,False,,True,True,727.86,60,1,32,669626803,train,True
669626718,727.73,30,18:17:05,False,,True,True,727.86,60,1,32,669626803,train,True
669626719,727.76,30,18:17:06,False,,True,True,727.86,60,1,32,669626803,train,True
669626720,727.73,30,18:17:07,False,,True,True,727.86,60,1,32,669626803,train,True
669626721,727.71,30,18:17:08,False,,True,True,727.86,60,1,32,669626803,train,True
669626722,727.72,30,18:17:09,False,,True,True,727.86,60,1,32,669626803,train,True
669626723,727.63,30,18:17:10,False,,True,True,727.86,60,1,32,669626803,train,True
669626724,727.67,30,18:17:11,False,,True,True,727.86,60,1,32,669626803,train,True
669626725,727.67,30,18:17:12,False,,True,True,727.86,60,1,32,669626803,train,True
669626726,727.65,30,18:17:13,False,,True,True,727.86,60,1,32,669626803,train,True
669626727,727.71,30,18:17:14,False,,True,True,727.86,60,1,32,669626803,train,True
669626728,727.67,30,18:17:15,False,,True,True,727.86,60,1,32,669626803,train,True
669626729,727.65,30,18:17:16,False,,True,True,727.86,60,1,32,669626803,train,True
669626730,727.61,30,18:17:17,False,,True,True,727.86,60,1,32,669626803,train,True
669626731,727.65,30,18:17:18,False,,True,True,727.86,60,1,32,669626803,train,True
669626732,727.61,30,18:17:19,False,,True,True,727.86,60,1,32,669626803,train,True
669626733,727.58,30,18:17:20,False,,True,True,727.86,60,1,32,669626803,train,True
669688532,734.8,31,11:00:01,False,,True,True,734.86,11,1,33,669688619,train,True
669688533,734.75,31,11:00:02,False,,True,True,734.86,12,1,33,669688619,train,True
669688534,734.73,31,11:00:03,False,,True,True,734.86,13,1,33,669688619,train,True
669688535,734.75,31,11:00:04,False,,True,True,734.86,14,1,33,669688619,train,True
669688536,734.75,31,11:00:05,False,,True,True,734.86,15,1,33,669688619,train,True
669688537,734.77,31,11:00:06,False,,True,True,734.86,16,1,33,669688619,train,True
669688538,734.77,31,11:00:07,False,,True,True,734.86,17,1,33,669688619,train,True
669688539,734.76,31,11:00:08,False,,True,True,734.86,18,1,33,669688619,train,True
669688540,734.74,31,11:00:09,False,,True,True,734.86,19,1,33,669688619,train,True
669688541,734.74,31,11:00:10,False,,True,True,734.86,20,1,33,669688619,train,True
669688542,734.74,31,11:00:11,False,,True,True,734.86,21,1,33,669688619,train,True
669688543,734.71,31,11:00:12,False,,True,True,734.86,22,1,33,669688619,train,True
669688544,734.73,31,11:00:13,False,,True,True,734.86,23,1,33,669688619,train,True
669688545,734.78,31,11:00:14,False,,True,True,734.86,24,1,33,669688619,train,True
669688546,734.73,31,11:00:15,False,,True,True,734.86,25,1,33,669688619,train,True
669688547,734.71,31,11:00:16,False,,True,True,734.86,26,1,33,669688619,train,True
669688548,734.79,31,11:00:16,False,,True,True,734.85,27,1,33,669688619,train,True
669688549,734.73,31,11:00:17,False,,True,True,734.85,28,1,33,669688619,train,True
669688550,734.79,31,11:00:18,False,,True,True,734.85,29,1,33,669688619,train,True
669688551,734.74,31,11:00:19,False,,True,True,734.85,30,1,33,669688619,train,True
669688552,734.72,31,11:00:20,False,,True,True,734.85,31,1,33,669688619,train,True
669688553,734.76,31,11:00:21,False,,True,True,734.85,32,1,33,669688619,train,True
669688554,734.83,31,11:00:22,False,,True,True,734.85,33,1,33,669688619,train,True
669688555,734.78,31,11:00:23,False,,True,True,734.85,34,1,33,669688619,train,True
669688556,734.8,31,11:00:24,False,,True,True,734.85,35,1,33,669688619,train,True
669688557,734.82,31,11:00:25,False,,True,True,734.85,36,1,33,669688619,train,True
669688558,734.82,31,11:00:26,False,,True,True,734.85,37,1,33,669688619,train,True
669688559,734.77,31,11:00:27,False,,True,True,734.85,38,1,33,669688619,train,True
669688560,734.75,31,11:00:28,False,,True,True,734.85,39,1,33,669688619,train,True
669688561,734.77,31,11:00:29,False,,True,True,734.85,40,1,33,669688619,train,True
669688562,734.77,31,11:00:30,False,,True,True,734.85,41,1,33,669688619,train,True
669688563,734.68,31,11:00:31,False,,True,True,734.85,42,1,33,669688619,train,True
669688564,734.7,31,11:00:32,False,,True,True,734.85,43,1,33,669688619,train,True
669688565,734.71,31,11:00:33,False,,True,True,734.85,44,1,33,669688619,train,True
669688566,734.71,31,11:00:34,False,,True,True,734.85,45,1,33,669688619,train,True
669688567,734.69,31,11:00:35,False,,True,True,734.85,46,1,33,669688619,train,True
669688568,734.71,31,11:00:36,False,,True,True,734.85,47,1,33,669688619,train,True
669688569,734.66,31,11:00:37,False,,True,True,734.85,48,1,33,669688619,train,True
669688570,734.66,31,11:00:38,False,,True,True,734.85,49,1,33,669688619,train,True
669688571,734.71,31,11:00:39,False,,True,True,734.84,50,1,33,669688619,train,True
669688572,734.7,31,11:00:40,False,,True,True,734.84,51,1,33,669688619,train,True
669688573,734.72,31,11:00:41,False,,True,True,734.84,52,1,33,669688619,train,True
669688574,734.65,31,11:00:42,False,,True,True,734.84,53,1,33,669688619,train,True
669688575,734.65,31,11:00:43,False,,True,True,734.84,54,1,33,669688619,train,True
669688576,734.67,31,11:00:44,False,,True,True,734.84,55,1,33,669688619,train,True
669688577,734.67,31,11:00:45,False,,True,True,734.84,56,1,33,669688619,train,True
669688578,734.64,31,11:00:46,False,,True,True,734.84,57,1,33,669688619,train,True
669688579,734.71,31,11:00:47,False,,True,True,734.84,58,1,33,669688619,train,True
669688580,734.6,31,11:00:48,False,,True,True,734.84,59,1,33,669688619,train,True
669688581,734.6,31,11:00:49,False,,True,True,734.84,60,1,33,669688619,train,True
669688582,734.57,31,11:00:50,False,,True,True,734.84,60,1,33,669688619,train,True
669688583,734.55,31,11:00:51,False,,True,True,734.84,60,1,33,669688619,train,True
669688584,734.53,31,11:00:52,False,,True,True,734.84,60,1,33,669688619,train,True
669688585,734.47,31,11:00:53,False,,True,True,734.84,60,1,33,669688619,train,True
669688586,734.45,31,11:00:53,False,,True,True,734.83,60,1,33,669688619,train,True
669688587,734.43,31,11:00:54,False,,True,True,734.83,60,1,33,669688619,train,True
669688588,734.42,31,11:00:55,False,,True,True,734.83,60,1,33,669688619,train,True
669688589,734.38,31,11:00:56,False,,True,True,734.83,60,1,33,669688619,train,True
669688590,734.45,31,11:00:57,False,,True,True,734.83,60,1,33,669688619,train,True
669688591,734.31,31,11:00:58,False,,True,True,734.83,60,1,33,669688619,train,True
669689949,734.11,31,11:23:00,False,,True,False,734.26,1,1,34,669690018,train,True
669689950,734.17,31,11:23:01,False,,True,False,734.26,2,1,34,669690018,train,True
669689951,734.17,31,11:23:02,False,,True,False,734.26,3,1,34,669690018,train,True
669689952,734.17,31,11:23:03,False,,True,False,734.26,4,1,34,669690018,train,True
669689953,734.21,31,11:23:04,False,,True,False,734.26,5,1,34,669690018,train,True
669689954,734.16,31,11:23:05,False,,True,False,734.26,6,1,34,669690018,train,True
669689955,734.16,31,11:23:06,False,,True,False,734.26,7,1,34,669690018,train,True
669689956,734.18,31,11:23:07,False,,True,False,734.26,8,1,34,669690018,train,True
669689957,734.16,31,11:23:08,False,,True,False,734.26,9,1,34,669690018,train,True
669689958,734.18,31,11:23:09,False,,True,False,734.26,10,1,34,669690018,train,True
669689959,734.16,31,11:23:10,False,,True,False,734.26,11,1,34,669690018,train,True
669689960,734.18,31,11:23:11,False,,True,False,734.26,12,1,34,669690018,train,True
669689961,734.18,31,11:23:12,False,,True,False,734.26,13,1,34,669690018,train,True
669689962,734.2,31,11:23:13,False,,True,False,734.26,14,1,34,669690018,train,True
669689963,734.18,31,11:23:14,False,,True,False,734.26,15,1,34,669690018,train,True
669689964,734.11,31,11:23:15,False,,True,False,734.26,16,1,34,669690018,train,True
669689965,734.17,31,11:23:16,False,,True,False,734.25,17,1,34,669690018,train,True
669689966,734.17,31,11:23:17,False,,True,False,734.25,18,1,34,669690018,train,True
669689967,734.15,31,11:23:18,False,,True,False,734.25,19,1,34,669690018,train,True
669689968,734.15,31,11:23:19,False,,True,False,734.25,20,1,34,669690018,train,True
669689969,734.12,31,11:23:20,False,,True,False,734.25,21,1,34,669690018,train,True
669689970,734.12,31,11:23:21,False,,True,False,734.25,22,1,34,669690018,train,True
669689971,734.12,31,11:23:22,False,,True,False,734.25,23,1,34,669690018,train,True
669689972,734.14,31,11:23:23,False,,True,False,734.25,24,1,34,669690018,train,True
669689973,734.12,31,11:23:24,False,,True,False,734.25,25,1,34,669690018,train,True
669689974,734.16,31,11:23:25,False,,True,False,734.25,26,1,34,669690018,train,True
669689975,734.21,31,11:23:26,False,,True,False,734.25,27,1,34,669690018,train,True
669689976,734.12,31,11:23:27,False,,True,False,734.25,28,1,34,669690018,train,True
669689977,734.14,31,11:23:28,False,,True,False,734.25,29,1,34,669690018,train,True
669689978,734.16,31,11:23:29,False,,True,False,734.25,30,1,34,669690018,train,True
669689979,734.11,31,11:23:30,False,,True,False,734.25,31,1,34,669690018,train,True
669689980,734.15,31,11:23:31,False,,True,True,734.25,32,1,34,669690018,train,True
669689981,734.2,31,11:23:32,False,,True,True,734.25,33,1,34,669690018,train,True
669689982,734.15,31,11:23:32,False,,True,True,734.25,34,1,34,669690018,train,True
669689983,734.13,31,11:23:33,False,,True,True,734.25,35,1,34,669690018,train,True
669689984,734.19,31,11:23:34,False,,True,True,734.25,36,1,34,669690018,train,True
669689985,734.17,31,11:23:35,False,,True,True,734.24,37,1,34,669690018,train,True
669689986,734.17,31,11:23:36,False,,True,True,734.24,38,1,34,669690018,train,True
669689987,734.23,31,11:23:37,False,,True,True,734.24,39,1,34,669690018,train,True
669689988,734.17,31,11:23:38,False,,True,True,734.24,40,1,34,669690018,train,True
669689989,734.17,31,11:23:39,False,,True,True,734.24,41,1,34,669690018,train,True
669689990,734.21,31,11:23:40,False,,True,True,734.24,42,1,34,669690018,train,True
669689991,734.19,31,11:23:41,False,,True,True,734.24,43,1,34,669690018,train,True
669689992,734.23,31,11:23:42,False,,True,True,734.24,44,1,34,669690018,train,True
669689993,734.16,31,11:23:43,False,,True,True,734.24,45,1,34,669690018,train,True
669689994,734.16,31,11:23:44,False,,True,True,734.24,46,1,34,669690018,train,True
669689995,734.16,31,11:23:45,False,,True,True,734.24,47,1,34,669690018,train,True
669689996,734.13,31,11:23:46,False,,True,True,734.24,48,1,34,669690018,train,True
669689997,734.11,31,11:23:47,False,,True,True,734.24,49,1,34,669690018,train,True
669689998,734.11,31,11:23:48,False,,True,True,734.24,50,1,34,669690018,train,True
669689999,734.11,31,11:23:49,False,,True,True,734.24,51,1,34,669690018,train,True
669690000,734.11,31,11:23:50,False,,True,True,734.24,52,1,34,669690018,train,True
669690001,734.01,31,11:23:51,False,,True,True,734.24,53,1,34,669690018,train,True
669690002,734.02,31,11:23:52,False,,True,True,734.24,54,1,34,669690018,train,True
669690003,734.08,31,11:23:53,False,,True,True,734.24,55,1,34,669690018,train,True
669690004,733.99,31,11:23:54,False,,True,True,734.23,56,1,34,669690018,train,True
669690005,733.99,31,11:23:55,False,,True,True,734.23,57,1,34,669690018,train,True
669690006,733.97,31,11:23:56,False,,True,True,734.23,58,1,34,669690018,train,True
669690007,733.96,31,11:23:57,False,,True,True,734.23,59,1,34,669690018,train,True
669690008,733.96,31,11:23:58,False,,True,True,734.23,60,1,34,669690018,train,True
669690556,734.28,31,11:32:51,False,,True,False,734.26,1,1,35,669690620,train,True
669690557,734.23,31,11:32:52,False,,True,False,734.26,1,1,35,669690620,train,True
669690558,734.21,31,11:32:53,False,,True,False,734.26,2,1,35,669690620,train,True
669690559,734.28,31,11:32:54,False,,True,False,734.26,3,1,35,669690620,train,True
669690560,734.25,31,11:32:55,False,,True,False,734.26,4,1,35,669690620,train,True
669690561,734.32,31,11:32:56,False,,True,False,734.26,5,1,35,669690620,train,True
669690562,734.27,31,11:32:57,False,,True,False,734.26,6,1,35,669690620,train,True
669690563,734.3,31,11:32:58,False,,True,False,734.26,7,1,35,669690620,train,True
669690564,734.32,31,11:32:59,False,,True,False,734.26,8,1,35,669690620,train,True
669690565,734.27,31,11:33:00,False,,True,False,734.26,9,1,35,669690620,train,True
669690566,734.25,31,11:33:01,False,,True,False,734.26,10,1,35,669690620,train,True
669690567,734.32,31,11:33:02,False,,True,False,734.26,11,1,35,669690620,train,True
669690568,734.25,31,11:33:03,False,,True,False,734.26,12,1,35,669690620,train,True
669690569,734.29,31,11:33:04,False,,True,False,734.26,13,1,35,669690620,train,True
669690570,734.29,31,11:33:05,False,,True,False,734.26,14,1,35,669690620,train,True
669690571,734.29,31,11:33:06,False,,True,False,734.26,15,1,35,669690620,train,True
669690572,734.31,31,11:33:07,False,,True,False,734.27,16,1,35,669690620,train,True
669690573,734.31,31,11:33:08,False,,True,False,734.27,17,1,35,669690620,train,True
669690574,734.26,31,11:33:09,False,,True,False,734.27,18,1,35,669690620,train,True
669690575,734.31,31,11:33:10,False,,True,False,734.27,19,1,35,669690620,train,True
669690576,734.31,31,11:33:11,False,,True,False,734.27,20,1,35,669690620,train,True
669690577,734.28,31,11:33:12,False,,True,False,734.27,21,1,35,669690620,train,True
669690578,734.33,31,11:33:13,False,,True,False,734.27,22,1,35,669690620,train,True
669690579,734.28,31,11:33:14,False,,True,False,734.27,23,1,35,669690620,train,True
669690580,734.31,31,11:33:15,False,,True,False,734.27,24,1,35,669690620,train,True
669690581,734.3,31,11:33:16,False,,True,False,734.27,25,1,35,669690620,train,True
669690582,734.26,31,11:33:17,False,,True,False,734.27,26,1,35,669690620,train,True
669690583,734.3,31,11:33:18,False,,True,False,734.27,27,1,35,669690620,train,True
669690584,734.3,31,11:33:19,False,,True,False,734.27,28,1,35,669690620,train,True
669690585,734.32,31,11:33:20,False,,True,False,734.27,29,1,35,669690620,train,True
669690586,734.26,31,11:33:20,False,,True,False,734.27,30,1,35,669690620,train,True
669690587,734.3,31,11:33:21,False,,True,False,734.27,31,1,35,669690620,train,True
669690588,734.32,31,11:33:22,False,,True,False,734.27,32,1,35,669690620,train,True
669690589,734.3,31,11:33:23,False,,True,False,734.27,33,1,35,669690620,train,True
669690590,734.32,31,11:33:24,False,,True,False,734.27,34,1,35,669690620,train,True
669690591,734.36,31,11:33:25,False,,True,False,734.27,35,1,35,669690620,train,True
669690592,734.27,31,11:33:26,False,,True,False,734.27,36,1,35,669690620,train,True
669690593,734.32,31,11:33:27,False,,True,False,734.28,37,1,35,669690620,train,True
669690594,734.34,31,11:33:28,False,,True,False,734.28,38,1,35,669690620,train,True
669690595,734.29,31,11:33:29,False,,True,False,734.28,39,1,35,669690620,train,True
669690596,734.34,31,11:33:30,False,,True,False,734.28,40,1,35,669690620,train,True
669690597,734.33,31,11:33:31,False,,True,False,734.28,41,1,35,669690620,train,True
669690598,734.38,31,11:33:32,False,,True,False,734.28,42,1,35,669690620,train,True
669690599,734.36,31,11:33:33,False,,True,False,734.28,43,1,35,669690620,train,True
669690600,734.35,31,11:33:34,False,,True,False,734.28,44,1,35,669690620,train,True
669690601,734.33,31,11:33:35,False,,True,False,734.28,45,1,35,669690620,train,True
669690602,734.29,31,11:33:36,False,,True,False,734.28,46,1,35,669690620,train,True
669690603,734.4,31,11:33:37,False,,True,True,734.28,47,1,35,669690620,train,True
669690604,734.35,31,11:33:38,False,,True,True,734.28,48,1,35,669690620,train,True
669690605,734.28,31,11:33:39,False,,True,True,734.28,48,1,35,669690620,train,True
669690606,734.3,31,11:33:40,False,,True,True,734.28,49,1,35,669690620,train,True
669690607,734.32,31,11:33:41,False,,True,True,734.28,50,1,35,669690620,train,True
669690608,734.3,31,11:33:42,False,,True,True,734.28,51,1,35,669690620,train,True
669690609,734.28,31,11:33:43,False,,True,True,734.28,52,1,35,669690620,train,True
669690610,734.3,31,11:33:44,False,,True,True,734.28,53,1,35,669690620,train,True
669690611,734.32,31,11:33:45,False,,True,True,734.28,54,1,35,669690620,train,True
669690612,734.21,31,11:33:46,False,,True,True,734.28,55,1,35,669690620,train,True
669690613,734.21,31,11:33:47,False,,True,True,734.28,56,1,35,669690620,train,True
669690614,734.21,31,11:33:48,False,,True,True,734.28,57,1,35,669690620,train,True
669690615,734.16,31,11:33:49,False,,True,True,734.28,58,1,35,669690620,train,True
669703850,728.82,31,15:08:33,False,,False,False,729.07,25,0,36,669704197,train,True
669703851,728.84,31,15:08:34,False,,False,False,729.06,24,0,36,669704197,train,True
669703852,728.75,31,15:08:35,False,,False,False,729.06,24,0,36,669704197,train,True
669703853,728.82,31,15:08:36,False,,False,False,729.06,23,0,36,669704197,train,True
669703854,728.77,31,15:08:37,False,,False,False,729.06,22,0,36,669704197,train,True
669703855,728.74,31,15:08:38,False,,False,False,729.06,21,0,36,669704197,train,True
669703856,728.72,31,15:08:39,False,,False,False,729.06,20,0,36,669704197,train,True
669703857,728.75,31,15:08:40,False,,False,False,729.06,19,0,36,669704197,train,True
669703858,728.79,31,15:08:41,False,,False,False,729.06,18,0,36,669704197,train,True
669703859,728.79,31,15:08:42,False,,False,False,729.06,17,0,36,669704197,train,True
669703860,728.7,31,15:08:43,False,,False,False,729.05,16,0,36,669704197,train,True
669703861,728.68,31,15:08:44,False,,False,False,729.05,15,0,36,669704197,train,True
669703862,728.74,31,15:08:45,False,,False,False,729.05,14,0,36,669704197,train,True
669703863,728.74,31,15:08:46,False,,False,False,729.05,13,0,36,669704197,train,True
669703864,728.75,31,15:08:47,False,,False,False,729.05,12,0,36,669704197,train,True
669703865,728.72,31,15:08:48,False,,False,False,729.05,11,0,36,669704197,train,True
669703866,728.72,31,15:08:49,False,,False,False,729.05,10,0,36,669704197,train,True
669703867,728.76,31,15:08:50,False,,False,False,729.05,9,0,36,669704197,train,True
669703868,728.79,31,15:08:51,False,,False,False,729.04,8,0,36,669704197,train,True
669703869,728.77,31,15:08:51,False,,False,False,729.04,7,0,36,669704197,train,True
669703870,728.77,31,15:08:52,False,,False,False,729.04,6,0,36,669704197,train,True
669703871,728.7,31,15:08:53,False,,False,False,729.04,5,0,36,669704197,train,True
669703872,728.77,31,15:08:54,False,,False,False,729.04,4,0,36,669704197,train,True
669703873,728.79,31,15:08:55,False,,False,False,729.04,3,0,36,669704197,train,True
669703874,728.74,31,15:08:56,False,,False,False,729.04,3,0,36,669704197,train,True
669703875,728.74,31,15:08:57,False,,False,False,729.04,3,0,36,669704197,train,True
669703876,728.74,31,15:08:58,False,,False,False,729.04,2,0,36,669704197,train,True
669703877,728.77,31,15:08:59,False,,False,False,729.03,2,0,36,669704197,train,True
669703878,728.74,31,15:09:00,False,,False,False,729.03,2,0,36,669704197,train,True
669703879,728.74,31,15:09:01,False,,False,False,729.03,2,0,36,669704197,train,True
669703880,728.76,31,15:09:02,False,,False,False,729.03,2,0,36,669704197,train,True
669703881,728.81,31,15:09:03,False,,False,False,729.03,2,0,36,669704197,train,True
669703882,728.65,31,15:09:04,False,,False,False,729.03,2,0,36,669704197,train,True
669703883,728.74,31,15:09:05,False,,False,False,729.03,1,0,36,669704197,train,True
669704105,728.47,31,15:12:41,False,,True,True,728.77,1,1,36,669704197,train,True
669704106,728.46,31,15:12:42,False,,True,True,728.77,2,1,36,669704197,train,True
669704107,728.44,31,15:12:43,False,,True,True,728.77,3,1,36,669704197,train,True
669704108,728.49,31,15:12:44,False,,True,True,728.77,4,1,36,669704197,train,True
669704109,728.44,31,15:12:45,False,,True,True,728.77,5,1,36,669704197,train,True
669704110,728.47,31,15:12:46,False,,True,True,728.77,6,1,36,669704197,train,True
669704111,728.48,31,15:12:47,False,,True,True,728.77,7,1,36,669704197,train,True
669704112,728.44,31,15:12:48,False,,True,True,728.76,8,1,36,669704197,train,True
669704113,728.44,31,15:12:49,False,,True,True,728.76,9,1,36,669704197,train,True
669704114,728.48,31,15:12:50,False,,True,True,728.76,10,1,36,669704197,train,True
669704115,728.51,31,15:12:51,False,,True,True,728.76,11,1,36,669704197,train,True
669704116,728.44,31,15:12:52,False,,True,True,728.76,12,1,36,669704197,train,True
669704117,728.44,31,15:12:53,False,,True,True,728.76,13,1,36,669704197,train,True
669704118,728.44,31,15:12:54,False,,True,True,728.76,14,1,36,669704197,train,True
669704119,728.42,31,15:12:55,False,,True,True,728.76,15,1,36,669704197,train,True
669704120,728.41,31,15:12:56,False,,True,True,728.76,16,1,36,669704197,train,True
669704121,728.42,31,15:12:57,False,,True,True,728.75,17,1,36,669704197,train,True
669704122,728.41,31,15:12:58,False,,True,True,728.75,18,1,36,669704197,train,True
669704123,728.42,31,15:12:59,False,,True,True,728.75,19,1,36,669704197,train,True
669704124,728.39,31,15:13:00,False,,True,True,728.75,20,1,36,669704197,train,True
669704125,728.41,31,15:13:01,False,,True,True,728.75,21,1,36,669704197,train,True
669704126,728.39,31,15:13:02,False,,True,True,728.75,22,1,36,669704197,train,True
669704127,728.46,31,15:13:03,False,,True,True,728.75,23,1,36,669704197,train,True
669704128,728.39,31,15:13:04,False,,True,True,728.75,24,1,36,669704197,train,True
669704129,728.43,31,15:13:05,False,,True,True,728.74,25,1,36,669704197,train,True
669704130,728.37,31,15:13:06,False,,True,True,728.74,26,1,36,669704197,train,True
669703850,728.82,31,15:08:33,False,,False,False,729.07,25,0,37,669779409,train,True
669703851,728.84,31,15:08:34,False,,False,False,729.06,24,0,37,669779409,train,True
669703852,728.75,31,15:08:35,False,,False,False,729.06,24,0,37,669779409,train,True
669703853,728.82,31,15:08:36,False,,False,False,729.06,23,0,37,669779409,train,True
669703854,728.77,31,15:08:37,False,,False,False,729.06,22,0,37,669779409,train,True
669703855,728.74,31,15:08:38,False,,False,False,729.06,21,0,37,669779409,train,True
669703856,728.72,31,15:08:39,False,,False,False,729.06,20,0,37,669779409,train,True
669703857,728.75,31,15:08:40,False,,False,False,729.06,19,0,37,669779409,train,True
669703858,728.79,31,15:08:41,False,,False,False,729.06,18,0,37,669779409,train,True
669703859,728.79,31,15:08:42,False,,False,False,729.06,17,0,37,669779409,train,True
669703860,728.7,31,15:08:43,False,,False,False,729.05,16,0,37,669779409,train,True
669703861,728.68,31,15:08:44,False,,False,False,729.05,15,0,37,669779409,train,True
669703862,728.74,31,15:08:45,False,,False,False,729.05,14,0,37,669779409,train,True
669703863,728.74,31,15:08:46,False,,False,False,729.05,13,0,37,669779409,train,True
669703864,728.75,31,15:08:47,False,,False,False,729.05,12,0,37,669779409,train,True
669703865,728.72,31,15:08:48,False,,False,False,729.05,11,0,37,669779409,train,True
669703866,728.72,31,15:08:49,False,,False,False,729.05,10,0,37,669779409,train,True
669703867,728.76,31,15:08:50,False,,False,False,729.05,9,0,37,669779409,train,True
669703868,728.79,31,15:08:51,False,,False,False,729.04,8,0,37,669779409,train,True
669703869,728.77,31,15:08:51,False,,False,False,729.04,7,0,37,669779409,train,True
669703870,728.77,31,15:08:52,False,,False,False,729.04,6,0,37,669779409,train,True
669703871,728.7,31,15:08:53,False,,False,False,729.04,5,0,37,669779409,train,True
669703872,728.77,31,15:08:54,False,,False,False,729.04,4,0,37,669779409,train,True
669703873,728.79,31,15:08:55,False,,False,False,729.04,3,0,37,669779409,train,True
669703874,728.74,31,15:08:56,False,,False,False,729.04,3,0,37,669779409,train,True
669703875,728.74,31,15:08:57,False,,False,False,729.04,3,0,37,669779409,train,True
669703876,728.74,31,15:08:58,False,,False,False,729.04,2,0,37,669779409,train,True
669703877,728.77,31,15:08:59,False,,False,False,729.03,2,0,37,669779409,train,True
669703878,728.74,31,15:09:00,False,,False,False,729.03,2,0,37,669779409,train,True
669703879,728.74,31,15:09:01,False,,False,False,729.03,2,0,37,669779409,train,True
669703880,728.76,31,15:09:02,False,,False,False,729.03,2,0,37,669779409,train,True
669703881,728.81,31,15:09:03,False,,False,False,729.03,2,0,37,669779409,train,True
669703882,728.65,31,15:09:04,False,,False,False,729.03,2,0,37,669779409,train,True
669703883,728.74,31,15:09:05,False,,False,False,729.03,1,0,37,669779409,train,True
669704105,728.47,31,15:12:41,False,,True,True,728.77,1,1,37,669779409,train,True
669704106,728.46,31,15:12:42,False,,True,True,728.77,2,1,37,669779409,train,True
669704107,728.44,31,15:12:43,False,,True,True,728.77,3,1,37,669779409,train,True
669704108,728.49,31,15:12:44,False,,True,True,728.77,4,1,37,669779409,train,True
669704109,728.44,31,15:12:45,False,,True,True,728.77,5,1,37,669779409,train,True
669704110,728.47,31,15:12:46,False,,True,True,728.77,6,1,37,669779409,train,True
669704111,728.48,31,15:12:47,False,,True,True,728.77,7,1,37,669779409,train,True
669704112,728.44,31,15:12:48,False,,True,True,728.76,8,1,37,669779409,train,True
669704113,728.44,31,15:12:49,False,,True,True,728.76,9,1,37,669779409,train,True
669704114,728.48,31,15:12:50,False,,True,True,728.76,10,1,37,669779409,train,True
669704115,728.51,31,15:12:51,False,,True,True,728.76,11,1,37,669779409,train,True
669704116,728.44,31,15:12:52,False,,True,True,728.76,12,1,37,669779409,train,True
669704117,728.44,31,15:12:53,False,,True,True,728.76,13,1,37,669779409,train,True
669704118,728.44,31,15:12:54,False,,True,True,728.76,14,1,37,669779409,train,True
669704119,728.42,31,15:12:55,False,,True,True,728.76,15,1,37,669779409,train,True
669704120,728.41,31,15:12:56,False,,True,True,728.76,16,1,37,669779409,train,True
669704121,728.42,31,15:12:57,False,,True,True,728.75,17,1,37,669779409,train,True
669704122,728.41,31,15:12:58,False,,True,True,728.75,18,1,37,669779409,train,True
669704123,728.42,31,15:12:59,False,,True,True,728.75,19,1,37,669779409,train,True
669704124,728.39,31,15:13:00,False,,True,True,728.75,20,1,37,669779409,train,True
669704125,728.41,31,15:13:01,False,,True,True,728.75,21,1,37,669779409,train,True
669704126,728.39,31,15:13:02,False,,True,True,728.75,22,1,37,669779409,train,True
669704127,728.46,31,15:13:03,False,,True,True,728.75,23,1,37,669779409,train,True
669704128,728.39,31,15:13:04,False,,True,True,728.75,24,1,37,669779409,train,True
669704129,728.43,31,15:13:05,False,,True,True,728.74,25,1,37,669779409,train,True
669704130,728.37,31,15:13:06,False,,True,True,728.74,26,1,37,669779409,train,True
669780319,737.37,32,11:49:16,False,,False,False,737.3,1,0,38,669780445,train,True
669780374,737.39,32,11:50:09,False,,True,False,737.31,1,1,38,669780445,train,True
669780375,737.43,32,11:50:10,False,,True,False,737.31,2,1,38,669780445,train,True
669780376,737.41,32,11:50:11,False,,True,False,737.31,3,1,38,669780445,train,True
669780377,737.38,32,11:50:12,False,,True,False,737.31,4,1,38,669780445,train,True
669780378,737.4,32,11:50:13,False,,True,False,737.31,5,1,38,669780445,train,True
669780379,737.4,32,11:50:14,False,,True,False,737.31,6,1,38,669780445,train,True
669780380,737.35,32,11:50:15,False,,True,False,737.31,7,1,38,669780445,train,True
669780381,737.37,32,11:50:16,False,,True,False,737.31,8,1,38,669780445,train,True
669780382,737.39,32,11:50:17,False,,True,False,737.31,9,1,38,669780445,train,True
669780383,737.37,32,11:50:18,False,,True,False,737.31,10,1,38,669780445,train,True
669780384,737.41,32,11:50:19,False,,True,False,737.31,11,1,38,669780445,train,True
669780385,737.36,32,11:50:20,False,,True,False,737.31,12,1,38,669780445,train,True
669780386,737.36,32,11:50:21,False,,True,False,737.31,13,1,38,669780445,train,True
669780387,737.38,32,11:50:22,False,,True,False,737.31,14,1,38,669780445,train,True
669780388,737.33,32,11:50:23,False,,True,False,737.31,15,1,38,669780445,train,True
669780389,737.31,32,11:50:24,False,,True,False,737.31,16,1,38,669780445,train,True
669780390,737.42,32,11:50:25,False,,True,False,737.31,17,1,38,669780445,train,True
669780391,737.39,32,11:50:26,False,,True,False,737.31,18,1,38,669780445,train,True
669780392,737.41,32,11:50:27,False,,True,False,737.31,19,1,38,669780445,train,True
669780393,737.37,32,11:50:28,False,,True,False,737.31,20,1,38,669780445,train,True
669780394,737.34,32,11:50:29,False,,True,False,737.31,21,1,38,669780445,train,True
669780395,737.36,32,11:50:30,False,,True,False,737.31,22,1,38,669780445,train,True
669780396,737.39,32,11:50:31,False,,True,False,737.31,23,1,38,669780445,train,True
669780397,737.45,32,11:50:31,False,,True,True,737.31,24,1,38,669780445,train,True
669780398,737.4,32,11:50:32,False,,True,True,737.31,25,1,38,669780445,train,True
669780399,737.4,32,11:50:33,False,,True,True,737.31,26,1,38,669780445,train,True
669780400,737.4,32,11:50:34,False,,True,True,737.31,27,1,38,669780445,train,True
669780401,737.42,32,11:50:35,False,,True,True,737.31,28,1,38,669780445,train,True
669780402,737.43,32,11:50:36,False,,True,True,737.31,29,1,38,669780445,train,True
669780403,737.37,32,11:50:37,False,,True,True,737.31,30,1,38,669780445,train,True
669780404,737.35,32,11:50:38,False,,True,True,737.31,31,1,38,669780445,train,True
669780405,737.34,32,11:50:39,False,,True,True,737.32,32,1,38,669780445,train,True
669780406,737.36,32,11:50:40,False,,True,True,737.32,33,1,38,669780445,train,True
669780407,737.36,32,11:50:41,False,,True,True,737.32,34,1,38,669780445,train,True
669780408,737.38,32,11:50:42,False,,True,True,737.32,35,1,38,669780445,train,True
669780409,737.36,32,11:50:43,False,,True,True,737.32,36,1,38,669780445,train,True
669780410,737.35,32,11:50:44,False,,True,True,737.32,37,1,38,669780445,train,True
669780411,737.35,32,11:50:45,False,,True,True,737.32,38,1,38,669780445,train,True
669780412,737.32,32,11:50:46,False,,True,True,737.32,39,1,38,669780445,train,True
669780413,737.37,32,11:50:47,False,,True,True,737.32,40,1,38,669780445,train,True
669780414,737.37,32,11:50:48,False,,True,True,737.32,41,1,38,669780445,train,True
669780415,737.34,32,11:50:49,False,,True,True,737.32,42,1,38,669780445,train,True
669780416,737.41,32,11:50:50,False,,True,True,737.32,43,1,38,669780445,train,True
669780417,737.38,32,11:50:51,False,,True,True,737.32,44,1,38,669780445,train,True
669780418,737.38,32,11:50:52,False,,True,True,737.32,45,1,38,669780445,train,True
669780419,737.36,32,11:50:53,False,,True,True,737.32,46,1,38,669780445,train,True
669780420,737.35,32,11:50:54,False,,True,True,737.32,47,1,38,669780445,train,True
669780421,737.33,32,11:50:55,False,,True,True,737.32,48,1,38,669780445,train,True
669780422,737.35,32,11:50:56,False,,True,True,737.32,49,1,38,669780445,train,True
669780423,737.33,32,11:50:57,False,,True,True,737.32,50,1,38,669780445,train,True
669780424,737.28,32,11:50:58,False,,True,True,737.32,51,1,38,669780445,train,True
669780425,737.34,32,11:50:59,False,,True,True,737.32,52,1,38,669780445,train,True
669780426,737.32,32,11:51:00,False,,True,True,737.32,53,1,38,669780445,train,True
669780427,737.36,32,11:51:01,False,,True,True,737.32,54,1,38,669780445,train,True
669780428,737.29,32,11:51:02,False,,True,True,737.32,55,1,38,669780445,train,True
669780429,737.31,32,11:51:03,False,,True,True,737.32,56,1,38,669780445,train,True
669780430,737.24,32,11:51:04,False,,True,True,737.32,57,1,38,669780445,train,True
669780431,737.24,32,11:51:05,False,,True,True,737.32,58,1,38,669780445,train,True
669780432,737.17,32,11:51:06,False,,True,True,737.32,59,1,38,669780445,train,True
669787807,735.95,32,13:50:45,True,39.0,False,True,736.76,60,1,39,669787866,train,True
669787808,735.92,32,13:50:46,True,39.0,False,True,736.76,60,1,39,669787866,train,True
669787809,735.92,32,13:50:47,True,39.0,False,True,736.76,60,1,39,669787866,train,True
669787810,735.94,32,13:50:48,True,39.0,False,True,736.76,60,1,39,669787866,train,True
669787811,735.94,32,13:50:49,True,39.0,False,True,736.75,60,1,39,669787866,train,True
669787812,735.96,32,13:50:50,True,39.0,False,True,736.75,60,1,39,669787866,train,True
669787813,735.94,32,13:50:51,True,39.0,False,True,736.75,60,1,39,669787866,train,True
669787814,735.94,32,13:50:52,True,39.0,False,True,736.75,60,1,39,669787866,train,True
669787815,735.92,32,13:50:53,True,39.0,True,True,736.75,60,1,39,669787866,train,True
669787816,735.76,32,13:50:54,True,39.0,True,True,736.74,60,1,39,669787866,train,True
669787817,735.74,32,13:50:55,True,39.0,True,True,736.74,60,1,39,669787866,train,True
669787818,735.76,32,13:50:56,True,39.0,True,True,736.74,60,1,39,669787866,train,True
669787819,735.78,32,13:50:57,True,39.0,True,True,736.74,60,1,39,669787866,train,True
669787820,735.76,32,13:50:58,True,39.0,True,True,736.73,60,1,39,669787866,train,True
669787821,735.71,32,13:50:59,True,39.0,True,True,736.73,60,1,39,669787866,train,True
669787822,735.65,32,13:51:00,True,39.0,True,True,736.73,60,1,39,669787866,train,True
669787823,735.67,32,13:51:01,True,39.0,True,True,736.73,60,1,39,669787866,train,True
669787824,735.6,32,13:51:02,True,39.0,True,True,736.72,60,1,39,669787866,train,True
669787825,735.55,32,13:51:03,True,39.0,True,True,736.72,60,1,39,669787866,train,True
669787826,735.41,32,13:51:04,True,39.0,True,True,736.72,60,1,39,669787866,train,True
669787827,735.26,32,13:51:05,True,39.0,True,True,736.71,60,1,39,669787866,train,True
669787828,734.92,32,13:51:06,True,39.0,True,True,736.71,60,1,39,669787866,train,True
669787829,735.01,32,13:51:07,True,39.0,True,True,736.71,60,1,39,669787866,train,True
669787830,735.16,32,13:51:08,True,39.0,True,True,736.7,60,1,39,669787866,train,True
669787831,735.03,32,13:51:08,True,39.0,True,True,736.7,60,1,39,669787866,train,True
669787832,735.03,32,13:51:09,True,39.0,True,True,736.7,60,1,39,669787866,train,True
669787833,735.3,32,13:51:10,True,39.0,True,True,736.69,60,1,39,669787866,train,True
669787834,735.5,32,13:51:11,True,39.0,True,True,736.69,60,1,39,669787866,train,True
669787835,735.43,32,13:51:12,True,39.0,True,True,736.69,60,1,39,669787866,train,True
669787836,735.37,32,13:51:13,True,39.0,True,True,736.68,60,1,39,669787866,train,True
669787837,735.45,32,13:51:14,True,39.0,True,True,736.68,60,1,39,669787866,train,True
669787838,735.43,32,13:51:15,True,39.0,True,True,736.68,60,1,39,669787866,train,True
669787839,735.43,32,13:51:16,True,39.0,True,True,736.67,60,1,39,669787866,train,True
669787840,735.52,32,13:51:17,True,39.0,True,True,736.67,60,1,39,669787866,train,True
669787841,735.59,32,13:51:18,True,39.0,True,True,736.67,60,1,39,669787866,train,True
669787842,735.64,32,13:51:19,True,39.0,True,True,736.67,60,1,39,669787866,train,True
669787843,735.57,32,13:51:20,True,39.0,True,True,736.66,60,1,39,669787866,train,True
669787844,735.65,32,13:51:21,True,39.0,True,True,736.66,60,1,39,669787866,train,True
669787845,735.61,32,13:51:22,True,39.0,True,True,736.66,60,1,39,669787866,train,True
669787846,735.61,32,13:51:23,True,39.0,True,True,736.66,60,1,39,669787866,train,True
669787847,735.52,32,13:51:24,True,39.0,True,True,736.65,60,1,39,669787866,train,True
669787848,735.52,32,13:51:25,True,39.0,True,True,736.65,60,1,39,669787866,train,True
669787849,735.49,32,13:51:26,True,39.0,True,True,736.65,60,1,39,669787866,train,True
669787850,735.53,32,13:51:27,True,39.0,True,True,736.64,60,1,39,669787866,train,True
669787851,735.49,32,13:51:28,True,39.0,True,True,736.64,60,1,39,669787866,train,True
669787852,735.47,32,13:51:29,True,39.0,True,True,736.64,60,1,39,669787866,train,True
669787853,735.4,32,13:51:30,True,39.0,True,True,736.64,60,1,39,669787866,train,True
669787854,735.4,32,13:51:31,True,39.0,True,True,736.63,60,1,39,669787866,train,True
669787855,735.44,32,13:51:32,True,39.0,True,True,736.63,60,1,39,669787866,train,True
669787856,735.35,32,13:51:33,True,39.0,True,True,736.63,60,1,39,669787866,train,True
669787857,735.44,32,13:51:34,True,39.0,True,True,736.62,60,1,39,669787866,train,True
669787858,735.42,32,13:51:35,True,39.0,True,True,736.62,60,1,39,669787866,train,True
669787859,735.46,32,13:51:36,True,39.0,True,True,736.62,60,1,39,669787866,train,True
669787860,735.46,32,13:51:37,True,39.0,True,True,736.61,60,1,39,669787866,train,True
669787861,735.58,32,13:51:38,True,39.0,True,True,736.61,60,1,39,669787866,train,True
669787862,735.51,32,13:51:39,True,39.0,True,True,736.61,60,1,39,669787866,train,True
669787863,735.53,32,13:51:40,True,39.0,True,True,736.61,60,1,39,669787866,train,True
669787864,735.51,32,13:51:41,True,39.0,True,True,736.6,60,1,39,669787866,train,True
669787865,735.6,32,13:51:42,True,39.0,True,True,736.6,60,1,39,669787866,train,True
669787866,735.57,32,13:51:43,True,39.0,True,True,736.6,60,1,39,669787866,train,True
669787815,735.92,32,13:50:53,True,39.0,True,True,736.75,60,1,40,669787881,train,True
669787816,735.76,32,13:50:54,True,39.0,True,True,736.74,60,1,40,669787881,train,True
669787817,735.74,32,13:50:55,True,39.0,True,True,736.74,60,1,40,669787881,train,True
669787818,735.76,32,13:50:56,True,39.0,True,True,736.74,60,1,40,669787881,train,True
669787819,735.78,32,13:50:57,True,39.0,True,True,736.74,60,1,40,669787881,train,True
669787820,735.76,32,13:50:58,True,39.0,True,True,736.73,60,1,40,669787881,train,True
669787821,735.71,32,13:50:59,True,39.0,True,True,736.73,60,1,40,669787881,train,True
669787822,735.65,32,13:51:00,True,39.0,True,True,736.73,60,1,40,669787881,train,True
669787823,735.67,32,13:51:01,True,39.0,True,True,736.73,60,1,40,669787881,train,True
669787824,735.6,32,13:51:02,True,39.0,True,True,736.72,60,1,40,669787881,train,True
669787825,735.55,32,13:51:03,True,39.0,True,True,736.72,60,1,40,669787881,train,True
669787826,735.41,32,13:51:04,True,39.0,True,True,736.72,60,1,40,669787881,train,True
669787827,735.26,32,13:51:05,True,39.0,True,True,736.71,60,1,40,669787881,train,True
669787828,734.92,32,13:51:06,True,39.0,True,True,736.71,60,1,40,669787881,train,True
669787829,735.01,32,13:51:07,True,39.0,True,True,736.71,60,1,40,669787881,train,True
669787830,735.16,32,13:51:08,True,39.0,True,True,736.7,60,1,40,669787881,train,True
669787831,735.03,32,13:51:08,True,39.0,True,True,736.7,60,1,40,669787881,train,True
669787832,735.03,32,13:51:09,True,39.0,True,True,736.7,60,1,40,669787881,train,True
669787833,735.3,32,13:51:10,True,39.0,True,True,736.69,60,1,40,669787881,train,True
669787834,735.5,32,13:51:11,True,39.0,True,True,736.69,60,1,40,669787881,train,True
669787835,735.43,32,13:51:12,True,39.0,True,True,736.69,60,1,40,669787881,train,True
669787836,735.37,32,13:51:13,True,39.0,True,True,736.68,60,1,40,669787881,train,True
669787837,735.45,32,13:51:14,True,39.0,True,True,736.68,60,1,40,669787881,train,True
669787838,735.43,32,13:51:15,True,39.0,True,True,736.68,60,1,40,669787881,train,True
669787839,735.43,32,13:51:16,True,39.0,True,True,736.67,60,1,40,669787881,train,True
669787840,735.52,32,13:51:17,True,39.0,True,True,736.67,60,1,40,669787881,train,True
669787841,735.59,32,13:51:18,True,39.0,True,True,736.67,60,1,40,669787881,train,True
669787842,735.64,32,13:51:19,True,39.0,True,True,736.67,60,1,40,669787881,train,True
669787843,735.57,32,13:51:20,True,39.0,True,True,736.66,60,1,40,669787881,train,True
669787844,735.65,32,13:51:21,True,39.0,True,True,736.66,60,1,40,669787881,train,True
669787845,735.61,32,13:51:22,True,39.0,True,True,736.66,60,1,40,669787881,train,True
669787846,735.61,32,13:51:23,True,39.0,True,True,736.66,60,1,40,669787881,train,True
669787847,735.52,32,13:51:24,True,39.0,True,True,736.65,60,1,40,669787881,train,True
669787848,735.52,32,13:51:25,True,39.0,True,True,736.65,60,1,40,669787881,train,True
669787849,735.49,32,13:51:26,True,39.0,True,True,736.65,60,1,40,669787881,train,True
669787850,735.53,32,13:51:27,True,39.0,True,True,736.64,60,1,40,669787881,train,True
669787851,735.49,32,13:51:28,True,39.0,True,True,736.64,60,1,40,669787881,train,True
669787852,735.47,32,13:51:29,True,39.0,True,True,736.64,60,1,40,669787881,train,True
669787853,735.4,32,13:51:30,True,39.0,True,True,736.64,60,1,40,669787881,train,True
669787854,735.4,32,13:51:31,True,39.0,True,True,736.63,60,1,40,669787881,train,True
669787855,735.44,32,13:51:32,True,39.0,True,True,736.63,60,1,40,669787881,train,True
669787856,735.35,32,13:51:33,True,39.0,True,True,736.63,60,1,40,669787881,train,True
669787857,735.44,32,13:51:34,True,39.0,True,True,736.62,60,1,40,669787881,train,True
669787858,735.42,32,13:51:35,True,39.0,True,True,736.62,60,1,40,669787881,train,True
669787859,735.46,32,13:51:36,True,39.0,True,True,736.62,60,1,40,669787881,train,True
669787860,735.46,32,13:51:37,True,39.0,True,True,736.61,60,1,40,669787881,train,True
669787861,735.58,32,13:51:38,True,39.0,True,True,736.61,60,1,40,669787881,train,True
669787862,735.51,32,13:51:39,True,39.0,True,True,736.61,60,1,40,669787881,train,True
669787863,735.53,32,13:51:40,True,39.0,True,True,736.61,60,1,40,669787881,train,True
669787864,735.51,32,13:51:41,True,39.0,True,True,736.6,60,1,40,669787881,train,True
669787865,735.6,32,13:51:42,True,39.0,True,True,736.6,60,1,40,669787881,train,True
669787866,735.57,32,13:51:43,True,39.0,True,True,736.6,60,1,40,669787881,train,True
669787867,735.64,32,13:51:44,True,39.0,True,True,736.59,60,1,40,669787881,train,True
669787868,735.59,32,13:51:44,True,39.0,True,True,736.59,60,1,40,669787881,train,True
669787869,735.48,32,13:51:45,True,39.0,True,True,736.59,60,1,40,669787881,train,True
669787870,735.46,32,13:51:46,True,39.0,True,True,736.59,60,1,40,669787881,train,True
669787871,735.5,32,13:51:47,True,39.0,True,True,736.58,60,1,40,669787881,train,True
669787872,735.45,32,13:51:48,True,39.0,True,True,736.58,60,1,40,669787881,train,True
669787873,735.43,32,13:51:49,True,39.0,True,True,736.58,60,1,40,669787881,train,True
669787874,735.46,32,13:51:50,True,39.0,True,True,736.57,60,1,40,669787881,train,True
669870331,738.13,33,12:09:42,False,,True,False,738.18,30,1,41,669870405,train,True
669870332,738.12,33,12:09:43,False,,True,False,738.18,31,1,41,669870405,train,True
669870333,738.08,33,12:09:44,False,,True,False,738.18,32,1,41,669870405,train,True
669870334,738.12,33,12:09:45,False,,True,False,738.18,33,1,41,669870405,train,True
669870335,738.14,33,12:09:46,False,,True,False,738.18,34,1,41,669870405,train,True
669870336,738.14,33,12:09:47,False,,True,False,738.18,35,1,41,669870405,train,True
669870337,738.08,33,12:09:48,False,,True,False,738.18,36,1,41,669870405,train,True
669870338,738.07,33,12:09:49,False,,True,False,738.18,37,1,41,669870405,train,True
669870339,738.05,33,12:09:50,False,,True,False,738.18,38,1,41,669870405,train,True
669870340,738.07,33,12:09:51,False,,True,False,738.18,39,1,41,669870405,train,True
669870341,738.02,33,12:09:52,False,,True,False,738.18,40,1,41,669870405,train,True
669870342,738.13,33,12:09:53,False,,True,False,738.18,41,1,41,669870405,train,True
669870343,738.09,33,12:09:54,False,,True,False,738.18,42,1,41,669870405,train,True
669870344,738.09,33,12:09:55,False,,True,False,738.18,43,1,41,669870405,train,True
669870345,738.09,33,12:09:56,False,,True,False,738.18,44,1,41,669870405,train,True
669870346,738.09,33,12:09:57,False,,True,False,738.18,45,1,41,669870405,train,True
669870347,738.11,33,12:09:58,False,,True,True,738.18,46,1,41,669870405,train,True
669870348,738.09,33,12:09:59,False,,True,True,738.18,47,1,41,669870405,train,True
669870349,738.11,33,12:10:00,False,,True,True,738.18,48,1,41,669870405,train,True
669870350,738.06,33,12:10:01,False,,True,True,738.18,49,1,41,669870405,train,True
669870351,738.02,33,12:10:02,False,,True,True,738.18,50,1,41,669870405,train,True
669870352,738.08,33,12:10:03,False,,True,True,738.17,51,1,41,669870405,train,True
669870353,738.02,33,12:10:04,False,,True,True,738.17,52,1,41,669870405,train,True
669870354,738.08,33,12:10:05,False,,True,True,738.17,53,1,41,669870405,train,True
669870355,738.01,33,12:10:06,False,,True,True,738.17,54,1,41,669870405,train,True
669870356,738.03,33,12:10:07,False,,True,True,738.17,55,1,41,669870405,train,True
669870357,738.01,33,12:10:08,False,,True,True,738.17,56,1,41,669870405,train,True
669870358,738.03,33,12:10:09,False,,True,True,738.17,57,1,41,669870405,train,True
669870359,738.07,33,12:10:09,False,,True,True,738.17,58,1,41,669870405,train,True
669870360,738.07,33,12:10:10,False,,True,True,738.17,59,1,41,669870405,train,True
669870361,737.96,33,12:10:11,False,,True,True,738.17,60,1,41,669870405,train,True
669870362,738.01,33,12:10:12,False,,True,True,738.17,60,1,41,669870405,train,True
669870363,737.96,33,12:10:13,False,,True,True,738.17,60,1,41,669870405,train,True
669870364,738.05,33,12:10:14,False,,True,True,738.17,60,1,41,669870405,train,True
669870365,738.05,33,12:10:15,False,,True,True,738.17,60,1,41,669870405,train,True
669870366,738.02,33,12:10:16,False,,True,True,738.17,60,1,41,669870405,train,True
669870367,737.98,33,12:10:17,False,,True,True,738.17,60,1,41,669870405,train,True
669870368,737.98,33,12:10:18,False,,True,True,738.17,60,1,41,669870405,train,True
669870369,738.0,33,12:10:19,False,,True,True,738.17,60,1,41,669870405,train,True
669870370,737.95,33,12:10:20,False,,True,True,738.17,60,1,41,669870405,train,True
669870371,737.98,33,12:10:21,False,,True,True,738.17,60,1,41,669870405,train,True
669870372,738.0,33,12:10:22,False,,True,True,738.17,60,1,41,669870405,train,True
669870373,737.91,33,12:10:23,False,,True,True,738.16,60,1,41,669870405,train,True
669870374,737.91,33,12:10:24,False,,True,True,738.16,60,1,41,669870405,train,True
669870375,737.95,33,12:10:25,False,,True,True,738.16,60,1,41,669870405,train,True
669870376,737.95,33,12:10:26,False,,True,True,738.16,60,1,41,669870405,train,True
669870377,737.95,33,12:10:27,False,,True,True,738.16,60,1,41,669870405,train,True
669870378,737.94,33,12:10:28,False,,True,True,738.16,60,1,41,669870405,train,True
669870379,737.92,33,12:10:29,False,,True,True,738.16,60,1,41,669870405,train,True
669870380,737.88,33,12:10:30,False,,True,True,738.16,60,1,41,669870405,train,True
669870381,737.9,33,12:10:31,False,,True,True,738.16,60,1,41,669870405,train,True
669870382,737.87,33,12:10:32,False,,True,True,738.16,60,1,41,669870405,train,True
669870383,737.85,33,12:10:33,False,,True,True,738.16,60,1,41,669870405,train,True
669870384,737.83,33,12:10:34,False,,True,True,738.16,60,1,41,669870405,train,True
669870385,737.83,33,12:10:35,False,,True,True,738.16,60,1,41,669870405,train,True
669870386,737.71,33,12:10:36,False,,True,True,738.15,60,1,41,669870405,train,True
669870387,737.69,33,12:10:37,False,,True,True,738.15,60,1,41,669870405,train,True
669870388,737.69,33,12:10:38,False,,True,True,738.15,60,1,41,669870405,train,True
669870389,737.62,33,12:10:39,False,,True,True,738.15,60,1,41,669870405,train,True
669870390,737.57,33,12:10:40,False,,True,True,738.15,60,1,41,669870405,train,True
669873433,738.83,33,13:00:02,False,,False,False,738.85,1,0,42,669873580,train,True
669873519,738.73,33,13:01:26,False,,True,False,738.84,1,1,42,669873580,train,True
669873520,738.77,33,13:01:27,False,,True,False,738.84,2,1,42,669873580,train,True
669873521,738.82,33,13:01:28,False,,True,False,738.84,3,1,42,669873580,train,True
669873522,738.82,33,13:01:29,False,,True,False,738.84,4,1,42,669873580,train,True
669873523,738.77,33,13:01:30,False,,True,False,738.84,5,1,42,669873580,train,True
669873524,738.84,33,13:01:31,False,,True,False,738.84,6,1,42,669873580,train,True
669873525,738.84,33,13:01:32,False,,True,False,738.84,7,1,42,669873580,train,True
669873526,738.77,33,13:01:33,False,,True,False,738.84,8,1,42,669873580,train,True
669873527,738.77,33,13:01:34,False,,True,False,738.84,9,1,42,669873580,train,True
669873528,738.79,33,13:01:35,False,,True,False,738.84,10,1,42,669873580,train,True
669873529,738.79,33,13:01:35,False,,True,False,738.84,11,1,42,669873580,train,True
669873530,738.81,33,13:01:36,False,,True,False,738.84,12,1,42,669873580,train,True
669873531,738.79,33,13:01:37,False,,True,False,738.84,13,1,42,669873580,train,True
669873532,738.75,33,13:01:38,False,,True,False,738.84,14,1,42,669873580,train,True
669873533,738.83,33,13:01:39,False,,True,False,738.84,15,1,42,669873580,train,True
669873534,738.79,33,13:01:40,False,,True,False,738.84,16,1,42,669873580,train,True
669873535,738.79,33,13:01:41,False,,True,False,738.84,17,1,42,669873580,train,True
669873536,738.81,33,13:01:42,False,,True,False,738.84,18,1,42,669873580,train,True
669873537,738.79,33,13:01:43,False,,True,False,738.84,19,1,42,669873580,train,True
669873538,738.79,33,13:01:44,False,,True,False,738.84,20,1,42,669873580,train,True
669873539,738.87,33,13:01:45,False,,True,False,738.84,21,1,42,669873580,train,True
669873540,738.79,33,13:01:46,False,,True,False,738.83,22,1,42,669873580,train,True
669873541,738.81,33,13:01:47,False,,True,False,738.83,23,1,42,669873580,train,True
669873542,738.79,33,13:01:48,False,,True,False,738.83,24,1,42,669873580,train,True
669873543,738.79,33,13:01:49,False,,True,False,738.83,25,1,42,669873580,train,True
669873544,738.76,33,13:01:50,False,,True,False,738.83,26,1,42,669873580,train,True
669873545,738.81,33,13:01:51,False,,True,False,738.83,27,1,42,669873580,train,True
669873546,738.78,33,13:01:52,False,,True,False,738.83,28,1,42,669873580,train,True
669873547,738.76,33,13:01:53,False,,True,False,738.83,29,1,42,669873580,train,True
669873548,738.74,33,13:01:54,False,,True,False,738.83,30,1,42,669873580,train,True
669873549,738.8,33,13:01:55,False,,True,False,738.83,31,1,42,669873580,train,True
669873550,738.78,33,13:01:56,False,,True,False,738.83,32,1,42,669873580,train,True
669873551,738.76,33,13:01:57,False,,True,False,738.83,33,1,42,669873580,train,True
669873552,738.8,33,13:01:58,False,,True,False,738.83,34,1,42,669873580,train,True
669873553,738.76,33,13:01:59,False,,True,False,738.83,35,1,42,669873580,train,True
669873554,738.73,33,13:02:00,False,,True,False,738.83,36,1,42,669873580,train,True
669873555,738.71,33,13:02:01,False,,True,False,738.83,37,1,42,669873580,train,True
669873556,738.73,33,13:02:02,False,,True,False,738.83,38,1,42,669873580,train,True
669873557,738.71,33,13:02:03,False,,True,False,738.83,39,1,42,669873580,train,True
669873558,738.82,33,13:02:04,False,,True,False,738.83,40,1,42,669873580,train,True
669873559,738.73,33,13:02:05,False,,True,False,738.83,41,1,42,669873580,train,True
669873560,738.73,33,13:02:06,False,,True,False,738.83,42,1,42,669873580,train,True
669873561,738.69,33,13:02:07,False,,True,False,738.83,43,1,42,669873580,train,True
669873562,738.73,33,13:02:08,False,,True,False,738.83,44,1,42,669873580,train,True
669873563,738.73,33,13:02:09,False,,True,False,738.83,45,1,42,669873580,train,True
669873564,738.76,33,13:02:10,False,,True,False,738.83,46,1,42,669873580,train,True
669873565,738.73,33,13:02:11,False,,True,False,738.83,47,1,42,669873580,train,True
669873566,738.82,33,13:02:12,False,,True,False,738.83,48,1,42,669873580,train,True
669873567,738.8,33,13:02:12,False,,True,False,738.83,49,1,42,669873580,train,True
669873568,738.73,33,13:02:13,False,,True,False,738.83,50,1,42,669873580,train,True
669873569,738.8,33,13:02:14,False,,True,False,738.82,51,1,42,669873580,train,True
669873570,738.79,33,13:02:15,False,,True,False,738.82,52,1,42,669873580,train,True
669873571,738.75,33,13:02:16,False,,True,False,738.82,53,1,42,669873580,train,True
669873572,738.82,33,13:02:17,False,,True,True,738.82,54,1,42,669873580,train,True
669873573,738.81,33,13:02:18,False,,True,True,738.82,55,1,42,669873580,train,True
669873574,738.79,33,13:02:19,False,,True,True,738.82,56,1,42,669873580,train,True
669873575,738.75,33,13:02:20,False,,True,True,738.82,57,1,42,669873580,train,True
669873576,738.61,33,13:02:21,False,,True,True,738.82,58,1,42,669873580,train,True
669873577,738.61,33,13:02:22,False,,True,True,738.82,59,1,42,669873580,train,True
669881970,731.64,33,15:18:33,False,,True,False,731.9,18,1,43,669882031,train,True
669881971,731.65,33,15:18:34,False,,True,False,731.9,18,1,43,669882031,train,True
669881972,731.57,33,15:18:35,False,,True,False,731.9,19,1,43,669882031,train,True
669881973,731.59,33,15:18:36,False,,True,False,731.9,19,1,43,669882031,train,True
669881974,731.66,33,15:18:37,False,,True,False,731.9,19,1,43,669882031,train,True
669881975,731.63,33,15:18:38,False,,True,False,731.9,19,1,43,669882031,train,True
669881976,731.63,33,15:18:39,False,,True,False,731.89,19,1,43,669882031,train,True
669881977,731.61,33,15:18:40,False,,True,False,731.89,19,1,43,669882031,train,True
669881978,731.59,33,15:18:41,False,,True,False,731.89,19,1,43,669882031,train,True
669881979,731.7,33,15:18:42,False,,True,False,731.89,19,1,43,669882031,train,True
669881980,731.65,33,15:18:43,False,,True,False,731.89,19,1,43,669882031,train,True
669881981,731.65,33,15:18:44,False,,True,False,731.89,19,1,43,669882031,train,True
669881982,731.63,33,15:18:44,False,,True,False,731.89,19,1,43,669882031,train,True
669881983,731.61,33,15:18:45,False,,True,False,731.89,20,1,43,669882031,train,True
669881984,731.65,33,15:18:46,False,,True,False,731.89,20,1,43,669882031,train,True
669881985,731.63,33,15:18:47,False,,True,False,731.89,21,1,43,669882031,train,True
669881986,731.62,33,15:18:48,False,,True,False,731.89,22,1,43,669882031,train,True
669881987,731.6,33,15:18:49,False,,True,False,731.89,23,1,43,669882031,train,True
669881988,731.6,33,15:18:50,False,,True,False,731.89,24,1,43,669882031,train,True
669881989,731.67,33,15:18:51,False,,True,False,731.89,25,1,43,669882031,train,True
669881990,731.62,33,15:18:52,False,,True,False,731.89,26,1,43,669882031,train,True
669881991,731.73,33,15:18:53,False,,True,False,731.89,27,1,43,669882031,train,True
669881992,731.69,33,15:18:54,False,,True,False,731.88,28,1,43,669882031,train,True
669881993,731.6,33,15:18:55,False,,True,False,731.88,29,1,43,669882031,train,True
669881994,731.6,33,15:18:56,False,,True,False,731.88,30,1,43,669882031,train,True
669881995,731.62,33,15:18:57,False,,True,False,731.88,31,1,43,669882031,train,True
669881996,731.57,33,15:18:58,False,,True,False,731.88,32,1,43,669882031,train,True
669881997,731.6,33,15:18:59,False,,True,False,731.88,33,1,43,669882031,train,True
669881998,731.62,33,15:19:00,False,,True,False,731.88,34,1,43,669882031,train,True
669881999,731.62,33,15:19:01,False,,True,False,731.88,35,1,43,669882031,train,True
669882000,731.66,33,15:19:02,False,,True,False,731.88,36,1,43,669882031,train,True
669882001,731.64,33,15:19:03,False,,True,False,731.88,37,1,43,669882031,train,True
669882002,731.6,33,15:19:04,False,,True,False,731.88,38,1,43,669882031,train,True
669882003,731.68,33,15:19:05,False,,True,False,731.88,39,1,43,669882031,train,True
669882004,731.68,33,15:19:06,False,,True,False,731.88,40,1,43,669882031,train,True
669882005,731.7,33,15:19:07,False,,True,False,731.88,41,1,43,669882031,train,True
669882006,731.66,33,15:19:08,False,,True,False,731.88,42,1,43,669882031,train,True
669882007,731.68,33,15:19:09,False,,True,False,731.88,43,1,43,669882031,train,True
669882008,731.66,33,15:19:10,False,,True,False,731.88,44,1,43,669882031,train,True
669882009,731.72,33,15:19:11,False,,True,False,731.87,45,1,43,669882031,train,True
669882010,731.7,33,15:19:12,False,,True,False,731.87,46,1,43,669882031,train,True
669882011,731.72,33,15:19:13,False,,True,False,731.87,47,1,43,669882031,train,True
669882012,731.72,33,15:19:14,False,,True,False,731.87,48,1,43,669882031,train,True
669882013,731.74,33,15:19:15,False,,True,False,731.87,49,1,43,669882031,train,True
669882014,731.72,33,15:19:16,False,,True,False,731.87,50,1,43,669882031,train,True
669882015,731.72,33,15:19:17,False,,True,False,731.87,51,1,43,669882031,train,True
669882016,731.72,33,15:19:18,False,,True,False,731.87,52,1,43,669882031,train,True
669882017,731.76,33,15:19:19,False,,True,False,731.87,53,1,43,669882031,train,True
669882018,731.7,33,15:19:20,False,,True,False,731.87,53,1,43,669882031,train,True
669882019,731.72,33,15:19:21,False,,True,False,731.87,53,1,43,669882031,train,True
669882020,731.69,33,15:19:21,False,,True,False,731.87,54,1,43,669882031,train,True
669882021,731.67,33,15:19:22,False,,True,False,731.87,54,1,43,669882031,train,True
669882022,731.67,33,15:19:23,False,,True,False,731.87,55,1,43,669882031,train,True
669882023,731.72,33,15:19:24,False,,True,False,731.87,56,1,43,669882031,train,True
669882024,731.6,33,15:19:25,False,,True,False,731.87,57,1,43,669882031,train,True
669882025,731.64,33,15:19:26,False,,True,True,731.87,57,1,43,669882031,train,True
669882026,731.53,33,15:19:27,False,,True,True,731.87,58,1,43,669882031,train,True
669882027,731.48,33,15:19:28,False,,True,True,731.86,59,1,43,669882031,train,True
669882028,731.39,33,15:19:29,False,,True,True,731.86,60,1,43,669882031,train,True
669882029,730.94,33,15:19:30,False,,True,True,731.86,60,1,43,669882031,train,True
669886800,730.61,33,16:36:55,False,,True,False,730.67,10,1,44,669886865,train,True
669886801,730.63,33,16:36:56,False,,True,False,730.67,11,1,44,669886865,train,True
669886802,730.57,33,16:36:57,False,,True,False,730.67,12,1,44,669886865,train,True
669886803,730.61,33,16:36:58,False,,True,False,730.67,13,1,44,669886865,train,True
669886804,730.64,33,16:36:59,False,,True,False,730.67,14,1,44,669886865,train,True
669886805,730.57,33,16:37:00,False,,True,False,730.67,15,1,44,669886865,train,True
669886806,730.61,33,16:37:01,False,,True,False,730.67,16,1,44,669886865,train,True
669886807,730.61,33,16:37:02,False,,True,False,730.67,17,1,44,669886865,train,True
669886808,730.52,33,16:37:03,False,,True,False,730.67,18,1,44,669886865,train,True
669886809,730.61,33,16:37:04,False,,True,False,730.67,19,1,44,669886865,train,True
669886810,730.62,33,16:37:05,False,,True,False,730.67,19,1,44,669886865,train,True
669886811,730.64,33,16:37:06,False,,True,False,730.67,20,1,44,669886865,train,True
669886812,730.63,33,16:37:06,False,,True,False,730.67,21,1,44,669886865,train,True
669886813,730.64,33,16:37:07,False,,True,False,730.67,22,1,44,669886865,train,True
669886814,730.66,33,16:37:08,False,,True,False,730.67,23,1,44,669886865,train,True
669886815,730.63,33,16:37:09,False,,True,False,730.67,24,1,44,669886865,train,True
669886816,730.62,33,16:37:10,False,,True,False,730.67,25,1,44,669886865,train,True
669886817,730.61,33,16:37:11,False,,True,False,730.67,26,1,44,669886865,train,True
669886818,730.59,33,16:37:12,False,,True,False,730.67,27,1,44,669886865,train,True
669886819,730.61,33,16:37:13,False,,True,False,730.67,28,1,44,669886865,train,True
669886820,730.57,33,16:37:14,False,,True,False,730.67,29,1,44,669886865,train,True
669886821,730.59,33,16:37:15,False,,True,False,730.67,30,1,44,669886865,train,True
669886822,730.63,33,16:37:16,False,,True,False,730.67,31,1,44,669886865,train,True
669886823,730.55,33,16:37:17,False,,True,False,730.66,32,1,44,669886865,train,True
669886824,730.55,33,16:37:18,False,,True,False,730.66,33,1,44,669886865,train,True
669886825,730.52,33,16:37:19,False,,True,False,730.66,34,1,44,669886865,train,True
669886826,730.57,33,16:37:20,False,,True,False,730.66,35,1,44,669886865,train,True
669886827,730.57,33,16:37:21,False,,True,False,730.66,36,1,44,669886865,train,True
669886828,730.5,33,16:37:22,False,,True,False,730.66,37,1,44,669886865,train,True
669886829,730.55,33,16:37:23,False,,True,False,730.66,38,1,44,669886865,train,True
669886830,730.59,33,16:37:24,False,,True,False,730.66,38,1,44,669886865,train,True
669886831,730.55,33,16:37:25,False,,True,False,730.66,39,1,44,669886865,train,True
669886832,730.55,33,16:37:26,False,,True,False,730.66,40,1,44,669886865,train,True
669886833,730.59,33,16:37:27,False,,True,False,730.66,41,1,44,669886865,train,True
669886834,730.59,33,16:37:28,False,,True,False,730.66,42,1,44,669886865,train,True
669886835,730.55,33,16:37:29,False,,True,False,730.66,43,1,44,669886865,train,True
669886836,730.54,33,16:37:30,False,,True,False,730.66,44,1,44,669886865,train,True
669886837,730.55,33,16:37:31,False,,True,False,730.66,45,1,44,669886865,train,True
669886838,730.48,33,16:37:32,False,,True,False,730.65,46,1,44,669886865,train,True
669886839,730.5,33,16:37:33,False,,True,False,730.65,47,1,44,669886865,train,True
669886840,730.52,33,16:37:34,False,,True,False,730.65,48,1,44,669886865,train,True
669886841,730.44,33,16:37:35,False,,True,False,730.65,49,1,44,669886865,train,True
669886842,730.46,33,16:37:36,False,,True,False,730.65,50,1,44,669886865,train,True
669886843,730.48,33,16:37:37,False,,True,True,730.65,51,1,44,669886865,train,True
669886844,730.48,33,16:37:38,False,,True,True,730.65,52,1,44,669886865,train,True
669886845,730.48,33,16:37:39,False,,True,True,730.65,53,1,44,669886865,train,True
669886846,730.53,33,16:37:40,False,,True,True,730.65,54,1,44,669886865,train,True
669886847,730.52,33,16:37:41,False,,True,True,730.65,55,1,44,669886865,train,True
669886848,730.54,33,16:37:42,False,,True,True,730.65,56,1,44,669886865,train,True
669886849,730.5,33,16:37:43,False,,True,True,730.64,57,1,44,669886865,train,True
669886850,730.44,33,16:37:43,False,,True,True,730.64,58,1,44,669886865,train,True
669886851,730.5,33,16:37:44,False,,True,True,730.64,59,1,44,669886865,train,True
669886852,730.5,33,16:37:45,False,,True,True,730.64,59,1,44,669886865,train,True
669886853,730.46,33,16:37:46,False,,True,True,730.64,60,1,44,669886865,train,True
669886854,730.46,33,16:37:47,False,,True,True,730.64,60,1,44,669886865,train,True
669886855,730.44,33,16:37:48,False,,True,True,730.64,60,1,44,669886865,train,True
669886856,730.46,33,16:37:49,False,,True,True,730.64,60,1,44,669886865,train,True
669886857,730.37,33,16:37:50,False,,True,True,730.64,60,1,44,669886865,train,True
669886858,730.41,33,16:37:51,False,,True,True,730.64,60,1,44,669886865,train,True
669886859,730.35,33,16:37:52,False,,True,True,730.63,60,1,44,669886865,train,True
669957996,737.39,34,11:52:04,False,,True,True,737.34,1,1,45,669958088,train,True
669957997,737.39,34,11:52:05,False,,True,True,737.34,1,1,45,669958088,train,True
669957998,737.37,34,11:52:06,False,,True,True,737.34,2,1,45,669958088,train,True
669957999,737.39,34,11:52:07,False,,True,True,737.34,3,1,45,669958088,train,True
669958000,737.34,34,11:52:08,False,,True,True,737.34,4,1,45,669958088,train,True
669958001,737.38,34,11:52:09,False,,True,True,737.34,5,1,45,669958088,train,True
669958002,737.39,34,11:52:10,False,,True,True,737.34,6,1,45,669958088,train,True
669958003,737.4,34,11:52:11,False,,True,True,737.34,7,1,45,669958088,train,True
669958004,737.4,34,11:52:12,False,,True,True,737.34,8,1,45,669958088,train,True
669958005,737.42,34,11:52:13,False,,True,True,737.34,9,1,45,669958088,train,True
669958006,737.38,34,11:52:14,False,,True,True,737.34,10,1,45,669958088,train,True
669958007,737.42,34,11:52:15,False,,True,True,737.34,11,1,45,669958088,train,True
669958008,737.4,34,11:52:16,False,,True,True,737.34,12,1,45,669958088,train,True
669958009,737.39,34,11:52:17,False,,True,True,737.34,13,1,45,669958088,train,True
669958010,737.41,34,11:52:18,False,,True,True,737.34,14,1,45,669958088,train,True
669958011,737.39,34,11:52:19,False,,True,True,737.34,15,1,45,669958088,train,True
669958012,737.41,34,11:52:20,False,,True,True,737.34,16,1,45,669958088,train,True
669958013,737.38,34,11:52:21,False,,True,True,737.34,17,1,45,669958088,train,True
669958014,737.35,34,11:52:22,False,,True,True,737.34,18,1,45,669958088,train,True
669958015,737.4,34,11:52:23,False,,True,True,737.34,19,1,45,669958088,train,True
669958016,737.38,34,11:52:24,False,,True,True,737.34,20,1,45,669958088,train,True
669958017,737.36,34,11:52:25,False,,True,True,737.34,21,1,45,669958088,train,True
669958018,737.42,34,11:52:26,False,,True,True,737.34,22,1,45,669958088,train,True
669958019,737.41,34,11:52:27,False,,True,True,737.34,23,1,45,669958088,train,True
669958020,737.37,34,11:52:28,False,,True,True,737.34,24,1,45,669958088,train,True
669958021,737.37,34,11:52:28,False,,True,True,737.34,25,1,45,669958088,train,True
669958022,737.35,34,11:52:29,False,,True,True,737.34,26,1,45,669958088,train,True
669958023,737.32,34,11:52:30,False,,True,True,737.34,27,1,45,669958088,train,True
669958024,737.32,34,11:52:31,False,,True,True,737.34,28,1,45,669958088,train,True
669958025,737.34,34,11:52:32,False,,True,True,737.34,29,1,45,669958088,train,True
669958026,737.38,34,11:52:33,False,,True,True,737.34,30,1,45,669958088,train,True
669958027,737.33,34,11:52:34,False,,True,True,737.34,31,1,45,669958088,train,True
669958028,737.38,34,11:52:35,False,,True,True,737.34,32,1,45,669958088,train,True
669958029,737.28,34,11:52:36,False,,True,True,737.34,33,1,45,669958088,train,True
669958030,737.37,34,11:52:37,False,,True,True,737.34,34,1,45,669958088,train,True
669958031,737.32,34,11:52:38,False,,True,True,737.34,35,1,45,669958088,train,True
669958032,737.37,34,11:52:39,False,,True,True,737.34,36,1,45,669958088,train,True
669958033,737.32,34,11:52:40,False,,True,True,737.34,37,1,45,669958088,train,True
669958034,737.34,34,11:52:41,False,,True,True,737.34,38,1,45,669958088,train,True
669958035,737.32,34,11:52:42,False,,True,True,737.35,39,1,45,669958088,train,True
669958036,737.36,34,11:52:43,False,,True,True,737.35,40,1,45,669958088,train,True
669958037,737.36,34,11:52:44,False,,True,True,737.35,41,1,45,669958088,train,True
669958038,737.31,34,11:52:45,False,,True,True,737.35,42,1,45,669958088,train,True
669958039,737.35,34,11:52:46,False,,True,True,737.35,43,1,45,669958088,train,True
669958040,737.28,34,11:52:47,False,,True,True,737.35,44,1,45,669958088,train,True
669958041,737.3,34,11:52:48,False,,True,True,737.35,45,1,45,669958088,train,True
669958042,737.3,34,11:52:49,False,,True,True,737.35,46,1,45,669958088,train,True
669958043,737.32,34,11:52:50,False,,True,True,737.35,47,1,45,669958088,train,True
669958044,737.32,34,11:52:51,False,,True,True,737.35,48,1,45,669958088,train,True
669958045,737.27,34,11:52:52,False,,True,True,737.35,49,1,45,669958088,train,True
669958046,737.27,34,11:52:53,False,,True,True,737.35,50,1,45,669958088,train,True
669958047,737.27,34,11:52:54,False,,True,True,737.35,51,1,45,669958088,train,True
669958048,737.29,34,11:52:55,False,,True,True,737.35,52,1,45,669958088,train,True
669958049,737.27,34,11:52:56,False,,True,True,737.35,53,1,45,669958088,train,True
669958050,737.27,34,11:52:57,False,,True,True,737.35,54,1,45,669958088,train,True
669958051,737.26,34,11:52:58,False,,True,True,737.35,55,1,45,669958088,train,True
669958052,737.26,34,11:52:59,False,,True,True,737.35,56,1,45,669958088,train,True
669958053,737.3,34,11:53:00,False,,True,True,737.35,57,1,45,669958088,train,True
669958054,737.23,34,11:53:01,False,,True,True,737.35,58,1,45,669958088,train,True
669958055,737.25,34,11:53:02,False,,True,True,737.34,59,1,45,669958088,train,True
669959311,738.14,34,12:13:24,False,,True,False,738.01,11,1,46,669959376,train,True
669959312,738.16,34,12:13:25,False,,True,False,738.01,12,1,46,669959376,train,True
669959313,738.11,34,12:13:26,False,,True,False,738.01,13,1,46,669959376,train,True
669959314,738.11,34,12:13:27,False,,True,False,738.01,14,1,46,669959376,train,True
669959315,738.09,34,12:13:28,False,,True,False,738.01,15,1,46,669959376,train,True
669959316,738.13,34,12:13:29,False,,True,False,738.01,16,1,46,669959376,train,True
669959317,738.15,34,12:13:30,False,,True,False,738.01,17,1,46,669959376,train,True
669959318,738.15,34,12:13:31,False,,True,False,738.01,18,1,46,669959376,train,True
669959319,738.15,34,12:13:32,False,,True,False,738.01,19,1,46,669959376,train,True
669959320,738.12,34,12:13:33,False,,True,False,738.01,20,1,46,669959376,train,True
669959321,738.1,34,12:13:34,False,,True,False,738.01,21,1,46,669959376,train,True
669959322,738.19,34,12:13:35,False,,True,False,738.02,22,1,46,669959376,train,True
669959323,738.16,34,12:13:36,False,,True,False,738.02,23,1,46,669959376,train,True
669959324,738.17,34,12:13:37,False,,True,False,738.02,24,1,46,669959376,train,True
669959325,738.14,34,12:13:38,False,,True,False,738.02,25,1,46,669959376,train,True
669959326,738.16,34,12:13:39,False,,True,False,738.02,26,1,46,669959376,train,True
669959327,738.12,34,12:13:40,False,,True,False,738.02,27,1,46,669959376,train,True
669959328,738.18,34,12:13:41,False,,True,False,738.02,28,1,46,669959376,train,True
669959329,738.11,34,12:13:42,False,,True,False,738.02,29,1,46,669959376,train,True
669959330,738.16,34,12:13:43,False,,True,False,738.02,30,1,46,669959376,train,True
669959331,738.11,34,12:13:44,False,,True,False,738.02,31,1,46,669959376,train,True
669959332,738.19,34,12:13:45,False,,True,False,738.02,32,1,46,669959376,train,True
669959333,738.17,34,12:13:46,False,,True,False,738.02,33,1,46,669959376,train,True
669959334,738.15,34,12:13:47,False,,True,False,738.02,34,1,46,669959376,train,True
669959335,738.13,34,12:13:48,False,,True,False,738.02,35,1,46,669959376,train,True
669959336,738.15,34,12:13:49,False,,True,False,738.02,36,1,46,669959376,train,True
669959337,738.14,34,12:13:50,False,,True,False,738.03,37,1,46,669959376,train,True
669959338,738.19,34,12:13:51,False,,True,False,738.03,38,1,46,669959376,train,True
669959339,738.12,34,12:13:52,False,,True,False,738.03,39,1,46,669959376,train,True
669959340,738.14,34,12:13:53,False,,True,False,738.03,40,1,46,669959376,train,True
669959341,738.1,34,12:13:54,False,,True,False,738.03,41,1,46,669959376,train,True
669959342,738.14,34,12:13:54,False,,True,False,738.03,42,1,46,669959376,train,True
669959343,738.11,34,12:13:55,False,,True,False,738.03,43,1,46,669959376,train,True
669959344,738.09,34,12:13:56,False,,True,False,738.03,44,1,46,669959376,train,True
669959345,738.07,34,12:13:57,False,,True,False,738.03,45,1,46,669959376,train,True
669959346,738.11,34,12:13:58,False,,True,False,738.03,46,1,46,669959376,train,True
669959347,738.11,34,12:13:59,False,,True,False,738.03,47,1,46,669959376,train,True
669959348,738.11,34,12:14:00,False,,True,False,738.03,48,1,46,669959376,train,True
669959349,738.06,34,12:14:01,False,,True,False,738.03,49,1,46,669959376,train,True
669959350,738.1,34,12:14:02,False,,True,False,738.03,50,1,46,669959376,train,True
669959351,738.06,34,12:14:03,False,,True,False,738.03,51,1,46,669959376,train,True
669959352,738.04,34,12:14:04,False,,True,False,738.03,52,1,46,669959376,train,True
669959353,738.03,34,12:14:05,False,,True,False,738.03,53,1,46,669959376,train,True
669959354,738.03,34,12:14:06,False,,True,False,738.03,54,1,46,669959376,train,True
669959355,738.01,34,12:14:07,False,,True,False,738.03,55,1,46,669959376,train,True
669959356,738.03,34,12:14:08,False,,True,True,738.03,56,1,46,669959376,train,True
669959357,738.01,34,12:14:09,False,,True,True,738.04,57,1,46,669959376,train,True
669959358,737.94,34,12:14:10,False,,True,True,738.04,58,1,46,669959376,train,True
669959359,737.96,34,12:14:11,False,,True,True,738.04,59,1,46,669959376,train,True
669959360,737.98,34,12:14:12,False,,True,True,738.04,60,1,46,669959376,train,True
669959361,737.93,34,12:14:13,False,,True,True,738.04,60,1,46,669959376,train,True
669959362,738.0,34,12:14:14,False,,True,True,738.04,60,1,46,669959376,train,True
669959363,737.93,34,12:14:15,False,,True,True,738.04,60,1,46,669959376,train,True
669959364,738.0,34,12:14:16,False,,True,True,738.04,60,1,46,669959376,train,True
669959365,737.97,34,12:14:17,False,,True,True,738.04,60,1,46,669959376,train,True
669959366,737.95,34,12:14:18,False,,True,True,738.04,60,1,46,669959376,train,True
669959367,737.95,34,12:14:19,False,,True,True,738.04,60,1,46,669959376,train,True
669959368,737.99,34,12:14:20,False,,True,True,738.04,60,1,46,669959376,train,True
669959369,738.01,34,12:14:21,False,,True,True,738.04,60,1,46,669959376,train,True
669959370,737.9,34,12:14:22,False,,True,True,738.04,60,1,46,669959376,train,True
669959650,738.25,34,12:18:54,False,,True,False,738.19,1,1,47,669959712,train,True
669959651,738.29,34,12:18:55,False,,True,False,738.19,2,1,47,669959712,train,True
669959652,738.27,34,12:18:56,False,,True,False,738.19,3,1,47,669959712,train,True
669959653,738.22,34,12:18:57,False,,True,False,738.19,4,1,47,669959712,train,True
669959654,738.27,34,12:18:58,False,,True,False,738.19,5,1,47,669959712,train,True
669959655,738.29,34,12:18:59,False,,True,False,738.19,6,1,47,669959712,train,True
669959656,738.25,34,12:19:00,False,,True,False,738.19,7,1,47,669959712,train,True
669959657,738.33,34,12:19:01,False,,True,False,738.2,8,1,47,669959712,train,True
669959658,738.24,34,12:19:02,False,,True,False,738.2,9,1,47,669959712,train,True
669959659,738.28,34,12:19:03,False,,True,False,738.2,10,1,47,669959712,train,True
669959660,738.28,34,12:19:04,False,,True,False,738.2,11,1,47,669959712,train,True
669959661,738.28,34,12:19:05,False,,True,False,738.2,12,1,47,669959712,train,True
669959662,738.26,34,12:19:06,False,,True,False,738.2,13,1,47,669959712,train,True
669959663,738.24,34,12:19:07,False,,True,False,738.2,14,1,47,669959712,train,True
669959664,738.25,34,12:19:08,False,,True,False,738.2,15,1,47,669959712,train,True
669959665,738.28,34,12:19:09,False,,True,False,738.2,16,1,47,669959712,train,True
669959666,738.32,34,12:19:10,False,,True,False,738.2,17,1,47,669959712,train,True
669959667,738.3,34,12:19:11,False,,True,False,738.2,18,1,47,669959712,train,True
669959668,738.32,34,12:19:12,False,,True,False,738.2,19,1,47,669959712,train,True
669959669,738.29,34,12:19:13,False,,True,False,738.2,20,1,47,669959712,train,True
669959670,738.27,34,12:19:14,False,,True,False,738.2,21,1,47,669959712,train,True
669959671,738.29,34,12:19:15,False,,True,False,738.2,22,1,47,669959712,train,True
669959672,738.27,34,12:19:16,False,,True,False,738.2,23,1,47,669959712,train,True
669959673,738.27,34,12:19:17,False,,True,False,738.2,24,1,47,669959712,train,True
669959674,738.24,34,12:19:18,False,,True,False,738.2,25,1,47,669959712,train,True
669959675,738.28,34,12:19:19,False,,True,False,738.2,26,1,47,669959712,train,True
669959676,738.28,34,12:19:20,False,,True,False,738.2,27,1,47,669959712,train,True
669959677,738.28,34,12:19:21,False,,True,False,738.2,28,1,47,669959712,train,True
669959678,738.26,34,12:19:22,False,,True,False,738.2,29,1,47,669959712,train,True
669959679,738.28,34,12:19:23,False,,True,False,738.2,30,1,47,669959712,train,True
669959680,738.28,34,12:19:24,False,,True,False,738.2,31,1,47,669959712,train,True
669959681,738.3,34,12:19:24,False,,True,False,738.2,32,1,47,669959712,train,True
669959682,738.3,34,12:19:25,False,,True,False,738.21,33,1,47,669959712,train,True
669959683,738.26,34,12:19:26,False,,True,False,738.21,34,1,47,669959712,train,True
669959684,738.25,34,12:19:27,False,,True,False,738.21,35,1,47,669959712,train,True
669959685,738.32,34,12:19:28,False,,True,False,738.21,36,1,47,669959712,train,True
669959686,738.27,34,12:19:29,False,,True,False,738.21,37,1,47,669959712,train,True
669959687,738.29,34,12:19:30,False,,True,False,738.21,38,1,47,669959712,train,True
669959688,738.29,34,12:19:31,False,,True,False,738.21,39,1,47,669959712,train,True
669959689,738.27,34,12:19:32,False,,True,False,738.21,40,1,47,669959712,train,True
669959690,738.22,34,12:19:33,False,,True,False,738.21,41,1,47,669959712,train,True
669959691,738.29,34,12:19:34,False,,True,False,738.21,42,1,47,669959712,train,True
669959692,738.29,34,12:19:35,False,,True,False,738.21,43,1,47,669959712,train,True
669959693,738.29,34,12:19:36,False,,True,False,738.21,44,1,47,669959712,train,True
669959694,738.31,34,12:19:37,False,,True,False,738.21,45,1,47,669959712,train,True
669959695,738.26,34,12:19:38,False,,True,False,738.21,46,1,47,669959712,train,True
669959696,738.3,34,12:19:39,False,,True,False,738.21,47,1,47,669959712,train,True
669959697,738.28,34,12:19:40,False,,True,False,738.21,48,1,47,669959712,train,True
669959698,738.26,34,12:19:41,False,,True,False,738.21,49,1,47,669959712,train,True
669959699,738.28,34,12:19:42,False,,True,False,738.21,50,1,47,669959712,train,True
669959700,738.28,34,12:19:43,False,,True,False,738.21,51,1,47,669959712,train,True
669959701,738.25,34,12:19:44,False,,True,False,738.21,52,1,47,669959712,train,True
669959702,738.25,34,12:19:45,False,,True,False,738.21,53,1,47,669959712,train,True
669959703,738.18,34,12:19:46,False,,True,False,738.21,54,1,47,669959712,train,True
669959704,738.23,34,12:19:47,False,,True,True,738.22,55,1,47,669959712,train,True
669959705,738.2,34,12:19:48,False,,True,True,738.22,56,1,47,669959712,train,True
669959706,738.2,34,12:19:49,False,,True,True,738.22,57,1,47,669959712,train,True
669959707,738.17,34,12:19:50,False,,True,True,738.22,58,1,47,669959712,train,True
669959708,738.06,34,12:19:51,False,,True,True,738.22,59,1,47,669959712,train,True
669959709,737.95,34,12:19:52,False,,True,True,738.22,60,1,47,669959712,train,True
669959927,738.3,34,12:23:24,False,,True,True,738.3,19,1,48,669960008,train,True
669959928,738.35,34,12:23:25,False,,True,True,738.3,18,1,48,669960008,train,True
669959929,738.39,34,12:23:26,False,,True,True,738.3,17,1,48,669960008,train,True
669959930,738.35,34,12:23:27,False,,True,True,738.3,16,1,48,669960008,train,True
669959931,738.34,34,12:23:28,False,,True,True,738.3,16,1,48,669960008,train,True
669959932,738.39,34,12:23:29,False,,True,True,738.3,17,1,48,669960008,train,True
669959933,738.36,34,12:23:30,False,,True,True,738.3,17,1,48,669960008,train,True
669959934,738.3,34,12:23:31,False,,True,True,738.3,18,1,48,669960008,train,True
669959935,738.38,34,12:23:32,False,,True,True,738.3,19,1,48,669960008,train,True
669959936,738.38,34,12:23:33,False,,True,True,738.3,19,1,48,669960008,train,True
669959937,738.34,34,12:23:34,False,,True,True,738.3,20,1,48,669960008,train,True
669959938,738.31,34,12:23:35,False,,True,True,738.3,21,1,48,669960008,train,True
669959939,738.32,34,12:23:36,False,,True,True,738.3,22,1,48,669960008,train,True
669959940,738.38,34,12:23:37,False,,True,True,738.3,23,1,48,669960008,train,True
669959941,738.36,34,12:23:38,False,,True,True,738.3,24,1,48,669960008,train,True
669959942,738.34,34,12:23:39,False,,True,True,738.3,25,1,48,669960008,train,True
669959943,738.43,34,12:23:40,False,,True,True,738.3,26,1,48,669960008,train,True
669959944,738.42,34,12:23:41,False,,True,True,738.3,27,1,48,669960008,train,True
669959945,738.45,34,12:23:42,False,,True,True,738.3,28,1,48,669960008,train,True
669959946,738.42,34,12:23:42,False,,True,True,738.3,29,1,48,669960008,train,True
669959947,738.47,34,12:23:43,False,,True,True,738.3,30,1,48,669960008,train,True
669959948,738.44,34,12:23:44,False,,True,True,738.3,31,1,48,669960008,train,True
669959949,738.51,34,12:23:45,False,,True,True,738.3,31,1,48,669960008,train,True
669959950,738.4,34,12:23:46,False,,True,True,738.3,31,1,48,669960008,train,True
669959951,738.46,34,12:23:47,False,,True,True,738.3,31,1,48,669960008,train,True
669959952,738.48,34,12:23:48,False,,True,True,738.3,31,1,48,669960008,train,True
669959953,738.44,34,12:23:49,False,,True,True,738.3,31,1,48,669960008,train,True
669959954,738.46,34,12:23:50,False,,True,True,738.3,31,1,48,669960008,train,True
669959955,738.43,34,12:23:51,False,,True,True,738.3,31,1,48,669960008,train,True
669959956,738.46,34,12:23:52,False,,True,True,738.3,31,1,48,669960008,train,True
669959957,738.41,34,12:23:53,False,,True,True,738.3,31,1,48,669960008,train,True
669959958,738.48,34,12:23:54,False,,True,True,738.3,31,1,48,669960008,train,True
669959959,738.45,34,12:23:55,False,,True,True,738.3,31,1,48,669960008,train,True
669959960,738.41,34,12:23:56,False,,True,True,738.3,31,1,48,669960008,train,True
669959961,738.41,34,12:23:57,False,,True,True,738.3,31,1,48,669960008,train,True
669959962,738.4,34,12:23:58,False,,True,True,738.3,32,1,48,669960008,train,True
669959963,738.36,34,12:23:59,False,,True,True,738.3,33,1,48,669960008,train,True
669959964,738.4,34,12:24:00,False,,True,True,738.3,34,1,48,669960008,train,True
669959965,738.38,34,12:24:01,False,,True,True,738.3,35,1,48,669960008,train,True
669959966,738.38,34,12:24:02,False,,True,True,738.3,36,1,48,669960008,train,True
669959967,738.4,34,12:24:03,False,,True,True,738.3,37,1,48,669960008,train,True
669959968,738.42,34,12:24:04,False,,True,True,738.3,38,1,48,669960008,train,True
669959969,738.4,34,12:24:05,False,,True,True,738.31,39,1,48,669960008,train,True
669959970,738.44,34,12:24:06,False,,True,True,738.31,40,1,48,669960008,train,True
669959971,738.39,34,12:24:07,False,,True,True,738.31,41,1,48,669960008,train,True
669959972,738.37,34,12:24:08,False,,True,True,738.31,42,1,48,669960008,train,True
669959973,738.35,34,12:24:09,False,,True,True,738.31,43,1,48,669960008,train,True
669959974,738.34,34,12:24:10,False,,True,True,738.31,44,1,48,669960008,train,True
669959975,738.3,34,12:24:11,False,,True,True,738.31,45,1,48,669960008,train,True
669959976,738.32,34,12:24:12,False,,True,True,738.31,46,1,48,669960008,train,True
669959977,738.35,34,12:24:13,False,,True,True,738.31,47,1,48,669960008,train,True
669959978,738.35,34,12:24:14,False,,True,True,738.31,48,1,48,669960008,train,True
669959979,738.41,34,12:24:15,False,,True,True,738.31,49,1,48,669960008,train,True
669959980,738.34,34,12:24:16,False,,True,True,738.31,50,1,48,669960008,train,True
669959981,738.31,34,12:24:17,False,,True,True,738.31,51,1,48,669960008,train,True
669959982,738.36,34,12:24:18,False,,True,True,738.31,52,1,48,669960008,train,True
669959983,738.34,34,12:24:18,False,,True,True,738.31,53,1,48,669960008,train,True
669959984,738.34,34,12:24:19,False,,True,True,738.31,54,1,48,669960008,train,True
669959985,738.42,34,12:24:20,False,,True,True,738.31,55,1,48,669960008,train,True
669959986,738.33,34,12:24:21,False,,True,True,738.31,56,1,48,669960008,train,True
669960281,738.44,34,12:29:09,False,,True,False,738.4,10,1,49,669960347,train,True
669960282,738.46,34,12:29:10,False,,True,False,738.4,11,1,49,669960347,train,True
669960283,738.49,34,12:29:11,False,,True,False,738.4,12,1,49,669960347,train,True
669960284,738.5,34,12:29:12,False,,True,False,738.4,13,1,49,669960347,train,True
669960285,738.48,34,12:29:12,False,,True,False,738.4,14,1,49,669960347,train,True
669960286,738.55,34,12:29:13,False,,True,False,738.4,15,1,49,669960347,train,True
669960287,738.5,34,12:29:14,False,,True,False,738.4,16,1,49,669960347,train,True
669960288,738.48,34,12:29:15,False,,True,False,738.4,17,1,49,669960347,train,True
669960289,738.5,34,12:29:16,False,,True,False,738.4,18,1,49,669960347,train,True
669960290,738.51,34,12:29:17,False,,True,False,738.4,19,1,49,669960347,train,True
669960291,738.48,34,12:29:18,False,,True,False,738.4,20,1,49,669960347,train,True
669960292,738.48,34,12:29:19,False,,True,False,738.4,21,1,49,669960347,train,True
669960293,738.48,34,12:29:20,False,,True,False,738.4,22,1,49,669960347,train,True
669960294,738.48,34,12:29:21,False,,True,False,738.4,23,1,49,669960347,train,True
669960295,738.45,34,12:29:22,False,,True,False,738.4,24,1,49,669960347,train,True
669960296,738.48,34,12:29:23,False,,True,False,738.4,25,1,49,669960347,train,True
669960297,738.48,34,12:29:24,False,,True,False,738.4,26,1,49,669960347,train,True
669960298,738.41,34,12:29:25,False,,True,False,738.4,27,1,49,669960347,train,True
669960299,738.47,34,12:29:26,False,,True,False,738.4,28,1,49,669960347,train,True
669960300,738.49,34,12:29:27,False,,True,False,738.4,29,1,49,669960347,train,True
669960301,738.5,34,12:29:28,False,,True,False,738.4,30,1,49,669960347,train,True
669960302,738.45,34,12:29:29,False,,True,False,738.4,31,1,49,669960347,train,True
669960303,738.45,34,12:29:30,False,,True,False,738.4,32,1,49,669960347,train,True
669960304,738.51,34,12:29:31,False,,True,False,738.41,33,1,49,669960347,train,True
669960305,738.47,34,12:29:32,False,,True,False,738.41,34,1,49,669960347,train,True
669960306,738.41,34,12:29:33,False,,True,False,738.41,35,1,49,669960347,train,True
669960307,738.43,34,12:29:34,False,,True,False,738.41,36,1,49,669960347,train,True
669960308,738.47,34,12:29:35,False,,True,False,738.41,37,1,49,669960347,train,True
669960309,738.4,34,12:29:36,False,,True,False,738.41,38,1,49,669960347,train,True
669960310,738.38,34,12:29:37,False,,True,False,738.41,39,1,49,669960347,train,True
669960311,738.37,34,12:29:38,False,,True,False,738.41,40,1,49,669960347,train,True
669960312,738.42,34,12:29:39,False,,True,False,738.41,41,1,49,669960347,train,True
669960313,738.44,34,12:29:40,False,,True,False,738.41,42,1,49,669960347,train,True
669960314,738.37,34,12:29:41,False,,True,False,738.41,43,1,49,669960347,train,True
669960315,738.39,34,12:29:42,False,,True,False,738.41,44,1,49,669960347,train,True
669960316,738.37,34,12:29:43,False,,True,False,738.41,45,1,49,669960347,train,True
669960317,738.39,34,12:29:44,False,,True,False,738.41,46,1,49,669960347,train,True
669960318,738.44,34,12:29:45,False,,True,False,738.41,47,1,49,669960347,train,True
669960319,738.46,34,12:29:46,False,,True,False,738.41,48,1,49,669960347,train,True
669960320,738.48,34,12:29:47,False,,True,True,738.41,49,1,49,669960347,train,True
669960321,738.46,34,12:29:48,False,,True,True,738.41,50,1,49,669960347,train,True
669960322,738.52,34,12:29:49,False,,True,True,738.41,51,1,49,669960347,train,True
669960323,738.41,34,12:29:49,False,,True,True,738.41,52,1,49,669960347,train,True
669960324,738.46,34,12:29:50,False,,True,True,738.41,53,1,49,669960347,train,True
669960325,738.43,34,12:29:51,False,,True,True,738.41,54,1,49,669960347,train,True
669960326,738.39,34,12:29:52,False,,True,True,738.41,55,1,49,669960347,train,True
669960327,738.41,34,12:29:53,False,,True,True,738.41,56,1,49,669960347,train,True
669960328,738.36,34,12:29:54,False,,True,True,738.41,57,1,49,669960347,train,True
669960329,738.32,34,12:29:55,False,,True,True,738.41,58,1,49,669960347,train,True
669960330,738.25,34,12:29:56,False,,True,True,738.41,59,1,49,669960347,train,True
669960331,738.16,34,12:29:57,False,,True,True,738.41,60,1,49,669960347,train,True
669960332,738.15,34,12:29:58,False,,True,True,738.41,60,1,49,669960347,train,True
669960333,738.13,34,12:29:59,False,,True,True,738.41,60,1,49,669960347,train,True
669960334,738.11,34,12:30:00,False,,True,True,738.41,60,1,49,669960347,train,True
669960335,738.02,34,12:30:01,False,,True,True,738.41,60,1,49,669960347,train,True
669960336,737.97,34,12:30:02,False,,True,True,738.41,60,1,49,669960347,train,True
669960337,737.86,34,12:30:03,False,,True,True,738.41,60,1,49,669960347,train,True
669960338,737.63,34,12:30:04,False,,True,True,738.4,60,1,49,669960347,train,True
669960339,737.52,34,12:30:05,False,,True,True,738.4,60,1,49,669960347,train,True
669960340,737.32,34,12:30:06,False,,True,True,738.4,60,1,49,669960347,train,True
669962862,738.65,34,13:11:01,False,,True,False,738.77,57,1,50,669962940,train,True
669962863,738.66,34,13:11:02,False,,True,False,738.77,57,1,50,669962940,train,True
669962864,738.65,34,13:11:03,False,,True,False,738.77,57,1,50,669962940,train,True
669962865,738.63,34,13:11:04,False,,True,False,738.77,57,1,50,669962940,train,True
669962866,738.61,34,13:11:05,False,,True,True,738.76,57,1,50,669962940,train,True
669962867,738.57,34,13:11:06,False,,True,True,738.76,57,1,50,669962940,train,True
669962868,738.58,34,13:11:07,False,,True,True,738.76,57,1,50,669962940,train,True
669962869,738.62,34,13:11:08,False,,True,True,738.76,57,1,50,669962940,train,True
669962870,738.6,34,13:11:09,False,,True,True,738.76,57,1,50,669962940,train,True
669962871,738.58,34,13:11:10,False,,True,True,738.76,57,1,50,669962940,train,True
669962872,738.6,34,13:11:11,False,,True,True,738.76,57,1,50,669962940,train,True
669962873,738.65,34,13:11:12,False,,True,True,738.76,57,1,50,669962940,train,True
669962874,738.67,34,13:11:13,False,,True,True,738.76,57,1,50,669962940,train,True
669962875,738.69,34,13:11:14,False,,True,True,738.76,57,1,50,669962940,train,True
669962876,738.67,34,13:11:15,False,,True,True,738.76,57,1,50,669962940,train,True
669962877,738.74,34,13:11:16,False,,True,True,738.76,57,1,50,669962940,train,True
669962878,738.65,34,13:11:17,False,,True,True,738.76,57,1,50,669962940,train,True
669962879,738.69,34,13:11:18,False,,True,True,738.76,57,1,50,669962940,train,True
669962880,738.71,34,13:11:19,False,,True,True,738.76,57,1,50,669962940,train,True
669962881,738.69,34,13:11:20,False,,True,True,738.76,57,1,50,669962940,train,True
669962882,738.75,34,13:11:21,False,,True,True,738.76,57,1,50,669962940,train,True
669962883,738.71,34,13:11:22,False,,True,True,738.76,57,1,50,669962940,train,True
669962884,738.71,34,13:11:23,False,,True,True,738.76,57,1,50,669962940,train,True
669962885,738.7,34,13:11:24,False,,True,True,738.76,57,1,50,669962940,train,True
669962886,738.77,34,13:11:25,False,,True,True,738.76,57,1,50,669962940,train,True
669962887,738.7,34,13:11:26,False,,True,True,738.76,57,1,50,669962940,train,True
669962888,738.68,34,13:11:27,False,,True,True,738.76,57,1,50,669962940,train,True
669962889,738.68,34,13:11:27,False,,True,True,738.76,57,1,50,669962940,train,True
669962890,738.68,34,13:11:28,False,,True,True,738.76,57,1,50,669962940,train,True
669962891,738.7,34,13:11:29,False,,True,True,738.76,57,1,50,669962940,train,True
669962892,738.7,34,13:11:30,False,,True,True,738.76,57,1,50,669962940,train,True
669962893,738.72,34,13:11:31,False,,True,True,738.76,57,1,50,669962940,train,True
669962894,738.7,34,13:11:32,False,,True,True,738.76,57,1,50,669962940,train,True
669962895,738.7,34,13:11:33,False,,True,True,738.76,57,1,50,669962940,train,True
669962896,738.68,34,13:11:34,False,,True,True,738.76,57,1,50,669962940,train,True
669962897,738.76,34,13:11:35,False,,True,True,738.76,57,1,50,669962940,train,True
669962898,738.69,34,13:11:36,False,,True,True,738.76,57,1,50,669962940,train,True
669962899,738.72,34,13:11:37,False,,True,True,738.76,57,1,50,669962940,train,True
669962900,738.71,34,13:11:38,False,,True,True,738.76,57,1,50,669962940,train,True
669962901,738.67,34,13:11:39,False,,True,True,738.76,57,1,50,669962940,train,True
669962902,738.67,34,13:11:40,False,,True,True,738.76,57,1,50,669962940,train,True
669962903,738.65,34,13:11:41,False,,True,True,738.76,57,1,50,669962940,train,True
669962904,738.67,34,13:11:42,False,,True,True,738.76,57,1,50,669962940,train,True
669962905,738.62,34,13:11:43,False,,True,True,738.76,57,1,50,669962940,train,True
669962906,738.6,34,13:11:44,False,,True,True,738.76,57,1,50,669962940,train,True
669962907,738.48,34,13:11:45,False,,True,True,738.76,58,1,50,669962940,train,True
669962908,738.53,34,13:11:46,False,,True,True,738.76,58,1,50,669962940,train,True
669962909,738.5,34,13:11:47,False,,True,True,738.76,58,1,50,669962940,train,True
669962910,738.5,34,13:11:48,False,,True,True,738.76,58,1,50,669962940,train,True
669962911,738.5,34,13:11:49,False,,True,True,738.76,59,1,50,669962940,train,True
669962912,738.5,34,13:11:50,False,,True,True,738.76,60,1,50,669962940,train,True
669962913,738.56,34,13:11:51,False,,True,True,738.76,60,1,50,669962940,train,True
669962914,738.54,34,13:11:52,False,,True,True,738.76,60,1,50,669962940,train,True
669962915,738.52,34,13:11:53,False,,True,True,738.76,60,1,50,669962940,train,True
669962916,738.56,34,13:11:54,False,,True,True,738.76,60,1,50,669962940,train,True
669962917,738.54,34,13:11:55,False,,True,True,738.76,60,1,50,669962940,train,True
669962918,738.43,34,13:11:56,False,,True,True,738.76,60,1,50,669962940,train,True
669962919,738.47,34,13:11:57,False,,True,True,738.76,60,1,50,669962940,train,True
669962920,738.45,34,13:11:58,False,,True,True,738.75,60,1,50,669962940,train,True
669962921,738.49,34,13:11:59,False,,True,True,738.75,60,1,50,669962940,train,True
669964251,738.11,34,13:33:33,False,,True,False,738.35,11,1,51,669964312,train,True
669964252,738.19,34,13:33:34,False,,True,False,738.35,12,1,51,669964312,train,True
669964253,738.15,34,13:33:35,False,,True,False,738.35,13,1,51,669964312,train,True
669964254,738.14,34,13:33:36,False,,True,False,738.35,14,1,51,669964312,train,True
669964255,738.17,34,13:33:37,False,,True,False,738.35,15,1,51,669964312,train,True
669964256,738.14,34,13:33:38,False,,True,False,738.35,16,1,51,669964312,train,True
669964257,738.16,34,13:33:39,False,,True,False,738.35,17,1,51,669964312,train,True
669964258,738.18,34,13:33:40,False,,True,False,738.35,18,1,51,669964312,train,True
669964259,738.16,34,13:33:41,False,,True,False,738.35,19,1,51,669964312,train,True
669964260,738.2,34,13:33:42,False,,True,False,738.35,20,1,51,669964312,train,True
669964261,738.16,34,13:33:43,False,,True,False,738.35,21,1,51,669964312,train,True
669964262,738.16,34,13:33:44,False,,True,False,738.35,22,1,51,669964312,train,True
669964263,738.16,34,13:33:45,False,,True,False,738.35,23,1,51,669964312,train,True
669964264,738.13,34,13:33:46,False,,True,False,738.35,24,1,51,669964312,train,True
669964265,738.15,34,13:33:47,False,,True,False,738.34,25,1,51,669964312,train,True
669964266,738.17,34,13:33:48,False,,True,False,738.34,26,1,51,669964312,train,True
669964267,738.15,34,13:33:49,False,,True,False,738.34,27,1,51,669964312,train,True
669964268,738.17,34,13:33:50,False,,True,False,738.34,28,1,51,669964312,train,True
669964269,738.15,34,13:33:51,False,,True,False,738.34,29,1,51,669964312,train,True
669964270,738.22,34,13:33:52,False,,True,False,738.34,30,1,51,669964312,train,True
669964271,738.12,34,13:33:53,False,,True,False,738.34,31,1,51,669964312,train,True
669964272,738.1,34,13:33:54,False,,True,False,738.34,32,1,51,669964312,train,True
669964273,738.19,34,13:33:55,False,,True,False,738.34,33,1,51,669964312,train,True
669964274,738.12,34,13:33:56,False,,True,False,738.34,34,1,51,669964312,train,True
669964275,738.17,34,13:33:57,False,,True,False,738.34,35,1,51,669964312,train,True
669964276,738.14,34,13:33:58,False,,True,False,738.34,36,1,51,669964312,train,True
669964277,738.16,34,13:33:59,False,,True,False,738.34,37,1,51,669964312,train,True
669964278,738.12,34,13:34:00,False,,True,False,738.34,38,1,51,669964312,train,True
669964279,738.14,34,13:34:01,False,,True,False,738.34,39,1,51,669964312,train,True
669964280,738.14,34,13:34:02,False,,True,False,738.34,40,1,51,669964312,train,True
669964281,738.09,34,13:34:03,False,,True,False,738.34,41,1,51,669964312,train,True
669964282,738.09,34,13:34:04,False,,True,False,738.34,42,1,51,669964312,train,True
669964283,738.13,34,13:34:05,False,,True,False,738.33,43,1,51,669964312,train,True
669964284,738.09,34,13:34:06,False,,True,False,738.33,44,1,51,669964312,train,True
669964285,738.11,34,13:34:06,False,,True,False,738.33,45,1,51,669964312,train,True
669964286,738.09,34,13:34:07,False,,True,False,738.33,46,1,51,669964312,train,True
669964287,738.06,34,13:34:08,False,,True,False,738.33,47,1,51,669964312,train,True
669964288,738.13,34,13:34:09,False,,True,False,738.33,48,1,51,669964312,train,True
669964289,738.06,34,13:34:10,False,,True,False,738.33,49,1,51,669964312,train,True
669964290,738.06,34,13:34:11,False,,True,False,738.33,50,1,51,669964312,train,True
669964291,738.08,34,13:34:12,False,,True,False,738.33,51,1,51,669964312,train,True
669964292,738.12,34,13:34:13,False,,True,False,738.33,52,1,51,669964312,train,True
669964293,738.1,34,13:34:14,False,,True,False,738.33,53,1,51,669964312,train,True
669964294,738.07,34,13:34:15,False,,True,False,738.33,54,1,51,669964312,train,True
669964295,738.03,34,13:34:16,False,,True,False,738.33,55,1,51,669964312,train,True
669964296,738.05,34,13:34:17,False,,True,False,738.33,56,1,51,669964312,train,True
669964297,738.03,34,13:34:18,False,,True,False,738.33,57,1,51,669964312,train,True
669964298,738.03,34,13:34:19,False,,True,False,738.32,58,1,51,669964312,train,True
669964299,737.96,34,13:34:20,False,,True,False,738.32,59,1,51,669964312,train,True
669964300,737.93,34,13:34:21,False,,True,False,738.32,60,1,51,669964312,train,True
669964301,737.98,34,13:34:22,False,,True,False,738.32,60,1,51,669964312,train,True
669964302,738.02,34,13:34:23,False,,True,False,738.32,60,1,51,669964312,train,True
669964303,738.04,34,13:34:24,False,,True,False,738.32,60,1,51,669964312,train,True
669964304,738.02,34,13:34:25,False,,True,False,738.32,60,1,51,669964312,train,True
669964305,738.02,34,13:34:26,False,,True,True,738.32,60,1,51,669964312,train,True
669964306,738.04,34,13:34:27,False,,True,True,738.32,60,1,51,669964312,train,True
669964307,737.97,34,13:34:28,False,,True,True,738.32,60,1,51,669964312,train,True
669964308,737.88,34,13:34:29,False,,True,True,738.32,60,1,51,669964312,train,True
669964309,737.88,34,13:34:30,False,,True,True,738.32,60,1,51,669964312,train,True
669964310,737.77,34,13:34:31,False,,True,True,738.31,60,1,51,669964312,train,True
669965088,737.27,34,13:47:08,False,,True,False,737.6,6,1,52,669965150,train,True
669965089,737.27,34,13:47:09,False,,True,False,737.6,7,1,52,669965150,train,True
669965090,737.25,34,13:47:10,False,,True,False,737.6,8,1,52,669965150,train,True
669965091,737.38,34,13:47:11,False,,True,False,737.6,9,1,52,669965150,train,True
669965092,737.32,34,13:47:12,False,,True,False,737.6,10,1,52,669965150,train,True
669965093,737.36,34,13:47:13,False,,True,False,737.6,11,1,52,669965150,train,True
669965094,737.33,34,13:47:14,False,,True,False,737.59,12,1,52,669965150,train,True
669965095,737.31,34,13:47:15,False,,True,False,737.59,13,1,52,669965150,train,True
669965096,737.36,34,13:47:16,False,,True,False,737.59,14,1,52,669965150,train,True
669965097,737.31,34,13:47:17,False,,True,False,737.59,15,1,52,669965150,train,True
669965098,737.4,34,13:47:18,False,,True,False,737.59,16,1,52,669965150,train,True
669965099,737.35,34,13:47:19,False,,True,False,737.59,17,1,52,669965150,train,True
669965100,737.37,34,13:47:20,False,,True,False,737.59,18,1,52,669965150,train,True
669965101,737.35,34,13:47:21,False,,True,False,737.59,19,1,52,669965150,train,True
669965102,737.33,34,13:47:22,False,,True,False,737.59,20,1,52,669965150,train,True
669965103,737.35,34,13:47:23,False,,True,False,737.58,21,1,52,669965150,train,True
669965104,737.33,34,13:47:24,False,,True,False,737.58,22,1,52,669965150,train,True
669965105,737.32,34,13:47:25,False,,True,False,737.58,23,1,52,669965150,train,True
669965106,737.3,34,13:47:26,False,,True,False,737.58,24,1,52,669965150,train,True
669965107,737.36,34,13:47:27,False,,True,False,737.58,25,1,52,669965150,train,True
669965108,737.32,34,13:47:28,False,,True,False,737.58,26,1,52,669965150,train,True
669965109,737.34,34,13:47:29,False,,True,False,737.58,27,1,52,669965150,train,True
669965110,737.29,34,13:47:30,False,,True,False,737.58,28,1,52,669965150,train,True
669965111,737.32,34,13:47:31,False,,True,False,737.58,29,1,52,669965150,train,True
669965112,737.34,34,13:47:32,False,,True,False,737.57,30,1,52,669965150,train,True
669965113,737.33,34,13:47:33,False,,True,False,737.57,31,1,52,669965150,train,True
669965114,737.29,34,13:47:34,False,,True,False,737.57,32,1,52,669965150,train,True
669965115,737.29,34,13:47:34,False,,True,False,737.57,33,1,52,669965150,train,True
669965116,737.31,34,13:47:35,False,,True,False,737.57,34,1,52,669965150,train,True
669965117,737.35,34,13:47:36,False,,True,False,737.57,35,1,52,669965150,train,True
669965118,737.31,34,13:47:37,False,,True,False,737.57,36,1,52,669965150,train,True
669965119,737.31,34,13:47:38,False,,True,False,737.57,37,1,52,669965150,train,True
669965120,737.3,34,13:47:39,False,,True,False,737.56,38,1,52,669965150,train,True
669965121,737.28,34,13:47:40,False,,True,False,737.56,39,1,52,669965150,train,True
669965122,737.3,34,13:47:41,False,,True,False,737.56,40,1,52,669965150,train,True
669965123,737.3,34,13:47:42,False,,True,False,737.56,41,1,52,669965150,train,True
669965124,737.34,34,13:47:43,False,,True,False,737.56,42,1,52,669965150,train,True
669965125,737.32,34,13:47:44,False,,True,False,737.56,43,1,52,669965150,train,True
669965126,737.32,34,13:47:45,False,,True,False,737.56,44,1,52,669965150,train,True
669965127,737.34,34,13:47:46,False,,True,False,737.56,45,1,52,669965150,train,True
669965128,737.36,34,13:47:47,False,,True,False,737.55,46,1,52,669965150,train,True
669965129,737.29,34,13:47:48,False,,True,False,737.55,47,1,52,669965150,train,True
669965130,737.31,34,13:47:49,False,,True,False,737.55,48,1,52,669965150,train,True
669965131,737.27,34,13:47:50,False,,True,False,737.55,49,1,52,669965150,train,True
669965132,737.27,34,13:47:51,False,,True,False,737.55,50,1,52,669965150,train,True
669965133,737.27,34,13:47:52,False,,True,False,737.55,51,1,52,669965150,train,True
669965134,737.24,34,13:47:53,False,,True,False,737.55,52,1,52,669965150,train,True
669965135,737.22,34,13:47:54,False,,True,False,737.55,53,1,52,669965150,train,True
669965136,737.24,34,13:47:55,False,,True,False,737.55,54,1,52,669965150,train,True
669965137,737.22,34,13:47:56,False,,True,False,737.54,55,1,52,669965150,train,True
669965138,737.17,34,13:47:57,False,,True,False,737.54,56,1,52,669965150,train,True
669965139,737.21,34,13:47:58,False,,True,False,737.54,57,1,52,669965150,train,True
669965140,737.19,34,13:47:59,False,,True,False,737.54,58,1,52,669965150,train,True
669965141,737.12,34,13:48:00,False,,True,True,737.54,59,1,52,669965150,train,True
669965142,737.1,34,13:48:01,False,,True,True,737.54,60,1,52,669965150,train,True
669965143,737.07,34,13:48:02,False,,True,True,737.54,60,1,52,669965150,train,True
669965144,736.94,34,13:48:03,False,,True,True,737.53,60,1,52,669965150,train,True
669965145,736.85,34,13:48:04,False,,True,True,737.53,60,1,52,669965150,train,True
669965146,736.73,34,13:48:05,False,,True,True,737.53,60,1,52,669965150,train,True
669965147,736.26,34,13:48:06,False,,True,True,737.53,60,1,52,669965150,train,True
669971634,731.34,34,15:33:21,False,,True,False,731.6,3,1,53,669971696,train,True
669971635,731.32,34,15:33:22,False,,True,False,731.6,4,1,53,669971696,train,True
669971636,731.35,34,15:33:23,False,,True,False,731.59,5,1,53,669971696,train,True
669971637,731.35,34,15:33:24,False,,True,False,731.59,6,1,53,669971696,train,True
669971638,731.32,34,15:33:25,False,,True,False,731.59,7,1,53,669971696,train,True
669971639,731.39,34,15:33:26,False,,True,False,731.59,8,1,53,669971696,train,True
669971640,731.35,34,15:33:27,False,,True,False,731.59,9,1,53,669971696,train,True
669971641,731.33,34,15:33:28,False,,True,False,731.59,10,1,53,669971696,train,True
669971642,731.28,34,15:33:29,False,,True,False,731.59,11,1,53,669971696,train,True
669971643,731.34,34,15:33:30,False,,True,False,731.59,12,1,53,669971696,train,True
669971644,731.34,34,15:33:30,False,,True,False,731.59,13,1,53,669971696,train,True
669971645,731.33,34,15:33:31,False,,True,False,731.59,14,1,53,669971696,train,True
669971646,731.35,34,15:33:32,False,,True,False,731.59,15,1,53,669971696,train,True
669971647,731.35,34,15:33:33,False,,True,False,731.58,16,1,53,669971696,train,True
669971648,731.35,34,15:33:34,False,,True,False,731.58,17,1,53,669971696,train,True
669971649,731.35,34,15:33:35,False,,True,False,731.58,18,1,53,669971696,train,True
669971650,731.35,34,15:33:36,False,,True,False,731.58,19,1,53,669971696,train,True
669971651,731.32,34,15:33:37,False,,True,False,731.58,20,1,53,669971696,train,True
669971652,731.39,34,15:33:38,False,,True,False,731.58,21,1,53,669971696,train,True
669971653,731.37,34,15:33:39,False,,True,False,731.58,22,1,53,669971696,train,True
669971654,731.35,34,15:33:40,False,,True,False,731.58,23,1,53,669971696,train,True
669971655,731.35,34,15:33:41,False,,True,False,731.58,24,1,53,669971696,train,True
669971656,731.32,34,15:33:42,False,,True,False,731.57,25,1,53,669971696,train,True
669971657,731.37,34,15:33:43,False,,True,False,731.57,26,1,53,669971696,train,True
669971658,731.35,34,15:33:44,False,,True,False,731.57,27,1,53,669971696,train,True
669971659,731.35,34,15:33:45,False,,True,False,731.57,28,1,53,669971696,train,True
669971660,731.41,34,15:33:46,False,,True,False,731.57,29,1,53,669971696,train,True
669971661,731.32,34,15:33:47,False,,True,False,731.57,30,1,53,669971696,train,True
669971662,731.35,34,15:33:48,False,,True,False,731.57,31,1,53,669971696,train,True
669971663,731.35,34,15:33:49,False,,True,False,731.57,32,1,53,669971696,train,True
669971664,731.35,34,15:33:50,False,,True,False,731.57,33,1,53,669971696,train,True
669971665,731.32,34,15:33:51,False,,True,False,731.57,34,1,53,669971696,train,True
669971666,731.37,34,15:33:52,False,,True,False,731.56,35,1,53,669971696,train,True
669971667,731.33,34,15:33:53,False,,True,False,731.56,36,1,53,669971696,train,True
669971668,731.31,34,15:33:54,False,,True,False,731.56,37,1,53,669971696,train,True
669971669,731.3,34,15:33:55,False,,True,False,731.56,38,1,53,669971696,train,True
669971670,731.32,34,15:33:56,False,,True,False,731.56,39,1,53,669971696,train,True
669971671,731.35,34,15:33:57,False,,True,False,731.56,40,1,53,669971696,train,True
669971672,731.33,34,15:33:58,False,,True,False,731.56,41,1,53,669971696,train,True
669971673,731.35,34,15:33:59,False,,True,False,731.56,42,1,53,669971696,train,True
669971674,731.39,34,15:34:00,False,,True,False,731.56,43,1,53,669971696,train,True
669971675,731.33,34,15:34:01,False,,True,False,731.56,44,1,53,669971696,train,True
669971676,731.32,34,15:34:02,False,,True,False,731.55,45,1,53,669971696,train,True
669971677,731.3,34,15:34:03,False,,True,False,731.55,46,1,53,669971696,train,True
669971678,731.3,34,15:34:04,False,,True,False,731.55,47,1,53,669971696,train,True
669971679,731.32,34,15:34:05,False,,True,False,731.55,48,1,53,669971696,train,True
669971680,731.26,34,15:34:06,False,,True,False,731.55,49,1,53,669971696,train,True
669971681,731.21,34,15:34:07,False,,True,False,731.55,50,1,53,669971696,train,True
669971682,731.26,34,15:34:07,False,,True,False,731.55,51,1,53,669971696,train,True
669971683,731.26,34,15:34:08,False,,True,False,731.55,52,1,53,669971696,train,True
669971684,731.24,34,15:34:09,False,,True,False,731.55,53,1,53,669971696,train,True
669971685,731.19,34,15:34:10,False,,True,False,731.54,54,1,53,669971696,train,True
669971686,731.21,34,15:34:11,False,,True,False,731.54,55,1,53,669971696,train,True
669971687,731.22,34,15:34:12,False,,True,False,731.54,56,1,53,669971696,train,True
669971688,731.24,34,15:34:13,False,,True,True,731.54,57,1,53,669971696,train,True
669971689,731.15,34,15:34:14,False,,True,True,731.54,58,1,53,669971696,train,True
669971690,731.15,34,15:34:15,False,,True,True,731.54,59,1,53,669971696,train,True
669971691,731.17,34,15:34:16,False,,True,True,731.54,60,1,53,669971696,train,True
669971692,731.12,34,15:34:17,False,,True,True,731.53,60,1,53,669971696,train,True
669971693,731.08,34,15:34:18,False,,True,True,731.53,60,1,53,669971696,train,True
670046881,737.13,35,11:54:14,False,,True,False,737.14,11,1,54,670046942,train,True
670046882,737.13,35,11:54:15,False,,True,False,737.14,12,1,54,670046942,train,True
670046883,737.06,35,11:54:16,False,,True,False,737.14,13,1,54,670046942,train,True
670046884,737.1,35,11:54:17,False,,True,False,737.14,14,1,54,670046942,train,True
670046885,737.12,35,11:54:18,False,,True,False,737.14,15,1,54,670046942,train,True
670046886,737.14,35,11:54:19,False,,True,False,737.15,16,1,54,670046942,train,True
670046887,737.12,35,11:54:20,False,,True,False,737.15,17,1,54,670046942,train,True
670046888,737.16,35,11:54:21,False,,True,False,737.15,18,1,54,670046942,train,True
670046889,737.14,35,11:54:22,False,,True,False,737.15,19,1,54,670046942,train,True
670046890,737.13,35,11:54:23,False,,True,False,737.15,20,1,54,670046942,train,True
670046891,737.18,35,11:54:23,False,,True,False,737.15,21,1,54,670046942,train,True
670046892,737.15,35,11:54:24,False,,True,False,737.15,22,1,54,670046942,train,True
670046893,737.15,35,11:54:25,False,,True,False,737.15,23,1,54,670046942,train,True
670046894,737.15,35,11:54:26,False,,True,False,737.15,24,1,54,670046942,train,True
670046895,737.14,35,11:54:27,False,,True,False,737.15,25,1,54,670046942,train,True
670046896,737.16,35,11:54:28,False,,True,False,737.15,26,1,54,670046942,train,True
670046897,737.12,35,11:54:29,False,,True,False,737.15,27,1,54,670046942,train,True
670046898,737.16,35,11:54:30,False,,True,False,737.15,28,1,54,670046942,train,True
670046899,737.07,35,11:54:31,False,,True,False,737.15,29,1,54,670046942,train,True
670046900,737.04,35,11:54:32,False,,True,False,737.15,30,1,54,670046942,train,True
670046901,737.04,35,11:54:33,False,,True,False,737.15,31,1,54,670046942,train,True
670046902,737.13,35,11:54:34,False,,True,False,737.15,32,1,54,670046942,train,True
670046903,737.17,35,11:54:35,False,,True,False,737.15,33,1,54,670046942,train,True
670046904,737.21,35,11:54:36,False,,True,False,737.15,34,1,54,670046942,train,True
670046905,737.21,35,11:54:37,False,,True,False,737.15,35,1,54,670046942,train,True
670046906,737.12,35,11:54:38,False,,True,False,737.15,36,1,54,670046942,train,True
670046907,737.18,35,11:54:39,False,,True,False,737.15,37,1,54,670046942,train,True
670046908,737.16,35,11:54:40,False,,True,False,737.15,38,1,54,670046942,train,True
670046909,737.14,35,11:54:41,False,,True,False,737.15,39,1,54,670046942,train,True
670046910,737.18,35,11:54:42,False,,True,False,737.15,40,1,54,670046942,train,True
670046911,737.22,35,11:54:43,False,,True,False,737.15,41,1,54,670046942,train,True
670046912,737.19,35,11:54:44,False,,True,False,737.15,42,1,54,670046942,train,True
670046913,737.13,35,11:54:45,False,,True,False,737.15,43,1,54,670046942,train,True
670046914,737.12,35,11:54:46,False,,True,False,737.15,44,1,54,670046942,train,True
670046915,737.16,35,11:54:47,False,,True,False,737.15,45,1,54,670046942,train,True
670046916,737.16,35,11:54:48,False,,True,False,737.15,46,1,54,670046942,train,True
670046917,737.05,35,11:54:49,False,,True,False,737.15,47,1,54,670046942,train,True
670046918,737.09,35,11:54:50,False,,True,False,737.16,48,1,54,670046942,train,True
670046919,737.05,35,11:54:51,False,,True,False,737.16,49,1,54,670046942,train,True
670046920,737.13,35,11:54:52,False,,True,False,737.16,50,1,54,670046942,train,True
670046921,737.09,35,11:54:53,False,,True,False,737.16,51,1,54,670046942,train,True
670046922,737.06,35,11:54:54,False,,True,False,737.16,52,1,54,670046942,train,True
670046923,737.01,35,11:54:55,False,,True,False,737.16,53,1,54,670046942,train,True
670046924,737.04,35,11:54:56,False,,True,False,737.16,54,1,54,670046942,train,True
670046925,737.03,35,11:54:57,False,,True,False,737.16,55,1,54,670046942,train,True
670046926,736.92,35,11:54:58,False,,True,False,737.16,56,1,54,670046942,train,True
670046927,736.85,35,11:54:59,False,,True,False,737.15,57,1,54,670046942,train,True
670046928,736.93,35,11:55:00,False,,True,False,737.15,57,1,54,670046942,train,True
670046929,737.12,35,11:55:00,False,,True,False,737.15,57,1,54,670046942,train,True
670046930,737.14,35,11:55:01,False,,True,False,737.15,57,1,54,670046942,train,True
670046931,737.11,35,11:55:02,False,,True,False,737.15,57,1,54,670046942,train,True
670046932,737.13,35,11:55:03,False,,True,False,737.15,58,1,54,670046942,train,True
670046933,737.15,35,11:55:04,False,,True,False,737.15,59,1,54,670046942,train,True
670046934,737.15,35,11:55:05,False,,True,False,737.16,60,1,54,670046942,train,True
670046935,737.17,35,11:55:06,False,,True,False,737.16,60,1,54,670046942,train,True
670046936,737.05,35,11:55:07,False,,True,True,737.16,60,1,54,670046942,train,True
670046937,737.01,35,11:55:08,False,,True,True,737.16,60,1,54,670046942,train,True
670046938,736.94,35,11:55:09,False,,True,True,737.16,60,1,54,670046942,train,True
670046939,736.77,35,11:55:10,False,,True,True,737.15,60,1,54,670046942,train,True
670046940,736.57,35,11:55:11,False,,True,True,737.15,60,1,54,670046942,train,True
670047470,737.51,35,12:03:47,False,,True,False,737.44,2,1,55,670047546,train,True
670047471,737.46,35,12:03:48,False,,True,False,737.44,3,1,55,670047546,train,True
670047472,737.49,35,12:03:49,False,,True,False,737.44,4,1,55,670047546,train,True
670047473,737.53,35,12:03:50,False,,True,False,737.44,5,1,55,670047546,train,True
670047474,737.5,35,12:03:51,False,,True,False,737.44,6,1,55,670047546,train,True
670047475,737.5,35,12:03:52,False,,True,False,737.44,7,1,55,670047546,train,True
670047476,737.55,35,12:03:53,False,,True,False,737.44,8,1,55,670047546,train,True
670047477,737.48,35,12:03:54,False,,True,False,737.44,9,1,55,670047546,train,True
670047478,737.46,35,12:03:55,False,,True,False,737.45,10,1,55,670047546,train,True
670047479,737.45,35,12:03:56,False,,True,False,737.45,11,1,55,670047546,train,True
670047480,737.52,35,12:03:57,False,,True,True,737.45,12,1,55,670047546,train,True
670047481,737.48,35,12:03:58,False,,True,True,737.45,13,1,55,670047546,train,True
670047482,737.5,35,12:03:59,False,,True,True,737.45,14,1,55,670047546,train,True
670047483,737.49,35,12:04:00,False,,True,True,737.45,15,1,55,670047546,train,True
670047484,737.54,35,12:04:01,False,,True,True,737.45,16,1,55,670047546,train,True
670047485,737.47,35,12:04:02,False,,True,True,737.45,17,1,55,670047546,train,True
670047486,737.49,35,12:04:03,False,,True,True,737.45,18,1,55,670047546,train,True
670047487,737.51,35,12:04:04,False,,True,True,737.45,19,1,55,670047546,train,True
670047488,737.53,35,12:04:05,False,,True,True,737.45,20,1,55,670047546,train,True
670047489,737.55,35,12:04:06,False,,True,True,737.45,21,1,55,670047546,train,True
670047490,737.59,35,12:04:07,False,,True,True,737.45,22,1,55,670047546,train,True
670047491,737.57,35,12:04:08,False,,True,True,737.45,23,1,55,670047546,train,True
670047492,737.55,35,12:04:09,False,,True,True,737.45,24,1,55,670047546,train,True
670047493,737.5,35,12:04:10,False,,True,True,737.45,25,1,55,670047546,train,True
670047494,737.5,35,12:04:11,False,,True,True,737.45,26,1,55,670047546,train,True
670047495,737.56,35,12:04:11,False,,True,True,737.45,27,1,55,670047546,train,True
670047496,737.54,35,12:04:12,False,,True,True,737.45,28,1,55,670047546,train,True
670047497,737.56,35,12:04:13,False,,True,True,737.45,29,1,55,670047546,train,True
670047498,737.56,35,12:04:14,False,,True,True,737.45,30,1,55,670047546,train,True
670047499,737.52,35,12:04:15,False,,True,True,737.45,31,1,55,670047546,train,True
670047500,737.56,35,12:04:16,False,,True,True,737.45,32,1,55,670047546,train,True
670047501,737.58,35,12:04:17,False,,True,True,737.45,33,1,55,670047546,train,True
670047502,737.56,35,12:04:18,False,,True,True,737.46,33,1,55,670047546,train,True
670047503,737.51,35,12:04:19,False,,True,True,737.46,33,1,55,670047546,train,True
670047504,737.53,35,12:04:20,False,,True,True,737.46,34,1,55,670047546,train,True
670047505,737.53,35,12:04:21,False,,True,True,737.46,35,1,55,670047546,train,True
670047506,737.48,35,12:04:22,False,,True,True,737.46,36,1,55,670047546,train,True
670047507,737.54,35,12:04:23,False,,True,True,737.46,37,1,55,670047546,train,True
670047508,737.5,35,12:04:24,False,,True,True,737.46,38,1,55,670047546,train,True
670047509,737.55,35,12:04:25,False,,True,True,737.46,39,1,55,670047546,train,True
670047510,737.52,35,12:04:26,False,,True,True,737.46,40,1,55,670047546,train,True
670047511,737.5,35,12:04:27,False,,True,True,737.46,41,1,55,670047546,train,True
670047512,737.52,35,12:04:28,False,,True,True,737.46,42,1,55,670047546,train,True
670047513,737.49,35,12:04:29,False,,True,True,737.46,43,1,55,670047546,train,True
670047514,737.47,35,12:04:30,False,,True,True,737.46,44,1,55,670047546,train,True
670047515,737.54,35,12:04:31,False,,True,True,737.46,45,1,55,670047546,train,True
670047516,737.47,35,12:04:32,False,,True,True,737.46,46,1,55,670047546,train,True
670047517,737.51,35,12:04:33,False,,True,True,737.46,47,1,55,670047546,train,True
670047518,737.42,35,12:04:34,False,,True,True,737.46,48,1,55,670047546,train,True
670047519,737.46,35,12:04:35,False,,True,True,737.46,49,1,55,670047546,train,True
670047520,737.44,35,12:04:36,False,,True,True,737.46,50,1,55,670047546,train,True
670047521,737.46,35,12:04:37,False,,True,True,737.46,51,1,55,670047546,train,True
670047522,737.42,35,12:04:38,False,,True,True,737.46,52,1,55,670047546,train,True
670047523,737.46,35,12:04:39,False,,True,True,737.46,53,1,55,670047546,train,True
670047524,737.46,35,12:04:40,False,,True,True,737.46,54,1,55,670047546,train,True
670047525,737.39,35,12:04:41,False,,True,True,737.46,55,1,55,670047546,train,True
670047526,737.36,35,12:04:42,False,,True,True,737.46,56,1,55,670047546,train,True
670047527,737.34,35,12:04:43,False,,True,True,737.46,57,1,55,670047546,train,True
670047528,737.34,35,12:04:44,False,,True,True,737.46,58,1,55,670047546,train,True
670047529,737.34,35,12:04:45,False,,True,True,737.46,59,1,55,670047546,train,True
670055535,735.57,35,14:14:38,False,,True,False,735.71,23,1,56,670055611,train,True
670055536,735.52,35,14:14:39,False,,True,False,735.71,23,1,56,670055611,train,True
670055537,735.5,35,14:14:40,False,,True,False,735.71,23,1,56,670055611,train,True
670055538,735.47,35,14:14:41,False,,True,False,735.71,23,1,56,670055611,train,True
670055539,735.5,35,14:14:42,False,,True,False,735.71,23,1,56,670055611,train,True
670055540,735.5,35,14:14:43,False,,True,False,735.71,23,1,56,670055611,train,True
670055541,735.52,35,14:14:44,False,,True,False,735.71,23,1,56,670055611,train,True
670055542,735.5,35,14:14:45,False,,True,False,735.71,23,1,56,670055611,train,True
670055543,735.51,35,14:14:46,False,,True,False,735.71,23,1,56,670055611,train,True
670055544,735.47,35,14:14:47,False,,True,False,735.71,23,1,56,670055611,train,True
670055545,735.51,35,14:14:48,False,,True,False,735.71,23,1,56,670055611,train,True
670055546,735.51,35,14:14:49,False,,True,False,735.71,23,1,56,670055611,train,True
670055547,735.49,35,14:14:50,False,,True,True,735.71,23,1,56,670055611,train,True
670055548,735.53,35,14:14:51,False,,True,True,735.71,23,1,56,670055611,train,True
670055549,735.53,35,14:14:52,False,,True,True,735.71,23,1,56,670055611,train,True
670055550,735.53,35,14:14:53,False,,True,True,735.71,24,1,56,670055611,train,True
670055551,735.55,35,14:14:54,False,,True,True,735.71,25,1,56,670055611,train,True
670055552,735.48,35,14:14:55,False,,True,True,735.71,26,1,56,670055611,train,True
670055553,735.39,35,14:14:56,False,,True,True,735.71,27,1,56,670055611,train,True
670055554,735.44,35,14:14:57,False,,True,True,735.71,27,1,56,670055611,train,True
670055555,735.46,35,14:14:58,False,,True,True,735.7,27,1,56,670055611,train,True
670055556,735.5,35,14:14:59,False,,True,True,735.7,28,1,56,670055611,train,True
670055557,735.41,35,14:15:00,False,,True,True,735.7,29,1,56,670055611,train,True
670055558,735.41,35,14:15:01,False,,True,True,735.7,30,1,56,670055611,train,True
670055559,735.5,35,14:15:02,False,,True,True,735.7,31,1,56,670055611,train,True
670055560,735.43,35,14:15:03,False,,True,True,735.7,31,1,56,670055611,train,True
670055561,735.5,35,14:15:04,False,,True,True,735.7,32,1,56,670055611,train,True
670055562,735.48,35,14:15:05,False,,True,True,735.7,33,1,56,670055611,train,True
670055563,735.47,35,14:15:06,False,,True,True,735.7,34,1,56,670055611,train,True
670055564,735.45,35,14:15:07,False,,True,True,735.7,35,1,56,670055611,train,True
670055565,735.43,35,14:15:08,False,,True,True,735.7,36,1,56,670055611,train,True
670055566,735.45,35,14:15:09,False,,True,True,735.7,37,1,56,670055611,train,True
670055567,735.43,35,14:15:10,False,,True,True,735.69,38,1,56,670055611,train,True
670055568,735.45,35,14:15:11,False,,True,True,735.69,39,1,56,670055611,train,True
670055569,735.53,35,14:15:12,False,,True,True,735.69,40,1,56,670055611,train,True
670055570,735.46,35,14:15:12,False,,True,True,735.69,41,1,56,670055611,train,True
670055571,735.49,35,14:15:13,False,,True,True,735.69,42,1,56,670055611,train,True
670055572,735.42,35,14:15:14,False,,True,True,735.69,43,1,56,670055611,train,True
670055573,735.49,35,14:15:15,False,,True,True,735.69,44,1,56,670055611,train,True
670055574,735.51,35,14:15:16,False,,True,True,735.69,45,1,56,670055611,train,True
670055575,735.46,35,14:15:17,False,,True,True,735.69,46,1,56,670055611,train,True
670055576,735.5,35,14:15:18,False,,True,True,735.69,47,1,56,670055611,train,True
670055577,735.53,35,14:15:19,False,,True,True,735.69,48,1,56,670055611,train,True
670055578,735.48,35,14:15:20,False,,True,True,735.69,49,1,56,670055611,train,True
670055579,735.48,35,14:15:21,False,,True,True,735.69,50,1,56,670055611,train,True
670055580,735.46,35,14:15:22,False,,True,True,735.68,51,1,56,670055611,train,True
670055581,735.48,35,14:15:23,False,,True,True,735.68,52,1,56,670055611,train,True
670055582,735.36,35,14:15:24,False,,True,True,735.68,53,1,56,670055611,train,True
670055583,735.39,35,14:15:25,False,,True,True,735.68,54,1,56,670055611,train,True
670055584,735.45,35,14:15:26,False,,True,True,735.68,54,1,56,670055611,train,True
670055585,735.43,35,14:15:27,False,,True,True,735.68,55,1,56,670055611,train,True
670055586,735.43,35,14:15:28,False,,True,True,735.68,56,1,56,670055611,train,True
670055587,735.29,35,14:15:29,False,,True,True,735.68,57,1,56,670055611,train,True
670055588,735.38,35,14:15:30,False,,True,True,735.68,58,1,56,670055611,train,True
670055589,735.36,35,14:15:31,False,,True,True,735.68,58,1,56,670055611,train,True
670055590,735.31,35,14:15:32,False,,True,True,735.68,59,1,56,670055611,train,True
670055591,735.29,35,14:15:33,False,,True,True,735.67,60,1,56,670055611,train,True
670055592,735.33,35,14:15:34,False,,True,True,735.67,60,1,56,670055611,train,True
670055593,735.26,35,14:15:35,False,,True,True,735.67,60,1,56,670055611,train,True
670055594,735.15,35,14:15:36,False,,True,True,735.67,60,1,56,670055611,train,True
670129589,741.0,36,10:16:10,False,,True,False,741.27,8,1,57,670129653,train,True
670129590,741.04,36,10:16:11,False,,True,False,741.27,9,1,57,670129653,train,True
670129591,741.02,36,10:16:12,False,,True,False,741.26,10,1,57,670129653,train,True
670129592,741.04,36,10:16:13,False,,True,False,741.26,11,1,57,670129653,train,True
670129593,740.93,36,10:16:14,False,,True,False,741.26,12,1,57,670129653,train,True
670129594,740.97,36,10:16:15,False,,True,False,741.26,13,1,57,670129653,train,True
670129595,740.99,36,10:16:16,False,,True,False,741.26,14,1,57,670129653,train,True
670129596,741.03,36,10:16:17,False,,True,False,741.26,15,1,57,670129653,train,True
670129597,741.01,36,10:16:18,False,,True,False,741.26,16,1,57,670129653,train,True
670129598,740.92,36,10:16:19,False,,True,False,741.25,17,1,57,670129653,train,True
670129599,740.98,36,10:16:20,False,,True,False,741.25,18,1,57,670129653,train,True
670129600,740.98,36,10:16:21,False,,True,False,741.25,19,1,57,670129653,train,True
670129601,740.98,36,10:16:22,False,,True,False,741.25,20,1,57,670129653,train,True
670129602,740.94,36,10:16:23,False,,True,False,741.25,21,1,57,670129653,train,True
670129603,740.89,36,10:16:24,False,,True,False,741.25,22,1,57,670129653,train,True
670129604,741.02,36,10:16:25,False,,True,False,741.24,23,1,57,670129653,train,True
670129605,740.95,36,10:16:26,False,,True,False,741.24,24,1,57,670129653,train,True
670129606,740.95,36,10:16:27,False,,True,False,741.24,25,1,57,670129653,train,True
670129607,740.95,36,10:16:28,False,,True,False,741.24,26,1,57,670129653,train,True
670129608,740.97,36,10:16:29,False,,True,False,741.24,27,1,57,670129653,train,True
670129609,740.95,36,10:16:30,False,,True,False,741.24,28,1,57,670129653,train,True
670129610,740.94,36,10:16:30,False,,True,False,741.24,29,1,57,670129653,train,True
670129611,740.94,36,10:16:31,False,,True,False,741.23,30,1,57,670129653,train,True
670129612,740.98,36,10:16:32,False,,True,False,741.23,31,1,57,670129653,train,True
670129613,740.96,36,10:16:33,False,,True,False,741.23,32,1,57,670129653,train,True
670129614,740.92,36,10:16:34,False,,True,False,741.23,33,1,57,670129653,train,True
670129615,740.98,36,10:16:35,False,,True,False,741.23,34,1,57,670129653,train,True
670129616,741.0,36,10:16:36,False,,True,False,741.23,35,1,57,670129653,train,True
670129617,740.95,36,10:16:37,False,,True,False,741.23,36,1,57,670129653,train,True
670129618,740.95,36,10:16:38,False,,True,False,741.22,37,1,57,670129653,train,True
670129619,740.95,36,10:16:39,False,,True,False,741.22,38,1,57,670129653,train,True
670129620,740.91,36,10:16:40,False,,True,False,741.22,39,1,57,670129653,train,True
670129621,740.92,36,10:16:41,False,,True,False,741.22,40,1,57,670129653,train,True
670129622,740.97,36,10:16:42,False,,True,False,741.22,41,1,57,670129653,train,True
670129623,740.9,36,10:16:43,False,,True,False,741.22,42,1,57,670129653,train,True
670129624,740.92,36,10:16:44,False,,True,False,741.22,43,1,57,670129653,train,True
670129625,740.92,36,10:16:45,False,,True,False,741.21,44,1,57,670129653,train,True
670129626,740.96,36,10:16:46,False,,True,False,741.21,45,1,57,670129653,train,True
670129627,740.94,36,10:16:47,False,,True,False,741.21,46,1,57,670129653,train,True
670129628,740.89,36,10:16:48,False,,True,False,741.21,47,1,57,670129653,train,True
670129629,740.91,36,10:16:49,False,,True,False,741.21,48,1,57,670129653,train,True
670129630,740.91,36,10:16:50,False,,True,False,741.21,49,1,57,670129653,train,True
670129631,740.93,36,10:16:51,False,,True,False,741.21,50,1,57,670129653,train,True
670129632,740.89,36,10:16:52,False,,True,False,741.2,51,1,57,670129653,train,True
670129633,740.93,36,10:16:53,False,,True,False,741.2,52,1,57,670129653,train,True
670129634,740.86,36,10:16:54,False,,True,False,741.2,53,1,57,670129653,train,True
670129635,740.86,36,10:16:55,False,,True,True,741.2,54,1,57,670129653,train,True
670129636,740.84,36,10:16:56,False,,True,True,741.2,55,1,57,670129653,train,True
670129637,740.88,36,10:16:57,False,,True,True,741.2,56,1,57,670129653,train,True
670129638,740.86,36,10:16:58,False,,True,True,741.19,57,1,57,670129653,train,True
670129639,740.89,36,10:16:59,False,,True,True,741.19,58,1,57,670129653,train,True
670129640,740.79,36,10:17:00,False,,True,True,741.19,59,1,57,670129653,train,True
670129641,740.76,36,10:17:01,False,,True,True,741.19,60,1,57,670129653,train,True
670129642,740.71,36,10:17:02,False,,True,True,741.19,60,1,57,670129653,train,True
670129643,740.64,36,10:17:03,False,,True,True,741.19,60,1,57,670129653,train,True
670129644,740.66,36,10:17:04,False,,True,True,741.18,60,1,57,670129653,train,True
670129645,740.57,36,10:17:05,False,,True,True,741.18,60,1,57,670129653,train,True
670129646,740.53,36,10:17:06,False,,True,True,741.18,60,1,57,670129653,train,True
670129647,740.39,36,10:17:07,False,,True,True,741.18,60,1,57,670129653,train,True
670129648,740.25,36,10:17:07,False,,True,True,741.17,60,1,57,670129653,train,True
670136554,739.18,36,12:09:10,False,,True,True,738.93,9,1,58,670136668,train,True
670136555,739.13,36,12:09:11,False,,True,True,738.93,10,1,58,670136668,train,True
670136556,739.17,36,12:09:12,False,,True,True,738.93,11,1,58,670136668,train,True
670136557,739.13,36,12:09:13,False,,True,True,738.93,12,1,58,670136668,train,True
670136558,739.13,36,12:09:14,False,,True,True,738.94,13,1,58,670136668,train,True
670136559,739.15,36,12:09:15,False,,True,True,738.94,14,1,58,670136668,train,True
670136560,739.13,36,12:09:16,False,,True,True,738.94,15,1,58,670136668,train,True
670136561,739.17,36,12:09:17,False,,True,True,738.94,16,1,58,670136668,train,True
670136562,739.16,36,12:09:18,False,,True,True,738.94,17,1,58,670136668,train,True
670136563,739.14,36,12:09:19,False,,True,True,738.94,18,1,58,670136668,train,True
670136564,739.16,36,12:09:20,False,,True,True,738.94,19,1,58,670136668,train,True
670136565,739.16,36,12:09:21,False,,True,True,738.94,20,1,58,670136668,train,True
670136566,739.18,36,12:09:22,False,,True,True,738.94,21,1,58,670136668,train,True
670136567,739.14,36,12:09:23,False,,True,True,738.94,22,1,58,670136668,train,True
670136568,739.2,36,12:09:24,False,,True,True,738.94,23,1,58,670136668,train,True
670136569,739.18,36,12:09:25,False,,True,True,738.94,24,1,58,670136668,train,True
670136570,739.15,36,12:09:26,False,,True,True,738.94,25,1,58,670136668,train,True
670136571,739.15,36,12:09:27,False,,True,True,738.95,26,1,58,670136668,train,True
670136572,739.15,36,12:09:28,False,,True,True,738.95,27,1,58,670136668,train,True
670136573,739.17,36,12:09:29,False,,True,True,738.95,28,1,58,670136668,train,True
670136574,739.15,36,12:09:30,False,,True,True,738.95,29,1,58,670136668,train,True
670136575,739.12,36,12:09:31,False,,True,True,738.95,30,1,58,670136668,train,True
670136576,739.14,36,12:09:32,False,,True,True,738.95,31,1,58,670136668,train,True
670136577,739.1,36,12:09:33,False,,True,True,738.95,32,1,58,670136668,train,True
670136578,739.16,36,12:09:34,False,,True,True,738.95,33,1,58,670136668,train,True
670136579,739.12,36,12:09:35,False,,True,True,738.95,34,1,58,670136668,train,True
670136580,739.14,36,12:09:36,False,,True,True,738.95,35,1,58,670136668,train,True
670136581,739.11,36,12:09:37,False,,True,True,738.95,36,1,58,670136668,train,True
670136582,739.07,36,12:09:38,False,,True,True,738.95,37,1,58,670136668,train,True
670136583,739.09,36,12:09:39,False,,True,True,738.95,38,1,58,670136668,train,True
670136584,739.09,36,12:09:40,False,,True,True,738.95,39,1,58,670136668,train,True
670136585,739.09,36,12:09:41,False,,True,True,738.95,40,1,58,670136668,train,True
670136586,739.08,36,12:09:42,False,,True,True,738.95,41,1,58,670136668,train,True
670136587,739.08,36,12:09:43,False,,True,True,738.95,42,1,58,670136668,train,True
670136588,739.08,36,12:09:44,False,,True,True,738.96,43,1,58,670136668,train,True
670136589,739.08,36,12:09:45,False,,True,True,738.96,44,1,58,670136668,train,True
670136590,739.1,36,12:09:46,False,,True,True,738.96,45,1,58,670136668,train,True
670136591,739.06,36,12:09:46,False,,True,True,738.96,46,1,58,670136668,train,True
670136592,739.07,36,12:09:47,False,,True,True,738.96,47,1,58,670136668,train,True
670136593,739.05,36,12:09:48,False,,True,True,738.96,48,1,58,670136668,train,True
670136594,739.05,36,12:09:49,False,,True,True,738.96,49,1,58,670136668,train,True
670136595,739.05,36,12:09:50,False,,True,True,738.96,50,1,58,670136668,train,True
670136596,739.07,36,12:09:51,False,,True,True,738.96,51,1,58,670136668,train,True
670136597,739.04,36,12:09:52,False,,True,True,738.96,52,1,58,670136668,train,True
670136598,739.06,36,12:09:53,False,,True,True,738.96,53,1,58,670136668,train,True
670136599,739.06,36,12:09:54,False,,True,True,738.96,54,1,58,670136668,train,True
670136600,739.02,36,12:09:55,False,,True,True,738.96,55,1,58,670136668,train,True
670136601,739.0,36,12:09:56,False,,True,True,738.96,56,1,58,670136668,train,True
670136602,739.02,36,12:09:57,False,,True,True,738.96,57,1,58,670136668,train,True
670136603,738.99,36,12:09:58,False,,True,True,738.96,58,1,58,670136668,train,True
670136604,738.98,36,12:09:59,False,,True,True,738.96,59,1,58,670136668,train,True
670136605,738.99,36,12:10:00,False,,True,True,738.96,60,1,58,670136668,train,True
670136606,738.96,36,12:10:01,False,,True,True,738.96,60,1,58,670136668,train,True
670136607,738.98,36,12:10:02,False,,True,True,738.96,60,1,58,670136668,train,True
670136608,738.98,36,12:10:03,False,,True,True,738.96,60,1,58,670136668,train,True
670136609,738.96,36,12:10:04,False,,True,True,738.96,60,1,58,670136668,train,True
670136610,738.96,36,12:10:05,False,,True,True,738.96,60,1,58,670136668,train,True
670136611,738.91,36,12:10:06,False,,True,True,738.96,60,1,58,670136668,train,True
670136612,738.93,36,12:10:07,False,,True,True,738.96,60,1,58,670136668,train,True
670136613,738.95,36,12:10:08,False,,True,True,738.96,60,1,58,670136668,train,True
670138632,739.81,36,12:42:53,False,,True,False,739.65,39,1,59,670138695,train,True
670138633,739.74,36,12:42:54,False,,True,False,739.65,39,1,59,670138695,train,True
670138634,739.74,36,12:42:55,False,,True,False,739.65,39,1,59,670138695,train,True
670138635,739.81,36,12:42:56,False,,True,False,739.65,39,1,59,670138695,train,True
670138636,739.72,36,12:42:57,False,,True,False,739.65,39,1,59,670138695,train,True
670138637,739.65,36,12:42:58,False,,True,False,739.65,39,1,59,670138695,train,True
670138638,739.73,36,12:42:59,False,,True,False,739.65,39,1,59,670138695,train,True
670138639,739.69,36,12:43:00,False,,True,False,739.65,39,1,59,670138695,train,True
670138640,739.69,36,12:43:01,False,,True,False,739.65,39,1,59,670138695,train,True
670138641,739.73,36,12:43:02,False,,True,False,739.65,39,1,59,670138695,train,True
670138642,739.71,36,12:43:03,False,,True,False,739.65,39,1,59,670138695,train,True
670138643,739.67,36,12:43:04,False,,True,False,739.65,39,1,59,670138695,train,True
670138644,739.68,36,12:43:05,False,,True,False,739.65,39,1,59,670138695,train,True
670138645,739.66,36,12:43:06,False,,True,False,739.65,40,1,59,670138695,train,True
670138646,739.68,36,12:43:07,False,,True,False,739.65,41,1,59,670138695,train,True
670138647,739.68,36,12:43:08,False,,True,False,739.65,42,1,59,670138695,train,True
670138648,739.66,36,12:43:09,False,,True,False,739.65,43,1,59,670138695,train,True
670138649,739.72,36,12:43:10,False,,True,False,739.65,44,1,59,670138695,train,True
670138650,739.65,36,12:43:11,False,,True,False,739.65,45,1,59,670138695,train,True
670138651,739.61,36,12:43:12,False,,True,False,739.65,46,1,59,670138695,train,True
670138652,739.67,36,12:43:13,False,,True,False,739.65,47,1,59,670138695,train,True
670138653,739.61,36,12:43:14,False,,True,False,739.65,48,1,59,670138695,train,True
670138654,739.58,36,12:43:15,False,,True,False,739.65,49,1,59,670138695,train,True
670138655,739.58,36,12:43:16,False,,True,False,739.65,50,1,59,670138695,train,True
670138656,739.6,36,12:43:17,False,,True,False,739.65,51,1,59,670138695,train,True
670138657,739.65,36,12:43:18,False,,True,False,739.65,52,1,59,670138695,train,True
670138658,739.64,36,12:43:19,False,,True,False,739.65,53,1,59,670138695,train,True
670138659,739.67,36,12:43:20,False,,True,False,739.65,54,1,59,670138695,train,True
670138660,739.62,36,12:43:21,False,,True,False,739.65,55,1,59,670138695,train,True
670138661,739.62,36,12:43:22,False,,True,False,739.65,56,1,59,670138695,train,True
670138662,739.66,36,12:43:23,False,,True,False,739.65,57,1,59,670138695,train,True
670138663,739.64,36,12:43:24,False,,True,False,739.65,58,1,59,670138695,train,True
670138664,739.68,36,12:43:25,False,,True,False,739.65,59,1,59,670138695,train,True
670138665,739.66,36,12:43:26,False,,True,False,739.65,60,1,59,670138695,train,True
670138666,739.62,36,12:43:27,False,,True,False,739.65,60,1,59,670138695,train,True
670138667,739.59,36,12:43:27,False,,True,False,739.65,60,1,59,670138695,train,True
670138668,739.59,36,12:43:28,False,,True,False,739.65,60,1,59,670138695,train,True
670138669,739.66,36,12:43:29,False,,True,False,739.65,60,1,59,670138695,train,True
670138670,739.65,36,12:43:30,False,,True,False,739.65,60,1,59,670138695,train,True
670138671,739.63,36,12:43:31,False,,True,False,739.65,60,1,59,670138695,train,True
670138672,739.61,36,12:43:32,False,,True,False,739.65,60,1,59,670138695,train,True
670138673,739.61,36,12:43:33,False,,True,False,739.65,60,1,59,670138695,train,True
670138674,739.58,36,12:43:34,False,,True,False,739.65,60,1,59,670138695,train,True
670138675,739.6,36,12:43:35,False,,True,False,739.65,60,1,59,670138695,train,True
670138676,739.58,36,12:43:36,False,,True,False,739.65,60,1,59,670138695,train,True
670138677,739.58,36,12:43:37,False,,True,False,739.65,60,1,59,670138695,train,True
670138678,739.6,36,12:43:38,False,,True,False,739.65,60,1,59,670138695,train,True
670138679,739.53,36,12:43:39,False,,True,False,739.65,60,1,59,670138695,train,True
670138680,739.49,36,12:43:40,False,,True,False,739.65,60,1,59,670138695,train,True
670138681,739.51,36,12:43:41,False,,True,False,739.65,60,1,59,670138695,train,True
670138682,739.44,36,12:43:42,False,,True,True,739.65,60,1,59,670138695,train,True
670138683,739.41,36,12:43:43,False,,True,True,739.65,60,1,59,670138695,train,True
670138684,739.35,36,12:43:44,False,,True,True,739.65,60,1,59,670138695,train,True
670138685,739.37,36,12:43:45,False,,True,True,739.65,60,1,59,670138695,train,True
670138686,739.34,36,12:43:46,False,,True,True,739.65,60,1,59,670138695,train,True
670138687,739.18,36,12:43:47,False,,True,True,739.65,60,1,59,670138695,train,True
670138688,739.0,36,12:43:48,False,,True,True,739.64,60,1,59,670138695,train,True
670138689,739.0,36,12:43:49,False,,True,True,739.64,60,1,59,670138695,train,True
670138690,738.93,36,12:43:50,False,,True,True,739.64,60,1,59,670138695,train,True
670138691,738.88,36,12:43:51,False,,True,True,739.64,60,1,59,670138695,train,True
670225376,739.48,37,12:10:19,False,,True,False,739.39,26,1,60,670225439,train,True
670225377,739.46,37,12:10:20,False,,True,False,739.39,26,1,60,670225439,train,True
670225378,739.48,37,12:10:21,False,,True,False,739.39,26,1,60,670225439,train,True
670225379,739.45,37,12:10:22,False,,True,False,739.39,26,1,60,670225439,train,True
670225380,739.52,37,12:10:23,False,,True,False,739.39,26,1,60,670225439,train,True
670225381,739.47,37,12:10:24,False,,True,False,739.39,26,1,60,670225439,train,True
670225382,739.49,37,12:10:25,False,,True,False,739.39,26,1,60,670225439,train,True
670225383,739.47,37,12:10:26,False,,True,False,739.39,26,1,60,670225439,train,True
670225384,739.49,37,12:10:27,False,,True,False,739.39,26,1,60,670225439,train,True
670225385,739.47,37,12:10:28,False,,True,False,739.39,26,1,60,670225439,train,True
670225386,739.43,37,12:10:29,False,,True,False,739.39,26,1,60,670225439,train,True
670225387,739.44,37,12:10:29,False,,True,False,739.39,27,1,60,670225439,train,True
670225388,739.49,37,12:10:30,False,,True,False,739.39,28,1,60,670225439,train,True
670225389,739.46,37,12:10:31,False,,True,False,739.39,29,1,60,670225439,train,True
670225390,739.36,37,12:10:32,False,,True,False,739.39,30,1,60,670225439,train,True
670225391,739.4,37,12:10:33,False,,True,False,739.4,31,1,60,670225439,train,True
670225392,739.39,37,12:10:34,False,,True,False,739.4,32,1,60,670225439,train,True
670225393,739.42,37,12:10:35,False,,True,False,739.4,33,1,60,670225439,train,True
670225394,739.37,37,12:10:36,False,,True,False,739.4,34,1,60,670225439,train,True
670225395,739.39,37,12:10:37,False,,True,False,739.4,35,1,60,670225439,train,True
670225396,739.43,37,12:10:38,False,,True,False,739.4,36,1,60,670225439,train,True
670225397,739.39,37,12:10:39,False,,True,False,739.4,37,1,60,670225439,train,True
670225398,739.43,37,12:10:40,False,,True,False,739.4,38,1,60,670225439,train,True
670225399,739.5,37,12:10:41,False,,True,False,739.4,39,1,60,670225439,train,True
670225400,739.43,37,12:10:42,False,,True,False,739.4,40,1,60,670225439,train,True
670225401,739.43,37,12:10:43,False,,True,False,739.4,41,1,60,670225439,train,True
670225402,739.49,37,12:10:44,False,,True,False,739.4,42,1,60,670225439,train,True
670225403,739.5,37,12:10:45,False,,True,False,739.4,43,1,60,670225439,train,True
670225404,739.52,37,12:10:46,False,,True,False,739.4,44,1,60,670225439,train,True
670225405,739.47,37,12:10:47,False,,True,False,739.4,45,1,60,670225439,train,True
670225406,739.47,37,12:10:48,False,,True,False,739.4,46,1,60,670225439,train,True
670225407,739.41,37,12:10:49,False,,True,False,739.4,47,1,60,670225439,train,True
670225408,739.43,37,12:10:50,False,,True,False,739.4,48,1,60,670225439,train,True
670225409,739.4,37,12:10:51,False,,True,False,739.4,49,1,60,670225439,train,True
670225410,739.42,37,12:10:52,False,,True,False,739.4,50,1,60,670225439,train,True
670225411,739.36,37,12:10:53,False,,True,False,739.4,51,1,60,670225439,train,True
670225412,739.38,37,12:10:54,False,,True,False,739.41,52,1,60,670225439,train,True
670225413,739.38,37,12:10:55,False,,True,False,739.41,53,1,60,670225439,train,True
670225414,739.35,37,12:10:56,False,,True,False,739.41,54,1,60,670225439,train,True
670225415,739.35,37,12:10:57,False,,True,False,739.41,55,1,60,670225439,train,True
670225416,739.33,37,12:10:58,False,,True,False,739.41,56,1,60,670225439,train,True
670225417,739.35,37,12:10:59,False,,True,False,739.41,57,1,60,670225439,train,True
670225418,739.33,37,12:11:00,False,,True,False,739.41,58,1,60,670225439,train,True
670225419,739.32,37,12:11:01,False,,True,False,739.41,59,1,60,670225439,train,True
670225420,739.32,37,12:11:02,False,,True,False,739.41,60,1,60,670225439,train,True
670225421,739.26,37,12:11:03,False,,True,False,739.41,60,1,60,670225439,train,True
670225422,739.3,37,12:11:04,False,,True,False,739.41,60,1,60,670225439,train,True
670225423,739.3,37,12:11:05,False,,True,False,739.41,60,1,60,670225439,train,True
670225424,739.28,37,12:11:05,False,,True,True,739.41,60,1,60,670225439,train,True
670225425,739.32,37,12:11:06,False,,True,True,739.41,60,1,60,670225439,train,True
670225426,739.28,37,12:11:07,False,,True,True,739.41,60,1,60,670225439,train,True
670225427,739.23,37,12:11:08,False,,True,True,739.41,60,1,60,670225439,train,True
670225428,739.25,37,12:11:09,False,,True,True,739.41,60,1,60,670225439,train,True
670225429,739.16,37,12:11:10,False,,True,True,739.41,60,1,60,670225439,train,True
670225430,739.2,37,12:11:11,False,,True,True,739.41,60,1,60,670225439,train,True
670225431,739.09,37,12:11:12,False,,True,True,739.41,60,1,60,670225439,train,True
670225432,739.09,37,12:11:13,False,,True,True,739.41,60,1,60,670225439,train,True
670225433,738.98,37,12:11:14,False,,True,True,739.41,60,1,60,670225439,train,True
670225434,738.95,37,12:11:15,False,,True,True,739.41,60,1,60,670225439,train,True
670225435,738.72,37,12:11:16,False,,True,True,739.41,60,1,60,670225439,train,True
670232255,738.33,37,14:01:55,False,,True,True,738.63,60,1,61,670232335,train,True
670232256,738.37,37,14:01:56,False,,True,True,738.63,60,1,61,670232335,train,True
670232257,738.37,37,14:01:57,False,,True,True,738.63,60,1,61,670232335,train,True
670232258,738.3,37,14:01:58,False,,True,True,738.63,60,1,61,670232335,train,True
670232259,738.37,37,14:01:59,False,,True,True,738.63,60,1,61,670232335,train,True
670232260,738.32,37,14:02:00,False,,True,True,738.63,60,1,61,670232335,train,True
670232261,738.37,37,14:02:01,False,,True,True,738.63,60,1,61,670232335,train,True
670232262,738.41,37,14:02:02,False,,True,True,738.63,60,1,61,670232335,train,True
670232263,738.38,37,14:02:03,False,,True,True,738.63,60,1,61,670232335,train,True
670232264,738.38,37,14:02:04,False,,True,True,738.63,60,1,61,670232335,train,True
670232265,738.36,37,14:02:05,False,,True,True,738.63,60,1,61,670232335,train,True
670232266,738.42,37,14:02:06,False,,True,True,738.63,60,1,61,670232335,train,True
670232267,738.42,37,14:02:07,False,,True,True,738.63,60,1,61,670232335,train,True
670232268,738.44,37,14:02:08,False,,True,True,738.63,60,1,61,670232335,train,True
670232269,738.44,37,14:02:09,False,,True,True,738.63,60,1,61,670232335,train,True
670232270,738.44,37,14:02:10,False,,True,True,738.63,60,1,61,670232335,train,True
670232271,738.43,37,14:02:11,False,,True,True,738.63,60,1,61,670232335,train,True
670232272,738.39,37,14:02:12,False,,True,True,738.63,60,1,61,670232335,train,True
670232273,738.46,37,14:02:13,False,,True,True,738.63,60,1,61,670232335,train,True
670232274,738.37,37,14:02:14,False,,True,True,738.62,60,1,61,670232335,train,True
670232275,738.41,37,14:02:15,False,,True,True,738.62,60,1,61,670232335,train,True
670232276,738.38,37,14:02:16,False,,True,True,738.62,60,1,61,670232335,train,True
670232277,738.38,37,14:02:17,False,,True,True,738.62,60,1,61,670232335,train,True
670232278,738.43,37,14:02:18,False,,True,True,738.62,60,1,61,670232335,train,True
670232279,738.45,37,14:02:19,False,,True,True,738.62,60,1,61,670232335,train,True
670232280,738.44,37,14:02:20,False,,True,True,738.62,60,1,61,670232335,train,True
670232281,738.4,37,14:02:21,False,,True,True,738.62,60,1,61,670232335,train,True
670232282,738.47,37,14:02:22,False,,True,True,738.62,60,1,61,670232335,train,True
670232283,738.46,37,14:02:23,False,,True,True,738.62,60,1,61,670232335,train,True
670232284,738.46,37,14:02:24,False,,True,True,738.62,60,1,61,670232335,train,True
670232285,738.48,37,14:02:25,False,,True,True,738.62,60,1,61,670232335,train,True
670232286,738.46,37,14:02:26,False,,True,True,738.62,60,1,61,670232335,train,True
670232287,738.5,37,14:02:27,False,,True,True,738.62,60,1,61,670232335,train,True
670232288,738.48,37,14:02:28,False,,True,True,738.62,60,1,61,670232335,train,True
670232289,738.52,37,14:02:29,False,,True,True,738.62,60,1,61,670232335,train,True
670232290,738.52,37,14:02:30,False,,True,True,738.62,60,1,61,670232335,train,True
670232291,738.54,37,14:02:31,False,,True,True,738.62,60,1,61,670232335,train,True
670232292,738.52,37,14:02:32,False,,True,True,738.62,60,1,61,670232335,train,True
670232293,738.54,37,14:02:32,False,,True,True,738.62,60,1,61,670232335,train,True
670232294,738.49,37,14:02:33,False,,True,True,738.62,60,1,61,670232335,train,True
670232295,738.46,37,14:02:34,False,,True,True,738.62,60,1,61,670232335,train,True
670232296,738.49,37,14:02:35,False,,True,True,738.62,60,1,61,670232335,train,True
670232297,738.54,37,14:02:36,False,,True,True,738.62,60,1,61,670232335,train,True
670232298,738.46,37,14:02:37,False,,True,True,738.61,60,1,61,670232335,train,True
670232299,738.48,37,14:02:38,False,,True,True,738.61,60,1,61,670232335,train,True
670232300,738.57,37,14:02:39,False,,True,True,738.61,60,1,61,670232335,train,True
670232301,738.48,37,14:02:40,False,,True,True,738.61,60,1,61,670232335,train,True
670232302,738.5,37,14:02:41,False,,True,True,738.61,60,1,61,670232335,train,True
670232303,738.39,37,14:02:42,False,,True,True,738.61,60,1,61,670232335,train,True
670232304,738.38,37,14:02:43,False,,True,True,738.61,60,1,61,670232335,train,True
670232305,738.42,37,14:02:44,False,,True,True,738.61,60,1,61,670232335,train,True
670232306,738.36,37,14:02:45,False,,True,True,738.61,60,1,61,670232335,train,True
670232307,738.37,37,14:02:46,False,,True,True,738.61,60,1,61,670232335,train,True
670232308,738.38,37,14:02:47,False,,True,True,738.61,60,1,61,670232335,train,True
670232309,738.33,37,14:02:48,False,,True,True,738.61,60,1,61,670232335,train,True
670232310,738.24,37,14:02:49,False,,True,True,738.61,60,1,61,670232335,train,True
670232311,738.3,37,14:02:50,False,,True,True,738.61,60,1,61,670232335,train,True
670232312,738.21,37,14:02:51,False,,True,True,738.61,60,1,61,670232335,train,True
670232313,738.3,37,14:02:52,False,,True,True,738.61,60,1,61,670232335,train,True
670232314,738.25,37,14:02:53,False,,True,True,738.6,60,1,61,670232335,train,True
670232924,737.85,37,14:12:47,False,,True,False,738.22,5,1,62,670232986,train,True
670232925,737.85,37,14:12:48,False,,True,False,738.22,6,1,62,670232986,train,True
670232926,737.94,37,14:12:49,False,,True,False,738.22,7,1,62,670232986,train,True
670232927,737.81,37,14:12:50,False,,True,False,738.22,8,1,62,670232986,train,True
670232928,737.83,37,14:12:51,False,,True,False,738.22,9,1,62,670232986,train,True
670232929,737.85,37,14:12:52,False,,True,False,738.21,10,1,62,670232986,train,True
670232930,737.85,37,14:12:53,False,,True,False,738.21,11,1,62,670232986,train,True
670232931,737.83,37,14:12:54,False,,True,False,738.21,12,1,62,670232986,train,True
670232932,737.85,37,14:12:55,False,,True,False,738.21,13,1,62,670232986,train,True
670232933,737.87,37,14:12:56,False,,True,False,738.21,14,1,62,670232986,train,True
670232934,737.82,37,14:12:56,False,,True,False,738.21,15,1,62,670232986,train,True
670232935,737.84,37,14:12:57,False,,True,False,738.21,16,1,62,670232986,train,True
670232936,737.78,37,14:12:58,False,,True,False,738.2,17,1,62,670232986,train,True
670232937,737.82,37,14:12:59,False,,True,False,738.2,18,1,62,670232986,train,True
670232938,737.82,37,14:13:00,False,,True,False,738.2,19,1,62,670232986,train,True
670232939,737.77,37,14:13:01,False,,True,False,738.2,20,1,62,670232986,train,True
670232940,737.84,37,14:13:02,False,,True,False,738.2,21,1,62,670232986,train,True
670232941,737.79,37,14:13:03,False,,True,False,738.2,22,1,62,670232986,train,True
670232942,737.81,37,14:13:04,False,,True,False,738.2,23,1,62,670232986,train,True
670232943,737.85,37,14:13:05,False,,True,False,738.19,24,1,62,670232986,train,True
670232944,737.83,37,14:13:06,False,,True,False,738.19,25,1,62,670232986,train,True
670232945,737.86,37,14:13:07,False,,True,False,738.19,26,1,62,670232986,train,True
670232946,737.81,37,14:13:08,False,,True,False,738.19,27,1,62,670232986,train,True
670232947,737.76,37,14:13:09,False,,True,False,738.19,28,1,62,670232986,train,True
670232948,737.85,37,14:13:10,False,,True,False,738.19,29,1,62,670232986,train,True
670232949,737.83,37,14:13:11,False,,True,False,738.18,30,1,62,670232986,train,True
670232950,737.85,37,14:13:12,False,,True,False,738.18,31,1,62,670232986,train,True
670232951,737.78,37,14:13:13,False,,True,False,738.18,32,1,62,670232986,train,True
670232952,737.85,37,14:13:14,False,,True,False,738.18,33,1,62,670232986,train,True
670232953,737.84,37,14:13:15,False,,True,False,738.18,34,1,62,670232986,train,True
670232954,737.82,37,14:13:16,False,,True,False,738.18,35,1,62,670232986,train,True
670232955,737.82,37,14:13:17,False,,True,False,738.18,36,1,62,670232986,train,True
670232956,737.86,37,14:13:18,False,,True,False,738.18,37,1,62,670232986,train,True
670232957,737.86,37,14:13:19,False,,True,False,738.17,38,1,62,670232986,train,True
670232958,737.86,37,14:13:20,False,,True,False,738.17,39,1,62,670232986,train,True
670232959,737.84,37,14:13:21,False,,True,False,738.17,40,1,62,670232986,train,True
670232960,737.86,37,14:13:22,False,,True,False,738.17,41,1,62,670232986,train,True
670232961,737.84,37,14:13:23,False,,True,False,738.17,42,1,62,670232986,train,True
670232962,737.88,37,14:13:24,False,,True,False,738.17,43,1,62,670232986,train,True
670232963,737.88,37,14:13:25,False,,True,False,738.17,44,1,62,670232986,train,True
670232964,737.92,37,14:13:26,False,,True,False,738.16,45,1,62,670232986,train,True
670232965,737.81,37,14:13:27,False,,True,False,738.16,46,1,62,670232986,train,True
670232966,737.87,37,14:13:28,False,,True,False,738.16,47,1,62,670232986,train,True
670232967,737.92,37,14:13:29,False,,True,False,738.16,48,1,62,670232986,train,True
670232968,737.83,37,14:13:30,False,,True,False,738.16,49,1,62,670232986,train,True
670232969,737.94,37,14:13:31,False,,True,False,738.16,50,1,62,670232986,train,True
670232970,737.92,37,14:13:32,False,,True,False,738.16,51,1,62,670232986,train,True
670232971,737.96,37,14:13:33,False,,True,False,738.16,52,1,62,670232986,train,True
670232972,737.91,37,14:13:33,False,,True,False,738.16,53,1,62,670232986,train,True
670232973,737.89,37,14:13:34,False,,True,False,738.15,54,1,62,670232986,train,True
670232974,737.84,37,14:13:35,False,,True,False,738.15,55,1,62,670232986,train,True
670232975,737.8,37,14:13:36,False,,True,True,738.15,56,1,62,670232986,train,True
670232976,737.8,37,14:13:37,False,,True,True,738.15,57,1,62,670232986,train,True
670232977,737.73,37,14:13:38,False,,True,True,738.15,58,1,62,670232986,train,True
670232978,737.61,37,14:13:39,False,,True,True,738.15,59,1,62,670232986,train,True
670232979,737.5,37,14:13:40,False,,True,True,738.15,60,1,62,670232986,train,True
670232980,737.59,37,14:13:41,False,,True,True,738.14,60,1,62,670232986,train,True
670232981,737.56,37,14:13:42,False,,True,True,738.14,60,1,62,670232986,train,True
670232982,737.52,37,14:13:43,False,,True,True,738.14,60,1,62,670232986,train,True
670232983,737.29,37,14:13:44,False,,True,True,738.14,60,1,62,670232986,train,True
670233808,737.39,37,14:27:07,False,,True,False,737.51,31,1,63,670233871,train,True
670233809,737.43,37,14:27:08,False,,True,False,737.51,32,1,63,670233871,train,True
670233810,737.41,37,14:27:09,False,,True,False,737.51,32,1,63,670233871,train,True
670233811,737.41,37,14:27:10,False,,True,False,737.51,32,1,63,670233871,train,True
670233812,737.38,37,14:27:11,False,,True,False,737.51,33,1,63,670233871,train,True
670233813,737.38,37,14:27:12,False,,True,False,737.51,34,1,63,670233871,train,True
670233814,737.38,37,14:27:13,False,,True,False,737.51,35,1,63,670233871,train,True
670233815,737.34,37,14:27:14,False,,True,False,737.51,36,1,63,670233871,train,True
670233816,737.42,37,14:27:15,False,,True,False,737.5,37,1,63,670233871,train,True
670233817,737.36,37,14:27:16,False,,True,False,737.5,38,1,63,670233871,train,True
670233818,737.31,37,14:27:17,False,,True,False,737.5,39,1,63,670233871,train,True
670233819,737.36,37,14:27:18,False,,True,False,737.5,40,1,63,670233871,train,True
670233820,737.34,37,14:27:19,False,,True,False,737.5,41,1,63,670233871,train,True
670233821,737.35,37,14:27:20,False,,True,False,737.5,42,1,63,670233871,train,True
670233822,737.4,37,14:27:21,False,,True,False,737.5,43,1,63,670233871,train,True
670233823,737.31,37,14:27:22,False,,True,False,737.5,44,1,63,670233871,train,True
670233824,737.31,37,14:27:23,False,,True,False,737.5,45,1,63,670233871,train,True
670233825,737.29,37,14:27:24,False,,True,False,737.5,46,1,63,670233871,train,True
670233826,737.31,37,14:27:25,False,,True,False,737.5,47,1,63,670233871,train,True
670233827,737.28,37,14:27:26,False,,True,False,737.5,48,1,63,670233871,train,True
670233828,737.33,37,14:27:27,False,,True,False,737.5,49,1,63,670233871,train,True
670233829,737.35,37,14:27:28,False,,True,False,737.5,50,1,63,670233871,train,True
670233830,737.33,37,14:27:29,False,,True,False,737.49,51,1,63,670233871,train,True
670233831,737.28,37,14:27:30,False,,True,False,737.49,52,1,63,670233871,train,True
670233832,737.28,37,14:27:31,False,,True,False,737.49,53,1,63,670233871,train,True
670233833,737.26,37,14:27:32,False,,True,False,737.49,54,1,63,670233871,train,True
670233834,737.3,37,14:27:33,False,,True,False,737.49,55,1,63,670233871,train,True
670233835,737.28,37,14:27:34,False,,True,False,737.49,56,1,63,670233871,train,True
670233836,737.32,37,14:27:35,False,,True,False,737.49,57,1,63,670233871,train,True
670233837,737.3,37,14:27:36,False,,True,False,737.49,58,1,63,670233871,train,True
670233838,737.32,37,14:27:37,False,,True,False,737.49,59,1,63,670233871,train,True
670233839,737.23,37,14:27:38,False,,True,False,737.49,60,1,63,670233871,train,True
670233840,737.3,37,14:27:38,False,,True,False,737.49,60,1,63,670233871,train,True
670233841,737.25,37,14:27:39,False,,True,False,737.49,60,1,63,670233871,train,True
670233842,737.29,37,14:27:40,False,,True,False,737.48,60,1,63,670233871,train,True
670233843,737.27,37,14:27:41,False,,True,False,737.48,60,1,63,670233871,train,True
670233844,737.29,37,14:27:42,False,,True,False,737.48,60,1,63,670233871,train,True
670233845,737.23,37,14:27:43,False,,True,False,737.48,60,1,63,670233871,train,True
670233846,737.31,37,14:27:44,False,,True,False,737.48,60,1,63,670233871,train,True
670233847,737.33,37,14:27:45,False,,True,False,737.48,60,1,63,670233871,train,True
670233848,737.25,37,14:27:46,False,,True,False,737.48,60,1,63,670233871,train,True
670233849,737.25,37,14:27:47,False,,True,False,737.48,60,1,63,670233871,train,True
670233850,737.29,37,14:27:48,False,,True,False,737.48,60,1,63,670233871,train,True
670233851,737.26,37,14:27:49,False,,True,False,737.48,60,1,63,670233871,train,True
670233852,737.24,37,14:27:50,False,,True,False,737.48,60,1,63,670233871,train,True
670233853,737.22,37,14:27:51,False,,True,False,737.48,60,1,63,670233871,train,True
670233854,737.2,37,14:27:52,False,,True,False,737.47,60,1,63,670233871,train,True
670233855,737.22,37,14:27:53,False,,True,False,737.47,60,1,63,670233871,train,True
670233856,737.19,37,14:27:54,False,,True,False,737.47,60,1,63,670233871,train,True
670233857,737.22,37,14:27:55,False,,True,True,737.47,60,1,63,670233871,train,True
670233858,737.26,37,14:27:56,False,,True,True,737.47,60,1,63,670233871,train,True
670233859,737.17,37,14:27:57,False,,True,True,737.47,60,1,63,670233871,train,True
670233860,737.26,37,14:27:58,False,,True,True,737.47,60,1,63,670233871,train,True
670233861,737.26,37,14:27:59,False,,True,True,737.47,60,1,63,670233871,train,True
670233862,737.17,37,14:28:00,False,,True,True,737.47,60,1,63,670233871,train,True
670233863,737.12,37,14:28:01,False,,True,True,737.47,60,1,63,670233871,train,True
670233864,737.12,37,14:28:02,False,,True,True,737.47,60,1,63,670233871,train,True
670233865,737.03,37,14:28:03,False,,True,True,737.47,60,1,63,670233871,train,True
670233866,736.96,37,14:28:04,False,,True,True,737.46,60,1,63,670233871,train,True
670233867,736.94,37,14:28:05,False,,True,True,737.46,60,1,63,670233871,train,True
670313692,737.63,38,12:03:14,False,,True,True,737.69,38,1,64,670313772,train,True
670313693,737.51,38,12:03:15,False,,True,True,737.69,38,1,64,670313772,train,True
670313694,737.58,38,12:03:16,False,,True,True,737.69,38,1,64,670313772,train,True
670313695,737.61,38,12:03:17,False,,True,True,737.69,38,1,64,670313772,train,True
670313696,737.61,38,12:03:18,False,,True,True,737.69,38,1,64,670313772,train,True
670313697,737.6,38,12:03:19,False,,True,True,737.69,38,1,64,670313772,train,True
670313698,737.6,38,12:03:20,False,,True,True,737.69,38,1,64,670313772,train,True
670313699,737.62,38,12:03:21,False,,True,True,737.69,38,1,64,670313772,train,True
670313700,737.55,38,12:03:22,False,,True,True,737.69,38,1,64,670313772,train,True
670313701,737.66,38,12:03:23,False,,True,True,737.69,38,1,64,670313772,train,True
670313702,737.64,38,12:03:24,False,,True,True,737.69,38,1,64,670313772,train,True
670313703,737.62,38,12:03:25,False,,True,True,737.69,38,1,64,670313772,train,True
670313704,737.69,38,12:03:26,False,,True,True,737.69,38,1,64,670313772,train,True
670313705,737.64,38,12:03:27,False,,True,True,737.69,38,1,64,670313772,train,True
670313706,737.7,38,12:03:28,False,,True,True,737.69,38,1,64,670313772,train,True
670313707,737.68,38,12:03:29,False,,True,True,737.69,38,1,64,670313772,train,True
670313708,737.64,38,12:03:30,False,,True,True,737.69,38,1,64,670313772,train,True
670313709,737.7,38,12:03:31,False,,True,True,737.69,38,1,64,670313772,train,True
670313710,737.72,38,12:03:32,False,,True,True,737.69,38,1,64,670313772,train,True
670313711,737.68,38,12:03:33,False,,True,True,737.69,38,1,64,670313772,train,True
670313712,737.69,38,12:03:34,False,,True,True,737.69,38,1,64,670313772,train,True
670313713,737.67,38,12:03:35,False,,True,True,737.69,38,1,64,670313772,train,True
670313714,737.67,38,12:03:36,False,,True,True,737.69,38,1,64,670313772,train,True
670313715,737.67,38,12:03:37,False,,True,True,737.69,38,1,64,670313772,train,True
670313716,737.67,38,12:03:38,False,,True,True,737.69,38,1,64,670313772,train,True
670313717,737.67,38,12:03:39,False,,True,True,737.69,39,1,64,670313772,train,True
670313718,737.64,38,12:03:40,False,,True,True,737.69,40,1,64,670313772,train,True
670313719,737.64,38,12:03:41,False,,True,True,737.69,41,1,64,670313772,train,True
670313720,737.66,38,12:03:42,False,,True,True,737.69,42,1,64,670313772,train,True
670313721,737.62,38,12:03:43,False,,True,True,737.69,43,1,64,670313772,train,True
670313722,737.68,38,12:03:44,False,,True,True,737.69,44,1,64,670313772,train,True
670313723,737.61,38,12:03:45,False,,True,True,737.69,45,1,64,670313772,train,True
670313724,737.61,38,12:03:46,False,,True,True,737.69,46,1,64,670313772,train,True
670313725,737.63,38,12:03:47,False,,True,True,737.69,47,1,64,670313772,train,True
670313726,737.59,38,12:03:48,False,,True,True,737.69,48,1,64,670313772,train,True
670313727,737.56,38,12:03:49,False,,True,True,737.69,49,1,64,670313772,train,True
670313728,737.58,38,12:03:50,False,,True,True,737.69,50,1,64,670313772,train,True
670313729,737.54,38,12:03:51,False,,True,True,737.69,51,1,64,670313772,train,True
670313730,737.54,38,12:03:51,False,,True,True,737.69,52,1,64,670313772,train,True
670313731,737.49,38,12:03:52,False,,True,True,737.69,53,1,64,670313772,train,True
670313732,737.58,38,12:03:53,False,,True,True,737.69,54,1,64,670313772,train,True
670313733,737.49,38,12:03:54,False,,True,True,737.69,55,1,64,670313772,train,True
670313734,737.53,38,12:03:55,False,,True,True,737.69,56,1,64,670313772,train,True
670313735,737.53,38,12:03:56,False,,True,True,737.69,57,1,64,670313772,train,True
670313736,737.53,38,12:03:57,False,,True,True,737.69,58,1,64,670313772,train,True
670313737,737.5,38,12:03:58,False,,True,True,737.69,59,1,64,670313772,train,True
670313738,737.52,38,12:03:59,False,,True,True,737.69,60,1,64,670313772,train,True
670313739,737.55,38,12:04:00,False,,True,True,737.68,60,1,64,670313772,train,True
670313740,737.55,38,12:04:01,False,,True,True,737.68,60,1,64,670313772,train,True
670313741,737.61,38,12:04:02,False,,True,True,737.68,60,1,64,670313772,train,True
670313742,737.59,38,12:04:03,False,,True,True,737.68,60,1,64,670313772,train,True
670313743,737.54,38,12:04:04,False,,True,True,737.68,60,1,64,670313772,train,True
670313744,737.54,38,12:04:05,False,,True,True,737.68,60,1,64,670313772,train,True
670313745,737.47,38,12:04:06,False,,True,True,737.68,60,1,64,670313772,train,True
670313746,737.49,38,12:04:07,False,,True,True,737.68,60,1,64,670313772,train,True
670313747,737.43,38,12:04:08,False,,True,True,737.68,60,1,64,670313772,train,True
670313748,737.46,38,12:04:09,False,,True,True,737.68,60,1,64,670313772,train,True
670313749,737.42,38,12:04:10,False,,True,True,737.68,60,1,64,670313772,train,True
670313750,737.38,38,12:04:11,False,,True,True,737.68,60,1,64,670313772,train,True
670313751,737.35,38,12:04:12,False,,True,True,737.68,60,1,64,670313772,train,True
670315265,738.61,38,12:28:46,False,,True,True,738.22,60,1,65,670315385,train,True
670315266,738.65,38,12:28:47,False,,True,True,738.22,60,1,65,670315385,train,True
670315267,738.62,38,12:28:48,False,,True,True,738.22,60,1,65,670315385,train,True
670315268,738.63,38,12:28:49,False,,True,True,738.23,60,1,65,670315385,train,True
670315269,738.62,38,12:28:50,False,,True,True,738.23,60,1,65,670315385,train,True
670315270,738.6,38,12:28:51,False,,True,True,738.23,60,1,65,670315385,train,True
670315271,738.6,38,12:28:52,False,,True,True,738.23,60,1,65,670315385,train,True
670315272,738.58,38,12:28:53,False,,True,True,738.23,60,1,65,670315385,train,True
670315273,738.57,38,12:28:54,False,,True,True,738.23,60,1,65,670315385,train,True
670315274,738.55,38,12:28:55,False,,True,True,738.23,60,1,65,670315385,train,True
670315275,738.59,38,12:28:56,False,,True,True,738.23,60,1,65,670315385,train,True
670315276,738.57,38,12:28:57,False,,True,True,738.23,60,1,65,670315385,train,True
670315277,738.59,38,12:28:57,False,,True,True,738.24,60,1,65,670315385,train,True
670315278,738.54,38,12:28:58,False,,True,True,738.24,60,1,65,670315385,train,True
670315279,738.59,38,12:28:59,False,,True,True,738.24,60,1,65,670315385,train,True
670315280,738.57,38,12:29:00,False,,True,True,738.24,60,1,65,670315385,train,True
670315281,738.54,38,12:29:01,False,,True,True,738.24,60,1,65,670315385,train,True
670315282,738.54,38,12:29:02,False,,True,True,738.24,60,1,65,670315385,train,True
670315283,738.56,38,12:29:03,False,,True,True,738.24,60,1,65,670315385,train,True
670315284,738.47,38,12:29:04,False,,True,True,738.24,60,1,65,670315385,train,True
670315285,738.52,38,12:29:05,False,,True,True,738.24,60,1,65,670315385,train,True
670315286,738.49,38,12:29:06,False,,True,True,738.24,60,1,65,670315385,train,True
670315287,738.54,38,12:29:07,False,,True,True,738.25,60,1,65,670315385,train,True
670315288,738.49,38,12:29:08,False,,True,True,738.25,60,1,65,670315385,train,True
670315289,738.55,38,12:29:09,False,,True,True,738.25,60,1,65,670315385,train,True
670315290,738.51,38,12:29:10,False,,True,True,738.25,60,1,65,670315385,train,True
670315291,738.53,38,12:29:11,False,,True,True,738.25,60,1,65,670315385,train,True
670315292,738.49,38,12:29:12,False,,True,True,738.25,60,1,65,670315385,train,True
670315293,738.46,38,12:29:13,False,,True,True,738.25,60,1,65,670315385,train,True
670315294,738.51,38,12:29:14,False,,True,True,738.25,60,1,65,670315385,train,True
670315295,738.49,38,12:29:15,False,,True,True,738.25,60,1,65,670315385,train,True
670315296,738.46,38,12:29:16,False,,True,True,738.25,60,1,65,670315385,train,True
670315297,738.5,38,12:29:17,False,,True,True,738.25,60,1,65,670315385,train,True
670315298,738.46,38,12:29:18,False,,True,True,738.25,60,1,65,670315385,train,True
670315299,738.47,38,12:29:19,False,,True,True,738.25,60,1,65,670315385,train,True
670315300,738.45,38,12:29:20,False,,True,True,738.25,60,1,65,670315385,train,True
670315301,738.43,38,12:29:21,False,,True,True,738.25,60,1,65,670315385,train,True
670315302,738.5,38,12:29:22,False,,True,True,738.25,60,1,65,670315385,train,True
670315303,738.41,38,12:29:23,False,,True,True,738.25,60,1,65,670315385,train,True
670315304,738.47,38,12:29:24,False,,True,True,738.25,60,1,65,670315385,train,True
670315305,738.43,38,12:29:25,False,,True,True,738.25,60,1,65,670315385,train,True
670315306,738.38,38,12:29:26,False,,True,True,738.25,60,1,65,670315385,train,True
670315307,738.4,38,12:29:27,False,,True,True,738.25,60,1,65,670315385,train,True
670315308,738.36,38,12:29:28,False,,True,True,738.25,60,1,65,670315385,train,True
670315309,738.4,38,12:29:29,False,,True,True,738.25,60,1,65,670315385,train,True
670315310,738.42,38,12:29:30,False,,True,True,738.25,60,1,65,670315385,train,True
670315311,738.44,38,12:29:31,False,,True,True,738.25,60,1,65,670315385,train,True
670315312,738.4,38,12:29:32,False,,True,True,738.25,60,1,65,670315385,train,True
670315313,738.4,38,12:29:33,False,,True,True,738.25,60,1,65,670315385,train,True
670315314,738.42,38,12:29:33,False,,True,True,738.25,60,1,65,670315385,train,True
670315315,738.39,38,12:29:34,False,,True,True,738.25,60,1,65,670315385,train,True
670315316,738.39,38,12:29:35,False,,True,True,738.26,60,1,65,670315385,train,True
670315317,738.41,38,12:29:36,False,,True,True,738.26,60,1,65,670315385,train,True
670315318,738.41,38,12:29:37,False,,True,True,738.26,60,1,65,670315385,train,True
670315319,738.39,38,12:29:38,False,,True,True,738.26,60,1,65,670315385,train,True
670315320,738.37,38,12:29:39,False,,True,True,738.26,60,1,65,670315385,train,True
670315321,738.41,38,12:29:40,False,,True,True,738.26,60,1,65,670315385,train,True
670315322,738.39,38,12:29:41,False,,True,True,738.26,60,1,65,670315385,train,True
670315323,738.3,38,12:29:42,False,,True,True,738.26,60,1,65,670315385,train,True
670315324,738.34,38,12:29:43,False,,True,True,738.26,60,1,65,670315385,train,True
670317643,739.33,38,13:07:21,False,,True,True,739.26,26,1,66,670317790,train,True
670317644,739.33,38,13:07:22,False,,True,True,739.26,27,1,66,670317790,train,True
670317645,739.33,38,13:07:23,False,,True,True,739.26,28,1,66,670317790,train,True
670317646,739.35,38,13:07:24,False,,True,True,739.26,29,1,66,670317790,train,True
670317647,739.26,38,13:07:25,False,,True,True,739.26,30,1,66,670317790,train,True
670317648,739.33,38,13:07:26,False,,True,True,739.26,31,1,66,670317790,train,True
670317649,739.26,38,13:07:27,False,,True,True,739.26,31,1,66,670317790,train,True
670317650,739.35,38,13:07:28,False,,True,True,739.26,32,1,66,670317790,train,True
670317651,739.21,38,13:07:29,False,,True,True,739.26,33,1,66,670317790,train,True
670317652,739.3,38,13:07:30,False,,True,True,739.26,32,1,66,670317790,train,True
670317653,739.25,38,13:07:31,False,,True,True,739.26,32,1,66,670317790,train,True
670317654,739.3,38,13:07:31,False,,True,True,739.26,32,1,66,670317790,train,True
670317655,739.23,38,13:07:32,False,,True,True,739.26,32,1,66,670317790,train,True
670317656,739.23,38,13:07:33,False,,True,True,739.26,33,1,66,670317790,train,True
670317657,739.25,38,13:07:34,False,,True,True,739.26,33,1,66,670317790,train,True
670317658,739.27,38,13:07:35,False,,True,True,739.26,33,1,66,670317790,train,True
670317659,739.2,38,13:07:36,False,,True,True,739.26,33,1,66,670317790,train,True
670317660,739.2,38,13:07:37,False,,True,True,739.26,33,1,66,670317790,train,True
670317661,739.25,38,13:07:38,False,,True,True,739.26,33,1,66,670317790,train,True
670317662,739.26,38,13:07:39,False,,True,True,739.26,33,1,66,670317790,train,True
670317663,739.2,38,13:07:40,False,,True,True,739.26,33,1,66,670317790,train,True
670317664,739.22,38,13:07:41,False,,True,True,739.26,33,1,66,670317790,train,True
670317665,739.17,38,13:07:42,False,,True,True,739.26,34,1,66,670317790,train,True
670317666,739.22,38,13:07:43,False,,True,True,739.26,35,1,66,670317790,train,True
670317667,739.22,38,13:07:44,False,,True,True,739.26,36,1,66,670317790,train,True
670317668,739.22,38,13:07:45,False,,True,True,739.26,37,1,66,670317790,train,True
670317669,739.17,38,13:07:46,False,,True,True,739.26,38,1,66,670317790,train,True
670317670,739.17,38,13:07:47,False,,True,True,739.26,39,1,66,670317790,train,True
670317671,739.21,38,13:07:48,False,,True,True,739.26,40,1,66,670317790,train,True
670317672,739.16,38,13:07:49,False,,True,True,739.26,41,1,66,670317790,train,True
670317673,739.19,38,13:07:50,False,,True,True,739.26,42,1,66,670317790,train,True
670317674,739.23,38,13:07:51,False,,True,True,739.26,43,1,66,670317790,train,True
670317675,739.21,38,13:07:52,False,,True,True,739.27,44,1,66,670317790,train,True
670317676,739.19,38,13:07:53,False,,True,True,739.27,45,1,66,670317790,train,True
670317677,739.21,38,13:07:54,False,,True,True,739.27,46,1,66,670317790,train,True
670317678,739.18,38,13:07:55,False,,True,True,739.27,47,1,66,670317790,train,True
670317679,739.23,38,13:07:56,False,,True,True,739.27,47,1,66,670317790,train,True
670317680,739.21,38,13:07:57,False,,True,True,739.27,47,1,66,670317790,train,True
670317681,739.23,38,13:07:58,False,,True,True,739.27,47,1,66,670317790,train,True
670317682,739.18,38,13:07:59,False,,True,True,739.27,47,1,66,670317790,train,True
670317683,739.18,38,13:08:00,False,,True,True,739.27,47,1,66,670317790,train,True
670317684,739.2,38,13:08:01,False,,True,True,739.27,47,1,66,670317790,train,True
670317685,739.22,38,13:08:02,False,,True,True,739.27,47,1,66,670317790,train,True
670317686,739.2,38,13:08:03,False,,True,True,739.27,47,1,66,670317790,train,True
670317687,739.2,38,13:08:04,False,,True,True,739.27,47,1,66,670317790,train,True
670317688,739.18,38,13:08:05,False,,True,True,739.27,47,1,66,670317790,train,True
670317689,739.22,38,13:08:06,False,,True,True,739.27,47,1,66,670317790,train,True
670317690,739.24,38,13:08:07,False,,True,True,739.27,47,1,66,670317790,train,True
670317691,739.15,38,13:08:08,False,,True,True,739.27,47,1,66,670317790,train,True
670317692,739.15,38,13:08:08,False,,True,True,739.27,47,1,66,670317790,train,True
670317693,739.17,38,13:08:09,False,,True,True,739.27,47,1,66,670317790,train,True
670317694,739.15,38,13:08:10,False,,True,True,739.27,47,1,66,670317790,train,True
670317695,739.14,38,13:08:11,False,,True,True,739.27,47,1,66,670317790,train,True
670317696,739.14,38,13:08:12,False,,True,True,739.27,47,1,66,670317790,train,True
670317697,739.14,38,13:08:13,False,,True,True,739.27,47,1,66,670317790,train,True
670317698,739.16,38,13:08:14,False,,True,True,739.27,47,1,66,670317790,train,True
670317699,739.14,38,13:08:15,False,,True,True,739.27,47,1,66,670317790,train,True
670317700,739.16,38,13:08:16,False,,True,True,739.27,47,1,66,670317790,train,True
670317701,739.12,38,13:08:17,False,,True,True,739.27,47,1,66,670317790,train,True
670317702,739.13,38,13:08:18,False,,True,True,739.27,47,1,66,670317790,train,True
670321537,737.58,38,14:10:32,False,,True,True,737.77,59,1,67,670321691,train,True
670321538,737.53,38,14:10:33,False,,True,True,737.77,59,1,67,670321691,train,True
670321539,737.58,38,14:10:34,False,,True,True,737.77,59,1,67,670321691,train,True
670321540,737.53,38,14:10:35,False,,True,True,737.77,59,1,67,670321691,train,True
670321541,737.6,38,14:10:35,False,,True,True,737.77,59,1,67,670321691,train,True
670321542,737.55,38,14:10:36,False,,True,True,737.77,59,1,67,670321691,train,True
670321543,737.64,38,14:10:37,False,,True,True,737.77,59,1,67,670321691,train,True
670321544,737.62,38,14:10:38,False,,True,True,737.77,59,1,67,670321691,train,True
670321545,737.71,38,14:10:39,False,,True,True,737.77,59,1,67,670321691,train,True
670321546,737.48,38,14:10:40,False,,True,True,737.77,59,1,67,670321691,train,True
670321547,737.44,38,14:10:41,False,,True,True,737.77,59,1,67,670321691,train,True
670321548,737.5,38,14:10:42,False,,True,True,737.77,59,1,67,670321691,train,True
670321549,737.46,38,14:10:43,False,,True,True,737.77,59,1,67,670321691,train,True
670321550,737.48,38,14:10:44,False,,True,True,737.77,59,1,67,670321691,train,True
670321551,737.5,38,14:10:45,False,,True,True,737.77,59,1,67,670321691,train,True
670321552,737.43,38,14:10:46,False,,True,True,737.77,59,1,67,670321691,train,True
670321553,737.39,38,14:10:47,False,,True,True,737.77,59,1,67,670321691,train,True
670321554,737.43,38,14:10:48,False,,True,True,737.76,59,1,67,670321691,train,True
670321555,737.45,38,14:10:49,False,,True,True,737.76,60,1,67,670321691,train,True
670321556,737.43,38,14:10:50,False,,True,True,737.76,60,1,67,670321691,train,True
670321557,737.36,38,14:10:51,False,,True,True,737.76,60,1,67,670321691,train,True
670321558,737.4,38,14:10:52,False,,True,True,737.76,60,1,67,670321691,train,True
670321559,737.38,38,14:10:53,False,,True,True,737.76,60,1,67,670321691,train,True
670321560,737.36,38,14:10:54,False,,True,True,737.76,60,1,67,670321691,train,True
670321561,737.4,38,14:10:55,False,,True,True,737.76,60,1,67,670321691,train,True
670321562,737.4,38,14:10:56,False,,True,True,737.76,60,1,67,670321691,train,True
670321563,737.4,38,14:10:57,False,,True,True,737.76,60,1,67,670321691,train,True
670321564,737.37,38,14:10:58,False,,True,True,737.75,60,1,67,670321691,train,True
670321565,737.35,38,14:10:59,False,,True,True,737.75,60,1,67,670321691,train,True
670321566,737.44,38,14:11:00,False,,True,True,737.75,60,1,67,670321691,train,True
670321567,737.39,38,14:11:01,False,,True,True,737.75,60,1,67,670321691,train,True
670321568,737.26,38,14:11:02,False,,True,True,737.75,60,1,67,670321691,train,True
670321569,737.35,38,14:11:03,False,,True,True,737.75,60,1,67,670321691,train,True
670321570,737.35,38,14:11:04,False,,True,True,737.75,60,1,67,670321691,train,True
670321571,737.37,38,14:11:05,False,,True,True,737.75,60,1,67,670321691,train,True
670321572,737.33,38,14:11:06,False,,True,True,737.75,60,1,67,670321691,train,True
670321573,737.37,38,14:11:07,False,,True,True,737.74,60,1,67,670321691,train,True
670321574,737.3,38,14:11:08,False,,True,True,737.74,60,1,67,670321691,train,True
670321575,737.33,38,14:11:09,False,,True,True,737.74,60,1,67,670321691,train,True
670321576,737.28,38,14:11:10,False,,True,True,737.74,60,1,67,670321691,train,True
670321577,737.3,38,14:11:11,False,,True,True,737.74,60,1,67,670321691,train,True
670321578,737.38,38,14:11:12,False,,True,True,737.74,60,1,67,670321691,train,True
670321579,737.32,38,14:11:12,False,,True,True,737.74,60,1,67,670321691,train,True
670321580,737.32,38,14:11:13,False,,True,True,737.74,60,1,67,670321691,train,True
670321581,737.34,38,14:11:14,False,,True,True,737.74,60,1,67,670321691,train,True
670321582,737.3,38,14:11:15,False,,True,True,737.73,60,1,67,670321691,train,True
670321583,737.38,38,14:11:16,False,,True,True,737.73,60,1,67,670321691,train,True
670321584,737.34,38,14:11:17,False,,True,True,737.73,60,1,67,670321691,train,True
670321585,737.29,38,14:11:18,False,,True,True,737.73,60,1,67,670321691,train,True
670321586,737.27,38,14:11:19,False,,True,True,737.73,60,1,67,670321691,train,True
670321587,737.36,38,14:11:20,False,,True,True,737.73,60,1,67,670321691,train,True
670321588,737.27,38,14:11:21,False,,True,True,737.73,60,1,67,670321691,train,True
670321589,737.27,38,14:11:22,False,,True,True,737.73,60,1,67,670321691,train,True
670321590,737.27,38,14:11:23,False,,True,True,737.73,60,1,67,670321691,train,True
670321591,737.24,38,14:11:24,False,,True,True,737.72,60,1,67,670321691,train,True
670321592,737.29,38,14:11:25,False,,True,True,737.72,60,1,67,670321691,train,True
670321593,737.24,38,14:11:26,False,,True,True,737.72,59,1,67,670321691,train,True
670321594,737.26,38,14:11:27,False,,True,True,737.72,58,1,67,670321691,train,True
670321595,737.22,38,14:11:28,False,,True,True,737.72,57,1,67,670321691,train,True
670321596,737.2,38,14:11:29,False,,True,True,737.72,56,1,67,670321691,train,True
670325625,732.92,38,15:16:51,False,,True,False,733.28,8,1,68,670325686,train,True
670325626,732.96,38,15:16:52,False,,True,False,733.27,9,1,68,670325686,train,True
670325627,732.92,38,15:16:53,False,,True,False,733.27,10,1,68,670325686,train,True
670325628,732.92,38,15:16:54,False,,True,False,733.27,11,1,68,670325686,train,True
670325629,732.96,38,15:16:55,False,,True,False,733.27,12,1,68,670325686,train,True
670325630,732.92,38,15:16:56,False,,True,False,733.27,13,1,68,670325686,train,True
670325631,732.92,38,15:16:57,False,,True,False,733.27,14,1,68,670325686,train,True
670325632,732.94,38,15:16:58,False,,True,False,733.27,15,1,68,670325686,train,True
670325633,732.93,38,15:16:59,False,,True,False,733.27,16,1,68,670325686,train,True
670325634,732.98,38,15:17:00,False,,True,False,733.27,17,1,68,670325686,train,True
670325635,733.02,38,15:17:01,False,,True,False,733.26,18,1,68,670325686,train,True
670325636,732.96,38,15:17:02,False,,True,False,733.26,19,1,68,670325686,train,True
670325637,732.91,38,15:17:03,False,,True,False,733.26,20,1,68,670325686,train,True
670325638,732.95,38,15:17:04,False,,True,False,733.26,21,1,68,670325686,train,True
670325639,732.91,38,15:17:05,False,,True,False,733.26,22,1,68,670325686,train,True
670325640,732.91,38,15:17:06,False,,True,False,733.26,23,1,68,670325686,train,True
670325641,732.98,38,15:17:07,False,,True,False,733.26,24,1,68,670325686,train,True
670325642,732.95,38,15:17:08,False,,True,False,733.26,24,1,68,670325686,train,True
670325643,732.89,38,15:17:09,False,,True,False,733.25,25,1,68,670325686,train,True
670325644,732.88,38,15:17:10,False,,True,False,733.25,26,1,68,670325686,train,True
670325645,732.86,38,15:17:11,False,,True,False,733.25,26,1,68,670325686,train,True
670325646,732.9,38,15:17:12,False,,True,False,733.25,26,1,68,670325686,train,True
670325647,732.91,38,15:17:13,False,,True,False,733.25,26,1,68,670325686,train,True
670325648,732.95,38,15:17:14,False,,True,False,733.25,26,1,68,670325686,train,True
670325649,732.93,38,15:17:15,False,,True,False,733.25,27,1,68,670325686,train,True
670325650,732.88,38,15:17:16,False,,True,False,733.25,28,1,68,670325686,train,True
670325651,732.88,38,15:17:17,False,,True,False,733.24,29,1,68,670325686,train,True
670325652,732.9,38,15:17:18,False,,True,False,733.24,30,1,68,670325686,train,True
670325653,732.88,38,15:17:19,False,,True,False,733.24,31,1,68,670325686,train,True
670325654,732.9,38,15:17:20,False,,True,False,733.24,32,1,68,670325686,train,True
670325655,732.9,38,15:17:20,False,,True,False,733.24,33,1,68,670325686,train,True
670325656,732.92,38,15:17:21,False,,True,False,733.24,34,1,68,670325686,train,True
670325657,732.9,38,15:17:22,False,,True,False,733.24,35,1,68,670325686,train,True
670325658,732.9,38,15:17:23,False,,True,False,733.24,36,1,68,670325686,train,True
670325659,732.87,38,15:17:24,False,,True,False,733.23,37,1,68,670325686,train,True
670325660,732.88,38,15:17:25,False,,True,False,733.23,38,1,68,670325686,train,True
670325661,732.94,38,15:17:26,False,,True,False,733.23,39,1,68,670325686,train,True
670325662,732.92,38,15:17:27,False,,True,False,733.23,40,1,68,670325686,train,True
670325663,732.89,38,15:17:28,False,,True,False,733.23,41,1,68,670325686,train,True
670325664,732.92,38,15:17:29,False,,True,False,733.23,42,1,68,670325686,train,True
670325665,732.92,38,15:17:30,False,,True,False,733.23,43,1,68,670325686,train,True
670325666,732.92,38,15:17:31,False,,True,False,733.23,44,1,68,670325686,train,True
670325667,732.92,38,15:17:32,False,,True,False,733.23,45,1,68,670325686,train,True
670325668,732.89,38,15:17:33,False,,True,False,733.22,46,1,68,670325686,train,True
670325669,732.9,38,15:17:34,False,,True,False,733.22,47,1,68,670325686,train,True
670325670,732.83,38,15:17:35,False,,True,False,733.22,48,1,68,670325686,train,True
670325671,732.87,38,15:17:36,False,,True,False,733.22,49,1,68,670325686,train,True
670325672,732.85,38,15:17:37,False,,True,False,733.22,50,1,68,670325686,train,True
670325673,732.87,38,15:17:38,False,,True,False,733.22,51,1,68,670325686,train,True
670325674,732.86,38,15:17:39,False,,True,False,733.22,52,1,68,670325686,train,True
670325675,732.85,38,15:17:40,False,,True,False,733.21,53,1,68,670325686,train,True
670325676,732.87,38,15:17:41,False,,True,False,733.21,54,1,68,670325686,train,True
670325677,732.91,38,15:17:42,False,,True,False,733.21,55,1,68,670325686,train,True
670325678,732.89,38,15:17:43,False,,True,False,733.21,56,1,68,670325686,train,True
670325679,732.91,38,15:17:44,False,,True,True,733.21,57,1,68,670325686,train,True
670325680,732.93,38,15:17:45,False,,True,True,733.21,58,1,68,670325686,train,True
670325681,732.75,38,15:17:46,False,,True,True,733.21,59,1,68,670325686,train,True
670325682,732.68,38,15:17:47,False,,True,True,733.21,60,1,68,670325686,train,True
670325683,732.7,38,15:17:48,False,,True,True,733.2,60,1,68,670325686,train,True
670325684,732.48,38,15:17:49,False,,True,True,733.2,60,1,68,670325686,train,True
670329183,732.09,38,16:14:35,False,,True,False,732.23,27,1,69,670329256,train,True
670329184,732.13,38,16:14:36,False,,True,False,732.23,27,1,69,670329256,train,True
670329185,732.11,38,16:14:37,False,,True,False,732.23,28,1,69,670329256,train,True
670329186,732.06,38,16:14:38,False,,True,False,732.23,29,1,69,670329256,train,True
670329187,732.11,38,16:14:39,False,,True,False,732.23,30,1,69,670329256,train,True
670329188,732.16,38,16:14:40,False,,True,False,732.23,31,1,69,670329256,train,True
670329189,732.13,38,16:14:41,False,,True,False,732.23,32,1,69,670329256,train,True
670329190,732.11,38,16:14:42,False,,True,False,732.23,33,1,69,670329256,train,True
670329191,732.18,38,16:14:43,False,,True,False,732.23,34,1,69,670329256,train,True
670329192,732.18,38,16:14:44,False,,True,False,732.23,35,1,69,670329256,train,True
670329193,732.14,38,16:14:45,False,,True,False,732.23,35,1,69,670329256,train,True
670329194,732.07,38,16:14:46,False,,True,False,732.23,35,1,69,670329256,train,True
670329195,732.11,38,16:14:47,False,,True,False,732.23,36,1,69,670329256,train,True
670329196,732.18,38,16:14:48,False,,True,False,732.23,37,1,69,670329256,train,True
670329197,732.11,38,16:14:49,False,,True,False,732.23,38,1,69,670329256,train,True
670329198,732.07,38,16:14:50,False,,True,False,732.23,38,1,69,670329256,train,True
670329199,732.12,38,16:14:51,False,,True,False,732.23,39,1,69,670329256,train,True
670329200,732.14,38,16:14:52,False,,True,False,732.23,40,1,69,670329256,train,True
670329201,732.11,38,16:14:53,False,,True,False,732.23,41,1,69,670329256,train,True
670329202,732.1,38,16:14:53,False,,True,False,732.23,42,1,69,670329256,train,True
670329203,732.05,38,16:14:54,False,,True,False,732.23,43,1,69,670329256,train,True
670329204,732.07,38,16:14:55,False,,True,True,732.23,44,1,69,670329256,train,True
670329205,732.03,38,16:14:56,False,,True,True,732.22,45,1,69,670329256,train,True
670329206,732.1,38,16:14:57,False,,True,True,732.22,46,1,69,670329256,train,True
670329207,732.1,38,16:14:58,False,,True,True,732.22,47,1,69,670329256,train,True
670329208,732.1,38,16:14:59,False,,True,True,732.22,48,1,69,670329256,train,True
670329209,732.07,38,16:15:00,False,,True,True,732.22,49,1,69,670329256,train,True
670329210,732.08,38,16:15:01,False,,True,True,732.22,50,1,69,670329256,train,True
670329211,732.05,38,16:15:02,False,,True,True,732.22,51,1,69,670329256,train,True
670329212,731.99,38,16:15:03,False,,True,True,732.22,52,1,69,670329256,train,True
670329213,732.01,38,16:15:04,False,,True,True,732.22,53,1,69,670329256,train,True
670329214,731.99,38,16:15:05,False,,True,True,732.22,54,1,69,670329256,train,True
670329215,732.03,38,16:15:06,False,,True,True,732.22,55,1,69,670329256,train,True
670329216,732.03,38,16:15:07,False,,True,True,732.22,56,1,69,670329256,train,True
670329217,732.01,38,16:15:08,False,,True,True,732.22,57,1,69,670329256,train,True
670329218,732.01,38,16:15:09,False,,True,True,732.22,58,1,69,670329256,train,True
670329219,731.95,38,16:15:10,False,,True,True,732.22,59,1,69,670329256,train,True
670329220,731.97,38,16:15:11,False,,True,True,732.22,59,1,69,670329256,train,True
670329221,732.04,38,16:15:12,False,,True,True,732.22,59,1,69,670329256,train,True
670329222,732.01,38,16:15:13,False,,True,True,732.22,59,1,69,670329256,train,True
670329223,732.04,38,16:15:14,False,,True,True,732.22,60,1,69,670329256,train,True
670329224,731.95,38,16:15:15,False,,True,True,732.21,60,1,69,670329256,train,True
670329225,731.97,38,16:15:16,False,,True,True,732.21,60,1,69,670329256,train,True
670329226,732.04,38,16:15:17,False,,True,True,732.21,60,1,69,670329256,train,True
670329227,732.01,38,16:15:18,False,,True,True,732.21,60,1,69,670329256,train,True
670329228,732.02,38,16:15:19,False,,True,True,732.21,60,1,69,670329256,train,True
670329229,732.06,38,16:15:20,False,,True,True,732.21,60,1,69,670329256,train,True
670329230,732.06,38,16:15:21,False,,True,True,732.21,60,1,69,670329256,train,True
670329231,732.09,38,16:15:22,False,,True,True,732.21,60,1,69,670329256,train,True
670329232,732.06,38,16:15:23,False,,True,True,732.21,60,1,69,670329256,train,True
670329233,732.02,38,16:15:24,False,,True,True,732.21,60,1,69,670329256,train,True
670329234,732.0,38,16:15:25,False,,True,True,732.21,60,1,69,670329256,train,True
670329235,731.98,38,16:15:26,False,,True,True,732.21,60,1,69,670329256,train,True
670329236,731.93,38,16:15:27,False,,True,True,732.21,60,1,69,670329256,train,True
670329237,731.93,38,16:15:28,False,,True,True,732.21,60,1,69,670329256,train,True
670329238,731.93,38,16:15:29,False,,True,True,732.21,60,1,69,670329256,train,True
670329239,731.91,38,16:15:30,False,,True,True,732.21,60,1,69,670329256,train,True
670329240,731.91,38,16:15:30,False,,True,True,732.21,60,1,69,670329256,train,True
670329241,731.92,38,16:15:31,False,,True,True,732.2,60,1,69,670329256,train,True
670329242,731.95,38,16:15:32,False,,True,True,732.2,60,1,69,670329256,train,True
670398660,737.13,39,11:01:51,False,,True,False,737.26,17,1,70,670398725,train,True
670398661,737.11,39,11:01:52,False,,True,False,737.26,18,1,70,670398725,train,True
670398662,737.17,39,11:01:53,False,,True,False,737.26,19,1,70,670398725,train,True
670398663,737.13,39,11:01:54,False,,True,False,737.26,20,1,70,670398725,train,True
670398664,737.13,39,11:01:55,False,,True,False,737.26,21,1,70,670398725,train,True
670398665,737.17,39,11:01:56,False,,True,False,737.26,22,1,70,670398725,train,True
670398666,737.14,39,11:01:57,False,,True,False,737.26,23,1,70,670398725,train,True
670398667,737.19,39,11:01:58,False,,True,False,737.26,24,1,70,670398725,train,True
670398668,737.19,39,11:01:59,False,,True,False,737.26,25,1,70,670398725,train,True
670398669,737.16,39,11:02:00,False,,True,False,737.26,26,1,70,670398725,train,True
670398670,737.11,39,11:02:01,False,,True,False,737.26,27,1,70,670398725,train,True
670398671,737.2,39,11:02:02,False,,True,False,737.26,28,1,70,670398725,train,True
670398672,737.16,39,11:02:03,False,,True,False,737.25,29,1,70,670398725,train,True
670398673,737.18,39,11:02:04,False,,True,False,737.25,30,1,70,670398725,train,True
670398674,737.2,39,11:02:05,False,,True,False,737.25,31,1,70,670398725,train,True
670398675,737.17,39,11:02:06,False,,True,False,737.25,32,1,70,670398725,train,True
670398676,737.15,39,11:02:06,False,,True,False,737.25,33,1,70,670398725,train,True
670398677,737.15,39,11:02:07,False,,True,False,737.25,34,1,70,670398725,train,True
670398678,737.12,39,11:02:08,False,,True,False,737.25,35,1,70,670398725,train,True
670398679,737.15,39,11:02:09,False,,True,False,737.25,36,1,70,670398725,train,True
670398680,737.12,39,11:02:10,False,,True,False,737.25,37,1,70,670398725,train,True
670398681,737.14,39,11:02:11,False,,True,False,737.25,38,1,70,670398725,train,True
670398682,737.12,39,11:02:12,False,,True,False,737.25,39,1,70,670398725,train,True
670398683,737.08,39,11:02:13,False,,True,False,737.25,40,1,70,670398725,train,True
670398684,737.14,39,11:02:14,False,,True,False,737.25,41,1,70,670398725,train,True
670398685,737.14,39,11:02:15,False,,True,False,737.25,42,1,70,670398725,train,True
670398686,737.11,39,11:02:16,False,,True,False,737.25,43,1,70,670398725,train,True
670398687,737.11,39,11:02:17,False,,True,False,737.25,44,1,70,670398725,train,True
670398688,737.09,39,11:02:18,False,,True,False,737.25,45,1,70,670398725,train,True
670398689,737.08,39,11:02:19,False,,True,False,737.25,46,1,70,670398725,train,True
670398690,737.06,39,11:02:20,False,,True,False,737.25,47,1,70,670398725,train,True
670398691,737.1,39,11:02:21,False,,True,False,737.24,48,1,70,670398725,train,True
670398692,737.06,39,11:02:22,False,,True,False,737.24,49,1,70,670398725,train,True
670398693,737.12,39,11:02:23,False,,True,False,737.24,50,1,70,670398725,train,True
670398694,737.12,39,11:02:24,False,,True,False,737.24,51,1,70,670398725,train,True
670398695,737.1,39,11:02:25,False,,True,False,737.24,52,1,70,670398725,train,True
670398696,737.12,39,11:02:26,False,,True,False,737.24,53,1,70,670398725,train,True
670398697,737.07,39,11:02:27,False,,True,False,737.24,54,1,70,670398725,train,True
670398698,737.05,39,11:02:28,False,,True,False,737.24,55,1,70,670398725,train,True
670398699,737.02,39,11:02:29,False,,True,False,737.24,56,1,70,670398725,train,True
670398700,737.02,39,11:02:30,False,,True,False,737.24,57,1,70,670398725,train,True
670398701,737.02,39,11:02:31,False,,True,False,737.24,58,1,70,670398725,train,True
670398702,737.04,39,11:02:32,False,,True,False,737.24,59,1,70,670398725,train,True
670398703,737.02,39,11:02:33,False,,True,False,737.24,59,1,70,670398725,train,True
670398704,737.02,39,11:02:34,False,,True,True,737.24,60,1,70,670398725,train,True
670398705,736.99,39,11:02:35,False,,True,True,737.24,60,1,70,670398725,train,True
670398706,736.99,39,11:02:36,False,,True,True,737.24,60,1,70,670398725,train,True
670398707,736.92,39,11:02:37,False,,True,True,737.23,60,1,70,670398725,train,True
670398708,736.9,39,11:02:38,False,,True,True,737.23,60,1,70,670398725,train,True
670398709,736.94,39,11:02:39,False,,True,True,737.23,60,1,70,670398725,train,True
670398710,736.92,39,11:02:40,False,,True,True,737.23,60,1,70,670398725,train,True
670398711,736.89,39,11:02:41,False,,True,True,737.23,60,1,70,670398725,train,True
670398712,736.87,39,11:02:42,False,,True,True,737.23,60,1,70,670398725,train,True
670398713,736.82,39,11:02:43,False,,True,True,737.23,60,1,70,670398725,train,True
670398714,736.75,39,11:02:43,False,,True,True,737.23,60,1,70,670398725,train,True
670398715,736.68,39,11:02:44,False,,True,True,737.23,60,1,70,670398725,train,True
670398716,736.72,39,11:02:45,False,,True,True,737.22,60,1,70,670398725,train,True
670398717,736.64,39,11:02:46,False,,True,True,737.22,60,1,70,670398725,train,True
670398718,736.52,39,11:02:47,False,,True,True,737.22,60,1,70,670398725,train,True
670398719,736.5,39,11:02:48,False,,True,True,737.22,60,1,70,670398725,train,True
670402793,738.96,39,12:08:54,False,,True,False,738.78,5,1,71,670402854,train,True
670402794,739.01,39,12:08:55,False,,True,False,738.78,6,1,71,670402854,train,True
670402795,738.98,39,12:08:56,False,,True,False,738.78,7,1,71,670402854,train,True
670402796,738.96,39,12:08:57,False,,True,False,738.78,8,1,71,670402854,train,True
670402797,738.96,39,12:08:58,False,,True,False,738.78,9,1,71,670402854,train,True
670402798,738.94,39,12:08:59,False,,True,False,738.78,10,1,71,670402854,train,True
670402799,738.98,39,12:09:00,False,,True,False,738.78,11,1,71,670402854,train,True
670402800,738.98,39,12:09:01,False,,True,False,738.78,12,1,71,670402854,train,True
670402801,738.98,39,12:09:02,False,,True,False,738.78,13,1,71,670402854,train,True
670402802,738.93,39,12:09:03,False,,True,False,738.78,14,1,71,670402854,train,True
670402803,738.95,39,12:09:04,False,,True,False,738.78,15,1,71,670402854,train,True
670402804,738.97,39,12:09:05,False,,True,False,738.78,16,1,71,670402854,train,True
670402805,738.95,39,12:09:06,False,,True,False,738.78,17,1,71,670402854,train,True
670402806,739.02,39,12:09:07,False,,True,False,738.78,18,1,71,670402854,train,True
670402807,739.0,39,12:09:08,False,,True,False,738.78,19,1,71,670402854,train,True
670402808,738.95,39,12:09:09,False,,True,False,738.78,19,1,71,670402854,train,True
670402809,738.97,39,12:09:10,False,,True,False,738.78,20,1,71,670402854,train,True
670402810,739.01,39,12:09:11,False,,True,False,738.78,21,1,71,670402854,train,True
670402811,738.95,39,12:09:12,False,,True,False,738.79,22,1,71,670402854,train,True
670402812,738.95,39,12:09:13,False,,True,False,738.79,23,1,71,670402854,train,True
670402813,738.94,39,12:09:14,False,,True,False,738.79,24,1,71,670402854,train,True
670402814,739.01,39,12:09:15,False,,True,False,738.79,25,1,71,670402854,train,True
670402815,738.92,39,12:09:16,False,,True,False,738.79,26,1,71,670402854,train,True
670402816,738.99,39,12:09:17,False,,True,False,738.79,27,1,71,670402854,train,True
670402817,738.97,39,12:09:18,False,,True,False,738.79,28,1,71,670402854,train,True
670402818,738.95,39,12:09:19,False,,True,False,738.79,29,1,71,670402854,train,True
670402819,738.92,39,12:09:20,False,,True,False,738.79,30,1,71,670402854,train,True
670402820,738.99,39,12:09:21,False,,True,False,738.79,31,1,71,670402854,train,True
670402821,738.92,39,12:09:22,False,,True,False,738.79,32,1,71,670402854,train,True
670402822,738.94,39,12:09:23,False,,True,False,738.79,33,1,71,670402854,train,True
670402823,738.94,39,12:09:24,False,,True,False,738.79,34,1,71,670402854,train,True
670402824,738.89,39,12:09:25,False,,True,False,738.79,35,1,71,670402854,train,True
670402825,738.89,39,12:09:26,False,,True,False,738.79,36,1,71,670402854,train,True
670402826,738.91,39,12:09:27,False,,True,False,738.79,37,1,71,670402854,train,True
670402827,738.95,39,12:09:27,False,,True,False,738.79,38,1,71,670402854,train,True
670402828,738.98,39,12:09:28,False,,True,False,738.79,39,1,71,670402854,train,True
670402829,738.95,39,12:09:29,False,,True,False,738.79,40,1,71,670402854,train,True
670402830,738.95,39,12:09:30,False,,True,False,738.79,41,1,71,670402854,train,True
670402831,738.95,39,12:09:31,False,,True,False,738.79,42,1,71,670402854,train,True
670402832,738.91,39,12:09:32,False,,True,False,738.79,43,1,71,670402854,train,True
670402833,738.91,39,12:09:33,False,,True,False,738.79,44,1,71,670402854,train,True
670402834,738.93,39,12:09:34,False,,True,False,738.8,45,1,71,670402854,train,True
670402835,738.88,39,12:09:35,False,,True,False,738.8,46,1,71,670402854,train,True
670402836,738.88,39,12:09:36,False,,True,False,738.8,47,1,71,670402854,train,True
670402837,738.9,39,12:09:37,False,,True,False,738.8,48,1,71,670402854,train,True
670402838,738.9,39,12:09:38,False,,True,False,738.8,49,1,71,670402854,train,True
670402839,738.92,39,12:09:39,False,,True,False,738.8,50,1,71,670402854,train,True
670402840,738.86,39,12:09:40,False,,True,False,738.8,51,1,71,670402854,train,True
670402841,738.81,39,12:09:41,False,,True,False,738.8,52,1,71,670402854,train,True
670402842,738.88,39,12:09:42,False,,True,False,738.8,53,1,71,670402854,train,True
670402843,738.9,39,12:09:43,False,,True,False,738.8,54,1,71,670402854,train,True
670402844,738.9,39,12:09:44,False,,True,False,738.8,55,1,71,670402854,train,True
670402845,738.94,39,12:09:45,False,,True,False,738.8,56,1,71,670402854,train,True
670402846,738.92,39,12:09:46,False,,True,False,738.8,57,1,71,670402854,train,True
670402847,738.83,39,12:09:47,False,,True,False,738.8,58,1,71,670402854,train,True
670402848,738.76,39,12:09:48,False,,True,False,738.8,59,1,71,670402854,train,True
670402849,738.71,39,12:09:49,False,,True,False,738.8,60,1,71,670402854,train,True
670402850,738.64,39,12:09:50,False,,True,True,738.8,60,1,71,670402854,train,True
670402851,738.53,39,12:09:51,False,,True,True,738.8,60,1,71,670402854,train,True
670402852,738.21,39,12:09:52,False,,True,True,738.8,60,1,71,670402854,train,True
670403805,739.03,39,12:25:20,False,,True,False,739.06,36,1,72,670403870,train,True
670403806,739.05,39,12:25:21,False,,True,False,739.06,37,1,72,670403870,train,True
670403807,739.01,39,12:25:22,False,,True,False,739.06,38,1,72,670403870,train,True
670403808,739.05,39,12:25:22,False,,True,False,739.06,39,1,72,670403870,train,True
670403809,739.07,39,12:25:23,False,,True,False,739.06,40,1,72,670403870,train,True
670403810,739.03,39,12:25:24,False,,True,False,739.06,41,1,72,670403870,train,True
670403811,739.07,39,12:25:25,False,,True,False,739.06,42,1,72,670403870,train,True
670403812,739.0,39,12:25:26,False,,True,False,739.06,43,1,72,670403870,train,True
670403813,739.03,39,12:25:27,False,,True,False,739.06,44,1,72,670403870,train,True
670403814,739.02,39,12:25:28,False,,True,False,739.06,45,1,72,670403870,train,True
670403815,739.05,39,12:25:29,False,,True,False,739.06,46,1,72,670403870,train,True
670403816,738.98,39,12:25:30,False,,True,False,739.06,47,1,72,670403870,train,True
670403817,739.11,39,12:25:31,False,,True,False,739.06,48,1,72,670403870,train,True
670403818,739.0,39,12:25:32,False,,True,False,739.06,48,1,72,670403870,train,True
670403819,739.04,39,12:25:33,False,,True,False,739.06,48,1,72,670403870,train,True
670403820,739.04,39,12:25:34,False,,True,False,739.06,49,1,72,670403870,train,True
670403821,738.99,39,12:25:35,False,,True,False,739.06,49,1,72,670403870,train,True
670403822,738.97,39,12:25:36,False,,True,False,739.06,49,1,72,670403870,train,True
670403823,739.02,39,12:25:37,False,,True,False,739.06,50,1,72,670403870,train,True
670403824,739.04,39,12:25:38,False,,True,False,739.06,51,1,72,670403870,train,True
670403825,739.02,39,12:25:39,False,,True,False,739.06,51,1,72,670403870,train,True
670403826,738.99,39,12:25:40,False,,True,False,739.06,52,1,72,670403870,train,True
670403827,739.08,39,12:25:41,False,,True,False,739.06,53,1,72,670403870,train,True
670403828,739.1,39,12:25:42,False,,True,False,739.06,54,1,72,670403870,train,True
670403829,739.1,39,12:25:43,False,,True,False,739.06,55,1,72,670403870,train,True
670403830,739.08,39,12:25:44,False,,True,False,739.06,56,1,72,670403870,train,True
670403831,739.08,39,12:25:45,False,,True,False,739.06,57,1,72,670403870,train,True
670403832,739.14,39,12:25:46,False,,True,False,739.06,58,1,72,670403870,train,True
670403833,739.08,39,12:25:47,False,,True,False,739.06,59,1,72,670403870,train,True
670403834,739.12,39,12:25:48,False,,True,False,739.06,59,1,72,670403870,train,True
670403835,739.1,39,12:25:49,False,,True,False,739.06,60,1,72,670403870,train,True
670403836,739.12,39,12:25:50,False,,True,False,739.06,60,1,72,670403870,train,True
670403837,739.1,39,12:25:51,False,,True,False,739.06,60,1,72,670403870,train,True
670403838,739.12,39,12:25:52,False,,True,False,739.06,60,1,72,670403870,train,True
670403839,739.12,39,12:25:53,False,,True,False,739.06,60,1,72,670403870,train,True
670403840,739.12,39,12:25:54,False,,True,False,739.06,60,1,72,670403870,train,True
670403841,739.09,39,12:25:55,False,,True,False,739.07,60,1,72,670403870,train,True
670403842,739.14,39,12:25:56,False,,True,False,739.07,60,1,72,670403870,train,True
670403843,739.12,39,12:25:57,False,,True,False,739.07,60,1,72,670403870,train,True
670403844,739.18,39,12:25:58,False,,True,False,739.07,60,1,72,670403870,train,True
670403845,739.13,39,12:25:59,False,,True,False,739.07,60,1,72,670403870,train,True
670403846,739.18,39,12:25:59,False,,True,False,739.07,60,1,72,670403870,train,True
670403847,739.11,39,12:26:00,False,,True,False,739.07,60,1,72,670403870,train,True
670403848,739.09,39,12:26:01,False,,True,True,739.07,60,1,72,670403870,train,True
670403849,739.11,39,12:26:02,False,,True,True,739.07,60,1,72,670403870,train,True
670403850,739.15,39,12:26:03,False,,True,True,739.07,60,1,72,670403870,train,True
670403851,739.13,39,12:26:04,False,,True,True,739.07,60,1,72,670403870,train,True
670403852,739.11,39,12:26:05,False,,True,True,739.07,60,1,72,670403870,train,True
670403853,739.11,39,12:26:06,False,,True,True,739.07,60,1,72,670403870,train,True
670403854,739.15,39,12:26:07,False,,True,True,739.07,60,1,72,670403870,train,True
670403855,739.15,39,12:26:08,False,,True,True,739.07,60,1,72,670403870,train,True
670403856,739.15,39,12:26:09,False,,True,True,739.07,60,1,72,670403870,train,True
670403857,739.17,39,12:26:10,False,,True,True,739.07,60,1,72,670403870,train,True
670403858,739.17,39,12:26:11,False,,True,True,739.07,60,1,72,670403870,train,True
670403859,739.15,39,12:26:12,False,,True,True,739.07,60,1,72,670403870,train,True
670403860,739.13,39,12:26:13,False,,True,True,739.07,60,1,72,670403870,train,True
670403861,739.19,39,12:26:14,False,,True,True,739.07,60,1,72,670403870,train,True
670403862,739.12,39,12:26:15,False,,True,True,739.07,60,1,72,670403870,train,True
670403863,739.08,39,12:26:16,False,,True,True,739.07,60,1,72,670403870,train,True
670403864,739.07,39,12:26:17,False,,True,True,739.07,60,1,72,670403870,train,True
670409729,737.79,39,14:01:27,False,,False,True,738.11,6,0,73,670409834,train,True
670409730,737.77,39,14:01:28,False,,False,True,738.11,5,0,73,670409834,train,True
670409731,737.81,39,14:01:29,False,,False,True,738.11,4,0,73,670409834,train,True
670409732,737.79,39,14:01:30,False,,False,True,738.11,3,0,73,670409834,train,True
670409733,737.81,39,14:01:30,False,,False,True,738.1,2,0,73,670409834,train,True
670409734,737.79,39,14:01:31,False,,False,True,738.1,1,0,73,670409834,train,True
670409735,737.85,39,14:01:32,False,,False,True,738.1,1,0,73,670409834,train,True
670409753,737.78,39,14:01:50,False,,True,True,738.08,1,1,73,670409834,train,True
670409754,737.78,39,14:01:51,False,,True,True,738.08,2,1,73,670409834,train,True
670409755,737.8,39,14:01:52,False,,True,True,738.08,3,1,73,670409834,train,True
670409756,737.79,39,14:01:53,False,,True,True,738.08,4,1,73,670409834,train,True
670409757,737.82,39,14:01:54,False,,True,True,738.08,5,1,73,670409834,train,True
670409758,737.81,39,14:01:55,False,,True,True,738.08,6,1,73,670409834,train,True
670409759,737.79,39,14:01:56,False,,True,True,738.08,7,1,73,670409834,train,True
670409760,737.81,39,14:01:57,False,,True,True,738.07,8,1,73,670409834,train,True
670409761,737.74,39,14:01:58,False,,True,True,738.07,9,1,73,670409834,train,True
670409762,737.81,39,14:01:59,False,,True,True,738.07,10,1,73,670409834,train,True
670409763,737.78,39,14:02:00,False,,True,True,738.07,11,1,73,670409834,train,True
670409764,737.74,39,14:02:01,False,,True,True,738.07,12,1,73,670409834,train,True
670409765,737.81,39,14:02:02,False,,True,True,738.07,13,1,73,670409834,train,True
670409766,737.83,39,14:02:03,False,,True,True,738.07,14,1,73,670409834,train,True
670409767,737.8,39,14:02:04,False,,True,True,738.07,15,1,73,670409834,train,True
670409768,737.82,39,14:02:05,False,,True,True,738.07,16,1,73,670409834,train,True
670409769,737.82,39,14:02:06,False,,True,True,738.06,17,1,73,670409834,train,True
670409770,737.84,39,14:02:07,False,,True,True,738.06,18,1,73,670409834,train,True
670409771,737.84,39,14:02:07,False,,True,True,738.06,19,1,73,670409834,train,True
670409772,737.81,39,14:02:08,False,,True,True,738.06,20,1,73,670409834,train,True
670409773,737.81,39,14:02:09,False,,True,True,738.06,21,1,73,670409834,train,True
670409774,737.79,39,14:02:10,False,,True,True,738.06,22,1,73,670409834,train,True
670409775,737.83,39,14:02:11,False,,True,True,738.06,23,1,73,670409834,train,True
670409776,737.77,39,14:02:12,False,,True,True,738.06,24,1,73,670409834,train,True
670409777,737.76,39,14:02:13,False,,True,True,738.06,25,1,73,670409834,train,True
670409778,737.76,39,14:02:14,False,,True,True,738.05,26,1,73,670409834,train,True
670409779,737.79,39,14:02:15,False,,True,True,738.05,27,1,73,670409834,train,True
670409780,737.8,39,14:02:16,False,,True,True,738.05,28,1,73,670409834,train,True
670409781,737.8,39,14:02:17,False,,True,True,738.05,29,1,73,670409834,train,True
670409782,737.76,39,14:02:18,False,,True,True,738.05,30,1,73,670409834,train,True
670409783,737.78,39,14:02:19,False,,True,True,738.05,31,1,73,670409834,train,True
670409784,737.78,39,14:02:20,False,,True,True,738.05,32,1,73,670409834,train,True
670409785,737.77,39,14:02:21,False,,True,True,738.05,33,1,73,670409834,train,True
670409786,737.77,39,14:02:22,False,,True,True,738.05,34,1,73,670409834,train,True
670409787,737.75,39,14:02:23,False,,True,True,738.04,35,1,73,670409834,train,True
670409788,737.75,39,14:02:24,False,,True,True,738.04,36,1,73,670409834,train,True
670409789,737.77,39,14:02:25,False,,True,True,738.04,37,1,73,670409834,train,True
670409790,737.77,39,14:02:26,False,,True,True,738.04,38,1,73,670409834,train,True
670409791,737.74,39,14:02:27,False,,True,True,738.04,39,1,73,670409834,train,True
670409792,737.76,39,14:02:28,False,,True,True,738.04,40,1,73,670409834,train,True
670409793,737.76,39,14:02:29,False,,True,True,738.04,41,1,73,670409834,train,True
670409794,737.67,39,14:02:30,False,,True,True,738.04,42,1,73,670409834,train,True
670409795,737.71,39,14:02:31,False,,True,True,738.04,43,1,73,670409834,train,True
670409796,737.74,39,14:02:32,False,,True,True,738.03,44,1,73,670409834,train,True
670409797,737.69,39,14:02:33,False,,True,True,738.03,45,1,73,670409834,train,True
670409798,737.69,39,14:02:34,False,,True,True,738.03,46,1,73,670409834,train,True
670409799,737.71,39,14:02:35,False,,True,True,738.03,47,1,73,670409834,train,True
670409800,737.73,39,14:02:36,False,,True,True,738.03,48,1,73,670409834,train,True
670409801,737.71,39,14:02:37,False,,True,True,738.03,49,1,73,670409834,train,True
670409802,737.7,39,14:02:38,False,,True,True,738.03,50,1,73,670409834,train,True
670409803,737.7,39,14:02:39,False,,True,True,738.03,51,1,73,670409834,train,True
670409804,737.68,39,14:02:40,False,,True,True,738.02,52,1,73,670409834,train,True
670409805,737.7,39,14:02:41,False,,True,True,738.02,53,1,73,670409834,train,True
670412216,736.04,39,14:41:48,False,,True,False,736.2,30,1,74,670412275,train,True
670412217,735.98,39,14:41:49,False,,True,False,736.2,31,1,74,670412275,train,True
670412218,736.0,39,14:41:50,False,,True,False,736.2,32,1,74,670412275,train,True
670412219,736.02,39,14:41:51,False,,True,False,736.2,33,1,74,670412275,train,True
670412220,735.96,39,14:41:52,False,,True,False,736.2,34,1,74,670412275,train,True
670412221,735.93,39,14:41:53,False,,True,False,736.2,35,1,74,670412275,train,True
670412222,735.97,39,14:41:54,False,,True,False,736.2,36,1,74,670412275,train,True
670412223,735.99,39,14:41:55,False,,True,False,736.19,37,1,74,670412275,train,True
670412224,735.99,39,14:41:55,False,,True,False,736.19,38,1,74,670412275,train,True
670412225,735.97,39,14:41:56,False,,True,True,736.19,39,1,74,670412275,train,True
670412226,735.97,39,14:41:57,False,,True,True,736.19,40,1,74,670412275,train,True
670412227,735.97,39,14:41:58,False,,True,True,736.19,41,1,74,670412275,train,True
670412228,736.01,39,14:41:59,False,,True,True,736.19,42,1,74,670412275,train,True
670412229,735.97,39,14:42:00,False,,True,True,736.19,43,1,74,670412275,train,True
670412230,735.92,39,14:42:01,False,,True,True,736.19,44,1,74,670412275,train,True
670412231,736.01,39,14:42:02,False,,True,True,736.19,45,1,74,670412275,train,True
670412232,735.94,39,14:42:03,False,,True,True,736.19,46,1,74,670412275,train,True
670412233,735.94,39,14:42:04,False,,True,True,736.18,47,1,74,670412275,train,True
670412234,736.01,39,14:42:05,False,,True,True,736.18,47,1,74,670412275,train,True
670412235,735.94,39,14:42:06,False,,True,True,736.18,47,1,74,670412275,train,True
670412236,736.0,39,14:42:07,False,,True,True,736.18,47,1,74,670412275,train,True
670412237,735.94,39,14:42:08,False,,True,True,736.18,47,1,74,670412275,train,True
670412238,735.98,39,14:42:09,False,,True,True,736.18,47,1,74,670412275,train,True
670412239,735.98,39,14:42:10,False,,True,True,736.18,47,1,74,670412275,train,True
670412240,736.02,39,14:42:11,False,,True,True,736.18,47,1,74,670412275,train,True
670412241,735.98,39,14:42:12,False,,True,True,736.18,47,1,74,670412275,train,True
670412242,735.98,39,14:42:13,False,,True,True,736.17,47,1,74,670412275,train,True
670412243,735.96,39,14:42:14,False,,True,True,736.17,47,1,74,670412275,train,True
670412244,736.0,39,14:42:15,False,,True,True,736.17,47,1,74,670412275,train,True
670412245,736.0,39,14:42:16,False,,True,True,736.17,47,1,74,670412275,train,True
670412246,735.93,39,14:42:17,False,,True,True,736.17,47,1,74,670412275,train,True
670412247,736.02,39,14:42:18,False,,True,True,736.17,47,1,74,670412275,train,True
670412248,736.02,39,14:42:19,False,,True,True,736.17,47,1,74,670412275,train,True
670412249,736.0,39,14:42:20,False,,True,True,736.17,48,1,74,670412275,train,True
670412250,736.01,39,14:42:21,False,,True,True,736.17,49,1,74,670412275,train,True
670412251,736.01,39,14:42:22,False,,True,True,736.17,50,1,74,670412275,train,True
670412252,735.97,39,14:42:23,False,,True,True,736.17,51,1,74,670412275,train,True
670412253,735.97,39,14:42:24,False,,True,True,736.16,52,1,74,670412275,train,True
670412254,735.99,39,14:42:25,False,,True,True,736.16,53,1,74,670412275,train,True
670412255,735.95,39,14:42:26,False,,True,True,736.16,54,1,74,670412275,train,True
670412256,735.94,39,14:42:27,False,,True,True,736.16,55,1,74,670412275,train,True
670412257,735.94,39,14:42:28,False,,True,True,736.16,56,1,74,670412275,train,True
670412258,735.94,39,14:42:29,False,,True,True,736.16,57,1,74,670412275,train,True
670412259,735.94,39,14:42:30,False,,True,True,736.16,58,1,74,670412275,train,True
670412260,735.87,39,14:42:31,False,,True,True,736.16,59,1,74,670412275,train,True
670412261,735.83,39,14:42:32,False,,True,True,736.16,60,1,74,670412275,train,True
670412262,735.78,39,14:42:32,False,,True,True,736.15,60,1,74,670412275,train,True
670412263,735.75,39,14:42:33,True,74.0,True,True,736.15,60,1,74,670412275,train,True
670412264,735.71,39,14:42:34,True,74.0,True,True,736.15,60,1,74,670412275,train,True
670412265,735.66,39,14:42:35,True,74.0,True,True,736.15,60,1,74,670412275,train,True
670412266,735.61,39,14:42:36,True,74.0,True,True,736.15,60,1,74,670412275,train,True
670412267,735.64,39,14:42:37,True,74.0,True,True,736.15,60,1,74,670412275,train,True
670412268,735.63,39,14:42:38,True,74.0,True,True,736.15,60,1,74,670412275,train,True
670412269,735.56,39,14:42:39,True,74.0,True,True,736.14,60,1,74,670412275,train,True
670412270,735.54,39,14:42:40,True,74.0,True,True,736.14,60,1,74,670412275,train,True
670412271,735.63,39,14:42:41,True,74.0,True,True,736.14,60,1,74,670412275,train,True
670412272,735.61,39,14:42:42,True,74.0,True,True,736.14,60,1,74,670412275,train,True
670412273,735.63,39,14:42:43,True,74.0,True,True,736.14,60,1,74,670412275,train,True
670412274,735.54,39,14:42:44,True,74.0,True,True,736.14,60,1,74,670412275,train,True
670412275,735.52,39,14:42:45,True,74.0,True,True,736.13,60,1,74,670412275,train,True
670412262,735.78,39,14:42:32,False,,True,True,736.15,60,1,75,670412326,train,True
670412263,735.75,39,14:42:33,True,74.0,True,True,736.15,60,1,75,670412326,train,True
670412264,735.71,39,14:42:34,True,74.0,True,True,736.15,60,1,75,670412326,train,True
670412265,735.66,39,14:42:35,True,74.0,True,True,736.15,60,1,75,670412326,train,True
670412266,735.61,39,14:42:36,True,74.0,True,True,736.15,60,1,75,670412326,train,True
670412267,735.64,39,14:42:37,True,74.0,True,True,736.15,60,1,75,670412326,train,True
670412268,735.63,39,14:42:38,True,74.0,True,True,736.15,60,1,75,670412326,train,True
670412269,735.56,39,14:42:39,True,74.0,True,True,736.14,60,1,75,670412326,train,True
670412270,735.54,39,14:42:40,True,74.0,True,True,736.14,60,1,75,670412326,train,True
670412271,735.63,39,14:42:41,True,74.0,True,True,736.14,60,1,75,670412326,train,True
670412272,735.61,39,14:42:42,True,74.0,True,True,736.14,60,1,75,670412326,train,True
670412273,735.63,39,14:42:43,True,74.0,True,True,736.14,60,1,75,670412326,train,True
670412274,735.54,39,14:42:44,True,74.0,True,True,736.14,60,1,75,670412326,train,True
670412275,735.52,39,14:42:45,True,74.0,True,True,736.13,60,1,75,670412326,train,True
670412276,735.52,39,14:42:46,True,74.0,True,True,736.13,60,1,75,670412326,train,True
670412277,735.47,39,14:42:47,True,74.0,True,True,736.13,60,1,75,670412326,train,True
670412278,735.42,39,14:42:48,True,74.0,True,True,736.13,60,1,75,670412326,train,True
670412279,735.54,39,14:42:49,True,74.0,True,True,736.13,60,1,75,670412326,train,True
670412280,735.65,39,14:42:50,True,74.0,True,True,736.12,60,1,75,670412326,train,True
670412281,735.63,39,14:42:51,True,74.0,True,True,736.12,60,1,75,670412326,train,True
670412282,735.61,39,14:42:52,True,74.0,True,True,736.12,60,1,75,670412326,train,True
670412283,735.67,39,14:42:53,True,74.0,True,True,736.12,60,1,75,670412326,train,True
670412284,735.6,39,14:42:54,True,74.0,True,True,736.12,60,1,75,670412326,train,True
670412285,735.58,39,14:42:55,True,74.0,True,True,736.12,60,1,75,670412326,train,True
670412286,735.64,39,14:42:56,True,74.0,True,True,736.11,60,1,75,670412326,train,True
670412287,735.67,39,14:42:57,False,,True,True,736.11,60,1,75,670412326,train,True
670412288,735.6,39,14:42:58,False,,True,True,736.11,60,1,75,670412326,train,True
670412289,735.64,39,14:42:59,False,,True,True,736.11,60,1,75,670412326,train,True
670412290,735.71,39,14:43:00,False,,True,True,736.11,60,1,75,670412326,train,True
670412291,735.68,39,14:43:01,False,,True,True,736.11,60,1,75,670412326,train,True
670412292,735.66,39,14:43:02,False,,True,True,736.11,60,1,75,670412326,train,True
670412293,735.73,39,14:43:03,False,,True,True,736.11,60,1,75,670412326,train,True
670412294,735.68,39,14:43:04,False,,True,True,736.1,60,1,75,670412326,train,True
670412295,735.77,39,14:43:05,False,,True,True,736.1,60,1,75,670412326,train,True
670412296,735.81,39,14:43:06,False,,True,True,736.1,60,1,75,670412326,train,True
670412297,735.77,39,14:43:07,False,,True,True,736.1,60,1,75,670412326,train,True
670412298,735.84,39,14:43:08,False,,True,True,736.1,60,1,75,670412326,train,True
670412299,735.79,39,14:43:08,False,,True,True,736.1,60,1,75,670412326,train,True
670412300,735.79,39,14:43:09,False,,True,True,736.1,60,1,75,670412326,train,True
670412301,735.79,39,14:43:10,False,,True,True,736.1,60,1,75,670412326,train,True
670412302,735.79,39,14:43:11,False,,True,True,736.09,60,1,75,670412326,train,True
670412303,735.79,39,14:43:12,False,,True,True,736.09,60,1,75,670412326,train,True
670412304,735.81,39,14:43:13,False,,True,True,736.09,60,1,75,670412326,train,True
670412305,735.78,39,14:43:14,False,,True,True,736.09,60,1,75,670412326,train,True
670412306,735.76,39,14:43:15,False,,True,True,736.09,60,1,75,670412326,train,True
670412307,735.76,39,14:43:16,False,,True,True,736.09,60,1,75,670412326,train,True
670412308,735.71,39,14:43:17,False,,True,True,736.09,60,1,75,670412326,train,True
670412309,735.67,39,14:43:18,False,,True,True,736.09,60,1,75,670412326,train,True
670412310,735.63,39,14:43:19,False,,True,True,736.08,60,1,75,670412326,train,True
670412311,735.62,39,14:43:20,False,,True,True,736.08,60,1,75,670412326,train,True
670412312,735.62,39,14:43:21,False,,True,True,736.08,60,1,75,670412326,train,True
670412313,735.62,39,14:43:22,False,,True,True,736.08,60,1,75,670412326,train,True
670412314,735.6,39,14:43:23,False,,True,True,736.08,60,1,75,670412326,train,True
670412315,735.62,39,14:43:24,False,,True,True,736.08,60,1,75,670412326,train,True
670412316,735.57,39,14:43:25,False,,True,True,736.08,60,1,75,670412326,train,True
670412317,735.55,39,14:43:26,False,,True,True,736.07,60,1,75,670412326,train,True
670412318,735.5,39,14:43:27,False,,True,True,736.07,60,1,75,670412326,train,True
670412319,735.43,39,14:43:28,False,,True,True,736.07,60,1,75,670412326,train,True
670412320,735.41,39,14:43:29,False,,True,True,736.07,60,1,75,670412326,train,True
670412321,735.37,39,14:43:30,False,,True,True,736.07,60,1,75,670412326,train,True
670578390,738.58,41,11:37:58,False,,True,False,738.47,46,1,76,670578458,train,True
670578391,738.53,41,11:37:59,False,,True,False,738.47,46,1,76,670578458,train,True
670578392,738.55,41,11:38:00,False,,True,False,738.47,46,1,76,670578458,train,True
670578393,738.57,41,11:38:01,False,,True,False,738.47,46,1,76,670578458,train,True
670578394,738.51,41,11:38:02,False,,True,False,738.47,46,1,76,670578458,train,True
670578395,738.49,41,11:38:03,False,,True,False,738.47,46,1,76,670578458,train,True
670578396,738.55,41,11:38:04,False,,True,False,738.47,46,1,76,670578458,train,True
670578397,738.62,41,11:38:05,False,,True,False,738.47,46,1,76,670578458,train,True
670578398,738.55,41,11:38:06,False,,True,False,738.47,46,1,76,670578458,train,True
670578399,738.59,41,11:38:07,False,,True,False,738.47,46,1,76,670578458,train,True
670578400,738.55,41,11:38:08,False,,True,False,738.47,46,1,76,670578458,train,True
670578401,738.55,41,11:38:09,False,,True,False,738.47,46,1,76,670578458,train,True
670578402,738.48,41,11:38:10,False,,True,False,738.47,46,1,76,670578458,train,True
670578403,738.48,41,11:38:11,False,,True,False,738.47,46,1,76,670578458,train,True
670578404,738.52,41,11:38:12,False,,True,False,738.47,46,1,76,670578458,train,True
670578405,738.47,41,11:38:13,False,,True,False,738.47,46,1,76,670578458,train,True
670578406,738.49,41,11:38:14,False,,True,False,738.47,46,1,76,670578458,train,True
670578407,738.45,41,11:38:15,False,,True,False,738.47,46,1,76,670578458,train,True
670578408,738.53,41,11:38:16,False,,True,False,738.47,46,1,76,670578458,train,True
670578409,738.54,41,11:38:17,False,,True,False,738.47,46,1,76,670578458,train,True
670578410,738.54,41,11:38:18,False,,True,False,738.47,46,1,76,670578458,train,True
670578411,738.53,41,11:38:19,False,,True,False,738.47,46,1,76,670578458,train,True
670578412,738.58,41,11:38:20,False,,True,False,738.47,46,1,76,670578458,train,True
670578413,738.49,41,11:38:21,False,,True,False,738.47,46,1,76,670578458,train,True
670578414,738.46,41,11:38:22,False,,True,False,738.47,46,1,76,670578458,train,True
670578415,738.46,41,11:38:23,False,,True,False,738.47,47,1,76,670578458,train,True
670578416,738.5,41,11:38:24,False,,True,False,738.47,48,1,76,670578458,train,True
670578417,738.48,41,11:38:25,False,,True,False,738.47,49,1,76,670578458,train,True
670578418,738.46,41,11:38:26,False,,True,False,738.47,50,1,76,670578458,train,True
670578419,738.37,41,11:38:26,False,,True,False,738.47,51,1,76,670578458,train,True
670578420,738.43,41,11:38:27,False,,True,False,738.47,52,1,76,670578458,train,True
670578421,738.39,41,11:38:28,False,,True,False,738.47,53,1,76,670578458,train,True
670578422,738.39,41,11:38:29,False,,True,False,738.47,54,1,76,670578458,train,True
670578423,738.39,41,11:38:30,False,,True,False,738.47,55,1,76,670578458,train,True
670578424,738.41,41,11:38:31,False,,True,True,738.47,56,1,76,670578458,train,True
670578425,738.43,41,11:38:32,False,,True,True,738.47,57,1,76,670578458,train,True
670578426,738.38,41,11:38:33,False,,True,True,738.47,58,1,76,670578458,train,True
670578427,738.36,41,11:38:34,False,,True,True,738.47,59,1,76,670578458,train,True
670578428,738.4,41,11:38:35,False,,True,True,738.47,60,1,76,670578458,train,True
670578429,738.45,41,11:38:36,False,,True,True,738.47,60,1,76,670578458,train,True
670578430,738.45,41,11:38:37,False,,True,True,738.47,60,1,76,670578458,train,True
670578431,738.36,41,11:38:38,False,,True,True,738.47,60,1,76,670578458,train,True
670578432,738.27,41,11:38:39,False,,True,True,738.47,60,1,76,670578458,train,True
670578433,738.37,41,11:38:40,False,,True,True,738.47,60,1,76,670578458,train,True
670578434,738.33,41,11:38:41,False,,True,True,738.47,60,1,76,670578458,train,True
670578435,738.31,41,11:38:42,False,,True,True,738.47,60,1,76,670578458,train,True
670578436,738.35,41,11:38:43,False,,True,True,738.47,60,1,76,670578458,train,True
670578437,738.35,41,11:38:44,False,,True,True,738.47,60,1,76,670578458,train,True
670578438,738.34,41,11:38:45,False,,True,True,738.47,60,1,76,670578458,train,True
670578439,738.44,41,11:38:46,False,,True,True,738.47,60,1,76,670578458,train,True
670578440,738.34,41,11:38:47,False,,True,True,738.46,60,1,76,670578458,train,True
670578441,738.34,41,11:38:48,False,,True,True,738.46,60,1,76,670578458,train,True
670578442,738.27,41,11:38:49,False,,True,True,738.46,60,1,76,670578458,train,True
670578443,738.32,41,11:38:50,False,,True,True,738.46,60,1,76,670578458,train,True
670578444,738.23,41,11:38:51,False,,True,True,738.46,60,1,76,670578458,train,True
670578445,738.27,41,11:38:52,False,,True,True,738.46,60,1,76,670578458,train,True
670578446,738.25,41,11:38:53,False,,True,True,738.46,60,1,76,670578458,train,True
670578447,738.25,41,11:38:54,False,,True,True,738.46,60,1,76,670578458,train,True
670578448,738.25,41,11:38:55,False,,True,True,738.46,60,1,76,670578458,train,True
670578449,738.14,41,11:38:56,False,,True,True,738.46,60,1,76,670578458,train,True
670580518,739.49,41,12:12:30,False,,True,True,739.53,3,1,77,670580613,train,True
670580519,739.53,41,12:12:31,False,,True,True,739.53,3,1,77,670580613,train,True
670580520,739.46,41,12:12:32,False,,True,True,739.53,3,1,77,670580613,train,True
670580521,739.5,41,12:12:33,False,,True,True,739.53,3,1,77,670580613,train,True
670580522,739.5,41,12:12:34,False,,True,True,739.53,3,1,77,670580613,train,True
670580523,739.54,41,12:12:35,False,,True,True,739.53,3,1,77,670580613,train,True
670580524,739.55,41,12:12:36,False,,True,True,739.53,3,1,77,670580613,train,True
670580525,739.52,41,12:12:37,False,,True,True,739.53,3,1,77,670580613,train,True
670580526,739.52,41,12:12:38,False,,True,True,739.53,3,1,77,670580613,train,True
670580527,739.56,41,12:12:39,False,,True,True,739.53,3,1,77,670580613,train,True
670580528,739.54,41,12:12:40,False,,True,True,739.53,3,1,77,670580613,train,True
670580529,739.6,41,12:12:41,False,,True,True,739.53,3,1,77,670580613,train,True
670580530,739.51,41,12:12:42,False,,True,True,739.53,3,1,77,670580613,train,True
670580531,739.54,41,12:12:43,False,,True,True,739.53,3,1,77,670580613,train,True
670580532,739.47,41,12:12:43,False,,True,True,739.53,4,1,77,670580613,train,True
670580533,739.49,41,12:12:44,False,,True,True,739.53,5,1,77,670580613,train,True
670580534,739.54,41,12:12:45,False,,True,True,739.53,6,1,77,670580613,train,True
670580535,739.56,41,12:12:46,False,,True,True,739.53,7,1,77,670580613,train,True
670580536,739.53,41,12:12:47,False,,True,True,739.53,8,1,77,670580613,train,True
670580537,739.51,41,12:12:48,False,,True,True,739.53,9,1,77,670580613,train,True
670580538,739.51,41,12:12:49,False,,True,True,739.53,10,1,77,670580613,train,True
670580539,739.51,41,12:12:50,False,,True,True,739.53,11,1,77,670580613,train,True
670580540,739.5,41,12:12:51,False,,True,True,739.53,12,1,77,670580613,train,True
670580541,739.5,41,12:12:52,False,,True,True,739.53,13,1,77,670580613,train,True
670580542,739.55,41,12:12:53,False,,True,True,739.53,14,1,77,670580613,train,True
670580543,739.48,41,12:12:54,False,,True,True,739.53,15,1,77,670580613,train,True
670580544,739.52,41,12:12:55,False,,True,True,739.53,16,1,77,670580613,train,True
670580545,739.59,41,12:12:56,False,,True,True,739.53,17,1,77,670580613,train,True
670580546,739.52,41,12:12:57,False,,True,True,739.53,18,1,77,670580613,train,True
670580547,739.54,41,12:12:58,False,,True,True,739.53,19,1,77,670580613,train,True
670580548,739.59,41,12:12:59,False,,True,True,739.53,20,1,77,670580613,train,True
670580549,739.56,41,12:13:00,False,,True,True,739.53,21,1,77,670580613,train,True
670580550,739.59,41,12:13:01,False,,True,True,739.53,22,1,77,670580613,train,True
670580551,739.56,41,12:13:02,False,,True,True,739.53,23,1,77,670580613,train,True
670580552,739.53,41,12:13:03,False,,True,True,739.53,23,1,77,670580613,train,True
670580553,739.61,41,12:13:04,False,,True,True,739.53,24,1,77,670580613,train,True
670580554,739.58,41,12:13:05,False,,True,True,739.53,25,1,77,670580613,train,True
670580555,739.6,41,12:13:06,False,,True,True,739.53,25,1,77,670580613,train,True
670580556,739.58,41,12:13:07,False,,True,True,739.53,26,1,77,670580613,train,True
670580557,739.56,41,12:13:08,False,,True,True,739.53,26,1,77,670580613,train,True
670580558,739.55,41,12:13:09,False,,True,True,739.53,27,1,77,670580613,train,True
670580559,739.55,41,12:13:10,False,,True,True,739.53,28,1,77,670580613,train,True
670580560,739.57,41,12:13:11,False,,True,True,739.53,29,1,77,670580613,train,True
670580561,739.53,41,12:13:12,False,,True,True,739.53,30,1,77,670580613,train,True
670580562,739.55,41,12:13:13,False,,True,True,739.53,31,1,77,670580613,train,True
670580563,739.53,41,12:13:14,False,,True,True,739.53,32,1,77,670580613,train,True
670580564,739.5,41,12:13:15,False,,True,True,739.53,33,1,77,670580613,train,True
670580565,739.48,41,12:13:16,False,,True,True,739.53,34,1,77,670580613,train,True
670580566,739.57,41,12:13:17,False,,True,True,739.53,35,1,77,670580613,train,True
670580567,739.57,41,12:13:18,False,,True,True,739.53,36,1,77,670580613,train,True
670580568,739.52,41,12:13:19,False,,True,True,739.53,37,1,77,670580613,train,True
670580569,739.5,41,12:13:20,False,,True,True,739.53,38,1,77,670580613,train,True
670580570,739.5,41,12:13:20,False,,True,True,739.53,39,1,77,670580613,train,True
670580571,739.56,41,12:13:21,False,,True,True,739.53,40,1,77,670580613,train,True
670580572,739.5,41,12:13:22,False,,True,True,739.53,41,1,77,670580613,train,True
670580573,739.56,41,12:13:23,False,,True,True,739.53,42,1,77,670580613,train,True
670580574,739.5,41,12:13:24,False,,True,True,739.53,43,1,77,670580613,train,True
670580575,739.56,41,12:13:25,False,,True,True,739.53,44,1,77,670580613,train,True
670580576,739.52,41,12:13:26,False,,True,True,739.53,45,1,77,670580613,train,True
670580577,739.56,41,12:13:27,False,,True,True,739.53,46,1,77,670580613,train,True
670584504,740.78,41,13:17:10,False,,True,False,740.66,46,1,78,670584569,train,True
670584505,740.73,41,13:17:11,False,,True,False,740.66,47,1,78,670584569,train,True
670584506,740.77,41,13:17:12,False,,True,False,740.66,48,1,78,670584569,train,True
670584507,740.72,41,13:17:13,False,,True,False,740.66,49,1,78,670584569,train,True
670584508,740.68,41,13:17:14,False,,True,False,740.66,50,1,78,670584569,train,True
670584509,740.77,41,13:17:15,False,,True,False,740.66,51,1,78,670584569,train,True
670584510,740.75,41,13:17:16,False,,True,False,740.67,52,1,78,670584569,train,True
670584511,740.74,41,13:17:17,False,,True,False,740.67,53,1,78,670584569,train,True
670584512,740.79,41,13:17:18,False,,True,False,740.67,54,1,78,670584569,train,True
670584513,740.86,41,13:17:19,False,,True,False,740.67,55,1,78,670584569,train,True
670584514,740.86,41,13:17:20,False,,True,False,740.67,56,1,78,670584569,train,True
670584515,740.86,41,13:17:21,False,,True,False,740.67,57,1,78,670584569,train,True
670584516,740.87,41,13:17:22,False,,True,False,740.67,58,1,78,670584569,train,True
670584517,740.85,41,13:17:23,False,,True,False,740.67,59,1,78,670584569,train,True
670584518,740.9,41,13:17:24,False,,True,False,740.67,60,1,78,670584569,train,True
670584519,740.87,41,13:17:25,False,,True,False,740.67,60,1,78,670584569,train,True
670584520,740.89,41,13:17:26,False,,True,False,740.67,60,1,78,670584569,train,True
670584521,740.89,41,13:17:27,False,,True,False,740.67,60,1,78,670584569,train,True
670584522,740.89,41,13:17:28,False,,True,False,740.68,60,1,78,670584569,train,True
670584523,740.87,41,13:17:29,False,,True,False,740.68,60,1,78,670584569,train,True
670584524,740.87,41,13:17:30,False,,True,False,740.68,60,1,78,670584569,train,True
670584525,740.89,41,13:17:31,False,,True,False,740.68,60,1,78,670584569,train,True
670584526,740.8,41,13:17:32,False,,True,False,740.68,60,1,78,670584569,train,True
670584527,740.84,41,13:17:33,False,,True,False,740.68,60,1,78,670584569,train,True
670584528,740.87,41,13:17:34,False,,True,False,740.68,60,1,78,670584569,train,True
670584529,740.84,41,13:17:35,False,,True,False,740.68,60,1,78,670584569,train,True
670584530,740.84,41,13:17:36,False,,True,False,740.68,60,1,78,670584569,train,True
670584531,740.84,41,13:17:37,False,,True,False,740.68,60,1,78,670584569,train,True
670584532,740.88,41,13:17:37,False,,True,False,740.68,60,1,78,670584569,train,True
670584533,740.84,41,13:17:38,False,,True,False,740.68,60,1,78,670584569,train,True
670584534,740.84,41,13:17:39,False,,True,False,740.69,60,1,78,670584569,train,True
670584535,740.82,41,13:17:40,False,,True,False,740.69,60,1,78,670584569,train,True
670584536,740.86,41,13:17:41,False,,True,False,740.69,60,1,78,670584569,train,True
670584537,740.77,41,13:17:42,False,,True,False,740.69,60,1,78,670584569,train,True
670584538,740.86,41,13:17:43,False,,True,False,740.69,60,1,78,670584569,train,True
670584539,740.81,41,13:17:44,False,,True,False,740.69,60,1,78,670584569,train,True
670584540,740.9,41,13:17:45,False,,True,False,740.69,60,1,78,670584569,train,True
670584541,740.83,41,13:17:46,False,,True,False,740.69,60,1,78,670584569,train,True
670584542,740.87,41,13:17:47,False,,True,False,740.69,60,1,78,670584569,train,True
670584543,740.7,41,13:17:48,False,,True,False,740.69,60,1,78,670584569,train,True
670584544,740.76,41,13:17:49,False,,True,False,740.69,60,1,78,670584569,train,True
670584545,740.76,41,13:17:50,False,,True,False,740.69,60,1,78,670584569,train,True
670584546,740.78,41,13:17:51,False,,True,False,740.7,60,1,78,670584569,train,True
670584547,740.8,41,13:17:52,False,,True,True,740.7,60,1,78,670584569,train,True
670584548,740.71,41,13:17:53,False,,True,True,740.7,60,1,78,670584569,train,True
670584549,740.73,41,13:17:54,False,,True,True,740.7,60,1,78,670584569,train,True
670584550,740.69,41,13:17:55,False,,True,True,740.7,60,1,78,670584569,train,True
670584551,740.71,41,13:17:56,False,,True,True,740.7,60,1,78,670584569,train,True
670584552,740.71,41,13:17:57,False,,True,True,740.7,60,1,78,670584569,train,True
670584553,740.71,41,13:17:58,False,,True,True,740.7,60,1,78,670584569,train,True
670584554,740.68,41,13:17:59,False,,True,True,740.7,60,1,78,670584569,train,True
670584555,740.64,41,13:18:00,False,,True,True,740.7,60,1,78,670584569,train,True
670584556,740.66,41,13:18:01,False,,True,True,740.7,60,1,78,670584569,train,True
670584557,740.61,41,13:18:02,False,,True,True,740.7,60,1,78,670584569,train,True
670584558,740.63,41,13:18:03,False,,True,True,740.7,60,1,78,670584569,train,True
670584559,740.56,41,13:18:04,False,,True,True,740.7,60,1,78,670584569,train,True
670584560,740.54,41,13:18:05,False,,True,True,740.7,60,1,78,670584569,train,True
670584561,740.54,41,13:18:06,False,,True,True,740.7,60,1,78,670584569,train,True
670584562,740.51,41,13:18:07,False,,True,True,740.7,60,1,78,670584569,train,True
670584563,740.43,41,13:18:08,False,,True,True,740.7,60,1,78,670584569,train,True
670584583,740.7,41,13:18:27,False,,True,True,740.7,53,1,79,670584657,train,True
670584584,740.7,41,13:18:28,False,,True,True,740.7,52,1,79,670584657,train,True
670584585,740.66,41,13:18:29,False,,True,True,740.7,51,1,79,670584657,train,True
670584586,740.63,41,13:18:30,False,,True,True,740.7,51,1,79,670584657,train,True
670584587,740.7,41,13:18:31,False,,True,True,740.7,51,1,79,670584657,train,True
670584588,740.7,41,13:18:32,False,,True,True,740.7,51,1,79,670584657,train,True
670584589,740.72,41,13:18:33,False,,True,True,740.7,51,1,79,670584657,train,True
670584590,740.74,41,13:18:34,False,,True,True,740.7,51,1,79,670584657,train,True
670584591,740.68,41,13:18:35,False,,True,False,740.7,51,1,79,670584657,train,True
670584592,740.72,41,13:18:36,False,,True,False,740.7,51,1,79,670584657,train,True
670584593,740.7,41,13:18:37,False,,True,False,740.7,51,1,79,670584657,train,True
670584594,740.76,41,13:18:38,False,,True,False,740.7,51,1,79,670584657,train,True
670584595,740.74,41,13:18:39,False,,True,False,740.7,51,1,79,670584657,train,True
670584596,740.76,41,13:18:40,False,,True,False,740.7,51,1,79,670584657,train,True
670584597,740.74,41,13:18:41,False,,True,False,740.71,51,1,79,670584657,train,True
670584598,740.74,41,13:18:42,False,,True,False,740.71,51,1,79,670584657,train,True
670584599,740.76,41,13:18:43,False,,True,False,740.71,51,1,79,670584657,train,True
670584600,740.71,41,13:18:44,False,,True,False,740.71,51,1,79,670584657,train,True
670584601,740.67,41,13:18:45,False,,True,True,740.71,51,1,79,670584657,train,True
670584602,740.77,41,13:18:46,False,,True,True,740.71,51,1,79,670584657,train,True
670584603,740.78,41,13:18:47,False,,True,True,740.71,51,1,79,670584657,train,True
670584604,740.82,41,13:18:48,False,,True,True,740.71,51,1,79,670584657,train,True
670584605,740.77,41,13:18:49,False,,True,True,740.71,51,1,79,670584657,train,True
670584606,740.77,41,13:18:50,False,,True,True,740.71,51,1,79,670584657,train,True
670584607,740.73,41,13:18:51,False,,True,True,740.71,51,1,79,670584657,train,True
670584608,740.79,41,13:18:51,False,,True,True,740.71,51,1,79,670584657,train,True
670584609,740.77,41,13:18:52,False,,True,True,740.71,51,1,79,670584657,train,True
670584610,740.73,41,13:18:53,False,,True,True,740.71,51,1,79,670584657,train,True
670584611,740.73,41,13:18:54,False,,True,True,740.71,51,1,79,670584657,train,True
670584612,740.75,41,13:18:55,False,,True,True,740.71,51,1,79,670584657,train,True
670584613,740.72,41,13:18:56,False,,True,True,740.71,51,1,79,670584657,train,True
670584614,740.68,41,13:18:57,False,,True,True,740.71,51,1,79,670584657,train,True
670584615,740.7,41,13:18:58,False,,True,True,740.71,51,1,79,670584657,train,True
670584616,740.74,41,13:18:59,False,,True,True,740.71,51,1,79,670584657,train,True
670584617,740.79,41,13:19:00,False,,True,True,740.71,51,1,79,670584657,train,True
670584618,740.72,41,13:19:01,False,,True,True,740.71,51,1,79,670584657,train,True
670584619,740.74,41,13:19:02,False,,True,True,740.72,51,1,79,670584657,train,True
670584620,740.8,41,13:19:03,False,,True,True,740.72,51,1,79,670584657,train,True
670584621,740.74,41,13:19:04,False,,True,True,740.72,51,1,79,670584657,train,True
670584622,740.76,41,13:19:05,False,,True,True,740.72,51,1,79,670584657,train,True
670584623,740.71,41,13:19:06,False,,True,True,740.72,51,1,79,670584657,train,True
670584624,740.74,41,13:19:07,False,,True,True,740.72,51,1,79,670584657,train,True
670584625,740.71,41,13:19:08,False,,True,True,740.72,51,1,79,670584657,train,True
670584626,740.78,41,13:19:09,False,,True,True,740.72,51,1,79,670584657,train,True
670584627,740.8,41,13:19:10,False,,True,True,740.72,51,1,79,670584657,train,True
670584628,740.75,41,13:19:11,False,,True,True,740.72,51,1,79,670584657,train,True
670584629,740.66,41,13:19:12,False,,True,True,740.72,51,1,79,670584657,train,True
670584630,740.68,41,13:19:13,False,,True,True,740.72,51,1,79,670584657,train,True
670584631,740.68,41,13:19:14,False,,True,True,740.72,51,1,79,670584657,train,True
670584632,740.66,41,13:19:15,False,,True,True,740.72,51,1,79,670584657,train,True
670584633,740.64,41,13:19:16,False,,True,True,740.72,51,1,79,670584657,train,True
670584634,740.61,41,13:19:17,False,,True,True,740.72,51,1,79,670584657,train,True
670584635,740.66,41,13:19:18,False,,True,True,740.72,51,1,79,670584657,train,True
670584636,740.7,41,13:19:19,False,,True,True,740.72,51,1,79,670584657,train,True
670584637,740.61,41,13:19:20,False,,True,True,740.72,52,1,79,670584657,train,True
670584638,740.66,41,13:19:21,False,,True,True,740.72,53,1,79,670584657,train,True
670584639,740.68,41,13:19:22,False,,True,True,740.72,54,1,79,670584657,train,True
670584640,740.63,41,13:19:23,False,,True,True,740.72,55,1,79,670584657,train,True
670584641,740.65,41,13:19:24,False,,True,True,740.72,56,1,79,670584657,train,True
670584642,740.59,41,13:19:25,False,,True,True,740.72,57,1,79,670584657,train,True
670587595,739.28,41,14:07:19,False,,True,False,739.54,54,1,80,670587674,train,True
670587596,739.31,41,14:07:20,False,,True,False,739.54,54,1,80,670587674,train,True
670587597,739.29,41,14:07:21,False,,True,False,739.54,54,1,80,670587674,train,True
670587598,739.26,41,14:07:22,False,,True,True,739.54,54,1,80,670587674,train,True
670587599,739.28,41,14:07:23,False,,True,True,739.54,54,1,80,670587674,train,True
670587600,739.24,41,14:07:24,False,,True,True,739.53,54,1,80,670587674,train,True
670587601,739.24,41,14:07:25,False,,True,True,739.53,54,1,80,670587674,train,True
670587602,739.26,41,14:07:26,False,,True,True,739.53,54,1,80,670587674,train,True
670587603,739.28,41,14:07:27,False,,True,True,739.53,54,1,80,670587674,train,True
670587604,739.21,41,14:07:28,False,,True,True,739.53,54,1,80,670587674,train,True
670587605,739.17,41,14:07:29,False,,True,True,739.53,54,1,80,670587674,train,True
670587606,739.19,41,14:07:30,False,,True,True,739.53,55,1,80,670587674,train,True
670587607,739.19,41,14:07:31,False,,True,True,739.53,56,1,80,670587674,train,True
670587608,739.21,41,14:07:32,False,,True,True,739.53,57,1,80,670587674,train,True
670587609,739.26,41,14:07:33,False,,True,True,739.53,58,1,80,670587674,train,True
670587610,739.24,41,14:07:34,False,,True,True,739.52,59,1,80,670587674,train,True
670587611,739.3,41,14:07:35,False,,True,True,739.52,59,1,80,670587674,train,True
670587612,739.24,41,14:07:36,False,,True,True,739.52,59,1,80,670587674,train,True
670587613,739.35,41,14:07:37,False,,True,True,739.52,60,1,80,670587674,train,True
670587614,739.32,41,14:07:38,False,,True,True,739.52,60,1,80,670587674,train,True
670587615,739.37,41,14:07:39,False,,True,True,739.52,60,1,80,670587674,train,True
670587616,739.39,41,14:07:40,False,,True,True,739.52,60,1,80,670587674,train,True
670587617,739.3,41,14:07:41,False,,True,True,739.52,60,1,80,670587674,train,True
670587618,739.44,41,14:07:42,False,,True,True,739.52,60,1,80,670587674,train,True
670587619,739.48,41,14:07:43,False,,True,True,739.52,60,1,80,670587674,train,True
670587620,739.39,41,14:07:44,False,,True,True,739.52,60,1,80,670587674,train,True
670587621,739.44,41,14:07:45,False,,True,True,739.52,60,1,80,670587674,train,True
670587622,739.41,41,14:07:46,False,,True,True,739.51,60,1,80,670587674,train,True
670587623,739.37,41,14:07:47,False,,True,True,739.51,60,1,80,670587674,train,True
670587624,739.38,41,14:07:48,False,,True,True,739.51,60,1,80,670587674,train,True
670587625,739.34,41,14:07:49,False,,True,True,739.51,60,1,80,670587674,train,True
670587626,739.32,41,14:07:50,False,,True,True,739.51,60,1,80,670587674,train,True
670587627,739.25,41,14:07:50,False,,True,True,739.51,60,1,80,670587674,train,True
670587628,739.23,41,14:07:51,False,,True,True,739.51,60,1,80,670587674,train,True
670587629,739.25,41,14:07:52,False,,True,True,739.51,60,1,80,670587674,train,True
670587630,739.25,41,14:07:53,False,,True,True,739.51,60,1,80,670587674,train,True
670587631,739.23,41,14:07:54,False,,True,True,739.51,60,1,80,670587674,train,True
670587632,739.23,41,14:07:55,False,,True,True,739.51,60,1,80,670587674,train,True
670587633,739.25,41,14:07:56,False,,True,True,739.5,60,1,80,670587674,train,True
670587634,739.25,41,14:07:57,False,,True,True,739.5,60,1,80,670587674,train,True
670587635,739.2,41,14:07:58,False,,True,True,739.5,60,1,80,670587674,train,True
670587636,739.21,41,14:07:59,False,,True,True,739.5,60,1,80,670587674,train,True
670587637,739.22,41,14:08:00,False,,True,True,739.5,60,1,80,670587674,train,True
670587638,739.2,41,14:08:01,False,,True,True,739.5,60,1,80,670587674,train,True
670587639,739.18,41,14:08:02,False,,True,True,739.5,60,1,80,670587674,train,True
670587640,739.13,41,14:08:03,False,,True,True,739.5,60,1,80,670587674,train,True
670587641,739.13,41,14:08:04,False,,True,True,739.5,60,1,80,670587674,train,True
670587642,739.09,41,14:08:05,False,,True,True,739.5,60,1,80,670587674,train,True
670587643,739.13,41,14:08:06,False,,True,True,739.49,60,1,80,670587674,train,True
670587644,739.02,41,14:08:07,False,,True,True,739.49,60,1,80,670587674,train,True
670587645,739.06,41,14:08:08,False,,True,True,739.49,60,1,80,670587674,train,True
670587646,739.02,41,14:08:09,False,,True,True,739.49,60,1,80,670587674,train,True
670587647,739.02,41,14:08:10,False,,True,True,739.49,60,1,80,670587674,train,True
670587648,738.95,41,14:08:11,False,,True,True,739.49,60,1,80,670587674,train,True
670587649,739.0,41,14:08:12,False,,True,True,739.49,60,1,80,670587674,train,True
670587650,739.0,41,14:08:13,False,,True,True,739.49,60,1,80,670587674,train,True
670587651,738.93,41,14:08:14,False,,True,True,739.48,60,1,80,670587674,train,True
670587652,738.9,41,14:08:15,False,,True,True,739.48,60,1,80,670587674,train,True
670587653,738.86,41,14:08:16,False,,True,True,739.48,60,1,80,670587674,train,True
670587654,738.86,41,14:08:17,False,,True,True,739.48,60,1,80,670587674,train,True
670594395,733.77,41,15:57:39,False,,True,False,733.85,26,1,81,670594461,train,True
670594396,733.77,41,15:57:40,False,,True,False,733.85,27,1,81,670594461,train,True
670594397,733.79,41,15:57:41,False,,True,False,733.85,27,1,81,670594461,train,True
670594398,733.82,41,15:57:42,False,,True,False,733.85,28,1,81,670594461,train,True
670594399,733.77,41,15:57:43,False,,True,False,733.85,28,1,81,670594461,train,True
670594400,733.81,41,15:57:44,False,,True,False,733.85,28,1,81,670594461,train,True
670594401,733.84,41,15:57:45,False,,True,False,733.85,29,1,81,670594461,train,True
670594402,733.82,41,15:57:46,False,,True,False,733.85,29,1,81,670594461,train,True
670594403,733.84,41,15:57:47,False,,True,False,733.85,29,1,81,670594461,train,True
670594404,733.79,41,15:57:48,False,,True,False,733.85,29,1,81,670594461,train,True
670594405,733.79,41,15:57:49,False,,True,False,733.85,29,1,81,670594461,train,True
670594406,733.79,41,15:57:50,False,,True,False,733.85,30,1,81,670594461,train,True
670594407,733.79,41,15:57:51,False,,True,False,733.85,30,1,81,670594461,train,True
670594408,733.88,41,15:57:52,False,,True,False,733.85,30,1,81,670594461,train,True
670594409,733.9,41,15:57:53,False,,True,False,733.85,30,1,81,670594461,train,True
670594410,733.83,41,15:57:54,False,,True,False,733.85,30,1,81,670594461,train,True
670594411,733.85,41,15:57:55,False,,True,False,733.85,30,1,81,670594461,train,True
670594412,733.92,41,15:57:56,False,,True,False,733.85,30,1,81,670594461,train,True
670594413,733.85,41,15:57:57,False,,True,False,733.85,30,1,81,670594461,train,True
670594414,733.83,41,15:57:58,False,,True,False,733.85,30,1,81,670594461,train,True
670594415,733.78,41,15:57:59,False,,True,False,733.85,30,1,81,670594461,train,True
670594416,733.85,41,15:58:00,False,,True,False,733.85,31,1,81,670594461,train,True
670594417,733.85,41,15:58:01,False,,True,False,733.85,31,1,81,670594461,train,True
670594418,733.89,41,15:58:02,False,,True,False,733.85,32,1,81,670594461,train,True
670594419,733.8,41,15:58:03,False,,True,False,733.85,33,1,81,670594461,train,True
670594420,733.85,41,15:58:03,False,,True,False,733.85,33,1,81,670594461,train,True
670594421,733.83,41,15:58:04,False,,True,False,733.85,34,1,81,670594461,train,True
670594422,733.78,41,15:58:05,False,,True,False,733.85,35,1,81,670594461,train,True
670594423,733.76,41,15:58:06,False,,True,False,733.85,36,1,81,670594461,train,True
670594424,733.75,41,15:58:07,False,,True,False,733.85,37,1,81,670594461,train,True
670594425,733.76,41,15:58:08,False,,True,False,733.85,38,1,81,670594461,train,True
670594426,733.76,41,15:58:09,False,,True,False,733.85,39,1,81,670594461,train,True
670594427,733.74,41,15:58:10,False,,True,False,733.85,40,1,81,670594461,train,True
670594428,733.69,41,15:58:11,False,,True,False,733.85,41,1,81,670594461,train,True
670594429,733.75,41,15:58:12,False,,True,False,733.85,42,1,81,670594461,train,True
670594430,733.76,41,15:58:13,False,,True,False,733.85,43,1,81,670594461,train,True
670594431,733.76,41,15:58:14,False,,True,False,733.85,44,1,81,670594461,train,True
670594432,733.73,41,15:58:15,False,,True,False,733.85,45,1,81,670594461,train,True
670594433,733.82,41,15:58:16,False,,True,False,733.85,46,1,81,670594461,train,True
670594434,733.77,41,15:58:17,False,,True,False,733.85,47,1,81,670594461,train,True
670594435,733.78,41,15:58:18,False,,True,True,733.85,48,1,81,670594461,train,True
670594436,733.8,41,15:58:19,False,,True,True,733.85,49,1,81,670594461,train,True
670594437,733.77,41,15:58:20,False,,True,True,733.85,50,1,81,670594461,train,True
670594438,733.75,41,15:58:21,False,,True,True,733.85,51,1,81,670594461,train,True
670594439,733.79,41,15:58:22,False,,True,True,733.85,52,1,81,670594461,train,True
670594440,733.73,41,15:58:23,False,,True,True,733.85,53,1,81,670594461,train,True
670594441,733.75,41,15:58:24,False,,True,True,733.85,54,1,81,670594461,train,True
670594442,733.68,41,15:58:25,False,,True,True,733.85,55,1,81,670594461,train,True
670594443,733.7,41,15:58:26,False,,True,True,733.85,56,1,81,670594461,train,True
670594444,733.7,41,15:58:27,False,,True,True,733.85,57,1,81,670594461,train,True
670594445,733.63,41,15:58:28,False,,True,True,733.85,58,1,81,670594461,train,True
670594446,733.59,41,15:58:29,False,,True,True,733.85,59,1,81,670594461,train,True
670594447,733.61,41,15:58:30,False,,True,True,733.85,60,1,81,670594461,train,True
670594448,733.59,41,15:58:31,False,,True,True,733.85,60,1,81,670594461,train,True
670594449,733.61,41,15:58:32,False,,True,True,733.85,60,1,81,670594461,train,True
670594450,733.61,41,15:58:33,False,,True,True,733.85,60,1,81,670594461,train,True
670594451,733.61,41,15:58:34,False,,True,True,733.85,60,1,81,670594461,train,True
670594452,733.6,41,15:58:35,False,,True,True,733.84,60,1,81,670594461,train,True
670594453,733.58,41,15:58:36,False,,True,True,733.84,60,1,81,670594461,train,True
670594454,733.65,41,15:58:37,False,,True,True,733.84,60,1,81,670594461,train,True
670841619,741.46,44,10:48:52,False,,False,False,741.72,2,0,82,670841835,train,True
670841620,741.47,44,10:48:53,False,,False,False,741.72,2,0,82,670841835,train,True
670841621,741.49,44,10:48:54,False,,False,False,741.72,2,0,82,670841835,train,True
670841622,741.43,44,10:48:55,False,,False,False,741.72,1,0,82,670841835,train,True
670841773,741.43,44,10:51:22,False,,True,False,741.54,1,1,82,670841835,train,True
670841774,741.45,44,10:51:23,False,,True,False,741.54,2,1,82,670841835,train,True
670841775,741.39,44,10:51:24,False,,True,False,741.54,3,1,82,670841835,train,True
670841776,741.5,44,10:51:25,False,,True,False,741.54,4,1,82,670841835,train,True
670841777,741.4,44,10:51:26,False,,True,False,741.54,5,1,82,670841835,train,True
670841778,741.41,44,10:51:27,False,,True,False,741.53,6,1,82,670841835,train,True
670841779,741.41,44,10:51:28,False,,True,False,741.53,7,1,82,670841835,train,True
670841780,741.38,44,10:51:29,False,,True,False,741.53,8,1,82,670841835,train,True
670841781,741.34,44,10:51:30,False,,True,False,741.53,9,1,82,670841835,train,True
670841782,741.45,44,10:51:31,False,,True,False,741.53,10,1,82,670841835,train,True
670841783,741.42,44,10:51:32,False,,True,False,741.53,11,1,82,670841835,train,True
670841784,741.44,44,10:51:33,False,,True,False,741.53,12,1,82,670841835,train,True
670841785,741.46,44,10:51:34,False,,True,False,741.53,13,1,82,670841835,train,True
670841786,741.42,44,10:51:34,False,,True,False,741.53,14,1,82,670841835,train,True
670841787,741.39,44,10:51:35,False,,True,False,741.53,15,1,82,670841835,train,True
670841788,741.41,44,10:51:36,False,,True,False,741.53,16,1,82,670841835,train,True
670841789,741.41,44,10:51:37,False,,True,False,741.52,17,1,82,670841835,train,True
670841790,741.44,44,10:51:38,False,,True,False,741.52,18,1,82,670841835,train,True
670841791,741.39,44,10:51:39,False,,True,False,741.52,19,1,82,670841835,train,True
670841792,741.43,44,10:51:40,False,,True,False,741.52,20,1,82,670841835,train,True
670841793,741.39,44,10:51:41,False,,True,False,741.52,21,1,82,670841835,train,True
670841794,741.34,44,10:51:42,False,,True,False,741.52,22,1,82,670841835,train,True
670841795,741.41,44,10:51:43,False,,True,False,741.52,23,1,82,670841835,train,True
670841796,741.43,44,10:51:44,False,,True,False,741.52,24,1,82,670841835,train,True
670841797,741.39,44,10:51:45,False,,True,False,741.52,25,1,82,670841835,train,True
670841798,741.38,44,10:51:46,False,,True,False,741.52,26,1,82,670841835,train,True
670841799,741.4,44,10:51:47,False,,True,False,741.52,27,1,82,670841835,train,True
670841800,741.43,44,10:51:48,False,,True,False,741.52,28,1,82,670841835,train,True
670841801,741.36,44,10:51:49,False,,True,False,741.52,29,1,82,670841835,train,True
670841802,741.4,44,10:51:50,False,,True,False,741.51,30,1,82,670841835,train,True
670841803,741.42,44,10:51:51,False,,True,False,741.51,31,1,82,670841835,train,True
670841804,741.4,44,10:51:52,False,,True,False,741.51,32,1,82,670841835,train,True
670841805,741.4,44,10:51:53,False,,True,False,741.51,33,1,82,670841835,train,True
670841806,741.42,44,10:51:54,False,,True,False,741.51,34,1,82,670841835,train,True
670841807,741.39,44,10:51:55,False,,True,False,741.51,35,1,82,670841835,train,True
670841808,741.37,44,10:51:56,False,,True,False,741.51,36,1,82,670841835,train,True
670841809,741.39,44,10:51:57,False,,True,False,741.51,37,1,82,670841835,train,True
670841810,741.39,44,10:51:58,False,,True,False,741.51,38,1,82,670841835,train,True
670841811,741.37,44,10:51:59,False,,True,True,741.51,39,1,82,670841835,train,True
670841812,741.36,44,10:52:00,False,,True,True,741.51,40,1,82,670841835,train,True
670841813,741.29,44,10:52:01,False,,True,True,741.51,41,1,82,670841835,train,True
670841814,741.32,44,10:52:02,False,,True,True,741.5,42,1,82,670841835,train,True
670841815,741.29,44,10:52:03,False,,True,True,741.5,43,1,82,670841835,train,True
670841816,741.36,44,10:52:04,False,,True,True,741.5,44,1,82,670841835,train,True
670841817,741.4,44,10:52:05,False,,True,True,741.5,45,1,82,670841835,train,True
670841818,741.4,44,10:52:06,False,,True,True,741.5,46,1,82,670841835,train,True
670841819,741.4,44,10:52:07,False,,True,True,741.5,47,1,82,670841835,train,True
670841820,741.36,44,10:52:08,False,,True,True,741.5,48,1,82,670841835,train,True
670841821,741.36,44,10:52:09,False,,True,True,741.5,49,1,82,670841835,train,True
670841822,741.33,44,10:52:10,False,,True,True,741.5,50,1,82,670841835,train,True
670841823,741.35,44,10:52:11,False,,True,True,741.5,51,1,82,670841835,train,True
670841824,741.35,44,10:52:11,False,,True,True,741.49,52,1,82,670841835,train,True
670841825,741.37,44,10:52:12,False,,True,True,741.49,53,1,82,670841835,train,True
670841826,741.26,44,10:52:13,False,,True,True,741.49,54,1,82,670841835,train,True
670841827,741.26,44,10:52:14,False,,True,True,741.49,55,1,82,670841835,train,True
670841828,741.3,44,10:52:15,False,,True,True,741.49,56,1,82,670841835,train,True
670842398,741.04,44,11:01:30,False,,True,False,741.46,7,1,83,670842459,train,True
670842399,741.06,44,11:01:31,False,,True,False,741.46,7,1,83,670842459,train,True
670842400,741.13,44,11:01:32,False,,True,False,741.46,7,1,83,670842459,train,True
670842401,741.06,44,11:01:33,False,,True,False,741.46,7,1,83,670842459,train,True
670842402,741.11,44,11:01:34,False,,True,False,741.46,7,1,83,670842459,train,True
670842403,741.08,44,11:01:35,False,,True,False,741.46,7,1,83,670842459,train,True
670842404,741.08,44,11:01:36,False,,True,False,741.46,8,1,83,670842459,train,True
670842405,741.08,44,11:01:37,False,,True,False,741.46,9,1,83,670842459,train,True
670842406,741.06,44,11:01:38,False,,True,False,741.46,10,1,83,670842459,train,True
670842407,741.08,44,11:01:39,False,,True,False,741.46,11,1,83,670842459,train,True
670842408,741.12,44,11:01:40,False,,True,False,741.46,12,1,83,670842459,train,True
670842409,741.08,44,11:01:41,False,,True,False,741.46,13,1,83,670842459,train,True
670842410,741.1,44,11:01:42,False,,True,False,741.46,14,1,83,670842459,train,True
670842411,741.19,44,11:01:43,False,,True,False,741.46,15,1,83,670842459,train,True
670842412,741.16,44,11:01:44,False,,True,False,741.46,16,1,83,670842459,train,True
670842413,741.12,44,11:01:45,False,,True,False,741.46,17,1,83,670842459,train,True
670842414,741.16,44,11:01:46,False,,True,False,741.46,18,1,83,670842459,train,True
670842415,741.2,44,11:01:47,False,,True,False,741.45,19,1,83,670842459,train,True
670842416,741.07,44,11:01:48,False,,True,False,741.45,20,1,83,670842459,train,True
670842417,741.14,44,11:01:49,False,,True,False,741.45,21,1,83,670842459,train,True
670842418,741.16,44,11:01:50,False,,True,False,741.45,22,1,83,670842459,train,True
670842419,741.09,44,11:01:51,False,,True,False,741.45,23,1,83,670842459,train,True
670842420,741.15,44,11:01:52,False,,True,False,741.45,24,1,83,670842459,train,True
670842421,741.17,44,11:01:53,False,,True,False,741.45,25,1,83,670842459,train,True
670842422,741.11,44,11:01:54,False,,True,False,741.45,26,1,83,670842459,train,True
670842423,741.09,44,11:01:55,False,,True,False,741.45,27,1,83,670842459,train,True
670842424,741.13,44,11:01:56,False,,True,False,741.45,28,1,83,670842459,train,True
670842425,741.12,44,11:01:57,False,,True,False,741.45,29,1,83,670842459,train,True
670842426,741.08,44,11:01:58,False,,True,False,741.45,30,1,83,670842459,train,True
670842427,741.12,44,11:01:59,False,,True,False,741.45,31,1,83,670842459,train,True
670842428,741.14,44,11:01:59,False,,True,False,741.45,32,1,83,670842459,train,True
670842429,741.1,44,11:02:00,False,,True,False,741.45,33,1,83,670842459,train,True
670842430,741.12,44,11:02:01,False,,True,False,741.45,34,1,83,670842459,train,True
670842431,741.12,44,11:02:02,False,,True,False,741.45,35,1,83,670842459,train,True
670842432,741.12,44,11:02:03,False,,True,False,741.45,36,1,83,670842459,train,True
670842433,741.19,44,11:02:04,False,,True,False,741.44,37,1,83,670842459,train,True
670842434,741.12,44,11:02:05,False,,True,False,741.44,38,1,83,670842459,train,True
670842435,741.16,44,11:02:06,False,,True,False,741.44,39,1,83,670842459,train,True
670842436,741.12,44,11:02:07,False,,True,False,741.44,40,1,83,670842459,train,True
670842437,741.18,44,11:02:08,False,,True,False,741.44,41,1,83,670842459,train,True
670842438,741.11,44,11:02:09,False,,True,False,741.44,42,1,83,670842459,train,True
670842439,741.16,44,11:02:10,False,,True,False,741.44,43,1,83,670842459,train,True
670842440,741.14,44,11:02:11,False,,True,False,741.44,44,1,83,670842459,train,True
670842441,741.11,44,11:02:12,False,,True,False,741.44,45,1,83,670842459,train,True
670842442,741.18,44,11:02:13,False,,True,False,741.44,46,1,83,670842459,train,True
670842443,741.11,44,11:02:14,False,,True,False,741.44,47,1,83,670842459,train,True
670842444,741.16,44,11:02:15,False,,True,False,741.44,48,1,83,670842459,train,True
670842445,741.15,44,11:02:16,False,,True,False,741.44,49,1,83,670842459,train,True
670842446,741.15,44,11:02:17,False,,True,False,741.44,50,1,83,670842459,train,True
670842447,741.15,44,11:02:18,False,,True,False,741.44,51,1,83,670842459,train,True
670842448,741.1,44,11:02:19,False,,True,False,741.44,52,1,83,670842459,train,True
670842449,741.1,44,11:02:20,False,,True,False,741.43,53,1,83,670842459,train,True
670842450,741.08,44,11:02:21,False,,True,False,741.43,54,1,83,670842459,train,True
670842451,741.08,44,11:02:22,False,,True,False,741.43,55,1,83,670842459,train,True
670842452,741.1,44,11:02:23,False,,True,False,741.43,56,1,83,670842459,train,True
670842453,741.14,44,11:02:24,False,,True,False,741.43,57,1,83,670842459,train,True
670842454,741.05,44,11:02:25,False,,True,True,741.43,58,1,83,670842459,train,True
670842455,741.12,44,11:02:26,False,,True,True,741.43,59,1,83,670842459,train,True
670842456,740.9,44,11:02:27,False,,True,True,741.43,60,1,83,670842459,train,True
670842457,740.87,44,11:02:28,False,,True,True,741.43,60,1,83,670842459,train,True
670848974,744.9,44,12:48:12,False,,True,False,745.0,44,1,84,670849047,train,True
670848975,744.88,44,12:48:13,False,,True,False,745.0,45,1,84,670849047,train,True
670848976,744.88,44,12:48:14,False,,True,False,745.0,46,1,84,670849047,train,True
670848977,744.95,44,12:48:15,False,,True,False,745.0,47,1,84,670849047,train,True
670848978,744.94,44,12:48:16,False,,True,False,745.0,48,1,84,670849047,train,True
670848979,744.96,44,12:48:17,False,,True,False,745.0,49,1,84,670849047,train,True
670848980,744.96,44,12:48:18,False,,True,False,745.0,50,1,84,670849047,train,True
670848981,745.01,44,12:48:19,False,,True,False,745.0,51,1,84,670849047,train,True
670848982,745.03,44,12:48:20,False,,True,False,745.0,52,1,84,670849047,train,True
670848983,745.01,44,12:48:21,False,,True,False,745.0,53,1,84,670849047,train,True
670848984,745.05,44,12:48:22,False,,True,False,745.0,54,1,84,670849047,train,True
670848985,745.09,44,12:48:23,False,,True,False,745.0,55,1,84,670849047,train,True
670848986,745.07,44,12:48:24,False,,True,False,745.0,56,1,84,670849047,train,True
670848987,744.98,44,12:48:25,False,,True,False,745.0,57,1,84,670849047,train,True
670848988,745.05,44,12:48:26,False,,True,False,745.0,58,1,84,670849047,train,True
670848989,745.12,44,12:48:27,False,,True,False,745.0,59,1,84,670849047,train,True
670848990,745.13,44,12:48:28,False,,True,False,745.0,60,1,84,670849047,train,True
670848991,745.24,44,12:48:29,False,,True,False,745.01,60,1,84,670849047,train,True
670848992,745.2,44,12:48:30,False,,True,False,745.01,60,1,84,670849047,train,True
670848993,745.2,44,12:48:31,False,,True,True,745.01,60,1,84,670849047,train,True
670848994,745.2,44,12:48:31,False,,True,True,745.01,60,1,84,670849047,train,True
670848995,745.2,44,12:48:32,False,,True,True,745.01,60,1,84,670849047,train,True
670848996,745.22,44,12:48:33,False,,True,True,745.01,60,1,84,670849047,train,True
670848997,745.26,44,12:48:34,False,,True,True,745.01,60,1,84,670849047,train,True
670848998,745.24,44,12:48:35,False,,True,True,745.01,60,1,84,670849047,train,True
670848999,745.24,44,12:48:36,False,,True,True,745.01,60,1,84,670849047,train,True
670849000,745.26,44,12:48:37,False,,True,True,745.01,60,1,84,670849047,train,True
670849001,745.19,44,12:48:38,False,,True,True,745.01,60,1,84,670849047,train,True
670849002,745.28,44,12:48:39,False,,True,True,745.01,60,1,84,670849047,train,True
670849003,745.32,44,12:48:40,False,,True,True,745.01,60,1,84,670849047,train,True
670849004,745.28,44,12:48:41,False,,True,True,745.02,60,1,84,670849047,train,True
670849005,745.28,44,12:48:42,False,,True,True,745.02,60,1,84,670849047,train,True
670849006,745.3,44,12:48:43,False,,True,True,745.02,60,1,84,670849047,train,True
670849007,745.23,44,12:48:44,False,,True,True,745.02,60,1,84,670849047,train,True
670849008,745.17,44,12:48:45,False,,True,True,745.02,60,1,84,670849047,train,True
670849009,745.21,44,12:48:46,False,,True,True,745.02,60,1,84,670849047,train,True
670849010,745.23,44,12:48:47,False,,True,True,745.02,60,1,84,670849047,train,True
670849011,745.21,44,12:48:48,False,,True,True,745.02,60,1,84,670849047,train,True
670849012,745.23,44,12:48:49,False,,True,True,745.02,60,1,84,670849047,train,True
670849013,745.18,44,12:48:50,False,,True,True,745.02,60,1,84,670849047,train,True
670849014,745.2,44,12:48:51,False,,True,True,745.02,60,1,84,670849047,train,True
670849015,745.22,44,12:48:52,False,,True,True,745.02,60,1,84,670849047,train,True
670849016,745.22,44,12:48:53,False,,True,True,745.03,60,1,84,670849047,train,True
670849017,745.16,44,12:48:54,False,,True,True,745.03,60,1,84,670849047,train,True
670849018,745.27,44,12:48:55,False,,True,True,745.03,60,1,84,670849047,train,True
670849019,745.23,44,12:48:56,False,,True,True,745.03,60,1,84,670849047,train,True
670849020,745.24,44,12:48:57,False,,True,True,745.03,60,1,84,670849047,train,True
670849021,745.22,44,12:48:58,False,,True,True,745.03,60,1,84,670849047,train,True
670849022,745.18,44,12:48:59,False,,True,True,745.03,60,1,84,670849047,train,True
670849023,745.2,44,12:49:00,False,,True,True,745.03,60,1,84,670849047,train,True
670849024,745.15,44,12:49:01,False,,True,True,745.03,60,1,84,670849047,train,True
670849025,745.17,44,12:49:02,False,,True,True,745.03,60,1,84,670849047,train,True
670849026,745.1,44,12:49:03,False,,True,True,745.03,60,1,84,670849047,train,True
670849027,745.08,44,12:49:04,False,,True,True,745.03,60,1,84,670849047,train,True
670849028,745.1,44,12:49:05,False,,True,True,745.03,60,1,84,670849047,train,True
670849029,744.99,44,12:49:06,False,,True,True,745.03,60,1,84,670849047,train,True
670849030,744.97,44,12:49:07,False,,True,True,745.03,60,1,84,670849047,train,True
670849031,745.01,44,12:49:08,False,,True,True,745.03,60,1,84,670849047,train,True
670849032,744.96,44,12:49:08,False,,True,True,745.03,60,1,84,670849047,train,True
670849033,744.96,44,12:49:09,False,,True,True,745.03,60,1,84,670849047,train,True
670852673,745.14,44,13:48:13,False,,True,False,745.32,17,1,85,670852738,train,True
670852674,745.12,44,13:48:14,False,,True,False,745.32,18,1,85,670852738,train,True
670852675,745.19,44,13:48:15,False,,True,False,745.32,19,1,85,670852738,train,True
670852676,745.15,44,13:48:16,False,,True,False,745.32,20,1,85,670852738,train,True
670852677,745.16,44,13:48:17,False,,True,False,745.32,20,1,85,670852738,train,True
670852678,745.18,44,13:48:18,False,,True,False,745.32,20,1,85,670852738,train,True
670852679,745.16,44,13:48:19,False,,True,False,745.32,20,1,85,670852738,train,True
670852680,745.21,44,13:48:20,False,,True,False,745.31,20,1,85,670852738,train,True
670852681,745.18,44,13:48:21,False,,True,False,745.31,20,1,85,670852738,train,True
670852682,745.18,44,13:48:22,False,,True,False,745.31,20,1,85,670852738,train,True
670852683,745.18,44,13:48:23,False,,True,False,745.31,20,1,85,670852738,train,True
670852684,745.23,44,13:48:24,False,,True,False,745.31,20,1,85,670852738,train,True
670852685,745.12,44,13:48:25,False,,True,False,745.31,20,1,85,670852738,train,True
670852686,745.2,44,13:48:26,False,,True,False,745.31,20,1,85,670852738,train,True
670852687,745.2,44,13:48:27,False,,True,False,745.31,20,1,85,670852738,train,True
670852688,745.11,44,13:48:28,False,,True,False,745.31,20,1,85,670852738,train,True
670852689,745.18,44,13:48:29,False,,True,False,745.31,20,1,85,670852738,train,True
670852690,745.13,44,13:48:30,False,,True,False,745.31,21,1,85,670852738,train,True
670852691,745.2,44,13:48:31,False,,True,False,745.3,21,1,85,670852738,train,True
670852692,745.17,44,13:48:31,False,,True,False,745.3,22,1,85,670852738,train,True
670852693,745.13,44,13:48:32,False,,True,False,745.3,22,1,85,670852738,train,True
670852694,745.2,44,13:48:33,False,,True,False,745.3,23,1,85,670852738,train,True
670852695,745.15,44,13:48:34,False,,True,False,745.3,24,1,85,670852738,train,True
670852696,745.19,44,13:48:35,False,,True,False,745.3,24,1,85,670852738,train,True
670852697,745.15,44,13:48:36,False,,True,False,745.3,25,1,85,670852738,train,True
670852698,745.17,44,13:48:37,False,,True,False,745.3,26,1,85,670852738,train,True
670852699,745.15,44,13:48:38,False,,True,False,745.3,27,1,85,670852738,train,True
670852700,745.12,44,13:48:39,False,,True,False,745.3,28,1,85,670852738,train,True
670852701,745.08,44,13:48:40,False,,True,False,745.29,29,1,85,670852738,train,True
670852702,745.14,44,13:48:41,False,,True,False,745.29,30,1,85,670852738,train,True
670852703,745.1,44,13:48:42,False,,True,False,745.29,31,1,85,670852738,train,True
670852704,745.1,44,13:48:43,False,,True,False,745.29,32,1,85,670852738,train,True
670852705,745.12,44,13:48:44,False,,True,False,745.29,33,1,85,670852738,train,True
670852706,745.08,44,13:48:45,False,,True,False,745.29,34,1,85,670852738,train,True
670852707,745.16,44,13:48:46,False,,True,False,745.29,35,1,85,670852738,train,True
670852708,745.12,44,13:48:47,False,,True,False,745.29,36,1,85,670852738,train,True
670852709,745.12,44,13:48:48,False,,True,False,745.29,37,1,85,670852738,train,True
670852710,745.11,44,13:48:49,False,,True,False,745.29,38,1,85,670852738,train,True
670852711,745.16,44,13:48:50,False,,True,False,745.28,39,1,85,670852738,train,True
670852712,745.1,44,13:48:51,False,,True,False,745.28,40,1,85,670852738,train,True
670852713,745.14,44,13:48:52,False,,True,False,745.28,41,1,85,670852738,train,True
670852714,745.16,44,13:48:53,False,,True,False,745.28,42,1,85,670852738,train,True
670852715,745.12,44,13:48:54,False,,True,False,745.28,43,1,85,670852738,train,True
670852716,745.13,44,13:48:55,False,,True,False,745.28,44,1,85,670852738,train,True
670852717,745.18,44,13:48:56,False,,True,False,745.28,45,1,85,670852738,train,True
670852718,745.12,44,13:48:57,False,,True,True,745.28,46,1,85,670852738,train,True
670852719,745.09,44,13:48:58,False,,True,True,745.28,47,1,85,670852738,train,True
670852720,745.16,44,13:48:59,False,,True,True,745.28,48,1,85,670852738,train,True
670852721,745.15,44,13:49:00,False,,True,True,745.27,49,1,85,670852738,train,True
670852722,745.16,44,13:49:01,False,,True,True,745.27,50,1,85,670852738,train,True
670852723,745.16,44,13:49:02,False,,True,True,745.27,51,1,85,670852738,train,True
670852724,745.15,44,13:49:03,False,,True,True,745.27,52,1,85,670852738,train,True
670852725,745.2,44,13:49:04,False,,True,True,745.27,53,1,85,670852738,train,True
670852726,745.13,44,13:49:05,False,,True,True,745.27,54,1,85,670852738,train,True
670852727,745.15,44,13:49:06,False,,True,True,745.27,55,1,85,670852738,train,True
670852728,745.11,44,13:49:07,False,,True,True,745.27,56,1,85,670852738,train,True
670852729,745.06,44,13:49:08,False,,True,True,745.27,57,1,85,670852738,train,True
670852730,745.01,44,13:49:08,False,,True,True,745.27,58,1,85,670852738,train,True
670852731,744.92,44,13:49:09,False,,True,True,745.26,59,1,85,670852738,train,True
670852732,744.87,44,13:49:10,False,,True,True,745.26,60,1,85,670852738,train,True
670856231,741.38,44,14:45:57,False,,True,True,741.55,60,1,86,670856365,train,True
670856232,741.38,44,14:45:58,False,,True,True,741.55,60,1,86,670856365,train,True
670856233,741.43,44,14:45:59,False,,True,True,741.55,60,1,86,670856365,train,True
670856234,741.38,44,14:46:00,False,,True,True,741.55,60,1,86,670856365,train,True
670856235,741.35,44,14:46:01,False,,True,True,741.55,60,1,86,670856365,train,True
670856236,741.37,44,14:46:02,False,,True,True,741.55,60,1,86,670856365,train,True
670856237,741.37,44,14:46:03,False,,True,True,741.55,60,1,86,670856365,train,True
670856238,741.33,44,14:46:04,False,,True,True,741.55,60,1,86,670856365,train,True
670856239,741.32,44,14:46:05,False,,True,True,741.55,60,1,86,670856365,train,True
670856240,741.34,44,14:46:05,False,,True,True,741.55,60,1,86,670856365,train,True
670856241,741.34,44,14:46:06,False,,True,True,741.55,60,1,86,670856365,train,True
670856242,741.3,44,14:46:07,False,,True,True,741.55,60,1,86,670856365,train,True
670856243,741.32,44,14:46:08,False,,True,True,741.55,60,1,86,670856365,train,True
670856244,741.36,44,14:46:09,False,,True,True,741.55,60,1,86,670856365,train,True
670856245,741.31,44,14:46:10,False,,True,True,741.55,60,1,86,670856365,train,True
670856246,741.31,44,14:46:11,False,,True,True,741.55,60,1,86,670856365,train,True
670856247,741.29,44,14:46:12,False,,True,True,741.54,60,1,86,670856365,train,True
670856248,741.33,44,14:46:13,False,,True,True,741.54,60,1,86,670856365,train,True
670856249,741.24,44,14:46:14,False,,True,True,741.54,60,1,86,670856365,train,True
670856250,741.3,44,14:46:15,False,,True,True,741.54,60,1,86,670856365,train,True
670856251,741.28,44,14:46:16,False,,True,True,741.54,60,1,86,670856365,train,True
670856252,741.33,44,14:46:17,False,,True,True,741.54,60,1,86,670856365,train,True
670856253,741.28,44,14:46:18,False,,True,True,741.54,60,1,86,670856365,train,True
670856254,741.28,44,14:46:19,False,,True,True,741.54,60,1,86,670856365,train,True
670856255,741.3,44,14:46:20,False,,True,True,741.54,60,1,86,670856365,train,True
670856256,741.22,44,14:46:21,False,,True,True,741.54,60,1,86,670856365,train,True
670856257,741.18,44,14:46:22,False,,True,True,741.54,60,1,86,670856365,train,True
670856258,741.23,44,14:46:23,False,,True,True,741.54,60,1,86,670856365,train,True
670856259,741.27,44,14:46:24,False,,True,True,741.54,60,1,86,670856365,train,True
670856260,741.27,44,14:46:25,False,,True,True,741.53,60,1,86,670856365,train,True
670856261,741.24,44,14:46:26,False,,True,True,741.53,60,1,86,670856365,train,True
670856262,741.26,44,14:46:27,False,,True,True,741.53,60,1,86,670856365,train,True
670856263,741.22,44,14:46:28,False,,True,True,741.53,60,1,86,670856365,train,True
670856264,741.21,44,14:46:29,False,,True,True,741.53,60,1,86,670856365,train,True
670856265,741.15,44,14:46:30,False,,True,True,741.53,60,1,86,670856365,train,True
670856266,741.19,44,14:46:31,False,,True,True,741.53,60,1,86,670856365,train,True
670856267,741.23,44,14:46:32,False,,True,True,741.53,60,1,86,670856365,train,True
670856268,741.19,44,14:46:33,False,,True,True,741.53,60,1,86,670856365,train,True
670856269,741.19,44,14:46:34,False,,True,True,741.53,60,1,86,670856365,train,True
670856270,741.21,44,14:46:35,False,,True,True,741.53,60,1,86,670856365,train,True
670856271,741.18,44,14:46:36,False,,True,True,741.52,60,1,86,670856365,train,True
670856272,741.18,44,14:46:37,False,,True,True,741.52,60,1,86,670856365,train,True
670856273,741.13,44,14:46:38,False,,True,True,741.52,60,1,86,670856365,train,True
670856274,741.15,44,14:46:39,False,,True,True,741.52,60,1,86,670856365,train,True
670856275,741.13,44,14:46:40,False,,True,True,741.52,60,1,86,670856365,train,True
670856276,741.15,44,14:46:41,False,,True,True,741.52,60,1,86,670856365,train,True
670856277,741.15,44,14:46:41,False,,True,True,741.52,60,1,86,670856365,train,True
670856278,741.15,44,14:46:42,False,,True,True,741.52,60,1,86,670856365,train,True
670856279,741.1,44,14:46:43,False,,True,True,741.52,60,1,86,670856365,train,True
670856280,741.14,44,14:46:44,False,,True,True,741.52,60,1,86,670856365,train,True
670856281,741.16,44,14:46:45,False,,True,True,741.51,60,1,86,670856365,train,True
670856282,741.09,44,14:46:46,False,,True,True,741.51,60,1,86,670856365,train,True
670856283,741.0,44,14:46:47,False,,True,True,741.51,60,1,86,670856365,train,True
670856284,741.07,44,14:46:48,False,,True,True,741.51,60,1,86,670856365,train,True
670856285,741.09,44,14:46:49,False,,True,True,741.51,60,1,86,670856365,train,True
670856286,741.07,44,14:46:50,False,,True,True,741.51,60,1,86,670856365,train,True
670856287,741.06,44,14:46:51,False,,True,True,741.51,60,1,86,670856365,train,True
670856288,741.04,44,14:46:52,False,,True,True,741.51,60,1,86,670856365,train,True
670856289,741.04,44,14:46:53,False,,True,True,741.5,60,1,86,670856365,train,True
670856290,741.06,44,14:46:54,False,,True,True,741.5,60,1,86,670856365,train,True
670859690,737.76,44,15:42:04,False,,True,False,738.09,3,1,87,670859755,train,True
670859691,737.74,44,15:42:05,False,,True,False,738.09,4,1,87,670859755,train,True
670859692,737.78,44,15:42:06,False,,True,False,738.09,5,1,87,670859755,train,True
670859693,737.78,44,15:42:07,False,,True,False,738.09,6,1,87,670859755,train,True
670859694,737.74,44,15:42:08,False,,True,False,738.09,7,1,87,670859755,train,True
670859695,737.79,44,15:42:09,False,,True,False,738.09,8,1,87,670859755,train,True
670859696,737.74,44,15:42:10,False,,True,False,738.09,9,1,87,670859755,train,True
670859697,737.74,44,15:42:11,False,,True,False,738.09,10,1,87,670859755,train,True
670859698,737.75,44,15:42:12,False,,True,False,738.09,11,1,87,670859755,train,True
670859699,737.75,44,15:42:13,False,,True,False,738.09,12,1,87,670859755,train,True
670859700,737.72,44,15:42:14,False,,True,False,738.08,13,1,87,670859755,train,True
670859701,737.7,44,15:42:15,False,,True,False,738.08,14,1,87,670859755,train,True
670859702,737.7,44,15:42:16,False,,True,False,738.08,15,1,87,670859755,train,True
670859703,737.79,44,15:42:17,False,,True,False,738.08,16,1,87,670859755,train,True
670859704,737.77,44,15:42:18,False,,True,False,738.08,17,1,87,670859755,train,True
670859705,737.75,44,15:42:19,False,,True,False,738.08,18,1,87,670859755,train,True
670859706,737.77,44,15:42:20,False,,True,False,738.08,19,1,87,670859755,train,True
670859707,737.73,44,15:42:21,False,,True,False,738.08,20,1,87,670859755,train,True
670859708,737.73,44,15:42:22,False,,True,False,738.07,21,1,87,670859755,train,True
670859709,737.75,44,15:42:23,False,,True,False,738.07,22,1,87,670859755,train,True
670859710,737.75,44,15:42:24,False,,True,False,738.07,23,1,87,670859755,train,True
670859711,737.75,44,15:42:25,False,,True,False,738.07,24,1,87,670859755,train,True
670859712,737.75,44,15:42:25,False,,True,False,738.07,25,1,87,670859755,train,True
670859713,737.79,44,15:42:26,False,,True,False,738.07,26,1,87,670859755,train,True
670859714,737.8,44,15:42:27,False,,True,False,738.07,27,1,87,670859755,train,True
670859715,737.75,44,15:42:28,False,,True,False,738.07,28,1,87,670859755,train,True
670859716,737.75,44,15:42:29,False,,True,False,738.07,29,1,87,670859755,train,True
670859717,737.74,44,15:42:30,False,,True,False,738.06,30,1,87,670859755,train,True
670859718,737.77,44,15:42:31,False,,True,False,738.06,31,1,87,670859755,train,True
670859719,737.69,44,15:42:32,False,,True,False,738.06,32,1,87,670859755,train,True
670859720,737.76,44,15:42:33,False,,True,False,738.06,33,1,87,670859755,train,True
670859721,737.78,44,15:42:34,False,,True,False,738.06,34,1,87,670859755,train,True
670859722,737.75,44,15:42:35,False,,True,False,738.06,35,1,87,670859755,train,True
670859723,737.76,44,15:42:36,False,,True,False,738.06,36,1,87,670859755,train,True
670859724,737.75,44,15:42:37,False,,True,False,738.06,37,1,87,670859755,train,True
670859725,737.76,44,15:42:38,False,,True,False,738.06,38,1,87,670859755,train,True
670859726,737.72,44,15:42:39,False,,True,False,738.06,39,1,87,670859755,train,True
670859727,737.72,44,15:42:40,False,,True,False,738.05,40,1,87,670859755,train,True
670859728,737.74,44,15:42:41,False,,True,False,738.05,41,1,87,670859755,train,True
670859729,737.74,44,15:42:42,False,,True,False,738.05,42,1,87,670859755,train,True
670859730,737.74,44,15:42:43,False,,True,False,738.05,43,1,87,670859755,train,True
670859731,737.74,44,15:42:44,False,,True,False,738.05,44,1,87,670859755,train,True
670859732,737.72,44,15:42:45,False,,True,False,738.05,45,1,87,670859755,train,True
670859733,737.72,44,15:42:46,False,,True,False,738.05,46,1,87,670859755,train,True
670859734,737.78,44,15:42:47,False,,True,False,738.05,47,1,87,670859755,train,True
670859735,737.7,44,15:42:48,False,,True,True,738.05,48,1,87,670859755,train,True
670859736,737.68,44,15:42:49,False,,True,True,738.05,49,1,87,670859755,train,True
670859737,737.7,44,15:42:50,False,,True,True,738.04,50,1,87,670859755,train,True
670859738,737.7,44,15:42:51,False,,True,True,738.04,51,1,87,670859755,train,True
670859739,737.74,44,15:42:52,False,,True,True,738.04,52,1,87,670859755,train,True
670859740,737.7,44,15:42:53,False,,True,True,738.04,53,1,87,670859755,train,True
670859741,737.68,44,15:42:54,False,,True,True,738.04,54,1,87,670859755,train,True
670859742,737.68,44,15:42:55,False,,True,True,738.04,55,1,87,670859755,train,True
670859743,737.68,44,15:42:56,False,,True,True,738.04,56,1,87,670859755,train,True
670859744,737.59,44,15:42:57,False,,True,True,738.04,57,1,87,670859755,train,True
670859745,737.59,44,15:42:58,False,,True,True,738.03,58,1,87,670859755,train,True
670859746,737.52,44,15:42:59,False,,True,True,738.03,59,1,87,670859755,train,True
670859747,737.5,44,15:43:00,False,,True,True,738.03,60,1,87,670859755,train,True
670859748,737.5,44,15:43:01,False,,True,True,738.03,60,1,87,670859755,train,True
670859749,737.45,44,15:43:01,False,,True,True,738.03,60,1,87,670859755,train,True
670926298,746.87,45,09:42:47,False,,False,False,747.36,37,1,88,670929808,train,True
670926299,746.89,45,09:42:48,False,,False,False,747.36,38,1,88,670929808,train,True
670926300,746.86,45,09:42:49,False,,False,False,747.35,39,1,88,670929808,train,True
670926301,746.84,45,09:42:50,False,,False,False,747.35,40,1,88,670929808,train,True
670926302,746.84,45,09:42:51,False,,False,False,747.35,41,1,88,670929808,train,True
670926303,746.83,45,09:42:52,False,,False,False,747.35,42,1,88,670929808,train,True
670926304,746.86,45,09:42:53,False,,False,False,747.34,43,1,88,670929808,train,True
670926305,746.85,45,09:42:54,False,,False,False,747.34,44,1,88,670929808,train,True
670926306,746.85,45,09:42:55,False,,False,False,747.34,45,1,88,670929808,train,True
670926307,746.83,45,09:42:56,False,,False,False,747.34,46,1,88,670929808,train,True
670926308,746.81,45,09:42:57,False,,False,False,747.34,47,1,88,670929808,train,True
670926309,746.85,45,09:42:58,False,,False,False,747.33,48,1,88,670929808,train,True
670926310,746.81,45,09:42:59,False,,False,False,747.33,49,1,88,670929808,train,True
670926311,746.78,45,09:43:00,False,,False,False,747.33,50,1,88,670929808,train,True
670926312,746.87,45,09:43:01,False,,False,False,747.33,51,1,88,670929808,train,True
670926313,746.82,45,09:43:02,False,,False,False,747.32,52,1,88,670929808,train,True
670926314,746.82,45,09:43:03,False,,False,False,747.32,53,1,88,670929808,train,True
670926315,746.84,45,09:43:04,False,,False,False,747.32,54,1,88,670929808,train,True
670926316,746.84,45,09:43:05,False,,False,False,747.32,55,1,88,670929808,train,True
670926317,746.84,45,09:43:05,False,,False,False,747.32,56,1,88,670929808,train,True
670926318,746.79,45,09:43:06,False,,False,False,747.31,57,1,88,670929808,train,True
670926319,746.81,45,09:43:07,False,,False,False,747.31,58,1,88,670929808,train,True
670926320,746.85,45,09:43:08,False,,False,False,747.31,59,1,88,670929808,train,True
670929768,741.75,45,10:39:05,False,,True,False,741.75,60,1,88,670929808,train,True
670929769,741.78,45,10:39:06,False,,True,False,741.76,60,1,88,670929808,train,True
670929770,741.79,45,10:39:07,False,,True,False,741.77,60,1,88,670929808,train,True
670929771,741.81,45,10:39:08,False,,True,False,741.78,60,1,88,670929808,train,True
670929772,741.78,45,10:39:09,False,,True,False,741.78,60,1,88,670929808,train,True
670929773,741.8,45,10:39:10,False,,True,False,741.78,60,1,88,670929808,train,True
670929774,741.8,45,10:39:11,False,,True,False,741.79,60,1,88,670929808,train,True
670929775,741.84,45,10:39:12,False,,True,False,741.79,60,1,88,670929808,train,True
670929776,741.83,45,10:39:13,False,,True,False,741.8,60,1,88,670929808,train,True
670929777,741.79,45,10:39:14,False,,True,False,741.8,60,1,88,670929808,train,True
670929778,741.85,45,10:39:15,False,,True,False,741.8,60,1,88,670929808,train,True
670929779,741.83,45,10:39:16,False,,True,False,741.8,60,1,88,670929808,train,True
670929780,741.85,45,10:39:17,False,,True,False,741.81,60,1,88,670929808,train,True
670929781,741.85,45,10:39:18,False,,True,False,741.81,60,1,88,670929808,train,True
670929782,741.89,45,10:39:19,False,,True,False,741.82,60,1,88,670929808,train,True
670929783,741.83,45,10:39:20,False,,True,False,741.82,60,1,88,670929808,train,True
670929784,741.89,45,10:39:21,False,,True,False,741.82,60,1,88,670929808,train,True
670929785,741.89,45,10:39:22,False,,True,False,741.82,60,1,88,670929808,train,True
670929786,741.82,45,10:39:23,False,,True,False,741.82,60,1,88,670929808,train,True
670929787,741.86,45,10:39:24,False,,True,False,741.83,60,1,88,670929808,train,True
670929788,741.86,45,10:39:25,False,,True,False,741.83,60,1,88,670929808,train,True
670929789,741.86,45,10:39:25,False,,True,False,741.83,60,1,88,670929808,train,True
670929790,741.84,45,10:39:26,False,,True,False,741.83,60,1,88,670929808,train,True
670929791,741.86,45,10:39:27,False,,True,False,741.83,60,1,88,670929808,train,True
670929792,741.79,45,10:39:28,False,,True,False,741.83,60,1,88,670929808,train,True
670929793,741.86,45,10:39:29,False,,True,True,741.83,60,1,88,670929808,train,True
670929794,741.83,45,10:39:30,False,,True,True,741.83,60,1,88,670929808,train,True
670929795,741.85,45,10:39:31,False,,True,True,741.83,60,1,88,670929808,train,True
670929796,741.83,45,10:39:32,False,,True,True,741.83,60,1,88,670929808,train,True
670929797,741.85,45,10:39:33,False,,True,True,741.83,60,1,88,670929808,train,True
670929798,741.83,45,10:39:34,False,,True,True,741.83,60,1,88,670929808,train,True
670929799,741.8,45,10:39:35,False,,True,True,741.83,60,1,88,670929808,train,True
670929800,741.85,45,10:39:36,False,,True,True,741.83,60,1,88,670929808,train,True
670929801,741.8,45,10:39:37,False,,True,True,741.83,60,1,88,670929808,train,True
670929802,741.69,45,10:39:38,False,,True,True,741.83,60,1,88,670929808,train,True
670929803,741.71,45,10:39:39,False,,True,True,741.82,60,1,88,670929808,train,True
670929804,741.59,45,10:39:40,False,,True,True,741.82,60,1,88,670929808,train,True
670930474,741.85,45,10:50:32,False,,True,True,741.88,22,1,89,670930554,train,True
670930475,741.91,45,10:50:33,False,,True,True,741.89,22,1,89,670930554,train,True
670930476,741.91,45,10:50:34,False,,True,True,741.89,22,1,89,670930554,train,True
670930477,741.91,45,10:50:35,False,,True,True,741.89,22,1,89,670930554,train,True
670930478,741.88,45,10:50:36,False,,True,True,741.88,22,1,89,670930554,train,True
670930479,741.91,45,10:50:37,False,,True,True,741.88,22,1,89,670930554,train,True
670930480,741.86,45,10:50:38,False,,True,True,741.88,22,1,89,670930554,train,True
670930481,741.86,45,10:50:39,False,,True,True,741.88,22,1,89,670930554,train,True
670930482,741.83,45,10:50:40,False,,True,True,741.88,22,1,89,670930554,train,True
670930483,741.8,45,10:50:41,False,,True,True,741.88,22,1,89,670930554,train,True
670930484,741.78,45,10:50:42,False,,True,True,741.88,22,1,89,670930554,train,True
670930485,741.83,45,10:50:43,False,,True,True,741.88,22,1,89,670930554,train,True
670930486,741.82,45,10:50:44,False,,True,True,741.88,22,1,89,670930554,train,True
670930487,741.87,45,10:50:45,False,,True,True,741.88,22,1,89,670930554,train,True
670930488,741.89,45,10:50:46,False,,True,True,741.88,22,1,89,670930554,train,True
670930489,741.95,45,10:50:47,False,,True,True,741.88,22,1,89,670930554,train,True
670930490,741.88,45,10:50:48,False,,True,True,741.88,22,1,89,670930554,train,True
670930491,741.9,45,10:50:49,False,,True,True,741.88,22,1,89,670930554,train,True
670930492,741.81,45,10:50:50,False,,True,True,741.88,23,1,89,670930554,train,True
670930493,741.94,45,10:50:51,False,,True,True,741.88,24,1,89,670930554,train,True
670930494,741.87,45,10:50:52,False,,True,True,741.88,24,1,89,670930554,train,True
670930495,741.87,45,10:50:53,False,,True,True,741.88,24,1,89,670930554,train,True
670930496,741.87,45,10:50:54,False,,True,True,741.88,25,1,89,670930554,train,True
670930497,741.84,45,10:50:55,False,,True,True,741.88,26,1,89,670930554,train,True
670930498,741.91,45,10:50:56,False,,True,True,741.88,27,1,89,670930554,train,True
670930499,741.82,45,10:50:57,False,,True,True,741.88,28,1,89,670930554,train,True
670930500,741.82,45,10:50:58,False,,True,True,741.88,28,1,89,670930554,train,True
670930501,741.84,45,10:50:59,False,,True,True,741.88,29,1,89,670930554,train,True
670930502,741.84,45,10:51:00,False,,True,True,741.88,30,1,89,670930554,train,True
670930503,741.86,45,10:51:01,False,,True,True,741.88,31,1,89,670930554,train,True
670930504,741.9,45,10:51:02,False,,True,True,741.88,32,1,89,670930554,train,True
670930505,741.85,45,10:51:03,False,,True,True,741.88,33,1,89,670930554,train,True
670930506,741.87,45,10:51:03,False,,True,True,741.88,34,1,89,670930554,train,True
670930507,741.83,45,10:51:04,False,,True,True,741.88,35,1,89,670930554,train,True
670930508,741.82,45,10:51:05,False,,True,True,741.88,36,1,89,670930554,train,True
670930509,741.86,45,10:51:06,False,,True,True,741.88,37,1,89,670930554,train,True
670930510,741.89,45,10:51:07,False,,True,True,741.88,38,1,89,670930554,train,True
670930511,741.86,45,10:51:08,False,,True,True,741.88,39,1,89,670930554,train,True
670930512,741.86,45,10:51:09,False,,True,True,741.88,40,1,89,670930554,train,True
670930513,741.84,45,10:51:10,False,,True,True,741.88,41,1,89,670930554,train,True
670930514,741.83,45,10:51:11,False,,True,True,741.88,42,1,89,670930554,train,True
670930515,741.83,45,10:51:12,False,,True,True,741.88,43,1,89,670930554,train,True
670930516,741.85,45,10:51:13,False,,True,True,741.88,44,1,89,670930554,train,True
670930517,741.85,45,10:51:14,False,,True,True,741.88,45,1,89,670930554,train,True
670930518,741.85,45,10:51:15,False,,True,True,741.88,46,1,89,670930554,train,True
670930519,741.78,45,10:51:16,False,,True,True,741.88,47,1,89,670930554,train,True
670930520,741.78,45,10:51:17,False,,True,True,741.88,48,1,89,670930554,train,True
670930521,741.8,45,10:51:18,False,,True,True,741.88,49,1,89,670930554,train,True
670930522,741.78,45,10:51:19,False,,True,True,741.88,50,1,89,670930554,train,True
670930523,741.75,45,10:51:20,False,,True,True,741.88,51,1,89,670930554,train,True
670930524,741.81,45,10:51:21,False,,True,True,741.88,52,1,89,670930554,train,True
670930525,741.77,45,10:51:22,False,,True,True,741.88,53,1,89,670930554,train,True
670930526,741.76,45,10:51:23,False,,True,True,741.88,54,1,89,670930554,train,True
670930527,741.78,45,10:51:24,False,,True,True,741.88,55,1,89,670930554,train,True
670930528,741.72,45,10:51:25,False,,True,True,741.88,56,1,89,670930554,train,True
670930529,741.76,45,10:51:26,False,,True,True,741.88,57,1,89,670930554,train,True
670930530,741.73,45,10:51:27,False,,True,True,741.88,58,1,89,670930554,train,True
670930531,741.68,45,10:51:28,False,,True,True,741.88,59,1,89,670930554,train,True
670930532,741.66,45,10:51:29,False,,True,True,741.88,60,1,89,670930554,train,True
670930533,741.68,45,10:51:30,False,,True,True,741.87,60,1,89,670930554,train,True
670933045,742.02,45,11:32:15,False,,True,False,741.81,28,1,90,670933108,train,True
670933046,742.02,45,11:32:16,False,,True,False,741.81,28,1,90,670933108,train,True
670933047,742.04,45,11:32:17,False,,True,False,741.81,29,1,90,670933108,train,True
670933048,742.04,45,11:32:18,False,,True,False,741.81,30,1,90,670933108,train,True
670933049,742.06,45,11:32:19,False,,True,False,741.81,31,1,90,670933108,train,True
670933050,742.04,45,11:32:20,False,,True,False,741.82,32,1,90,670933108,train,True
670933051,742.06,45,11:32:21,False,,True,False,741.82,33,1,90,670933108,train,True
670933052,742.04,45,11:32:22,False,,True,False,741.82,34,1,90,670933108,train,True
670933053,742.14,45,11:32:23,False,,True,False,741.82,35,1,90,670933108,train,True
670933054,742.12,45,11:32:24,False,,True,False,741.82,36,1,90,670933108,train,True
670933055,742.14,45,11:32:25,False,,True,False,741.82,37,1,90,670933108,train,True
670933056,742.03,45,11:32:26,False,,True,False,741.82,38,1,90,670933108,train,True
670933057,742.1,45,11:32:27,False,,True,False,741.82,39,1,90,670933108,train,True
670933058,742.1,45,11:32:28,False,,True,False,741.82,40,1,90,670933108,train,True
670933059,742.16,45,11:32:29,False,,True,False,741.82,41,1,90,670933108,train,True
670933060,742.11,45,11:32:30,False,,True,False,741.82,42,1,90,670933108,train,True
670933061,742.14,45,11:32:31,False,,True,False,741.82,42,1,90,670933108,train,True
670933062,742.14,45,11:32:32,False,,True,False,741.83,43,1,90,670933108,train,True
670933063,742.15,45,11:32:33,False,,True,False,741.83,43,1,90,670933108,train,True
670933064,742.16,45,11:32:34,False,,True,False,741.83,43,1,90,670933108,train,True
670933065,742.13,45,11:32:35,False,,True,False,741.83,43,1,90,670933108,train,True
670933066,742.13,45,11:32:36,False,,True,False,741.83,43,1,90,670933108,train,True
670933067,742.11,45,11:32:37,False,,True,False,741.83,43,1,90,670933108,train,True
670933068,742.15,45,11:32:38,False,,True,False,741.83,43,1,90,670933108,train,True
670933069,742.15,45,11:32:39,False,,True,False,741.83,43,1,90,670933108,train,True
670933070,742.15,45,11:32:40,False,,True,False,741.83,43,1,90,670933108,train,True
670933071,742.12,45,11:32:41,False,,True,False,741.83,43,1,90,670933108,train,True
670933072,742.14,45,11:32:41,False,,True,False,741.84,43,1,90,670933108,train,True
670933073,742.12,45,11:32:42,False,,True,False,741.84,43,1,90,670933108,train,True
670933074,742.14,45,11:32:43,False,,True,False,741.84,43,1,90,670933108,train,True
670933075,742.14,45,11:32:44,False,,True,False,741.84,43,1,90,670933108,train,True
670933076,742.16,45,11:32:45,False,,True,False,741.84,43,1,90,670933108,train,True
670933077,742.1,45,11:32:46,False,,True,False,741.84,43,1,90,670933108,train,True
670933078,742.14,45,11:32:47,False,,True,False,741.84,43,1,90,670933108,train,True
670933079,742.14,45,11:32:48,False,,True,False,741.84,43,1,90,670933108,train,True
670933080,742.16,45,11:32:49,False,,True,False,741.84,43,1,90,670933108,train,True
670933081,742.16,45,11:32:50,False,,True,False,741.84,43,1,90,670933108,train,True
670933082,742.11,45,11:32:51,False,,True,False,741.85,43,1,90,670933108,train,True
670933083,742.13,45,11:32:52,False,,True,False,741.85,43,1,90,670933108,train,True
670933084,742.13,45,11:32:53,False,,True,False,741.85,43,1,90,670933108,train,True
670933085,742.1,45,11:32:54,False,,True,False,741.85,43,1,90,670933108,train,True
670933086,742.08,45,11:32:55,False,,True,False,741.85,43,1,90,670933108,train,True
670933087,742.08,45,11:32:56,False,,True,False,741.85,44,1,90,670933108,train,True
670933088,742.1,45,11:32:57,False,,True,False,741.85,45,1,90,670933108,train,True
670933089,742.15,45,11:32:58,False,,True,False,741.85,46,1,90,670933108,train,True
670933090,742.17,45,11:32:59,False,,True,False,741.85,47,1,90,670933108,train,True
670933091,742.14,45,11:33:00,False,,True,False,741.85,47,1,90,670933108,train,True
670933092,742.14,45,11:33:01,False,,True,False,741.85,47,1,90,670933108,train,True
670933093,742.17,45,11:33:02,False,,True,False,741.86,48,1,90,670933108,train,True
670933094,742.03,45,11:33:03,False,,True,False,741.86,49,1,90,670933108,train,True
670933095,742.11,45,11:33:04,False,,True,True,741.86,49,1,90,670933108,train,True
670933096,742.09,45,11:33:05,False,,True,True,741.86,50,1,90,670933108,train,True
670933097,742.09,45,11:33:06,False,,True,True,741.86,51,1,90,670933108,train,True
670933098,742.09,45,11:33:07,False,,True,True,741.86,52,1,90,670933108,train,True
670933099,742.07,45,11:33:08,False,,True,True,741.86,53,1,90,670933108,train,True
670933100,742.09,45,11:33:09,False,,True,True,741.86,54,1,90,670933108,train,True
670933101,742.02,45,11:33:10,False,,True,True,741.86,55,1,90,670933108,train,True
670933102,742.08,45,11:33:11,False,,True,True,741.86,56,1,90,670933108,train,True
670933103,742.06,45,11:33:12,False,,True,True,741.86,57,1,90,670933108,train,True
670933104,741.95,45,11:33:13,False,,True,True,741.86,58,1,90,670933108,train,True
670934513,742.3,45,11:56:04,False,,True,False,742.38,27,1,91,670934582,train,True
670934514,742.35,45,11:56:05,False,,True,False,742.38,27,1,91,670934582,train,True
670934515,742.3,45,11:56:06,False,,True,False,742.38,27,1,91,670934582,train,True
670934516,742.28,45,11:56:07,False,,True,False,742.37,27,1,91,670934582,train,True
670934517,742.35,45,11:56:08,False,,True,False,742.37,27,1,91,670934582,train,True
670934518,742.28,45,11:56:09,False,,True,False,742.37,27,1,91,670934582,train,True
670934519,742.28,45,11:56:10,False,,True,False,742.37,27,1,91,670934582,train,True
670934520,742.3,45,11:56:11,False,,True,False,742.37,27,1,91,670934582,train,True
670934521,742.25,45,11:56:12,False,,True,False,742.37,27,1,91,670934582,train,True
670934522,742.32,45,11:56:13,False,,True,False,742.37,27,1,91,670934582,train,True
670934523,742.32,45,11:56:14,False,,True,False,742.37,27,1,91,670934582,train,True
670934524,742.25,45,11:56:15,False,,True,False,742.37,27,1,91,670934582,train,True
670934525,742.3,45,11:56:16,False,,True,False,742.37,27,1,91,670934582,train,True
670934526,742.25,45,11:56:17,False,,True,False,742.37,28,1,91,670934582,train,True
670934527,742.3,45,11:56:18,False,,True,False,742.37,28,1,91,670934582,train,True
670934528,742.32,45,11:56:19,False,,True,False,742.37,29,1,91,670934582,train,True
670934529,742.32,45,11:56:20,False,,True,False,742.37,29,1,91,670934582,train,True
670934530,742.32,45,11:56:21,False,,True,False,742.37,29,1,91,670934582,train,True
670934531,742.34,45,11:56:22,False,,True,False,742.37,29,1,91,670934582,train,True
670934532,742.34,45,11:56:23,False,,True,False,742.37,29,1,91,670934582,train,True
670934533,742.36,45,11:56:24,False,,True,False,742.37,29,1,91,670934582,train,True
670934534,742.36,45,11:56:25,False,,True,False,742.37,29,1,91,670934582,train,True
670934535,742.29,45,11:56:26,False,,True,False,742.37,29,1,91,670934582,train,True
670934536,742.33,45,11:56:27,False,,True,False,742.37,30,1,91,670934582,train,True
670934537,742.33,45,11:56:28,False,,True,False,742.37,31,1,91,670934582,train,True
670934538,742.35,45,11:56:29,False,,True,False,742.37,32,1,91,670934582,train,True
670934539,742.26,45,11:56:30,False,,True,False,742.37,33,1,91,670934582,train,True
670934540,742.28,45,11:56:31,False,,True,False,742.37,34,1,91,670934582,train,True
670934541,742.31,45,11:56:32,False,,True,False,742.37,35,1,91,670934582,train,True
670934542,742.33,45,11:56:33,False,,True,False,742.37,36,1,91,670934582,train,True
670934543,742.28,45,11:56:34,False,,True,False,742.37,37,1,91,670934582,train,True
670934544,742.28,45,11:56:34,False,,True,True,742.37,38,1,91,670934582,train,True
670934545,742.3,45,11:56:35,False,,True,True,742.37,39,1,91,670934582,train,True
670934546,742.3,45,11:56:36,False,,True,True,742.37,40,1,91,670934582,train,True
670934547,742.28,45,11:56:37,False,,True,True,742.37,41,1,91,670934582,train,True
670934548,742.32,45,11:56:38,False,,True,True,742.37,42,1,91,670934582,train,True
670934549,742.31,45,11:56:39,False,,True,True,742.37,43,1,91,670934582,train,True
670934550,742.32,45,11:56:40,False,,True,True,742.37,44,1,91,670934582,train,True
670934551,742.3,45,11:56:41,False,,True,True,742.36,45,1,91,670934582,train,True
670934552,742.35,45,11:56:42,False,,True,True,742.36,46,1,91,670934582,train,True
670934553,742.32,45,11:56:43,False,,True,True,742.36,47,1,91,670934582,train,True
670934554,742.32,45,11:56:44,False,,True,True,742.36,48,1,91,670934582,train,True
670934555,742.32,45,11:56:45,False,,True,True,742.36,49,1,91,670934582,train,True
670934556,742.3,45,11:56:46,False,,True,True,742.36,50,1,91,670934582,train,True
670934557,742.32,45,11:56:47,False,,True,True,742.36,51,1,91,670934582,train,True
670934558,742.3,45,11:56:48,False,,True,True,742.36,52,1,91,670934582,train,True
670934559,742.21,45,11:56:49,False,,True,True,742.36,53,1,91,670934582,train,True
670934560,742.27,45,11:56:50,False,,True,True,742.36,54,1,91,670934582,train,True
670934561,742.21,45,11:56:51,False,,True,True,742.36,55,1,91,670934582,train,True
670934562,742.2,45,11:56:52,False,,True,True,742.36,56,1,91,670934582,train,True
670934563,742.18,45,11:56:53,False,,True,True,742.36,57,1,91,670934582,train,True
670934564,742.12,45,11:56:54,False,,True,True,742.36,58,1,91,670934582,train,True
670934565,742.07,45,11:56:55,False,,True,True,742.36,59,1,91,670934582,train,True
670934566,742.07,45,11:56:56,False,,True,True,742.36,60,1,91,670934582,train,True
670934567,742.07,45,11:56:57,False,,True,True,742.36,60,1,91,670934582,train,True
670934568,742.09,45,11:56:58,False,,True,True,742.36,60,1,91,670934582,train,True
670934569,742.0,45,11:56:59,False,,True,True,742.35,60,1,91,670934582,train,True
670934570,742.0,45,11:57:00,False,,True,True,742.35,60,1,91,670934582,train,True
670934571,742.06,45,11:57:01,False,,True,True,742.35,60,1,91,670934582,train,True
670934572,742.09,45,11:57:02,False,,True,True,742.35,60,1,91,670934582,train,True
670938268,744.95,45,12:57:00,False,,True,False,744.97,51,1,92,670938327,train,True
670938269,744.91,45,12:57:01,False,,True,False,744.97,52,1,92,670938327,train,True
670938270,744.91,45,12:57:02,False,,True,False,744.97,53,1,92,670938327,train,True
670938271,744.89,45,12:57:03,False,,True,False,744.97,54,1,92,670938327,train,True
670938272,744.84,45,12:57:04,False,,True,False,744.97,55,1,92,670938327,train,True
670938273,744.92,45,12:57:05,False,,True,False,744.97,56,1,92,670938327,train,True
670938274,744.84,45,12:57:06,False,,True,False,744.97,57,1,92,670938327,train,True
670938275,744.86,45,12:57:07,False,,True,False,744.97,58,1,92,670938327,train,True
670938276,744.88,45,12:57:08,False,,True,False,744.97,58,1,92,670938327,train,True
670938277,744.88,45,12:57:09,False,,True,False,744.97,59,1,92,670938327,train,True
670938278,744.81,45,12:57:10,False,,True,False,744.97,60,1,92,670938327,train,True
670938279,744.81,45,12:57:11,False,,True,False,744.97,60,1,92,670938327,train,True
670938280,744.85,45,12:57:11,False,,True,False,744.97,60,1,92,670938327,train,True
670938281,744.85,45,12:57:12,False,,True,False,744.97,60,1,92,670938327,train,True
670938282,744.76,45,12:57:13,False,,True,False,744.97,60,1,92,670938327,train,True
670938283,744.81,45,12:57:14,False,,True,False,744.97,60,1,92,670938327,train,True
670938284,744.85,45,12:57:15,False,,True,False,744.97,60,1,92,670938327,train,True
670938285,744.85,45,12:57:16,False,,True,False,744.97,60,1,92,670938327,train,True
670938286,744.85,45,12:57:17,False,,True,False,744.97,60,1,92,670938327,train,True
670938287,744.87,45,12:57:18,False,,True,False,744.97,60,1,92,670938327,train,True
670938288,744.87,45,12:57:19,False,,True,False,744.97,60,1,92,670938327,train,True
670938289,744.87,45,12:57:20,False,,True,False,744.97,60,1,92,670938327,train,True
670938290,744.89,45,12:57:21,False,,True,False,744.97,60,1,92,670938327,train,True
670938291,744.91,45,12:57:22,False,,True,False,744.97,60,1,92,670938327,train,True
670938292,744.93,45,12:57:23,False,,True,False,744.97,60,1,92,670938327,train,True
670938293,744.89,45,12:57:24,False,,True,False,744.97,60,1,92,670938327,train,True
670938294,744.89,45,12:57:25,False,,True,False,744.97,60,1,92,670938327,train,True
670938295,744.96,45,12:57:26,False,,True,False,744.97,60,1,92,670938327,train,True
670938296,744.98,45,12:57:27,False,,True,False,744.97,60,1,92,670938327,train,True
670938297,744.98,45,12:57:28,False,,True,False,744.97,60,1,92,670938327,train,True
670938298,745.07,45,12:57:29,False,,True,False,744.97,60,1,92,670938327,train,True
670938299,745.05,45,12:57:30,False,,True,False,744.97,60,1,92,670938327,train,True
670938300,745.02,45,12:57:31,False,,True,False,744.97,60,1,92,670938327,train,True
670938301,745.0,45,12:57:32,False,,True,False,744.97,60,1,92,670938327,train,True
670938302,745.11,45,12:57:33,False,,True,False,744.97,60,1,92,670938327,train,True
670938303,745.04,45,12:57:34,False,,True,True,744.97,60,1,92,670938327,train,True
670938304,745.08,45,12:57:35,False,,True,True,744.97,60,1,92,670938327,train,True
670938305,745.11,45,12:57:36,False,,True,True,744.97,60,1,92,670938327,train,True
670938306,745.11,45,12:57:37,False,,True,True,744.97,60,1,92,670938327,train,True
670938307,745.13,45,12:57:38,False,,True,True,744.97,60,1,92,670938327,train,True
670938308,745.15,45,12:57:39,False,,True,True,744.97,60,1,92,670938327,train,True
670938309,745.17,45,12:57:40,False,,True,True,744.98,60,1,92,670938327,train,True
670938310,745.12,45,12:57:41,False,,True,True,744.98,60,1,92,670938327,train,True
670938311,745.1,45,12:57:42,False,,True,True,744.98,60,1,92,670938327,train,True
670938312,745.1,45,12:57:43,False,,True,True,744.98,60,1,92,670938327,train,True
670938313,745.05,45,12:57:44,False,,True,True,744.98,60,1,92,670938327,train,True
670938314,745.08,45,12:57:45,False,,True,True,744.98,60,1,92,670938327,train,True
670938315,745.05,45,12:57:46,False,,True,True,744.98,60,1,92,670938327,train,True
670938316,744.8,45,12:57:47,False,,True,True,744.98,60,1,92,670938327,train,True
670938317,744.6,45,12:57:47,False,,True,True,744.98,60,1,92,670938327,train,True
670938318,744.42,45,12:57:48,False,,True,True,744.98,60,1,92,670938327,train,True
670938319,744.48,45,12:57:49,False,,True,True,744.97,60,1,92,670938327,train,True
670938320,744.51,45,12:57:50,False,,True,True,744.97,60,1,92,670938327,train,True
670938321,744.42,45,12:57:51,True,93.0,False,True,744.97,60,1,92,670938327,train,True
670938322,744.39,45,12:57:52,True,93.0,False,True,744.97,60,1,92,670938327,train,True
670938323,744.3,45,12:57:53,True,93.0,True,True,744.97,60,1,92,670938327,train,True
670938324,744.1,45,12:57:54,True,93.0,True,True,744.97,60,1,92,670938327,train,True
670938325,743.94,45,12:57:55,True,93.0,True,True,744.97,60,1,92,670938327,train,True
670938326,743.87,45,12:57:56,True,93.0,True,True,744.96,60,1,92,670938327,train,True
670938327,743.82,45,12:57:57,True,93.0,True,True,744.96,60,1,92,670938327,train,True
670938323,744.3,45,12:57:53,True,93.0,True,True,744.97,60,1,93,670938389,train,True
670938324,744.1,45,12:57:54,True,93.0,True,True,744.97,60,1,93,670938389,train,True
670938325,743.94,45,12:57:55,True,93.0,True,True,744.97,60,1,93,670938389,train,True
670938326,743.87,45,12:57:56,True,93.0,True,True,744.96,60,1,93,670938389,train,True
670938327,743.82,45,12:57:57,True,93.0,True,True,744.96,60,1,93,670938389,train,True
670938328,743.96,45,12:57:58,True,93.0,True,True,744.96,60,1,93,670938389,train,True
670938329,744.05,45,12:57:59,True,93.0,True,True,744.96,60,1,93,670938389,train,True
670938330,744.23,45,12:58:00,True,93.0,True,True,744.96,60,1,93,670938389,train,True
670938331,744.46,45,12:58:01,True,93.0,True,True,744.96,60,1,93,670938389,train,True
670938332,744.5,45,12:58:02,True,93.0,True,True,744.96,60,1,93,670938389,train,True
670938333,744.59,45,12:58:03,False,,True,True,744.96,60,1,93,670938389,train,True
670938334,744.63,45,12:58:04,False,,True,True,744.95,60,1,93,670938389,train,True
670938335,744.65,45,12:58:05,False,,True,True,744.95,60,1,93,670938389,train,True
670938336,744.52,45,12:58:06,False,,True,True,744.95,60,1,93,670938389,train,True
670938337,744.49,45,12:58:07,False,,True,True,744.95,60,1,93,670938389,train,True
670938338,744.6,45,12:58:08,False,,True,True,744.95,60,1,93,670938389,train,True
670938339,744.63,45,12:58:09,False,,True,True,744.95,60,1,93,670938389,train,True
670938340,744.65,45,12:58:10,False,,True,True,744.95,60,1,93,670938389,train,True
670938341,744.67,45,12:58:11,False,,True,True,744.95,60,1,93,670938389,train,True
670938342,744.72,45,12:58:12,False,,True,True,744.95,60,1,93,670938389,train,True
670938343,744.78,45,12:58:13,False,,True,True,744.95,60,1,93,670938389,train,True
670938344,744.81,45,12:58:14,False,,True,True,744.95,60,1,93,670938389,train,True
670938345,744.76,45,12:58:15,False,,True,True,744.95,60,1,93,670938389,train,True
670938346,744.83,45,12:58:16,False,,True,True,744.95,60,1,93,670938389,train,True
670938347,744.78,45,12:58:17,False,,True,True,744.95,60,1,93,670938389,train,True
670938348,744.74,45,12:58:18,False,,True,True,744.95,60,1,93,670938389,train,True
670938349,744.74,45,12:58:19,False,,True,True,744.95,60,1,93,670938389,train,True
670938350,744.8,45,12:58:20,False,,True,True,744.95,60,1,93,670938389,train,True
670938351,744.8,45,12:58:21,False,,True,False,744.95,60,1,93,670938389,train,True
670938352,744.75,45,12:58:22,False,,True,False,744.95,60,1,93,670938389,train,True
670938353,744.69,45,12:58:23,False,,True,False,744.95,60,1,93,670938389,train,True
670938354,744.71,45,12:58:24,False,,True,False,744.95,60,1,93,670938389,train,True
670938355,744.71,45,12:58:24,False,,True,False,744.95,60,1,93,670938389,train,True
670938356,744.73,45,12:58:25,False,,True,False,744.95,60,1,93,670938389,train,True
670938357,744.77,45,12:58:26,False,,True,False,744.95,60,1,93,670938389,train,True
670938358,744.84,45,12:58:27,False,,True,False,744.95,60,1,93,670938389,train,True
670938359,744.79,45,12:58:28,False,,True,False,744.95,60,1,93,670938389,train,True
670938360,744.77,45,12:58:29,False,,True,False,744.95,60,1,93,670938389,train,True
670938361,744.79,45,12:58:30,False,,True,False,744.95,60,1,93,670938389,train,True
670938362,744.84,45,12:58:31,False,,True,False,744.95,60,1,93,670938389,train,True
670938363,744.99,45,12:58:32,False,,True,True,744.95,60,1,93,670938389,train,True
670938364,745.02,45,12:58:33,False,,True,True,744.95,60,1,93,670938389,train,True
670938365,745.06,45,12:58:34,False,,True,True,744.95,60,1,93,670938389,train,True
670938366,744.97,45,12:58:35,False,,True,True,744.95,60,1,93,670938389,train,True
670938367,744.94,45,12:58:36,False,,True,True,744.95,60,1,93,670938389,train,True
670938368,744.92,45,12:58:37,False,,True,True,744.95,60,1,93,670938389,train,True
670938369,744.79,45,12:58:38,False,,True,True,744.95,60,1,93,670938389,train,True
670938370,744.78,45,12:58:39,False,,True,True,744.95,60,1,93,670938389,train,True
670938371,744.72,45,12:58:40,False,,True,True,744.95,60,1,93,670938389,train,True
670938372,744.76,45,12:58:41,False,,True,True,744.95,60,1,93,670938389,train,True
670938373,744.74,45,12:58:42,False,,True,True,744.95,60,1,93,670938389,train,True
670938374,744.74,45,12:58:43,False,,True,True,744.95,60,1,93,670938389,train,True
670938375,744.74,45,12:58:44,False,,True,True,744.95,60,1,93,670938389,train,True
670938376,744.78,45,12:58:45,False,,True,True,744.95,60,1,93,670938389,train,True
670938377,744.73,45,12:58:46,False,,True,True,744.95,60,1,93,670938389,train,True
670938378,744.8,45,12:58:47,False,,True,True,744.95,60,1,93,670938389,train,True
670938379,744.8,45,12:58:48,False,,True,True,744.95,60,1,93,670938389,train,True
670938380,744.67,45,12:58:49,False,,True,True,744.95,60,1,93,670938389,train,True
670938381,744.66,45,12:58:50,False,,True,True,744.95,60,1,93,670938389,train,True
670938382,744.62,45,12:58:51,False,,True,True,744.95,60,1,93,670938389,train,True
670940642,745.5,45,13:35:31,False,,True,False,745.53,5,1,94,670940703,train,True
670940643,745.52,45,13:35:32,False,,True,False,745.53,6,1,94,670940703,train,True
670940644,745.48,45,13:35:33,False,,True,False,745.53,7,1,94,670940703,train,True
670940645,745.55,45,13:35:34,False,,True,False,745.53,8,1,94,670940703,train,True
670940646,745.5,45,13:35:35,False,,True,False,745.53,9,1,94,670940703,train,True
670940647,745.5,45,13:35:36,False,,True,False,745.53,10,1,94,670940703,train,True
670940648,745.52,45,13:35:37,False,,True,False,745.53,11,1,94,670940703,train,True
670940649,745.5,45,13:35:38,False,,True,False,745.53,12,1,94,670940703,train,True
670940650,745.52,45,13:35:39,False,,True,False,745.53,13,1,94,670940703,train,True
670940651,745.52,45,13:35:40,False,,True,False,745.53,14,1,94,670940703,train,True
670940652,745.52,45,13:35:41,False,,True,False,745.53,15,1,94,670940703,train,True
670940653,745.48,45,13:35:42,False,,True,False,745.53,16,1,94,670940703,train,True
670940654,745.54,45,13:35:43,False,,True,False,745.53,17,1,94,670940703,train,True
670940655,745.48,45,13:35:44,False,,True,False,745.53,18,1,94,670940703,train,True
670940656,745.52,45,13:35:45,False,,True,False,745.53,19,1,94,670940703,train,True
670940657,745.5,45,13:35:45,False,,True,False,745.53,20,1,94,670940703,train,True
670940658,745.47,45,13:35:46,False,,True,False,745.53,21,1,94,670940703,train,True
670940659,745.52,45,13:35:47,False,,True,False,745.53,22,1,94,670940703,train,True
670940660,745.52,45,13:35:48,False,,True,False,745.53,23,1,94,670940703,train,True
670940661,745.52,45,13:35:49,False,,True,False,745.53,24,1,94,670940703,train,True
670940662,745.54,45,13:35:50,False,,True,False,745.53,25,1,94,670940703,train,True
670940663,745.52,45,13:35:51,False,,True,False,745.53,26,1,94,670940703,train,True
670940664,745.52,45,13:35:52,False,,True,False,745.53,27,1,94,670940703,train,True
670940665,745.56,45,13:35:53,False,,True,False,745.53,28,1,94,670940703,train,True
670940666,745.54,45,13:35:54,False,,True,False,745.53,29,1,94,670940703,train,True
670940667,745.49,45,13:35:55,False,,True,False,745.53,30,1,94,670940703,train,True
670940668,745.52,45,13:35:56,False,,True,False,745.53,31,1,94,670940703,train,True
670940669,745.49,45,13:35:57,False,,True,False,745.53,32,1,94,670940703,train,True
670940670,745.49,45,13:35:58,False,,True,False,745.53,33,1,94,670940703,train,True
670940671,745.56,45,13:35:59,False,,True,False,745.53,34,1,94,670940703,train,True
670940672,745.52,45,13:36:00,False,,True,False,745.53,35,1,94,670940703,train,True
670940673,745.49,45,13:36:01,False,,True,False,745.53,36,1,94,670940703,train,True
670940674,745.49,45,13:36:02,False,,True,False,745.53,37,1,94,670940703,train,True
670940675,745.45,45,13:36:03,False,,True,False,745.53,38,1,94,670940703,train,True
670940676,745.47,45,13:36:04,False,,True,False,745.53,39,1,94,670940703,train,True
670940677,745.51,45,13:36:05,False,,True,False,745.53,40,1,94,670940703,train,True
670940678,745.44,45,13:36:06,False,,True,False,745.53,41,1,94,670940703,train,True
670940679,745.42,45,13:36:07,False,,True,False,745.53,42,1,94,670940703,train,True
670940680,745.47,45,13:36:08,False,,True,False,745.53,43,1,94,670940703,train,True
670940681,745.47,45,13:36:09,False,,True,False,745.53,44,1,94,670940703,train,True
670940682,745.44,45,13:36:10,False,,True,False,745.53,45,1,94,670940703,train,True
670940683,745.48,45,13:36:11,False,,True,False,745.53,46,1,94,670940703,train,True
670940684,745.44,45,13:36:12,False,,True,False,745.53,47,1,94,670940703,train,True
670940685,745.42,45,13:36:13,False,,True,False,745.53,48,1,94,670940703,train,True
670940686,745.42,45,13:36:14,False,,True,False,745.53,49,1,94,670940703,train,True
670940687,745.42,45,13:36:15,False,,True,False,745.53,50,1,94,670940703,train,True
670940688,745.4,45,13:36:16,False,,True,False,745.53,51,1,94,670940703,train,True
670940689,745.37,45,13:36:17,False,,True,False,745.53,52,1,94,670940703,train,True
670940690,745.46,45,13:36:18,False,,True,False,745.53,53,1,94,670940703,train,True
670940691,745.37,45,13:36:19,False,,True,False,745.53,54,1,94,670940703,train,True
670940692,745.35,45,13:36:20,False,,True,False,745.53,55,1,94,670940703,train,True
670940693,745.37,45,13:36:21,False,,True,False,745.53,56,1,94,670940703,train,True
670940694,745.41,45,13:36:22,False,,True,False,745.53,57,1,94,670940703,train,True
670940695,745.37,45,13:36:22,False,,True,False,745.53,58,1,94,670940703,train,True
670940696,745.37,45,13:36:23,False,,True,False,745.53,59,1,94,670940703,train,True
670940697,745.34,45,13:36:24,False,,True,False,745.53,60,1,94,670940703,train,True
670940698,745.37,45,13:36:25,False,,True,False,745.53,60,1,94,670940703,train,True
670940699,745.25,45,13:36:26,False,,True,True,745.53,60,1,94,670940703,train,True
670940700,745.28,45,13:36:27,False,,True,True,745.53,60,1,94,670940703,train,True
670940701,745.16,45,13:36:28,False,,True,True,745.52,60,1,94,670940703,train,True
670945311,741.01,45,14:51:16,False,,True,False,741.23,16,1,95,670945386,train,True
670945312,741.03,45,14:51:17,False,,True,False,741.23,17,1,95,670945386,train,True
670945313,741.01,45,14:51:18,False,,True,False,741.22,18,1,95,670945386,train,True
670945314,740.98,45,14:51:19,False,,True,False,741.22,19,1,95,670945386,train,True
670945315,740.99,45,14:51:20,False,,True,False,741.22,20,1,95,670945386,train,True
670945316,741.03,45,14:51:21,False,,True,False,741.22,21,1,95,670945386,train,True
670945317,741.05,45,14:51:22,False,,True,False,741.22,22,1,95,670945386,train,True
670945318,741.01,45,14:51:23,False,,True,False,741.22,23,1,95,670945386,train,True
670945319,741.03,45,14:51:24,False,,True,False,741.22,24,1,95,670945386,train,True
670945320,741.03,45,14:51:25,False,,True,False,741.22,25,1,95,670945386,train,True
670945321,741.01,45,14:51:26,False,,True,False,741.22,26,1,95,670945386,train,True
670945322,741.02,45,14:51:27,False,,True,False,741.22,27,1,95,670945386,train,True
670945323,740.96,45,14:51:28,False,,True,False,741.22,28,1,95,670945386,train,True
670945324,741.04,45,14:51:29,False,,True,False,741.21,29,1,95,670945386,train,True
670945325,740.94,45,14:51:30,False,,True,False,741.21,30,1,95,670945386,train,True
670945326,741.0,45,14:51:31,False,,True,True,741.21,31,1,95,670945386,train,True
670945327,741.02,45,14:51:32,False,,True,True,741.21,32,1,95,670945386,train,True
670945328,741.0,45,14:51:33,False,,True,True,741.21,33,1,95,670945386,train,True
670945329,740.96,45,14:51:34,False,,True,True,741.21,34,1,95,670945386,train,True
670945330,740.97,45,14:51:35,False,,True,True,741.21,35,1,95,670945386,train,True
670945331,740.97,45,14:51:36,False,,True,True,741.21,36,1,95,670945386,train,True
670945332,740.95,45,14:51:37,False,,True,True,741.21,37,1,95,670945386,train,True
670945333,740.98,45,14:51:38,False,,True,True,741.21,38,1,95,670945386,train,True
670945334,740.95,45,14:51:39,False,,True,True,741.21,39,1,95,670945386,train,True
670945335,740.95,45,14:51:40,False,,True,True,741.2,40,1,95,670945386,train,True
670945336,740.95,45,14:51:40,False,,True,True,741.2,41,1,95,670945386,train,True
670945337,740.95,45,14:51:41,False,,True,True,741.2,42,1,95,670945386,train,True
670945338,740.98,45,14:51:42,False,,True,True,741.2,43,1,95,670945386,train,True
670945339,740.93,45,14:51:43,False,,True,True,741.2,44,1,95,670945386,train,True
670945340,740.93,45,14:51:44,False,,True,True,741.2,45,1,95,670945386,train,True
670945341,740.97,45,14:51:45,False,,True,True,741.2,46,1,95,670945386,train,True
670945342,740.95,45,14:51:46,False,,True,True,741.2,47,1,95,670945386,train,True
670945343,740.95,45,14:51:47,False,,True,True,741.2,48,1,95,670945386,train,True
670945344,741.02,45,14:51:48,False,,True,True,741.2,49,1,95,670945386,train,True
670945345,740.95,45,14:51:49,False,,True,True,741.2,50,1,95,670945386,train,True
670945346,741.01,45,14:51:50,False,,True,True,741.19,51,1,95,670945386,train,True
670945347,740.95,45,14:51:51,False,,True,True,741.19,52,1,95,670945386,train,True
670945348,740.99,45,14:51:52,False,,True,True,741.19,53,1,95,670945386,train,True
670945349,740.93,45,14:51:53,False,,True,True,741.19,54,1,95,670945386,train,True
670945350,740.95,45,14:51:54,False,,True,True,741.19,55,1,95,670945386,train,True
670945351,740.83,45,14:51:55,False,,True,True,741.19,56,1,95,670945386,train,True
670945352,740.84,45,14:51:56,False,,True,True,741.19,57,1,95,670945386,train,True
670945353,740.91,45,14:51:57,False,,True,True,741.19,57,1,95,670945386,train,True
670945354,740.9,45,14:51:58,False,,True,True,741.19,57,1,95,670945386,train,True
670945355,740.9,45,14:51:59,False,,True,True,741.18,58,1,95,670945386,train,True
670945356,740.88,45,14:52:00,False,,True,True,741.18,59,1,95,670945386,train,True
670945357,740.88,45,14:52:01,False,,True,True,741.18,60,1,95,670945386,train,True
670945358,740.85,45,14:52:02,False,,True,True,741.18,60,1,95,670945386,train,True
670945359,740.88,45,14:52:03,False,,True,True,741.18,60,1,95,670945386,train,True
670945360,740.88,45,14:52:04,False,,True,True,741.18,60,1,95,670945386,train,True
670945361,740.81,45,14:52:05,False,,True,True,741.18,60,1,95,670945386,train,True
670945362,740.81,45,14:52:06,False,,True,True,741.18,60,1,95,670945386,train,True
670945363,740.81,45,14:52:07,False,,True,True,741.18,60,1,95,670945386,train,True
670945364,740.74,45,14:52:08,False,,True,True,741.17,60,1,95,670945386,train,True
670945365,740.74,45,14:52:09,False,,True,True,741.17,60,1,95,670945386,train,True
670945366,740.74,45,14:52:10,False,,True,True,741.17,60,1,95,670945386,train,True
670945367,740.71,45,14:52:11,False,,True,True,741.17,60,1,95,670945386,train,True
670945368,740.69,45,14:52:12,False,,True,True,741.17,60,1,95,670945386,train,True
670945369,740.65,45,14:52:13,False,,True,True,741.17,60,1,95,670945386,train,True
670945370,740.69,45,14:52:14,False,,True,True,741.17,60,1,95,670945386,train,True
670961263,741.95,45,19:10:05,False,,True,True,741.22,34,1,96,670961352,train,True
670961264,742.0,45,19:10:06,False,,True,True,741.23,33,1,96,670961352,train,True
670961265,742.01,45,19:10:07,False,,True,True,741.23,32,1,96,670961352,train,True
670961266,742.04,45,19:10:08,False,,True,True,741.23,31,1,96,670961352,train,True
670961267,741.99,45,19:10:09,False,,True,True,741.24,30,1,96,670961352,train,True
670961268,742.02,45,19:10:10,False,,True,True,741.24,29,1,96,670961352,train,True
670961269,741.99,45,19:10:11,False,,True,True,741.24,29,1,96,670961352,train,True
670961270,742.02,45,19:10:12,False,,True,True,741.24,28,1,96,670961352,train,True
670961271,742.02,45,19:10:13,False,,True,True,741.25,27,1,96,670961352,train,True
670961272,741.99,45,19:10:14,False,,True,True,741.25,27,1,96,670961352,train,True
670961273,742.02,45,19:10:15,False,,True,True,741.25,27,1,96,670961352,train,True
670961274,742.0,45,19:10:16,False,,True,True,741.25,27,1,96,670961352,train,True
670961275,742.04,45,19:10:17,False,,True,True,741.26,27,1,96,670961352,train,True
670961276,742.04,45,19:10:18,False,,True,True,741.26,27,1,96,670961352,train,True
670961277,742.02,45,19:10:19,False,,True,True,741.26,27,1,96,670961352,train,True
670961278,741.95,45,19:10:20,False,,True,True,741.27,27,1,96,670961352,train,True
670961279,742.04,45,19:10:21,False,,True,True,741.27,27,1,96,670961352,train,True
670961280,742.0,45,19:10:22,False,,True,True,741.27,27,1,96,670961352,train,True
670961281,742.02,45,19:10:23,False,,True,True,741.27,27,1,96,670961352,train,True
670961282,742.04,45,19:10:24,False,,True,True,741.28,27,1,96,670961352,train,True
670961283,742.0,45,19:10:25,False,,True,True,741.28,27,1,96,670961352,train,True
670961284,742.04,45,19:10:26,False,,True,True,741.28,27,1,96,670961352,train,True
670961285,742.0,45,19:10:27,False,,True,True,741.28,27,1,96,670961352,train,True
670961286,742.05,45,19:10:28,False,,True,True,741.29,27,1,96,670961352,train,True
670961287,742.04,45,19:10:29,False,,True,True,741.29,27,1,96,670961352,train,True
670961288,741.96,45,19:10:30,False,,True,True,741.29,27,1,96,670961352,train,True
670961289,741.96,45,19:10:31,False,,True,True,741.3,27,1,96,670961352,train,True
670961290,741.98,45,19:10:32,False,,True,True,741.3,27,1,96,670961352,train,True
670961291,742.05,45,19:10:33,False,,True,True,741.3,27,1,96,670961352,train,True
670961292,742.02,45,19:10:34,False,,True,True,741.3,27,1,96,670961352,train,True
670961293,741.98,45,19:10:35,False,,True,True,741.31,27,1,96,670961352,train,True
670961294,742.0,45,19:10:36,False,,True,True,741.31,27,1,96,670961352,train,True
670961295,742.0,45,19:10:37,False,,True,True,741.31,28,1,96,670961352,train,True
670961296,742.03,45,19:10:38,False,,True,True,741.31,28,1,96,670961352,train,True
670961297,741.98,45,19:10:39,False,,True,True,741.32,28,1,96,670961352,train,True
670961298,741.98,45,19:10:40,False,,True,True,741.32,28,1,96,670961352,train,True
670961299,741.98,45,19:10:40,False,,True,True,741.32,29,1,96,670961352,train,True
670961300,741.98,45,19:10:41,False,,True,True,741.32,30,1,96,670961352,train,True
670961301,741.98,45,19:10:42,False,,True,True,741.33,31,1,96,670961352,train,True
670961302,742.03,45,19:10:43,False,,True,True,741.33,32,1,96,670961352,train,True
670961303,741.98,45,19:10:44,False,,True,True,741.33,33,1,96,670961352,train,True
670961304,742.05,45,19:10:45,False,,True,True,741.33,34,1,96,670961352,train,True
670961305,741.98,45,19:10:46,False,,True,True,741.34,34,1,96,670961352,train,True
670961306,741.99,45,19:10:47,False,,True,True,741.34,34,1,96,670961352,train,True
670961307,741.96,45,19:10:48,False,,True,True,741.34,34,1,96,670961352,train,True
670961308,741.96,45,19:10:49,False,,True,True,741.34,34,1,96,670961352,train,True
670961309,741.96,45,19:10:50,False,,True,True,741.35,34,1,96,670961352,train,True
670961310,741.94,45,19:10:51,False,,True,True,741.35,34,1,96,670961352,train,True
670961311,741.96,45,19:10:52,False,,True,True,741.35,34,1,96,670961352,train,True
670961312,741.96,45,19:10:53,False,,True,True,741.35,34,1,96,670961352,train,True
670961313,741.94,45,19:10:54,False,,True,True,741.36,34,1,96,670961352,train,True
670961314,741.94,45,19:10:55,False,,True,True,741.36,34,1,96,670961352,train,True
670961315,741.94,45,19:10:56,False,,True,True,741.36,34,1,96,670961352,train,True
670961316,741.92,45,19:10:57,False,,True,True,741.36,34,1,96,670961352,train,True
670961317,741.94,45,19:10:58,False,,True,True,741.36,35,1,96,670961352,train,True
670961318,741.94,45,19:10:59,False,,True,True,741.37,35,1,96,670961352,train,True
670961319,741.88,45,19:11:00,False,,True,True,741.37,35,1,96,670961352,train,True
670961320,741.94,45,19:11:01,False,,True,True,741.37,36,1,96,670961352,train,True
670961321,741.9,45,19:11:02,False,,True,True,741.37,36,1,96,670961352,train,True
670961322,741.88,45,19:11:03,False,,True,True,741.38,37,1,96,670961352,train,True
671024044,745.3,46,12:08:43,False,,True,False,745.03,12,1,97,671024106,train,True
671024045,745.32,46,12:08:44,False,,True,False,745.03,13,1,97,671024106,train,True
671024046,745.37,46,12:08:45,False,,True,False,745.03,14,1,97,671024106,train,True
671024047,745.41,46,12:08:46,False,,True,False,745.03,15,1,97,671024106,train,True
671024048,745.36,46,12:08:47,False,,True,False,745.03,16,1,97,671024106,train,True
671024049,745.38,46,12:08:48,False,,True,False,745.03,17,1,97,671024106,train,True
671024050,745.38,46,12:08:49,False,,True,False,745.03,18,1,97,671024106,train,True
671024051,745.33,46,12:08:50,False,,True,False,745.03,19,1,97,671024106,train,True
671024052,745.31,46,12:08:51,False,,True,False,745.04,20,1,97,671024106,train,True
671024053,745.35,46,12:08:52,False,,True,False,745.04,21,1,97,671024106,train,True
671024054,745.35,46,12:08:53,False,,True,False,745.04,22,1,97,671024106,train,True
671024055,745.33,46,12:08:53,False,,True,False,745.04,23,1,97,671024106,train,True
671024056,745.37,46,12:08:54,False,,True,False,745.04,24,1,97,671024106,train,True
671024057,745.37,46,12:08:55,False,,True,False,745.04,25,1,97,671024106,train,True
671024058,745.36,46,12:08:56,False,,True,False,745.04,26,1,97,671024106,train,True
671024059,745.37,46,12:08:57,False,,True,False,745.04,27,1,97,671024106,train,True
671024060,745.39,46,12:08:58,False,,True,False,745.04,28,1,97,671024106,train,True
671024061,745.32,46,12:08:59,False,,True,False,745.05,29,1,97,671024106,train,True
671024062,745.34,46,12:09:00,False,,True,False,745.05,30,1,97,671024106,train,True
671024063,745.34,46,12:09:01,False,,True,False,745.05,31,1,97,671024106,train,True
671024064,745.31,46,12:09:02,False,,True,False,745.05,32,1,97,671024106,train,True
671024065,745.29,46,12:09:03,False,,True,False,745.05,33,1,97,671024106,train,True
671024066,745.38,46,12:09:04,False,,True,False,745.05,34,1,97,671024106,train,True
671024067,745.29,46,12:09:05,False,,True,False,745.05,35,1,97,671024106,train,True
671024068,745.35,46,12:09:06,False,,True,False,745.05,36,1,97,671024106,train,True
671024069,745.28,46,12:09:07,False,,True,False,745.05,37,1,97,671024106,train,True
671024070,745.31,46,12:09:08,False,,True,False,745.05,38,1,97,671024106,train,True
671024071,745.28,46,12:09:09,False,,True,False,745.05,39,1,97,671024106,train,True
671024072,745.32,46,12:09:10,False,,True,False,745.05,40,1,97,671024106,train,True
671024073,745.26,46,12:09:11,False,,True,False,745.06,41,1,97,671024106,train,True
671024074,745.34,46,12:09:12,False,,True,False,745.06,42,1,97,671024106,train,True
671024075,745.29,46,12:09:13,False,,True,False,745.06,43,1,97,671024106,train,True
671024076,745.34,46,12:09:14,False,,True,False,745.06,44,1,97,671024106,train,True
671024077,745.27,46,12:09:15,False,,True,False,745.06,45,1,97,671024106,train,True
671024078,745.33,46,12:09:16,False,,True,False,745.06,46,1,97,671024106,train,True
671024079,745.25,46,12:09:17,False,,True,False,745.06,47,1,97,671024106,train,True
671024080,745.26,46,12:09:18,False,,True,False,745.06,48,1,97,671024106,train,True
671024081,745.26,46,12:09:19,False,,True,False,745.06,49,1,97,671024106,train,True
671024082,745.26,46,12:09:20,False,,True,False,745.06,50,1,97,671024106,train,True
671024083,745.24,46,12:09:21,False,,True,False,745.06,51,1,97,671024106,train,True
671024084,745.26,46,12:09:22,False,,True,False,745.06,52,1,97,671024106,train,True
671024085,745.24,46,12:09:23,False,,True,False,745.07,53,1,97,671024106,train,True
671024086,745.19,46,12:09:24,False,,True,False,745.07,54,1,97,671024106,train,True
671024087,745.23,46,12:09:25,False,,True,False,745.07,55,1,97,671024106,train,True
671024088,745.25,46,12:09:26,False,,True,False,745.07,56,1,97,671024106,train,True
671024089,745.2,46,12:09:27,False,,True,False,745.07,57,1,97,671024106,train,True
671024090,745.18,46,12:09:28,False,,True,False,745.07,58,1,97,671024106,train,True
671024091,745.23,46,12:09:29,False,,True,False,745.07,59,1,97,671024106,train,True
671024092,745.2,46,12:09:29,False,,True,False,745.07,59,1,97,671024106,train,True
671024093,745.18,46,12:09:30,False,,True,False,745.07,60,1,97,671024106,train,True
671024094,745.15,46,12:09:31,False,,True,False,745.07,60,1,97,671024106,train,True
671024095,745.19,46,12:09:32,False,,True,False,745.07,60,1,97,671024106,train,True
671024096,745.17,46,12:09:33,False,,True,False,745.07,60,1,97,671024106,train,True
671024097,745.19,46,12:09:34,False,,True,True,745.07,60,1,97,671024106,train,True
671024098,745.17,46,12:09:35,False,,True,True,745.07,60,1,97,671024106,train,True
671024099,745.19,46,12:09:36,False,,True,True,745.08,60,1,97,671024106,train,True
671024100,745.19,46,12:09:37,False,,True,True,745.08,60,1,97,671024106,train,True
671024101,745.14,46,12:09:38,False,,True,True,745.08,60,1,97,671024106,train,True
671024102,745.07,46,12:09:39,False,,True,True,745.08,60,1,97,671024106,train,True
671024103,745.03,46,12:09:40,False,,True,True,745.08,60,1,97,671024106,train,True
671027784,747.39,46,13:09:24,False,,True,True,747.29,42,1,98,671027864,train,True
671027785,747.4,46,13:09:25,False,,True,True,747.29,43,1,98,671027864,train,True
671027786,747.36,46,13:09:26,False,,True,True,747.29,44,1,98,671027864,train,True
671027787,747.36,46,13:09:27,False,,True,True,747.29,45,1,98,671027864,train,True
671027788,747.33,46,13:09:28,False,,True,True,747.29,46,1,98,671027864,train,True
671027789,747.35,46,13:09:29,False,,True,True,747.29,47,1,98,671027864,train,True
671027790,747.36,46,13:09:30,False,,True,True,747.29,48,1,98,671027864,train,True
671027791,747.29,46,13:09:30,False,,True,True,747.29,49,1,98,671027864,train,True
671027792,747.33,46,13:09:31,False,,True,True,747.29,50,1,98,671027864,train,True
671027793,747.37,46,13:09:32,False,,True,True,747.29,51,1,98,671027864,train,True
671027794,747.38,46,13:09:33,False,,True,True,747.29,52,1,98,671027864,train,True
671027795,747.33,46,13:09:34,False,,True,True,747.29,53,1,98,671027864,train,True
671027796,747.37,46,13:09:35,False,,True,True,747.29,54,1,98,671027864,train,True
671027797,747.31,46,13:09:36,False,,True,True,747.29,55,1,98,671027864,train,True
671027798,747.33,46,13:09:37,False,,True,True,747.29,56,1,98,671027864,train,True
671027799,747.28,46,13:09:38,False,,True,True,747.29,57,1,98,671027864,train,True
671027800,747.28,46,13:09:39,False,,True,True,747.29,58,1,98,671027864,train,True
671027801,747.3,46,13:09:40,False,,True,True,747.29,59,1,98,671027864,train,True
671027802,747.28,46,13:09:41,False,,True,True,747.29,60,1,98,671027864,train,True
671027803,747.34,46,13:09:42,False,,True,True,747.3,60,1,98,671027864,train,True
671027804,747.32,46,13:09:43,False,,True,True,747.3,60,1,98,671027864,train,True
671027805,747.3,46,13:09:44,False,,True,True,747.3,60,1,98,671027864,train,True
671027806,747.32,46,13:09:45,False,,True,True,747.3,60,1,98,671027864,train,True
671027807,747.3,46,13:09:46,False,,True,True,747.3,60,1,98,671027864,train,True
671027808,747.27,46,13:09:47,False,,True,True,747.3,60,1,98,671027864,train,True
671027809,747.32,46,13:09:48,False,,True,True,747.3,60,1,98,671027864,train,True
671027810,747.29,46,13:09:49,False,,True,True,747.3,60,1,98,671027864,train,True
671027811,747.29,46,13:09:50,False,,True,True,747.3,60,1,98,671027864,train,True
671027812,747.25,46,13:09:51,False,,True,True,747.3,60,1,98,671027864,train,True
671027813,747.36,46,13:09:52,False,,True,True,747.3,60,1,98,671027864,train,True
671027814,747.29,46,13:09:53,False,,True,True,747.3,60,1,98,671027864,train,True
671027815,747.29,46,13:09:54,False,,True,True,747.3,60,1,98,671027864,train,True
671027816,747.24,46,13:09:55,False,,True,True,747.3,60,1,98,671027864,train,True
671027817,747.22,46,13:09:56,False,,True,True,747.3,60,1,98,671027864,train,True
671027818,747.29,46,13:09:57,False,,True,True,747.3,60,1,98,671027864,train,True
671027819,747.29,46,13:09:58,False,,True,True,747.3,60,1,98,671027864,train,True
671027820,747.26,46,13:09:59,False,,True,True,747.3,60,1,98,671027864,train,True
671027821,747.22,46,13:10:00,False,,True,True,747.3,60,1,98,671027864,train,True
671027822,747.31,46,13:10:01,False,,True,True,747.3,60,1,98,671027864,train,True
671027823,747.22,46,13:10:02,False,,True,True,747.3,60,1,98,671027864,train,True
671027824,747.26,46,13:10:03,False,,True,True,747.31,60,1,98,671027864,train,True
671027825,747.21,46,13:10:04,False,,True,True,747.31,60,1,98,671027864,train,True
671027826,747.21,46,13:10:05,False,,True,True,747.31,60,1,98,671027864,train,True
671027827,747.21,46,13:10:06,False,,True,True,747.31,60,1,98,671027864,train,True
671027828,747.25,46,13:10:06,False,,True,True,747.31,60,1,98,671027864,train,True
671027829,747.19,46,13:10:07,False,,True,True,747.31,60,1,98,671027864,train,True
671027830,747.16,46,13:10:08,False,,True,True,747.31,60,1,98,671027864,train,True
671027831,747.23,46,13:10:09,False,,True,True,747.31,60,1,98,671027864,train,True
671027832,747.16,46,13:10:10,False,,True,True,747.31,60,1,98,671027864,train,True
671027833,747.23,46,13:10:11,False,,True,True,747.31,60,1,98,671027864,train,True
671027834,747.22,46,13:10:12,False,,True,True,747.31,60,1,98,671027864,train,True
671027835,747.18,46,13:10:13,False,,True,True,747.31,60,1,98,671027864,train,True
671027836,747.25,46,13:10:14,False,,True,True,747.31,60,1,98,671027864,train,True
671027837,747.24,46,13:10:15,False,,True,True,747.31,60,1,98,671027864,train,True
671027838,747.24,46,13:10:16,False,,True,True,747.31,60,1,98,671027864,train,True
671027839,747.18,46,13:10:17,False,,True,True,747.31,60,1,98,671027864,train,True
671027840,747.16,46,13:10:18,False,,True,True,747.31,60,1,98,671027864,train,True
671027841,747.2,46,13:10:19,False,,True,True,747.31,60,1,98,671027864,train,True
671027842,747.18,46,13:10:20,False,,True,True,747.31,60,1,98,671027864,train,True
671027843,747.11,46,13:10:21,False,,True,True,747.31,60,1,98,671027864,train,True
671027911,747.41,46,13:11:27,False,,True,True,747.29,49,1,99,671027972,train,True
671027912,747.43,46,13:11:28,False,,True,True,747.29,49,1,99,671027972,train,True
671027913,747.41,46,13:11:29,False,,True,True,747.29,49,1,99,671027972,train,True
671027914,747.47,46,13:11:30,False,,True,True,747.29,49,1,99,671027972,train,True
671027915,747.51,46,13:11:31,False,,True,True,747.29,49,1,99,671027972,train,True
671027916,747.42,46,13:11:32,False,,True,True,747.29,49,1,99,671027972,train,True
671027917,747.36,46,13:11:33,False,,True,True,747.29,49,1,99,671027972,train,True
671027918,747.42,46,13:11:34,False,,True,True,747.29,49,1,99,671027972,train,True
671027919,747.42,46,13:11:35,False,,True,True,747.3,49,1,99,671027972,train,True
671027920,747.44,46,13:11:36,False,,True,True,747.3,49,1,99,671027972,train,True
671027921,747.42,46,13:11:37,False,,True,True,747.3,49,1,99,671027972,train,True
671027922,747.46,46,13:11:38,False,,True,True,747.3,49,1,99,671027972,train,True
671027923,747.42,46,13:11:39,False,,True,True,747.3,49,1,99,671027972,train,True
671027924,747.42,46,13:11:40,False,,True,True,747.3,49,1,99,671027972,train,True
671027925,747.39,46,13:11:41,False,,True,True,747.3,49,1,99,671027972,train,True
671027926,747.46,46,13:11:42,False,,True,True,747.3,49,1,99,671027972,train,True
671027927,747.44,46,13:11:43,False,,True,True,747.3,49,1,99,671027972,train,True
671027928,747.46,46,13:11:44,False,,True,True,747.3,49,1,99,671027972,train,True
671027929,747.39,46,13:11:45,False,,True,True,747.3,49,1,99,671027972,train,True
671027930,747.41,46,13:11:46,False,,True,True,747.3,49,1,99,671027972,train,True
671027931,747.43,46,13:11:47,False,,True,True,747.3,49,1,99,671027972,train,True
671027932,747.41,46,13:11:48,False,,True,True,747.3,49,1,99,671027972,train,True
671027933,747.41,46,13:11:49,False,,True,True,747.3,49,1,99,671027972,train,True
671027934,747.41,46,13:11:50,False,,True,True,747.3,49,1,99,671027972,train,True
671027935,747.43,46,13:11:51,False,,True,True,747.3,49,1,99,671027972,train,True
671027936,747.41,46,13:11:52,False,,True,True,747.3,49,1,99,671027972,train,True
671027937,747.43,46,13:11:53,False,,True,True,747.3,49,1,99,671027972,train,True
671027938,747.36,46,13:11:54,False,,True,True,747.3,49,1,99,671027972,train,True
671027939,747.38,46,13:11:55,False,,True,True,747.3,49,1,99,671027972,train,True
671027940,747.45,46,13:11:56,False,,True,True,747.3,49,1,99,671027972,train,True
671027941,747.34,46,13:11:57,False,,True,True,747.3,49,1,99,671027972,train,True
671027942,747.36,46,13:11:57,False,,True,True,747.31,49,1,99,671027972,train,True
671027943,747.35,46,13:11:58,False,,True,True,747.31,49,1,99,671027972,train,True
671027944,747.44,46,13:11:59,False,,True,True,747.31,49,1,99,671027972,train,True
671027945,747.4,46,13:12:00,False,,True,True,747.31,49,1,99,671027972,train,True
671027946,747.42,46,13:12:01,False,,True,False,747.31,49,1,99,671027972,train,True
671027947,747.42,46,13:12:02,False,,True,False,747.31,49,1,99,671027972,train,True
671027948,747.44,46,13:12:03,False,,True,False,747.31,49,1,99,671027972,train,True
671027949,747.46,46,13:12:04,False,,True,False,747.31,49,1,99,671027972,train,True
671027950,747.46,46,13:12:05,False,,True,False,747.31,49,1,99,671027972,train,True
671027951,747.48,46,13:12:06,False,,True,False,747.31,49,1,99,671027972,train,True
671027952,747.46,46,13:12:07,False,,True,False,747.31,49,1,99,671027972,train,True
671027953,747.46,46,13:12:08,False,,True,False,747.31,49,1,99,671027972,train,True
671027954,747.44,46,13:12:09,False,,True,False,747.31,49,1,99,671027972,train,True
671027955,747.43,46,13:12:10,False,,True,False,747.31,49,1,99,671027972,train,True
671027956,747.41,46,13:12:11,False,,True,False,747.31,49,1,99,671027972,train,True
671027957,747.41,46,13:12:12,False,,True,False,747.31,50,1,99,671027972,train,True
671027958,747.39,46,13:12:13,False,,True,False,747.31,51,1,99,671027972,train,True
671027959,747.36,46,13:12:14,False,,True,False,747.31,52,1,99,671027972,train,True
671027960,747.34,46,13:12:15,False,,True,False,747.31,53,1,99,671027972,train,True
671027961,747.38,46,13:12:16,False,,True,False,747.31,54,1,99,671027972,train,True
671027962,747.25,46,13:12:17,False,,True,False,747.31,55,1,99,671027972,train,True
671027963,747.29,46,13:12:18,False,,True,False,747.31,56,1,99,671027972,train,True
671027964,747.24,46,13:12:19,False,,True,False,747.31,57,1,99,671027972,train,True
671027965,747.2,46,13:12:20,False,,True,False,747.31,58,1,99,671027972,train,True
671027966,747.25,46,13:12:21,False,,True,False,747.31,59,1,99,671027972,train,True
671027967,747.27,46,13:12:22,False,,True,False,747.31,59,1,99,671027972,train,True
671027968,747.22,46,13:12:23,False,,True,True,747.31,60,1,99,671027972,train,True
671027969,747.17,46,13:12:24,False,,True,True,747.31,60,1,99,671027972,train,True
671027970,747.01,46,13:12:25,False,,True,True,747.31,60,1,99,671027972,train,True
671033753,742.91,46,14:46:14,False,,True,True,743.32,60,1,100,671033906,train,True
671033754,742.94,46,14:46:15,False,,True,True,743.32,60,1,100,671033906,train,True
671033755,742.93,46,14:46:16,False,,True,True,743.32,60,1,100,671033906,train,True
671033756,742.98,46,14:46:17,False,,True,True,743.31,60,1,100,671033906,train,True
671033757,742.98,46,14:46:18,False,,True,True,743.31,60,1,100,671033906,train,True
671033758,743.07,46,14:46:19,False,,True,True,743.31,60,1,100,671033906,train,True
671033759,743.0,46,14:46:20,False,,True,True,743.31,60,1,100,671033906,train,True
671033760,743.11,46,14:46:21,False,,True,True,743.31,60,1,100,671033906,train,True
671033761,743.09,46,14:46:22,False,,True,True,743.31,60,1,100,671033906,train,True
671033762,743.09,46,14:46:23,False,,True,True,743.31,60,1,100,671033906,train,True
671033763,743.16,46,14:46:24,False,,True,True,743.3,60,1,100,671033906,train,True
671033764,743.11,46,14:46:25,False,,True,True,743.3,60,1,100,671033906,train,True
671033765,743.11,46,14:46:26,False,,True,True,743.3,60,1,100,671033906,train,True
671033766,743.11,46,14:46:27,False,,True,True,743.3,60,1,100,671033906,train,True
671033767,743.16,46,14:46:28,False,,True,True,743.3,60,1,100,671033906,train,True
671033768,743.13,46,14:46:29,False,,True,True,743.3,60,1,100,671033906,train,True
671033769,743.13,46,14:46:30,False,,True,True,743.3,60,1,100,671033906,train,True
671033770,743.13,46,14:46:31,False,,True,True,743.3,60,1,100,671033906,train,True
671033771,743.09,46,14:46:32,False,,True,True,743.29,60,1,100,671033906,train,True
671033772,743.14,46,14:46:33,False,,True,True,743.29,60,1,100,671033906,train,True
671033773,743.12,46,14:46:34,False,,True,True,743.29,60,1,100,671033906,train,True
671033774,743.11,46,14:46:35,False,,True,True,743.29,60,1,100,671033906,train,True
671033775,743.07,46,14:46:36,False,,True,True,743.29,60,1,100,671033906,train,True
671033776,743.09,46,14:46:37,False,,True,True,743.29,60,1,100,671033906,train,True
671033777,743.05,46,14:46:38,False,,True,True,743.29,60,1,100,671033906,train,True
671033778,743.03,46,14:46:39,False,,True,True,743.29,60,1,100,671033906,train,True
671033779,743.09,46,14:46:40,False,,True,True,743.29,60,1,100,671033906,train,True
671033780,743.04,46,14:46:41,False,,True,True,743.28,60,1,100,671033906,train,True
671033781,743.04,46,14:46:42,False,,True,True,743.28,60,1,100,671033906,train,True
671033782,743.02,46,14:46:43,False,,True,True,743.28,60,1,100,671033906,train,True
671033783,743.07,46,14:46:44,False,,True,True,743.28,60,1,100,671033906,train,True
671033784,743.0,46,14:46:45,False,,True,True,743.28,60,1,100,671033906,train,True
671033785,743.04,46,14:46:46,False,,True,True,743.28,60,1,100,671033906,train,True
671033786,743.02,46,14:46:47,False,,True,True,743.28,60,1,100,671033906,train,True
671033787,743.02,46,14:46:48,False,,True,True,743.27,60,1,100,671033906,train,True
671033788,742.97,46,14:46:49,False,,True,True,743.27,60,1,100,671033906,train,True
671033789,743.02,46,14:46:50,False,,True,True,743.27,60,1,100,671033906,train,True
671033790,742.95,46,14:46:51,False,,True,True,743.27,60,1,100,671033906,train,True
671033791,742.97,46,14:46:51,False,,True,True,743.27,60,1,100,671033906,train,True
671033792,742.95,46,14:46:52,False,,True,True,743.27,60,1,100,671033906,train,True
671033793,742.91,46,14:46:53,False,,True,True,743.27,60,1,100,671033906,train,True
671033794,742.93,46,14:46:54,False,,True,True,743.26,60,1,100,671033906,train,True
671033795,742.95,46,14:46:55,False,,True,True,743.26,60,1,100,671033906,train,True
671033796,742.93,46,14:46:56,False,,True,True,743.26,60,1,100,671033906,train,True
671033797,742.93,46,14:46:57,False,,True,True,743.26,60,1,100,671033906,train,True
671033798,742.88,46,14:46:58,False,,True,True,743.26,60,1,100,671033906,train,True
671033799,742.88,46,14:46:59,False,,True,True,743.26,60,1,100,671033906,train,True
671033800,742.97,46,14:47:00,False,,True,True,743.26,60,1,100,671033906,train,True
671033801,742.93,46,14:47:01,False,,True,True,743.25,60,1,100,671033906,train,True
671033802,742.88,46,14:47:02,False,,True,True,743.25,60,1,100,671033906,train,True
671033803,742.9,46,14:47:03,False,,True,True,743.25,60,1,100,671033906,train,True
671033804,742.86,46,14:47:04,False,,True,True,743.25,60,1,100,671033906,train,True
671033805,742.9,46,14:47:05,False,,True,True,743.25,60,1,100,671033906,train,True
671033806,742.82,46,14:47:06,False,,True,True,743.25,60,1,100,671033906,train,True
671033807,742.89,46,14:47:07,False,,True,True,743.24,60,1,100,671033906,train,True
671033808,742.84,46,14:47:08,False,,True,True,743.24,60,1,100,671033906,train,True
671033809,742.86,46,14:47:09,False,,True,True,743.24,60,1,100,671033906,train,True
671033810,742.86,46,14:47:10,False,,True,True,743.24,60,1,100,671033906,train,True
671033811,742.88,46,14:47:11,False,,True,True,743.24,60,1,100,671033906,train,True
671033812,742.9,46,14:47:12,False,,True,True,743.24,60,1,100,671033906,train,True
671039135,738.97,46,16:13:34,False,,True,False,739.19,15,1,101,671039200,train,True
671039136,739.01,46,16:13:35,False,,True,False,739.19,14,1,101,671039200,train,True
671039137,739.02,46,16:13:36,False,,True,False,739.19,14,1,101,671039200,train,True
671039138,739.04,46,16:13:37,False,,True,False,739.19,14,1,101,671039200,train,True
671039139,739.02,46,16:13:38,False,,True,False,739.19,14,1,101,671039200,train,True
671039140,739.02,46,16:13:39,False,,True,False,739.19,14,1,101,671039200,train,True
671039141,739.08,46,16:13:40,False,,True,False,739.18,14,1,101,671039200,train,True
671039142,739.04,46,16:13:41,False,,True,False,739.18,14,1,101,671039200,train,True
671039143,739.04,46,16:13:42,False,,True,False,739.18,14,1,101,671039200,train,True
671039144,739.08,46,16:13:43,False,,True,False,739.18,14,1,101,671039200,train,True
671039145,739.04,46,16:13:44,False,,True,False,739.18,14,1,101,671039200,train,True
671039146,739.09,46,16:13:45,False,,True,False,739.18,14,1,101,671039200,train,True
671039147,739.04,46,16:13:46,False,,True,False,739.18,15,1,101,671039200,train,True
671039148,739.06,46,16:13:47,False,,True,False,739.18,16,1,101,671039200,train,True
671039149,739.02,46,16:13:47,False,,True,False,739.18,17,1,101,671039200,train,True
671039150,738.99,46,16:13:48,False,,True,False,739.18,18,1,101,671039200,train,True
671039151,739.08,46,16:13:49,False,,True,False,739.18,19,1,101,671039200,train,True
671039152,739.06,46,16:13:50,False,,True,False,739.18,20,1,101,671039200,train,True
671039153,739.09,46,16:13:51,False,,True,False,739.18,21,1,101,671039200,train,True
671039154,739.09,46,16:13:52,False,,True,False,739.18,22,1,101,671039200,train,True
671039155,739.09,46,16:13:53,False,,True,False,739.18,23,1,101,671039200,train,True
671039156,739.07,46,16:13:54,False,,True,False,739.18,24,1,101,671039200,train,True
671039157,739.11,46,16:13:55,False,,True,False,739.18,25,1,101,671039200,train,True
671039158,739.09,46,16:13:56,False,,True,False,739.18,26,1,101,671039200,train,True
671039159,739.09,46,16:13:57,False,,True,False,739.18,27,1,101,671039200,train,True
671039160,739.09,46,16:13:58,False,,True,False,739.18,28,1,101,671039200,train,True
671039161,739.04,46,16:13:59,False,,True,False,739.18,29,1,101,671039200,train,True
671039162,739.04,46,16:14:00,False,,True,False,739.18,30,1,101,671039200,train,True
671039163,739.04,46,16:14:01,False,,True,False,739.18,31,1,101,671039200,train,True
671039164,739.06,46,16:14:02,False,,True,False,739.17,32,1,101,671039200,train,True
671039165,739.08,46,16:14:03,False,,True,False,739.17,33,1,101,671039200,train,True
671039166,739.11,46,16:14:04,False,,True,False,739.17,34,1,101,671039200,train,True
671039167,739.11,46,16:14:05,False,,True,False,739.17,35,1,101,671039200,train,True
671039168,739.09,46,16:14:06,False,,True,False,739.17,36,1,101,671039200,train,True
671039169,739.09,46,16:14:07,False,,True,False,739.17,37,1,101,671039200,train,True
671039170,739.11,46,16:14:08,False,,True,False,739.17,38,1,101,671039200,train,True
671039171,739.13,46,16:14:09,False,,True,False,739.17,39,1,101,671039200,train,True
671039172,739.09,46,16:14:10,False,,True,False,739.17,40,1,101,671039200,train,True
671039173,739.16,46,16:14:11,False,,True,False,739.17,41,1,101,671039200,train,True
671039174,739.16,46,16:14:12,False,,True,False,739.17,42,1,101,671039200,train,True
671039175,739.14,46,16:14:13,False,,True,False,739.17,43,1,101,671039200,train,True
671039176,739.2,46,16:14:14,False,,True,False,739.17,43,1,101,671039200,train,True
671039177,739.07,46,16:14:15,False,,True,False,739.17,43,1,101,671039200,train,True
671039178,739.05,46,16:14:16,False,,True,False,739.17,43,1,101,671039200,train,True
671039179,739.04,46,16:14:17,False,,True,False,739.17,44,1,101,671039200,train,True
671039180,739.11,46,16:14:18,False,,True,True,739.17,45,1,101,671039200,train,True
671039181,739.13,46,16:14:19,False,,True,True,739.17,46,1,101,671039200,train,True
671039182,739.03,46,16:14:20,False,,True,True,739.17,47,1,101,671039200,train,True
671039183,739.09,46,16:14:21,False,,True,True,739.17,48,1,101,671039200,train,True
671039184,739.05,46,16:14:22,False,,True,True,739.17,49,1,101,671039200,train,True
671039185,738.96,46,16:14:23,False,,True,True,739.17,50,1,101,671039200,train,True
671039186,739.03,46,16:14:24,False,,True,True,739.17,51,1,101,671039200,train,True
671039187,739.03,46,16:14:24,False,,True,True,739.17,52,1,101,671039200,train,True
671039188,739.09,46,16:14:25,False,,True,True,739.17,53,1,101,671039200,train,True
671039189,739.14,46,16:14:26,False,,True,True,739.17,54,1,101,671039200,train,True
671039190,739.09,46,16:14:27,False,,True,True,739.17,55,1,101,671039200,train,True
671039191,739.07,46,16:14:28,False,,True,True,739.17,55,1,101,671039200,train,True
671039192,739.11,46,16:14:29,False,,True,True,739.17,56,1,101,671039200,train,True
671039193,739.07,46,16:14:30,False,,True,True,739.17,57,1,101,671039200,train,True
671039194,738.96,46,16:14:31,False,,True,True,739.17,58,1,101,671039200,train,True
671109214,742.07,47,11:10:36,False,,False,True,742.26,1,0,102,671109364,train,True
671109215,742.12,47,11:10:37,False,,False,True,742.26,1,0,102,671109364,train,True
671109216,742.09,47,11:10:38,False,,False,True,742.26,1,0,102,671109364,train,True
671109217,742.07,47,11:10:39,False,,False,True,742.26,1,0,102,671109364,train,True
671109218,742.13,47,11:10:40,False,,False,True,742.26,1,0,102,671109364,train,True
671109219,742.13,47,11:10:41,False,,False,True,742.26,1,0,102,671109364,train,True
671109220,742.04,47,11:10:42,False,,False,True,742.26,1,0,102,671109364,train,True
671109221,742.06,47,11:10:43,False,,False,True,742.26,1,0,102,671109364,train,True
671109222,742.08,47,11:10:44,False,,False,True,742.26,1,0,102,671109364,train,True
671109223,742.08,47,11:10:45,False,,False,True,742.26,1,0,102,671109364,train,True
671109224,742.06,47,11:10:46,False,,False,True,742.26,1,0,102,671109364,train,True
671109225,742.13,47,11:10:47,False,,False,True,742.26,1,0,102,671109364,train,True
671109226,742.06,47,11:10:47,False,,False,True,742.26,1,0,102,671109364,train,True
671109227,742.04,47,11:10:48,False,,False,True,742.26,1,0,102,671109364,train,True
671109228,742.06,47,11:10:49,False,,False,True,742.26,1,0,102,671109364,train,True
671109229,742.1,47,11:10:50,False,,False,True,742.26,1,0,102,671109364,train,True
671109230,742.05,47,11:10:51,False,,False,True,742.26,1,0,102,671109364,train,True
671109231,742.05,47,11:10:52,False,,False,True,742.26,1,0,102,671109364,train,True
671109232,742.07,47,11:10:53,False,,False,True,742.26,1,0,102,671109364,train,True
671109233,742.07,47,11:10:54,False,,False,True,742.26,1,0,102,671109364,train,True
671109234,742.0,47,11:10:55,False,,False,True,742.26,1,0,102,671109364,train,True
671109235,742.09,47,11:10:56,False,,False,True,742.26,1,0,102,671109364,train,True
671109280,742.06,47,11:11:40,False,,True,True,742.25,1,1,102,671109364,train,True
671109281,742.05,47,11:11:41,False,,True,True,742.25,2,1,102,671109364,train,True
671109282,742.1,47,11:11:42,False,,True,True,742.25,3,1,102,671109364,train,True
671109283,742.11,47,11:11:43,False,,True,True,742.25,4,1,102,671109364,train,True
671109284,742.07,47,11:11:44,False,,True,True,742.25,5,1,102,671109364,train,True
671109285,742.07,47,11:11:45,False,,True,True,742.25,6,1,102,671109364,train,True
671109286,742.0,47,11:11:46,False,,True,True,742.25,7,1,102,671109364,train,True
671109287,742.09,47,11:11:47,False,,True,True,742.25,8,1,102,671109364,train,True
671109288,742.09,47,11:11:48,False,,True,True,742.25,9,1,102,671109364,train,True
671109289,742.06,47,11:11:49,False,,True,True,742.24,10,1,102,671109364,train,True
671109290,742.04,47,11:11:50,False,,True,True,742.24,11,1,102,671109364,train,True
671109291,742.06,47,11:11:51,False,,True,True,742.24,12,1,102,671109364,train,True
671109292,742.06,47,11:11:52,False,,True,True,742.24,13,1,102,671109364,train,True
671109293,742.03,47,11:11:53,False,,True,True,742.24,14,1,102,671109364,train,True
671109294,742.01,47,11:11:54,False,,True,True,742.24,15,1,102,671109364,train,True
671109295,742.08,47,11:11:55,False,,True,True,742.24,16,1,102,671109364,train,True
671109296,742.05,47,11:11:56,False,,True,True,742.24,17,1,102,671109364,train,True
671109297,742.05,47,11:11:57,False,,True,True,742.24,18,1,102,671109364,train,True
671109298,742.03,47,11:11:58,False,,True,True,742.24,19,1,102,671109364,train,True
671109299,742.05,47,11:11:59,False,,True,True,742.24,20,1,102,671109364,train,True
671109300,742.05,47,11:12:00,False,,True,True,742.24,21,1,102,671109364,train,True
671109301,742.07,47,11:12:00,False,,True,True,742.24,22,1,102,671109364,train,True
671109302,742.09,47,11:12:01,False,,True,True,742.24,23,1,102,671109364,train,True
671109303,742.04,47,11:12:02,False,,True,True,742.24,24,1,102,671109364,train,True
671109304,742.04,47,11:12:03,False,,True,True,742.24,25,1,102,671109364,train,True
671109305,742.06,47,11:12:04,False,,True,True,742.24,26,1,102,671109364,train,True
671109306,742.06,47,11:12:05,False,,True,True,742.24,27,1,102,671109364,train,True
671109307,742.06,47,11:12:06,False,,True,True,742.24,28,1,102,671109364,train,True
671109308,742.04,47,11:12:07,False,,True,True,742.24,29,1,102,671109364,train,True
671109309,742.06,47,11:12:08,False,,True,True,742.23,30,1,102,671109364,train,True
671109310,742.03,47,11:12:09,False,,True,True,742.23,31,1,102,671109364,train,True
671109311,742.03,47,11:12:10,False,,True,True,742.23,32,1,102,671109364,train,True
671109312,742.05,47,11:12:11,False,,True,True,742.23,33,1,102,671109364,train,True
671109313,742.05,47,11:12:12,False,,True,True,742.23,34,1,102,671109364,train,True
671109314,742.03,47,11:12:13,False,,True,True,742.23,35,1,102,671109364,train,True
671109315,742.05,47,11:12:14,False,,True,True,742.23,36,1,102,671109364,train,True
671109316,742.03,47,11:12:15,False,,True,True,742.23,37,1,102,671109364,train,True
671109317,742.05,47,11:12:16,False,,True,True,742.23,38,1,102,671109364,train,True
671113843,745.07,47,12:25:42,False,,True,False,744.87,16,1,103,671113914,train,True
671113844,745.05,47,12:25:43,False,,True,False,744.87,16,1,103,671113914,train,True
671113845,745.04,47,12:25:44,False,,True,False,744.87,15,1,103,671113914,train,True
671113846,745.0,47,12:25:45,False,,True,False,744.87,15,1,103,671113914,train,True
671113847,745.0,47,12:25:46,False,,True,False,744.87,15,1,103,671113914,train,True
671113848,745.04,47,12:25:47,False,,True,False,744.88,15,1,103,671113914,train,True
671113849,745.04,47,12:25:48,False,,True,False,744.88,15,1,103,671113914,train,True
671113850,744.99,47,12:25:49,False,,True,False,744.88,14,1,103,671113914,train,True
671113851,745.03,47,12:25:50,False,,True,False,744.88,14,1,103,671113914,train,True
671113852,745.03,47,12:25:51,False,,True,False,744.88,14,1,103,671113914,train,True
671113853,745.03,47,12:25:52,False,,True,False,744.88,14,1,103,671113914,train,True
671113854,745.01,47,12:25:53,False,,True,False,744.88,14,1,103,671113914,train,True
671113855,744.94,47,12:25:54,False,,True,False,744.88,14,1,103,671113914,train,True
671113856,745.03,47,12:25:55,False,,True,False,744.88,15,1,103,671113914,train,True
671113857,745.03,47,12:25:56,False,,True,False,744.88,15,1,103,671113914,train,True
671113858,745.03,47,12:25:57,False,,True,False,744.88,15,1,103,671113914,train,True
671113859,745.01,47,12:25:58,False,,True,False,744.89,15,1,103,671113914,train,True
671113860,744.99,47,12:25:59,False,,True,False,744.89,15,1,103,671113914,train,True
671113861,745.03,47,12:26:00,False,,True,False,744.89,16,1,103,671113914,train,True
671113862,745.01,47,12:26:01,False,,True,False,744.89,17,1,103,671113914,train,True
671113863,745.03,47,12:26:02,False,,True,False,744.89,17,1,103,671113914,train,True
671113864,745.07,47,12:26:03,False,,True,False,744.89,17,1,103,671113914,train,True
671113865,745.05,47,12:26:04,False,,True,False,744.89,17,1,103,671113914,train,True
671113866,745.02,47,12:26:05,False,,True,False,744.89,17,1,103,671113914,train,True
671113867,745.0,47,12:26:05,False,,True,False,744.89,18,1,103,671113914,train,True
671113868,745.04,47,12:26:06,False,,True,True,744.89,19,1,103,671113914,train,True
671113869,745.02,47,12:26:07,False,,True,True,744.89,20,1,103,671113914,train,True
671113870,745.02,47,12:26:08,False,,True,True,744.89,20,1,103,671113914,train,True
671113871,745.02,47,12:26:09,False,,True,True,744.9,21,1,103,671113914,train,True
671113872,745.04,47,12:26:10,False,,True,True,744.9,22,1,103,671113914,train,True
671113873,745.02,47,12:26:11,False,,True,True,744.9,23,1,103,671113914,train,True
671113874,745.04,47,12:26:12,False,,True,True,744.9,24,1,103,671113914,train,True
671113875,745.01,47,12:26:13,False,,True,True,744.9,25,1,103,671113914,train,True
671113876,745.02,47,12:26:14,False,,True,True,744.9,26,1,103,671113914,train,True
671113877,745.06,47,12:26:15,False,,True,True,744.9,27,1,103,671113914,train,True
671113878,745.01,47,12:26:16,False,,True,True,744.9,28,1,103,671113914,train,True
671113879,744.99,47,12:26:17,False,,True,True,744.9,29,1,103,671113914,train,True
671113880,744.99,47,12:26:18,False,,True,True,744.91,30,1,103,671113914,train,True
671113881,745.01,47,12:26:19,False,,True,True,744.91,31,1,103,671113914,train,True
671113882,745.0,47,12:26:20,False,,True,True,744.91,32,1,103,671113914,train,True
671113883,745.05,47,12:26:21,False,,True,True,744.91,33,1,103,671113914,train,True
671113884,745.03,47,12:26:22,False,,True,True,744.91,34,1,103,671113914,train,True
671113885,744.98,47,12:26:23,False,,True,True,744.91,35,1,103,671113914,train,True
671113886,745.04,47,12:26:24,False,,True,True,744.91,36,1,103,671113914,train,True
671113887,745.0,47,12:26:25,False,,True,True,744.91,37,1,103,671113914,train,True
671113888,745.02,47,12:26:26,False,,True,True,744.91,38,1,103,671113914,train,True
671113889,745.02,47,12:26:27,False,,True,True,744.91,39,1,103,671113914,train,True
671113890,744.95,47,12:26:28,False,,True,True,744.91,40,1,103,671113914,train,True
671113891,745.04,47,12:26:29,False,,True,True,744.92,41,1,103,671113914,train,True
671113892,745.02,47,12:26:30,False,,True,True,744.92,42,1,103,671113914,train,True
671113893,745.06,47,12:26:31,False,,True,True,744.92,43,1,103,671113914,train,True
671113894,745.04,47,12:26:32,False,,True,True,744.92,44,1,103,671113914,train,True
671113895,745.04,47,12:26:33,False,,True,True,744.92,45,1,103,671113914,train,True
671113896,745.04,47,12:26:34,False,,True,True,744.92,46,1,103,671113914,train,True
671113897,745.02,47,12:26:35,False,,True,True,744.92,47,1,103,671113914,train,True
671113898,744.95,47,12:26:36,False,,True,True,744.92,48,1,103,671113914,train,True
671113899,744.9,47,12:26:37,False,,True,True,744.92,49,1,103,671113914,train,True
671113900,744.9,47,12:26:38,False,,True,True,744.92,50,1,103,671113914,train,True
671113901,744.92,47,12:26:39,False,,True,True,744.92,51,1,103,671113914,train,True
671113902,744.96,47,12:26:40,False,,True,True,744.92,52,1,103,671113914,train,True
671114609,745.52,47,12:38:08,False,,True,False,745.39,8,1,104,671114679,train,True
671114610,745.5,47,12:38:09,False,,True,False,745.39,9,1,104,671114679,train,True
671114611,745.47,47,12:38:10,False,,True,False,745.39,10,1,104,671114679,train,True
671114612,745.47,47,12:38:11,False,,True,False,745.39,11,1,104,671114679,train,True
671114613,745.51,47,12:38:12,False,,True,False,745.39,12,1,104,671114679,train,True
671114614,745.49,47,12:38:13,False,,True,False,745.39,13,1,104,671114679,train,True
671114615,745.47,47,12:38:14,False,,True,False,745.39,14,1,104,671114679,train,True
671114616,745.49,47,12:38:15,False,,True,False,745.39,15,1,104,671114679,train,True
671114617,745.53,47,12:38:16,False,,True,False,745.39,16,1,104,671114679,train,True
671114618,745.53,47,12:38:17,False,,True,False,745.39,17,1,104,671114679,train,True
671114619,745.44,47,12:38:18,False,,True,False,745.39,18,1,104,671114679,train,True
671114620,745.55,47,12:38:19,False,,True,False,745.39,19,1,104,671114679,train,True
671114621,745.53,47,12:38:20,False,,True,False,745.39,20,1,104,671114679,train,True
671114622,745.51,47,12:38:20,False,,True,False,745.39,21,1,104,671114679,train,True
671114623,745.55,47,12:38:21,False,,True,False,745.39,22,1,104,671114679,train,True
671114624,745.59,47,12:38:22,False,,True,False,745.39,23,1,104,671114679,train,True
671114625,745.57,47,12:38:23,False,,True,False,745.39,24,1,104,671114679,train,True
671114626,745.55,47,12:38:24,False,,True,False,745.39,25,1,104,671114679,train,True
671114627,745.55,47,12:38:25,False,,True,False,745.39,26,1,104,671114679,train,True
671114628,745.57,47,12:38:26,False,,True,False,745.39,27,1,104,671114679,train,True
671114629,745.57,47,12:38:27,False,,True,False,745.39,28,1,104,671114679,train,True
671114630,745.57,47,12:38:28,False,,True,False,745.39,29,1,104,671114679,train,True
671114631,745.52,47,12:38:29,False,,True,False,745.4,30,1,104,671114679,train,True
671114632,745.48,47,12:38:30,False,,True,False,745.4,31,1,104,671114679,train,True
671114633,745.54,47,12:38:31,False,,True,False,745.4,32,1,104,671114679,train,True
671114634,745.49,47,12:38:32,False,,True,False,745.4,33,1,104,671114679,train,True
671114635,745.47,47,12:38:33,False,,True,False,745.4,34,1,104,671114679,train,True
671114636,745.49,47,12:38:34,False,,True,False,745.4,35,1,104,671114679,train,True
671114637,745.47,47,12:38:35,False,,True,False,745.4,36,1,104,671114679,train,True
671114638,745.49,47,12:38:36,False,,True,False,745.4,37,1,104,671114679,train,True
671114639,745.44,47,12:38:37,False,,True,True,745.4,38,1,104,671114679,train,True
671114640,745.49,47,12:38:38,False,,True,True,745.4,39,1,104,671114679,train,True
671114641,745.46,47,12:38:39,False,,True,True,745.4,40,1,104,671114679,train,True
671114642,745.44,47,12:38:40,False,,True,True,745.4,41,1,104,671114679,train,True
671114643,745.44,47,12:38:41,False,,True,True,745.4,42,1,104,671114679,train,True
671114644,745.42,47,12:38:42,False,,True,True,745.4,43,1,104,671114679,train,True
671114645,745.46,47,12:38:43,False,,True,True,745.4,44,1,104,671114679,train,True
671114646,745.37,47,12:38:44,False,,True,True,745.4,45,1,104,671114679,train,True
671114647,745.41,47,12:38:45,False,,True,True,745.4,46,1,104,671114679,train,True
671114648,745.41,47,12:38:46,False,,True,True,745.4,47,1,104,671114679,train,True
671114649,745.43,47,12:38:47,False,,True,True,745.4,48,1,104,671114679,train,True
671114650,745.44,47,12:38:48,False,,True,True,745.4,49,1,104,671114679,train,True
671114651,745.52,47,12:38:49,False,,True,True,745.4,50,1,104,671114679,train,True
671114652,745.43,47,12:38:50,False,,True,True,745.4,51,1,104,671114679,train,True
671114653,745.49,47,12:38:51,False,,True,True,745.4,52,1,104,671114679,train,True
671114654,745.43,47,12:38:52,False,,True,True,745.4,53,1,104,671114679,train,True
671114655,745.43,47,12:38:53,False,,True,True,745.4,54,1,104,671114679,train,True
671114656,745.39,47,12:38:54,False,,True,True,745.4,55,1,104,671114679,train,True
671114657,745.43,47,12:38:55,False,,True,True,745.4,56,1,104,671114679,train,True
671114658,745.38,47,12:38:56,False,,True,True,745.4,57,1,104,671114679,train,True
671114659,745.4,47,12:38:57,False,,True,True,745.4,58,1,104,671114679,train,True
671114660,745.38,47,12:38:57,False,,True,True,745.4,58,1,104,671114679,train,True
671114661,745.45,47,12:38:58,False,,True,True,745.4,58,1,104,671114679,train,True
671114662,745.4,47,12:38:59,False,,True,True,745.4,58,1,104,671114679,train,True
671114663,745.4,47,12:39:00,False,,True,True,745.4,59,1,104,671114679,train,True
671114664,745.44,47,12:39:01,False,,True,True,745.4,60,1,104,671114679,train,True
671114665,745.42,47,12:39:02,False,,True,True,745.4,60,1,104,671114679,train,True
671114666,745.42,47,12:39:03,False,,True,True,745.4,60,1,104,671114679,train,True
671114667,745.44,47,12:39:04,False,,True,True,745.4,60,1,104,671114679,train,True
671114668,745.42,47,12:39:05,False,,True,True,745.4,60,1,104,671114679,train,True
671115187,745.65,47,12:47:31,False,,True,True,745.67,3,1,105,671115255,train,True
671115188,745.6,47,12:47:31,False,,True,True,745.67,2,1,105,671115255,train,True
671115189,745.6,47,12:47:32,False,,True,True,745.67,1,1,105,671115255,train,True
671115190,745.53,47,12:47:33,False,,True,True,745.67,2,1,105,671115255,train,True
671115191,745.62,47,12:47:34,False,,True,True,745.67,3,1,105,671115255,train,True
671115192,745.6,47,12:47:35,False,,True,True,745.67,4,1,105,671115255,train,True
671115193,745.62,47,12:47:36,False,,True,True,745.67,5,1,105,671115255,train,True
671115194,745.6,47,12:47:37,False,,True,True,745.67,6,1,105,671115255,train,True
671115195,745.57,47,12:47:38,False,,True,True,745.67,7,1,105,671115255,train,True
671115196,745.57,47,12:47:39,False,,True,True,745.67,8,1,105,671115255,train,True
671115197,745.59,47,12:47:40,False,,True,True,745.67,9,1,105,671115255,train,True
671115198,745.59,47,12:47:41,False,,True,True,745.67,10,1,105,671115255,train,True
671115199,745.57,47,12:47:42,False,,True,True,745.67,11,1,105,671115255,train,True
671115200,745.62,47,12:47:43,False,,True,True,745.67,12,1,105,671115255,train,True
671115201,745.57,47,12:47:44,False,,True,True,745.67,13,1,105,671115255,train,True
671115202,745.57,47,12:47:45,False,,True,True,745.67,14,1,105,671115255,train,True
671115203,745.61,47,12:47:46,False,,True,True,745.67,15,1,105,671115255,train,True
671115204,745.54,47,12:47:47,False,,True,True,745.67,16,1,105,671115255,train,True
671115205,745.58,47,12:47:48,False,,True,True,745.67,17,1,105,671115255,train,True
671115206,745.57,47,12:47:49,False,,True,True,745.67,18,1,105,671115255,train,True
671115207,745.56,47,12:47:50,False,,True,True,745.67,19,1,105,671115255,train,True
671115208,745.57,47,12:47:51,False,,True,True,745.67,20,1,105,671115255,train,True
671115209,745.56,47,12:47:52,False,,True,True,745.67,21,1,105,671115255,train,True
671115210,745.58,47,12:47:53,False,,True,True,745.67,22,1,105,671115255,train,True
671115211,745.55,47,12:47:54,False,,True,True,745.68,23,1,105,671115255,train,True
671115212,745.56,47,12:47:55,False,,True,True,745.68,24,1,105,671115255,train,True
671115213,745.58,47,12:47:56,False,,True,True,745.68,25,1,105,671115255,train,True
671115214,745.56,47,12:47:57,False,,True,True,745.68,26,1,105,671115255,train,True
671115215,745.58,47,12:47:58,False,,True,True,745.68,27,1,105,671115255,train,True
671115216,745.56,47,12:47:59,False,,True,True,745.68,28,1,105,671115255,train,True
671115217,745.62,47,12:48:00,False,,True,True,745.68,29,1,105,671115255,train,True
671115218,745.62,47,12:48:01,False,,True,True,745.68,30,1,105,671115255,train,True
671115219,745.58,47,12:48:02,False,,True,True,745.68,31,1,105,671115255,train,True
671115220,745.58,47,12:48:03,False,,True,True,745.68,32,1,105,671115255,train,True
671115221,745.62,47,12:48:04,False,,True,True,745.68,33,1,105,671115255,train,True
671115222,745.6,47,12:48:05,False,,True,True,745.68,34,1,105,671115255,train,True
671115223,745.59,47,12:48:06,False,,True,True,745.68,35,1,105,671115255,train,True
671115224,745.6,47,12:48:07,False,,True,True,745.68,36,1,105,671115255,train,True
671115225,745.59,47,12:48:08,False,,True,True,745.68,37,1,105,671115255,train,True
671115226,745.57,47,12:48:08,False,,True,True,745.68,38,1,105,671115255,train,True
671115227,745.59,47,12:48:09,False,,True,True,745.68,39,1,105,671115255,train,True
671115228,745.55,47,12:48:10,False,,True,True,745.68,40,1,105,671115255,train,True
671115229,745.61,47,12:48:11,False,,True,True,745.68,41,1,105,671115255,train,True
671115230,745.59,47,12:48:12,False,,True,True,745.68,42,1,105,671115255,train,True
671115231,745.65,47,12:48:13,False,,True,True,745.68,43,1,105,671115255,train,True
671115232,745.61,47,12:48:14,False,,True,True,745.68,44,1,105,671115255,train,True
671115233,745.65,47,12:48:15,False,,True,True,745.68,45,1,105,671115255,train,True
671115234,745.7,47,12:48:16,False,,True,True,745.68,46,1,105,671115255,train,True
671115235,745.7,47,12:48:17,False,,True,True,745.68,47,1,105,671115255,train,True
671115236,745.7,47,12:48:18,True,107.0,True,True,745.68,48,1,105,671115255,train,True
671115237,745.7,47,12:48:19,True,107.0,True,True,745.68,49,1,105,671115255,train,True
671115238,745.7,47,12:48:20,True,107.0,True,True,745.68,50,1,105,671115255,train,True
671115239,745.51,47,12:48:21,True,107.0,True,True,745.68,51,1,105,671115255,train,True
671115240,745.54,47,12:48:22,True,107.0,True,True,745.68,51,1,105,671115255,train,True
671115241,745.49,47,12:48:23,True,107.0,True,True,745.68,52,1,105,671115255,train,True
671115242,745.49,47,12:48:24,True,107.0,True,True,745.68,53,1,105,671115255,train,True
671115243,745.58,47,12:48:25,True,107.0,True,True,745.68,54,1,105,671115255,train,True
671115244,745.53,47,12:48:26,True,107.0,True,True,745.68,55,1,105,671115255,train,True
671115245,745.55,47,12:48:27,True,107.0,True,True,745.68,56,1,105,671115255,train,True
671115246,745.55,47,12:48:28,True,107.0,True,True,745.68,57,1,105,671115255,train,True
671115187,745.65,47,12:47:31,False,,True,True,745.67,3,1,106,671115289,train,True
671115188,745.6,47,12:47:31,False,,True,True,745.67,2,1,106,671115289,train,True
671115189,745.6,47,12:47:32,False,,True,True,745.67,1,1,106,671115289,train,True
671115190,745.53,47,12:47:33,False,,True,True,745.67,2,1,106,671115289,train,True
671115191,745.62,47,12:47:34,False,,True,True,745.67,3,1,106,671115289,train,True
671115192,745.6,47,12:47:35,False,,True,True,745.67,4,1,106,671115289,train,True
671115193,745.62,47,12:47:36,False,,True,True,745.67,5,1,106,671115289,train,True
671115194,745.6,47,12:47:37,False,,True,True,745.67,6,1,106,671115289,train,True
671115195,745.57,47,12:47:38,False,,True,True,745.67,7,1,106,671115289,train,True
671115196,745.57,47,12:47:39,False,,True,True,745.67,8,1,106,671115289,train,True
671115197,745.59,47,12:47:40,False,,True,True,745.67,9,1,106,671115289,train,True
671115198,745.59,47,12:47:41,False,,True,True,745.67,10,1,106,671115289,train,True
671115199,745.57,47,12:47:42,False,,True,True,745.67,11,1,106,671115289,train,True
671115200,745.62,47,12:47:43,False,,True,True,745.67,12,1,106,671115289,train,True
671115201,745.57,47,12:47:44,False,,True,True,745.67,13,1,106,671115289,train,True
671115202,745.57,47,12:47:45,False,,True,True,745.67,14,1,106,671115289,train,True
671115203,745.61,47,12:47:46,False,,True,True,745.67,15,1,106,671115289,train,True
671115204,745.54,47,12:47:47,False,,True,True,745.67,16,1,106,671115289,train,True
671115205,745.58,47,12:47:48,False,,True,True,745.67,17,1,106,671115289,train,True
671115206,745.57,47,12:47:49,False,,True,True,745.67,18,1,106,671115289,train,True
671115207,745.56,47,12:47:50,False,,True,True,745.67,19,1,106,671115289,train,True
671115208,745.57,47,12:47:51,False,,True,True,745.67,20,1,106,671115289,train,True
671115209,745.56,47,12:47:52,False,,True,True,745.67,21,1,106,671115289,train,True
671115210,745.58,47,12:47:53,False,,True,True,745.67,22,1,106,671115289,train,True
671115211,745.55,47,12:47:54,False,,True,True,745.68,23,1,106,671115289,train,True
671115212,745.56,47,12:47:55,False,,True,True,745.68,24,1,106,671115289,train,True
671115213,745.58,47,12:47:56,False,,True,True,745.68,25,1,106,671115289,train,True
671115214,745.56,47,12:47:57,False,,True,True,745.68,26,1,106,671115289,train,True
671115215,745.58,47,12:47:58,False,,True,True,745.68,27,1,106,671115289,train,True
671115216,745.56,47,12:47:59,False,,True,True,745.68,28,1,106,671115289,train,True
671115217,745.62,47,12:48:00,False,,True,True,745.68,29,1,106,671115289,train,True
671115218,745.62,47,12:48:01,False,,True,True,745.68,30,1,106,671115289,train,True
671115219,745.58,47,12:48:02,False,,True,True,745.68,31,1,106,671115289,train,True
671115220,745.58,47,12:48:03,False,,True,True,745.68,32,1,106,671115289,train,True
671115221,745.62,47,12:48:04,False,,True,True,745.68,33,1,106,671115289,train,True
671115222,745.6,47,12:48:05,False,,True,True,745.68,34,1,106,671115289,train,True
671115223,745.59,47,12:48:06,False,,True,True,745.68,35,1,106,671115289,train,True
671115224,745.6,47,12:48:07,False,,True,True,745.68,36,1,106,671115289,train,True
671115225,745.59,47,12:48:08,False,,True,True,745.68,37,1,106,671115289,train,True
671115226,745.57,47,12:48:08,False,,True,True,745.68,38,1,106,671115289,train,True
671115227,745.59,47,12:48:09,False,,True,True,745.68,39,1,106,671115289,train,True
671115228,745.55,47,12:48:10,False,,True,True,745.68,40,1,106,671115289,train,True
671115229,745.61,47,12:48:11,False,,True,True,745.68,41,1,106,671115289,train,True
671115230,745.59,47,12:48:12,False,,True,True,745.68,42,1,106,671115289,train,True
671115231,745.65,47,12:48:13,False,,True,True,745.68,43,1,106,671115289,train,True
671115232,745.61,47,12:48:14,False,,True,True,745.68,44,1,106,671115289,train,True
671115233,745.65,47,12:48:15,False,,True,True,745.68,45,1,106,671115289,train,True
671115234,745.7,47,12:48:16,False,,True,True,745.68,46,1,106,671115289,train,True
671115235,745.7,47,12:48:17,False,,True,True,745.68,47,1,106,671115289,train,True
671115236,745.7,47,12:48:18,True,107.0,True,True,745.68,48,1,106,671115289,train,True
671115237,745.7,47,12:48:19,True,107.0,True,True,745.68,49,1,106,671115289,train,True
671115238,745.7,47,12:48:20,True,107.0,True,True,745.68,50,1,106,671115289,train,True
671115239,745.51,47,12:48:21,True,107.0,True,True,745.68,51,1,106,671115289,train,True
671115240,745.54,47,12:48:22,True,107.0,True,True,745.68,51,1,106,671115289,train,True
671115241,745.49,47,12:48:23,True,107.0,True,True,745.68,52,1,106,671115289,train,True
671115242,745.49,47,12:48:24,True,107.0,True,True,745.68,53,1,106,671115289,train,True
671115243,745.58,47,12:48:25,True,107.0,True,True,745.68,54,1,106,671115289,train,True
671115244,745.53,47,12:48:26,True,107.0,True,True,745.68,55,1,106,671115289,train,True
671115245,745.55,47,12:48:27,True,107.0,True,True,745.68,56,1,106,671115289,train,True
671115246,745.55,47,12:48:28,True,107.0,True,True,745.68,57,1,106,671115289,train,True
671120220,744.51,47,14:09:10,False,,True,False,744.97,16,1,107,671120289,train,True
671120221,744.55,47,14:09:11,False,,True,False,744.97,17,1,107,671120289,train,True
671120222,744.55,47,14:09:12,False,,True,False,744.97,18,1,107,671120289,train,True
671120223,744.57,47,14:09:13,False,,True,False,744.97,19,1,107,671120289,train,True
671120224,744.58,47,14:09:14,False,,True,False,744.96,20,1,107,671120289,train,True
671120225,744.6,47,14:09:15,False,,True,False,744.96,21,1,107,671120289,train,True
671120226,744.55,47,14:09:16,False,,True,False,744.96,22,1,107,671120289,train,True
671120227,744.62,47,14:09:17,False,,True,False,744.96,23,1,107,671120289,train,True
671120228,744.57,47,14:09:18,False,,True,False,744.96,24,1,107,671120289,train,True
671120229,744.61,47,14:09:19,False,,True,False,744.96,25,1,107,671120289,train,True
671120230,744.57,47,14:09:20,False,,True,False,744.96,26,1,107,671120289,train,True
671120231,744.59,47,14:09:21,False,,True,False,744.96,27,1,107,671120289,train,True
671120232,744.59,47,14:09:22,False,,True,False,744.96,28,1,107,671120289,train,True
671120233,744.59,47,14:09:23,False,,True,False,744.95,29,1,107,671120289,train,True
671120234,744.57,47,14:09:24,False,,True,False,744.95,30,1,107,671120289,train,True
671120235,744.55,47,14:09:25,False,,True,False,744.95,31,1,107,671120289,train,True
671120236,744.61,47,14:09:26,False,,True,False,744.95,32,1,107,671120289,train,True
671120237,744.57,47,14:09:27,False,,True,False,744.95,33,1,107,671120289,train,True
671120238,744.55,47,14:09:28,False,,True,False,744.95,33,1,107,671120289,train,True
671120239,744.63,47,14:09:29,False,,True,False,744.95,34,1,107,671120289,train,True
671120240,744.59,47,14:09:30,False,,True,False,744.95,35,1,107,671120289,train,True
671120241,744.57,47,14:09:31,False,,True,False,744.95,35,1,107,671120289,train,True
671120242,744.59,47,14:09:32,False,,True,False,744.94,36,1,107,671120289,train,True
671120243,744.57,47,14:09:33,False,,True,False,744.94,37,1,107,671120289,train,True
671120244,744.61,47,14:09:34,False,,True,False,744.94,38,1,107,671120289,train,True
671120245,744.61,47,14:09:34,False,,True,False,744.94,39,1,107,671120289,train,True
671120246,744.61,47,14:09:35,False,,True,False,744.94,39,1,107,671120289,train,True
671120247,744.59,47,14:09:36,False,,True,False,744.94,39,1,107,671120289,train,True
671120248,744.61,47,14:09:37,False,,True,False,744.94,40,1,107,671120289,train,True
671120249,744.56,47,14:09:38,False,,True,False,744.94,41,1,107,671120289,train,True
671120250,744.65,47,14:09:39,False,,True,False,744.94,42,1,107,671120289,train,True
671120251,744.63,47,14:09:40,False,,True,False,744.93,42,1,107,671120289,train,True
671120252,744.63,47,14:09:41,False,,True,True,744.93,42,1,107,671120289,train,True
671120253,744.65,47,14:09:42,False,,True,True,744.93,42,1,107,671120289,train,True
671120254,744.61,47,14:09:43,False,,True,True,744.93,42,1,107,671120289,train,True
671120255,744.65,47,14:09:44,False,,True,True,744.93,42,1,107,671120289,train,True
671120256,744.56,47,14:09:45,False,,True,True,744.93,42,1,107,671120289,train,True
671120257,744.6,47,14:09:46,False,,True,True,744.93,42,1,107,671120289,train,True
671120258,744.6,47,14:09:47,False,,True,True,744.93,43,1,107,671120289,train,True
671120259,744.56,47,14:09:48,False,,True,True,744.93,44,1,107,671120289,train,True
671120260,744.52,47,14:09:49,False,,True,True,744.93,45,1,107,671120289,train,True
671120261,744.53,47,14:09:50,False,,True,True,744.93,46,1,107,671120289,train,True
671120262,744.58,47,14:09:51,False,,True,True,744.92,47,1,107,671120289,train,True
671120263,744.47,47,14:09:52,False,,True,True,744.92,48,1,107,671120289,train,True
671120264,744.51,47,14:09:53,False,,True,True,744.92,49,1,107,671120289,train,True
671120265,744.49,47,14:09:54,False,,True,True,744.92,50,1,107,671120289,train,True
671120266,744.53,47,14:09:55,False,,True,True,744.92,51,1,107,671120289,train,True
671120267,744.51,47,14:09:56,False,,True,True,744.92,52,1,107,671120289,train,True
671120268,744.49,47,14:09:57,False,,True,True,744.92,53,1,107,671120289,train,True
671120269,744.44,47,14:09:58,False,,True,True,744.91,54,1,107,671120289,train,True
671120270,744.44,47,14:09:59,False,,True,True,744.91,55,1,107,671120289,train,True
671120271,744.46,47,14:10:00,False,,True,True,744.91,56,1,107,671120289,train,True
671120272,744.46,47,14:10:01,False,,True,True,744.91,57,1,107,671120289,train,True
671120273,744.42,47,14:10:02,False,,True,True,744.91,58,1,107,671120289,train,True
671120274,744.4,47,14:10:03,False,,True,True,744.91,59,1,107,671120289,train,True
671120275,744.46,47,14:10:04,False,,True,True,744.91,60,1,107,671120289,train,True
671120276,744.37,47,14:10:05,False,,True,True,744.9,60,1,107,671120289,train,True
671120277,744.39,47,14:10:06,False,,True,True,744.9,60,1,107,671120289,train,True
671120278,744.34,47,14:10:07,False,,True,True,744.9,60,1,107,671120289,train,True
671120279,744.35,47,14:10:08,False,,True,True,744.9,60,1,107,671120289,train,True
671125945,738.68,47,15:42:03,False,,True,False,738.86,22,1,108,671126006,train,True
671125946,738.66,47,15:42:04,False,,True,False,738.86,23,1,108,671126006,train,True
671125947,738.68,47,15:42:05,False,,True,False,738.86,24,1,108,671126006,train,True
671125948,738.64,47,15:42:06,False,,True,False,738.86,25,1,108,671126006,train,True
671125949,738.62,47,15:42:07,False,,True,False,738.86,26,1,108,671126006,train,True
671125950,738.62,47,15:42:08,False,,True,False,738.86,27,1,108,671126006,train,True
671125951,738.68,47,15:42:09,False,,True,False,738.86,28,1,108,671126006,train,True
671125952,738.71,47,15:42:10,False,,True,False,738.86,29,1,108,671126006,train,True
671125953,738.68,47,15:42:11,False,,True,False,738.86,30,1,108,671126006,train,True
671125954,738.68,47,15:42:12,False,,True,False,738.86,31,1,108,671126006,train,True
671125955,738.54,47,15:42:13,False,,True,False,738.85,32,1,108,671126006,train,True
671125956,738.59,47,15:42:14,False,,True,False,738.85,33,1,108,671126006,train,True
671125957,738.62,47,15:42:15,False,,True,False,738.85,34,1,108,671126006,train,True
671125958,738.57,47,15:42:16,False,,True,False,738.85,35,1,108,671126006,train,True
671125959,738.62,47,15:42:17,False,,True,False,738.85,36,1,108,671126006,train,True
671125960,738.57,47,15:42:18,False,,True,False,738.85,37,1,108,671126006,train,True
671125961,738.59,47,15:42:19,False,,True,False,738.85,38,1,108,671126006,train,True
671125962,738.64,47,15:42:20,False,,True,False,738.85,39,1,108,671126006,train,True
671125963,738.59,47,15:42:21,False,,True,False,738.85,40,1,108,671126006,train,True
671125964,738.57,47,15:42:22,False,,True,False,738.85,41,1,108,671126006,train,True
671125965,738.62,47,15:42:23,False,,True,False,738.84,42,1,108,671126006,train,True
671125966,738.57,47,15:42:24,False,,True,False,738.84,43,1,108,671126006,train,True
671125967,738.62,47,15:42:25,False,,True,False,738.84,44,1,108,671126006,train,True
671125968,738.64,47,15:42:26,False,,True,False,738.84,45,1,108,671126006,train,True
671125969,738.62,47,15:42:27,False,,True,False,738.84,46,1,108,671126006,train,True
671125970,738.62,47,15:42:28,False,,True,False,738.84,47,1,108,671126006,train,True
671125971,738.62,47,15:42:29,False,,True,False,738.84,48,1,108,671126006,train,True
671125972,738.64,47,15:42:30,False,,True,False,738.84,49,1,108,671126006,train,True
671125973,738.69,47,15:42:31,False,,True,False,738.84,50,1,108,671126006,train,True
671125974,738.71,47,15:42:32,False,,True,False,738.84,51,1,108,671126006,train,True
671125975,738.69,47,15:42:33,False,,True,False,738.84,51,1,108,671126006,train,True
671125976,738.69,47,15:42:34,False,,True,False,738.83,51,1,108,671126006,train,True
671125977,738.6,47,15:42:35,False,,True,False,738.83,52,1,108,671126006,train,True
671125978,738.67,47,15:42:36,False,,True,False,738.83,52,1,108,671126006,train,True
671125979,738.56,47,15:42:37,False,,True,False,738.83,53,1,108,671126006,train,True
671125980,738.64,47,15:42:37,False,,True,False,738.83,53,1,108,671126006,train,True
671125981,738.64,47,15:42:38,False,,True,False,738.83,53,1,108,671126006,train,True
671125982,738.58,47,15:42:39,False,,True,False,738.83,54,1,108,671126006,train,True
671125983,738.6,47,15:42:40,False,,True,False,738.83,54,1,108,671126006,train,True
671125984,738.6,47,15:42:41,False,,True,False,738.83,54,1,108,671126006,train,True
671125985,738.55,47,15:42:42,False,,True,False,738.83,55,1,108,671126006,train,True
671125986,738.51,47,15:42:43,False,,True,False,738.83,55,1,108,671126006,train,True
671125987,738.58,47,15:42:44,False,,True,False,738.82,55,1,108,671126006,train,True
671125988,738.51,47,15:42:45,False,,True,False,738.82,55,1,108,671126006,train,True
671125989,738.58,47,15:42:46,False,,True,False,738.82,55,1,108,671126006,train,True
671125990,738.6,47,15:42:47,False,,True,False,738.82,55,1,108,671126006,train,True
671125991,738.58,47,15:42:48,False,,True,False,738.82,56,1,108,671126006,train,True
671125992,738.49,47,15:42:49,False,,True,False,738.82,57,1,108,671126006,train,True
671125993,738.55,47,15:42:50,False,,True,False,738.82,58,1,108,671126006,train,True
671125994,738.56,47,15:42:51,False,,True,False,738.82,58,1,108,671126006,train,True
671125995,738.54,47,15:42:52,False,,True,False,738.82,59,1,108,671126006,train,True
671125996,738.53,47,15:42:53,False,,True,False,738.82,60,1,108,671126006,train,True
671125997,738.47,47,15:42:54,False,,True,False,738.81,60,1,108,671126006,train,True
671125998,738.42,47,15:42:55,False,,True,False,738.81,60,1,108,671126006,train,True
671125999,738.39,47,15:42:56,False,,True,False,738.81,60,1,108,671126006,train,True
671126000,738.4,47,15:42:57,False,,True,False,738.81,60,1,108,671126006,train,True
671126001,738.22,47,15:42:58,False,,True,True,738.81,60,1,108,671126006,train,True
671126002,738.11,47,15:42:59,False,,True,True,738.81,60,1,108,671126006,train,True
671126003,738.08,47,15:43:00,False,,True,True,738.8,60,1,108,671126006,train,True
671126004,737.97,47,15:43:01,False,,True,True,738.8,60,1,108,671126006,train,True
671126502,738.32,47,15:51:06,False,,True,True,738.49,9,1,109,671126607,train,True
671126503,738.28,47,15:51:07,False,,True,True,738.49,10,1,109,671126607,train,True
671126504,738.27,47,15:51:08,False,,True,True,738.5,11,1,109,671126607,train,True
671126505,738.3,47,15:51:09,False,,True,True,738.5,12,1,109,671126607,train,True
671126506,738.27,47,15:51:10,False,,True,True,738.5,13,1,109,671126607,train,True
671126507,738.27,47,15:51:11,False,,True,True,738.5,14,1,109,671126607,train,True
671126508,738.3,47,15:51:12,False,,True,True,738.5,15,1,109,671126607,train,True
671126509,738.21,47,15:51:12,False,,True,True,738.5,16,1,109,671126607,train,True
671126510,738.21,47,15:51:13,False,,True,True,738.5,17,1,109,671126607,train,True
671126511,738.21,47,15:51:14,False,,True,True,738.5,18,1,109,671126607,train,True
671126512,738.3,47,15:51:15,False,,True,True,738.5,19,1,109,671126607,train,True
671126513,738.3,47,15:51:16,False,,True,True,738.49,20,1,109,671126607,train,True
671126514,738.21,47,15:51:17,False,,True,True,738.49,21,1,109,671126607,train,True
671126515,738.3,47,15:51:18,False,,True,True,738.49,22,1,109,671126607,train,True
671126516,738.28,47,15:51:19,False,,True,True,738.49,23,1,109,671126607,train,True
671126517,738.19,47,15:51:20,False,,True,True,738.49,24,1,109,671126607,train,True
671126518,738.24,47,15:51:21,False,,True,True,738.49,25,1,109,671126607,train,True
671126519,738.24,47,15:51:22,False,,True,True,738.49,26,1,109,671126607,train,True
671126520,738.3,47,15:51:23,False,,True,True,738.49,27,1,109,671126607,train,True
671126521,738.22,47,15:51:24,False,,True,True,738.49,28,1,109,671126607,train,True
671126522,738.26,47,15:51:25,False,,True,True,738.49,29,1,109,671126607,train,True
671126523,738.24,47,15:51:26,False,,True,True,738.49,30,1,109,671126607,train,True
671126524,738.26,47,15:51:27,False,,True,True,738.49,31,1,109,671126607,train,True
671126525,738.24,47,15:51:28,False,,True,True,738.49,32,1,109,671126607,train,True
671126526,738.2,47,15:51:29,False,,True,True,738.49,33,1,109,671126607,train,True
671126527,738.22,47,15:51:30,False,,True,True,738.49,34,1,109,671126607,train,True
671126528,738.22,47,15:51:31,False,,True,True,738.48,35,1,109,671126607,train,True
671126529,738.17,47,15:51:32,False,,True,True,738.48,36,1,109,671126607,train,True
671126530,738.2,47,15:51:33,False,,True,True,738.48,37,1,109,671126607,train,True
671126531,738.22,47,15:51:34,False,,True,True,738.48,38,1,109,671126607,train,True
671126532,738.25,47,15:51:35,False,,True,True,738.48,39,1,109,671126607,train,True
671126533,738.25,47,15:51:36,False,,True,True,738.48,40,1,109,671126607,train,True
671126534,738.27,47,15:51:37,False,,True,True,738.48,41,1,109,671126607,train,True
671126535,738.27,47,15:51:38,False,,True,True,738.48,42,1,109,671126607,train,True
671126536,738.27,47,15:51:39,False,,True,True,738.48,43,1,109,671126607,train,True
671126537,738.25,47,15:51:40,False,,True,True,738.48,44,1,109,671126607,train,True
671126538,738.29,47,15:51:41,False,,True,True,738.48,45,1,109,671126607,train,True
671126539,738.27,47,15:51:42,False,,True,True,738.48,46,1,109,671126607,train,True
671126540,738.23,47,15:51:43,False,,True,True,738.48,47,1,109,671126607,train,True
671126541,738.23,47,15:51:44,False,,True,True,738.48,48,1,109,671126607,train,True
671126542,738.27,47,15:51:45,False,,True,True,738.48,49,1,109,671126607,train,True
671126543,738.23,47,15:51:46,False,,True,True,738.48,50,1,109,671126607,train,True
671126544,738.18,47,15:51:47,False,,True,True,738.47,51,1,109,671126607,train,True
671126545,738.18,47,15:51:48,False,,True,True,738.47,52,1,109,671126607,train,True
671126546,738.19,47,15:51:48,False,,True,True,738.47,53,1,109,671126607,train,True
671126547,738.25,47,15:51:49,False,,True,True,738.47,54,1,109,671126607,train,True
671126548,738.14,47,15:51:50,False,,True,True,738.47,55,1,109,671126607,train,True
671126549,738.19,47,15:51:51,False,,True,True,738.47,56,1,109,671126607,train,True
671126550,738.1,47,15:51:52,False,,True,True,738.47,57,1,109,671126607,train,True
671126551,738.08,47,15:51:53,False,,True,True,738.47,58,1,109,671126607,train,True
671126552,738.12,47,15:51:54,False,,True,True,738.47,58,1,109,671126607,train,True
671126553,738.14,47,15:51:55,False,,True,True,738.47,58,1,109,671126607,train,True
671126554,738.12,47,15:51:56,False,,True,True,738.47,59,1,109,671126607,train,True
671126555,738.1,47,15:51:57,False,,True,True,738.47,60,1,109,671126607,train,True
671126556,738.02,47,15:51:58,False,,True,True,738.47,60,1,109,671126607,train,True
671126557,738.03,47,15:51:59,False,,True,True,738.46,60,1,109,671126607,train,True
671126558,738.03,47,15:52:00,False,,True,True,738.46,60,1,109,671126607,train,True
671126559,738.06,47,15:52:01,False,,True,True,738.46,60,1,109,671126607,train,True
671126560,738.03,47,15:52:02,False,,True,True,738.46,60,1,109,671126607,train,True
671126561,738.01,47,15:52:03,False,,True,True,738.46,60,1,109,671126607,train,True
671127169,737.98,47,16:01:55,False,,True,False,738.37,10,1,110,671127245,train,True
671127170,738.1,47,16:01:56,False,,True,False,738.37,10,1,110,671127245,train,True
671127171,738.01,47,16:01:57,False,,True,False,738.37,10,1,110,671127245,train,True
671127172,738.06,47,16:01:58,False,,True,False,738.37,10,1,110,671127245,train,True
671127173,738.03,47,16:01:59,False,,True,False,738.37,10,1,110,671127245,train,True
671127174,738.07,47,16:02:00,False,,True,False,738.36,10,1,110,671127245,train,True
671127175,738.1,47,16:02:01,False,,True,False,738.36,10,1,110,671127245,train,True
671127176,738.1,47,16:02:02,False,,True,False,738.36,10,1,110,671127245,train,True
671127177,738.14,47,16:02:03,False,,True,False,738.36,10,1,110,671127245,train,True
671127178,738.15,47,16:02:04,False,,True,False,738.36,11,1,110,671127245,train,True
671127179,738.13,47,16:02:05,False,,True,False,738.36,12,1,110,671127245,train,True
671127180,738.13,47,16:02:06,False,,True,False,738.36,12,1,110,671127245,train,True
671127181,738.06,47,16:02:07,False,,True,True,738.36,13,1,110,671127245,train,True
671127182,738.04,47,16:02:08,False,,True,True,738.36,14,1,110,671127245,train,True
671127183,738.04,47,16:02:09,False,,True,True,738.36,15,1,110,671127245,train,True
671127184,738.04,47,16:02:10,False,,True,True,738.36,16,1,110,671127245,train,True
671127185,738.08,47,16:02:11,False,,True,True,738.36,17,1,110,671127245,train,True
671127186,738.06,47,16:02:12,False,,True,True,738.36,18,1,110,671127245,train,True
671127187,738.07,47,16:02:13,False,,True,True,738.36,19,1,110,671127245,train,True
671127188,738.07,47,16:02:13,False,,True,True,738.36,20,1,110,671127245,train,True
671127189,738.06,47,16:02:14,False,,True,True,738.36,21,1,110,671127245,train,True
671127190,738.07,47,16:02:15,False,,True,True,738.36,22,1,110,671127245,train,True
671127191,738.11,47,16:02:16,False,,True,True,738.36,23,1,110,671127245,train,True
671127192,738.07,47,16:02:17,False,,True,True,738.36,24,1,110,671127245,train,True
671127193,738.02,47,16:02:18,False,,True,True,738.36,25,1,110,671127245,train,True
671127194,738.0,47,16:02:19,False,,True,True,738.35,26,1,110,671127245,train,True
671127195,738.0,47,16:02:20,False,,True,True,738.35,27,1,110,671127245,train,True
671127196,738.07,47,16:02:21,False,,True,True,738.35,28,1,110,671127245,train,True
671127197,738.05,47,16:02:22,False,,True,True,738.35,29,1,110,671127245,train,True
671127198,738.07,47,16:02:23,False,,True,True,738.35,30,1,110,671127245,train,True
671127199,738.1,47,16:02:24,False,,True,True,738.35,31,1,110,671127245,train,True
671127200,738.12,47,16:02:25,False,,True,True,738.35,32,1,110,671127245,train,True
671127201,738.03,47,16:02:26,False,,True,True,738.35,33,1,110,671127245,train,True
671127202,738.05,47,16:02:27,False,,True,True,738.35,34,1,110,671127245,train,True
671127203,737.99,47,16:02:28,False,,True,True,738.35,35,1,110,671127245,train,True
671127204,738.03,47,16:02:29,False,,True,True,738.35,36,1,110,671127245,train,True
671127205,738.03,47,16:02:30,False,,True,True,738.35,37,1,110,671127245,train,True
671127206,738.03,47,16:02:31,False,,True,True,738.34,38,1,110,671127245,train,True
671127207,738.08,47,16:02:32,False,,True,True,738.34,39,1,110,671127245,train,True
671127208,738.06,47,16:02:33,False,,True,True,738.34,40,1,110,671127245,train,True
671127209,738.06,47,16:02:34,False,,True,True,738.34,41,1,110,671127245,train,True
671127210,737.99,47,16:02:35,False,,True,True,738.34,42,1,110,671127245,train,True
671127211,738.01,47,16:02:36,False,,True,True,738.34,43,1,110,671127245,train,True
671127212,738.06,47,16:02:37,False,,True,True,738.34,44,1,110,671127245,train,True
671127213,738.02,47,16:02:38,False,,True,True,738.34,45,1,110,671127245,train,True
671127214,738.04,47,16:02:39,False,,True,True,738.34,46,1,110,671127245,train,True
671127215,737.95,47,16:02:40,False,,True,True,738.34,47,1,110,671127245,train,True
671127216,738.0,47,16:02:41,False,,True,True,738.34,48,1,110,671127245,train,True
671127217,738.01,47,16:02:42,False,,True,True,738.34,49,1,110,671127245,train,True
671127218,737.95,47,16:02:43,False,,True,True,738.33,50,1,110,671127245,train,True
671127219,737.97,47,16:02:44,False,,True,True,738.33,51,1,110,671127245,train,True
671127220,738.05,47,16:02:45,False,,True,True,738.33,52,1,110,671127245,train,True
671127221,737.94,47,16:02:46,False,,True,True,738.33,53,1,110,671127245,train,True
671127222,737.94,47,16:02:47,False,,True,True,738.33,54,1,110,671127245,train,True
671127223,737.98,47,16:02:48,False,,True,True,738.33,55,1,110,671127245,train,True
671127224,737.92,47,16:02:49,False,,True,True,738.33,56,1,110,671127245,train,True
671127225,737.94,47,16:02:50,False,,True,True,738.33,57,1,110,671127245,train,True
671127226,737.94,47,16:02:50,False,,True,True,738.33,58,1,110,671127245,train,True
671127227,737.96,47,16:02:51,False,,True,True,738.33,59,1,110,671127245,train,True
671127228,737.92,47,16:02:52,False,,True,True,738.32,60,1,110,671127245,train,True
671139364,744.72,47,19:19:47,False,,True,False,744.05,53,1,111,671139428,train,True
671139365,744.65,47,19:19:48,False,,True,False,744.05,54,1,111,671139428,train,True
671139366,744.63,47,19:19:49,False,,True,False,744.05,55,1,111,671139428,train,True
671139367,744.63,47,19:19:50,False,,True,False,744.05,56,1,111,671139428,train,True
671139368,744.62,47,19:19:51,False,,True,False,744.06,57,1,111,671139428,train,True
671139369,744.66,47,19:19:52,False,,True,False,744.06,58,1,111,671139428,train,True
671139370,744.59,47,19:19:53,False,,True,False,744.06,59,1,111,671139428,train,True
671139371,744.61,47,19:19:54,False,,True,False,744.06,60,1,111,671139428,train,True
671139372,744.59,47,19:19:55,False,,True,False,744.07,60,1,111,671139428,train,True
671139373,744.64,47,19:19:56,False,,True,False,744.07,60,1,111,671139428,train,True
671139374,744.62,47,19:19:57,False,,True,False,744.07,60,1,111,671139428,train,True
671139375,744.57,47,19:19:58,False,,True,False,744.07,60,1,111,671139428,train,True
671139376,744.6,47,19:19:59,False,,True,False,744.08,60,1,111,671139428,train,True
671139377,744.6,47,19:19:59,False,,True,False,744.08,60,1,111,671139428,train,True
671139378,744.57,47,19:20:00,False,,True,False,744.08,60,1,111,671139428,train,True
671139379,744.57,47,19:20:01,False,,True,False,744.08,60,1,111,671139428,train,True
671139380,744.55,47,19:20:02,False,,True,False,744.09,60,1,111,671139428,train,True
671139381,744.55,47,19:20:03,False,,True,False,744.09,60,1,111,671139428,train,True
671139382,744.55,47,19:20:04,False,,True,False,744.09,60,1,111,671139428,train,True
671139383,744.51,47,19:20:05,False,,True,False,744.09,60,1,111,671139428,train,True
671139384,744.53,47,19:20:06,False,,True,False,744.1,60,1,111,671139428,train,True
671139385,744.54,47,19:20:07,False,,True,False,744.1,60,1,111,671139428,train,True
671139386,744.56,47,19:20:08,False,,True,False,744.1,60,1,111,671139428,train,True
671139387,744.58,47,19:20:09,False,,True,False,744.1,60,1,111,671139428,train,True
671139388,744.56,47,19:20:10,False,,True,False,744.11,60,1,111,671139428,train,True
671139389,744.56,47,19:20:11,False,,True,False,744.11,60,1,111,671139428,train,True
671139390,744.54,47,19:20:12,False,,True,False,744.11,60,1,111,671139428,train,True
671139391,744.54,47,19:20:13,False,,True,False,744.11,60,1,111,671139428,train,True
671139392,744.63,47,19:20:14,False,,True,False,744.12,60,1,111,671139428,train,True
671139393,744.52,47,19:20:15,False,,True,False,744.12,60,1,111,671139428,train,True
671139394,744.58,47,19:20:16,False,,True,False,744.12,60,1,111,671139428,train,True
671139395,744.61,47,19:20:17,False,,True,False,744.12,60,1,111,671139428,train,True
671139396,744.66,47,19:20:18,False,,True,False,744.12,60,1,111,671139428,train,True
671139397,744.65,47,19:20:19,False,,True,False,744.13,60,1,111,671139428,train,True
671139398,744.63,47,19:20:20,False,,True,False,744.13,60,1,111,671139428,train,True
671139399,744.7,47,19:20:21,False,,True,False,744.13,60,1,111,671139428,train,True
671139400,744.66,47,19:20:22,False,,True,False,744.13,60,1,111,671139428,train,True
671139401,744.66,47,19:20:23,False,,True,False,744.14,60,1,111,671139428,train,True
671139402,744.68,47,19:20:24,False,,True,False,744.14,60,1,111,671139428,train,True
671139403,744.68,47,19:20:25,False,,True,False,744.14,60,1,111,671139428,train,True
671139404,744.77,47,19:20:26,False,,True,False,744.14,60,1,111,671139428,train,True
671139405,744.77,47,19:20:27,False,,True,False,744.15,60,1,111,671139428,train,True
671139406,744.71,47,19:20:28,False,,True,False,744.15,60,1,111,671139428,train,True
671139407,744.77,47,19:20:29,False,,True,False,744.15,60,1,111,671139428,train,True
671139408,744.78,47,19:20:30,False,,True,False,744.15,60,1,111,671139428,train,True
671139409,744.78,47,19:20:31,False,,True,False,744.16,60,1,111,671139428,train,True
671139410,744.69,47,19:20:32,False,,True,True,744.16,60,1,111,671139428,train,True
671139411,744.78,47,19:20:33,False,,True,True,744.16,60,1,111,671139428,train,True
671139412,744.87,47,19:20:34,False,,True,True,744.16,60,1,111,671139428,train,True
671139413,744.94,47,19:20:35,False,,True,True,744.17,60,1,111,671139428,train,True
671139414,744.89,47,19:20:35,False,,True,True,744.17,60,1,111,671139428,train,True
671139415,744.94,47,19:20:36,False,,True,True,744.17,60,1,111,671139428,train,True
671139416,744.92,47,19:20:37,False,,True,True,744.18,60,1,111,671139428,train,True
671139417,744.78,47,19:20:38,False,,True,True,744.18,60,1,111,671139428,train,True
671139418,744.81,47,19:20:39,False,,True,True,744.18,60,1,111,671139428,train,True
671139419,744.72,47,19:20:40,False,,True,True,744.18,60,1,111,671139428,train,True
671139420,744.74,47,19:20:41,False,,True,True,744.19,60,1,111,671139428,train,True
671139421,744.68,47,19:20:42,False,,True,True,744.19,60,1,111,671139428,train,True
671139422,744.65,47,19:20:43,False,,True,True,744.19,60,1,111,671139428,train,True
671139423,744.61,47,19:20:44,False,,True,True,744.19,60,1,111,671139428,train,True
671204111,745.05,48,12:50:18,False,,True,True,745.2,57,1,112,671204280,train,True
671204112,745.12,48,12:50:19,False,,True,True,745.2,58,1,112,671204280,train,True
671204113,745.05,48,12:50:20,False,,True,True,745.2,59,1,112,671204280,train,True
671204114,745.08,48,12:50:21,False,,True,True,745.2,60,1,112,671204280,train,True
671204115,745.09,48,12:50:22,False,,True,True,745.2,60,1,112,671204280,train,True
671204116,745.12,48,12:50:23,False,,True,True,745.2,60,1,112,671204280,train,True
671204117,745.14,48,12:50:24,False,,True,True,745.2,60,1,112,671204280,train,True
671204118,745.18,48,12:50:25,False,,True,True,745.2,60,1,112,671204280,train,True
671204119,745.18,48,12:50:26,False,,True,True,745.2,60,1,112,671204280,train,True
671204120,745.27,48,12:50:27,False,,True,True,745.2,59,1,112,671204280,train,True
671204121,745.21,48,12:50:28,False,,True,True,745.2,58,1,112,671204280,train,True
671204122,745.32,48,12:50:29,False,,True,True,745.2,57,1,112,671204280,train,True
671204123,745.32,48,12:50:30,False,,True,True,745.2,56,1,112,671204280,train,True
671204124,745.27,48,12:50:31,False,,True,True,745.2,55,1,112,671204280,train,True
671204125,745.31,48,12:50:32,False,,True,True,745.2,54,1,112,671204280,train,True
671204126,745.29,48,12:50:33,False,,True,True,745.2,54,1,112,671204280,train,True
671204127,745.29,48,12:50:34,False,,True,True,745.2,54,1,112,671204280,train,True
671204128,745.31,48,12:50:35,False,,True,True,745.2,54,1,112,671204280,train,True
671204129,745.33,48,12:50:36,False,,True,True,745.2,54,1,112,671204280,train,True
671204130,745.36,48,12:50:37,False,,True,True,745.2,54,1,112,671204280,train,True
671204131,745.42,48,12:50:38,False,,True,True,745.2,54,1,112,671204280,train,True
671204132,745.33,48,12:50:38,False,,True,True,745.2,54,1,112,671204280,train,True
671204133,745.35,48,12:50:39,False,,True,True,745.2,54,1,112,671204280,train,True
671204134,745.38,48,12:50:40,False,,True,True,745.2,54,1,112,671204280,train,True
671204135,745.44,48,12:50:41,False,,True,True,745.2,54,1,112,671204280,train,True
671204136,745.39,48,12:50:42,False,,True,True,745.2,54,1,112,671204280,train,True
671204137,745.4,48,12:50:43,False,,True,True,745.21,54,1,112,671204280,train,True
671204138,745.42,48,12:50:44,False,,True,True,745.21,54,1,112,671204280,train,True
671204139,745.42,48,12:50:45,False,,True,True,745.21,54,1,112,671204280,train,True
671204140,745.39,48,12:50:46,False,,True,True,745.21,54,1,112,671204280,train,True
671204141,745.39,48,12:50:47,False,,True,True,745.21,54,1,112,671204280,train,True
671204142,745.41,48,12:50:48,False,,True,True,745.21,54,1,112,671204280,train,True
671204143,745.41,48,12:50:49,False,,True,True,745.21,54,1,112,671204280,train,True
671204144,745.48,48,12:50:50,False,,True,True,745.21,54,1,112,671204280,train,True
671204145,745.39,48,12:50:51,False,,True,True,745.21,54,1,112,671204280,train,True
671204146,745.41,48,12:50:52,False,,True,True,745.21,54,1,112,671204280,train,True
671204147,745.45,48,12:50:53,False,,True,True,745.21,54,1,112,671204280,train,True
671204148,745.41,48,12:50:54,False,,True,True,745.21,54,1,112,671204280,train,True
671204149,745.45,48,12:50:55,False,,True,True,745.21,54,1,112,671204280,train,True
671204150,745.46,48,12:50:56,False,,True,True,745.21,54,1,112,671204280,train,True
671204151,745.4,48,12:50:57,False,,True,True,745.21,54,1,112,671204280,train,True
671204152,745.45,48,12:50:58,False,,True,True,745.21,54,1,112,671204280,train,True
671204153,745.45,48,12:50:59,False,,True,True,745.21,54,1,112,671204280,train,True
671204154,745.47,48,12:51:00,False,,True,True,745.21,54,1,112,671204280,train,True
671204155,745.47,48,12:51:01,False,,True,True,745.21,54,1,112,671204280,train,True
671204156,745.4,48,12:51:02,False,,True,True,745.21,54,1,112,671204280,train,True
671204157,745.42,48,12:51:03,False,,True,True,745.21,54,1,112,671204280,train,True
671204158,745.38,48,12:51:04,False,,True,True,745.21,54,1,112,671204280,train,True
671204159,745.4,48,12:51:05,False,,True,True,745.22,54,1,112,671204280,train,True
671204160,745.4,48,12:51:06,False,,True,True,745.22,54,1,112,671204280,train,True
671204161,745.38,48,12:51:07,False,,True,True,745.22,54,1,112,671204280,train,True
671204162,745.4,48,12:51:08,False,,True,True,745.22,54,1,112,671204280,train,True
671204163,745.4,48,12:51:09,False,,True,True,745.22,54,1,112,671204280,train,True
671204164,745.4,48,12:51:10,False,,True,True,745.22,54,1,112,671204280,train,True
671204165,745.41,48,12:51:11,False,,True,True,745.22,54,1,112,671204280,train,True
671204166,745.39,48,12:51:12,False,,True,True,745.22,54,1,112,671204280,train,True
671204167,745.41,48,12:51:13,False,,True,True,745.22,54,1,112,671204280,train,True
671204168,745.37,48,12:51:14,False,,True,True,745.22,54,1,112,671204280,train,True
671204169,745.39,48,12:51:14,False,,True,True,745.22,53,1,112,671204280,train,True
671204170,745.37,48,12:51:15,False,,True,True,745.22,52,1,112,671204280,train,True
671213163,739.15,48,15:17:10,False,,False,True,739.42,1,0,113,671213291,train,True
671213181,739.04,48,15:17:28,False,,True,True,739.4,1,1,113,671213291,train,True
671213182,739.11,48,15:17:29,False,,True,True,739.4,2,1,113,671213291,train,True
671213183,739.08,48,15:17:30,False,,True,True,739.4,3,1,113,671213291,train,True
671213184,739.15,48,15:17:31,False,,True,True,739.4,4,1,113,671213291,train,True
671213185,739.11,48,15:17:32,False,,True,True,739.39,5,1,113,671213291,train,True
671213186,739.08,48,15:17:33,False,,True,True,739.39,6,1,113,671213291,train,True
671213187,739.08,48,15:17:34,False,,True,True,739.39,7,1,113,671213291,train,True
671213188,739.13,48,15:17:34,False,,True,True,739.39,8,1,113,671213291,train,True
671213189,739.01,48,15:17:35,False,,True,True,739.39,9,1,113,671213291,train,True
671213190,739.1,48,15:17:36,False,,True,True,739.39,10,1,113,671213291,train,True
671213191,739.08,48,15:17:37,False,,True,True,739.39,11,1,113,671213291,train,True
671213192,739.12,48,15:17:38,False,,True,True,739.38,12,1,113,671213291,train,True
671213193,739.03,48,15:17:39,False,,True,True,739.38,13,1,113,671213291,train,True
671213194,739.03,48,15:17:40,False,,True,True,739.38,14,1,113,671213291,train,True
671213195,739.06,48,15:17:41,False,,True,True,739.38,15,1,113,671213291,train,True
671213196,739.05,48,15:17:42,False,,True,True,739.38,16,1,113,671213291,train,True
671213197,739.1,48,15:17:43,False,,True,True,739.38,17,1,113,671213291,train,True
671213198,739.03,48,15:17:44,False,,True,True,739.38,18,1,113,671213291,train,True
671213199,739.05,48,15:17:45,False,,True,True,739.37,19,1,113,671213291,train,True
671213200,739.05,48,15:17:46,False,,True,True,739.37,20,1,113,671213291,train,True
671213201,739.07,48,15:17:47,False,,True,True,739.37,21,1,113,671213291,train,True
671213202,739.09,48,15:17:48,False,,True,True,739.37,22,1,113,671213291,train,True
671213203,739.05,48,15:17:49,False,,True,True,739.37,23,1,113,671213291,train,True
671213204,739.09,48,15:17:50,False,,True,True,739.37,24,1,113,671213291,train,True
671213205,739.09,48,15:17:51,False,,True,True,739.37,25,1,113,671213291,train,True
671213206,739.14,48,15:17:52,False,,True,True,739.36,26,1,113,671213291,train,True
671213207,739.09,48,15:17:53,False,,True,True,739.36,27,1,113,671213291,train,True
671213208,739.09,48,15:17:54,False,,True,True,739.36,28,1,113,671213291,train,True
671213209,739.14,48,15:17:55,False,,True,True,739.36,29,1,113,671213291,train,True
671213210,739.11,48,15:17:56,False,,True,True,739.36,30,1,113,671213291,train,True
671213211,739.11,48,15:17:57,False,,True,True,739.36,31,1,113,671213291,train,True
671213212,739.09,48,15:17:58,False,,True,True,739.36,32,1,113,671213291,train,True
671213213,739.13,48,15:17:59,False,,True,True,739.35,33,1,113,671213291,train,True
671213214,739.13,48,15:18:00,False,,True,True,739.35,34,1,113,671213291,train,True
671213215,739.11,48,15:18:01,False,,True,True,739.35,35,1,113,671213291,train,True
671213216,739.13,48,15:18:02,False,,True,True,739.35,36,1,113,671213291,train,True
671213217,739.13,48,15:18:03,False,,True,True,739.35,37,1,113,671213291,train,True
671213218,739.08,48,15:18:04,False,,True,True,739.35,38,1,113,671213291,train,True
671213219,739.1,48,15:18:05,False,,True,True,739.35,39,1,113,671213291,train,True
671213220,739.12,48,15:18:06,False,,True,True,739.35,40,1,113,671213291,train,True
671213221,739.08,48,15:18:07,False,,True,True,739.34,41,1,113,671213291,train,True
671213222,739.12,48,15:18:08,False,,True,True,739.34,42,1,113,671213291,train,True
671213223,739.1,48,15:18:09,False,,True,True,739.34,43,1,113,671213291,train,True
671213224,739.08,48,15:18:10,False,,True,True,739.34,44,1,113,671213291,train,True
671213225,739.01,48,15:18:11,False,,True,True,739.34,45,1,113,671213291,train,True
671213226,739.05,48,15:18:11,False,,True,True,739.34,46,1,113,671213291,train,True
671213227,739.05,48,15:18:12,False,,True,True,739.34,47,1,113,671213291,train,True
671213228,739.01,48,15:18:13,False,,True,True,739.33,48,1,113,671213291,train,True
671213229,739.01,48,15:18:14,False,,True,True,739.33,49,1,113,671213291,train,True
671213230,739.05,48,15:18:15,False,,True,True,739.33,50,1,113,671213291,train,True
671213231,739.03,48,15:18:16,False,,True,True,739.33,51,1,113,671213291,train,True
671213232,739.0,48,15:18:17,False,,True,True,739.33,52,1,113,671213291,train,True
671213233,739.02,48,15:18:18,False,,True,True,739.33,53,1,113,671213291,train,True
671213234,738.96,48,15:18:19,False,,True,True,739.33,54,1,113,671213291,train,True
671213235,739.0,48,15:18:20,False,,True,True,739.32,55,1,113,671213291,train,True
671213236,738.98,48,15:18:21,False,,True,True,739.32,56,1,113,671213291,train,True
671213237,739.0,48,15:18:22,False,,True,True,739.32,57,1,113,671213291,train,True
671213238,738.98,48,15:18:23,False,,True,True,739.32,58,1,113,671213291,train,True
671213239,738.91,48,15:18:24,False,,True,True,739.32,59,1,113,671213291,train,True
671213933,738.61,48,15:29:40,False,,True,True,738.82,34,1,114,671214052,train,True
671213934,738.59,48,15:29:41,False,,True,True,738.82,35,1,114,671214052,train,True
671213935,738.53,48,15:29:42,False,,True,True,738.82,36,1,114,671214052,train,True
671213936,738.59,48,15:29:43,False,,True,True,738.82,37,1,114,671214052,train,True
671213937,738.59,48,15:29:44,False,,True,True,738.82,37,1,114,671214052,train,True
671213938,738.61,48,15:29:45,False,,True,True,738.82,38,1,114,671214052,train,True
671213939,738.66,48,15:29:46,False,,True,True,738.82,39,1,114,671214052,train,True
671213940,738.66,48,15:29:47,False,,True,True,738.82,40,1,114,671214052,train,True
671213941,738.64,48,15:29:48,False,,True,True,738.82,41,1,114,671214052,train,True
671213942,738.59,48,15:29:49,False,,True,True,738.82,42,1,114,671214052,train,True
671213943,738.59,48,15:29:49,False,,True,True,738.82,43,1,114,671214052,train,True
671213944,738.64,48,15:29:50,False,,True,True,738.82,43,1,114,671214052,train,True
671213945,738.66,48,15:29:51,False,,True,True,738.82,44,1,114,671214052,train,True
671213946,738.64,48,15:29:52,False,,True,True,738.82,45,1,114,671214052,train,True
671213947,738.62,48,15:29:53,False,,True,True,738.82,46,1,114,671214052,train,True
671213948,738.62,48,15:29:54,False,,True,True,738.81,47,1,114,671214052,train,True
671213949,738.61,48,15:29:55,False,,True,True,738.81,48,1,114,671214052,train,True
671213950,738.66,48,15:29:56,False,,True,True,738.81,48,1,114,671214052,train,True
671213951,738.64,48,15:29:57,False,,True,True,738.81,48,1,114,671214052,train,True
671213952,738.57,48,15:29:58,False,,True,True,738.81,49,1,114,671214052,train,True
671213953,738.57,48,15:29:59,False,,True,True,738.81,49,1,114,671214052,train,True
671213954,738.62,48,15:30:00,False,,True,True,738.81,49,1,114,671214052,train,True
671213955,738.6,48,15:30:01,False,,True,True,738.81,49,1,114,671214052,train,True
671213956,738.62,48,15:30:02,False,,True,True,738.81,50,1,114,671214052,train,True
671213957,738.66,48,15:30:03,False,,True,True,738.81,51,1,114,671214052,train,True
671213958,738.64,48,15:30:04,False,,True,True,738.81,52,1,114,671214052,train,True
671213959,738.66,48,15:30:05,False,,True,True,738.81,53,1,114,671214052,train,True
671213960,738.6,48,15:30:06,False,,True,True,738.81,53,1,114,671214052,train,True
671213961,738.59,48,15:30:07,False,,True,True,738.81,54,1,114,671214052,train,True
671213962,738.59,48,15:30:08,False,,True,True,738.81,55,1,114,671214052,train,True
671213963,738.58,48,15:30:09,False,,True,True,738.81,56,1,114,671214052,train,True
671213964,738.62,48,15:30:10,False,,True,True,738.81,57,1,114,671214052,train,True
671213965,738.59,48,15:30:11,False,,True,True,738.81,58,1,114,671214052,train,True
671213966,738.43,48,15:30:12,False,,True,True,738.81,58,1,114,671214052,train,True
671213967,738.37,48,15:30:13,False,,True,True,738.81,57,1,114,671214052,train,True
671213968,738.43,48,15:30:14,False,,True,True,738.81,57,1,114,671214052,train,True
671213969,738.39,48,15:30:15,False,,True,True,738.81,57,1,114,671214052,train,True
671213970,738.48,48,15:30:16,False,,True,True,738.8,57,1,114,671214052,train,True
671213971,738.5,48,15:30:17,False,,True,True,738.8,57,1,114,671214052,train,True
671213972,738.44,48,15:30:18,False,,True,True,738.8,57,1,114,671214052,train,True
671213973,738.48,48,15:30:19,False,,True,True,738.8,57,1,114,671214052,train,True
671213974,738.48,48,15:30:20,False,,True,True,738.8,57,1,114,671214052,train,True
671213975,738.44,48,15:30:21,False,,True,True,738.8,57,1,114,671214052,train,True
671213976,738.46,48,15:30:22,False,,True,True,738.8,57,1,114,671214052,train,True
671213977,738.42,48,15:30:23,False,,True,True,738.8,57,1,114,671214052,train,True
671213978,738.39,48,15:30:24,False,,True,True,738.8,57,1,114,671214052,train,True
671213979,738.42,48,15:30:25,False,,True,True,738.8,57,1,114,671214052,train,True
671213980,738.51,48,15:30:26,False,,True,True,738.8,57,1,114,671214052,train,True
671213981,738.51,48,15:30:26,False,,True,True,738.8,57,1,114,671214052,train,True
671213982,738.46,48,15:30:27,False,,True,True,738.79,57,1,114,671214052,train,True
671213983,738.51,48,15:30:28,False,,True,True,738.79,57,1,114,671214052,train,True
671213984,738.44,48,15:30:29,False,,True,True,738.79,57,1,114,671214052,train,True
671213985,738.49,48,15:30:30,False,,True,True,738.79,57,1,114,671214052,train,True
671213986,738.48,48,15:30:31,False,,True,True,738.79,57,1,114,671214052,train,True
671213987,738.42,48,15:30:32,False,,True,True,738.79,57,1,114,671214052,train,True
671213988,738.48,48,15:30:33,False,,True,True,738.79,57,1,114,671214052,train,True
671213989,738.44,48,15:30:34,False,,True,True,738.79,57,1,114,671214052,train,True
671213990,738.51,48,15:30:35,False,,True,True,738.79,57,1,114,671214052,train,True
671213991,738.4,48,15:30:36,False,,True,True,738.79,57,1,114,671214052,train,True
671213992,738.48,48,15:30:37,False,,True,True,738.79,57,1,114,671214052,train,True
671224836,738.57,48,18:26:34,False,,True,True,738.36,24,1,115,671224977,train,True
671224837,738.59,48,18:26:35,False,,True,True,738.36,23,1,115,671224977,train,True
671224838,738.57,48,18:26:36,False,,True,True,738.36,22,1,115,671224977,train,True
671224839,738.57,48,18:26:37,False,,True,True,738.36,21,1,115,671224977,train,True
671224840,738.59,48,18:26:38,False,,True,True,738.36,20,1,115,671224977,train,True
671224841,738.64,48,18:26:39,False,,True,True,738.36,19,1,115,671224977,train,True
671224842,738.55,48,18:26:40,False,,True,True,738.36,19,1,115,671224977,train,True
671224843,738.62,48,18:26:41,False,,True,True,738.36,19,1,115,671224977,train,True
671224844,738.58,48,18:26:42,False,,True,True,738.36,18,1,115,671224977,train,True
671224845,738.6,48,18:26:43,False,,True,True,738.36,18,1,115,671224977,train,True
671224846,738.62,48,18:26:44,False,,True,True,738.37,18,1,115,671224977,train,True
671224847,738.62,48,18:26:45,False,,True,True,738.37,18,1,115,671224977,train,True
671224848,738.6,48,18:26:45,False,,True,True,738.37,18,1,115,671224977,train,True
671224849,738.6,48,18:26:46,False,,True,True,738.37,18,1,115,671224977,train,True
671224850,738.6,48,18:26:47,False,,True,True,738.37,18,1,115,671224977,train,True
671224851,738.6,48,18:26:48,False,,True,True,738.37,18,1,115,671224977,train,True
671224852,738.6,48,18:26:49,False,,True,True,738.37,18,1,115,671224977,train,True
671224853,738.58,48,18:26:50,False,,True,True,738.37,18,1,115,671224977,train,True
671224854,738.54,48,18:26:51,False,,True,True,738.37,18,1,115,671224977,train,True
671224855,738.58,48,18:26:52,False,,True,True,738.37,18,1,115,671224977,train,True
671224856,738.54,48,18:26:53,False,,True,True,738.37,18,1,115,671224977,train,True
671224857,738.56,48,18:26:54,False,,True,True,738.38,18,1,115,671224977,train,True
671224858,738.56,48,18:26:55,False,,True,True,738.38,19,1,115,671224977,train,True
671224859,738.59,48,18:26:56,False,,True,True,738.38,19,1,115,671224977,train,True
671224860,738.58,48,18:26:57,False,,True,True,738.38,19,1,115,671224977,train,True
671224861,738.54,48,18:26:58,False,,True,True,738.38,19,1,115,671224977,train,True
671224862,738.59,48,18:26:59,False,,True,True,738.38,20,1,115,671224977,train,True
671224863,738.52,48,18:27:00,False,,True,True,738.38,21,1,115,671224977,train,True
671224864,738.54,48,18:27:01,False,,True,True,738.38,22,1,115,671224977,train,True
671224865,738.59,48,18:27:02,False,,True,True,738.38,23,1,115,671224977,train,True
671224866,738.57,48,18:27:03,False,,True,True,738.38,24,1,115,671224977,train,True
671224867,738.54,48,18:27:04,False,,True,True,738.38,25,1,115,671224977,train,True
671224868,738.57,48,18:27:05,False,,True,True,738.39,26,1,115,671224977,train,True
671224869,738.56,48,18:27:06,False,,True,True,738.39,27,1,115,671224977,train,True
671224870,738.55,48,18:27:07,False,,True,True,738.39,28,1,115,671224977,train,True
671224871,738.52,48,18:27:08,False,,True,True,738.39,29,1,115,671224977,train,True
671224872,738.56,48,18:27:09,False,,True,True,738.39,30,1,115,671224977,train,True
671224873,738.57,48,18:27:10,False,,True,True,738.39,31,1,115,671224977,train,True
671224874,738.57,48,18:27:11,False,,True,True,738.39,32,1,115,671224977,train,True
671224875,738.55,48,18:27:12,False,,True,True,738.39,33,1,115,671224977,train,True
671224876,738.57,48,18:27:13,False,,True,True,738.39,34,1,115,671224977,train,True
671224877,738.5,48,18:27:14,False,,True,True,738.39,35,1,115,671224977,train,True
671224878,738.57,48,18:27:15,False,,True,True,738.39,36,1,115,671224977,train,True
671224879,738.55,48,18:27:16,False,,True,True,738.39,37,1,115,671224977,train,True
671224880,738.52,48,18:27:17,False,,True,True,738.4,38,1,115,671224977,train,True
671224881,738.55,48,18:27:18,False,,True,True,738.4,39,1,115,671224977,train,True
671224882,738.5,48,18:27:19,False,,True,True,738.4,40,1,115,671224977,train,True
671224883,738.53,48,18:27:20,False,,True,True,738.4,41,1,115,671224977,train,True
671224884,738.51,48,18:27:21,False,,True,True,738.4,42,1,115,671224977,train,True
671224885,738.51,48,18:27:22,False,,True,True,738.4,43,1,115,671224977,train,True
671224886,738.49,48,18:27:22,False,,True,True,738.4,44,1,115,671224977,train,True
671224887,738.53,48,18:27:23,False,,True,True,738.4,45,1,115,671224977,train,True
671224888,738.51,48,18:27:24,False,,True,True,738.4,46,1,115,671224977,train,True
671224889,738.49,48,18:27:25,False,,True,True,738.4,47,1,115,671224977,train,True
671224890,738.49,48,18:27:26,False,,True,True,738.4,48,1,115,671224977,train,True
671224891,738.51,48,18:27:27,False,,True,True,738.4,49,1,115,671224977,train,True
671224892,738.51,48,18:27:28,False,,True,True,738.4,50,1,115,671224977,train,True
671224893,738.45,48,18:27:29,False,,True,True,738.4,51,1,115,671224977,train,True
671224894,738.49,48,18:27:30,False,,True,True,738.4,52,1,115,671224977,train,True
671224895,738.47,48,18:27:31,False,,True,True,738.4,53,1,115,671224977,train,True
671291586,744.84,49,12:29:35,False,,True,False,744.62,3,1,116,671291649,train,True
671291587,744.82,49,12:29:36,False,,True,False,744.62,4,1,116,671291649,train,True
671291588,744.82,49,12:29:37,False,,True,False,744.62,5,1,116,671291649,train,True
671291589,744.84,49,12:29:38,False,,True,False,744.62,6,1,116,671291649,train,True
671291590,744.84,49,12:29:39,False,,True,False,744.62,7,1,116,671291649,train,True
671291591,744.86,49,12:29:40,False,,True,False,744.62,8,1,116,671291649,train,True
671291592,744.84,49,12:29:41,False,,True,False,744.62,9,1,116,671291649,train,True
671291593,744.84,49,12:29:42,False,,True,False,744.62,10,1,116,671291649,train,True
671291594,744.79,49,12:29:43,False,,True,False,744.63,11,1,116,671291649,train,True
671291595,744.81,49,12:29:44,False,,True,False,744.63,12,1,116,671291649,train,True
671291596,744.84,49,12:29:45,False,,True,False,744.63,13,1,116,671291649,train,True
671291597,744.84,49,12:29:46,False,,True,False,744.63,14,1,116,671291649,train,True
671291598,744.86,49,12:29:47,False,,True,False,744.63,15,1,116,671291649,train,True
671291599,744.88,49,12:29:48,False,,True,False,744.63,16,1,116,671291649,train,True
671291600,744.88,49,12:29:49,False,,True,False,744.63,17,1,116,671291649,train,True
671291601,744.86,49,12:29:50,False,,True,False,744.63,18,1,116,671291649,train,True
671291602,744.81,49,12:29:51,False,,True,False,744.64,19,1,116,671291649,train,True
671291603,744.88,49,12:29:51,False,,True,False,744.64,20,1,116,671291649,train,True
671291604,744.81,49,12:29:52,False,,True,False,744.64,21,1,116,671291649,train,True
671291605,744.81,49,12:29:53,False,,True,False,744.64,22,1,116,671291649,train,True
671291606,744.81,49,12:29:54,False,,True,False,744.64,23,1,116,671291649,train,True
671291607,744.79,49,12:29:55,False,,True,False,744.64,24,1,116,671291649,train,True
671291608,744.81,49,12:29:56,False,,True,False,744.64,25,1,116,671291649,train,True
671291609,744.81,49,12:29:57,False,,True,False,744.64,26,1,116,671291649,train,True
671291610,744.79,49,12:29:58,False,,True,False,744.64,27,1,116,671291649,train,True
671291611,744.77,49,12:29:59,False,,True,False,744.64,28,1,116,671291649,train,True
671291612,744.76,49,12:30:00,False,,True,False,744.65,29,1,116,671291649,train,True
671291613,744.76,49,12:30:01,False,,True,False,744.65,30,1,116,671291649,train,True
671291614,744.81,49,12:30:02,False,,True,False,744.65,31,1,116,671291649,train,True
671291615,744.74,49,12:30:03,False,,True,False,744.65,32,1,116,671291649,train,True
671291616,744.76,49,12:30:04,False,,True,False,744.65,33,1,116,671291649,train,True
671291617,744.76,49,12:30:05,False,,True,False,744.65,34,1,116,671291649,train,True
671291618,744.83,49,12:30:06,False,,True,False,744.65,35,1,116,671291649,train,True
671291619,744.78,49,12:30:07,False,,True,False,744.65,36,1,116,671291649,train,True
671291620,744.78,49,12:30:08,False,,True,False,744.65,37,1,116,671291649,train,True
671291621,744.78,49,12:30:09,False,,True,False,744.65,38,1,116,671291649,train,True
671291622,744.76,49,12:30:10,False,,True,False,744.65,39,1,116,671291649,train,True
671291623,744.85,49,12:30:11,False,,True,False,744.66,40,1,116,671291649,train,True
671291624,744.78,49,12:30:12,False,,True,False,744.66,41,1,116,671291649,train,True
671291625,744.8,49,12:30:13,False,,True,False,744.66,42,1,116,671291649,train,True
671291626,744.8,49,12:30:14,False,,True,False,744.66,43,1,116,671291649,train,True
671291627,744.76,49,12:30:15,False,,True,False,744.66,44,1,116,671291649,train,True
671291628,744.78,49,12:30:16,False,,True,False,744.66,45,1,116,671291649,train,True
671291629,744.84,49,12:30:17,False,,True,False,744.66,46,1,116,671291649,train,True
671291630,744.76,49,12:30:18,False,,True,False,744.66,47,1,116,671291649,train,True
671291631,744.8,49,12:30:19,False,,True,False,744.66,48,1,116,671291649,train,True
671291632,744.8,49,12:30:20,False,,True,False,744.66,49,1,116,671291649,train,True
671291633,744.78,49,12:30:21,False,,True,False,744.66,50,1,116,671291649,train,True
671291634,744.75,49,12:30:22,False,,True,False,744.67,51,1,116,671291649,train,True
671291635,744.77,49,12:30:23,False,,True,False,744.67,52,1,116,671291649,train,True
671291636,744.73,49,12:30:24,False,,True,True,744.67,53,1,116,671291649,train,True
671291637,744.75,49,12:30:25,False,,True,True,744.67,54,1,116,671291649,train,True
671291638,744.68,49,12:30:26,False,,True,True,744.67,55,1,116,671291649,train,True
671291639,744.79,49,12:30:27,False,,True,True,744.67,56,1,116,671291649,train,True
671291640,744.75,49,12:30:27,False,,True,True,744.67,57,1,116,671291649,train,True
671291641,744.73,49,12:30:28,False,,True,True,744.67,58,1,116,671291649,train,True
671291642,744.61,49,12:30:29,False,,True,True,744.67,59,1,116,671291649,train,True
671291643,744.61,49,12:30:30,False,,True,True,744.67,60,1,116,671291649,train,True
671291644,744.5,49,12:30:31,False,,True,True,744.67,60,1,116,671291649,train,True
671291645,744.39,49,12:30:32,False,,True,True,744.67,60,1,116,671291649,train,True
671294527,746.43,49,13:17:18,False,,True,True,746.39,3,1,117,671294608,train,True
671294528,746.45,49,13:17:19,False,,True,True,746.39,4,1,117,671294608,train,True
671294529,746.39,49,13:17:20,False,,True,True,746.39,5,1,117,671294608,train,True
671294530,746.43,49,13:17:21,False,,True,True,746.39,6,1,117,671294608,train,True
671294531,746.34,49,13:17:22,False,,True,True,746.39,7,1,117,671294608,train,True
671294532,746.43,49,13:17:23,False,,True,True,746.39,8,1,117,671294608,train,True
671294533,746.39,49,13:17:24,False,,True,True,746.39,9,1,117,671294608,train,True
671294534,746.36,49,13:17:25,False,,True,True,746.39,10,1,117,671294608,train,True
671294535,746.45,49,13:17:26,False,,True,True,746.39,11,1,117,671294608,train,True
671294536,746.4,49,13:17:27,False,,True,True,746.4,12,1,117,671294608,train,True
671294537,746.38,49,13:17:28,False,,True,True,746.4,13,1,117,671294608,train,True
671294538,746.4,49,13:17:29,False,,True,True,746.4,14,1,117,671294608,train,True
671294539,746.38,49,13:17:30,False,,True,True,746.4,15,1,117,671294608,train,True
671294540,746.4,49,13:17:31,False,,True,True,746.4,16,1,117,671294608,train,True
671294541,746.38,49,13:17:32,False,,True,True,746.4,17,1,117,671294608,train,True
671294542,746.4,49,13:17:33,False,,True,True,746.4,18,1,117,671294608,train,True
671294543,746.4,49,13:17:34,False,,True,True,746.4,19,1,117,671294608,train,True
671294544,746.42,49,13:17:35,False,,True,True,746.4,20,1,117,671294608,train,True
671294545,746.44,49,13:17:36,False,,True,True,746.4,21,1,117,671294608,train,True
671294546,746.4,49,13:17:36,False,,True,True,746.4,22,1,117,671294608,train,True
671294547,746.4,49,13:17:37,False,,True,True,746.4,23,1,117,671294608,train,True
671294548,746.42,49,13:17:38,False,,True,True,746.4,24,1,117,671294608,train,True
671294549,746.46,49,13:17:39,False,,True,True,746.4,25,1,117,671294608,train,True
671294550,746.44,49,13:17:40,False,,True,True,746.4,26,1,117,671294608,train,True
671294551,746.44,49,13:17:41,False,,True,True,746.4,27,1,117,671294608,train,True
671294552,746.44,49,13:17:42,False,,True,True,746.4,28,1,117,671294608,train,True
671294553,746.46,49,13:17:43,False,,True,True,746.4,29,1,117,671294608,train,True
671294554,746.44,49,13:17:44,False,,True,True,746.4,30,1,117,671294608,train,True
671294555,746.42,49,13:17:45,False,,True,True,746.4,31,1,117,671294608,train,True
671294556,746.39,49,13:17:46,False,,True,True,746.4,32,1,117,671294608,train,True
671294557,746.39,49,13:17:47,False,,True,True,746.4,33,1,117,671294608,train,True
671294558,746.43,49,13:17:48,False,,True,True,746.4,34,1,117,671294608,train,True
671294559,746.37,49,13:17:49,False,,True,True,746.4,35,1,117,671294608,train,True
671294560,746.43,49,13:17:50,False,,True,True,746.4,36,1,117,671294608,train,True
671294561,746.39,49,13:17:51,False,,True,True,746.4,37,1,117,671294608,train,True
671294562,746.41,49,13:17:52,False,,True,True,746.4,38,1,117,671294608,train,True
671294563,746.41,49,13:17:53,False,,True,True,746.4,39,1,117,671294608,train,True
671294564,746.39,49,13:17:54,False,,True,True,746.4,40,1,117,671294608,train,True
671294565,746.41,49,13:17:55,False,,True,True,746.4,41,1,117,671294608,train,True
671294566,746.43,49,13:17:56,False,,True,True,746.4,42,1,117,671294608,train,True
671294567,746.39,49,13:17:57,False,,True,True,746.4,43,1,117,671294608,train,True
671294568,746.43,49,13:17:58,False,,True,True,746.4,44,1,117,671294608,train,True
671294569,746.36,49,13:17:59,False,,True,True,746.4,45,1,117,671294608,train,True
671294570,746.36,49,13:18:00,False,,True,True,746.4,46,1,117,671294608,train,True
671294571,746.35,49,13:18:01,False,,True,True,746.4,47,1,117,671294608,train,True
671294572,746.34,49,13:18:02,False,,True,True,746.4,48,1,117,671294608,train,True
671294573,746.36,49,13:18:03,False,,True,True,746.4,49,1,117,671294608,train,True
671294574,746.38,49,13:18:04,False,,True,True,746.4,50,1,117,671294608,train,True
671294575,746.37,49,13:18:05,False,,True,True,746.4,51,1,117,671294608,train,True
671294576,746.38,49,13:18:06,False,,True,True,746.4,52,1,117,671294608,train,True
671294577,746.29,49,13:18:07,False,,True,True,746.4,53,1,117,671294608,train,True
671294578,746.33,49,13:18:08,False,,True,True,746.41,54,1,117,671294608,train,True
671294579,746.3,49,13:18:09,False,,True,True,746.41,55,1,117,671294608,train,True
671294580,746.24,49,13:18:10,False,,True,True,746.41,56,1,117,671294608,train,True
671294581,746.22,49,13:18:11,False,,True,True,746.41,57,1,117,671294608,train,True
671294582,746.28,49,13:18:12,False,,True,True,746.41,58,1,117,671294608,train,True
671294583,746.19,49,13:18:13,False,,True,True,746.41,59,1,117,671294608,train,True
671294584,746.26,49,13:18:13,False,,True,True,746.41,60,1,117,671294608,train,True
671294585,746.26,49,13:18:14,False,,True,True,746.41,60,1,117,671294608,train,True
671294586,746.21,49,13:18:15,False,,True,True,746.4,60,1,117,671294608,train,True
671302403,740.19,49,15:25:05,False,,True,False,740.53,45,1,118,671302478,train,True
671302404,740.19,49,15:25:06,False,,True,False,740.53,45,1,118,671302478,train,True
671302405,740.19,49,15:25:07,False,,True,False,740.53,45,1,118,671302478,train,True
671302406,740.17,49,15:25:08,False,,True,False,740.53,45,1,118,671302478,train,True
671302407,740.16,49,15:25:09,False,,True,False,740.52,45,1,118,671302478,train,True
671302408,740.16,49,15:25:10,False,,True,False,740.52,45,1,118,671302478,train,True
671302409,740.14,49,15:25:11,False,,True,False,740.52,45,1,118,671302478,train,True
671302410,740.14,49,15:25:12,False,,True,False,740.52,46,1,118,671302478,train,True
671302411,740.21,49,15:25:13,False,,True,False,740.52,47,1,118,671302478,train,True
671302412,740.14,49,15:25:14,False,,True,False,740.52,48,1,118,671302478,train,True
671302413,740.18,49,15:25:15,False,,True,False,740.52,49,1,118,671302478,train,True
671302414,740.09,49,15:25:16,False,,True,False,740.51,50,1,118,671302478,train,True
671302415,740.07,49,15:25:17,False,,True,False,740.51,51,1,118,671302478,train,True
671302416,740.12,49,15:25:18,False,,True,True,740.51,51,1,118,671302478,train,True
671302417,740.16,49,15:25:19,False,,True,True,740.51,51,1,118,671302478,train,True
671302418,740.05,49,15:25:20,False,,True,True,740.51,51,1,118,671302478,train,True
671302419,740.07,49,15:25:21,False,,True,True,740.5,51,1,118,671302478,train,True
671302420,740.03,49,15:25:22,False,,True,True,740.5,51,1,118,671302478,train,True
671302421,740.05,49,15:25:23,False,,True,True,740.5,51,1,118,671302478,train,True
671302422,740.03,49,15:25:24,False,,True,True,740.5,51,1,118,671302478,train,True
671302423,740.09,49,15:25:25,False,,True,True,740.5,51,1,118,671302478,train,True
671302424,740.05,49,15:25:26,False,,True,True,740.5,51,1,118,671302478,train,True
671302425,740.11,49,15:25:27,False,,True,True,740.49,51,1,118,671302478,train,True
671302426,740.07,49,15:25:28,False,,True,True,740.49,51,1,118,671302478,train,True
671302427,740.05,49,15:25:29,False,,True,True,740.49,51,1,118,671302478,train,True
671302428,740.09,49,15:25:30,False,,True,True,740.49,51,1,118,671302478,train,True
671302429,740.11,49,15:25:31,False,,True,True,740.49,51,1,118,671302478,train,True
671302430,740.09,49,15:25:32,False,,True,True,740.49,51,1,118,671302478,train,True
671302431,740.12,49,15:25:33,False,,True,True,740.48,51,1,118,671302478,train,True
671302432,740.05,49,15:25:34,False,,True,True,740.48,51,1,118,671302478,train,True
671302433,740.09,49,15:25:34,False,,True,True,740.48,51,1,118,671302478,train,True
671302434,740.14,49,15:25:35,False,,True,True,740.48,51,1,118,671302478,train,True
671302435,740.16,49,15:25:36,False,,True,True,740.48,51,1,118,671302478,train,True
671302436,740.09,49,15:25:37,False,,True,True,740.48,51,1,118,671302478,train,True
671302437,740.12,49,15:25:38,False,,True,True,740.48,51,1,118,671302478,train,True
671302438,740.14,49,15:25:39,False,,True,True,740.47,51,1,118,671302478,train,True
671302439,740.18,49,15:25:40,False,,True,True,740.47,51,1,118,671302478,train,True
671302440,740.16,49,15:25:41,False,,True,True,740.47,51,1,118,671302478,train,True
671302441,740.13,49,15:25:42,False,,True,True,740.47,51,1,118,671302478,train,True
671302442,740.18,49,15:25:43,False,,True,True,740.47,51,1,118,671302478,train,True
671302443,740.16,49,15:25:44,False,,True,True,740.47,51,1,118,671302478,train,True
671302444,740.15,49,15:25:45,False,,True,True,740.47,51,1,118,671302478,train,True
671302445,740.2,49,15:25:46,False,,True,True,740.46,51,1,118,671302478,train,True
671302446,740.18,49,15:25:47,False,,True,True,740.46,51,1,118,671302478,train,True
671302447,740.14,49,15:25:48,False,,True,True,740.46,51,1,118,671302478,train,True
671302448,740.2,49,15:25:49,False,,True,True,740.46,51,1,118,671302478,train,True
671302449,740.16,49,15:25:50,False,,True,True,740.46,51,1,118,671302478,train,True
671302450,740.23,49,15:25:51,False,,True,True,740.46,51,1,118,671302478,train,True
671302451,740.23,49,15:25:52,False,,True,True,740.46,51,1,118,671302478,train,True
671302452,740.22,49,15:25:53,False,,True,True,740.46,51,1,118,671302478,train,True
671302453,740.2,49,15:25:54,False,,True,True,740.45,51,1,118,671302478,train,True
671302454,740.11,49,15:25:55,False,,True,True,740.45,51,1,118,671302478,train,True
671302455,740.05,49,15:25:56,False,,True,True,740.45,51,1,118,671302478,train,True
671302456,740.02,49,15:25:57,False,,True,True,740.45,51,1,118,671302478,train,True
671302457,740.09,49,15:25:58,False,,True,True,740.45,51,1,118,671302478,train,True
671302458,740.11,49,15:25:59,False,,True,True,740.45,51,1,118,671302478,train,True
671302459,740.02,49,15:26:00,False,,True,True,740.45,52,1,118,671302478,train,True
671302460,740.05,49,15:26:01,False,,True,True,740.45,52,1,118,671302478,train,True
671302461,740.09,49,15:26:02,False,,True,True,740.44,52,1,118,671302478,train,True
671302462,740.09,49,15:26:03,False,,True,True,740.44,53,1,118,671302478,train,True
671302838,739.7,49,15:32:09,False,,True,False,740.0,40,1,119,671302909,train,True
671302839,739.74,49,15:32:10,False,,True,False,740.0,41,1,119,671302909,train,True
671302840,739.74,49,15:32:11,False,,True,False,740.0,42,1,119,671302909,train,True
671302841,739.72,49,15:32:12,False,,True,False,740.0,43,1,119,671302909,train,True
671302842,739.65,49,15:32:13,False,,True,False,739.99,44,1,119,671302909,train,True
671302843,739.63,49,15:32:14,False,,True,False,739.99,45,1,119,671302909,train,True
671302844,739.61,49,15:32:15,False,,True,False,739.99,46,1,119,671302909,train,True
671302845,739.63,49,15:32:16,False,,True,False,739.99,47,1,119,671302909,train,True
671302846,739.67,49,15:32:17,False,,True,False,739.99,47,1,119,671302909,train,True
671302847,739.65,49,15:32:18,False,,True,False,739.99,48,1,119,671302909,train,True
671302848,739.67,49,15:32:18,False,,True,False,739.99,49,1,119,671302909,train,True
671302849,739.72,49,15:32:19,False,,True,False,739.99,50,1,119,671302909,train,True
671302850,739.68,49,15:32:20,False,,True,False,739.98,51,1,119,671302909,train,True
671302851,739.63,49,15:32:21,False,,True,False,739.98,52,1,119,671302909,train,True
671302852,739.64,49,15:32:22,False,,True,False,739.98,52,1,119,671302909,train,True
671302853,739.67,49,15:32:23,False,,True,False,739.98,52,1,119,671302909,train,True
671302854,739.63,49,15:32:24,False,,True,False,739.98,52,1,119,671302909,train,True
671302855,739.65,49,15:32:25,False,,True,False,739.98,52,1,119,671302909,train,True
671302856,739.66,49,15:32:26,False,,True,False,739.98,52,1,119,671302909,train,True
671302857,739.65,49,15:32:27,False,,True,False,739.98,52,1,119,671302909,train,True
671302858,739.63,49,15:32:28,False,,True,False,739.97,52,1,119,671302909,train,True
671302859,739.65,49,15:32:29,False,,True,False,739.97,52,1,119,671302909,train,True
671302860,739.68,49,15:32:30,False,,True,False,739.97,52,1,119,671302909,train,True
671302861,739.66,49,15:32:31,False,,True,False,739.97,52,1,119,671302909,train,True
671302862,739.7,49,15:32:32,False,,True,False,739.97,52,1,119,671302909,train,True
671302863,739.68,49,15:32:33,False,,True,False,739.97,52,1,119,671302909,train,True
671302864,739.7,49,15:32:34,False,,True,False,739.97,52,1,119,671302909,train,True
671302865,739.63,49,15:32:35,False,,True,True,739.97,52,1,119,671302909,train,True
671302866,739.72,49,15:32:36,False,,True,True,739.97,52,1,119,671302909,train,True
671302867,739.64,49,15:32:37,False,,True,True,739.96,52,1,119,671302909,train,True
671302868,739.72,49,15:32:38,False,,True,True,739.96,52,1,119,671302909,train,True
671302869,739.68,49,15:32:39,False,,True,True,739.96,52,1,119,671302909,train,True
671302870,739.7,49,15:32:40,False,,True,True,739.96,52,1,119,671302909,train,True
671302871,739.61,49,15:32:41,False,,True,True,739.96,52,1,119,671302909,train,True
671302872,739.7,49,15:32:42,False,,True,True,739.96,52,1,119,671302909,train,True
671302873,739.64,49,15:32:43,False,,True,True,739.96,52,1,119,671302909,train,True
671302874,739.7,49,15:32:44,False,,True,True,739.96,52,1,119,671302909,train,True
671302875,739.64,49,15:32:45,False,,True,True,739.95,52,1,119,671302909,train,True
671302876,739.63,49,15:32:46,False,,True,True,739.95,52,1,119,671302909,train,True
671302877,739.63,49,15:32:47,False,,True,True,739.95,52,1,119,671302909,train,True
671302878,739.63,49,15:32:48,False,,True,True,739.95,52,1,119,671302909,train,True
671302879,739.61,49,15:32:49,False,,True,True,739.95,52,1,119,671302909,train,True
671302880,739.65,49,15:32:50,False,,True,True,739.95,52,1,119,671302909,train,True
671302881,739.59,49,15:32:51,False,,True,True,739.95,52,1,119,671302909,train,True
671302882,739.59,49,15:32:52,False,,True,True,739.94,52,1,119,671302909,train,True
671302883,739.57,49,15:32:53,False,,True,True,739.94,52,1,119,671302909,train,True
671302884,739.59,49,15:32:54,False,,True,True,739.94,52,1,119,671302909,train,True
671302885,739.61,49,15:32:55,False,,True,True,739.94,52,1,119,671302909,train,True
671302886,739.59,49,15:32:55,False,,True,True,739.94,53,1,119,671302909,train,True
671302887,739.57,49,15:32:56,False,,True,True,739.94,54,1,119,671302909,train,True
671302888,739.59,49,15:32:57,False,,True,True,739.94,55,1,119,671302909,train,True
671302889,739.63,49,15:32:58,False,,True,True,739.94,56,1,119,671302909,train,True
671302890,739.57,49,15:32:59,False,,True,True,739.93,57,1,119,671302909,train,True
671302891,739.61,49,15:33:00,False,,True,True,739.93,58,1,119,671302909,train,True
671302892,739.63,49,15:33:01,False,,True,True,739.93,59,1,119,671302909,train,True
671302893,739.43,49,15:33:02,False,,True,True,739.93,60,1,119,671302909,train,True
671302894,739.46,49,15:33:03,False,,True,True,739.93,60,1,119,671302909,train,True
671302895,739.43,49,15:33:04,False,,True,True,739.93,60,1,119,671302909,train,True
671302896,739.41,49,15:33:05,False,,True,True,739.93,60,1,119,671302909,train,True
671302897,739.5,49,15:33:06,False,,True,True,739.92,60,1,119,671302909,train,True
671308182,738.75,49,16:58:51,False,,True,True,738.86,41,1,120,671308300,train,True
671308183,738.73,49,16:58:52,False,,True,True,738.86,41,1,120,671308300,train,True
671308184,738.75,49,16:58:53,False,,True,True,738.86,41,1,120,671308300,train,True
671308185,738.73,49,16:58:54,False,,True,True,738.86,41,1,120,671308300,train,True
671308186,738.67,49,16:58:55,False,,True,True,738.86,41,1,120,671308300,train,True
671308187,738.78,49,16:58:56,False,,True,True,738.86,41,1,120,671308300,train,True
671308188,738.76,49,16:58:57,False,,True,True,738.86,41,1,120,671308300,train,True
671308189,738.78,49,16:58:58,False,,True,True,738.86,41,1,120,671308300,train,True
671308190,738.83,49,16:58:59,False,,True,True,738.86,41,1,120,671308300,train,True
671308191,738.83,49,16:59:00,False,,True,True,738.86,41,1,120,671308300,train,True
671308192,738.76,49,16:59:01,False,,True,True,738.86,41,1,120,671308300,train,True
671308193,738.81,49,16:59:02,False,,True,True,738.86,41,1,120,671308300,train,True
671308194,738.79,49,16:59:03,False,,True,True,738.86,41,1,120,671308300,train,True
671308195,738.81,49,16:59:04,False,,True,True,738.86,41,1,120,671308300,train,True
671308196,738.73,49,16:59:05,False,,True,True,738.86,41,1,120,671308300,train,True
671308197,738.68,49,16:59:06,False,,True,True,738.86,41,1,120,671308300,train,True
671308198,738.78,49,16:59:07,False,,True,True,738.86,41,1,120,671308300,train,True
671308199,738.78,49,16:59:08,False,,True,True,738.86,41,1,120,671308300,train,True
671308200,738.82,49,16:59:09,False,,True,True,738.86,41,1,120,671308300,train,True
671308201,738.76,49,16:59:10,False,,True,True,738.86,41,1,120,671308300,train,True
671308202,738.8,49,16:59:11,False,,True,True,738.86,41,1,120,671308300,train,True
671308203,738.76,49,16:59:12,False,,True,True,738.86,41,1,120,671308300,train,True
671308204,738.76,49,16:59:13,False,,True,True,738.86,41,1,120,671308300,train,True
671308205,738.76,49,16:59:14,False,,True,True,738.86,41,1,120,671308300,train,True
671308206,738.7,49,16:59:14,False,,True,True,738.86,41,1,120,671308300,train,True
671308207,738.81,49,16:59:15,False,,True,True,738.86,41,1,120,671308300,train,True
671308208,738.74,49,16:59:16,False,,True,True,738.86,41,1,120,671308300,train,True
671308209,738.72,49,16:59:17,False,,True,True,738.87,41,1,120,671308300,train,True
671308210,738.77,49,16:59:18,False,,True,True,738.86,41,1,120,671308300,train,True
671308211,738.79,49,16:59:19,False,,True,True,738.87,41,1,120,671308300,train,True
671308212,738.73,49,16:59:20,False,,True,True,738.87,41,1,120,671308300,train,True
671308213,738.77,49,16:59:21,False,,True,True,738.87,41,1,120,671308300,train,True
671308214,738.71,49,16:59:22,False,,True,True,738.87,41,1,120,671308300,train,True
671308215,738.77,49,16:59:23,False,,True,True,738.87,41,1,120,671308300,train,True
671308216,738.74,49,16:59:24,False,,True,True,738.87,41,1,120,671308300,train,True
671308217,738.76,49,16:59:25,False,,True,True,738.87,42,1,120,671308300,train,True
671308218,738.74,49,16:59:26,False,,True,True,738.87,43,1,120,671308300,train,True
671308219,738.76,49,16:59:27,False,,True,True,738.87,44,1,120,671308300,train,True
671308220,738.76,49,16:59:28,False,,True,True,738.87,45,1,120,671308300,train,True
671308221,738.74,49,16:59:29,False,,True,True,738.87,46,1,120,671308300,train,True
671308222,738.76,49,16:59:30,False,,True,True,738.87,47,1,120,671308300,train,True
671308223,738.7,49,16:59:31,False,,True,True,738.87,48,1,120,671308300,train,True
671308224,738.77,49,16:59:32,False,,True,True,738.87,49,1,120,671308300,train,True
671308225,738.79,49,16:59:33,False,,True,True,738.87,50,1,120,671308300,train,True
671308226,738.73,49,16:59:34,False,,True,True,738.87,51,1,120,671308300,train,True
671308227,738.75,49,16:59:35,False,,True,True,738.87,52,1,120,671308300,train,True
671308228,738.73,49,16:59:36,False,,True,True,738.87,53,1,120,671308300,train,True
671308229,738.79,49,16:59:37,False,,True,True,738.86,54,1,120,671308300,train,True
671308230,738.78,49,16:59:38,False,,True,True,738.86,55,1,120,671308300,train,True
671308231,738.6,49,16:59:39,False,,True,True,738.86,56,1,120,671308300,train,True
671308232,738.67,49,16:59:40,False,,True,True,738.86,57,1,120,671308300,train,True
671308233,738.62,49,16:59:41,False,,True,True,738.86,57,1,120,671308300,train,True
671308234,738.65,49,16:59:42,False,,True,True,738.86,58,1,120,671308300,train,True
671308235,738.56,49,16:59:43,False,,True,True,738.86,59,1,120,671308300,train,True
671308236,738.61,49,16:59:44,False,,True,True,738.86,60,1,120,671308300,train,True
671308237,738.58,49,16:59:45,False,,True,True,738.86,60,1,120,671308300,train,True
671308238,738.63,49,16:59:46,False,,True,True,738.86,60,1,120,671308300,train,True
671308239,738.59,49,16:59:47,False,,True,True,738.86,60,1,120,671308300,train,True
671308240,738.66,49,16:59:48,False,,True,True,738.86,60,1,120,671308300,train,True
671308241,738.63,49,16:59:49,False,,True,True,738.86,60,1,120,671308300,train,True
671375977,741.07,50,11:18:50,False,,True,True,741.14,59,1,121,671376036,train,True
671375978,741.04,50,11:18:51,False,,True,True,741.14,60,1,121,671376036,train,True
671375979,741.09,50,11:18:51,False,,True,True,741.14,60,1,121,671376036,train,True
671375980,741.04,50,11:18:52,False,,True,True,741.14,60,1,121,671376036,train,True
671375981,741.09,50,11:18:53,False,,True,True,741.14,60,1,121,671376036,train,True
671375982,741.08,50,11:18:54,False,,True,True,741.13,60,1,121,671376036,train,True
671375983,741.08,50,11:18:55,False,,True,True,741.13,60,1,121,671376036,train,True
671375984,741.05,50,11:18:56,False,,True,True,741.13,60,1,121,671376036,train,True
671375985,741.05,50,11:18:57,False,,True,True,741.13,60,1,121,671376036,train,True
671375986,741.05,50,11:18:58,False,,True,True,741.13,60,1,121,671376036,train,True
671375987,741.05,50,11:18:59,False,,True,True,741.13,60,1,121,671376036,train,True
671375988,741.0,50,11:19:00,False,,True,True,741.13,60,1,121,671376036,train,True
671375989,740.98,50,11:19:01,False,,True,True,741.13,60,1,121,671376036,train,True
671375990,741.06,50,11:19:02,False,,True,True,741.13,60,1,121,671376036,train,True
671375991,741.0,50,11:19:03,False,,True,True,741.13,60,1,121,671376036,train,True
671375992,741.04,50,11:19:04,False,,True,True,741.13,60,1,121,671376036,train,True
671375993,740.99,50,11:19:05,False,,True,True,741.13,60,1,121,671376036,train,True
671375994,740.99,50,11:19:06,False,,True,True,741.13,60,1,121,671376036,train,True
671375995,741.01,50,11:19:07,False,,True,True,741.13,60,1,121,671376036,train,True
671375996,741.01,50,11:19:08,False,,True,True,741.13,60,1,121,671376036,train,True
671375997,740.96,50,11:19:09,False,,True,True,741.13,60,1,121,671376036,train,True
671375998,740.98,50,11:19:10,False,,True,True,741.13,60,1,121,671376036,train,True
671375999,740.94,50,11:19:11,False,,True,True,741.13,60,1,121,671376036,train,True
671376000,740.95,50,11:19:12,False,,True,True,741.13,60,1,121,671376036,train,True
671376001,740.98,50,11:19:13,True,122.0,True,True,741.13,60,1,121,671376036,train,True
671376002,740.97,50,11:19:14,True,122.0,True,True,741.13,60,1,121,671376036,train,True
671376003,740.9,50,11:19:15,True,122.0,True,True,741.13,60,1,121,671376036,train,True
671376004,740.91,50,11:19:16,True,122.0,True,True,741.13,60,1,121,671376036,train,True
671376005,740.92,50,11:19:17,True,122.0,True,True,741.13,60,1,121,671376036,train,True
671376006,740.92,50,11:19:18,True,122.0,True,True,741.13,60,1,121,671376036,train,True
671376007,740.94,50,11:19:19,True,122.0,True,True,741.13,60,1,121,671376036,train,True
671376008,740.9,50,11:19:20,True,122.0,True,True,741.13,60,1,121,671376036,train,True
671376009,740.94,50,11:19:21,True,122.0,True,True,741.13,60,1,121,671376036,train,True
671376010,740.82,50,11:19:22,True,122.0,True,True,741.13,60,1,121,671376036,train,True
671376011,740.91,50,11:19:23,True,122.0,True,True,741.13,60,1,121,671376036,train,True
671376012,740.87,50,11:19:24,True,122.0,True,True,741.13,60,1,121,671376036,train,True
671376013,740.97,50,11:19:25,True,122.0,True,True,741.13,60,1,121,671376036,train,True
671376014,740.89,50,11:19:26,True,122.0,True,True,741.13,60,1,121,671376036,train,True
671376015,740.88,50,11:19:27,True,122.0,True,True,741.13,60,1,121,671376036,train,True
671376016,740.79,50,11:19:27,True,122.0,True,True,741.13,60,1,121,671376036,train,True
671376017,740.74,50,11:19:28,True,122.0,True,True,741.12,60,1,121,671376036,train,True
671376018,740.74,50,11:19:29,True,122.0,True,True,741.12,60,1,121,671376036,train,True
671376019,740.6,50,11:19:30,True,122.0,True,True,741.12,60,1,121,671376036,train,True
671376020,740.58,50,11:19:31,True,122.0,True,True,741.12,60,1,121,671376036,train,True
671376021,740.55,50,11:19:32,True,122.0,True,True,741.12,60,1,121,671376036,train,True
671376022,740.64,50,11:19:33,True,122.0,True,True,741.12,60,1,121,671376036,train,True
671376023,740.62,50,11:19:34,True,122.0,True,True,741.12,60,1,121,671376036,train,True
671376024,740.64,50,11:19:35,True,122.0,True,True,741.12,60,1,121,671376036,train,True
671376025,740.62,50,11:19:36,True,122.0,True,True,741.12,60,1,121,671376036,train,True
671376026,740.7,50,11:19:37,True,122.0,True,True,741.12,60,1,121,671376036,train,True
671376027,740.61,50,11:19:38,True,122.0,True,True,741.11,60,1,121,671376036,train,True
671376028,740.61,50,11:19:39,True,122.0,True,True,741.11,60,1,121,671376036,train,True
671376029,740.74,50,11:19:40,True,122.0,True,True,741.11,60,1,121,671376036,train,True
671376030,740.6,50,11:19:41,True,122.0,True,True,741.11,60,1,121,671376036,train,True
671376031,740.6,50,11:19:42,True,122.0,True,True,741.11,60,1,121,671376036,train,True
671376032,740.66,50,11:19:43,True,122.0,True,True,741.11,60,1,121,671376036,train,True
671376033,740.62,50,11:19:44,True,122.0,True,True,741.11,60,1,121,671376036,train,True
671376034,740.68,50,11:19:45,True,122.0,True,True,741.11,60,1,121,671376036,train,True
671376035,740.68,50,11:19:46,True,122.0,True,True,741.11,60,1,121,671376036,train,True
671376036,740.68,50,11:19:47,True,122.0,True,True,741.11,60,1,121,671376036,train,True
671375990,741.06,50,11:19:02,False,,True,True,741.13,60,1,122,671376059,train,True
671375991,741.0,50,11:19:03,False,,True,True,741.13,60,1,122,671376059,train,True
671375992,741.04,50,11:19:04,False,,True,True,741.13,60,1,122,671376059,train,True
671375993,740.99,50,11:19:05,False,,True,True,741.13,60,1,122,671376059,train,True
671375994,740.99,50,11:19:06,False,,True,True,741.13,60,1,122,671376059,train,True
671375995,741.01,50,11:19:07,False,,True,True,741.13,60,1,122,671376059,train,True
671375996,741.01,50,11:19:08,False,,True,True,741.13,60,1,122,671376059,train,True
671375997,740.96,50,11:19:09,False,,True,True,741.13,60,1,122,671376059,train,True
671375998,740.98,50,11:19:10,False,,True,True,741.13,60,1,122,671376059,train,True
671375999,740.94,50,11:19:11,False,,True,True,741.13,60,1,122,671376059,train,True
671376000,740.95,50,11:19:12,False,,True,True,741.13,60,1,122,671376059,train,True
671376001,740.98,50,11:19:13,True,122.0,True,True,741.13,60,1,122,671376059,train,True
671376002,740.97,50,11:19:14,True,122.0,True,True,741.13,60,1,122,671376059,train,True
671376003,740.9,50,11:19:15,True,122.0,True,True,741.13,60,1,122,671376059,train,True
671376004,740.91,50,11:19:16,True,122.0,True,True,741.13,60,1,122,671376059,train,True
671376005,740.92,50,11:19:17,True,122.0,True,True,741.13,60,1,122,671376059,train,True
671376006,740.92,50,11:19:18,True,122.0,True,True,741.13,60,1,122,671376059,train,True
671376007,740.94,50,11:19:19,True,122.0,True,True,741.13,60,1,122,671376059,train,True
671376008,740.9,50,11:19:20,True,122.0,True,True,741.13,60,1,122,671376059,train,True
671376009,740.94,50,11:19:21,True,122.0,True,True,741.13,60,1,122,671376059,train,True
671376010,740.82,50,11:19:22,True,122.0,True,True,741.13,60,1,122,671376059,train,True
671376011,740.91,50,11:19:23,True,122.0,True,True,741.13,60,1,122,671376059,train,True
671376012,740.87,50,11:19:24,True,122.0,True,True,741.13,60,1,122,671376059,train,True
671376013,740.97,50,11:19:25,True,122.0,True,True,741.13,60,1,122,671376059,train,True
671376014,740.89,50,11:19:26,True,122.0,True,True,741.13,60,1,122,671376059,train,True
671376015,740.88,50,11:19:27,True,122.0,True,True,741.13,60,1,122,671376059,train,True
671376016,740.79,50,11:19:27,True,122.0,True,True,741.13,60,1,122,671376059,train,True
671376017,740.74,50,11:19:28,True,122.0,True,True,741.12,60,1,122,671376059,train,True
671376018,740.74,50,11:19:29,True,122.0,True,True,741.12,60,1,122,671376059,train,True
671376019,740.6,50,11:19:30,True,122.0,True,True,741.12,60,1,122,671376059,train,True
671376020,740.58,50,11:19:31,True,122.0,True,True,741.12,60,1,122,671376059,train,True
671376021,740.55,50,11:19:32,True,122.0,True,True,741.12,60,1,122,671376059,train,True
671376022,740.64,50,11:19:33,True,122.0,True,True,741.12,60,1,122,671376059,train,True
671376023,740.62,50,11:19:34,True,122.0,True,True,741.12,60,1,122,671376059,train,True
671376024,740.64,50,11:19:35,True,122.0,True,True,741.12,60,1,122,671376059,train,True
671376025,740.62,50,11:19:36,True,122.0,True,True,741.12,60,1,122,671376059,train,True
671376026,740.7,50,11:19:37,True,122.0,True,True,741.12,60,1,122,671376059,train,True
671376027,740.61,50,11:19:38,True,122.0,True,True,741.11,60,1,122,671376059,train,True
671376028,740.61,50,11:19:39,True,122.0,True,True,741.11,60,1,122,671376059,train,True
671376029,740.74,50,11:19:40,True,122.0,True,True,741.11,60,1,122,671376059,train,True
671376030,740.6,50,11:19:41,True,122.0,True,True,741.11,60,1,122,671376059,train,True
671376031,740.6,50,11:19:42,True,122.0,True,True,741.11,60,1,122,671376059,train,True
671376032,740.66,50,11:19:43,True,122.0,True,True,741.11,60,1,122,671376059,train,True
671376033,740.62,50,11:19:44,True,122.0,True,True,741.11,60,1,122,671376059,train,True
671376034,740.68,50,11:19:45,True,122.0,True,True,741.11,60,1,122,671376059,train,True
671376035,740.68,50,11:19:46,True,122.0,True,True,741.11,60,1,122,671376059,train,True
671376036,740.68,50,11:19:47,True,122.0,True,True,741.11,60,1,122,671376059,train,True
671376037,740.7,50,11:19:48,True,122.0,True,True,741.11,60,1,122,671376059,train,True
671376038,740.72,50,11:19:49,True,122.0,True,True,741.1,60,1,122,671376059,train,True
671376039,740.77,50,11:19:50,True,122.0,True,True,741.1,60,1,122,671376059,train,True
671376040,740.81,50,11:19:51,True,122.0,True,True,741.1,60,1,122,671376059,train,True
671376041,740.81,50,11:19:52,True,122.0,True,True,741.1,60,1,122,671376059,train,True
671376042,740.76,50,11:19:53,True,122.0,True,True,741.1,60,1,122,671376059,train,True
671376043,740.84,50,11:19:54,True,122.0,True,True,741.1,60,1,122,671376059,train,True
671376044,740.85,50,11:19:55,True,122.0,True,True,741.1,60,1,122,671376059,train,True
671376045,740.86,50,11:19:56,True,122.0,True,True,741.1,60,1,122,671376059,train,True
671376046,740.82,50,11:19:57,True,122.0,True,True,741.1,60,1,122,671376059,train,True
671376047,740.84,50,11:19:58,True,122.0,True,True,741.1,60,1,122,671376059,train,True
671376048,740.82,50,11:19:59,True,122.0,True,True,741.1,60,1,122,671376059,train,True
671376049,740.77,50,11:20:00,True,122.0,True,True,741.1,60,1,122,671376059,train,True
671376273,741.47,50,11:23:38,False,,True,False,741.13,49,1,123,671376348,train,True
671376274,741.45,50,11:23:39,False,,True,False,741.13,49,1,123,671376348,train,True
671376275,741.45,50,11:23:40,False,,True,False,741.13,49,1,123,671376348,train,True
671376276,741.46,50,11:23:41,False,,True,False,741.13,49,1,123,671376348,train,True
671376277,741.42,50,11:23:42,False,,True,False,741.13,49,1,123,671376348,train,True
671376278,741.5,50,11:23:43,False,,True,False,741.13,49,1,123,671376348,train,True
671376279,741.43,50,11:23:44,False,,True,False,741.13,49,1,123,671376348,train,True
671376280,741.48,50,11:23:44,False,,True,False,741.14,49,1,123,671376348,train,True
671376281,741.41,50,11:23:45,False,,True,False,741.14,49,1,123,671376348,train,True
671376282,741.5,50,11:23:46,False,,True,False,741.14,49,1,123,671376348,train,True
671376283,741.45,50,11:23:47,False,,True,False,741.14,49,1,123,671376348,train,True
671376284,741.47,50,11:23:48,False,,True,False,741.14,49,1,123,671376348,train,True
671376285,741.45,50,11:23:49,False,,True,False,741.14,49,1,123,671376348,train,True
671376286,741.42,50,11:23:50,False,,True,True,741.14,49,1,123,671376348,train,True
671376287,741.54,50,11:23:51,False,,True,True,741.14,49,1,123,671376348,train,True
671376288,741.49,50,11:23:52,False,,True,True,741.14,49,1,123,671376348,train,True
671376289,741.53,50,11:23:53,False,,True,True,741.14,49,1,123,671376348,train,True
671376290,741.53,50,11:23:54,False,,True,True,741.14,49,1,123,671376348,train,True
671376291,741.53,50,11:23:55,False,,True,True,741.14,49,1,123,671376348,train,True
671376292,741.55,50,11:23:56,False,,True,True,741.14,49,1,123,671376348,train,True
671376293,741.51,50,11:23:57,False,,True,True,741.14,49,1,123,671376348,train,True
671376294,741.5,50,11:23:58,False,,True,True,741.14,49,1,123,671376348,train,True
671376295,741.54,50,11:23:59,False,,True,True,741.14,49,1,123,671376348,train,True
671376296,741.48,50,11:24:00,False,,True,True,741.14,49,1,123,671376348,train,True
671376297,741.49,50,11:24:01,False,,True,True,741.15,49,1,123,671376348,train,True
671376298,741.47,50,11:24:02,False,,True,True,741.15,49,1,123,671376348,train,True
671376299,741.49,50,11:24:03,False,,True,True,741.15,49,1,123,671376348,train,True
671376300,741.51,50,11:24:04,False,,True,True,741.15,49,1,123,671376348,train,True
671376301,741.51,50,11:24:05,False,,True,True,741.15,49,1,123,671376348,train,True
671376302,741.48,50,11:24:06,False,,True,True,741.15,49,1,123,671376348,train,True
671376303,741.46,50,11:24:07,False,,True,True,741.15,49,1,123,671376348,train,True
671376304,741.53,50,11:24:08,False,,True,True,741.15,49,1,123,671376348,train,True
671376305,741.55,50,11:24:09,False,,True,True,741.15,49,1,123,671376348,train,True
671376306,741.56,50,11:24:10,False,,True,True,741.15,49,1,123,671376348,train,True
671376307,741.52,50,11:24:11,False,,True,True,741.15,49,1,123,671376348,train,True
671376308,741.54,50,11:24:12,False,,True,True,741.16,49,1,123,671376348,train,True
671376309,741.5,50,11:24:13,False,,True,True,741.16,49,1,123,671376348,train,True
671376310,741.47,50,11:24:14,False,,True,True,741.16,49,1,123,671376348,train,True
671376311,741.51,50,11:24:15,False,,True,True,741.16,49,1,123,671376348,train,True
671376312,741.53,50,11:24:16,False,,True,True,741.16,49,1,123,671376348,train,True
671376313,741.56,50,11:24:17,False,,True,True,741.16,49,1,123,671376348,train,True
671376314,741.51,50,11:24:18,False,,True,True,741.16,49,1,123,671376348,train,True
671376315,741.46,50,11:24:19,False,,True,True,741.16,49,1,123,671376348,train,True
671376316,741.53,50,11:24:20,False,,True,True,741.16,49,1,123,671376348,train,True
671376317,741.44,50,11:24:21,False,,True,True,741.16,49,1,123,671376348,train,True
671376318,741.44,50,11:24:21,False,,True,True,741.16,49,1,123,671376348,train,True
671376319,741.41,50,11:24:22,False,,True,True,741.16,50,1,123,671376348,train,True
671376320,741.43,50,11:24:23,False,,True,True,741.17,51,1,123,671376348,train,True
671376321,741.41,50,11:24:24,False,,True,True,741.17,52,1,123,671376348,train,True
671376322,741.43,50,11:24:25,False,,True,True,741.17,53,1,123,671376348,train,True
671376323,741.4,50,11:24:26,False,,True,True,741.17,54,1,123,671376348,train,True
671376324,741.35,50,11:24:27,False,,True,True,741.17,55,1,123,671376348,train,True
671376325,741.38,50,11:24:28,False,,True,True,741.17,56,1,123,671376348,train,True
671376326,741.42,50,11:24:29,False,,True,True,741.17,57,1,123,671376348,train,True
671376327,741.31,50,11:24:30,False,,True,True,741.17,58,1,123,671376348,train,True
671376328,741.33,50,11:24:31,False,,True,True,741.17,59,1,123,671376348,train,True
671376329,741.3,50,11:24:32,False,,True,True,741.17,60,1,123,671376348,train,True
671376330,741.28,50,11:24:33,False,,True,True,741.17,60,1,123,671376348,train,True
671376331,741.23,50,11:24:34,False,,True,True,741.17,60,1,123,671376348,train,True
671376332,741.21,50,11:24:35,False,,True,True,741.17,60,1,123,671376348,train,True
671376778,741.77,50,11:31:49,False,,True,False,741.63,4,1,124,671376844,train,True
671376779,741.79,50,11:31:50,False,,True,False,741.63,4,1,124,671376844,train,True
671376780,741.79,50,11:31:51,False,,True,False,741.63,5,1,124,671376844,train,True
671376781,741.81,50,11:31:52,False,,True,False,741.63,6,1,124,671376844,train,True
671376782,741.79,50,11:31:53,False,,True,False,741.63,7,1,124,671376844,train,True
671376783,741.76,50,11:31:54,False,,True,False,741.63,8,1,124,671376844,train,True
671376784,741.79,50,11:31:55,False,,True,False,741.63,9,1,124,671376844,train,True
671376785,741.8,50,11:31:56,False,,True,False,741.63,10,1,124,671376844,train,True
671376786,741.85,50,11:31:57,False,,True,False,741.63,11,1,124,671376844,train,True
671376787,741.8,50,11:31:58,False,,True,False,741.63,12,1,124,671376844,train,True
671376788,741.78,50,11:31:59,False,,True,False,741.63,13,1,124,671376844,train,True
671376789,741.78,50,11:32:00,False,,True,False,741.63,14,1,124,671376844,train,True
671376790,741.73,50,11:32:01,False,,True,False,741.64,15,1,124,671376844,train,True
671376791,741.78,50,11:32:02,False,,True,False,741.64,16,1,124,671376844,train,True
671376792,741.75,50,11:32:03,False,,True,False,741.64,17,1,124,671376844,train,True
671376793,741.79,50,11:32:04,False,,True,False,741.64,18,1,124,671376844,train,True
671376794,741.72,50,11:32:05,False,,True,False,741.64,19,1,124,671376844,train,True
671376795,741.79,50,11:32:06,False,,True,False,741.64,20,1,124,671376844,train,True
671376796,741.79,50,11:32:07,False,,True,False,741.64,21,1,124,671376844,train,True
671376797,741.83,50,11:32:08,False,,True,False,741.64,22,1,124,671376844,train,True
671376798,741.78,50,11:32:09,False,,True,False,741.64,23,1,124,671376844,train,True
671376799,741.78,50,11:32:10,False,,True,False,741.64,24,1,124,671376844,train,True
671376800,741.74,50,11:32:11,False,,True,False,741.64,25,1,124,671376844,train,True
671376801,741.73,50,11:32:12,False,,True,False,741.64,26,1,124,671376844,train,True
671376802,741.73,50,11:32:13,False,,True,False,741.64,27,1,124,671376844,train,True
671376803,741.73,50,11:32:14,False,,True,False,741.64,28,1,124,671376844,train,True
671376804,741.71,50,11:32:15,False,,True,False,741.64,29,1,124,671376844,train,True
671376805,741.73,50,11:32:16,False,,True,False,741.64,30,1,124,671376844,train,True
671376806,741.77,50,11:32:17,False,,True,False,741.64,31,1,124,671376844,train,True
671376807,741.71,50,11:32:18,False,,True,False,741.64,32,1,124,671376844,train,True
671376808,741.75,50,11:32:19,False,,True,False,741.64,33,1,124,671376844,train,True
671376809,741.72,50,11:32:19,False,,True,False,741.64,34,1,124,671376844,train,True
671376810,741.68,50,11:32:20,False,,True,False,741.64,35,1,124,671376844,train,True
671376811,741.74,50,11:32:21,False,,True,False,741.65,36,1,124,671376844,train,True
671376812,741.72,50,11:32:22,False,,True,False,741.65,37,1,124,671376844,train,True
671376813,741.72,50,11:32:23,False,,True,False,741.65,38,1,124,671376844,train,True
671376814,741.7,50,11:32:24,False,,True,False,741.65,39,1,124,671376844,train,True
671376815,741.67,50,11:32:25,False,,True,False,741.65,40,1,124,671376844,train,True
671376816,741.71,50,11:32:26,False,,True,False,741.65,41,1,124,671376844,train,True
671376817,741.69,50,11:32:27,False,,True,False,741.65,42,1,124,671376844,train,True
671376818,741.69,50,11:32:28,False,,True,False,741.65,43,1,124,671376844,train,True
671376819,741.71,50,11:32:29,False,,True,False,741.65,44,1,124,671376844,train,True
671376820,741.68,50,11:32:30,False,,True,True,741.65,45,1,124,671376844,train,True
671376821,741.73,50,11:32:31,False,,True,True,741.65,46,1,124,671376844,train,True
671376822,741.75,50,11:32:32,False,,True,True,741.65,47,1,124,671376844,train,True
671376823,741.73,50,11:32:33,False,,True,True,741.65,48,1,124,671376844,train,True
671376824,741.75,50,11:32:34,False,,True,True,741.65,49,1,124,671376844,train,True
671376825,741.73,50,11:32:35,False,,True,True,741.65,50,1,124,671376844,train,True
671376826,741.74,50,11:32:36,False,,True,True,741.65,51,1,124,671376844,train,True
671376827,741.72,50,11:32:37,False,,True,True,741.65,52,1,124,671376844,train,True
671376828,741.76,50,11:32:38,False,,True,True,741.65,53,1,124,671376844,train,True
671376829,741.72,50,11:32:39,False,,True,True,741.66,54,1,124,671376844,train,True
671376830,741.7,50,11:32:40,False,,True,True,741.66,55,1,124,671376844,train,True
671376831,741.72,50,11:32:41,False,,True,True,741.66,56,1,124,671376844,train,True
671376832,741.67,50,11:32:42,False,,True,True,741.66,57,1,124,671376844,train,True
671376833,741.64,50,11:32:43,False,,True,True,741.66,58,1,124,671376844,train,True
671376834,741.62,50,11:32:44,False,,True,True,741.66,59,1,124,671376844,train,True
671376835,741.59,50,11:32:45,False,,True,True,741.66,60,1,124,671376844,train,True
671376836,741.5,50,11:32:46,False,,True,True,741.66,60,1,124,671376844,train,True
671376837,741.39,50,11:32:47,False,,True,True,741.66,60,1,124,671376844,train,True
671377848,742.48,50,11:49:11,False,,True,False,742.36,29,1,125,671377912,train,True
671377849,742.5,50,11:49:12,False,,True,False,742.36,30,1,125,671377912,train,True
671377850,742.46,50,11:49:13,False,,True,False,742.36,31,1,125,671377912,train,True
671377851,742.5,50,11:49:14,False,,True,False,742.36,32,1,125,671377912,train,True
671377852,742.48,50,11:49:15,False,,True,False,742.36,33,1,125,671377912,train,True
671377853,742.52,50,11:49:16,False,,True,False,742.36,34,1,125,671377912,train,True
671377854,742.54,50,11:49:17,False,,True,False,742.36,35,1,125,671377912,train,True
671377855,742.52,50,11:49:18,False,,True,False,742.36,36,1,125,671377912,train,True
671377856,742.56,50,11:49:19,False,,True,False,742.36,37,1,125,671377912,train,True
671377857,742.49,50,11:49:20,False,,True,False,742.36,38,1,125,671377912,train,True
671377858,742.51,50,11:49:21,False,,True,False,742.36,39,1,125,671377912,train,True
671377859,742.49,50,11:49:22,False,,True,False,742.36,40,1,125,671377912,train,True
671377860,742.49,50,11:49:23,False,,True,False,742.36,41,1,125,671377912,train,True
671377861,742.47,50,11:49:24,False,,True,False,742.36,42,1,125,671377912,train,True
671377862,742.53,50,11:49:25,False,,True,False,742.36,43,1,125,671377912,train,True
671377863,742.49,50,11:49:26,False,,True,False,742.36,44,1,125,671377912,train,True
671377864,742.51,50,11:49:27,False,,True,False,742.36,45,1,125,671377912,train,True
671377865,742.51,50,11:49:27,False,,True,False,742.36,46,1,125,671377912,train,True
671377866,742.46,50,11:49:28,False,,True,False,742.36,47,1,125,671377912,train,True
671377867,742.44,50,11:49:29,False,,True,False,742.36,48,1,125,671377912,train,True
671377868,742.43,50,11:49:30,False,,True,False,742.36,49,1,125,671377912,train,True
671377869,742.46,50,11:49:31,False,,True,False,742.37,50,1,125,671377912,train,True
671377870,742.39,50,11:49:32,False,,True,False,742.37,51,1,125,671377912,train,True
671377871,742.41,50,11:49:33,False,,True,False,742.37,52,1,125,671377912,train,True
671377872,742.41,50,11:49:34,False,,True,False,742.37,53,1,125,671377912,train,True
671377873,742.43,50,11:49:35,False,,True,False,742.37,54,1,125,671377912,train,True
671377874,742.39,50,11:49:36,False,,True,False,742.37,55,1,125,671377912,train,True
671377875,742.39,50,11:49:37,False,,True,False,742.37,56,1,125,671377912,train,True
671377876,742.38,50,11:49:38,False,,True,False,742.37,57,1,125,671377912,train,True
671377877,742.4,50,11:49:39,False,,True,False,742.37,58,1,125,671377912,train,True
671377878,742.36,50,11:49:40,False,,True,False,742.37,59,1,125,671377912,train,True
671377879,742.22,50,11:49:41,False,,True,False,742.37,60,1,125,671377912,train,True
671377880,742.22,50,11:49:42,False,,True,False,742.37,60,1,125,671377912,train,True
671377881,742.27,50,11:49:43,False,,True,False,742.37,60,1,125,671377912,train,True
671377882,742.25,50,11:49:44,False,,True,False,742.37,60,1,125,671377912,train,True
671377883,742.26,50,11:49:45,False,,True,False,742.37,60,1,125,671377912,train,True
671377884,742.18,50,11:49:46,False,,True,False,742.37,60,1,125,671377912,train,True
671377885,742.19,50,11:49:47,False,,True,False,742.37,60,1,125,671377912,train,True
671377886,742.19,50,11:49:48,False,,True,False,742.37,60,1,125,671377912,train,True
671377887,742.15,50,11:49:49,False,,True,False,742.37,60,1,125,671377912,train,True
671377888,742.1,50,11:49:50,False,,True,False,742.36,60,1,125,671377912,train,True
671377889,742.12,50,11:49:51,False,,True,False,742.36,60,1,125,671377912,train,True
671377890,742.17,50,11:49:52,False,,True,False,742.36,60,1,125,671377912,train,True
671377891,742.19,50,11:49:53,False,,True,False,742.36,60,1,125,671377912,train,True
671377892,742.14,50,11:49:54,False,,True,False,742.36,60,1,125,671377912,train,True
671377893,742.12,50,11:49:55,False,,True,False,742.36,60,1,125,671377912,train,True
671377894,742.1,50,11:49:56,False,,True,False,742.36,60,1,125,671377912,train,True
671377895,742.05,50,11:49:57,False,,True,True,742.36,60,1,125,671377912,train,True
671377896,742.09,50,11:49:58,False,,True,True,742.36,60,1,125,671377912,train,True
671377897,742.14,50,11:49:59,False,,True,True,742.36,60,1,125,671377912,train,True
671377898,742.07,50,11:50:00,False,,True,True,742.36,60,1,125,671377912,train,True
671377899,742.09,50,11:50:01,False,,True,True,742.36,60,1,125,671377912,train,True
671377900,742.09,50,11:50:02,False,,True,True,742.36,60,1,125,671377912,train,True
671377901,742.02,50,11:50:03,False,,True,True,742.36,60,1,125,671377912,train,True
671377902,741.97,50,11:50:04,False,,True,True,742.36,60,1,125,671377912,train,True
671377903,741.96,50,11:50:04,False,,True,True,742.36,60,1,125,671377912,train,True
671377904,741.99,50,11:50:05,False,,True,True,742.36,60,1,125,671377912,train,True
671377905,741.95,50,11:50:06,False,,True,True,742.36,60,1,125,671377912,train,True
671377906,741.9,50,11:50:07,False,,True,True,742.35,60,1,125,671377912,train,True
671377907,741.88,50,11:50:08,False,,True,True,742.35,60,1,125,671377912,train,True
671379062,743.19,50,12:08:53,False,,True,True,743.31,50,1,126,671379183,train,True
671379063,743.15,50,12:08:54,False,,True,True,743.31,50,1,126,671379183,train,True
671379064,743.19,50,12:08:55,False,,True,True,743.31,50,1,126,671379183,train,True
671379065,743.21,50,12:08:56,False,,True,True,743.31,50,1,126,671379183,train,True
671379066,743.25,50,12:08:57,False,,True,True,743.31,50,1,126,671379183,train,True
671379067,743.21,50,12:08:58,False,,True,True,743.31,50,1,126,671379183,train,True
671379068,743.22,50,12:08:59,False,,True,True,743.31,50,1,126,671379183,train,True
671379069,743.18,50,12:09:00,False,,True,True,743.31,50,1,126,671379183,train,True
671379070,743.18,50,12:09:01,False,,True,True,743.31,50,1,126,671379183,train,True
671379071,743.25,50,12:09:02,False,,True,True,743.31,50,1,126,671379183,train,True
671379072,743.25,50,12:09:03,False,,True,True,743.31,50,1,126,671379183,train,True
671379073,743.25,50,12:09:03,False,,True,True,743.31,50,1,126,671379183,train,True
671379074,743.27,50,12:09:04,False,,True,True,743.31,50,1,126,671379183,train,True
671379075,743.18,50,12:09:05,False,,True,True,743.31,50,1,126,671379183,train,True
671379076,743.22,50,12:09:06,False,,True,True,743.31,50,1,126,671379183,train,True
671379077,743.22,50,12:09:07,False,,True,True,743.31,50,1,126,671379183,train,True
671379078,743.25,50,12:09:08,False,,True,True,743.31,50,1,126,671379183,train,True
671379079,743.22,50,12:09:09,False,,True,True,743.31,50,1,126,671379183,train,True
671379080,743.22,50,12:09:10,False,,True,True,743.31,50,1,126,671379183,train,True
671379081,743.22,50,12:09:11,False,,True,True,743.31,50,1,126,671379183,train,True
671379082,743.2,50,12:09:12,False,,True,True,743.31,50,1,126,671379183,train,True
671379083,743.2,50,12:09:13,False,,True,True,743.31,50,1,126,671379183,train,True
671379084,743.15,50,12:09:14,False,,True,True,743.31,50,1,126,671379183,train,True
671379085,743.22,50,12:09:15,False,,True,True,743.31,50,1,126,671379183,train,True
671379086,743.28,50,12:09:16,False,,True,True,743.31,50,1,126,671379183,train,True
671379087,743.22,50,12:09:17,False,,True,True,743.31,50,1,126,671379183,train,True
671379088,743.26,50,12:09:18,False,,True,True,743.31,50,1,126,671379183,train,True
671379089,743.22,50,12:09:19,False,,True,True,743.31,50,1,126,671379183,train,True
671379090,743.26,50,12:09:20,False,,True,True,743.31,50,1,126,671379183,train,True
671379091,743.26,50,12:09:21,False,,True,True,743.31,51,1,126,671379183,train,True
671379092,743.3,50,12:09:22,False,,True,True,743.31,52,1,126,671379183,train,True
671379093,743.3,50,12:09:23,False,,True,True,743.31,53,1,126,671379183,train,True
671379094,743.34,50,12:09:24,False,,True,True,743.31,54,1,126,671379183,train,True
671379095,743.28,50,12:09:25,False,,True,True,743.31,55,1,126,671379183,train,True
671379096,743.3,50,12:09:26,False,,True,True,743.31,56,1,126,671379183,train,True
671379097,743.32,50,12:09:27,False,,True,True,743.31,57,1,126,671379183,train,True
671379098,743.28,50,12:09:28,False,,True,True,743.31,58,1,126,671379183,train,True
671379099,743.32,50,12:09:29,False,,True,True,743.31,59,1,126,671379183,train,True
671379100,743.39,50,12:09:30,False,,True,True,743.31,60,1,126,671379183,train,True
671379101,743.41,50,12:09:31,False,,True,True,743.31,60,1,126,671379183,train,True
671379102,743.41,50,12:09:32,False,,True,True,743.31,60,1,126,671379183,train,True
671379103,743.5,50,12:09:33,False,,True,True,743.31,60,1,126,671379183,train,True
671379104,743.49,50,12:09:34,False,,True,True,743.31,60,1,126,671379183,train,True
671379105,743.43,50,12:09:35,False,,True,True,743.31,60,1,126,671379183,train,True
671379106,743.39,50,12:09:36,False,,True,True,743.31,60,1,126,671379183,train,True
671379107,743.36,50,12:09:37,False,,True,True,743.31,60,1,126,671379183,train,True
671379108,743.4,50,12:09:38,False,,True,True,743.32,60,1,126,671379183,train,True
671379109,743.38,50,12:09:39,False,,True,True,743.32,60,1,126,671379183,train,True
671379110,743.36,50,12:09:40,False,,True,True,743.32,60,1,126,671379183,train,True
671379111,743.32,50,12:09:40,False,,True,True,743.32,60,1,126,671379183,train,True
671379112,743.4,50,12:09:41,False,,True,True,743.32,60,1,126,671379183,train,True
671379113,743.42,50,12:09:42,False,,True,True,743.32,60,1,126,671379183,train,True
671379114,743.36,50,12:09:43,False,,True,True,743.32,60,1,126,671379183,train,True
671379115,743.38,50,12:09:44,False,,True,True,743.32,60,1,126,671379183,train,True
671379116,743.31,50,12:09:45,False,,True,True,743.32,60,1,126,671379183,train,True
671379117,743.33,50,12:09:46,False,,True,True,743.32,60,1,126,671379183,train,True
671379118,743.35,50,12:09:47,False,,True,True,743.32,60,1,126,671379183,train,True
671379119,743.33,50,12:09:48,False,,True,True,743.32,60,1,126,671379183,train,True
671379120,743.31,50,12:09:49,False,,True,True,743.32,60,1,126,671379183,train,True
671379121,743.28,50,12:09:50,False,,True,True,743.32,60,1,126,671379183,train,True
671384050,746.09,50,13:29:49,False,,True,False,746.05,7,1,127,671384112,train,True
671384051,746.06,50,13:29:50,False,,True,False,746.05,8,1,127,671384112,train,True
671384052,746.04,50,13:29:51,False,,True,False,746.05,9,1,127,671384112,train,True
671384053,746.06,50,13:29:52,False,,True,False,746.05,10,1,127,671384112,train,True
671384054,746.06,50,13:29:52,False,,True,False,746.05,11,1,127,671384112,train,True
671384055,746.04,50,13:29:53,False,,True,False,746.05,12,1,127,671384112,train,True
671384056,746.1,50,13:29:54,False,,True,False,746.05,13,1,127,671384112,train,True
671384057,746.12,50,13:29:55,False,,True,False,746.05,14,1,127,671384112,train,True
671384058,746.1,50,13:29:56,False,,True,False,746.05,15,1,127,671384112,train,True
671384059,746.07,50,13:29:57,False,,True,False,746.05,16,1,127,671384112,train,True
671384060,746.12,50,13:29:58,False,,True,False,746.05,17,1,127,671384112,train,True
671384061,746.05,50,13:29:59,False,,True,False,746.05,18,1,127,671384112,train,True
671384062,746.12,50,13:30:00,False,,True,False,746.06,19,1,127,671384112,train,True
671384063,746.12,50,13:30:01,False,,True,False,746.06,20,1,127,671384112,train,True
671384064,746.1,50,13:30:02,False,,True,False,746.06,21,1,127,671384112,train,True
671384065,746.07,50,13:30:03,False,,True,False,746.06,22,1,127,671384112,train,True
671384066,746.12,50,13:30:04,False,,True,False,746.06,23,1,127,671384112,train,True
671384067,746.16,50,13:30:05,False,,True,False,746.06,24,1,127,671384112,train,True
671384068,746.14,50,13:30:06,False,,True,False,746.06,25,1,127,671384112,train,True
671384069,746.13,50,13:30:07,False,,True,False,746.06,26,1,127,671384112,train,True
671384070,746.11,50,13:30:08,False,,True,False,746.06,27,1,127,671384112,train,True
671384071,746.03,50,13:30:09,False,,True,False,746.06,28,1,127,671384112,train,True
671384072,746.05,50,13:30:10,False,,True,False,746.06,29,1,127,671384112,train,True
671384073,746.07,50,13:30:11,False,,True,False,746.06,30,1,127,671384112,train,True
671384074,746.06,50,13:30:12,False,,True,False,746.06,31,1,127,671384112,train,True
671384075,746.06,50,13:30:13,False,,True,False,746.06,32,1,127,671384112,train,True
671384076,746.06,50,13:30:14,False,,True,False,746.06,33,1,127,671384112,train,True
671384077,746.06,50,13:30:15,False,,True,False,746.06,34,1,127,671384112,train,True
671384078,746.06,50,13:30:16,False,,True,False,746.06,35,1,127,671384112,train,True
671384079,746.11,50,13:30:17,False,,True,False,746.06,36,1,127,671384112,train,True
671384080,746.06,50,13:30:18,False,,True,False,746.06,37,1,127,671384112,train,True
671384081,746.04,50,13:30:19,False,,True,False,746.06,38,1,127,671384112,train,True
671384082,746.12,50,13:30:20,False,,True,False,746.06,39,1,127,671384112,train,True
671384083,746.04,50,13:30:21,False,,True,False,746.06,40,1,127,671384112,train,True
671384084,746.12,50,13:30:22,False,,True,False,746.06,41,1,127,671384112,train,True
671384085,746.06,50,13:30:23,False,,True,False,746.06,42,1,127,671384112,train,True
671384086,746.1,50,13:30:24,False,,True,False,746.06,43,1,127,671384112,train,True
671384087,746.1,50,13:30:25,False,,True,False,746.06,44,1,127,671384112,train,True
671384088,746.08,50,13:30:26,False,,True,False,746.06,45,1,127,671384112,train,True
671384089,746.08,50,13:30:27,False,,True,False,746.06,46,1,127,671384112,train,True
671384090,746.07,50,13:30:28,False,,True,False,746.06,47,1,127,671384112,train,True
671384091,746.03,50,13:30:29,False,,True,False,746.06,48,1,127,671384112,train,True
671384092,746.01,50,13:30:29,False,,True,False,746.06,49,1,127,671384112,train,True
671384093,746.01,50,13:30:30,False,,True,False,746.06,50,1,127,671384112,train,True
671384094,745.96,50,13:30:31,False,,True,False,746.06,51,1,127,671384112,train,True
671384095,745.98,50,13:30:32,False,,True,False,746.06,52,1,127,671384112,train,True
671384096,745.94,50,13:30:33,False,,True,False,746.06,53,1,127,671384112,train,True
671384097,745.94,50,13:30:34,False,,True,False,746.06,54,1,127,671384112,train,True
671384098,745.89,50,13:30:35,False,,True,False,746.06,55,1,127,671384112,train,True
671384099,745.91,50,13:30:36,False,,True,False,746.06,56,1,127,671384112,train,True
671384100,745.98,50,13:30:37,False,,True,False,746.06,57,1,127,671384112,train,True
671384101,745.91,50,13:30:38,False,,True,False,746.06,58,1,127,671384112,train,True
671384102,745.93,50,13:30:39,False,,True,False,746.06,59,1,127,671384112,train,True
671384103,745.86,50,13:30:40,False,,True,True,746.06,60,1,127,671384112,train,True
671384104,745.86,50,13:30:41,False,,True,True,746.06,60,1,127,671384112,train,True
671384105,745.77,50,13:30:42,False,,True,True,746.05,60,1,127,671384112,train,True
671384106,745.79,50,13:30:43,False,,True,True,746.05,60,1,127,671384112,train,True
671384107,745.79,50,13:30:44,False,,True,True,746.05,60,1,127,671384112,train,True
671384108,745.7,50,13:30:45,False,,True,True,746.05,60,1,127,671384112,train,True
671384109,745.74,50,13:30:46,False,,True,True,746.05,60,1,127,671384112,train,True
671391014,739.25,50,15:22:48,False,,True,False,739.62,10,1,128,671391076,train,True
671391015,739.36,50,15:22:49,False,,True,False,739.62,11,1,128,671391076,train,True
671391016,739.34,50,15:22:50,False,,True,False,739.62,12,1,128,671391076,train,True
671391017,739.32,50,15:22:51,False,,True,False,739.62,13,1,128,671391076,train,True
671391018,739.32,50,15:22:52,False,,True,False,739.62,14,1,128,671391076,train,True
671391019,739.34,50,15:22:53,False,,True,False,739.61,15,1,128,671391076,train,True
671391020,739.3,50,15:22:54,False,,True,False,739.61,16,1,128,671391076,train,True
671391021,739.32,50,15:22:55,False,,True,False,739.61,17,1,128,671391076,train,True
671391022,739.3,50,15:22:56,False,,True,False,739.61,18,1,128,671391076,train,True
671391023,739.21,50,15:22:57,False,,True,False,739.61,19,1,128,671391076,train,True
671391024,739.25,50,15:22:58,False,,True,False,739.61,20,1,128,671391076,train,True
671391025,739.26,50,15:22:59,False,,True,False,739.61,21,1,128,671391076,train,True
671391026,739.28,50,15:23:00,False,,True,False,739.61,22,1,128,671391076,train,True
671391027,739.23,50,15:23:01,False,,True,False,739.6,23,1,128,671391076,train,True
671391028,739.21,50,15:23:02,False,,True,False,739.6,24,1,128,671391076,train,True
671391029,739.26,50,15:23:03,False,,True,False,739.6,25,1,128,671391076,train,True
671391030,739.19,50,15:23:04,False,,True,False,739.6,26,1,128,671391076,train,True
671391031,739.23,50,15:23:05,False,,True,False,739.6,27,1,128,671391076,train,True
671391032,739.28,50,15:23:06,False,,True,False,739.6,28,1,128,671391076,train,True
671391033,739.24,50,15:23:07,False,,True,False,739.6,29,1,128,671391076,train,True
671391034,739.3,50,15:23:08,False,,True,False,739.6,30,1,128,671391076,train,True
671391035,739.28,50,15:23:08,False,,True,False,739.6,31,1,128,671391076,train,True
671391036,739.28,50,15:23:09,False,,True,False,739.59,32,1,128,671391076,train,True
671391037,739.24,50,15:23:10,False,,True,False,739.59,33,1,128,671391076,train,True
671391038,739.26,50,15:23:11,False,,True,False,739.59,34,1,128,671391076,train,True
671391039,739.28,50,15:23:12,False,,True,False,739.59,35,1,128,671391076,train,True
671391040,739.28,50,15:23:13,False,,True,False,739.59,36,1,128,671391076,train,True
671391041,739.28,50,15:23:14,False,,True,False,739.59,37,1,128,671391076,train,True
671391042,739.3,50,15:23:15,False,,True,False,739.59,38,1,128,671391076,train,True
671391043,739.24,50,15:23:16,False,,True,False,739.59,39,1,128,671391076,train,True
671391044,739.28,50,15:23:17,False,,True,False,739.59,40,1,128,671391076,train,True
671391045,739.31,50,15:23:18,False,,True,False,739.58,41,1,128,671391076,train,True
671391046,739.26,50,15:23:19,False,,True,False,739.58,42,1,128,671391076,train,True
671391047,739.33,50,15:23:20,False,,True,False,739.58,43,1,128,671391076,train,True
671391048,739.24,50,15:23:21,False,,True,False,739.58,44,1,128,671391076,train,True
671391049,739.24,50,15:23:22,False,,True,False,739.58,45,1,128,671391076,train,True
671391050,739.19,50,15:23:23,False,,True,False,739.58,46,1,128,671391076,train,True
671391051,739.22,50,15:23:24,False,,True,False,739.58,47,1,128,671391076,train,True
671391052,739.17,50,15:23:25,False,,True,False,739.58,48,1,128,671391076,train,True
671391053,739.19,50,15:23:26,False,,True,False,739.58,49,1,128,671391076,train,True
671391054,739.17,50,15:23:27,False,,True,False,739.57,50,1,128,671391076,train,True
671391055,739.24,50,15:23:28,False,,True,False,739.57,51,1,128,671391076,train,True
671391056,739.17,50,15:23:29,False,,True,False,739.57,52,1,128,671391076,train,True
671391057,739.2,50,15:23:30,False,,True,False,739.57,53,1,128,671391076,train,True
671391058,739.22,50,15:23:31,False,,True,False,739.57,54,1,128,671391076,train,True
671391059,739.24,50,15:23:32,False,,True,False,739.57,55,1,128,671391076,train,True
671391060,739.24,50,15:23:33,False,,True,False,739.57,56,1,128,671391076,train,True
671391061,739.27,50,15:23:34,False,,True,False,739.56,57,1,128,671391076,train,True
671391062,739.25,50,15:23:35,False,,True,False,739.56,58,1,128,671391076,train,True
671391063,739.14,50,15:23:36,False,,True,False,739.56,59,1,128,671391076,train,True
671391064,739.07,50,15:23:37,False,,True,False,739.56,60,1,128,671391076,train,True
671391065,739.02,50,15:23:38,False,,True,True,739.56,60,1,128,671391076,train,True
671391066,739.06,50,15:23:39,False,,True,True,739.56,60,1,128,671391076,train,True
671391067,739.06,50,15:23:40,False,,True,True,739.56,60,1,128,671391076,train,True
671391068,739.06,50,15:23:41,False,,True,True,739.55,60,1,128,671391076,train,True
671391069,739.02,50,15:23:42,False,,True,True,739.55,60,1,128,671391076,train,True
671391070,738.88,50,15:23:43,False,,True,True,739.55,60,1,128,671391076,train,True
671391071,738.77,50,15:23:44,False,,True,True,739.55,60,1,128,671391076,train,True
671391072,738.48,50,15:23:45,False,,True,True,739.55,60,1,128,671391076,train,True
671391073,738.25,50,15:23:45,False,,True,True,739.54,60,1,128,671391076,train,True
671395160,736.48,50,16:30:04,False,,True,True,736.61,43,1,129,671395245,train,True
671395161,736.44,50,16:30:05,False,,True,True,736.61,44,1,129,671395245,train,True
671395162,736.42,50,16:30:06,False,,True,True,736.61,45,1,129,671395245,train,True
671395163,736.4,50,16:30:07,False,,True,True,736.61,46,1,129,671395245,train,True
671395164,736.42,50,16:30:08,False,,True,True,736.61,47,1,129,671395245,train,True
671395165,736.38,50,16:30:09,False,,True,True,736.6,48,1,129,671395245,train,True
671395166,736.4,50,16:30:10,False,,True,True,736.6,49,1,129,671395245,train,True
671395167,736.38,50,16:30:11,False,,True,True,736.6,50,1,129,671395245,train,True
671395168,736.41,50,16:30:12,False,,True,True,736.6,51,1,129,671395245,train,True
671395169,736.41,50,16:30:13,False,,True,True,736.6,52,1,129,671395245,train,True
671395170,736.41,50,16:30:14,False,,True,True,736.6,53,1,129,671395245,train,True
671395171,736.34,50,16:30:15,False,,True,True,736.6,54,1,129,671395245,train,True
671395172,736.37,50,16:30:16,False,,True,True,736.6,55,1,129,671395245,train,True
671395173,736.27,50,16:30:17,False,,True,True,736.6,56,1,129,671395245,train,True
671395174,736.26,50,16:30:18,False,,True,True,736.6,57,1,129,671395245,train,True
671395175,736.28,50,16:30:19,False,,True,True,736.6,58,1,129,671395245,train,True
671395176,736.37,50,16:30:20,False,,True,True,736.6,59,1,129,671395245,train,True
671395177,736.22,50,16:30:21,False,,True,True,736.6,60,1,129,671395245,train,True
671395178,736.17,50,16:30:22,False,,True,True,736.6,60,1,129,671395245,train,True
671395179,736.17,50,16:30:23,False,,True,True,736.6,60,1,129,671395245,train,True
671395180,736.08,50,16:30:24,False,,True,True,736.59,60,1,129,671395245,train,True
671395181,736.11,50,16:30:25,False,,True,True,736.59,60,1,129,671395245,train,True
671395182,736.2,50,16:30:26,False,,True,True,736.59,60,1,129,671395245,train,True
671395183,736.24,50,16:30:27,False,,True,True,736.59,60,1,129,671395245,train,True
671395184,736.2,50,16:30:28,False,,True,True,736.59,60,1,129,671395245,train,True
671395185,736.29,50,16:30:29,False,,True,True,736.59,60,1,129,671395245,train,True
671395186,736.29,50,16:30:29,False,,True,True,736.59,60,1,129,671395245,train,True
671395187,736.25,50,16:30:30,False,,True,True,736.59,60,1,129,671395245,train,True
671395188,736.23,50,16:30:31,False,,True,True,736.59,60,1,129,671395245,train,True
671395189,736.18,50,16:30:32,False,,True,True,736.59,60,1,129,671395245,train,True
671395190,736.12,50,16:30:33,False,,True,True,736.59,60,1,129,671395245,train,True
671395191,736.09,50,16:30:34,False,,True,True,736.58,60,1,129,671395245,train,True
671395192,736.16,50,16:30:35,False,,True,True,736.58,60,1,129,671395245,train,True
671395193,736.05,50,16:30:36,False,,True,True,736.58,60,1,129,671395245,train,True
671395194,736.09,50,16:30:37,False,,True,True,736.58,60,1,129,671395245,train,True
671395195,736.1,50,16:30:38,False,,True,True,736.58,60,1,129,671395245,train,True
671395196,736.13,50,16:30:39,False,,True,True,736.58,60,1,129,671395245,train,True
671395197,736.15,50,16:30:40,False,,True,True,736.58,60,1,129,671395245,train,True
671395198,736.12,50,16:30:41,False,,True,True,736.58,60,1,129,671395245,train,True
671395199,736.04,50,16:30:42,False,,True,True,736.58,60,1,129,671395245,train,True
671395200,736.02,50,16:30:43,False,,True,True,736.57,60,1,129,671395245,train,True
671395201,736.0,50,16:30:44,False,,True,True,736.57,60,1,129,671395245,train,True
671395202,736.09,50,16:30:45,False,,True,True,736.57,60,1,129,671395245,train,True
671395203,736.04,50,16:30:46,False,,True,True,736.57,60,1,129,671395245,train,True
671395204,736.04,50,16:30:47,False,,True,True,736.57,60,1,129,671395245,train,True
671395205,736.02,50,16:30:48,False,,True,True,736.57,60,1,129,671395245,train,True
671395206,735.98,50,16:30:49,False,,True,True,736.57,60,1,129,671395245,train,True
671395207,736.02,50,16:30:50,False,,True,True,736.56,60,1,129,671395245,train,True
671395208,736.02,50,16:30:51,False,,True,True,736.56,60,1,129,671395245,train,True
671395209,735.98,50,16:30:52,False,,True,True,736.56,60,1,129,671395245,train,True
671395210,735.96,50,16:30:53,False,,True,True,736.56,60,1,129,671395245,train,True
671395211,735.96,50,16:30:54,False,,True,True,736.56,60,1,129,671395245,train,True
671395212,735.98,50,16:30:55,False,,True,True,736.56,60,1,129,671395245,train,True
671395213,735.99,50,16:30:56,False,,True,True,736.56,60,1,129,671395245,train,True
671395214,736.01,50,16:30:57,False,,True,True,736.55,60,1,129,671395245,train,True
671395215,735.97,50,16:30:58,False,,True,True,736.55,60,1,129,671395245,train,True
671395216,735.97,50,16:30:59,False,,True,True,736.55,60,1,129,671395245,train,True
671395217,735.88,50,16:31:00,False,,True,True,736.55,60,1,129,671395245,train,True
671395218,735.95,50,16:31:01,False,,True,True,736.55,60,1,129,671395245,train,True
671395219,735.93,50,16:31:02,False,,True,True,736.55,60,1,129,671395245,train,True
671466817,742.38,51,11:52:42,False,,False,False,742.2,1,0,130,671466934,train,True
671466818,742.47,51,11:52:43,False,,False,False,742.2,1,0,130,671466934,train,True
671466819,742.41,51,11:52:44,False,,False,False,742.2,1,0,130,671466934,train,True
671466868,742.34,51,11:53:32,False,,True,False,742.23,1,1,130,671466934,train,True
671466869,742.39,51,11:53:33,False,,True,False,742.23,2,1,130,671466934,train,True
671466870,742.34,51,11:53:34,False,,True,False,742.23,3,1,130,671466934,train,True
671466871,742.39,51,11:53:35,False,,True,False,742.23,4,1,130,671466934,train,True
671466872,742.36,51,11:53:36,False,,True,False,742.23,5,1,130,671466934,train,True
671466873,742.34,51,11:53:37,False,,True,False,742.24,6,1,130,671466934,train,True
671466874,742.34,51,11:53:38,False,,True,False,742.24,7,1,130,671466934,train,True
671466875,742.38,51,11:53:39,False,,True,False,742.24,8,1,130,671466934,train,True
671466876,742.34,51,11:53:40,False,,True,False,742.24,9,1,130,671466934,train,True
671466877,742.4,51,11:53:41,False,,True,False,742.24,10,1,130,671466934,train,True
671466878,742.38,51,11:53:42,False,,True,False,742.24,11,1,130,671466934,train,True
671466879,742.36,51,11:53:43,False,,True,False,742.24,12,1,130,671466934,train,True
671466880,742.36,51,11:53:44,False,,True,False,742.24,13,1,130,671466934,train,True
671466881,742.36,51,11:53:45,False,,True,False,742.24,14,1,130,671466934,train,True
671466882,742.38,51,11:53:45,False,,True,False,742.24,15,1,130,671466934,train,True
671466883,742.33,51,11:53:46,False,,True,False,742.24,16,1,130,671466934,train,True
671466884,742.35,51,11:53:47,False,,True,False,742.24,17,1,130,671466934,train,True
671466885,742.35,51,11:53:48,False,,True,False,742.24,18,1,130,671466934,train,True
671466886,742.35,51,11:53:49,False,,True,False,742.24,19,1,130,671466934,train,True
671466887,742.42,51,11:53:50,False,,True,False,742.24,20,1,130,671466934,train,True
671466888,742.46,51,11:53:51,False,,True,False,742.25,21,1,130,671466934,train,True
671466889,742.46,51,11:53:52,False,,True,False,742.25,22,1,130,671466934,train,True
671466890,742.39,51,11:53:53,False,,True,False,742.25,23,1,130,671466934,train,True
671466891,742.44,51,11:53:54,False,,True,False,742.25,24,1,130,671466934,train,True
671466892,742.39,51,11:53:55,False,,True,False,742.25,25,1,130,671466934,train,True
671466893,742.44,51,11:53:56,False,,True,False,742.25,26,1,130,671466934,train,True
671466894,742.37,51,11:53:57,False,,True,False,742.25,27,1,130,671466934,train,True
671466895,742.41,51,11:53:58,False,,True,False,742.25,28,1,130,671466934,train,True
671466896,742.39,51,11:53:59,False,,True,False,742.25,29,1,130,671466934,train,True
671466897,742.37,51,11:54:00,False,,True,False,742.25,30,1,130,671466934,train,True
671466898,742.34,51,11:54:01,False,,True,True,742.25,31,1,130,671466934,train,True
671466899,742.34,51,11:54:02,False,,True,True,742.25,32,1,130,671466934,train,True
671466900,742.36,51,11:54:03,False,,True,True,742.25,33,1,130,671466934,train,True
671466901,742.34,51,11:54:04,False,,True,True,742.25,34,1,130,671466934,train,True
671466902,742.38,51,11:54:05,False,,True,True,742.26,35,1,130,671466934,train,True
671466903,742.38,51,11:54:06,False,,True,True,742.26,36,1,130,671466934,train,True
671466904,742.38,51,11:54:07,False,,True,True,742.26,37,1,130,671466934,train,True
671466905,742.38,51,11:54:08,False,,True,True,742.26,38,1,130,671466934,train,True
671466906,742.45,51,11:54:09,False,,True,True,742.26,39,1,130,671466934,train,True
671466907,742.4,51,11:54:10,False,,True,True,742.26,40,1,130,671466934,train,True
671466908,742.38,51,11:54:11,False,,True,True,742.26,41,1,130,671466934,train,True
671466909,742.38,51,11:54:12,False,,True,True,742.26,42,1,130,671466934,train,True
671466910,742.4,51,11:54:13,False,,True,True,742.26,43,1,130,671466934,train,True
671466911,742.38,51,11:54:14,False,,True,True,742.26,44,1,130,671466934,train,True
671466912,742.42,51,11:54:15,False,,True,True,742.26,45,1,130,671466934,train,True
671466913,742.4,51,11:54:16,False,,True,True,742.26,46,1,130,671466934,train,True
671466914,742.33,51,11:54:17,False,,True,True,742.26,47,1,130,671466934,train,True
671466915,742.4,51,11:54:18,False,,True,True,742.26,48,1,130,671466934,train,True
671466916,742.42,51,11:54:19,False,,True,True,742.26,49,1,130,671466934,train,True
671466917,742.37,51,11:54:20,False,,True,True,742.27,50,1,130,671466934,train,True
671466918,742.37,51,11:54:21,False,,True,True,742.27,51,1,130,671466934,train,True
671466919,742.28,51,11:54:21,False,,True,True,742.27,52,1,130,671466934,train,True
671466920,742.24,51,11:54:22,False,,True,True,742.27,53,1,130,671466934,train,True
671466921,742.23,51,11:54:23,False,,True,True,742.27,54,1,130,671466934,train,True
671466922,742.28,51,11:54:24,False,,True,True,742.27,55,1,130,671466934,train,True
671466923,742.21,51,11:54:25,False,,True,True,742.27,56,1,130,671466934,train,True
671466924,742.23,51,11:54:26,False,,True,True,742.27,57,1,130,671466934,train,True
671468138,743.35,51,12:14:08,False,,True,False,743.17,55,1,131,671468200,train,True
671468139,743.33,51,12:14:09,False,,True,False,743.17,55,1,131,671468200,train,True
671468140,743.3,51,12:14:10,False,,True,False,743.17,56,1,131,671468200,train,True
671468141,743.36,51,12:14:11,False,,True,False,743.17,57,1,131,671468200,train,True
671468142,743.37,51,12:14:12,False,,True,False,743.17,58,1,131,671468200,train,True
671468143,743.38,51,12:14:13,False,,True,False,743.17,59,1,131,671468200,train,True
671468144,743.43,51,12:14:14,False,,True,False,743.17,60,1,131,671468200,train,True
671468145,743.41,51,12:14:15,False,,True,False,743.17,60,1,131,671468200,train,True
671468146,743.41,51,12:14:16,False,,True,False,743.17,60,1,131,671468200,train,True
671468147,743.41,51,12:14:17,False,,True,False,743.17,60,1,131,671468200,train,True
671468148,743.41,51,12:14:18,False,,True,False,743.17,60,1,131,671468200,train,True
671468149,743.36,51,12:14:19,False,,True,False,743.17,60,1,131,671468200,train,True
671468150,743.43,51,12:14:20,False,,True,False,743.18,60,1,131,671468200,train,True
671468151,743.43,51,12:14:21,False,,True,False,743.18,60,1,131,671468200,train,True
671468152,743.43,51,12:14:22,False,,True,False,743.18,60,1,131,671468200,train,True
671468153,743.47,51,12:14:23,False,,True,False,743.18,60,1,131,671468200,train,True
671468154,743.49,51,12:14:24,False,,True,False,743.18,60,1,131,671468200,train,True
671468155,743.49,51,12:14:25,False,,True,False,743.18,60,1,131,671468200,train,True
671468156,743.56,51,12:14:26,False,,True,False,743.18,60,1,131,671468200,train,True
671468157,743.58,51,12:14:27,False,,True,False,743.18,60,1,131,671468200,train,True
671468158,743.53,51,12:14:28,False,,True,False,743.18,60,1,131,671468200,train,True
671468159,743.53,51,12:14:29,False,,True,False,743.19,60,1,131,671468200,train,True
671468160,743.56,51,12:14:30,False,,True,False,743.19,60,1,131,671468200,train,True
671468161,743.49,51,12:14:31,False,,True,False,743.19,60,1,131,671468200,train,True
671468162,743.55,51,12:14:32,False,,True,False,743.19,60,1,131,671468200,train,True
671468163,743.51,51,12:14:33,False,,True,False,743.19,60,1,131,671468200,train,True
671468164,743.51,51,12:14:34,False,,True,False,743.19,60,1,131,671468200,train,True
671468165,743.55,51,12:14:34,False,,True,False,743.19,60,1,131,671468200,train,True
671468166,743.55,51,12:14:35,False,,True,False,743.19,60,1,131,671468200,train,True
671468167,743.48,51,12:14:36,False,,True,False,743.19,60,1,131,671468200,train,True
671468168,743.37,51,12:14:37,False,,True,False,743.19,60,1,131,671468200,train,True
671468169,743.46,51,12:14:38,False,,True,False,743.19,60,1,131,671468200,train,True
671468170,743.48,51,12:14:39,False,,True,False,743.2,60,1,131,671468200,train,True
671468171,743.5,51,12:14:40,False,,True,False,743.2,60,1,131,671468200,train,True
671468172,743.39,51,12:14:41,False,,True,False,743.2,60,1,131,671468200,train,True
671468173,743.41,51,12:14:42,False,,True,False,743.2,60,1,131,671468200,train,True
671468174,743.34,51,12:14:43,False,,True,False,743.2,60,1,131,671468200,train,True
671468175,743.25,51,12:14:44,False,,True,False,743.2,60,1,131,671468200,train,True
671468176,743.09,51,12:14:45,False,,True,False,743.2,60,1,131,671468200,train,True
671468177,743.32,51,12:14:46,False,,True,False,743.2,60,1,131,671468200,train,True
671468178,743.43,51,12:14:47,False,,True,False,743.2,60,1,131,671468200,train,True
671468179,743.43,51,12:14:48,False,,True,False,743.2,60,1,131,671468200,train,True
671468180,743.43,51,12:14:49,False,,True,False,743.2,60,1,131,671468200,train,True
671468181,743.45,51,12:14:50,False,,True,False,743.2,60,1,131,671468200,train,True
671468182,743.45,51,12:14:51,False,,True,False,743.2,60,1,131,671468200,train,True
671468183,743.4,51,12:14:52,False,,True,False,743.2,60,1,131,671468200,train,True
671468184,743.42,51,12:14:53,False,,True,False,743.2,60,1,131,671468200,train,True
671468185,743.41,51,12:14:54,False,,True,False,743.21,60,1,131,671468200,train,True
671468186,743.45,51,12:14:55,False,,True,False,743.21,60,1,131,671468200,train,True
671468187,743.45,51,12:14:56,False,,True,False,743.21,60,1,131,671468200,train,True
671468188,743.44,51,12:14:57,False,,True,False,743.21,60,1,131,671468200,train,True
671468189,743.44,51,12:14:58,False,,True,False,743.21,60,1,131,671468200,train,True
671468190,743.42,51,12:14:59,False,,True,False,743.21,60,1,131,671468200,train,True
671468191,743.33,51,12:15:00,False,,True,False,743.21,60,1,131,671468200,train,True
671468192,743.28,51,12:15:01,False,,True,True,743.21,60,1,131,671468200,train,True
671468193,743.22,51,12:15:02,False,,True,True,743.21,60,1,131,671468200,train,True
671468194,743.2,51,12:15:03,False,,True,True,743.21,60,1,131,671468200,train,True
671468195,743.23,51,12:15:04,False,,True,True,743.21,60,1,131,671468200,train,True
671468196,743.23,51,12:15:05,False,,True,True,743.21,60,1,131,671468200,train,True
671468197,743.16,51,12:15:06,False,,True,True,743.21,60,1,131,671468200,train,True
671559233,745.18,52,12:52:09,False,,False,False,744.88,1,0,132,671559311,train,True
671559234,745.16,52,12:52:10,False,,False,False,744.88,1,0,132,671559311,train,True
671559245,745.09,52,12:52:21,False,,True,False,744.88,1,1,132,671559311,train,True
671559246,745.09,52,12:52:22,False,,True,False,744.89,2,1,132,671559311,train,True
671559247,745.06,52,12:52:23,False,,True,False,744.89,3,1,132,671559311,train,True
671559248,745.06,52,12:52:24,False,,True,False,744.89,4,1,132,671559311,train,True
671559249,745.06,52,12:52:25,False,,True,False,744.89,5,1,132,671559311,train,True
671559250,745.1,52,12:52:26,False,,True,False,744.89,6,1,132,671559311,train,True
671559251,745.08,52,12:52:27,False,,True,False,744.89,7,1,132,671559311,train,True
671559252,745.1,52,12:52:28,False,,True,False,744.89,8,1,132,671559311,train,True
671559253,745.08,52,12:52:29,False,,True,False,744.89,9,1,132,671559311,train,True
671559254,745.1,52,12:52:30,False,,True,False,744.89,10,1,132,671559311,train,True
671559255,745.06,52,12:52:30,False,,True,False,744.89,11,1,132,671559311,train,True
671559256,745.03,52,12:52:31,False,,True,False,744.89,12,1,132,671559311,train,True
671559257,745.06,52,12:52:32,False,,True,False,744.89,13,1,132,671559311,train,True
671559258,745.08,52,12:52:33,False,,True,False,744.89,14,1,132,671559311,train,True
671559259,745.07,52,12:52:34,False,,True,False,744.89,15,1,132,671559311,train,True
671559260,745.1,52,12:52:35,False,,True,False,744.9,16,1,132,671559311,train,True
671559261,745.07,52,12:52:36,False,,True,False,744.9,17,1,132,671559311,train,True
671559262,745.05,52,12:52:37,False,,True,False,744.9,18,1,132,671559311,train,True
671559263,745.05,52,12:52:38,False,,True,False,744.9,19,1,132,671559311,train,True
671559264,745.14,52,12:52:39,False,,True,False,744.9,20,1,132,671559311,train,True
671559265,745.07,52,12:52:40,False,,True,False,744.9,21,1,132,671559311,train,True
671559266,745.05,52,12:52:41,False,,True,False,744.9,22,1,132,671559311,train,True
671559267,745.09,52,12:52:42,False,,True,False,744.9,23,1,132,671559311,train,True
671559268,745.11,52,12:52:43,False,,True,False,744.9,24,1,132,671559311,train,True
671559269,745.09,52,12:52:44,False,,True,False,744.9,25,1,132,671559311,train,True
671559270,745.07,52,12:52:45,False,,True,False,744.9,26,1,132,671559311,train,True
671559271,745.04,52,12:52:46,False,,True,False,744.9,27,1,132,671559311,train,True
671559272,745.06,52,12:52:47,False,,True,False,744.91,28,1,132,671559311,train,True
671559273,745.07,52,12:52:48,False,,True,False,744.91,29,1,132,671559311,train,True
671559274,745.06,52,12:52:49,False,,True,False,744.91,30,1,132,671559311,train,True
671559275,745.09,52,12:52:50,False,,True,False,744.91,31,1,132,671559311,train,True
671559276,745.15,52,12:52:51,False,,True,True,744.91,32,1,132,671559311,train,True
671559277,745.11,52,12:52:52,False,,True,True,744.91,33,1,132,671559311,train,True
671559278,745.15,52,12:52:53,False,,True,True,744.91,34,1,132,671559311,train,True
671559279,745.11,52,12:52:54,False,,True,True,744.91,35,1,132,671559311,train,True
671559280,745.1,52,12:52:55,False,,True,True,744.91,36,1,132,671559311,train,True
671559281,745.08,52,12:52:56,False,,True,True,744.91,37,1,132,671559311,train,True
671559282,745.17,52,12:52:57,False,,True,True,744.91,38,1,132,671559311,train,True
671559283,745.14,52,12:52:58,False,,True,True,744.91,39,1,132,671559311,train,True
671559284,745.08,52,12:52:59,False,,True,True,744.92,40,1,132,671559311,train,True
671559285,745.08,52,12:53:00,False,,True,True,744.92,41,1,132,671559311,train,True
671559286,745.08,52,12:53:01,False,,True,True,744.92,42,1,132,671559311,train,True
671559287,745.05,52,12:53:02,False,,True,True,744.92,43,1,132,671559311,train,True
671559288,745.01,52,12:53:03,False,,True,True,744.92,44,1,132,671559311,train,True
671559289,745.05,52,12:53:04,False,,True,True,744.92,45,1,132,671559311,train,True
671559290,745.03,52,12:53:05,False,,True,True,744.92,46,1,132,671559311,train,True
671559291,745.05,52,12:53:06,False,,True,True,744.92,47,1,132,671559311,train,True
671559292,744.98,52,12:53:07,False,,True,True,744.92,48,1,132,671559311,train,True
671559293,745.03,52,12:53:07,False,,True,True,744.92,49,1,132,671559311,train,True
671559294,745.0,52,12:53:08,False,,True,True,744.92,50,1,132,671559311,train,True
671559295,745.0,52,12:53:09,False,,True,True,744.92,51,1,132,671559311,train,True
671559296,745.02,52,12:53:10,False,,True,True,744.92,52,1,132,671559311,train,True
671559297,745.02,52,12:53:11,False,,True,True,744.92,53,1,132,671559311,train,True
671559298,745.02,52,12:53:12,False,,True,True,744.92,54,1,132,671559311,train,True
671559299,745.0,52,12:53:13,False,,True,True,744.92,55,1,132,671559311,train,True
671559300,744.95,52,12:53:14,False,,True,True,744.92,56,1,132,671559311,train,True
671559301,744.93,52,12:53:15,False,,True,True,744.92,57,1,132,671559311,train,True
671559302,744.91,52,12:53:16,False,,True,True,744.92,58,1,132,671559311,train,True
671560143,745.57,52,13:06:55,False,,True,False,745.65,26,1,133,671560213,train,True
671560144,745.63,52,13:06:56,False,,True,False,745.65,26,1,133,671560213,train,True
671560145,745.59,52,13:06:57,False,,True,False,745.65,26,1,133,671560213,train,True
671560146,745.57,52,13:06:58,False,,True,False,745.65,26,1,133,671560213,train,True
671560147,745.61,52,13:06:59,False,,True,False,745.65,26,1,133,671560213,train,True
671560148,745.59,52,13:07:00,False,,True,False,745.65,26,1,133,671560213,train,True
671560149,745.56,52,13:07:01,False,,True,False,745.65,26,1,133,671560213,train,True
671560150,745.61,52,13:07:02,False,,True,False,745.65,26,1,133,671560213,train,True
671560151,745.59,52,13:07:03,False,,True,False,745.65,26,1,133,671560213,train,True
671560152,745.58,52,13:07:04,False,,True,False,745.65,26,1,133,671560213,train,True
671560153,745.52,52,13:07:05,False,,True,False,745.65,26,1,133,671560213,train,True
671560154,745.56,52,13:07:06,False,,True,False,745.65,26,1,133,671560213,train,True
671560155,745.58,52,13:07:07,False,,True,False,745.65,26,1,133,671560213,train,True
671560156,745.6,52,13:07:08,False,,True,False,745.65,26,1,133,671560213,train,True
671560157,745.56,52,13:07:09,False,,True,False,745.65,26,1,133,671560213,train,True
671560158,745.58,52,13:07:10,False,,True,False,745.65,26,1,133,671560213,train,True
671560159,745.62,52,13:07:11,False,,True,False,745.65,26,1,133,671560213,train,True
671560160,745.62,52,13:07:12,False,,True,False,745.65,26,1,133,671560213,train,True
671560161,745.6,52,13:07:12,False,,True,False,745.65,26,1,133,671560213,train,True
671560162,745.6,52,13:07:13,False,,True,False,745.65,26,1,133,671560213,train,True
671560163,745.6,52,13:07:14,False,,True,False,745.65,26,1,133,671560213,train,True
671560164,745.56,52,13:07:15,False,,True,False,745.65,26,1,133,671560213,train,True
671560165,745.55,52,13:07:16,False,,True,False,745.65,26,1,133,671560213,train,True
671560166,745.6,52,13:07:17,False,,True,False,745.65,26,1,133,671560213,train,True
671560167,745.61,52,13:07:18,False,,True,False,745.66,26,1,133,671560213,train,True
671560168,745.59,52,13:07:19,False,,True,False,745.66,27,1,133,671560213,train,True
671560169,745.57,52,13:07:20,False,,True,False,745.66,28,1,133,671560213,train,True
671560170,745.62,52,13:07:21,False,,True,False,745.66,29,1,133,671560213,train,True
671560171,745.63,52,13:07:22,False,,True,True,745.66,30,1,133,671560213,train,True
671560172,745.61,52,13:07:23,False,,True,True,745.66,31,1,133,671560213,train,True
671560173,745.59,52,13:07:24,False,,True,True,745.66,32,1,133,671560213,train,True
671560174,745.59,52,13:07:25,False,,True,True,745.66,33,1,133,671560213,train,True
671560175,745.63,52,13:07:26,False,,True,True,745.66,34,1,133,671560213,train,True
671560176,745.59,52,13:07:27,False,,True,True,745.66,35,1,133,671560213,train,True
671560177,745.59,52,13:07:28,False,,True,True,745.66,36,1,133,671560213,train,True
671560178,745.57,52,13:07:29,False,,True,True,745.66,37,1,133,671560213,train,True
671560179,745.57,52,13:07:30,False,,True,True,745.66,38,1,133,671560213,train,True
671560180,745.56,52,13:07:31,False,,True,True,745.66,39,1,133,671560213,train,True
671560181,745.54,52,13:07:32,False,,True,True,745.66,40,1,133,671560213,train,True
671560182,745.52,52,13:07:33,False,,True,True,745.66,41,1,133,671560213,train,True
671560183,745.54,52,13:07:34,False,,True,True,745.66,42,1,133,671560213,train,True
671560184,745.6,52,13:07:35,False,,True,True,745.66,43,1,133,671560213,train,True
671560185,745.58,52,13:07:36,False,,True,True,745.66,44,1,133,671560213,train,True
671560186,745.56,52,13:07:37,False,,True,True,745.66,45,1,133,671560213,train,True
671560187,745.58,52,13:07:38,False,,True,True,745.66,46,1,133,671560213,train,True
671560188,745.54,52,13:07:39,False,,True,True,745.66,47,1,133,671560213,train,True
671560189,745.51,52,13:07:40,False,,True,True,745.66,48,1,133,671560213,train,True
671560190,745.51,52,13:07:41,False,,True,True,745.66,49,1,133,671560213,train,True
671560191,745.49,52,13:07:42,False,,True,True,745.66,50,1,133,671560213,train,True
671560192,745.49,52,13:07:43,False,,True,True,745.66,51,1,133,671560213,train,True
671560193,745.53,52,13:07:44,False,,True,True,745.66,52,1,133,671560213,train,True
671560194,745.44,52,13:07:45,False,,True,True,745.66,53,1,133,671560213,train,True
671560195,745.44,52,13:07:46,False,,True,True,745.66,54,1,133,671560213,train,True
671560196,745.41,52,13:07:47,False,,True,True,745.66,55,1,133,671560213,train,True
671560197,745.42,52,13:07:48,False,,True,True,745.66,56,1,133,671560213,train,True
671560198,745.46,52,13:07:48,False,,True,True,745.66,56,1,133,671560213,train,True
671560199,745.43,52,13:07:49,False,,True,True,745.66,57,1,133,671560213,train,True
671560200,745.44,52,13:07:50,False,,True,True,745.66,58,1,133,671560213,train,True
671560201,745.41,52,13:07:51,False,,True,True,745.66,59,1,133,671560213,train,True
671560202,745.35,52,13:07:52,False,,True,True,745.66,60,1,133,671560213,train,True
671560872,745.96,52,13:18:45,False,,False,False,745.75,1,0,134,671561065,train,True
671561005,745.89,52,13:20:54,False,,True,False,745.83,1,1,134,671561065,train,True
671561006,745.93,52,13:20:55,False,,True,False,745.83,2,1,134,671561065,train,True
671561007,745.98,52,13:20:56,False,,True,False,745.83,3,1,134,671561065,train,True
671561008,745.95,52,13:20:57,False,,True,False,745.83,4,1,134,671561065,train,True
671561009,745.95,52,13:20:58,False,,True,False,745.83,5,1,134,671561065,train,True
671561010,745.95,52,13:20:59,False,,True,False,745.83,6,1,134,671561065,train,True
671561011,745.93,52,13:21:00,False,,True,False,745.83,7,1,134,671561065,train,True
671561012,745.99,52,13:21:01,False,,True,False,745.83,8,1,134,671561065,train,True
671561013,745.89,52,13:21:02,False,,True,False,745.83,9,1,134,671561065,train,True
671561014,745.91,52,13:21:03,False,,True,False,745.83,10,1,134,671561065,train,True
671561015,745.88,52,13:21:04,False,,True,False,745.83,11,1,134,671561065,train,True
671561016,745.92,52,13:21:05,False,,True,False,745.83,12,1,134,671561065,train,True
671561017,745.86,52,13:21:06,False,,True,False,745.83,13,1,134,671561065,train,True
671561018,745.86,52,13:21:07,False,,True,False,745.83,14,1,134,671561065,train,True
671561019,745.9,52,13:21:08,False,,True,False,745.83,15,1,134,671561065,train,True
671561020,745.84,52,13:21:09,False,,True,False,745.84,16,1,134,671561065,train,True
671561021,745.94,52,13:21:10,False,,True,False,745.84,17,1,134,671561065,train,True
671561022,745.87,52,13:21:11,False,,True,False,745.84,18,1,134,671561065,train,True
671561023,745.9,52,13:21:12,False,,True,False,745.84,19,1,134,671561065,train,True
671561024,745.87,52,13:21:13,False,,True,False,745.84,20,1,134,671561065,train,True
671561025,745.9,52,13:21:14,False,,True,False,745.84,21,1,134,671561065,train,True
671561026,745.85,52,13:21:15,False,,True,False,745.84,22,1,134,671561065,train,True
671561027,745.87,52,13:21:16,False,,True,False,745.84,23,1,134,671561065,train,True
671561028,745.87,52,13:21:17,False,,True,False,745.84,24,1,134,671561065,train,True
671561029,745.89,52,13:21:17,False,,True,False,745.84,25,1,134,671561065,train,True
671561030,745.94,52,13:21:18,False,,True,False,745.84,26,1,134,671561065,train,True
671561031,745.91,52,13:21:19,False,,True,False,745.84,27,1,134,671561065,train,True
671561032,745.89,52,13:21:20,False,,True,False,745.84,28,1,134,671561065,train,True
671561033,745.91,52,13:21:21,False,,True,False,745.84,29,1,134,671561065,train,True
671561034,745.85,52,13:21:22,False,,True,False,745.84,30,1,134,671561065,train,True
671561035,745.89,52,13:21:23,False,,True,False,745.84,31,1,134,671561065,train,True
671561036,745.91,52,13:21:24,False,,True,False,745.84,32,1,134,671561065,train,True
671561037,745.91,52,13:21:25,False,,True,False,745.84,33,1,134,671561065,train,True
671561038,745.89,52,13:21:26,False,,True,False,745.84,34,1,134,671561065,train,True
671561039,745.93,52,13:21:27,False,,True,False,745.84,35,1,134,671561065,train,True
671561040,745.89,52,13:21:28,False,,True,False,745.85,36,1,134,671561065,train,True
671561041,745.93,52,13:21:29,False,,True,False,745.85,37,1,134,671561065,train,True
671561042,745.86,52,13:21:30,False,,True,False,745.85,38,1,134,671561065,train,True
671561043,745.86,52,13:21:31,False,,True,False,745.85,39,1,134,671561065,train,True
671561044,745.93,52,13:21:32,False,,True,False,745.85,40,1,134,671561065,train,True
671561045,745.95,52,13:21:33,False,,True,False,745.85,41,1,134,671561065,train,True
671561046,745.95,52,13:21:34,False,,True,False,745.85,42,1,134,671561065,train,True
671561047,745.92,52,13:21:35,False,,True,False,745.85,43,1,134,671561065,train,True
671561048,745.91,52,13:21:36,False,,True,False,745.85,44,1,134,671561065,train,True
671561049,745.9,52,13:21:37,False,,True,False,745.85,45,1,134,671561065,train,True
671561050,745.9,52,13:21:38,False,,True,False,745.85,46,1,134,671561065,train,True
671561051,745.96,52,13:21:39,False,,True,False,745.85,47,1,134,671561065,train,True
671561052,745.93,52,13:21:40,False,,True,False,745.85,48,1,134,671561065,train,True
671561053,745.9,52,13:21:41,False,,True,False,745.85,49,1,134,671561065,train,True
671561054,745.88,52,13:21:42,False,,True,False,745.85,50,1,134,671561065,train,True
671561055,745.9,52,13:21:43,False,,True,False,745.85,51,1,134,671561065,train,True
671561056,745.88,52,13:21:44,False,,True,False,745.85,52,1,134,671561065,train,True
671561057,745.92,52,13:21:45,False,,True,False,745.85,53,1,134,671561065,train,True
671561058,745.9,52,13:21:46,False,,True,False,745.85,54,1,134,671561065,train,True
671561059,745.89,52,13:21:47,False,,True,False,745.85,55,1,134,671561065,train,True
671561060,745.94,52,13:21:48,False,,True,False,745.86,56,1,134,671561065,train,True
671561061,745.87,52,13:21:49,False,,True,True,745.86,57,1,134,671561065,train,True
671561062,745.91,52,13:21:50,False,,True,True,745.86,58,1,134,671561065,train,True
671561063,745.78,52,13:21:51,False,,True,True,745.86,59,1,134,671561065,train,True
671563807,745.07,52,14:06:22,False,,True,False,745.3,58,1,135,671563881,train,True
671563808,745.04,52,14:06:23,False,,True,False,745.3,58,1,135,671563881,train,True
671563809,745.02,52,14:06:24,False,,True,False,745.3,58,1,135,671563881,train,True
671563810,745.05,52,14:06:25,False,,True,False,745.3,58,1,135,671563881,train,True
671563811,745.07,52,14:06:26,False,,True,False,745.3,58,1,135,671563881,train,True
671563812,745.04,52,14:06:27,False,,True,False,745.29,58,1,135,671563881,train,True
671563813,745.07,52,14:06:28,False,,True,False,745.29,58,1,135,671563881,train,True
671563814,744.98,52,14:06:29,False,,True,False,745.29,58,1,135,671563881,train,True
671563815,745.0,52,14:06:30,False,,True,False,745.29,58,1,135,671563881,train,True
671563816,745.02,52,14:06:31,False,,True,False,745.29,58,1,135,671563881,train,True
671563817,744.99,52,14:06:32,False,,True,False,745.29,58,1,135,671563881,train,True
671563818,745.0,52,14:06:33,False,,True,False,745.29,58,1,135,671563881,train,True
671563819,744.97,52,14:06:34,False,,True,False,745.29,58,1,135,671563881,train,True
671563820,745.0,52,14:06:35,False,,True,False,745.29,58,1,135,671563881,train,True
671563821,745.06,52,14:06:35,False,,True,False,745.29,58,1,135,671563881,train,True
671563822,745.0,52,14:06:36,False,,True,False,745.29,58,1,135,671563881,train,True
671563823,744.9,52,14:06:37,False,,True,True,745.29,58,1,135,671563881,train,True
671563824,744.97,52,14:06:38,False,,True,True,745.29,58,1,135,671563881,train,True
671563825,744.99,52,14:06:39,False,,True,True,745.28,58,1,135,671563881,train,True
671563826,744.97,52,14:06:40,False,,True,True,745.28,58,1,135,671563881,train,True
671563827,745.01,52,14:06:41,False,,True,True,745.28,58,1,135,671563881,train,True
671563828,744.95,52,14:06:42,False,,True,True,745.28,58,1,135,671563881,train,True
671563829,744.92,52,14:06:43,False,,True,True,745.28,58,1,135,671563881,train,True
671563830,744.99,52,14:06:44,False,,True,True,745.28,58,1,135,671563881,train,True
671563831,744.99,52,14:06:45,False,,True,True,745.28,58,1,135,671563881,train,True
671563832,744.97,52,14:06:46,False,,True,True,745.28,58,1,135,671563881,train,True
671563833,744.92,52,14:06:47,False,,True,True,745.28,58,1,135,671563881,train,True
671563834,745.01,52,14:06:48,False,,True,True,745.28,58,1,135,671563881,train,True
671563835,744.99,52,14:06:49,False,,True,True,745.28,58,1,135,671563881,train,True
671563836,744.9,52,14:06:50,False,,True,True,745.28,58,1,135,671563881,train,True
671563837,745.03,52,14:06:51,False,,True,True,745.28,58,1,135,671563881,train,True
671563838,745.01,52,14:06:52,False,,True,True,745.27,58,1,135,671563881,train,True
671563839,744.92,52,14:06:53,False,,True,True,745.27,58,1,135,671563881,train,True
671563840,744.94,52,14:06:54,False,,True,True,745.27,58,1,135,671563881,train,True
671563841,745.0,52,14:06:55,False,,True,True,745.27,58,1,135,671563881,train,True
671563842,744.96,52,14:06:56,False,,True,True,745.27,58,1,135,671563881,train,True
671563843,744.99,52,14:06:57,False,,True,True,745.27,58,1,135,671563881,train,True
671563844,744.96,52,14:06:58,False,,True,True,745.27,58,1,135,671563881,train,True
671563845,744.92,52,14:06:59,False,,True,True,745.27,58,1,135,671563881,train,True
671563846,744.87,52,14:07:00,False,,True,True,745.27,59,1,135,671563881,train,True
671563847,744.87,52,14:07:01,False,,True,True,745.27,59,1,135,671563881,train,True
671563848,744.89,52,14:07:02,False,,True,True,745.27,59,1,135,671563881,train,True
671563849,744.96,52,14:07:03,False,,True,True,745.26,59,1,135,671563881,train,True
671563850,744.85,52,14:07:04,False,,True,True,745.26,60,1,135,671563881,train,True
671563851,744.91,52,14:07:05,False,,True,True,745.26,60,1,135,671563881,train,True
671563852,744.92,52,14:07:06,False,,True,True,745.26,60,1,135,671563881,train,True
671563853,744.94,52,14:07:07,False,,True,True,745.26,60,1,135,671563881,train,True
671563854,744.87,52,14:07:08,False,,True,True,745.26,60,1,135,671563881,train,True
671563855,744.89,52,14:07:09,False,,True,True,745.26,60,1,135,671563881,train,True
671563856,744.91,52,14:07:10,False,,True,True,745.26,60,1,135,671563881,train,True
671563857,744.87,52,14:07:11,False,,True,True,745.26,60,1,135,671563881,train,True
671563858,744.87,52,14:07:12,False,,True,True,745.26,60,1,135,671563881,train,True
671563859,744.87,52,14:07:12,False,,True,True,745.26,60,1,135,671563881,train,True
671563860,744.89,52,14:07:13,False,,True,True,745.25,60,1,135,671563881,train,True
671563861,744.91,52,14:07:14,False,,True,True,745.25,60,1,135,671563881,train,True
671563862,744.95,52,14:07:15,False,,True,True,745.25,60,1,135,671563881,train,True
671563863,744.86,52,14:07:16,False,,True,True,745.25,60,1,135,671563881,train,True
671563864,744.86,52,14:07:17,False,,True,True,745.25,60,1,135,671563881,train,True
671563865,744.84,52,14:07:18,False,,True,True,745.25,60,1,135,671563881,train,True
671563866,744.8,52,14:07:19,False,,True,True,745.25,60,1,135,671563881,train,True
671570263,738.8,52,15:51:07,False,,True,False,738.84,35,1,136,671570327,train,True
671570264,738.8,52,15:51:08,False,,True,False,738.84,36,1,136,671570327,train,True
671570265,738.78,52,15:51:09,False,,True,False,738.84,37,1,136,671570327,train,True
671570266,738.86,52,15:51:10,False,,True,False,738.84,38,1,136,671570327,train,True
671570267,738.75,52,15:51:11,False,,True,False,738.84,39,1,136,671570327,train,True
671570268,738.77,52,15:51:12,False,,True,False,738.84,40,1,136,671570327,train,True
671570269,738.7,52,15:51:13,False,,True,False,738.84,41,1,136,671570327,train,True
671570270,738.79,52,15:51:14,False,,True,False,738.83,42,1,136,671570327,train,True
671570271,738.74,52,15:51:15,False,,True,False,738.83,43,1,136,671570327,train,True
671570272,738.75,52,15:51:16,False,,True,False,738.83,44,1,136,671570327,train,True
671570273,738.79,52,15:51:16,False,,True,False,738.83,45,1,136,671570327,train,True
671570274,738.72,52,15:51:17,False,,True,False,738.83,46,1,136,671570327,train,True
671570275,738.74,52,15:51:18,False,,True,False,738.83,47,1,136,671570327,train,True
671570276,738.69,52,15:51:19,False,,True,False,738.83,48,1,136,671570327,train,True
671570277,738.78,52,15:51:20,False,,True,False,738.83,49,1,136,671570327,train,True
671570278,738.72,52,15:51:21,False,,True,False,738.83,50,1,136,671570327,train,True
671570279,738.7,52,15:51:22,False,,True,False,738.83,51,1,136,671570327,train,True
671570280,738.67,52,15:51:23,False,,True,False,738.83,52,1,136,671570327,train,True
671570281,738.69,52,15:51:24,False,,True,False,738.83,53,1,136,671570327,train,True
671570282,738.69,52,15:51:25,False,,True,False,738.83,54,1,136,671570327,train,True
671570283,738.75,52,15:51:26,False,,True,False,738.83,55,1,136,671570327,train,True
671570284,738.64,52,15:51:27,False,,True,False,738.83,56,1,136,671570327,train,True
671570285,738.64,52,15:51:28,False,,True,False,738.83,57,1,136,671570327,train,True
671570286,738.68,52,15:51:29,False,,True,False,738.83,58,1,136,671570327,train,True
671570287,738.66,52,15:51:30,False,,True,False,738.83,59,1,136,671570327,train,True
671570288,738.67,52,15:51:31,False,,True,False,738.83,60,1,136,671570327,train,True
671570289,738.66,52,15:51:32,False,,True,False,738.83,60,1,136,671570327,train,True
671570290,738.71,52,15:51:33,False,,True,False,738.83,60,1,136,671570327,train,True
671570291,738.61,52,15:51:34,False,,True,False,738.83,60,1,136,671570327,train,True
671570292,738.66,52,15:51:35,False,,True,False,738.83,60,1,136,671570327,train,True
671570293,738.65,52,15:51:36,False,,True,False,738.83,60,1,136,671570327,train,True
671570294,738.66,52,15:51:37,False,,True,False,738.83,60,1,136,671570327,train,True
671570295,738.59,52,15:51:38,False,,True,False,738.82,60,1,136,671570327,train,True
671570296,738.68,52,15:51:39,False,,True,False,738.82,60,1,136,671570327,train,True
671570297,738.65,52,15:51:40,False,,True,False,738.82,60,1,136,671570327,train,True
671570298,738.65,52,15:51:41,False,,True,False,738.82,60,1,136,671570327,train,True
671570299,738.63,52,15:51:42,False,,True,False,738.82,60,1,136,671570327,train,True
671570300,738.65,52,15:51:43,False,,True,False,738.82,60,1,136,671570327,train,True
671570301,738.6,52,15:51:44,False,,True,False,738.82,60,1,136,671570327,train,True
671570302,738.65,52,15:51:45,False,,True,False,738.82,60,1,136,671570327,train,True
671570303,738.62,52,15:51:46,False,,True,False,738.82,60,1,136,671570327,train,True
671570304,738.65,52,15:51:47,False,,True,False,738.82,60,1,136,671570327,train,True
671570305,738.64,52,15:51:48,False,,True,False,738.82,60,1,136,671570327,train,True
671570306,738.64,52,15:51:49,False,,True,False,738.82,60,1,136,671570327,train,True
671570307,738.64,52,15:51:50,False,,True,False,738.82,60,1,136,671570327,train,True
671570308,738.64,52,15:51:51,False,,True,False,738.82,60,1,136,671570327,train,True
671570309,738.66,52,15:51:52,False,,True,False,738.82,60,1,136,671570327,train,True
671570310,738.68,52,15:51:53,False,,True,False,738.82,60,1,136,671570327,train,True
671570311,738.64,52,15:51:53,False,,True,True,738.82,60,1,136,671570327,train,True
671570312,738.64,52,15:51:54,False,,True,True,738.82,60,1,136,671570327,train,True
671570313,738.72,52,15:51:55,False,,True,True,738.82,60,1,136,671570327,train,True
671570314,738.73,52,15:51:56,False,,True,True,738.82,60,1,136,671570327,train,True
671570315,738.72,52,15:51:57,False,,True,True,738.81,60,1,136,671570327,train,True
671570316,738.61,52,15:51:58,False,,True,True,738.81,60,1,136,671570327,train,True
671570317,738.68,52,15:51:59,False,,True,True,738.81,60,1,136,671570327,train,True
671570318,738.65,52,15:52:00,False,,True,True,738.81,60,1,136,671570327,train,True
671570319,738.63,52,15:52:01,False,,True,True,738.81,60,1,136,671570327,train,True
671570320,738.58,52,15:52:02,False,,True,True,738.81,60,1,136,671570327,train,True
671570321,738.54,52,15:52:03,False,,True,True,738.81,60,1,136,671570327,train,True
671570322,738.4,52,15:52:04,False,,True,True,738.81,60,1,136,671570327,train,True
671641380,742.85,53,11:04:59,False,,True,False,742.87,42,1,137,671641441,train,True
671641381,742.87,53,11:05:00,False,,True,False,742.87,43,1,137,671641441,train,True
671641382,742.82,53,11:05:01,False,,True,False,742.87,44,1,137,671641441,train,True
671641383,742.84,53,11:05:02,False,,True,False,742.87,45,1,137,671641441,train,True
671641384,742.84,53,11:05:03,False,,True,False,742.87,46,1,137,671641441,train,True
671641385,742.84,53,11:05:04,False,,True,False,742.87,47,1,137,671641441,train,True
671641386,742.84,53,11:05:05,False,,True,False,742.87,48,1,137,671641441,train,True
671641387,742.88,53,11:05:06,False,,True,False,742.87,49,1,137,671641441,train,True
671641388,742.79,53,11:05:07,False,,True,False,742.87,50,1,137,671641441,train,True
671641389,742.79,53,11:05:08,False,,True,False,742.87,51,1,137,671641441,train,True
671641390,742.7,53,11:05:09,False,,True,False,742.87,52,1,137,671641441,train,True
671641391,742.78,53,11:05:10,False,,True,False,742.87,53,1,137,671641441,train,True
671641392,742.74,53,11:05:11,False,,True,False,742.87,54,1,137,671641441,train,True
671641393,742.78,53,11:05:12,False,,True,False,742.87,55,1,137,671641441,train,True
671641394,742.78,53,11:05:13,False,,True,False,742.87,56,1,137,671641441,train,True
671641395,742.69,53,11:05:14,False,,True,False,742.87,57,1,137,671641441,train,True
671641396,742.73,53,11:05:15,False,,True,False,742.87,58,1,137,671641441,train,True
671641397,742.66,53,11:05:16,False,,True,False,742.87,59,1,137,671641441,train,True
671641398,742.73,53,11:05:17,False,,True,False,742.86,60,1,137,671641441,train,True
671641399,742.72,53,11:05:18,False,,True,False,742.86,60,1,137,671641441,train,True
671641400,742.79,53,11:05:19,False,,True,False,742.86,60,1,137,671641441,train,True
671641401,742.77,53,11:05:19,False,,True,False,742.86,60,1,137,671641441,train,True
671641402,742.74,53,11:05:20,False,,True,False,742.86,60,1,137,671641441,train,True
671641403,742.76,53,11:05:21,False,,True,False,742.86,60,1,137,671641441,train,True
671641404,742.71,53,11:05:22,False,,True,False,742.86,60,1,137,671641441,train,True
671641405,742.69,53,11:05:23,False,,True,False,742.86,60,1,137,671641441,train,True
671641406,742.66,53,11:05:24,False,,True,False,742.86,60,1,137,671641441,train,True
671641407,742.69,53,11:05:25,False,,True,False,742.86,60,1,137,671641441,train,True
671641408,742.71,53,11:05:26,False,,True,False,742.86,60,1,137,671641441,train,True
671641409,742.71,53,11:05:27,False,,True,False,742.86,60,1,137,671641441,train,True
671641410,742.68,53,11:05:28,False,,True,False,742.86,60,1,137,671641441,train,True
671641411,742.7,53,11:05:29,False,,True,False,742.86,60,1,137,671641441,train,True
671641412,742.73,53,11:05:30,False,,True,False,742.86,60,1,137,671641441,train,True
671641413,742.72,53,11:05:31,False,,True,False,742.86,60,1,137,671641441,train,True
671641414,742.7,53,11:05:32,False,,True,False,742.86,60,1,137,671641441,train,True
671641415,742.72,53,11:05:33,False,,True,False,742.86,60,1,137,671641441,train,True
671641416,742.72,53,11:05:34,False,,True,False,742.86,60,1,137,671641441,train,True
671641417,742.74,53,11:05:35,False,,True,False,742.86,60,1,137,671641441,train,True
671641418,742.65,53,11:05:36,False,,True,False,742.86,60,1,137,671641441,train,True
671641419,742.67,53,11:05:37,False,,True,False,742.86,60,1,137,671641441,train,True
671641420,742.71,53,11:05:38,False,,True,False,742.86,60,1,137,671641441,train,True
671641421,742.71,53,11:05:39,False,,True,False,742.86,60,1,137,671641441,train,True
671641422,742.79,53,11:05:40,False,,True,False,742.86,60,1,137,671641441,train,True
671641423,742.77,53,11:05:41,False,,True,False,742.86,60,1,137,671641441,train,True
671641424,742.79,53,11:05:42,False,,True,False,742.86,60,1,137,671641441,train,True
671641425,742.79,53,11:05:43,False,,True,False,742.86,60,1,137,671641441,train,True
671641426,742.75,53,11:05:44,False,,True,False,742.86,60,1,137,671641441,train,True
671641427,742.81,53,11:05:45,False,,True,False,742.86,60,1,137,671641441,train,True
671641428,742.79,53,11:05:46,False,,True,False,742.86,60,1,137,671641441,train,True
671641429,742.79,53,11:05:47,False,,True,False,742.86,60,1,137,671641441,train,True
671641430,742.77,53,11:05:48,False,,True,False,742.85,60,1,137,671641441,train,True
671641431,742.69,53,11:05:49,False,,True,False,742.85,60,1,137,671641441,train,True
671641432,742.81,53,11:05:50,False,,True,False,742.85,60,1,137,671641441,train,True
671641433,742.78,53,11:05:51,False,,True,False,742.85,60,1,137,671641441,train,True
671641434,742.73,53,11:05:52,False,,True,False,742.85,60,1,137,671641441,train,True
671641435,742.69,53,11:05:53,False,,True,False,742.85,60,1,137,671641441,train,True
671641436,742.68,53,11:05:54,False,,True,False,742.85,60,1,137,671641441,train,True
671641437,742.64,53,11:05:55,False,,True,True,742.85,60,1,137,671641441,train,True
671641438,742.59,53,11:05:56,False,,True,True,742.85,60,1,137,671641441,train,True
671641439,742.48,53,11:05:56,False,,True,True,742.85,60,1,137,671641441,train,True
671644309,744.32,53,11:52:30,False,,False,True,744.2,15,0,138,671644549,train,True
671644310,744.31,53,11:52:31,False,,False,True,744.2,14,0,138,671644549,train,True
671644311,744.29,53,11:52:32,False,,False,True,744.2,13,0,138,671644549,train,True
671644312,744.32,53,11:52:33,False,,False,True,744.2,12,0,138,671644549,train,True
671644313,744.27,53,11:52:34,False,,False,True,744.2,11,0,138,671644549,train,True
671644314,744.34,53,11:52:35,False,,False,True,744.2,10,0,138,671644549,train,True
671644315,744.34,53,11:52:36,False,,False,True,744.2,9,0,138,671644549,train,True
671644316,744.29,53,11:52:37,False,,False,True,744.2,8,0,138,671644549,train,True
671644317,744.29,53,11:52:38,False,,False,True,744.2,7,0,138,671644549,train,True
671644318,744.35,53,11:52:39,False,,False,True,744.21,6,0,138,671644549,train,True
671644319,744.31,53,11:52:40,False,,False,True,744.21,5,0,138,671644549,train,True
671644320,744.25,53,11:52:41,False,,False,True,744.21,4,0,138,671644549,train,True
671644321,744.25,53,11:52:42,False,,False,True,744.21,3,0,138,671644549,train,True
671644322,744.27,53,11:52:43,False,,False,True,744.21,3,0,138,671644549,train,True
671644323,744.29,53,11:52:44,False,,False,True,744.21,3,0,138,671644549,train,True
671644324,744.31,53,11:52:45,False,,False,True,744.21,2,0,138,671644549,train,True
671644325,744.31,53,11:52:46,False,,False,True,744.21,1,0,138,671644549,train,True
671644414,744.27,53,11:54:13,False,,True,True,744.24,1,1,138,671644549,train,True
671644415,744.22,53,11:54:14,False,,True,True,744.24,1,1,138,671644549,train,True
671644416,744.27,53,11:54:15,False,,True,True,744.24,1,1,138,671644549,train,True
671644417,744.18,53,11:54:16,False,,True,True,744.24,1,1,138,671644549,train,True
671644418,744.18,53,11:54:17,False,,True,True,744.24,1,1,138,671644549,train,True
671644419,744.22,53,11:54:18,False,,True,True,744.24,1,1,138,671644549,train,True
671644420,744.18,53,11:54:18,False,,True,True,744.24,1,1,138,671644549,train,True
671644421,744.22,53,11:54:19,False,,True,True,744.24,1,1,138,671644549,train,True
671644422,744.26,53,11:54:20,False,,True,True,744.24,1,1,138,671644549,train,True
671644423,744.29,53,11:54:21,False,,True,True,744.24,1,1,138,671644549,train,True
671644424,744.29,53,11:54:22,False,,True,True,744.24,1,1,138,671644549,train,True
671644425,744.27,53,11:54:23,False,,True,True,744.24,1,1,138,671644549,train,True
671644426,744.3,53,11:54:24,False,,True,True,744.24,1,1,138,671644549,train,True
671644427,744.29,53,11:54:25,False,,True,True,744.24,1,1,138,671644549,train,True
671644428,744.33,53,11:54:26,False,,True,True,744.24,1,1,138,671644549,train,True
671644429,744.3,53,11:54:27,False,,True,True,744.25,1,1,138,671644549,train,True
671644430,744.31,53,11:54:28,False,,True,True,744.25,1,1,138,671644549,train,True
671644431,744.31,53,11:54:29,False,,True,True,744.25,1,1,138,671644549,train,True
671644432,744.26,53,11:54:30,False,,True,True,744.25,1,1,138,671644549,train,True
671644433,744.26,53,11:54:31,False,,True,True,744.25,1,1,138,671644549,train,True
671644434,744.24,53,11:54:32,False,,True,True,744.25,1,1,138,671644549,train,True
671644435,744.3,53,11:54:33,False,,True,True,744.25,1,1,138,671644549,train,True
671644436,744.26,53,11:54:34,False,,True,True,744.25,1,1,138,671644549,train,True
671644437,744.23,53,11:54:35,False,,True,True,744.25,1,1,138,671644549,train,True
671644438,744.23,53,11:54:36,False,,True,True,744.25,1,1,138,671644549,train,True
671644439,744.3,53,11:54:37,False,,True,True,744.25,2,1,138,671644549,train,True
671644440,744.28,53,11:54:38,False,,True,True,744.25,3,1,138,671644549,train,True
671644441,744.25,53,11:54:39,False,,True,True,744.25,3,1,138,671644549,train,True
671644442,744.26,53,11:54:40,False,,True,True,744.25,4,1,138,671644549,train,True
671644443,744.25,53,11:54:41,False,,True,True,744.25,5,1,138,671644549,train,True
671644444,744.23,53,11:54:42,False,,True,True,744.25,6,1,138,671644549,train,True
671644445,744.23,53,11:54:43,False,,True,True,744.25,7,1,138,671644549,train,True
671644446,744.27,53,11:54:44,False,,True,True,744.25,8,1,138,671644549,train,True
671644447,744.25,53,11:54:45,False,,True,True,744.25,9,1,138,671644549,train,True
671644448,744.27,53,11:54:46,False,,True,True,744.25,10,1,138,671644549,train,True
671644449,744.23,53,11:54:47,False,,True,True,744.25,11,1,138,671644549,train,True
671644450,744.22,53,11:54:48,False,,True,True,744.25,12,1,138,671644549,train,True
671644451,744.22,53,11:54:49,False,,True,True,744.25,13,1,138,671644549,train,True
671644452,744.18,53,11:54:50,False,,True,True,744.25,14,1,138,671644549,train,True
671644453,744.22,53,11:54:51,False,,True,True,744.25,15,1,138,671644549,train,True
671644454,744.13,53,11:54:52,False,,True,True,744.25,16,1,138,671644549,train,True
671644455,744.18,53,11:54:53,False,,True,True,744.25,17,1,138,671644549,train,True
671644456,744.15,53,11:54:54,False,,True,True,744.25,18,1,138,671644549,train,True
671645365,745.03,53,12:09:38,False,,False,False,744.87,1,1,139,671645443,train,True
671645366,745.01,53,12:09:39,False,,False,False,744.87,1,1,139,671645443,train,True
671645367,745.03,53,12:09:40,False,,False,False,744.87,1,1,139,671645443,train,True
671645368,745.05,53,12:09:41,False,,True,False,744.87,1,1,139,671645443,train,True
671645369,745.05,53,12:09:42,False,,True,False,744.88,1,1,139,671645443,train,True
671645370,745.1,53,12:09:43,False,,True,False,744.88,1,1,139,671645443,train,True
671645371,745.05,53,12:09:44,False,,True,False,744.88,1,1,139,671645443,train,True
671645372,745.03,53,12:09:45,False,,True,False,744.88,1,1,139,671645443,train,True
671645373,745.05,53,12:09:46,False,,True,False,744.88,1,1,139,671645443,train,True
671645374,745.05,53,12:09:47,False,,True,False,744.88,1,1,139,671645443,train,True
671645375,745.12,53,12:09:48,False,,True,False,744.88,1,1,139,671645443,train,True
671645376,745.01,53,12:09:49,False,,True,False,744.88,1,1,139,671645443,train,True
671645380,745.07,53,12:09:53,False,,True,False,744.89,1,1,139,671645443,train,True
671645381,745.07,53,12:09:54,False,,True,False,744.89,1,1,139,671645443,train,True
671645382,745.12,53,12:09:55,False,,True,False,744.89,2,1,139,671645443,train,True
671645383,745.03,53,12:09:56,False,,True,True,744.89,3,1,139,671645443,train,True
671645384,745.11,53,12:09:57,False,,True,True,744.89,4,1,139,671645443,train,True
671645385,745.07,53,12:09:58,False,,True,True,744.89,5,1,139,671645443,train,True
671645386,745.05,53,12:09:59,False,,True,True,744.89,6,1,139,671645443,train,True
671645387,745.11,53,12:10:00,False,,True,True,744.9,7,1,139,671645443,train,True
671645388,745.02,53,12:10:01,False,,True,True,744.9,8,1,139,671645443,train,True
671645389,745.02,53,12:10:02,False,,True,True,744.9,9,1,139,671645443,train,True
671645390,745.09,53,12:10:03,False,,True,True,744.9,10,1,139,671645443,train,True
671645391,745.02,53,12:10:04,False,,True,True,744.9,11,1,139,671645443,train,True
671645392,745.04,53,12:10:05,False,,True,True,744.9,12,1,139,671645443,train,True
671645393,745.07,53,12:10:06,False,,True,True,744.9,13,1,139,671645443,train,True
671645394,745.11,53,12:10:07,False,,True,True,744.9,14,1,139,671645443,train,True
671645395,745.11,53,12:10:08,False,,True,True,744.9,15,1,139,671645443,train,True
671645396,745.06,53,12:10:09,False,,True,True,744.91,16,1,139,671645443,train,True
671645397,745.11,53,12:10:10,False,,True,True,744.91,17,1,139,671645443,train,True
671645398,745.09,53,12:10:11,False,,True,True,744.91,18,1,139,671645443,train,True
671645399,745.09,53,12:10:12,False,,True,True,744.91,19,1,139,671645443,train,True
671645400,745.06,53,12:10:13,False,,True,True,744.91,20,1,139,671645443,train,True
671645401,745.07,53,12:10:13,False,,True,True,744.91,21,1,139,671645443,train,True
671645402,745.08,53,12:10:14,False,,True,True,744.91,22,1,139,671645443,train,True
671645403,745.04,53,12:10:15,False,,True,True,744.91,23,1,139,671645443,train,True
671645404,745.08,53,12:10:16,False,,True,True,744.91,24,1,139,671645443,train,True
671645405,745.08,53,12:10:17,False,,True,True,744.91,25,1,139,671645443,train,True
671645406,745.04,53,12:10:18,False,,True,True,744.92,26,1,139,671645443,train,True
671645407,745.1,53,12:10:19,False,,True,True,744.92,27,1,139,671645443,train,True
671645408,745.06,53,12:10:20,False,,True,True,744.92,28,1,139,671645443,train,True
671645409,745.12,53,12:10:21,False,,True,True,744.92,29,1,139,671645443,train,True
671645410,745.07,53,12:10:22,False,,True,True,744.92,30,1,139,671645443,train,True
671645411,745.05,53,12:10:23,False,,True,True,744.92,31,1,139,671645443,train,True
671645412,745.05,53,12:10:24,False,,True,True,744.92,32,1,139,671645443,train,True
671645413,745.07,53,12:10:25,False,,True,True,744.92,33,1,139,671645443,train,True
671645414,745.05,53,12:10:26,False,,True,True,744.92,34,1,139,671645443,train,True
671645415,745.01,53,12:10:27,False,,True,True,744.93,35,1,139,671645443,train,True
671645416,745.01,53,12:10:28,False,,True,True,744.93,36,1,139,671645443,train,True
671645417,745.03,53,12:10:29,False,,True,True,744.93,37,1,139,671645443,train,True
671645418,745.05,53,12:10:30,False,,True,True,744.93,38,1,139,671645443,train,True
671645419,745.05,53,12:10:31,False,,True,True,744.93,39,1,139,671645443,train,True
671645420,745.03,53,12:10:32,False,,True,True,744.93,40,1,139,671645443,train,True
671645421,744.99,53,12:10:33,False,,True,True,744.93,41,1,139,671645443,train,True
671645422,745.05,53,12:10:34,False,,True,True,744.93,42,1,139,671645443,train,True
671645423,745.05,53,12:10:35,False,,True,True,744.93,43,1,139,671645443,train,True
671645424,745.07,53,12:10:36,False,,True,True,744.93,44,1,139,671645443,train,True
671645425,745.05,53,12:10:37,False,,True,True,744.94,45,1,139,671645443,train,True
671645426,745.02,53,12:10:38,False,,True,True,744.94,46,1,139,671645443,train,True
671645427,745.02,53,12:10:39,False,,True,True,744.94,47,1,139,671645443,train,True
671648145,747.02,53,12:54:45,False,,True,False,746.72,9,1,140,671648210,train,True
671648146,747.11,53,12:54:46,False,,True,False,746.72,10,1,140,671648210,train,True
671648147,747.11,53,12:54:47,False,,True,False,746.72,11,1,140,671648210,train,True
671648148,747.06,53,12:54:48,False,,True,False,746.72,12,1,140,671648210,train,True
671648149,747.02,53,12:54:49,False,,True,False,746.72,13,1,140,671648210,train,True
671648150,747.06,53,12:54:50,False,,True,False,746.72,14,1,140,671648210,train,True
671648151,747.06,53,12:54:51,False,,True,False,746.72,15,1,140,671648210,train,True
671648152,747.02,53,12:54:52,False,,True,False,746.73,16,1,140,671648210,train,True
671648153,747.02,53,12:54:53,False,,True,False,746.73,17,1,140,671648210,train,True
671648154,747.1,53,12:54:54,False,,True,False,746.73,18,1,140,671648210,train,True
671648155,747.02,53,12:54:55,False,,True,False,746.73,19,1,140,671648210,train,True
671648156,747.08,53,12:54:55,False,,True,False,746.73,20,1,140,671648210,train,True
671648157,747.08,53,12:54:56,False,,True,False,746.73,21,1,140,671648210,train,True
671648158,747.06,53,12:54:57,False,,True,False,746.73,22,1,140,671648210,train,True
671648159,747.08,53,12:54:58,False,,True,False,746.74,23,1,140,671648210,train,True
671648160,747.03,53,12:54:59,False,,True,False,746.74,24,1,140,671648210,train,True
671648161,747.04,53,12:55:00,False,,True,False,746.74,25,1,140,671648210,train,True
671648162,747.03,53,12:55:01,False,,True,False,746.74,26,1,140,671648210,train,True
671648163,747.1,53,12:55:02,False,,True,False,746.74,27,1,140,671648210,train,True
671648164,747.05,53,12:55:03,False,,True,False,746.74,28,1,140,671648210,train,True
671648165,747.1,53,12:55:04,False,,True,False,746.74,29,1,140,671648210,train,True
671648166,747.07,53,12:55:05,False,,True,False,746.74,30,1,140,671648210,train,True
671648167,746.98,53,12:55:06,False,,True,False,746.75,31,1,140,671648210,train,True
671648168,746.98,53,12:55:07,False,,True,False,746.75,32,1,140,671648210,train,True
671648169,747.02,53,12:55:08,False,,True,False,746.75,33,1,140,671648210,train,True
671648170,746.96,53,12:55:09,False,,True,False,746.75,34,1,140,671648210,train,True
671648171,746.96,53,12:55:10,False,,True,False,746.75,35,1,140,671648210,train,True
671648172,746.98,53,12:55:11,False,,True,False,746.75,36,1,140,671648210,train,True
671648173,747.02,53,12:55:12,False,,True,False,746.75,37,1,140,671648210,train,True
671648174,746.98,53,12:55:13,False,,True,False,746.75,38,1,140,671648210,train,True
671648175,746.96,53,12:55:14,False,,True,False,746.75,39,1,140,671648210,train,True
671648176,746.98,53,12:55:15,False,,True,False,746.76,40,1,140,671648210,train,True
671648177,746.97,53,12:55:16,False,,True,False,746.76,41,1,140,671648210,train,True
671648178,746.97,53,12:55:17,False,,True,False,746.76,42,1,140,671648210,train,True
671648179,747.02,53,12:55:18,False,,True,False,746.76,43,1,140,671648210,train,True
671648180,747.0,53,12:55:19,False,,True,False,746.76,44,1,140,671648210,train,True
671648181,747.02,53,12:55:20,False,,True,False,746.76,45,1,140,671648210,train,True
671648182,747.01,53,12:55:21,False,,True,False,746.76,46,1,140,671648210,train,True
671648183,746.95,53,12:55:22,False,,True,False,746.76,47,1,140,671648210,train,True
671648184,747.01,53,12:55:23,False,,True,False,746.76,48,1,140,671648210,train,True
671648185,746.99,53,12:55:24,False,,True,False,746.76,49,1,140,671648210,train,True
671648186,746.99,53,12:55:25,False,,True,False,746.77,50,1,140,671648210,train,True
671648187,747.01,53,12:55:26,False,,True,True,746.77,51,1,140,671648210,train,True
671648188,746.92,53,12:55:27,False,,True,True,746.77,52,1,140,671648210,train,True
671648189,746.92,53,12:55:28,False,,True,True,746.77,53,1,140,671648210,train,True
671648190,746.94,53,12:55:29,False,,True,True,746.77,54,1,140,671648210,train,True
671648191,746.92,53,12:55:30,False,,True,True,746.77,55,1,140,671648210,train,True
671648192,746.94,53,12:55:31,False,,True,True,746.77,56,1,140,671648210,train,True
671648193,746.99,53,12:55:31,False,,True,True,746.77,57,1,140,671648210,train,True
671648194,746.92,53,12:55:32,False,,True,True,746.77,58,1,140,671648210,train,True
671648195,746.85,53,12:55:33,False,,True,True,746.77,59,1,140,671648210,train,True
671648196,746.89,53,12:55:34,False,,True,True,746.77,60,1,140,671648210,train,True
671648197,746.87,53,12:55:35,False,,True,True,746.78,60,1,140,671648210,train,True
671648198,746.78,53,12:55:36,False,,True,True,746.78,60,1,140,671648210,train,True
671648199,746.82,53,12:55:37,False,,True,True,746.78,60,1,140,671648210,train,True
671648200,746.84,53,12:55:38,False,,True,True,746.78,60,1,140,671648210,train,True
671648201,746.77,53,12:55:39,False,,True,True,746.78,60,1,140,671648210,train,True
671648202,746.8,53,12:55:40,False,,True,True,746.78,60,1,140,671648210,train,True
671648203,746.77,53,12:55:41,False,,True,True,746.78,60,1,140,671648210,train,True
671648204,746.75,53,12:55:42,False,,True,True,746.78,60,1,140,671648210,train,True
671656021,742.66,53,15:02:32,False,,True,True,742.85,15,1,141,671656101,train,True
671656022,742.59,53,15:02:33,False,,True,True,742.85,16,1,141,671656101,train,True
671656023,742.63,53,15:02:34,False,,True,True,742.85,17,1,141,671656101,train,True
671656024,742.63,53,15:02:35,False,,True,True,742.85,18,1,141,671656101,train,True
671656025,742.58,53,15:02:36,False,,True,True,742.85,19,1,141,671656101,train,True
671656026,742.58,53,15:02:37,False,,True,True,742.85,20,1,141,671656101,train,True
671656027,742.63,53,15:02:38,False,,True,True,742.84,21,1,141,671656101,train,True
671656028,742.64,53,15:02:39,False,,True,True,742.84,22,1,141,671656101,train,True
671656029,742.62,53,15:02:40,False,,True,True,742.84,23,1,141,671656101,train,True
671656030,742.62,53,15:02:41,False,,True,True,742.84,24,1,141,671656101,train,True
671656031,742.57,53,15:02:42,False,,True,True,742.84,25,1,141,671656101,train,True
671656032,742.59,53,15:02:43,False,,True,True,742.84,26,1,141,671656101,train,True
671656033,742.59,53,15:02:44,False,,True,True,742.84,27,1,141,671656101,train,True
671656034,742.59,53,15:02:45,False,,True,True,742.84,28,1,141,671656101,train,True
671656035,742.61,53,15:02:46,False,,True,True,742.84,29,1,141,671656101,train,True
671656036,742.57,53,15:02:47,False,,True,True,742.84,30,1,141,671656101,train,True
671656037,742.59,53,15:02:48,False,,True,True,742.84,31,1,141,671656101,train,True
671656038,742.58,53,15:02:49,False,,True,True,742.84,32,1,141,671656101,train,True
671656039,742.58,53,15:02:50,False,,True,True,742.84,33,1,141,671656101,train,True
671656040,742.58,53,15:02:51,False,,True,True,742.84,34,1,141,671656101,train,True
671656041,742.56,53,15:02:52,False,,True,True,742.83,35,1,141,671656101,train,True
671656042,742.62,53,15:02:52,False,,True,True,742.83,36,1,141,671656101,train,True
671656043,742.6,53,15:02:53,False,,True,True,742.83,37,1,141,671656101,train,True
671656044,742.6,53,15:02:54,False,,True,True,742.83,38,1,141,671656101,train,True
671656045,742.55,53,15:02:55,False,,True,True,742.83,39,1,141,671656101,train,True
671656046,742.57,53,15:02:56,False,,True,True,742.83,40,1,141,671656101,train,True
671656047,742.59,53,15:02:57,False,,True,True,742.83,41,1,141,671656101,train,True
671656048,742.62,53,15:02:58,False,,True,True,742.83,42,1,141,671656101,train,True
671656049,742.59,53,15:02:59,False,,True,True,742.83,43,1,141,671656101,train,True
671656050,742.57,53,15:03:00,False,,True,True,742.83,44,1,141,671656101,train,True
671656051,742.61,53,15:03:01,False,,True,True,742.83,45,1,141,671656101,train,True
671656052,742.57,53,15:03:02,False,,True,True,742.83,46,1,141,671656101,train,True
671656053,742.58,53,15:03:03,False,,True,True,742.83,47,1,141,671656101,train,True
671656054,742.52,53,15:03:04,False,,True,True,742.83,48,1,141,671656101,train,True
671656055,742.58,53,15:03:05,False,,True,True,742.83,49,1,141,671656101,train,True
671656056,742.56,53,15:03:06,False,,True,True,742.82,50,1,141,671656101,train,True
671656057,742.56,53,15:03:07,False,,True,True,742.82,51,1,141,671656101,train,True
671656058,742.58,53,15:03:08,False,,True,True,742.82,52,1,141,671656101,train,True
671656059,742.53,53,15:03:09,False,,True,True,742.82,53,1,141,671656101,train,True
671656060,742.53,53,15:03:10,False,,True,True,742.82,54,1,141,671656101,train,True
671656061,742.51,53,15:03:11,False,,True,True,742.82,55,1,141,671656101,train,True
671656062,742.46,53,15:03:12,False,,True,True,742.82,56,1,141,671656101,train,True
671656063,742.5,53,15:03:13,False,,True,True,742.82,57,1,141,671656101,train,True
671656064,742.44,53,15:03:14,False,,True,True,742.82,58,1,141,671656101,train,True
671656065,742.43,53,15:03:15,False,,True,True,742.82,59,1,141,671656101,train,True
671656066,742.5,53,15:03:16,False,,True,True,742.82,60,1,141,671656101,train,True
671656067,742.41,53,15:03:17,False,,True,True,742.81,60,1,141,671656101,train,True
671656068,742.4,53,15:03:18,False,,True,True,742.81,60,1,141,671656101,train,True
671656069,742.39,53,15:03:19,False,,True,True,742.81,60,1,141,671656101,train,True
671656070,742.38,53,15:03:20,False,,True,True,742.81,60,1,141,671656101,train,True
671656071,742.4,53,15:03:21,False,,True,True,742.81,60,1,141,671656101,train,True
671656072,742.36,53,15:03:22,False,,True,True,742.81,60,1,141,671656101,train,True
671656073,742.38,53,15:03:23,False,,True,True,742.81,60,1,141,671656101,train,True
671656074,742.31,53,15:03:24,False,,True,True,742.81,60,1,141,671656101,train,True
671656075,742.33,53,15:03:25,False,,True,True,742.81,60,1,141,671656101,train,True
671656076,742.26,53,15:03:26,False,,True,True,742.8,60,1,141,671656101,train,True
671656077,742.26,53,15:03:27,False,,True,True,742.8,60,1,141,671656101,train,True
671656078,742.28,53,15:03:28,False,,True,True,742.8,60,1,141,671656101,train,True
671656079,742.26,53,15:03:29,False,,True,True,742.8,60,1,141,671656101,train,True
671656080,742.23,53,15:03:29,False,,True,True,742.8,60,1,141,671656101,train,True
671731581,742.37,54,11:28:30,False,,True,False,742.3,51,1,142,671731643,train,True
671731582,742.38,54,11:28:31,False,,True,False,742.3,51,1,142,671731643,train,True
671731583,742.45,54,11:28:32,False,,True,False,742.3,51,1,142,671731643,train,True
671731584,742.38,54,11:28:32,False,,True,False,742.3,51,1,142,671731643,train,True
671731585,742.4,54,11:28:33,False,,True,False,742.3,51,1,142,671731643,train,True
671731586,742.4,54,11:28:34,False,,True,False,742.3,51,1,142,671731643,train,True
671731587,742.37,54,11:28:35,False,,True,False,742.3,51,1,142,671731643,train,True
671731588,742.37,54,11:28:36,False,,True,False,742.3,51,1,142,671731643,train,True
671731589,742.37,54,11:28:37,False,,True,False,742.3,51,1,142,671731643,train,True
671731590,742.39,54,11:28:38,False,,True,False,742.3,51,1,142,671731643,train,True
671731591,742.41,54,11:28:39,False,,True,False,742.3,51,1,142,671731643,train,True
671731592,742.41,54,11:28:40,False,,True,False,742.3,51,1,142,671731643,train,True
671731593,742.47,54,11:28:41,False,,True,False,742.3,51,1,142,671731643,train,True
671731594,742.4,54,11:28:42,False,,True,False,742.3,51,1,142,671731643,train,True
671731595,742.4,54,11:28:43,False,,True,False,742.3,51,1,142,671731643,train,True
671731596,742.42,54,11:28:44,False,,True,False,742.31,51,1,142,671731643,train,True
671731597,742.42,54,11:28:45,False,,True,False,742.31,51,1,142,671731643,train,True
671731598,742.41,54,11:28:46,False,,True,False,742.31,51,1,142,671731643,train,True
671731599,742.46,54,11:28:47,False,,True,False,742.31,51,1,142,671731643,train,True
671731600,742.45,54,11:28:48,False,,True,False,742.31,51,1,142,671731643,train,True
671731601,742.5,54,11:28:49,False,,True,False,742.31,51,1,142,671731643,train,True
671731602,742.47,54,11:28:50,False,,True,False,742.31,51,1,142,671731643,train,True
671731603,742.43,54,11:28:51,False,,True,False,742.31,51,1,142,671731643,train,True
671731604,742.45,54,11:28:52,False,,True,False,742.31,51,1,142,671731643,train,True
671731605,742.44,54,11:28:53,False,,True,False,742.31,51,1,142,671731643,train,True
671731606,742.49,54,11:28:54,False,,True,False,742.31,51,1,142,671731643,train,True
671731607,742.42,54,11:28:55,False,,True,False,742.31,51,1,142,671731643,train,True
671731608,742.5,54,11:28:56,False,,True,False,742.31,51,1,142,671731643,train,True
671731609,742.46,54,11:28:57,False,,True,False,742.31,51,1,142,671731643,train,True
671731610,742.44,54,11:28:58,False,,True,False,742.31,51,1,142,671731643,train,True
671731611,742.52,54,11:28:59,False,,True,False,742.31,51,1,142,671731643,train,True
671731612,742.47,54,11:29:00,False,,True,False,742.31,51,1,142,671731643,train,True
671731613,742.47,54,11:29:01,False,,True,False,742.31,51,1,142,671731643,train,True
671731614,742.5,54,11:29:02,False,,True,False,742.31,51,1,142,671731643,train,True
671731615,742.45,54,11:29:03,False,,True,False,742.32,51,1,142,671731643,train,True
671731616,742.47,54,11:29:04,False,,True,False,742.32,51,1,142,671731643,train,True
671731617,742.44,54,11:29:05,False,,True,False,742.32,51,1,142,671731643,train,True
671731618,742.5,54,11:29:06,False,,True,False,742.32,51,1,142,671731643,train,True
671731619,742.44,54,11:29:07,False,,True,False,742.32,51,1,142,671731643,train,True
671731620,742.41,54,11:29:08,False,,True,False,742.32,51,1,142,671731643,train,True
671731621,742.41,54,11:29:08,False,,True,False,742.32,51,1,142,671731643,train,True
671731622,742.38,54,11:29:09,False,,True,False,742.32,51,1,142,671731643,train,True
671731623,742.36,54,11:29:10,False,,True,False,742.32,52,1,142,671731643,train,True
671731624,742.31,54,11:29:11,False,,True,False,742.32,53,1,142,671731643,train,True
671731625,742.27,54,11:29:12,False,,True,False,742.32,54,1,142,671731643,train,True
671731626,742.29,54,11:29:13,False,,True,False,742.32,55,1,142,671731643,train,True
671731627,742.33,54,11:29:14,False,,True,False,742.32,56,1,142,671731643,train,True
671731628,742.3,54,11:29:15,False,,True,False,742.32,57,1,142,671731643,train,True
671731629,742.28,54,11:29:16,False,,True,False,742.32,58,1,142,671731643,train,True
671731630,742.26,54,11:29:17,False,,True,False,742.32,59,1,142,671731643,train,True
671731631,742.24,54,11:29:18,False,,True,False,742.32,60,1,142,671731643,train,True
671731632,742.27,54,11:29:19,False,,True,False,742.32,60,1,142,671731643,train,True
671731633,742.21,54,11:29:20,False,,True,True,742.32,60,1,142,671731643,train,True
671731634,742.27,54,11:29:21,False,,True,True,742.32,60,1,142,671731643,train,True
671731635,742.22,54,11:29:22,False,,True,True,742.32,60,1,142,671731643,train,True
671731636,742.2,54,11:29:23,False,,True,True,742.32,60,1,142,671731643,train,True
671731637,742.17,54,11:29:24,False,,True,True,742.32,60,1,142,671731643,train,True
671731638,742.11,54,11:29:25,False,,True,True,742.32,60,1,142,671731643,train,True
671731639,741.97,54,11:29:26,False,,True,True,742.32,60,1,142,671731643,train,True
671731640,741.73,54,11:29:27,False,,True,True,742.32,60,1,142,671731643,train,True
671740714,747.44,54,13:56:41,False,,True,True,747.55,16,1,143,671740824,train,True
671740715,747.53,54,13:56:41,False,,True,True,747.55,15,1,143,671740824,train,True
671740716,747.5,54,13:56:42,False,,True,True,747.55,15,1,143,671740824,train,True
671740717,747.44,54,13:56:43,False,,True,True,747.55,14,1,143,671740824,train,True
671740718,747.48,54,13:56:44,False,,True,True,747.55,13,1,143,671740824,train,True
671740719,747.46,54,13:56:45,False,,True,True,747.55,12,1,143,671740824,train,True
671740720,747.44,54,13:56:46,False,,True,True,747.55,12,1,143,671740824,train,True
671740721,747.43,54,13:56:47,False,,True,True,747.55,11,1,143,671740824,train,True
671740722,747.44,54,13:56:48,False,,True,True,747.55,11,1,143,671740824,train,True
671740723,747.41,54,13:56:49,False,,True,True,747.55,11,1,143,671740824,train,True
671740724,747.39,54,13:56:50,False,,True,True,747.55,11,1,143,671740824,train,True
671740725,747.48,54,13:56:51,False,,True,True,747.55,11,1,143,671740824,train,True
671740726,747.44,54,13:56:52,False,,True,True,747.55,11,1,143,671740824,train,True
671740727,747.44,54,13:56:53,False,,True,True,747.55,11,1,143,671740824,train,True
671740728,747.43,54,13:56:54,False,,True,True,747.55,11,1,143,671740824,train,True
671740729,747.45,54,13:56:55,False,,True,True,747.55,11,1,143,671740824,train,True
671740730,747.46,54,13:56:56,False,,True,True,747.55,11,1,143,671740824,train,True
671740731,747.43,54,13:56:57,False,,True,True,747.55,12,1,143,671740824,train,True
671740732,747.41,54,13:56:58,False,,True,True,747.55,13,1,143,671740824,train,True
671740733,747.45,54,13:56:59,False,,True,True,747.55,14,1,143,671740824,train,True
671740734,747.43,54,13:57:00,False,,True,True,747.55,15,1,143,671740824,train,True
671740735,747.45,54,13:57:01,False,,True,True,747.55,16,1,143,671740824,train,True
671740736,747.45,54,13:57:02,False,,True,True,747.55,17,1,143,671740824,train,True
671740737,747.41,54,13:57:03,False,,True,True,747.54,18,1,143,671740824,train,True
671740738,747.43,54,13:57:04,False,,True,True,747.54,19,1,143,671740824,train,True
671740739,747.45,54,13:57:05,False,,True,True,747.54,20,1,143,671740824,train,True
671740740,747.47,54,13:57:06,False,,True,True,747.54,21,1,143,671740824,train,True
671740741,747.45,54,13:57:07,False,,True,True,747.54,22,1,143,671740824,train,True
671740742,747.47,54,13:57:08,False,,True,True,747.54,23,1,143,671740824,train,True
671740743,747.45,54,13:57:09,False,,True,True,747.54,24,1,143,671740824,train,True
671740744,747.36,54,13:57:10,False,,True,True,747.54,25,1,143,671740824,train,True
671740745,747.42,54,13:57:11,False,,True,True,747.54,26,1,143,671740824,train,True
671740746,747.44,54,13:57:12,False,,True,True,747.54,27,1,143,671740824,train,True
671740747,747.45,54,13:57:13,False,,True,True,747.54,28,1,143,671740824,train,True
671740748,747.38,54,13:57:14,False,,True,True,747.54,29,1,143,671740824,train,True
671740749,747.42,54,13:57:15,False,,True,True,747.54,30,1,143,671740824,train,True
671740750,747.38,54,13:57:16,False,,True,True,747.54,31,1,143,671740824,train,True
671740751,747.4,54,13:57:17,False,,True,True,747.54,32,1,143,671740824,train,True
671740752,747.44,54,13:57:18,False,,True,True,747.54,33,1,143,671740824,train,True
671740753,747.39,54,13:57:18,False,,True,True,747.54,34,1,143,671740824,train,True
671740754,747.37,54,13:57:19,False,,True,True,747.54,35,1,143,671740824,train,True
671740755,747.4,54,13:57:20,False,,True,True,747.54,36,1,143,671740824,train,True
671740756,747.37,54,13:57:21,False,,True,True,747.54,37,1,143,671740824,train,True
671740757,747.42,54,13:57:22,False,,True,True,747.54,38,1,143,671740824,train,True
671740758,747.44,54,13:57:23,False,,True,True,747.54,39,1,143,671740824,train,True
671740759,747.39,54,13:57:24,False,,True,True,747.54,40,1,143,671740824,train,True
671740760,747.37,54,13:57:25,False,,True,True,747.54,41,1,143,671740824,train,True
671740761,747.35,54,13:57:26,False,,True,True,747.54,42,1,143,671740824,train,True
671740762,747.34,54,13:57:27,False,,True,True,747.54,43,1,143,671740824,train,True
671740763,747.39,54,13:57:28,False,,True,True,747.54,44,1,143,671740824,train,True
671740764,747.32,54,13:57:29,False,,True,True,747.53,45,1,143,671740824,train,True
671740765,747.3,54,13:57:30,False,,True,True,747.53,46,1,143,671740824,train,True
671740766,747.3,54,13:57:31,False,,True,True,747.53,47,1,143,671740824,train,True
671740767,747.34,54,13:57:32,False,,True,True,747.53,48,1,143,671740824,train,True
671740768,747.32,54,13:57:33,False,,True,True,747.53,49,1,143,671740824,train,True
671740769,747.34,54,13:57:34,False,,True,True,747.53,50,1,143,671740824,train,True
671740770,747.32,54,13:57:35,False,,True,True,747.53,51,1,143,671740824,train,True
671740771,747.34,54,13:57:36,False,,True,True,747.53,52,1,143,671740824,train,True
671740772,747.37,54,13:57:37,False,,True,True,747.53,53,1,143,671740824,train,True
671740773,747.36,54,13:57:38,False,,True,True,747.53,54,1,143,671740824,train,True
671746803,741.17,54,15:35:28,False,,True,False,741.33,32,1,144,671746873,train,True
671746804,741.15,54,15:35:29,False,,True,False,741.33,33,1,144,671746873,train,True
671746805,741.12,54,15:35:30,False,,True,False,741.33,34,1,144,671746873,train,True
671746806,741.14,54,15:35:31,False,,True,False,741.32,35,1,144,671746873,train,True
671746807,741.07,54,15:35:32,False,,True,False,741.32,36,1,144,671746873,train,True
671746808,741.12,54,15:35:33,False,,True,False,741.32,37,1,144,671746873,train,True
671746809,741.1,54,15:35:34,False,,True,False,741.32,38,1,144,671746873,train,True
671746810,741.14,54,15:35:35,False,,True,False,741.32,39,1,144,671746873,train,True
671746811,741.1,54,15:35:36,False,,True,False,741.32,40,1,144,671746873,train,True
671746812,741.07,54,15:35:37,False,,True,False,741.32,41,1,144,671746873,train,True
671746813,741.1,54,15:35:38,False,,True,False,741.32,42,1,144,671746873,train,True
671746814,741.12,54,15:35:39,False,,True,False,741.32,43,1,144,671746873,train,True
671746815,741.12,54,15:35:40,False,,True,False,741.32,44,1,144,671746873,train,True
671746816,741.14,54,15:35:41,False,,True,False,741.32,45,1,144,671746873,train,True
671746817,741.14,54,15:35:42,False,,True,False,741.32,46,1,144,671746873,train,True
671746818,741.1,54,15:35:43,False,,True,False,741.32,47,1,144,671746873,train,True
671746819,741.16,54,15:35:44,False,,True,False,741.32,48,1,144,671746873,train,True
671746820,741.09,54,15:35:45,False,,True,False,741.32,49,1,144,671746873,train,True
671746821,741.07,54,15:35:46,False,,True,False,741.32,50,1,144,671746873,train,True
671746822,741.14,54,15:35:47,False,,True,False,741.31,51,1,144,671746873,train,True
671746823,741.07,54,15:35:48,False,,True,False,741.31,52,1,144,671746873,train,True
671746824,741.03,54,15:35:49,False,,True,False,741.31,53,1,144,671746873,train,True
671746825,741.09,54,15:35:50,False,,True,False,741.31,54,1,144,671746873,train,True
671746826,741.12,54,15:35:51,False,,True,False,741.31,54,1,144,671746873,train,True
671746827,741.05,54,15:35:52,False,,True,False,741.31,55,1,144,671746873,train,True
671746828,740.98,54,15:35:52,False,,True,False,741.31,56,1,144,671746873,train,True
671746829,741.0,54,15:35:53,False,,True,False,741.31,56,1,144,671746873,train,True
671746830,741.11,54,15:35:54,False,,True,False,741.31,56,1,144,671746873,train,True
671746831,741.0,54,15:35:55,False,,True,True,741.31,56,1,144,671746873,train,True
671746832,741.03,54,15:35:56,False,,True,True,741.31,56,1,144,671746873,train,True
671746833,740.98,54,15:35:57,False,,True,True,741.31,56,1,144,671746873,train,True
671746834,740.94,54,15:35:58,False,,True,True,741.31,56,1,144,671746873,train,True
671746835,741.02,54,15:35:59,False,,True,True,741.3,56,1,144,671746873,train,True
671746836,741.04,54,15:36:00,False,,True,True,741.3,56,1,144,671746873,train,True
671746837,741.07,54,15:36:01,False,,True,True,741.3,56,1,144,671746873,train,True
671746838,741.07,54,15:36:02,False,,True,True,741.3,56,1,144,671746873,train,True
671746839,741.11,54,15:36:03,False,,True,True,741.3,56,1,144,671746873,train,True
671746840,741.05,54,15:36:04,False,,True,True,741.3,56,1,144,671746873,train,True
671746841,741.05,54,15:36:05,False,,True,True,741.3,56,1,144,671746873,train,True
671746842,741.09,54,15:36:06,False,,True,True,741.3,56,1,144,671746873,train,True
671746843,741.09,54,15:36:07,False,,True,True,741.3,56,1,144,671746873,train,True
671746844,741.02,54,15:36:08,False,,True,True,741.3,56,1,144,671746873,train,True
671746845,741.07,54,15:36:09,False,,True,True,741.3,56,1,144,671746873,train,True
671746846,741.0,54,15:36:10,False,,True,True,741.3,56,1,144,671746873,train,True
671746847,741.02,54,15:36:11,False,,True,True,741.29,56,1,144,671746873,train,True
671746848,741.04,54,15:36:12,False,,True,True,741.29,56,1,144,671746873,train,True
671746849,741.02,54,15:36:13,False,,True,True,741.29,56,1,144,671746873,train,True
671746850,741.02,54,15:36:14,False,,True,True,741.29,56,1,144,671746873,train,True
671746851,741.02,54,15:36:15,False,,True,True,741.29,56,1,144,671746873,train,True
671746852,741.07,54,15:36:16,False,,True,True,741.29,56,1,144,671746873,train,True
671746853,741.06,54,15:36:17,False,,True,True,741.29,56,1,144,671746873,train,True
671746854,741.02,54,15:36:18,False,,True,True,741.29,57,1,144,671746873,train,True
671746855,741.0,54,15:36:19,False,,True,True,741.29,58,1,144,671746873,train,True
671746856,741.0,54,15:36:20,False,,True,True,741.29,59,1,144,671746873,train,True
671746857,740.95,54,15:36:21,False,,True,True,741.29,60,1,144,671746873,train,True
671746858,740.91,54,15:36:22,False,,True,True,741.28,60,1,144,671746873,train,True
671746859,740.91,54,15:36:23,False,,True,True,741.28,60,1,144,671746873,train,True
671746860,740.93,54,15:36:24,False,,True,True,741.28,60,1,144,671746873,train,True
671746861,740.93,54,15:36:25,False,,True,True,741.28,60,1,144,671746873,train,True
671746862,740.88,54,15:36:26,False,,True,True,741.28,60,1,144,671746873,train,True
671823090,744.46,55,12:13:13,False,,True,False,744.45,60,1,145,671823162,train,True
671823091,744.46,55,12:13:14,False,,True,False,744.46,60,1,145,671823162,train,True
671823092,744.5,55,12:13:15,False,,True,False,744.46,60,1,145,671823162,train,True
671823093,744.44,55,12:13:16,False,,True,False,744.46,60,1,145,671823162,train,True
671823094,744.46,55,12:13:17,False,,True,False,744.46,60,1,145,671823162,train,True
671823095,744.43,55,12:13:18,False,,True,False,744.46,60,1,145,671823162,train,True
671823096,744.44,55,12:13:19,False,,True,False,744.46,60,1,145,671823162,train,True
671823097,744.34,55,12:13:20,False,,True,False,744.46,60,1,145,671823162,train,True
671823098,744.32,55,12:13:21,False,,True,False,744.46,60,1,145,671823162,train,True
671823099,744.3,55,12:13:22,False,,True,False,744.46,60,1,145,671823162,train,True
671823100,744.3,55,12:13:23,False,,True,False,744.46,60,1,145,671823162,train,True
671823101,744.3,55,12:13:24,False,,True,False,744.46,60,1,145,671823162,train,True
671823102,744.3,55,12:13:25,False,,True,False,744.46,60,1,145,671823162,train,True
671823103,744.34,55,12:13:26,False,,True,False,744.46,60,1,145,671823162,train,True
671823104,744.3,55,12:13:27,False,,True,False,744.46,60,1,145,671823162,train,True
671823105,744.27,55,12:13:28,False,,True,False,744.46,60,1,145,671823162,train,True
671823106,744.25,55,12:13:29,False,,True,False,744.46,60,1,145,671823162,train,True
671823107,744.2,55,12:13:30,False,,True,False,744.46,60,1,145,671823162,train,True
671823108,744.23,55,12:13:31,False,,True,False,744.46,60,1,145,671823162,train,True
671823109,744.25,55,12:13:32,False,,True,False,744.46,60,1,145,671823162,train,True
671823110,744.25,55,12:13:33,False,,True,False,744.46,60,1,145,671823162,train,True
671823111,744.27,55,12:13:34,False,,True,False,744.46,60,1,145,671823162,train,True
671823112,744.25,55,12:13:35,False,,True,True,744.46,60,1,145,671823162,train,True
671823113,744.27,55,12:13:36,False,,True,True,744.46,60,1,145,671823162,train,True
671823114,744.29,55,12:13:37,False,,True,True,744.46,60,1,145,671823162,train,True
671823115,744.25,55,12:13:38,False,,True,True,744.46,60,1,145,671823162,train,True
671823116,744.24,55,12:13:39,False,,True,True,744.46,60,1,145,671823162,train,True
671823117,744.2,55,12:13:40,False,,True,True,744.46,60,1,145,671823162,train,True
671823118,744.2,55,12:13:41,False,,True,True,744.46,60,1,145,671823162,train,True
671823119,744.18,55,12:13:42,False,,True,True,744.46,60,1,145,671823162,train,True
671823120,744.2,55,12:13:43,False,,True,True,744.46,60,1,145,671823162,train,True
671823121,744.29,55,12:13:44,False,,True,True,744.46,60,1,145,671823162,train,True
671823122,744.24,55,12:13:45,False,,True,True,744.46,60,1,145,671823162,train,True
671823123,744.29,55,12:13:45,False,,True,True,744.46,60,1,145,671823162,train,True
671823124,744.3,55,12:13:46,False,,True,True,744.46,60,1,145,671823162,train,True
671823125,744.38,55,12:13:47,False,,True,True,744.46,60,1,145,671823162,train,True
671823126,744.33,55,12:13:48,False,,True,True,744.46,60,1,145,671823162,train,True
671823127,744.33,55,12:13:49,False,,True,True,744.46,60,1,145,671823162,train,True
671823128,744.22,55,12:13:50,False,,True,True,744.46,60,1,145,671823162,train,True
671823129,744.26,55,12:13:51,False,,True,True,744.46,60,1,145,671823162,train,True
671823130,744.3,55,12:13:52,False,,True,True,744.46,60,1,145,671823162,train,True
671823131,744.26,55,12:13:53,False,,True,True,744.46,60,1,145,671823162,train,True
671823132,744.19,55,12:13:54,False,,True,True,744.46,60,1,145,671823162,train,True
671823133,744.26,55,12:13:55,False,,True,True,744.46,60,1,145,671823162,train,True
671823134,744.19,55,12:13:56,False,,True,True,744.46,60,1,145,671823162,train,True
671823135,744.21,55,12:13:57,False,,True,True,744.46,60,1,145,671823162,train,True
671823136,744.14,55,12:13:58,False,,True,True,744.46,60,1,145,671823162,train,True
671823137,744.1,55,12:13:59,False,,True,True,744.45,60,1,145,671823162,train,True
671823138,744.08,55,12:14:00,False,,True,True,744.45,60,1,145,671823162,train,True
671823139,744.01,55,12:14:01,False,,True,True,744.45,60,1,145,671823162,train,True
671823140,743.98,55,12:14:02,False,,True,True,744.45,60,1,145,671823162,train,True
671823141,743.96,55,12:14:03,False,,True,True,744.45,60,1,145,671823162,train,True
671823142,743.94,55,12:14:04,False,,True,True,744.45,60,1,145,671823162,train,True
671823143,743.89,55,12:14:05,False,,True,True,744.45,60,1,145,671823162,train,True
671823144,743.89,55,12:14:06,False,,True,True,744.45,60,1,145,671823162,train,True
671823145,743.75,55,12:14:07,False,,True,True,744.45,60,1,145,671823162,train,True
671823146,743.69,55,12:14:08,False,,True,True,744.45,60,1,145,671823162,train,True
671823147,743.71,55,12:14:09,False,,True,True,744.45,60,1,145,671823162,train,True
671823148,743.57,55,12:14:10,False,,True,True,744.44,60,1,145,671823162,train,True
671823149,743.46,55,12:14:11,False,,True,True,744.44,60,1,145,671823162,train,True
671823590,744.63,55,12:21:20,False,,True,False,744.48,26,1,146,671823654,train,True
671823591,744.6,55,12:21:21,False,,True,False,744.48,26,1,146,671823654,train,True
671823592,744.65,55,12:21:22,False,,True,False,744.48,26,1,146,671823654,train,True
671823593,744.62,55,12:21:23,False,,True,False,744.48,26,1,146,671823654,train,True
671823594,744.6,55,12:21:24,False,,True,False,744.48,26,1,146,671823654,train,True
671823595,744.6,55,12:21:25,False,,True,False,744.48,26,1,146,671823654,train,True
671823596,744.6,55,12:21:26,False,,True,False,744.48,26,1,146,671823654,train,True
671823597,744.6,55,12:21:27,False,,True,False,744.48,26,1,146,671823654,train,True
671823598,744.64,55,12:21:28,False,,True,False,744.48,26,1,146,671823654,train,True
671823599,744.65,55,12:21:29,False,,True,False,744.49,26,1,146,671823654,train,True
671823600,744.55,55,12:21:30,False,,True,False,744.49,26,1,146,671823654,train,True
671823601,744.62,55,12:21:31,False,,True,False,744.49,26,1,146,671823654,train,True
671823602,744.67,55,12:21:32,False,,True,False,744.49,26,1,146,671823654,train,True
671823603,744.62,55,12:21:33,False,,True,False,744.49,26,1,146,671823654,train,True
671823604,744.64,55,12:21:34,False,,True,False,744.49,26,1,146,671823654,train,True
671823605,744.62,55,12:21:35,False,,True,False,744.49,26,1,146,671823654,train,True
671823606,744.6,55,12:21:36,False,,True,False,744.49,26,1,146,671823654,train,True
671823607,744.64,55,12:21:37,False,,True,False,744.49,26,1,146,671823654,train,True
671823608,744.59,55,12:21:38,False,,True,False,744.49,26,1,146,671823654,train,True
671823609,744.57,55,12:21:39,False,,True,False,744.49,26,1,146,671823654,train,True
671823610,744.61,55,12:21:40,False,,True,False,744.49,26,1,146,671823654,train,True
671823611,744.64,55,12:21:41,False,,True,False,744.49,26,1,146,671823654,train,True
671823612,744.62,55,12:21:42,False,,True,False,744.49,26,1,146,671823654,train,True
671823613,744.59,55,12:21:42,False,,True,False,744.49,27,1,146,671823654,train,True
671823614,744.63,55,12:21:43,False,,True,False,744.5,28,1,146,671823654,train,True
671823615,744.57,55,12:21:44,False,,True,False,744.5,29,1,146,671823654,train,True
671823616,744.54,55,12:21:45,False,,True,False,744.5,30,1,146,671823654,train,True
671823617,744.63,55,12:21:46,False,,True,False,744.5,31,1,146,671823654,train,True
671823618,744.63,55,12:21:47,False,,True,False,744.5,32,1,146,671823654,train,True
671823619,744.55,55,12:21:48,False,,True,False,744.5,33,1,146,671823654,train,True
671823620,744.59,55,12:21:49,False,,True,False,744.5,34,1,146,671823654,train,True
671823621,744.56,55,12:21:50,False,,True,False,744.5,35,1,146,671823654,train,True
671823622,744.58,55,12:21:51,False,,True,False,744.5,36,1,146,671823654,train,True
671823623,744.59,55,12:21:52,False,,True,False,744.5,37,1,146,671823654,train,True
671823624,744.52,55,12:21:53,False,,True,False,744.5,38,1,146,671823654,train,True
671823625,744.57,55,12:21:54,False,,True,False,744.5,39,1,146,671823654,train,True
671823626,744.58,55,12:21:55,False,,True,False,744.5,40,1,146,671823654,train,True
671823627,744.61,55,12:21:56,False,,True,False,744.5,41,1,146,671823654,train,True
671823628,744.54,55,12:21:57,False,,True,False,744.5,42,1,146,671823654,train,True
671823629,744.56,55,12:21:58,False,,True,False,744.51,43,1,146,671823654,train,True
671823630,744.58,55,12:21:59,False,,True,False,744.51,44,1,146,671823654,train,True
671823631,744.65,55,12:22:00,False,,True,False,744.51,45,1,146,671823654,train,True
671823632,744.6,55,12:22:01,False,,True,False,744.51,46,1,146,671823654,train,True
671823633,744.58,55,12:22:02,False,,True,False,744.51,47,1,146,671823654,train,True
671823634,744.54,55,12:22:03,False,,True,False,744.51,48,1,146,671823654,train,True
671823635,744.58,55,12:22:04,False,,True,True,744.51,49,1,146,671823654,train,True
671823636,744.56,55,12:22:05,False,,True,True,744.51,50,1,146,671823654,train,True
671823637,744.62,55,12:22:06,False,,True,True,744.51,51,1,146,671823654,train,True
671823638,744.55,55,12:22:07,False,,True,True,744.51,52,1,146,671823654,train,True
671823639,744.49,55,12:22:08,False,,True,True,744.51,53,1,146,671823654,train,True
671823640,744.53,55,12:22:09,False,,True,True,744.51,54,1,146,671823654,train,True
671823641,744.47,55,12:22:10,False,,True,True,744.52,55,1,146,671823654,train,True
671823642,744.47,55,12:22:11,False,,True,True,744.52,56,1,146,671823654,train,True
671823643,744.48,55,12:22:12,False,,True,True,744.52,57,1,146,671823654,train,True
671823644,744.49,55,12:22:13,False,,True,True,744.52,58,1,146,671823654,train,True
671823645,744.44,55,12:22:14,False,,True,True,744.52,59,1,146,671823654,train,True
671823646,744.39,55,12:22:15,False,,True,True,744.52,60,1,146,671823654,train,True
671823647,744.39,55,12:22:16,False,,True,True,744.52,60,1,146,671823654,train,True
671823648,744.25,55,12:22:17,False,,True,True,744.52,60,1,146,671823654,train,True
671823649,744.19,55,12:22:18,False,,True,True,744.53,60,1,146,671823654,train,True
671823884,745.0,55,12:26:06,False,,True,True,744.77,48,1,147,671823993,train,True
671823885,745.02,55,12:26:07,False,,True,True,744.77,48,1,147,671823993,train,True
671823886,745.06,55,12:26:08,False,,True,True,744.77,48,1,147,671823993,train,True
671823887,745.06,55,12:26:09,False,,True,True,744.77,48,1,147,671823993,train,True
671823888,745.08,55,12:26:10,False,,True,True,744.77,48,1,147,671823993,train,True
671823889,745.12,55,12:26:11,False,,True,True,744.77,48,1,147,671823993,train,True
671823890,745.06,55,12:26:12,False,,True,True,744.77,48,1,147,671823993,train,True
671823891,745.08,55,12:26:13,False,,True,True,744.77,48,1,147,671823993,train,True
671823892,745.06,55,12:26:14,False,,True,True,744.77,48,1,147,671823993,train,True
671823893,745.14,55,12:26:15,False,,True,True,744.77,48,1,147,671823993,train,True
671823894,745.08,55,12:26:16,False,,True,True,744.77,48,1,147,671823993,train,True
671823895,745.1,55,12:26:17,False,,True,True,744.77,48,1,147,671823993,train,True
671823896,745.1,55,12:26:18,False,,True,True,744.78,48,1,147,671823993,train,True
671823897,745.14,55,12:26:19,False,,True,True,744.78,48,1,147,671823993,train,True
671823898,745.14,55,12:26:20,False,,True,True,744.78,48,1,147,671823993,train,True
671823899,745.14,55,12:26:21,False,,True,True,744.78,48,1,147,671823993,train,True
671823900,745.1,55,12:26:22,False,,True,True,744.78,48,1,147,671823993,train,True
671823901,745.12,55,12:26:23,False,,True,True,744.78,48,1,147,671823993,train,True
671823902,745.1,55,12:26:24,False,,True,True,744.78,48,1,147,671823993,train,True
671823903,745.16,55,12:26:25,False,,True,True,744.78,48,1,147,671823993,train,True
671823904,745.16,55,12:26:26,False,,True,True,744.78,48,1,147,671823993,train,True
671823905,745.21,55,12:26:27,False,,True,True,744.78,48,1,147,671823993,train,True
671823906,745.16,55,12:26:28,False,,True,True,744.78,48,1,147,671823993,train,True
671823907,745.2,55,12:26:29,False,,True,True,744.78,48,1,147,671823993,train,True
671823908,745.22,55,12:26:30,False,,True,True,744.79,48,1,147,671823993,train,True
671823909,745.16,55,12:26:31,False,,True,True,744.79,48,1,147,671823993,train,True
671823910,745.11,55,12:26:32,False,,True,True,744.79,48,1,147,671823993,train,True
671823911,745.11,55,12:26:33,False,,True,True,744.79,48,1,147,671823993,train,True
671823912,745.09,55,12:26:34,False,,True,True,744.79,48,1,147,671823993,train,True
671823913,745.11,55,12:26:35,False,,True,True,744.79,48,1,147,671823993,train,True
671823914,745.1,55,12:26:36,False,,True,True,744.79,48,1,147,671823993,train,True
671823915,745.11,55,12:26:36,False,,True,True,744.79,48,1,147,671823993,train,True
671823916,745.06,55,12:26:37,False,,True,True,744.79,48,1,147,671823993,train,True
671823917,745.11,55,12:26:38,False,,True,True,744.79,48,1,147,671823993,train,True
671823918,745.15,55,12:26:39,False,,True,True,744.79,48,1,147,671823993,train,True
671823919,745.13,55,12:26:40,False,,True,True,744.8,48,1,147,671823993,train,True
671823920,745.15,55,12:26:41,False,,True,True,744.8,48,1,147,671823993,train,True
671823921,745.1,55,12:26:42,False,,True,True,744.8,48,1,147,671823993,train,True
671823922,745.13,55,12:26:43,False,,True,True,744.8,48,1,147,671823993,train,True
671823923,745.13,55,12:26:44,False,,True,True,744.8,48,1,147,671823993,train,True
671823924,745.1,55,12:26:45,False,,True,True,744.8,48,1,147,671823993,train,True
671823925,745.1,55,12:26:46,False,,True,True,744.8,48,1,147,671823993,train,True
671823926,745.1,55,12:26:47,False,,True,True,744.8,48,1,147,671823993,train,True
671823927,744.99,55,12:26:48,False,,True,True,744.8,47,1,147,671823993,train,True
671823928,744.98,55,12:26:49,False,,True,True,744.8,47,1,147,671823993,train,True
671823929,744.96,55,12:26:50,False,,True,True,744.8,47,1,147,671823993,train,True
671823930,744.99,55,12:26:51,False,,True,True,744.8,47,1,147,671823993,train,True
671823931,745.01,55,12:26:52,False,,True,True,744.81,47,1,147,671823993,train,True
671823932,745.03,55,12:26:53,False,,True,True,744.81,47,1,147,671823993,train,True
671823933,745.03,55,12:26:54,False,,True,True,744.81,47,1,147,671823993,train,True
671823934,745.02,55,12:26:55,False,,True,True,744.81,47,1,147,671823993,train,True
671823935,744.98,55,12:26:56,False,,True,True,744.81,47,1,147,671823993,train,True
671823936,745.0,55,12:26:57,False,,True,True,744.81,47,1,147,671823993,train,True
671823937,745.0,55,12:26:58,False,,True,True,744.81,47,1,147,671823993,train,True
671823938,745.02,55,12:26:59,False,,True,True,744.81,47,1,147,671823993,train,True
671823939,745.02,55,12:27:00,False,,True,True,744.81,47,1,147,671823993,train,True
671823940,744.93,55,12:27:01,False,,True,True,744.81,47,1,147,671823993,train,True
671823941,744.91,55,12:27:02,False,,True,True,744.81,46,1,147,671823993,train,True
671823942,744.97,55,12:27:03,False,,True,True,744.81,45,1,147,671823993,train,True
671823943,744.95,55,12:27:04,False,,True,True,744.82,44,1,147,671823993,train,True
671824570,745.47,55,12:37:14,False,,False,False,745.57,1,0,148,671824646,train,True
671824580,745.44,55,12:37:24,False,,True,False,745.57,1,1,148,671824646,train,True
671824581,745.48,55,12:37:25,False,,True,False,745.57,2,1,148,671824646,train,True
671824582,745.53,55,12:37:26,False,,True,False,745.57,3,1,148,671824646,train,True
671824583,745.48,55,12:37:27,False,,True,False,745.57,4,1,148,671824646,train,True
671824584,745.55,55,12:37:28,False,,True,False,745.57,5,1,148,671824646,train,True
671824585,745.55,55,12:37:29,False,,True,False,745.57,6,1,148,671824646,train,True
671824586,745.5,55,12:37:30,False,,True,False,745.57,7,1,148,671824646,train,True
671824587,745.54,55,12:37:31,False,,True,False,745.57,8,1,148,671824646,train,True
671824588,745.52,55,12:37:32,False,,True,False,745.57,9,1,148,671824646,train,True
671824589,745.43,55,12:37:33,False,,True,False,745.57,10,1,148,671824646,train,True
671824590,745.52,55,12:37:34,False,,True,False,745.57,11,1,148,671824646,train,True
671824591,745.52,55,12:37:35,False,,True,False,745.57,12,1,148,671824646,train,True
671824592,745.5,55,12:37:36,False,,True,False,745.57,13,1,148,671824646,train,True
671824593,745.5,55,12:37:37,False,,True,False,745.58,14,1,148,671824646,train,True
671824594,745.47,55,12:37:37,False,,True,False,745.58,15,1,148,671824646,train,True
671824595,745.52,55,12:37:38,False,,True,False,745.58,16,1,148,671824646,train,True
671824596,745.49,55,12:37:39,False,,True,False,745.58,17,1,148,671824646,train,True
671824597,745.45,55,12:37:40,False,,True,False,745.58,18,1,148,671824646,train,True
671824598,745.51,55,12:37:41,False,,True,False,745.58,19,1,148,671824646,train,True
671824599,745.49,55,12:37:42,False,,True,False,745.58,20,1,148,671824646,train,True
671824600,745.47,55,12:37:43,False,,True,False,745.58,21,1,148,671824646,train,True
671824601,745.48,55,12:37:44,False,,True,False,745.58,22,1,148,671824646,train,True
671824602,745.55,55,12:37:45,False,,True,False,745.58,23,1,148,671824646,train,True
671824603,745.51,55,12:37:46,False,,True,False,745.58,24,1,148,671824646,train,True
671824604,745.55,55,12:37:47,False,,True,False,745.58,25,1,148,671824646,train,True
671824605,745.51,55,12:37:48,False,,True,False,745.58,26,1,148,671824646,train,True
671824606,745.48,55,12:37:49,False,,True,False,745.58,27,1,148,671824646,train,True
671824607,745.51,55,12:37:50,False,,True,False,745.58,28,1,148,671824646,train,True
671824608,745.53,55,12:37:51,False,,True,False,745.58,29,1,148,671824646,train,True
671824609,745.48,55,12:37:52,False,,True,False,745.58,30,1,148,671824646,train,True
671824610,745.48,55,12:37:53,False,,True,False,745.58,31,1,148,671824646,train,True
671824611,745.53,55,12:37:54,False,,True,False,745.58,32,1,148,671824646,train,True
671824612,745.51,55,12:37:55,False,,True,False,745.58,33,1,148,671824646,train,True
671824613,745.55,55,12:37:56,False,,True,False,745.58,34,1,148,671824646,train,True
671824614,745.5,55,12:37:57,False,,True,False,745.58,35,1,148,671824646,train,True
671824615,745.48,55,12:37:58,False,,True,False,745.58,36,1,148,671824646,train,True
671824616,745.46,55,12:37:59,False,,True,False,745.58,37,1,148,671824646,train,True
671824617,745.52,55,12:38:00,False,,True,True,745.58,38,1,148,671824646,train,True
671824618,745.52,55,12:38:01,False,,True,True,745.58,39,1,148,671824646,train,True
671824619,745.52,55,12:38:02,False,,True,True,745.58,40,1,148,671824646,train,True
671824620,745.56,55,12:38:03,False,,True,True,745.58,41,1,148,671824646,train,True
671824621,745.5,55,12:38:04,False,,True,True,745.58,42,1,148,671824646,train,True
671824622,745.5,55,12:38:05,False,,True,True,745.58,43,1,148,671824646,train,True
671824623,745.54,55,12:38:06,False,,True,True,745.58,44,1,148,671824646,train,True
671824624,745.5,55,12:38:07,False,,True,True,745.58,45,1,148,671824646,train,True
671824625,745.56,55,12:38:08,False,,True,True,745.58,46,1,148,671824646,train,True
671824626,745.49,55,12:38:09,False,,True,True,745.58,47,1,148,671824646,train,True
671824627,745.5,55,12:38:10,False,,True,True,745.57,48,1,148,671824646,train,True
671824628,745.49,55,12:38:11,False,,True,True,745.57,49,1,148,671824646,train,True
671824629,745.47,55,12:38:12,False,,True,True,745.57,50,1,148,671824646,train,True
671824630,745.56,55,12:38:13,False,,True,True,745.57,51,1,148,671824646,train,True
671824631,745.51,55,12:38:14,False,,True,True,745.57,52,1,148,671824646,train,True
671824632,745.55,55,12:38:14,False,,True,True,745.57,53,1,148,671824646,train,True
671824633,745.51,55,12:38:15,False,,True,True,745.57,54,1,148,671824646,train,True
671824634,745.46,55,12:38:16,False,,True,True,745.57,55,1,148,671824646,train,True
671824635,745.35,55,12:38:17,False,,True,True,745.57,56,1,148,671824646,train,True
671824636,745.37,55,12:38:18,False,,True,True,745.57,57,1,148,671824646,train,True
671824637,745.3,55,12:38:19,False,,True,True,745.57,58,1,148,671824646,train,True
671824638,745.26,55,12:38:20,False,,True,True,745.57,59,1,148,671824646,train,True
671825442,746.41,55,12:51:23,False,,True,True,746.34,3,1,149,671825542,train,True
671825443,746.36,55,12:51:24,False,,True,True,746.34,4,1,149,671825542,train,True
671825444,746.41,55,12:51:25,False,,True,True,746.34,5,1,149,671825542,train,True
671825445,746.45,55,12:51:26,False,,True,True,746.34,6,1,149,671825542,train,True
671825446,746.45,55,12:51:27,False,,True,True,746.34,7,1,149,671825542,train,True
671825447,746.47,55,12:51:28,False,,True,True,746.34,8,1,149,671825542,train,True
671825448,746.42,55,12:51:29,False,,True,True,746.34,9,1,149,671825542,train,True
671825449,746.43,55,12:51:30,False,,True,True,746.34,10,1,149,671825542,train,True
671825450,746.42,55,12:51:31,False,,True,True,746.34,11,1,149,671825542,train,True
671825451,746.38,55,12:51:32,False,,True,True,746.34,12,1,149,671825542,train,True
671825452,746.42,55,12:51:33,False,,True,True,746.34,13,1,149,671825542,train,True
671825453,746.4,55,12:51:34,False,,True,True,746.34,14,1,149,671825542,train,True
671825454,746.44,55,12:51:35,False,,True,True,746.34,15,1,149,671825542,train,True
671825455,746.42,55,12:51:36,False,,True,True,746.34,16,1,149,671825542,train,True
671825456,746.44,55,12:51:37,False,,True,True,746.34,17,1,149,671825542,train,True
671825457,746.47,55,12:51:38,False,,True,True,746.34,18,1,149,671825542,train,True
671825458,746.46,55,12:51:39,False,,True,True,746.34,19,1,149,671825542,train,True
671825459,746.44,55,12:51:40,False,,True,True,746.35,20,1,149,671825542,train,True
671825460,746.46,55,12:51:41,False,,True,True,746.35,21,1,149,671825542,train,True
671825461,746.48,55,12:51:42,False,,True,True,746.35,22,1,149,671825542,train,True
671825462,746.44,55,12:51:42,False,,True,True,746.35,23,1,149,671825542,train,True
671825463,746.44,55,12:51:43,False,,True,True,746.35,24,1,149,671825542,train,True
671825464,746.48,55,12:51:44,False,,True,True,746.35,25,1,149,671825542,train,True
671825465,746.46,55,12:51:45,False,,True,True,746.35,26,1,149,671825542,train,True
671825466,746.5,55,12:51:46,False,,True,True,746.35,27,1,149,671825542,train,True
671825467,746.48,55,12:51:47,False,,True,True,746.35,28,1,149,671825542,train,True
671825468,746.47,55,12:51:48,False,,True,True,746.35,29,1,149,671825542,train,True
671825469,746.45,55,12:51:49,False,,True,True,746.35,30,1,149,671825542,train,True
671825470,746.47,55,12:51:50,False,,True,True,746.35,31,1,149,671825542,train,True
671825471,746.43,55,12:51:51,False,,True,True,746.35,32,1,149,671825542,train,True
671825472,746.49,55,12:51:52,False,,True,True,746.35,33,1,149,671825542,train,True
671825473,746.45,55,12:51:53,False,,True,True,746.35,34,1,149,671825542,train,True
671825474,746.54,55,12:51:54,False,,True,True,746.35,35,1,149,671825542,train,True
671825475,746.45,55,12:51:55,False,,True,True,746.35,36,1,149,671825542,train,True
671825476,746.49,55,12:51:56,False,,True,True,746.35,37,1,149,671825542,train,True
671825477,746.47,55,12:51:57,False,,True,True,746.36,38,1,149,671825542,train,True
671825478,746.49,55,12:51:58,False,,True,True,746.36,39,1,149,671825542,train,True
671825479,746.56,55,12:51:59,False,,True,True,746.36,40,1,149,671825542,train,True
671825480,746.47,55,12:52:00,False,,True,True,746.36,41,1,149,671825542,train,True
671825481,746.45,55,12:52:01,False,,True,True,746.36,42,1,149,671825542,train,True
671825482,746.49,55,12:52:02,False,,True,True,746.36,43,1,149,671825542,train,True
671825483,746.51,55,12:52:03,False,,True,True,746.36,44,1,149,671825542,train,True
671825484,746.4,55,12:52:04,False,,True,True,746.36,45,1,149,671825542,train,True
671825485,746.4,55,12:52:05,False,,True,True,746.36,46,1,149,671825542,train,True
671825486,746.4,55,12:52:06,False,,True,True,746.36,47,1,149,671825542,train,True
671825487,746.46,55,12:52:07,False,,True,True,746.36,48,1,149,671825542,train,True
671825488,746.4,55,12:52:08,False,,True,True,746.36,49,1,149,671825542,train,True
671825489,746.35,55,12:52:09,False,,True,True,746.36,50,1,149,671825542,train,True
671825490,746.37,55,12:52:10,False,,True,True,746.36,51,1,149,671825542,train,True
671825491,746.32,55,12:52:11,False,,True,True,746.36,52,1,149,671825542,train,True
671825492,746.37,55,12:52:12,False,,True,True,746.36,53,1,149,671825542,train,True
671825493,746.41,55,12:52:13,False,,True,True,746.36,54,1,149,671825542,train,True
671825494,746.3,55,12:52:14,False,,True,True,746.36,55,1,149,671825542,train,True
671825495,746.3,55,12:52:15,False,,True,True,746.36,56,1,149,671825542,train,True
671825496,746.32,55,12:52:16,False,,True,True,746.36,57,1,149,671825542,train,True
671825497,746.3,55,12:52:17,False,,True,True,746.36,58,1,149,671825542,train,True
671825498,746.3,55,12:52:18,False,,True,True,746.36,59,1,149,671825542,train,True
671825499,746.3,55,12:52:19,False,,True,True,746.36,60,1,149,671825542,train,True
671825500,746.29,55,12:52:19,False,,True,True,746.36,60,1,149,671825542,train,True
671825501,746.32,55,12:52:20,False,,True,True,746.36,60,1,149,671825542,train,True
671831504,746.34,55,14:29:44,False,,True,True,746.64,48,1,150,671831605,train,True
671831505,746.37,55,14:29:45,False,,True,True,746.64,49,1,150,671831605,train,True
671831506,746.29,55,14:29:46,False,,True,True,746.64,50,1,150,671831605,train,True
671831507,746.34,55,14:29:47,False,,True,True,746.64,51,1,150,671831605,train,True
671831508,746.31,55,14:29:48,False,,True,True,746.64,52,1,150,671831605,train,True
671831509,746.34,55,14:29:49,False,,True,True,746.64,53,1,150,671831605,train,True
671831510,746.31,55,14:29:50,False,,True,True,746.63,54,1,150,671831605,train,True
671831511,746.36,55,14:29:51,False,,True,True,746.63,55,1,150,671831605,train,True
671831512,746.29,55,14:29:52,False,,True,True,746.63,56,1,150,671831605,train,True
671831513,746.31,55,14:29:53,False,,True,True,746.63,57,1,150,671831605,train,True
671831514,746.29,55,14:29:54,False,,True,True,746.63,58,1,150,671831605,train,True
671831515,746.24,55,14:29:55,False,,True,True,746.63,59,1,150,671831605,train,True
671831516,746.24,55,14:29:56,False,,True,True,746.63,60,1,150,671831605,train,True
671831517,746.26,55,14:29:57,False,,True,True,746.63,60,1,150,671831605,train,True
671831518,746.19,55,14:29:58,False,,True,True,746.63,60,1,150,671831605,train,True
671831519,746.22,55,14:29:59,False,,True,True,746.62,60,1,150,671831605,train,True
671831520,746.22,55,14:30:00,False,,True,True,746.62,60,1,150,671831605,train,True
671831521,746.37,55,14:30:01,False,,True,True,746.62,60,1,150,671831605,train,True
671831522,746.26,55,14:30:02,False,,True,True,746.62,60,1,150,671831605,train,True
671831523,746.28,55,14:30:03,False,,True,True,746.62,60,1,150,671831605,train,True
671831524,746.21,55,14:30:04,False,,True,True,746.62,60,1,150,671831605,train,True
671831525,746.3,55,14:30:05,False,,True,True,746.62,60,1,150,671831605,train,True
671831526,746.3,55,14:30:06,False,,True,True,746.62,60,1,150,671831605,train,True
671831527,746.32,55,14:30:07,False,,True,True,746.61,60,1,150,671831605,train,True
671831528,746.3,55,14:30:08,False,,True,True,746.61,60,1,150,671831605,train,True
671831529,746.26,55,14:30:09,False,,True,True,746.61,60,1,150,671831605,train,True
671831530,746.3,55,14:30:10,False,,True,True,746.61,60,1,150,671831605,train,True
671831531,746.32,55,14:30:11,False,,True,True,746.61,60,1,150,671831605,train,True
671831532,746.28,55,14:30:12,False,,True,True,746.61,60,1,150,671831605,train,True
671831533,746.34,55,14:30:13,False,,True,True,746.61,60,1,150,671831605,train,True
671831534,746.27,55,14:30:14,False,,True,True,746.61,60,1,150,671831605,train,True
671831535,746.29,55,14:30:15,False,,True,True,746.6,60,1,150,671831605,train,True
671831536,746.25,55,14:30:16,False,,True,True,746.6,60,1,150,671831605,train,True
671831537,746.27,55,14:30:16,False,,True,True,746.6,60,1,150,671831605,train,True
671831538,746.27,55,14:30:17,False,,True,True,746.6,60,1,150,671831605,train,True
671831539,746.27,55,14:30:18,False,,True,True,746.6,60,1,150,671831605,train,True
671831540,746.2,55,14:30:19,False,,True,True,746.6,60,1,150,671831605,train,True
671831541,746.15,55,14:30:20,False,,True,True,746.6,60,1,150,671831605,train,True
671831542,746.24,55,14:30:21,False,,True,True,746.6,60,1,150,671831605,train,True
671831543,746.2,55,14:30:22,False,,True,True,746.59,60,1,150,671831605,train,True
671831544,746.17,55,14:30:23,False,,True,True,746.59,60,1,150,671831605,train,True
671831545,746.19,55,14:30:24,False,,True,True,746.59,60,1,150,671831605,train,True
671831546,746.24,55,14:30:25,False,,True,True,746.59,60,1,150,671831605,train,True
671831547,746.22,55,14:30:26,False,,True,True,746.59,60,1,150,671831605,train,True
671831548,746.17,55,14:30:27,False,,True,True,746.59,60,1,150,671831605,train,True
671831549,746.1,55,14:30:28,False,,True,True,746.59,60,1,150,671831605,train,True
671831550,746.08,55,14:30:29,False,,True,True,746.59,60,1,150,671831605,train,True
671831551,746.1,55,14:30:30,False,,True,True,746.58,60,1,150,671831605,train,True
671831552,746.12,55,14:30:31,False,,True,True,746.58,60,1,150,671831605,train,True
671831553,746.16,55,14:30:32,False,,True,True,746.58,60,1,150,671831605,train,True
671831554,746.16,55,14:30:33,False,,True,True,746.58,60,1,150,671831605,train,True
671831555,746.05,55,14:30:34,False,,True,True,746.58,60,1,150,671831605,train,True
671831556,746.1,55,14:30:35,False,,True,True,746.58,60,1,150,671831605,train,True
671831557,746.03,55,14:30:36,False,,True,True,746.57,60,1,150,671831605,train,True
671831558,746.0,55,14:30:37,False,,True,True,746.57,60,1,150,671831605,train,True
671831559,746.02,55,14:30:38,False,,True,True,746.57,60,1,150,671831605,train,True
671831560,746.01,55,14:30:39,False,,True,True,746.57,60,1,150,671831605,train,True
671831561,746.02,55,14:30:40,False,,True,True,746.57,60,1,150,671831605,train,True
671831562,746.09,55,14:30:41,False,,True,True,746.57,60,1,150,671831605,train,True
671831563,746.0,55,14:30:42,False,,True,True,746.56,60,1,150,671831605,train,True
671834675,741.99,55,15:21:11,False,,True,True,742.23,18,1,151,671834757,train,True
671834676,741.99,55,15:21:12,False,,True,True,742.23,19,1,151,671834757,train,True
671834677,741.99,55,15:21:13,False,,True,True,742.23,20,1,151,671834757,train,True
671834678,741.95,55,15:21:14,False,,True,True,742.23,21,1,151,671834757,train,True
671834679,741.99,55,15:21:15,False,,True,True,742.23,22,1,151,671834757,train,True
671834680,741.97,55,15:21:16,False,,True,True,742.23,23,1,151,671834757,train,True
671834681,742.01,55,15:21:17,False,,True,True,742.23,24,1,151,671834757,train,True
671834682,741.99,55,15:21:18,False,,True,True,742.23,25,1,151,671834757,train,True
671834683,742.02,55,15:21:19,False,,True,True,742.23,26,1,151,671834757,train,True
671834684,741.95,55,15:21:20,False,,True,True,742.22,27,1,151,671834757,train,True
671834685,741.97,55,15:21:21,False,,True,True,742.22,28,1,151,671834757,train,True
671834686,741.93,55,15:21:22,False,,True,True,742.22,29,1,151,671834757,train,True
671834687,741.97,55,15:21:23,False,,True,True,742.22,30,1,151,671834757,train,True
671834688,741.95,55,15:21:24,False,,True,True,742.22,31,1,151,671834757,train,True
671834689,741.93,55,15:21:25,False,,True,True,742.22,32,1,151,671834757,train,True
671834690,741.88,55,15:21:26,False,,True,True,742.22,33,1,151,671834757,train,True
671834691,741.95,55,15:21:27,False,,True,True,742.22,34,1,151,671834757,train,True
671834692,741.97,55,15:21:28,False,,True,True,742.21,35,1,151,671834757,train,True
671834693,741.95,55,15:21:29,False,,True,True,742.21,36,1,151,671834757,train,True
671834694,741.95,55,15:21:30,False,,True,True,742.21,37,1,151,671834757,train,True
671834695,741.95,55,15:21:31,False,,True,True,742.21,38,1,151,671834757,train,True
671834696,741.93,55,15:21:32,False,,True,True,742.21,39,1,151,671834757,train,True
671834697,741.93,55,15:21:33,False,,True,True,742.21,40,1,151,671834757,train,True
671834698,741.95,55,15:21:34,False,,True,True,742.21,41,1,151,671834757,train,True
671834699,741.93,55,15:21:35,False,,True,True,742.21,42,1,151,671834757,train,True
671834700,741.93,55,15:21:36,False,,True,True,742.21,43,1,151,671834757,train,True
671834701,741.91,55,15:21:37,False,,True,True,742.2,44,1,151,671834757,train,True
671834702,741.95,55,15:21:38,False,,True,True,742.2,45,1,151,671834757,train,True
671834703,741.93,55,15:21:39,False,,True,True,742.2,46,1,151,671834757,train,True
671834704,741.88,55,15:21:40,False,,True,True,742.2,47,1,151,671834757,train,True
671834705,741.88,55,15:21:41,False,,True,True,742.2,48,1,151,671834757,train,True
671834706,741.84,55,15:21:42,False,,True,True,742.2,49,1,151,671834757,train,True
671834707,741.89,55,15:21:42,False,,True,True,742.2,50,1,151,671834757,train,True
671834708,741.86,55,15:21:43,False,,True,True,742.2,51,1,151,671834757,train,True
671834709,741.93,55,15:21:44,False,,True,True,742.19,52,1,151,671834757,train,True
671834710,741.91,55,15:21:45,False,,True,True,742.19,53,1,151,671834757,train,True
671834711,741.91,55,15:21:46,False,,True,True,742.19,54,1,151,671834757,train,True
671834712,741.87,55,15:21:47,False,,True,True,742.19,55,1,151,671834757,train,True
671834713,741.89,55,15:21:48,False,,True,True,742.19,56,1,151,671834757,train,True
671834714,741.87,55,15:21:49,False,,True,True,742.19,57,1,151,671834757,train,True
671834715,741.87,55,15:21:50,False,,True,True,742.19,58,1,151,671834757,train,True
671834716,741.93,55,15:21:51,False,,True,True,742.19,59,1,151,671834757,train,True
671834717,741.82,55,15:21:52,False,,True,True,742.18,60,1,151,671834757,train,True
671834718,741.85,55,15:21:53,False,,True,True,742.18,60,1,151,671834757,train,True
671834719,741.87,55,15:21:54,False,,True,True,742.18,60,1,151,671834757,train,True
671834720,741.85,55,15:21:55,False,,True,True,742.18,60,1,151,671834757,train,True
671834721,741.8,55,15:21:56,False,,True,True,742.18,60,1,151,671834757,train,True
671834722,741.82,55,15:21:57,False,,True,True,742.18,60,1,151,671834757,train,True
671834723,741.84,55,15:21:58,False,,True,True,742.18,60,1,151,671834757,train,True
671834724,741.84,55,15:21:59,False,,True,True,742.17,60,1,151,671834757,train,True
671834725,741.8,55,15:22:00,False,,True,True,742.17,60,1,151,671834757,train,True
671834726,741.8,55,15:22:01,False,,True,True,742.17,60,1,151,671834757,train,True
671834727,741.85,55,15:22:02,False,,True,True,742.17,60,1,151,671834757,train,True
671834728,741.76,55,15:22:03,False,,True,True,742.17,60,1,151,671834757,train,True
671834729,741.78,55,15:22:04,False,,True,True,742.17,60,1,151,671834757,train,True
671834730,741.78,55,15:22:05,False,,True,True,742.17,60,1,151,671834757,train,True
671834731,741.78,55,15:22:06,False,,True,True,742.16,60,1,151,671834757,train,True
671834732,741.71,55,15:22:07,False,,True,True,742.16,60,1,151,671834757,train,True
671834733,741.69,55,15:22:08,False,,True,True,742.16,60,1,151,671834757,train,True
671834734,741.66,55,15:22:09,False,,True,True,742.16,60,1,151,671834757,train,True
671904763,746.27,56,10:18:22,False,,True,False,746.69,32,1,152,671904824,train,True
671904764,746.27,56,10:18:23,False,,True,False,746.69,32,1,152,671904824,train,True
671904765,746.27,56,10:18:24,False,,True,False,746.69,32,1,152,671904824,train,True
671904766,746.25,56,10:18:25,False,,True,False,746.69,32,1,152,671904824,train,True
671904767,746.31,56,10:18:26,False,,True,False,746.69,32,1,152,671904824,train,True
671904768,746.26,56,10:18:27,False,,True,False,746.69,32,1,152,671904824,train,True
671904769,746.24,56,10:18:28,False,,True,False,746.68,32,1,152,671904824,train,True
671904770,746.26,56,10:18:29,False,,True,False,746.68,32,1,152,671904824,train,True
671904771,746.26,56,10:18:30,False,,True,False,746.68,32,1,152,671904824,train,True
671904772,746.24,56,10:18:31,False,,True,False,746.68,32,1,152,671904824,train,True
671904773,746.23,56,10:18:32,False,,True,False,746.68,32,1,152,671904824,train,True
671904774,746.26,56,10:18:33,False,,True,False,746.68,32,1,152,671904824,train,True
671904775,746.21,56,10:18:33,False,,True,False,746.67,32,1,152,671904824,train,True
671904776,746.25,56,10:18:34,False,,True,False,746.67,32,1,152,671904824,train,True
671904777,746.28,56,10:18:35,False,,True,False,746.67,32,1,152,671904824,train,True
671904778,746.31,56,10:18:36,False,,True,False,746.67,32,1,152,671904824,train,True
671904779,746.25,56,10:18:37,False,,True,False,746.67,32,1,152,671904824,train,True
671904780,746.25,56,10:18:38,False,,True,False,746.67,32,1,152,671904824,train,True
671904781,746.25,56,10:18:39,False,,True,False,746.66,32,1,152,671904824,train,True
671904782,746.31,56,10:18:40,False,,True,False,746.66,32,1,152,671904824,train,True
671904783,746.26,56,10:18:41,False,,True,False,746.66,32,1,152,671904824,train,True
671904784,746.22,56,10:18:42,False,,True,False,746.66,32,1,152,671904824,train,True
671904785,746.22,56,10:18:43,False,,True,False,746.66,32,1,152,671904824,train,True
671904786,746.24,56,10:18:44,False,,True,False,746.66,32,1,152,671904824,train,True
671904787,746.21,56,10:18:45,False,,True,False,746.66,32,1,152,671904824,train,True
671904788,746.28,56,10:18:46,False,,True,False,746.65,32,1,152,671904824,train,True
671904789,746.25,56,10:18:47,False,,True,False,746.65,32,1,152,671904824,train,True
671904790,746.25,56,10:18:48,False,,True,False,746.65,32,1,152,671904824,train,True
671904791,746.21,56,10:18:49,False,,True,False,746.65,32,1,152,671904824,train,True
671904792,746.19,56,10:18:50,False,,True,False,746.65,32,1,152,671904824,train,True
671904793,746.25,56,10:18:51,False,,True,False,746.65,32,1,152,671904824,train,True
671904794,746.25,56,10:18:52,False,,True,False,746.64,32,1,152,671904824,train,True
671904795,746.25,56,10:18:53,False,,True,False,746.64,33,1,152,671904824,train,True
671904796,746.2,56,10:18:54,False,,True,False,746.64,34,1,152,671904824,train,True
671904797,746.22,56,10:18:55,False,,True,False,746.64,35,1,152,671904824,train,True
671904798,746.2,56,10:18:56,False,,True,False,746.64,36,1,152,671904824,train,True
671904799,746.24,56,10:18:57,False,,True,False,746.64,37,1,152,671904824,train,True
671904800,746.24,56,10:18:58,False,,True,False,746.63,38,1,152,671904824,train,True
671904801,746.24,56,10:18:59,False,,True,False,746.63,39,1,152,671904824,train,True
671904802,746.21,56,10:19:00,False,,True,False,746.63,40,1,152,671904824,train,True
671904803,746.23,56,10:19:01,False,,True,False,746.63,41,1,152,671904824,train,True
671904804,746.23,56,10:19:02,False,,True,False,746.63,42,1,152,671904824,train,True
671904805,746.23,56,10:19:03,False,,True,False,746.63,43,1,152,671904824,train,True
671904806,746.21,56,10:19:04,False,,True,False,746.62,44,1,152,671904824,train,True
671904807,746.25,56,10:19:05,False,,True,False,746.62,45,1,152,671904824,train,True
671904808,746.23,56,10:19:06,False,,True,False,746.62,46,1,152,671904824,train,True
671904809,746.2,56,10:19:07,False,,True,False,746.62,47,1,152,671904824,train,True
671904810,746.25,56,10:19:08,False,,True,False,746.62,48,1,152,671904824,train,True
671904811,746.18,56,10:19:09,False,,True,False,746.62,49,1,152,671904824,train,True
671904812,746.17,56,10:19:09,False,,True,False,746.62,50,1,152,671904824,train,True
671904813,746.15,56,10:19:10,False,,True,False,746.61,51,1,152,671904824,train,True
671904814,746.15,56,10:19:11,False,,True,False,746.61,52,1,152,671904824,train,True
671904815,746.17,56,10:19:12,False,,True,False,746.61,53,1,152,671904824,train,True
671904816,746.17,56,10:19:13,False,,True,False,746.61,54,1,152,671904824,train,True
671904817,746.17,56,10:19:14,False,,True,False,746.61,55,1,152,671904824,train,True
671904818,746.14,56,10:19:15,False,,True,True,746.61,56,1,152,671904824,train,True
671904819,746.16,56,10:19:16,False,,True,True,746.6,57,1,152,671904824,train,True
671904820,746.12,56,10:19:17,False,,True,True,746.6,58,1,152,671904824,train,True
671904821,746.07,56,10:19:18,False,,True,True,746.6,59,1,152,671904824,train,True
671904822,745.98,56,10:19:19,False,,True,True,746.6,60,1,152,671904824,train,True
671909246,745.04,56,11:31:06,False,,True,False,744.93,20,1,153,671909321,train,True
671909247,744.95,56,11:31:07,False,,True,False,744.93,21,1,153,671909321,train,True
671909248,744.99,56,11:31:08,False,,True,False,744.93,22,1,153,671909321,train,True
671909249,744.95,56,11:31:09,False,,True,False,744.93,23,1,153,671909321,train,True
671909250,745.01,56,11:31:10,False,,True,False,744.93,24,1,153,671909321,train,True
671909251,745.0,56,11:31:11,False,,True,False,744.93,25,1,153,671909321,train,True
671909252,744.91,56,11:31:12,False,,True,False,744.93,26,1,153,671909321,train,True
671909253,745.03,56,11:31:13,False,,True,False,744.93,27,1,153,671909321,train,True
671909254,744.98,56,11:31:14,False,,True,False,744.93,28,1,153,671909321,train,True
671909255,745.09,56,11:31:15,False,,True,False,744.93,29,1,153,671909321,train,True
671909256,745.0,56,11:31:16,False,,True,False,744.93,30,1,153,671909321,train,True
671909257,745.09,56,11:31:17,False,,True,False,744.93,31,1,153,671909321,train,True
671909258,745.0,56,11:31:18,False,,True,False,744.93,32,1,153,671909321,train,True
671909259,745.09,56,11:31:19,False,,True,True,744.93,32,1,153,671909321,train,True
671909260,745.08,56,11:31:20,False,,True,True,744.93,33,1,153,671909321,train,True
671909261,745.06,56,11:31:21,False,,True,True,744.93,33,1,153,671909321,train,True
671909262,745.04,56,11:31:22,False,,True,True,744.93,33,1,153,671909321,train,True
671909263,745.01,56,11:31:23,False,,True,True,744.93,34,1,153,671909321,train,True
671909264,745.07,56,11:31:24,False,,True,True,744.93,35,1,153,671909321,train,True
671909265,745.0,56,11:31:24,False,,True,True,744.93,36,1,153,671909321,train,True
671909266,745.01,56,11:31:25,False,,True,True,744.93,36,1,153,671909321,train,True
671909267,744.98,56,11:31:26,False,,True,True,744.93,37,1,153,671909321,train,True
671909268,745.0,56,11:31:27,False,,True,True,744.93,38,1,153,671909321,train,True
671909269,745.0,56,11:31:28,False,,True,True,744.93,39,1,153,671909321,train,True
671909270,744.98,56,11:31:29,False,,True,True,744.93,40,1,153,671909321,train,True
671909271,744.95,56,11:31:30,False,,True,True,744.93,41,1,153,671909321,train,True
671909272,744.95,56,11:31:31,False,,True,True,744.93,42,1,153,671909321,train,True
671909273,744.88,56,11:31:32,False,,True,True,744.93,43,1,153,671909321,train,True
671909274,744.9,56,11:31:33,False,,True,True,744.93,44,1,153,671909321,train,True
671909275,744.94,56,11:31:34,False,,True,True,744.93,45,1,153,671909321,train,True
671909276,744.9,56,11:31:35,False,,True,True,744.93,46,1,153,671909321,train,True
671909277,744.96,56,11:31:36,False,,True,True,744.93,47,1,153,671909321,train,True
671909278,744.9,56,11:31:37,False,,True,True,744.93,48,1,153,671909321,train,True
671909279,744.92,56,11:31:38,False,,True,True,744.93,49,1,153,671909321,train,True
671909280,744.94,56,11:31:39,False,,True,True,744.93,50,1,153,671909321,train,True
671909281,744.92,56,11:31:40,False,,True,True,744.93,51,1,153,671909321,train,True
671909282,744.96,56,11:31:41,False,,True,True,744.93,52,1,153,671909321,train,True
671909283,744.96,56,11:31:42,False,,True,True,744.93,53,1,153,671909321,train,True
671909284,744.91,56,11:31:43,False,,True,True,744.93,54,1,153,671909321,train,True
671909285,744.91,56,11:31:44,False,,True,True,744.93,55,1,153,671909321,train,True
671909286,744.91,56,11:31:45,False,,True,True,744.93,56,1,153,671909321,train,True
671909287,744.95,56,11:31:46,False,,True,True,744.93,57,1,153,671909321,train,True
671909288,744.95,56,11:31:47,False,,True,True,744.93,58,1,153,671909321,train,True
671909289,744.9,56,11:31:48,False,,True,True,744.93,59,1,153,671909321,train,True
671909290,744.95,56,11:31:49,False,,True,True,744.93,60,1,153,671909321,train,True
671909291,744.92,56,11:31:50,False,,True,True,744.93,60,1,153,671909321,train,True
671909292,744.99,56,11:31:51,False,,True,True,744.93,60,1,153,671909321,train,True
671909293,744.94,56,11:31:52,False,,True,True,744.93,60,1,153,671909321,train,True
671909294,745.0,56,11:31:53,False,,True,True,744.93,60,1,153,671909321,train,True
671909295,745.0,56,11:31:54,False,,True,True,744.93,60,1,153,671909321,train,True
671909296,744.95,56,11:31:55,False,,True,True,744.93,60,1,153,671909321,train,True
671909297,744.91,56,11:31:56,False,,True,True,744.93,60,1,153,671909321,train,True
671909298,744.87,56,11:31:57,False,,True,True,744.93,60,1,153,671909321,train,True
671909299,744.89,56,11:31:58,False,,True,True,744.93,60,1,153,671909321,train,True
671909300,744.88,56,11:31:59,False,,True,True,744.93,60,1,153,671909321,train,True
671909301,744.92,56,11:32:00,False,,True,True,744.93,60,1,153,671909321,train,True
671909302,744.86,56,11:32:01,False,,True,True,744.93,60,1,153,671909321,train,True
671909303,744.86,56,11:32:01,False,,True,True,744.93,60,1,153,671909321,train,True
671909304,744.83,56,11:32:02,False,,True,True,744.93,60,1,153,671909321,train,True
671909305,744.87,56,11:32:03,False,,True,True,744.93,60,1,153,671909321,train,True
671911288,746.56,56,12:04:14,False,,True,False,746.32,4,1,154,671911350,train,True
671911289,746.54,56,12:04:15,False,,True,False,746.32,5,1,154,671911350,train,True
671911290,746.54,56,12:04:16,False,,True,False,746.32,6,1,154,671911350,train,True
671911291,746.58,56,12:04:17,False,,True,False,746.32,7,1,154,671911350,train,True
671911292,746.59,56,12:04:18,False,,True,False,746.32,8,1,154,671911350,train,True
671911293,746.56,56,12:04:19,False,,True,False,746.32,8,1,154,671911350,train,True
671911294,746.52,56,12:04:20,False,,True,False,746.32,8,1,154,671911350,train,True
671911295,746.53,56,12:04:21,False,,True,False,746.33,9,1,154,671911350,train,True
671911296,746.51,56,12:04:22,False,,True,False,746.33,10,1,154,671911350,train,True
671911297,746.55,56,12:04:23,False,,True,False,746.33,11,1,154,671911350,train,True
671911298,746.58,56,12:04:24,False,,True,False,746.33,12,1,154,671911350,train,True
671911299,746.6,56,12:04:25,False,,True,False,746.33,13,1,154,671911350,train,True
671911300,746.58,56,12:04:26,False,,True,False,746.33,14,1,154,671911350,train,True
671911301,746.53,56,12:04:27,False,,True,False,746.33,15,1,154,671911350,train,True
671911302,746.57,56,12:04:27,False,,True,False,746.33,16,1,154,671911350,train,True
671911303,746.58,56,12:04:28,False,,True,False,746.33,17,1,154,671911350,train,True
671911304,746.58,56,12:04:29,False,,True,False,746.34,18,1,154,671911350,train,True
671911305,746.49,56,12:04:30,False,,True,False,746.34,19,1,154,671911350,train,True
671911306,746.48,56,12:04:31,False,,True,False,746.34,20,1,154,671911350,train,True
671911307,746.51,56,12:04:32,False,,True,False,746.34,21,1,154,671911350,train,True
671911308,746.53,56,12:04:33,False,,True,False,746.34,22,1,154,671911350,train,True
671911309,746.57,56,12:04:34,False,,True,False,746.34,23,1,154,671911350,train,True
671911310,746.57,56,12:04:35,False,,True,False,746.34,24,1,154,671911350,train,True
671911311,746.57,56,12:04:36,False,,True,False,746.34,25,1,154,671911350,train,True
671911312,746.57,56,12:04:37,False,,True,False,746.34,26,1,154,671911350,train,True
671911313,746.55,56,12:04:38,False,,True,False,746.35,27,1,154,671911350,train,True
671911314,746.57,56,12:04:39,False,,True,False,746.35,28,1,154,671911350,train,True
671911315,746.57,56,12:04:40,False,,True,False,746.35,29,1,154,671911350,train,True
671911316,746.52,56,12:04:41,False,,True,False,746.35,30,1,154,671911350,train,True
671911317,746.57,56,12:04:42,False,,True,False,746.35,31,1,154,671911350,train,True
671911318,746.52,56,12:04:43,False,,True,False,746.35,32,1,154,671911350,train,True
671911319,746.54,56,12:04:44,False,,True,False,746.35,33,1,154,671911350,train,True
671911320,746.6,56,12:04:45,False,,True,False,746.35,34,1,154,671911350,train,True
671911321,746.56,56,12:04:46,False,,True,False,746.35,35,1,154,671911350,train,True
671911322,746.54,56,12:04:47,False,,True,False,746.36,36,1,154,671911350,train,True
671911323,746.6,56,12:04:48,False,,True,False,746.36,37,1,154,671911350,train,True
671911324,746.53,56,12:04:49,False,,True,False,746.36,38,1,154,671911350,train,True
671911325,746.54,56,12:04:50,False,,True,False,746.36,39,1,154,671911350,train,True
671911326,746.51,56,12:04:51,False,,True,False,746.36,40,1,154,671911350,train,True
671911327,746.49,56,12:04:52,False,,True,False,746.36,41,1,154,671911350,train,True
671911328,746.56,56,12:04:53,False,,True,False,746.36,42,1,154,671911350,train,True
671911329,746.53,56,12:04:54,False,,True,False,746.36,43,1,154,671911350,train,True
671911330,746.53,56,12:04:55,False,,True,False,746.36,44,1,154,671911350,train,True
671911331,746.58,56,12:04:56,False,,True,False,746.36,45,1,154,671911350,train,True
671911332,746.57,56,12:04:57,False,,True,False,746.37,46,1,154,671911350,train,True
671911333,746.57,56,12:04:58,False,,True,False,746.37,47,1,154,671911350,train,True
671911334,746.57,56,12:04:59,False,,True,False,746.37,48,1,154,671911350,train,True
671911335,746.55,56,12:05:00,False,,True,False,746.37,49,1,154,671911350,train,True
671911336,746.49,56,12:05:01,False,,True,False,746.37,50,1,154,671911350,train,True
671911337,746.46,56,12:05:02,False,,True,False,746.37,51,1,154,671911350,train,True
671911338,746.46,56,12:05:03,False,,True,False,746.37,52,1,154,671911350,train,True
671911339,746.48,56,12:05:04,False,,True,True,746.37,53,1,154,671911350,train,True
671911340,746.48,56,12:05:04,False,,True,True,746.37,54,1,154,671911350,train,True
671911341,746.39,56,12:05:05,False,,True,True,746.37,55,1,154,671911350,train,True
671911342,746.37,56,12:05:06,False,,True,True,746.37,56,1,154,671911350,train,True
671911343,746.43,56,12:05:07,False,,True,True,746.37,57,1,154,671911350,train,True
671911344,746.36,56,12:05:08,False,,True,True,746.38,58,1,154,671911350,train,True
671911345,746.34,56,12:05:09,False,,True,True,746.38,59,1,154,671911350,train,True
671911346,746.25,56,12:05:10,False,,True,True,746.38,60,1,154,671911350,train,True
671911347,746.16,56,12:05:11,False,,True,True,746.38,60,1,154,671911350,train,True
671913167,747.56,56,12:34:43,False,,True,False,747.11,4,1,155,671913231,train,True
671913168,747.49,56,12:34:44,False,,True,False,747.11,5,1,155,671913231,train,True
671913169,747.54,56,12:34:45,False,,True,False,747.12,6,1,155,671913231,train,True
671913170,747.58,56,12:34:46,False,,True,False,747.12,7,1,155,671913231,train,True
671913171,747.51,56,12:34:47,False,,True,False,747.12,8,1,155,671913231,train,True
671913172,747.56,56,12:34:48,False,,True,False,747.12,9,1,155,671913231,train,True
671913173,747.56,56,12:34:49,False,,True,False,747.12,10,1,155,671913231,train,True
671913174,747.53,56,12:34:50,False,,True,False,747.12,11,1,155,671913231,train,True
671913175,747.53,56,12:34:51,False,,True,False,747.12,12,1,155,671913231,train,True
671913176,747.53,56,12:34:52,False,,True,False,747.13,13,1,155,671913231,train,True
671913177,747.59,56,12:34:53,False,,True,False,747.13,14,1,155,671913231,train,True
671913178,747.58,56,12:34:54,False,,True,False,747.13,15,1,155,671913231,train,True
671913179,747.55,56,12:34:55,False,,True,False,747.13,16,1,155,671913231,train,True
671913180,747.59,56,12:34:56,False,,True,False,747.13,17,1,155,671913231,train,True
671913181,747.55,56,12:34:57,False,,True,False,747.13,18,1,155,671913231,train,True
671913182,747.55,56,12:34:58,False,,True,False,747.14,19,1,155,671913231,train,True
671913183,747.57,56,12:34:59,False,,True,False,747.14,20,1,155,671913231,train,True
671913184,747.48,56,12:35:00,False,,True,False,747.14,21,1,155,671913231,train,True
671913185,747.51,56,12:35:01,False,,True,False,747.14,22,1,155,671913231,train,True
671913186,747.48,56,12:35:02,False,,True,False,747.14,23,1,155,671913231,train,True
671913187,747.48,56,12:35:03,False,,True,False,747.14,24,1,155,671913231,train,True
671913188,747.5,56,12:35:04,False,,True,False,747.15,25,1,155,671913231,train,True
671913189,747.5,56,12:35:04,False,,True,False,747.15,26,1,155,671913231,train,True
671913190,747.5,56,12:35:05,False,,True,False,747.15,27,1,155,671913231,train,True
671913191,747.54,56,12:35:06,False,,True,False,747.15,28,1,155,671913231,train,True
671913192,747.48,56,12:35:07,False,,True,False,747.15,29,1,155,671913231,train,True
671913193,747.54,56,12:35:08,False,,True,False,747.15,30,1,155,671913231,train,True
671913194,747.47,56,12:35:09,False,,True,False,747.15,31,1,155,671913231,train,True
671913195,747.54,56,12:35:10,False,,True,False,747.16,32,1,155,671913231,train,True
671913196,747.54,56,12:35:11,False,,True,False,747.16,33,1,155,671913231,train,True
671913197,747.52,56,12:35:12,False,,True,False,747.16,34,1,155,671913231,train,True
671913198,747.54,56,12:35:13,False,,True,False,747.16,35,1,155,671913231,train,True
671913199,747.52,56,12:35:14,False,,True,False,747.16,36,1,155,671913231,train,True
671913200,747.56,56,12:35:15,False,,True,False,747.16,37,1,155,671913231,train,True
671913201,747.52,56,12:35:16,False,,True,False,747.16,38,1,155,671913231,train,True
671913202,747.56,56,12:35:17,False,,True,False,747.17,39,1,155,671913231,train,True
671913203,747.54,56,12:35:18,False,,True,False,747.17,40,1,155,671913231,train,True
671913204,747.52,56,12:35:19,False,,True,False,747.17,41,1,155,671913231,train,True
671913205,747.54,56,12:35:20,False,,True,False,747.17,42,1,155,671913231,train,True
671913206,747.56,56,12:35:21,False,,True,False,747.17,43,1,155,671913231,train,True
671913207,747.51,56,12:35:22,False,,True,False,747.17,44,1,155,671913231,train,True
671913208,747.53,56,12:35:23,False,,True,False,747.18,45,1,155,671913231,train,True
671913209,747.51,56,12:35:24,False,,True,False,747.18,46,1,155,671913231,train,True
671913210,747.52,56,12:35:25,False,,True,False,747.18,47,1,155,671913231,train,True
671913211,747.6,56,12:35:26,False,,True,False,747.18,48,1,155,671913231,train,True
671913212,747.51,56,12:35:27,False,,True,False,747.18,49,1,155,671913231,train,True
671913213,747.49,56,12:35:28,False,,True,False,747.18,50,1,155,671913231,train,True
671913214,747.51,56,12:35:29,False,,True,False,747.18,51,1,155,671913231,train,True
671913215,747.49,56,12:35:30,False,,True,True,747.19,52,1,155,671913231,train,True
671913216,747.47,56,12:35:31,False,,True,True,747.19,53,1,155,671913231,train,True
671913217,747.46,56,12:35:32,False,,True,True,747.19,54,1,155,671913231,train,True
671913218,747.49,56,12:35:33,False,,True,True,747.19,55,1,155,671913231,train,True
671913219,747.5,56,12:35:34,False,,True,True,747.19,56,1,155,671913231,train,True
671913220,747.37,56,12:35:35,False,,True,True,747.19,57,1,155,671913231,train,True
671913221,747.39,56,12:35:36,False,,True,True,747.19,58,1,155,671913231,train,True
671913222,747.41,56,12:35:37,False,,True,True,747.19,59,1,155,671913231,train,True
671913223,747.26,56,12:35:38,False,,True,True,747.2,60,1,155,671913231,train,True
671913224,747.14,56,12:35:39,False,,True,True,747.2,60,1,155,671913231,train,True
671913225,747.01,56,12:35:40,False,,True,True,747.2,60,1,155,671913231,train,True
671913226,746.87,56,12:35:41,False,,True,True,747.2,60,1,155,671913231,train,True
671915612,748.81,56,13:14:23,False,,True,False,748.66,7,1,156,671915681,train,True
671915613,748.81,56,13:14:24,False,,True,False,748.66,8,1,156,671915681,train,True
671915614,748.81,56,13:14:25,False,,True,False,748.66,9,1,156,671915681,train,True
671915615,748.79,56,13:14:26,False,,True,False,748.66,10,1,156,671915681,train,True
671915616,748.81,56,13:14:27,False,,True,False,748.66,11,1,156,671915681,train,True
671915617,748.81,56,13:14:28,False,,True,False,748.66,12,1,156,671915681,train,True
671915618,748.76,56,13:14:29,False,,True,False,748.66,13,1,156,671915681,train,True
671915619,748.81,56,13:14:30,False,,True,False,748.66,14,1,156,671915681,train,True
671915620,748.83,56,13:14:31,False,,True,False,748.66,15,1,156,671915681,train,True
671915621,748.78,56,13:14:32,False,,True,False,748.66,16,1,156,671915681,train,True
671915622,748.78,56,13:14:33,False,,True,False,748.66,17,1,156,671915681,train,True
671915623,748.78,56,13:14:34,False,,True,False,748.66,18,1,156,671915681,train,True
671915624,748.82,56,13:14:35,False,,True,False,748.66,19,1,156,671915681,train,True
671915625,748.85,56,13:14:36,False,,True,False,748.66,20,1,156,671915681,train,True
671915626,748.75,56,13:14:37,False,,True,False,748.66,21,1,156,671915681,train,True
671915627,748.78,56,13:14:38,False,,True,False,748.66,22,1,156,671915681,train,True
671915628,748.73,56,13:14:39,False,,True,False,748.66,23,1,156,671915681,train,True
671915629,748.8,56,13:14:40,False,,True,False,748.66,24,1,156,671915681,train,True
671915630,748.77,56,13:14:41,False,,True,False,748.67,25,1,156,671915681,train,True
671915631,748.75,56,13:14:42,False,,True,False,748.67,26,1,156,671915681,train,True
671915632,748.79,56,13:14:43,False,,True,False,748.67,27,1,156,671915681,train,True
671915633,748.79,56,13:14:44,False,,True,False,748.67,28,1,156,671915681,train,True
671915634,748.75,56,13:14:45,False,,True,False,748.67,29,1,156,671915681,train,True
671915635,748.77,56,13:14:46,False,,True,False,748.67,30,1,156,671915681,train,True
671915636,748.79,56,13:14:47,False,,True,False,748.67,31,1,156,671915681,train,True
671915637,748.77,56,13:14:48,False,,True,False,748.67,32,1,156,671915681,train,True
671915638,748.81,56,13:14:49,False,,True,False,748.67,33,1,156,671915681,train,True
671915639,748.72,56,13:14:50,False,,True,False,748.67,34,1,156,671915681,train,True
671915640,748.74,56,13:14:51,False,,True,False,748.67,35,1,156,671915681,train,True
671915641,748.74,56,13:14:51,False,,True,False,748.67,36,1,156,671915681,train,True
671915642,748.74,56,13:14:52,False,,True,False,748.67,37,1,156,671915681,train,True
671915643,748.76,56,13:14:53,False,,True,True,748.67,38,1,156,671915681,train,True
671915644,748.78,56,13:14:54,False,,True,True,748.67,39,1,156,671915681,train,True
671915645,748.76,56,13:14:55,False,,True,True,748.67,40,1,156,671915681,train,True
671915646,748.78,56,13:14:56,False,,True,True,748.67,41,1,156,671915681,train,True
671915647,748.8,56,13:14:57,False,,True,True,748.68,42,1,156,671915681,train,True
671915648,748.74,56,13:14:58,False,,True,True,748.68,43,1,156,671915681,train,True
671915649,748.71,56,13:14:59,False,,True,True,748.68,44,1,156,671915681,train,True
671915650,748.73,56,13:15:00,False,,True,True,748.68,45,1,156,671915681,train,True
671915651,748.75,56,13:15:01,False,,True,True,748.68,46,1,156,671915681,train,True
671915652,748.69,56,13:15:02,False,,True,True,748.68,47,1,156,671915681,train,True
671915653,748.68,56,13:15:03,False,,True,True,748.68,48,1,156,671915681,train,True
671915654,748.71,56,13:15:04,False,,True,True,748.68,49,1,156,671915681,train,True
671915655,748.73,56,13:15:05,False,,True,True,748.68,50,1,156,671915681,train,True
671915656,748.66,56,13:15:06,False,,True,True,748.68,51,1,156,671915681,train,True
671915657,748.68,56,13:15:07,False,,True,True,748.68,52,1,156,671915681,train,True
671915658,748.68,56,13:15:08,False,,True,True,748.68,53,1,156,671915681,train,True
671915659,748.7,56,13:15:09,False,,True,True,748.68,54,1,156,671915681,train,True
671915660,748.7,56,13:15:10,False,,True,True,748.68,55,1,156,671915681,train,True
671915661,748.63,56,13:15:11,False,,True,True,748.68,56,1,156,671915681,train,True
671915662,748.66,56,13:15:12,False,,True,True,748.68,57,1,156,671915681,train,True
671915663,748.68,56,13:15:13,False,,True,True,748.68,58,1,156,671915681,train,True
671915664,748.59,56,13:15:14,False,,True,True,748.68,59,1,156,671915681,train,True
671915665,748.58,56,13:15:15,False,,True,True,748.68,60,1,156,671915681,train,True
671915666,748.63,56,13:15:16,False,,True,True,748.68,60,1,156,671915681,train,True
671915667,748.58,56,13:15:17,False,,True,True,748.68,60,1,156,671915681,train,True
671915668,748.56,56,13:15:18,False,,True,True,748.68,60,1,156,671915681,train,True
671915669,748.56,56,13:15:19,False,,True,True,748.68,60,1,156,671915681,train,True
671915670,748.58,56,13:15:20,False,,True,True,748.68,60,1,156,671915681,train,True
671915671,748.56,56,13:15:21,False,,True,True,748.68,60,1,156,671915681,train,True
671916400,748.92,56,13:27:10,False,,True,False,748.93,5,1,157,671916470,train,True
671916401,748.89,56,13:27:11,False,,True,False,748.93,6,1,157,671916470,train,True
671916402,748.94,56,13:27:12,False,,True,False,748.93,7,1,157,671916470,train,True
671916403,748.96,56,13:27:13,False,,True,False,748.93,8,1,157,671916470,train,True
671916404,748.91,56,13:27:14,False,,True,False,748.93,9,1,157,671916470,train,True
671916405,748.89,56,13:27:15,False,,True,False,748.93,10,1,157,671916470,train,True
671916406,748.89,56,13:27:16,False,,True,False,748.93,11,1,157,671916470,train,True
671916407,748.91,56,13:27:17,False,,True,False,748.93,12,1,157,671916470,train,True
671916408,748.91,56,13:27:18,False,,True,False,748.93,13,1,157,671916470,train,True
671916409,748.86,56,13:27:19,False,,True,False,748.93,14,1,157,671916470,train,True
671916410,748.87,56,13:27:20,False,,True,False,748.93,15,1,157,671916470,train,True
671916411,748.91,56,13:27:21,False,,True,False,748.93,16,1,157,671916470,train,True
671916412,748.95,56,13:27:22,False,,True,False,748.93,17,1,157,671916470,train,True
671916413,748.88,56,13:27:23,False,,True,False,748.93,18,1,157,671916470,train,True
671916414,748.86,56,13:27:24,False,,True,False,748.93,19,1,157,671916470,train,True
671916415,748.88,56,13:27:25,False,,True,False,748.93,20,1,157,671916470,train,True
671916416,748.91,56,13:27:26,False,,True,False,748.93,21,1,157,671916470,train,True
671916417,748.88,56,13:27:27,False,,True,False,748.93,22,1,157,671916470,train,True
671916418,748.88,56,13:27:28,False,,True,False,748.93,23,1,157,671916470,train,True
671916419,748.83,56,13:27:29,False,,True,False,748.93,24,1,157,671916470,train,True
671916420,748.88,56,13:27:30,False,,True,False,748.93,25,1,157,671916470,train,True
671916421,748.88,56,13:27:31,False,,True,False,748.93,25,1,157,671916470,train,True
671916422,748.88,56,13:27:32,False,,True,False,748.93,26,1,157,671916470,train,True
671916423,748.88,56,13:27:33,False,,True,False,748.93,27,1,157,671916470,train,True
671916424,748.86,56,13:27:34,False,,True,False,748.93,28,1,157,671916470,train,True
671916425,748.86,56,13:27:35,False,,True,False,748.93,28,1,157,671916470,train,True
671916426,748.92,56,13:27:36,False,,True,False,748.93,28,1,157,671916470,train,True
671916427,748.94,56,13:27:37,False,,True,False,748.93,29,1,157,671916470,train,True
671916428,748.92,56,13:27:38,False,,True,True,748.93,30,1,157,671916470,train,True
671916429,748.94,56,13:27:39,False,,True,True,748.93,31,1,157,671916470,train,True
671916430,748.94,56,13:27:40,False,,True,True,748.93,32,1,157,671916470,train,True
671916431,748.98,56,13:27:41,False,,True,True,748.93,33,1,157,671916470,train,True
671916432,749.03,56,13:27:42,False,,True,True,748.93,34,1,157,671916470,train,True
671916433,748.94,56,13:27:43,False,,True,True,748.93,35,1,157,671916470,train,True
671916434,748.98,56,13:27:43,False,,True,True,748.93,36,1,157,671916470,train,True
671916435,748.94,56,13:27:44,False,,True,True,748.93,37,1,157,671916470,train,True
671916436,748.98,56,13:27:45,False,,True,True,748.93,38,1,157,671916470,train,True
671916437,749.02,56,13:27:46,False,,True,True,748.93,39,1,157,671916470,train,True
671916438,748.96,56,13:27:47,False,,True,True,748.93,40,1,157,671916470,train,True
671916439,749.0,56,13:27:48,False,,True,True,748.93,41,1,157,671916470,train,True
671916440,748.96,56,13:27:49,False,,True,True,748.93,42,1,157,671916470,train,True
671916441,748.98,56,13:27:50,False,,True,True,748.93,43,1,157,671916470,train,True
671916442,748.97,56,13:27:51,False,,True,True,748.93,44,1,157,671916470,train,True
671916443,748.95,56,13:27:52,False,,True,True,748.94,45,1,157,671916470,train,True
671916444,748.97,56,13:27:53,False,,True,True,748.94,46,1,157,671916470,train,True
671916445,748.91,56,13:27:54,False,,True,True,748.94,47,1,157,671916470,train,True
671916446,748.93,56,13:27:55,False,,True,True,748.94,48,1,157,671916470,train,True
671916447,748.95,56,13:27:56,False,,True,True,748.94,49,1,157,671916470,train,True
671916448,748.92,56,13:27:57,False,,True,True,748.94,50,1,157,671916470,train,True
671916449,748.95,56,13:27:58,False,,True,True,748.94,51,1,157,671916470,train,True
671916450,748.95,56,13:27:59,False,,True,True,748.94,52,1,157,671916470,train,True
671916451,748.88,56,13:28:00,False,,True,True,748.94,53,1,157,671916470,train,True
671916452,748.9,56,13:28:01,False,,True,True,748.94,54,1,157,671916470,train,True
671916453,748.83,56,13:28:02,False,,True,True,748.94,55,1,157,671916470,train,True
671916454,748.87,56,13:28:03,False,,True,True,748.94,56,1,157,671916470,train,True
671916455,748.83,56,13:28:04,False,,True,True,748.94,57,1,157,671916470,train,True
671916456,748.76,56,13:28:05,False,,True,True,748.94,58,1,157,671916470,train,True
671916457,748.74,56,13:28:06,False,,True,True,748.94,59,1,157,671916470,train,True
671916458,748.67,56,13:28:07,False,,True,True,748.94,60,1,157,671916470,train,True
671916459,748.69,56,13:28:08,False,,True,True,748.94,60,1,157,671916470,train,True
671920710,746.31,56,14:37:06,False,,True,False,746.79,31,1,158,671920779,train,True
671920711,746.3,56,14:37:07,False,,True,False,746.79,31,1,158,671920779,train,True
671920712,746.34,56,14:37:08,False,,True,False,746.79,31,1,158,671920779,train,True
671920713,746.4,56,14:37:09,False,,True,False,746.79,31,1,158,671920779,train,True
671920714,746.34,56,14:37:10,False,,True,False,746.79,31,1,158,671920779,train,True
671920715,746.31,56,14:37:11,False,,True,False,746.78,31,1,158,671920779,train,True
671920716,746.27,56,14:37:12,False,,True,False,746.78,31,1,158,671920779,train,True
671920717,746.32,56,14:37:13,False,,True,False,746.78,31,1,158,671920779,train,True
671920718,746.27,56,14:37:14,False,,True,False,746.78,31,1,158,671920779,train,True
671920719,746.25,56,14:37:15,False,,True,False,746.78,31,1,158,671920779,train,True
671920720,746.27,56,14:37:16,False,,True,False,746.77,31,1,158,671920779,train,True
671920721,746.36,56,14:37:17,False,,True,False,746.77,31,1,158,671920779,train,True
671920722,746.33,56,14:37:18,False,,True,False,746.77,31,1,158,671920779,train,True
671920723,746.27,56,14:37:19,False,,True,False,746.77,31,1,158,671920779,train,True
671920724,746.25,56,14:37:20,False,,True,False,746.77,31,1,158,671920779,train,True
671920725,746.27,56,14:37:21,False,,True,False,746.76,31,1,158,671920779,train,True
671920726,746.36,56,14:37:22,False,,True,False,746.76,31,1,158,671920779,train,True
671920727,746.33,56,14:37:23,False,,True,False,746.76,31,1,158,671920779,train,True
671920728,746.33,56,14:37:24,False,,True,False,746.76,31,1,158,671920779,train,True
671920729,746.31,56,14:37:25,False,,True,False,746.76,31,1,158,671920779,train,True
671920730,746.33,56,14:37:26,False,,True,False,746.76,31,1,158,671920779,train,True
671920731,746.33,56,14:37:27,False,,True,False,746.75,31,1,158,671920779,train,True
671920732,746.26,56,14:37:28,False,,True,False,746.75,31,1,158,671920779,train,True
671920733,746.29,56,14:37:29,False,,True,False,746.75,31,1,158,671920779,train,True
671920734,746.29,56,14:37:30,False,,True,False,746.75,31,1,158,671920779,train,True
671920735,746.3,56,14:37:30,False,,True,False,746.75,31,1,158,671920779,train,True
671920736,746.28,56,14:37:31,False,,True,False,746.75,31,1,158,671920779,train,True
671920737,746.28,56,14:37:32,False,,True,False,746.74,31,1,158,671920779,train,True
671920738,746.31,56,14:37:33,False,,True,False,746.74,31,1,158,671920779,train,True
671920739,746.3,56,14:37:34,False,,True,False,746.74,31,1,158,671920779,train,True
671920740,746.31,56,14:37:35,False,,True,True,746.74,32,1,158,671920779,train,True
671920741,746.35,56,14:37:36,False,,True,True,746.74,33,1,158,671920779,train,True
671920742,746.29,56,14:37:37,False,,True,True,746.73,34,1,158,671920779,train,True
671920743,746.35,56,14:37:38,False,,True,True,746.73,35,1,158,671920779,train,True
671920744,746.28,56,14:37:39,False,,True,True,746.73,36,1,158,671920779,train,True
671920745,746.33,56,14:37:40,False,,True,True,746.73,37,1,158,671920779,train,True
671920746,746.28,56,14:37:41,False,,True,True,746.73,38,1,158,671920779,train,True
671920747,746.31,56,14:37:42,False,,True,True,746.73,39,1,158,671920779,train,True
671920748,746.35,56,14:37:43,False,,True,True,746.72,40,1,158,671920779,train,True
671920749,746.31,56,14:37:44,False,,True,True,746.72,41,1,158,671920779,train,True
671920750,746.33,56,14:37:45,False,,True,True,746.72,42,1,158,671920779,train,True
671920751,746.31,56,14:37:46,False,,True,True,746.72,43,1,158,671920779,train,True
671920752,746.32,56,14:37:47,False,,True,True,746.72,44,1,158,671920779,train,True
671920753,746.3,56,14:37:48,False,,True,True,746.71,45,1,158,671920779,train,True
671920754,746.35,56,14:37:49,False,,True,True,746.71,46,1,158,671920779,train,True
671920755,746.3,56,14:37:50,False,,True,True,746.71,47,1,158,671920779,train,True
671920756,746.26,56,14:37:51,False,,True,True,746.71,48,1,158,671920779,train,True
671920757,746.28,56,14:37:52,False,,True,True,746.71,49,1,158,671920779,train,True
671920758,746.28,56,14:37:53,False,,True,True,746.71,50,1,158,671920779,train,True
671920759,746.25,56,14:37:54,False,,True,True,746.7,51,1,158,671920779,train,True
671920760,746.24,56,14:37:55,False,,True,True,746.7,52,1,158,671920779,train,True
671920761,746.21,56,14:37:56,False,,True,True,746.7,53,1,158,671920779,train,True
671920762,746.19,56,14:37:57,False,,True,True,746.7,54,1,158,671920779,train,True
671920763,746.16,56,14:37:58,False,,True,True,746.7,55,1,158,671920779,train,True
671920764,746.21,56,14:37:59,False,,True,True,746.69,56,1,158,671920779,train,True
671920765,746.16,56,14:38:00,False,,True,True,746.69,57,1,158,671920779,train,True
671920766,746.12,56,14:38:01,False,,True,True,746.69,58,1,158,671920779,train,True
671920767,746.14,56,14:38:02,False,,True,True,746.69,59,1,158,671920779,train,True
671920768,746.07,56,14:38:03,False,,True,True,746.68,60,1,158,671920779,train,True
671920769,746.07,56,14:38:04,False,,True,True,746.68,60,1,158,671920779,train,True
671921720,745.14,56,14:53:29,False,,True,False,745.66,60,1,159,671921784,train,True
671921721,745.18,56,14:53:30,False,,True,False,745.65,60,1,159,671921784,train,True
671921722,745.18,56,14:53:31,False,,True,False,745.65,60,1,159,671921784,train,True
671921723,745.21,56,14:53:32,False,,True,False,745.65,60,1,159,671921784,train,True
671921724,745.21,56,14:53:33,False,,True,False,745.65,60,1,159,671921784,train,True
671921725,745.12,56,14:53:34,False,,True,False,745.65,60,1,159,671921784,train,True
671921726,745.16,56,14:53:35,False,,True,False,745.65,60,1,159,671921784,train,True
671921727,745.12,56,14:53:36,False,,True,False,745.65,60,1,159,671921784,train,True
671921728,745.16,56,14:53:37,False,,True,False,745.64,60,1,159,671921784,train,True
671921729,745.12,56,14:53:38,False,,True,False,745.64,60,1,159,671921784,train,True
671921730,745.16,56,14:53:39,False,,True,False,745.64,60,1,159,671921784,train,True
671921731,745.07,56,14:53:40,False,,True,False,745.64,60,1,159,671921784,train,True
671921732,745.14,56,14:53:41,False,,True,False,745.64,60,1,159,671921784,train,True
671921733,745.14,56,14:53:42,False,,True,False,745.64,60,1,159,671921784,train,True
671921734,745.12,56,14:53:43,False,,True,False,745.63,60,1,159,671921784,train,True
671921735,745.14,56,14:53:44,False,,True,False,745.63,60,1,159,671921784,train,True
671921736,745.16,56,14:53:45,False,,True,False,745.63,60,1,159,671921784,train,True
671921737,745.2,56,14:53:46,False,,True,False,745.63,60,1,159,671921784,train,True
671921738,745.16,56,14:53:47,False,,True,False,745.63,60,1,159,671921784,train,True
671921739,745.14,56,14:53:48,False,,True,False,745.63,60,1,159,671921784,train,True
671921740,745.21,56,14:53:49,False,,True,False,745.63,60,1,159,671921784,train,True
671921741,745.14,56,14:53:50,False,,True,False,745.63,60,1,159,671921784,train,True
671921742,745.16,56,14:53:51,False,,True,False,745.62,60,1,159,671921784,train,True
671921743,745.18,56,14:53:52,False,,True,False,745.62,60,1,159,671921784,train,True
671921744,745.16,56,14:53:53,False,,True,False,745.62,60,1,159,671921784,train,True
671921745,745.16,56,14:53:54,False,,True,False,745.62,60,1,159,671921784,train,True
671921746,745.14,56,14:53:55,False,,True,False,745.62,60,1,159,671921784,train,True
671921747,745.12,56,14:53:56,False,,True,False,745.62,60,1,159,671921784,train,True
671921748,745.14,56,14:53:57,False,,True,False,745.62,60,1,159,671921784,train,True
671921749,745.02,56,14:53:58,False,,True,False,745.61,60,1,159,671921784,train,True
671921750,745.02,56,14:53:59,False,,True,False,745.61,60,1,159,671921784,train,True
671921751,745.0,56,14:54:00,False,,True,False,745.61,60,1,159,671921784,train,True
671921752,744.87,56,14:54:01,False,,True,False,745.61,60,1,159,671921784,train,True
671921753,744.8,56,14:54:02,False,,True,False,745.61,60,1,159,671921784,train,True
671921754,744.8,56,14:54:02,False,,True,False,745.6,60,1,159,671921784,train,True
671921755,744.6,56,14:54:03,False,,True,False,745.6,60,1,159,671921784,train,True
671921756,744.53,56,14:54:04,False,,True,False,745.6,60,1,159,671921784,train,True
671921757,744.35,56,14:54:05,False,,True,False,745.6,60,1,159,671921784,train,True
671921758,744.26,56,14:54:06,False,,True,False,745.59,60,1,159,671921784,train,True
671921759,744.23,56,14:54:07,False,,True,False,745.59,60,1,159,671921784,train,True
671921760,744.46,56,14:54:08,False,,True,False,745.59,60,1,159,671921784,train,True
671921761,744.6,56,14:54:09,False,,True,False,745.59,60,1,159,671921784,train,True
671921762,744.58,56,14:54:10,False,,True,False,745.58,60,1,159,671921784,train,True
671921763,744.64,56,14:54:11,False,,True,False,745.58,60,1,159,671921784,train,True
671921764,744.64,56,14:54:12,False,,True,False,745.58,60,1,159,671921784,train,True
671921765,744.62,56,14:54:13,False,,True,False,745.58,60,1,159,671921784,train,True
671921766,744.62,56,14:54:14,False,,True,False,745.57,60,1,159,671921784,train,True
671921767,744.64,56,14:54:15,False,,True,True,745.57,60,1,159,671921784,train,True
671921768,744.62,56,14:54:16,False,,True,True,745.57,60,1,159,671921784,train,True
671921769,744.75,56,14:54:17,False,,True,True,745.57,60,1,159,671921784,train,True
671921770,744.78,56,14:54:18,False,,True,True,745.56,60,1,159,671921784,train,True
671921771,744.75,56,14:54:19,False,,True,True,745.56,60,1,159,671921784,train,True
671921772,744.78,56,14:54:20,False,,True,True,745.56,60,1,159,671921784,train,True
671921773,744.68,56,14:54:21,False,,True,True,745.56,60,1,159,671921784,train,True
671921774,744.71,56,14:54:22,False,,True,True,745.56,60,1,159,671921784,train,True
671921775,744.6,56,14:54:23,False,,True,True,745.55,60,1,159,671921784,train,True
671921776,744.53,56,14:54:24,False,,True,True,745.55,60,1,159,671921784,train,True
671921777,744.48,56,14:54:25,False,,True,True,745.55,60,1,159,671921784,train,True
671921778,744.35,56,14:54:26,False,,True,True,745.55,60,1,159,671921784,train,True
671921779,744.35,56,14:54:27,False,,True,True,745.54,60,1,159,671921784,train,True
671995927,745.2,57,10:57:30,False,,True,False,745.24,8,1,160,671995990,train,True
671995928,745.15,57,10:57:31,False,,True,False,745.24,9,1,160,671995990,train,True
671995929,745.2,57,10:57:32,False,,True,False,745.24,10,1,160,671995990,train,True
671995930,745.22,57,10:57:33,False,,True,False,745.24,11,1,160,671995990,train,True
671995931,745.2,57,10:57:34,False,,True,False,745.24,12,1,160,671995990,train,True
671995932,745.21,57,10:57:35,False,,True,False,745.24,13,1,160,671995990,train,True
671995933,745.19,57,10:57:35,False,,True,False,745.24,14,1,160,671995990,train,True
671995934,745.23,57,10:57:36,False,,True,False,745.24,15,1,160,671995990,train,True
671995935,745.27,57,10:57:37,False,,True,False,745.24,16,1,160,671995990,train,True
671995936,745.16,57,10:57:38,False,,True,False,745.24,17,1,160,671995990,train,True
671995937,745.15,57,10:57:39,False,,True,False,745.24,18,1,160,671995990,train,True
671995938,745.16,57,10:57:40,False,,True,False,745.24,19,1,160,671995990,train,True
671995939,745.15,57,10:57:41,False,,True,False,745.24,20,1,160,671995990,train,True
671995940,745.22,57,10:57:42,False,,True,False,745.24,21,1,160,671995990,train,True
671995941,745.15,57,10:57:43,False,,True,False,745.24,22,1,160,671995990,train,True
671995942,745.19,57,10:57:44,False,,True,False,745.24,23,1,160,671995990,train,True
671995943,745.21,57,10:57:45,False,,True,False,745.24,24,1,160,671995990,train,True
671995944,745.23,57,10:57:46,False,,True,False,745.24,25,1,160,671995990,train,True
671995945,745.22,57,10:57:47,False,,True,False,745.24,26,1,160,671995990,train,True
671995946,745.18,57,10:57:48,False,,True,False,745.24,27,1,160,671995990,train,True
671995947,745.18,57,10:57:49,False,,True,False,745.24,28,1,160,671995990,train,True
671995948,745.18,57,10:57:50,False,,True,False,745.24,29,1,160,671995990,train,True
671995949,745.22,57,10:57:51,False,,True,False,745.24,30,1,160,671995990,train,True
671995950,745.19,57,10:57:52,False,,True,False,745.24,31,1,160,671995990,train,True
671995951,745.17,57,10:57:53,False,,True,False,745.24,32,1,160,671995990,train,True
671995952,745.14,57,10:57:54,False,,True,False,745.24,33,1,160,671995990,train,True
671995953,745.16,57,10:57:55,False,,True,False,745.24,34,1,160,671995990,train,True
671995954,745.14,57,10:57:56,False,,True,False,745.24,35,1,160,671995990,train,True
671995955,745.22,57,10:57:57,False,,True,False,745.24,36,1,160,671995990,train,True
671995956,745.22,57,10:57:58,False,,True,False,745.24,37,1,160,671995990,train,True
671995957,745.2,57,10:57:59,False,,True,False,745.24,38,1,160,671995990,train,True
671995958,745.21,57,10:58:00,False,,True,False,745.24,39,1,160,671995990,train,True
671995959,745.19,57,10:58:01,False,,True,False,745.24,40,1,160,671995990,train,True
671995960,745.19,57,10:58:02,False,,True,False,745.24,41,1,160,671995990,train,True
671995961,745.21,57,10:58:03,False,,True,False,745.24,42,1,160,671995990,train,True
671995962,745.18,57,10:58:04,False,,True,False,745.24,43,1,160,671995990,train,True
671995963,745.18,57,10:58:05,False,,True,False,745.24,44,1,160,671995990,train,True
671995964,745.2,57,10:58:06,False,,True,False,745.24,45,1,160,671995990,train,True
671995965,745.17,57,10:58:07,False,,True,False,745.24,46,1,160,671995990,train,True
671995966,745.15,57,10:58:08,False,,True,False,745.24,47,1,160,671995990,train,True
671995967,745.17,57,10:58:09,False,,True,False,745.24,48,1,160,671995990,train,True
671995968,745.15,57,10:58:10,False,,True,False,745.24,49,1,160,671995990,train,True
671995969,745.1,57,10:58:11,False,,True,False,745.24,50,1,160,671995990,train,True
671995970,745.1,57,10:58:12,False,,True,False,745.24,51,1,160,671995990,train,True
671995971,745.11,57,10:58:12,False,,True,False,745.24,52,1,160,671995990,train,True
671995972,745.09,57,10:58:13,False,,True,False,745.24,53,1,160,671995990,train,True
671995973,745.07,57,10:58:14,False,,True,False,745.24,54,1,160,671995990,train,True
671995974,745.09,57,10:58:15,False,,True,False,745.23,55,1,160,671995990,train,True
671995975,745.04,57,10:58:16,False,,True,False,745.23,56,1,160,671995990,train,True
671995976,745.08,57,10:58:17,False,,True,False,745.23,57,1,160,671995990,train,True
671995977,745.03,57,10:58:18,False,,True,True,745.23,58,1,160,671995990,train,True
671995978,745.01,57,10:58:19,False,,True,True,745.23,59,1,160,671995990,train,True
671995979,744.93,57,10:58:20,False,,True,True,745.23,60,1,160,671995990,train,True
671995980,744.8,57,10:58:21,False,,True,True,745.23,60,1,160,671995990,train,True
671995981,744.79,57,10:58:22,False,,True,True,745.23,60,1,160,671995990,train,True
671995982,744.66,57,10:58:23,False,,True,True,745.23,60,1,160,671995990,train,True
671995983,744.54,57,10:58:24,False,,True,True,745.23,60,1,160,671995990,train,True
671995984,744.36,57,10:58:25,False,,True,True,745.23,60,1,160,671995990,train,True
671995985,744.15,57,10:58:26,False,,True,True,745.23,60,1,160,671995990,train,True
671995986,743.66,57,10:58:27,False,,True,True,745.22,60,1,160,671995990,train,True
672002108,748.14,57,12:37:47,False,,True,False,747.93,58,1,161,672002175,train,True
672002109,748.11,57,12:37:48,False,,True,False,747.93,58,1,161,672002175,train,True
672002110,748.16,57,12:37:49,False,,True,False,747.93,58,1,161,672002175,train,True
672002111,748.18,57,12:37:50,False,,True,False,747.94,58,1,161,672002175,train,True
672002112,748.14,57,12:37:51,False,,True,False,747.94,58,1,161,672002175,train,True
672002113,748.12,57,12:37:52,False,,True,False,747.94,58,1,161,672002175,train,True
672002114,748.13,57,12:37:53,False,,True,False,747.94,58,1,161,672002175,train,True
672002115,748.09,57,12:37:54,False,,True,False,747.94,58,1,161,672002175,train,True
672002116,748.15,57,12:37:55,False,,True,False,747.94,58,1,161,672002175,train,True
672002117,748.13,57,12:37:56,False,,True,False,747.94,58,1,161,672002175,train,True
672002118,748.13,57,12:37:57,False,,True,False,747.94,58,1,161,672002175,train,True
672002119,748.15,57,12:37:58,False,,True,False,747.94,58,1,161,672002175,train,True
672002120,748.11,57,12:37:59,False,,True,False,747.94,58,1,161,672002175,train,True
672002121,748.11,57,12:37:59,False,,True,False,747.94,58,1,161,672002175,train,True
672002122,748.15,57,12:38:00,False,,True,False,747.94,58,1,161,672002175,train,True
672002123,748.1,57,12:38:01,False,,True,False,747.94,58,1,161,672002175,train,True
672002124,748.12,57,12:38:02,False,,True,False,747.94,58,1,161,672002175,train,True
672002125,748.08,57,12:38:03,False,,True,False,747.94,58,1,161,672002175,train,True
672002126,748.08,57,12:38:04,False,,True,False,747.94,58,1,161,672002175,train,True
672002127,748.08,57,12:38:05,False,,True,False,747.94,58,1,161,672002175,train,True
672002128,748.05,57,12:38:06,False,,True,False,747.95,58,1,161,672002175,train,True
672002129,748.12,57,12:38:07,False,,True,False,747.95,58,1,161,672002175,train,True
672002130,748.06,57,12:38:08,False,,True,False,747.95,58,1,161,672002175,train,True
672002131,748.1,57,12:38:09,False,,True,False,747.95,58,1,161,672002175,train,True
672002132,748.05,57,12:38:10,False,,True,False,747.95,58,1,161,672002175,train,True
672002133,748.07,57,12:38:11,False,,True,False,747.95,58,1,161,672002175,train,True
672002134,748.12,57,12:38:12,False,,True,False,747.95,58,1,161,672002175,train,True
672002135,748.07,57,12:38:13,False,,True,False,747.95,58,1,161,672002175,train,True
672002136,748.05,57,12:38:14,False,,True,False,747.95,58,1,161,672002175,train,True
672002137,748.07,57,12:38:15,False,,True,False,747.95,58,1,161,672002175,train,True
672002138,748.04,57,12:38:16,False,,True,False,747.95,58,1,161,672002175,train,True
672002139,748.11,57,12:38:17,False,,True,False,747.95,58,1,161,672002175,train,True
672002140,748.07,57,12:38:18,False,,True,False,747.95,58,1,161,672002175,train,True
672002141,748.07,57,12:38:19,False,,True,False,747.95,58,1,161,672002175,train,True
672002142,748.04,57,12:38:20,False,,True,False,747.95,58,1,161,672002175,train,True
672002143,748.0,57,12:38:21,False,,True,False,747.95,58,1,161,672002175,train,True
672002144,747.97,57,12:38:22,False,,True,False,747.95,58,1,161,672002175,train,True
672002145,747.93,57,12:38:23,False,,True,False,747.95,58,1,161,672002175,train,True
672002146,747.93,57,12:38:24,False,,True,False,747.95,58,1,161,672002175,train,True
672002147,747.97,57,12:38:25,False,,True,True,747.95,58,1,161,672002175,train,True
672002148,747.97,57,12:38:26,False,,True,True,747.95,58,1,161,672002175,train,True
672002149,747.95,57,12:38:27,False,,True,True,747.95,58,1,161,672002175,train,True
672002150,747.95,57,12:38:28,False,,True,True,747.95,59,1,161,672002175,train,True
672002151,747.9,57,12:38:29,False,,True,True,747.95,60,1,161,672002175,train,True
672002152,747.9,57,12:38:30,False,,True,True,747.95,60,1,161,672002175,train,True
672002153,747.9,57,12:38:31,False,,True,True,747.95,60,1,161,672002175,train,True
672002154,747.83,57,12:38:32,False,,True,True,747.95,60,1,161,672002175,train,True
672002155,747.85,57,12:38:33,False,,True,True,747.95,60,1,161,672002175,train,True
672002156,747.74,57,12:38:34,False,,True,True,747.95,60,1,161,672002175,train,True
672002157,747.6,57,12:38:35,False,,True,True,747.95,60,1,161,672002175,train,True
672002158,747.62,57,12:38:36,False,,True,True,747.95,60,1,161,672002175,train,True
672002159,747.53,57,12:38:36,False,,True,True,747.95,60,1,161,672002175,train,True
672002160,747.44,57,12:38:37,False,,True,True,747.95,60,1,161,672002175,train,True
672002161,747.33,57,12:38:38,False,,True,True,747.95,60,1,161,672002175,train,True
672002162,747.12,57,12:38:39,False,,True,True,747.95,60,1,161,672002175,train,True
672002163,747.05,57,12:38:40,False,,True,True,747.95,60,1,161,672002175,train,True
672002164,746.87,57,12:38:41,False,,True,True,747.94,60,1,161,672002175,train,True
672002165,746.58,57,12:38:42,False,,True,True,747.94,60,1,161,672002175,train,True
672002166,746.42,57,12:38:43,False,,True,True,747.94,60,1,161,672002175,train,True
672002167,746.19,57,12:38:44,False,,True,True,747.94,60,1,161,672002175,train,True
672002297,748.18,57,12:40:51,False,,True,False,747.91,50,1,162,672002362,train,True
672002298,748.16,57,12:40:52,False,,True,False,747.91,51,1,162,672002362,train,True
672002299,748.14,57,12:40:53,False,,True,False,747.91,52,1,162,672002362,train,True
672002300,748.18,57,12:40:54,False,,True,False,747.91,53,1,162,672002362,train,True
672002301,748.18,57,12:40:55,False,,True,False,747.91,54,1,162,672002362,train,True
672002302,748.09,57,12:40:56,False,,True,False,747.91,55,1,162,672002362,train,True
672002303,748.11,57,12:40:57,False,,True,False,747.91,56,1,162,672002362,train,True
672002304,748.11,57,12:40:58,False,,True,False,747.91,57,1,162,672002362,train,True
672002305,748.13,57,12:40:59,False,,True,False,747.91,58,1,162,672002362,train,True
672002306,748.11,57,12:41:00,False,,True,False,747.91,59,1,162,672002362,train,True
672002307,748.09,57,12:41:01,False,,True,False,747.91,60,1,162,672002362,train,True
672002308,748.13,57,12:41:02,False,,True,False,747.91,60,1,162,672002362,train,True
672002309,748.08,57,12:41:03,False,,True,False,747.91,60,1,162,672002362,train,True
672002310,748.12,57,12:41:03,False,,True,False,747.91,60,1,162,672002362,train,True
672002311,748.08,57,12:41:04,False,,True,False,747.91,60,1,162,672002362,train,True
672002312,748.08,57,12:41:05,False,,True,False,747.91,60,1,162,672002362,train,True
672002313,748.08,57,12:41:06,False,,True,False,747.91,60,1,162,672002362,train,True
672002314,748.07,57,12:41:07,False,,True,False,747.91,60,1,162,672002362,train,True
672002315,748.05,57,12:41:08,False,,True,False,747.91,60,1,162,672002362,train,True
672002316,748.03,57,12:41:09,False,,True,False,747.91,60,1,162,672002362,train,True
672002317,747.99,57,12:41:10,False,,True,False,747.91,60,1,162,672002362,train,True
672002318,748.01,57,12:41:11,False,,True,False,747.91,60,1,162,672002362,train,True
672002319,748.05,57,12:41:12,False,,True,False,747.91,60,1,162,672002362,train,True
672002320,748.07,57,12:41:13,False,,True,False,747.91,60,1,162,672002362,train,True
672002321,747.98,57,12:41:14,False,,True,False,747.91,60,1,162,672002362,train,True
672002322,748.03,57,12:41:15,False,,True,False,747.91,60,1,162,672002362,train,True
672002323,747.98,57,12:41:16,False,,True,False,747.91,60,1,162,672002362,train,True
672002324,748.0,57,12:41:17,False,,True,False,747.91,60,1,162,672002362,train,True
672002325,747.93,57,12:41:18,False,,True,False,747.91,60,1,162,672002362,train,True
672002326,747.97,57,12:41:19,False,,True,False,747.91,60,1,162,672002362,train,True
672002327,747.95,57,12:41:20,False,,True,False,747.91,60,1,162,672002362,train,True
672002328,747.93,57,12:41:21,False,,True,False,747.91,60,1,162,672002362,train,True
672002329,747.91,57,12:41:22,False,,True,False,747.91,60,1,162,672002362,train,True
672002330,747.86,57,12:41:23,False,,True,False,747.91,60,1,162,672002362,train,True
672002331,747.88,57,12:41:24,False,,True,False,747.91,60,1,162,672002362,train,True
672002332,747.84,57,12:41:25,False,,True,False,747.91,60,1,162,672002362,train,True
672002333,747.88,57,12:41:26,False,,True,False,747.91,60,1,162,672002362,train,True
672002334,747.81,57,12:41:27,False,,True,False,747.91,60,1,162,672002362,train,True
672002335,747.79,57,12:41:28,False,,True,False,747.91,60,1,162,672002362,train,True
672002336,747.83,57,12:41:29,False,,True,False,747.91,60,1,162,672002362,train,True
672002337,747.79,57,12:41:30,False,,True,False,747.91,60,1,162,672002362,train,True
672002338,747.81,57,12:41:31,False,,True,False,747.91,60,1,162,672002362,train,True
672002339,747.79,57,12:41:32,False,,True,False,747.91,60,1,162,672002362,train,True
672002340,747.8,57,12:41:33,False,,True,True,747.91,60,1,162,672002362,train,True
672002341,747.83,57,12:41:34,False,,True,True,747.91,60,1,162,672002362,train,True
672002342,747.79,57,12:41:35,False,,True,True,747.91,60,1,162,672002362,train,True
672002343,747.78,57,12:41:36,False,,True,True,747.91,60,1,162,672002362,train,True
672002344,747.83,57,12:41:37,False,,True,True,747.91,60,1,162,672002362,train,True
672002345,747.71,57,12:41:38,False,,True,True,747.91,60,1,162,672002362,train,True
672002346,747.73,57,12:41:39,False,,True,True,747.91,60,1,162,672002362,train,True
672002347,747.67,57,12:41:40,False,,True,True,747.91,60,1,162,672002362,train,True
672002348,747.71,57,12:41:40,False,,True,True,747.91,60,1,162,672002362,train,True
672002349,747.71,57,12:41:41,False,,True,True,747.91,60,1,162,672002362,train,True
672002350,747.64,57,12:41:42,False,,True,True,747.91,60,1,162,672002362,train,True
672002351,747.68,57,12:41:43,False,,True,True,747.9,60,1,162,672002362,train,True
672002352,747.66,57,12:41:44,False,,True,True,747.9,60,1,162,672002362,train,True
672002353,747.61,57,12:41:45,False,,True,True,747.9,60,1,162,672002362,train,True
672002354,747.5,57,12:41:46,False,,True,True,747.9,60,1,162,672002362,train,True
672002355,747.45,57,12:41:47,False,,True,True,747.9,60,1,162,672002362,train,True
672002356,747.41,57,12:41:48,False,,True,True,747.9,60,1,162,672002362,train,True
672104417,743.72,58,16:17:44,False,,True,False,743.66,13,1,163,672104482,train,True
672104418,743.79,58,16:17:45,False,,True,False,743.66,14,1,163,672104482,train,True
672104419,743.77,58,16:17:46,False,,True,False,743.66,15,1,163,672104482,train,True
672104420,743.79,58,16:17:47,False,,True,False,743.65,16,1,163,672104482,train,True
672104421,743.84,58,16:17:48,False,,True,False,743.66,17,1,163,672104482,train,True
672104422,743.77,58,16:17:49,False,,True,False,743.65,18,1,163,672104482,train,True
672104423,743.78,58,16:17:50,False,,True,False,743.65,19,1,163,672104482,train,True
672104424,743.73,58,16:17:51,False,,True,False,743.65,20,1,163,672104482,train,True
672104425,743.78,58,16:17:52,False,,True,False,743.65,21,1,163,672104482,train,True
672104426,743.78,58,16:17:53,False,,True,False,743.65,22,1,163,672104482,train,True
672104427,743.84,58,16:17:54,False,,True,False,743.65,23,1,163,672104482,train,True
672104428,743.85,58,16:17:55,False,,True,False,743.65,24,1,163,672104482,train,True
672104429,743.84,58,16:17:56,False,,True,False,743.66,25,1,163,672104482,train,True
672104430,743.8,58,16:17:57,False,,True,False,743.66,26,1,163,672104482,train,True
672104431,743.85,58,16:17:58,False,,True,False,743.66,27,1,163,672104482,train,True
672104432,743.82,58,16:17:59,False,,True,False,743.66,28,1,163,672104482,train,True
672104433,743.87,58,16:18:00,False,,True,False,743.66,29,1,163,672104482,train,True
672104434,743.87,58,16:18:01,False,,True,False,743.66,30,1,163,672104482,train,True
672104435,743.74,58,16:18:02,False,,True,False,743.66,30,1,163,672104482,train,True
672104436,743.76,58,16:18:03,False,,True,False,743.66,31,1,163,672104482,train,True
672104437,743.74,58,16:18:04,False,,True,False,743.66,32,1,163,672104482,train,True
672104438,743.78,58,16:18:05,False,,True,False,743.66,33,1,163,672104482,train,True
672104439,743.72,58,16:18:06,False,,True,False,743.66,34,1,163,672104482,train,True
672104440,743.72,58,16:18:07,False,,True,False,743.66,35,1,163,672104482,train,True
672104441,743.77,58,16:18:08,False,,True,False,743.66,36,1,163,672104482,train,True
672104442,743.77,58,16:18:09,False,,True,False,743.66,37,1,163,672104482,train,True
672104443,743.77,58,16:18:10,False,,True,False,743.66,38,1,163,672104482,train,True
672104444,743.7,58,16:18:11,False,,True,False,743.66,39,1,163,672104482,train,True
672104445,743.7,58,16:18:12,False,,True,False,743.66,40,1,163,672104482,train,True
672104446,743.75,58,16:18:12,False,,True,False,743.66,41,1,163,672104482,train,True
672104447,743.68,58,16:18:13,False,,True,False,743.66,42,1,163,672104482,train,True
672104448,743.66,58,16:18:14,False,,True,False,743.66,43,1,163,672104482,train,True
672104449,743.73,58,16:18:15,False,,True,False,743.66,44,1,163,672104482,train,True
672104450,743.73,58,16:18:16,False,,True,False,743.66,45,1,163,672104482,train,True
672104451,743.71,58,16:18:17,False,,True,False,743.66,46,1,163,672104482,train,True
672104452,743.69,58,16:18:18,False,,True,False,743.66,47,1,163,672104482,train,True
672104453,743.71,58,16:18:19,False,,True,False,743.66,48,1,163,672104482,train,True
672104454,743.67,58,16:18:20,False,,True,False,743.66,49,1,163,672104482,train,True
672104455,743.69,58,16:18:21,False,,True,False,743.66,50,1,163,672104482,train,True
672104456,743.63,58,16:18:22,False,,True,False,743.66,51,1,163,672104482,train,True
672104457,743.65,58,16:18:23,False,,True,False,743.66,52,1,163,672104482,train,True
672104458,743.67,58,16:18:24,False,,True,False,743.66,53,1,163,672104482,train,True
672104459,743.69,58,16:18:25,False,,True,False,743.66,54,1,163,672104482,train,True
672104460,743.67,58,16:18:26,False,,True,True,743.66,55,1,163,672104482,train,True
672104461,743.69,58,16:18:27,False,,True,True,743.66,56,1,163,672104482,train,True
672104462,743.72,58,16:18:28,False,,True,True,743.66,57,1,163,672104482,train,True
672104463,743.72,58,16:18:29,False,,True,True,743.66,58,1,163,672104482,train,True
672104464,743.74,58,16:18:30,False,,True,True,743.66,59,1,163,672104482,train,True
672104465,743.65,58,16:18:31,False,,True,True,743.66,60,1,163,672104482,train,True
672104466,743.7,58,16:18:32,False,,True,True,743.66,60,1,163,672104482,train,True
672104467,743.67,58,16:18:33,False,,True,True,743.66,60,1,163,672104482,train,True
672104468,743.66,58,16:18:34,False,,True,True,743.66,60,1,163,672104482,train,True
672104469,743.63,58,16:18:35,False,,True,True,743.66,60,1,163,672104482,train,True
672104470,743.61,58,16:18:36,False,,True,True,743.66,60,1,163,672104482,train,True
672104471,743.59,58,16:18:37,False,,True,True,743.66,60,1,163,672104482,train,True
672104472,743.66,58,16:18:38,False,,True,True,743.66,60,1,163,672104482,train,True
672104473,743.61,58,16:18:39,False,,True,True,743.66,60,1,163,672104482,train,True
672104474,743.61,58,16:18:40,False,,True,True,743.66,60,1,163,672104482,train,True
672104475,743.53,58,16:18:41,False,,True,True,743.65,60,1,163,672104482,train,True
672104476,743.48,58,16:18:42,False,,True,True,743.65,60,1,163,672104482,train,True
672178017,748.41,59,12:11:54,False,,True,False,748.38,51,1,164,672178090,train,True
672178018,748.32,59,12:11:55,False,,True,False,748.38,50,1,164,672178090,train,True
672178019,748.43,59,12:11:55,False,,True,False,748.38,49,1,164,672178090,train,True
672178020,748.41,59,12:11:56,False,,True,False,748.38,48,1,164,672178090,train,True
672178021,748.5,59,12:11:57,False,,True,False,748.38,47,1,164,672178090,train,True
672178022,748.5,59,12:11:58,False,,True,False,748.39,46,1,164,672178090,train,True
672178023,748.52,59,12:11:59,False,,True,False,748.39,46,1,164,672178090,train,True
672178024,748.52,59,12:12:00,False,,True,False,748.39,46,1,164,672178090,train,True
672178025,748.5,59,12:12:01,False,,True,False,748.39,46,1,164,672178090,train,True
672178026,748.52,59,12:12:02,False,,True,False,748.39,46,1,164,672178090,train,True
672178027,748.56,59,12:12:03,False,,True,False,748.39,46,1,164,672178090,train,True
672178028,748.52,59,12:12:04,False,,True,False,748.39,46,1,164,672178090,train,True
672178029,748.56,59,12:12:05,False,,True,False,748.39,46,1,164,672178090,train,True
672178030,748.54,59,12:12:06,False,,True,False,748.39,46,1,164,672178090,train,True
672178031,748.56,59,12:12:07,False,,True,False,748.39,46,1,164,672178090,train,True
672178032,748.58,59,12:12:08,False,,True,False,748.39,46,1,164,672178090,train,True
672178033,748.52,59,12:12:09,False,,True,False,748.39,46,1,164,672178090,train,True
672178034,748.52,59,12:12:10,False,,True,False,748.39,46,1,164,672178090,train,True
672178035,748.51,59,12:12:11,False,,True,False,748.39,46,1,164,672178090,train,True
672178036,748.49,59,12:12:12,False,,True,False,748.39,46,1,164,672178090,train,True
672178037,748.51,59,12:12:13,False,,True,False,748.39,46,1,164,672178090,train,True
672178038,748.53,59,12:12:14,False,,True,True,748.39,46,1,164,672178090,train,True
672178039,748.56,59,12:12:15,False,,True,True,748.39,46,1,164,672178090,train,True
672178040,748.6,59,12:12:16,False,,True,True,748.39,46,1,164,672178090,train,True
672178041,748.53,59,12:12:17,False,,True,True,748.39,46,1,164,672178090,train,True
672178042,748.49,59,12:12:18,False,,True,True,748.39,46,1,164,672178090,train,True
672178043,748.49,59,12:12:19,False,,True,True,748.39,46,1,164,672178090,train,True
672178044,748.42,59,12:12:20,False,,True,True,748.39,46,1,164,672178090,train,True
672178045,748.46,59,12:12:21,False,,True,True,748.39,46,1,164,672178090,train,True
672178046,748.46,59,12:12:22,False,,True,True,748.39,46,1,164,672178090,train,True
672178047,748.48,59,12:12:23,False,,True,True,748.39,46,1,164,672178090,train,True
672178048,748.46,59,12:12:24,False,,True,True,748.39,46,1,164,672178090,train,True
672178049,748.48,59,12:12:25,False,,True,True,748.39,46,1,164,672178090,train,True
672178050,748.5,59,12:12:26,False,,True,True,748.39,46,1,164,672178090,train,True
672178051,748.46,59,12:12:27,False,,True,True,748.39,46,1,164,672178090,train,True
672178052,748.5,59,12:12:28,False,,True,True,748.39,46,1,164,672178090,train,True
672178053,748.48,59,12:12:29,False,,True,True,748.39,46,1,164,672178090,train,True
672178054,748.48,59,12:12:30,False,,True,True,748.39,46,1,164,672178090,train,True
672178055,748.46,59,12:12:31,False,,True,True,748.39,46,1,164,672178090,train,True
672178056,748.37,59,12:12:32,False,,True,True,748.39,46,1,164,672178090,train,True
672178057,748.45,59,12:12:32,False,,True,True,748.39,46,1,164,672178090,train,True
672178058,748.46,59,12:12:33,False,,True,True,748.39,46,1,164,672178090,train,True
672178059,748.41,59,12:12:34,False,,True,True,748.39,46,1,164,672178090,train,True
672178060,748.41,59,12:12:35,False,,True,True,748.39,46,1,164,672178090,train,True
672178061,748.43,59,12:12:36,False,,True,True,748.39,46,1,164,672178090,train,True
672178062,748.47,59,12:12:37,False,,True,True,748.39,46,1,164,672178090,train,True
672178063,748.43,59,12:12:38,False,,True,True,748.39,46,1,164,672178090,train,True
672178064,748.5,59,12:12:39,False,,True,True,748.39,46,1,164,672178090,train,True
672178065,748.47,59,12:12:40,False,,True,True,748.39,47,1,164,672178090,train,True
672178066,748.51,59,12:12:41,False,,True,True,748.39,47,1,164,672178090,train,True
672178067,748.51,59,12:12:42,False,,True,True,748.4,47,1,164,672178090,train,True
672178068,748.43,59,12:12:43,False,,True,True,748.4,47,1,164,672178090,train,True
672178069,748.45,59,12:12:44,False,,True,True,748.4,48,1,164,672178090,train,True
672178070,748.47,59,12:12:45,False,,True,True,748.4,49,1,164,672178090,train,True
672178071,748.42,59,12:12:46,False,,True,True,748.4,50,1,164,672178090,train,True
672178072,748.42,59,12:12:47,False,,True,True,748.4,51,1,164,672178090,train,True
672178073,748.49,59,12:12:48,False,,True,True,748.4,52,1,164,672178090,train,True
672178074,748.38,59,12:12:49,False,,True,True,748.4,53,1,164,672178090,train,True
672178075,748.44,59,12:12:50,False,,True,True,748.4,53,1,164,672178090,train,True
672178076,748.42,59,12:12:51,False,,True,True,748.4,54,1,164,672178090,train,True
672180615,750.58,59,12:54:03,False,,True,False,750.43,19,1,165,672180689,train,True
672180616,750.54,59,12:54:04,False,,True,False,750.43,20,1,165,672180689,train,True
672180617,750.6,59,12:54:05,False,,True,False,750.43,21,1,165,672180689,train,True
672180618,750.6,59,12:54:06,False,,True,False,750.43,22,1,165,672180689,train,True
672180619,750.58,59,12:54:07,False,,True,False,750.43,23,1,165,672180689,train,True
672180620,750.58,59,12:54:08,False,,True,False,750.43,24,1,165,672180689,train,True
672180621,750.65,59,12:54:09,False,,True,False,750.43,25,1,165,672180689,train,True
672180622,750.56,59,12:54:09,False,,True,False,750.43,26,1,165,672180689,train,True
672180623,750.58,59,12:54:10,False,,True,False,750.43,27,1,165,672180689,train,True
672180624,750.62,59,12:54:11,False,,True,False,750.43,28,1,165,672180689,train,True
672180625,750.67,59,12:54:12,False,,True,False,750.43,29,1,165,672180689,train,True
672180626,750.66,59,12:54:13,False,,True,False,750.43,30,1,165,672180689,train,True
672180627,750.62,59,12:54:14,False,,True,False,750.43,31,1,165,672180689,train,True
672180628,750.58,59,12:54:15,False,,True,False,750.43,32,1,165,672180689,train,True
672180629,750.64,59,12:54:16,False,,True,False,750.43,33,1,165,672180689,train,True
672180630,750.62,59,12:54:17,False,,True,False,750.43,34,1,165,672180689,train,True
672180631,750.64,59,12:54:18,False,,True,True,750.43,35,1,165,672180689,train,True
672180632,750.66,59,12:54:19,False,,True,True,750.44,36,1,165,672180689,train,True
672180633,750.64,59,12:54:20,False,,True,True,750.44,37,1,165,672180689,train,True
672180634,750.66,59,12:54:21,False,,True,True,750.44,38,1,165,672180689,train,True
672180635,750.6,59,12:54:22,False,,True,True,750.44,39,1,165,672180689,train,True
672180636,750.64,59,12:54:23,False,,True,True,750.44,40,1,165,672180689,train,True
672180637,750.66,59,12:54:24,False,,True,True,750.44,41,1,165,672180689,train,True
672180638,750.62,59,12:54:25,False,,True,True,750.44,42,1,165,672180689,train,True
672180639,750.68,59,12:54:26,False,,True,True,750.44,43,1,165,672180689,train,True
672180640,750.7,59,12:54:27,False,,True,True,750.44,44,1,165,672180689,train,True
672180641,750.66,59,12:54:28,False,,True,True,750.44,45,1,165,672180689,train,True
672180642,750.6,59,12:54:29,False,,True,True,750.44,46,1,165,672180689,train,True
672180643,750.68,59,12:54:30,False,,True,True,750.44,47,1,165,672180689,train,True
672180644,750.66,59,12:54:31,False,,True,True,750.44,48,1,165,672180689,train,True
672180645,750.63,59,12:54:32,False,,True,True,750.44,49,1,165,672180689,train,True
672180646,750.68,59,12:54:33,False,,True,True,750.44,50,1,165,672180689,train,True
672180647,750.63,59,12:54:34,False,,True,True,750.44,51,1,165,672180689,train,True
672180648,750.57,59,12:54:35,False,,True,True,750.44,52,1,165,672180689,train,True
672180649,750.55,59,12:54:36,False,,True,True,750.44,53,1,165,672180689,train,True
672180650,750.55,59,12:54:37,False,,True,True,750.44,54,1,165,672180689,train,True
672180651,750.54,59,12:54:38,False,,True,True,750.44,55,1,165,672180689,train,True
672180652,750.59,59,12:54:39,False,,True,True,750.44,56,1,165,672180689,train,True
672180653,750.52,59,12:54:40,False,,True,True,750.44,57,1,165,672180689,train,True
672180654,750.52,59,12:54:41,False,,True,True,750.45,58,1,165,672180689,train,True
672180655,750.52,59,12:54:42,False,,True,True,750.45,59,1,165,672180689,train,True
672180656,750.52,59,12:54:43,False,,True,True,750.45,60,1,165,672180689,train,True
672180657,750.48,59,12:54:44,False,,True,True,750.45,60,1,165,672180689,train,True
672180658,750.52,59,12:54:45,False,,True,True,750.45,60,1,165,672180689,train,True
672180659,750.47,59,12:54:46,False,,True,True,750.45,60,1,165,672180689,train,True
672180660,750.52,59,12:54:46,False,,True,True,750.45,60,1,165,672180689,train,True
672180661,750.47,59,12:54:47,False,,True,True,750.45,60,1,165,672180689,train,True
672180662,750.5,59,12:54:48,False,,True,True,750.45,60,1,165,672180689,train,True
672180663,750.45,59,12:54:49,False,,True,True,750.45,60,1,165,672180689,train,True
672180664,750.47,59,12:54:50,False,,True,True,750.45,60,1,165,672180689,train,True
672180665,750.45,59,12:54:51,False,,True,True,750.45,60,1,165,672180689,train,True
672180666,750.47,59,12:54:52,False,,True,True,750.45,60,1,165,672180689,train,True
672180667,750.4,59,12:54:53,False,,True,True,750.45,60,1,165,672180689,train,True
672180668,750.4,59,12:54:54,False,,True,True,750.45,60,1,165,672180689,train,True
672180669,750.4,59,12:54:55,False,,True,True,750.45,60,1,165,672180689,train,True
672180670,750.44,59,12:54:56,False,,True,True,750.45,60,1,165,672180689,train,True
672180671,750.36,59,12:54:57,False,,True,True,750.45,60,1,165,672180689,train,True
672180672,750.42,59,12:54:58,False,,True,True,750.45,60,1,165,672180689,train,True
672180673,750.33,59,12:54:59,False,,True,True,750.45,60,1,165,672180689,train,True
672180674,750.33,59,12:55:00,False,,True,True,750.45,60,1,165,672180689,train,True
672181383,751.16,59,13:06:30,False,,True,False,751.03,41,1,166,672181444,train,True
672181384,751.12,59,13:06:31,False,,True,False,751.03,42,1,166,672181444,train,True
672181385,751.1,59,13:06:32,False,,True,False,751.03,43,1,166,672181444,train,True
672181386,751.12,59,13:06:33,False,,True,False,751.03,44,1,166,672181444,train,True
672181387,751.18,59,13:06:34,False,,True,False,751.03,45,1,166,672181444,train,True
672181388,751.07,59,13:06:35,False,,True,False,751.03,46,1,166,672181444,train,True
672181389,751.18,59,13:06:36,False,,True,False,751.03,47,1,166,672181444,train,True
672181390,751.21,59,13:06:37,False,,True,False,751.03,48,1,166,672181444,train,True
672181391,751.2,59,13:06:38,False,,True,False,751.04,49,1,166,672181444,train,True
672181392,751.18,59,13:06:39,False,,True,False,751.04,50,1,166,672181444,train,True
672181393,751.21,59,13:06:40,False,,True,False,751.04,51,1,166,672181444,train,True
672181394,751.16,59,13:06:41,False,,True,False,751.04,52,1,166,672181444,train,True
672181395,751.16,59,13:06:42,False,,True,False,751.04,53,1,166,672181444,train,True
672181396,751.2,59,13:06:43,False,,True,False,751.04,54,1,166,672181444,train,True
672181397,751.16,59,13:06:44,False,,True,False,751.04,55,1,166,672181444,train,True
672181398,751.2,59,13:06:45,False,,True,False,751.04,56,1,166,672181444,train,True
672181399,751.2,59,13:06:46,False,,True,False,751.04,57,1,166,672181444,train,True
672181400,751.18,59,13:06:47,False,,True,False,751.04,58,1,166,672181444,train,True
672181401,751.2,59,13:06:48,False,,True,False,751.05,59,1,166,672181444,train,True
672181402,751.22,59,13:06:49,False,,True,False,751.05,60,1,166,672181444,train,True
672181403,751.18,59,13:06:50,False,,True,False,751.05,60,1,166,672181444,train,True
672181404,751.26,59,13:06:51,False,,True,False,751.05,60,1,166,672181444,train,True
672181405,751.24,59,13:06:52,False,,True,False,751.05,60,1,166,672181444,train,True
672181406,751.22,59,13:06:53,False,,True,False,751.05,60,1,166,672181444,train,True
672181407,751.22,59,13:06:54,False,,True,False,751.05,60,1,166,672181444,train,True
672181408,751.28,59,13:06:55,False,,True,False,751.05,60,1,166,672181444,train,True
672181409,751.24,59,13:06:56,False,,True,False,751.05,60,1,166,672181444,train,True
672181410,751.26,59,13:06:57,False,,True,False,751.05,60,1,166,672181444,train,True
672181411,751.24,59,13:06:58,False,,True,False,751.06,60,1,166,672181444,train,True
672181412,751.26,59,13:06:59,False,,True,False,751.06,60,1,166,672181444,train,True
672181413,751.31,59,13:07:00,False,,True,False,751.06,60,1,166,672181444,train,True
672181414,751.31,59,13:07:01,False,,True,False,751.06,60,1,166,672181444,train,True
672181415,751.33,59,13:07:01,False,,True,False,751.06,60,1,166,672181444,train,True
672181416,751.32,59,13:07:02,False,,True,False,751.06,60,1,166,672181444,train,True
672181417,751.3,59,13:07:03,False,,True,False,751.06,60,1,166,672181444,train,True
672181418,751.34,59,13:07:04,False,,True,False,751.06,60,1,166,672181444,train,True
672181419,751.32,59,13:07:05,False,,True,False,751.07,60,1,166,672181444,train,True
672181420,751.39,59,13:07:06,False,,True,False,751.07,60,1,166,672181444,train,True
672181421,751.32,59,13:07:07,False,,True,False,751.07,60,1,166,672181444,train,True
672181422,751.32,59,13:07:08,False,,True,False,751.07,60,1,166,672181444,train,True
672181423,751.28,59,13:07:09,False,,True,False,751.07,60,1,166,672181444,train,True
672181424,751.26,59,13:07:10,False,,True,False,751.07,60,1,166,672181444,train,True
672181425,751.19,59,13:07:11,False,,True,False,751.07,60,1,166,672181444,train,True
672181426,751.19,59,13:07:12,False,,True,False,751.07,60,1,166,672181444,train,True
672181427,751.14,59,13:07:13,False,,True,False,751.07,60,1,166,672181444,train,True
672181428,751.18,59,13:07:14,False,,True,False,751.07,60,1,166,672181444,train,True
672181429,751.14,59,13:07:15,False,,True,False,751.08,60,1,166,672181444,train,True
672181430,751.16,59,13:07:16,False,,True,False,751.08,60,1,166,672181444,train,True
672181431,751.16,59,13:07:17,False,,True,False,751.08,60,1,166,672181444,train,True
672181432,751.25,59,13:07:18,False,,True,False,751.08,60,1,166,672181444,train,True
672181433,751.29,59,13:07:19,False,,True,False,751.08,60,1,166,672181444,train,True
672181434,751.32,59,13:07:20,False,,True,False,751.08,60,1,166,672181444,train,True
672181435,751.18,59,13:07:21,False,,True,False,751.08,60,1,166,672181444,train,True
672181436,751.13,59,13:07:22,False,,True,False,751.08,60,1,166,672181444,train,True
672181437,751.07,59,13:07:23,False,,True,False,751.08,60,1,166,672181444,train,True
672181438,750.97,59,13:07:24,False,,True,True,751.08,60,1,166,672181444,train,True
672181439,750.86,59,13:07:25,False,,True,True,751.08,60,1,166,672181444,train,True
672181440,750.73,59,13:07:26,False,,True,True,751.08,60,1,166,672181444,train,True
672181441,750.61,59,13:07:27,False,,True,True,751.08,60,1,166,672181444,train,True
672181442,750.16,59,13:07:28,False,,True,True,751.08,60,1,166,672181444,train,True
672182053,751.78,59,13:17:23,False,,True,False,751.54,39,1,167,672182115,train,True
672182054,751.84,59,13:17:24,False,,True,False,751.54,40,1,167,672182115,train,True
672182055,751.84,59,13:17:25,False,,True,False,751.55,41,1,167,672182115,train,True
672182056,751.87,59,13:17:25,False,,True,False,751.55,42,1,167,672182115,train,True
672182057,751.8,59,13:17:26,False,,True,False,751.55,43,1,167,672182115,train,True
672182058,751.82,59,13:17:27,False,,True,False,751.55,44,1,167,672182115,train,True
672182059,751.73,59,13:17:28,False,,True,False,751.55,45,1,167,672182115,train,True
672182060,751.78,59,13:17:29,False,,True,False,751.55,46,1,167,672182115,train,True
672182061,751.78,59,13:17:30,False,,True,False,751.55,47,1,167,672182115,train,True
672182062,751.8,59,13:17:31,False,,True,False,751.56,48,1,167,672182115,train,True
672182063,751.79,59,13:17:32,False,,True,False,751.56,49,1,167,672182115,train,True
672182064,751.82,59,13:17:33,False,,True,False,751.56,50,1,167,672182115,train,True
672182065,751.71,59,13:17:34,False,,True,False,751.56,51,1,167,672182115,train,True
672182066,751.77,59,13:17:35,False,,True,False,751.56,52,1,167,672182115,train,True
672182067,751.68,59,13:17:36,False,,True,False,751.56,53,1,167,672182115,train,True
672182068,751.66,59,13:17:37,False,,True,False,751.56,54,1,167,672182115,train,True
672182069,751.72,59,13:17:38,False,,True,False,751.56,55,1,167,672182115,train,True
672182070,751.64,59,13:17:39,False,,True,False,751.57,56,1,167,672182115,train,True
672182071,751.65,59,13:17:40,False,,True,False,751.57,57,1,167,672182115,train,True
672182072,751.59,59,13:17:41,False,,True,False,751.57,58,1,167,672182115,train,True
672182073,751.59,59,13:17:42,False,,True,False,751.57,59,1,167,672182115,train,True
672182074,751.59,59,13:17:43,False,,True,False,751.57,60,1,167,672182115,train,True
672182075,751.61,59,13:17:44,False,,True,False,751.57,60,1,167,672182115,train,True
672182076,751.63,59,13:17:45,False,,True,False,751.57,60,1,167,672182115,train,True
672182077,751.63,59,13:17:46,False,,True,False,751.57,60,1,167,672182115,train,True
672182078,751.72,59,13:17:47,False,,True,False,751.57,60,1,167,672182115,train,True
672182079,751.7,59,13:17:48,False,,True,False,751.58,60,1,167,672182115,train,True
672182080,751.67,59,13:17:49,False,,True,False,751.58,60,1,167,672182115,train,True
672182081,751.72,59,13:17:50,False,,True,False,751.58,60,1,167,672182115,train,True
672182082,751.69,59,13:17:51,False,,True,False,751.58,60,1,167,672182115,train,True
672182083,751.74,59,13:17:52,False,,True,False,751.58,60,1,167,672182115,train,True
672182084,751.74,59,13:17:53,False,,True,False,751.58,60,1,167,672182115,train,True
672182085,751.74,59,13:17:54,False,,True,False,751.58,60,1,167,672182115,train,True
672182086,751.69,59,13:17:55,False,,True,False,751.58,60,1,167,672182115,train,True
672182087,751.69,59,13:17:56,False,,True,False,751.58,60,1,167,672182115,train,True
672182088,751.74,59,13:17:57,False,,True,False,751.59,60,1,167,672182115,train,True
672182089,751.74,59,13:17:58,False,,True,False,751.59,60,1,167,672182115,train,True
672182090,751.76,59,13:17:59,False,,True,False,751.59,60,1,167,672182115,train,True
672182091,751.78,59,13:18:00,False,,True,False,751.59,60,1,167,672182115,train,True
672182092,751.69,59,13:18:01,False,,True,False,751.59,60,1,167,672182115,train,True
672182093,751.8,59,13:18:02,False,,True,False,751.59,60,1,167,672182115,train,True
672182094,751.8,59,13:18:02,False,,True,False,751.59,60,1,167,672182115,train,True
672182095,751.78,59,13:18:03,False,,True,False,751.59,60,1,167,672182115,train,True
672182096,751.78,59,13:18:04,False,,True,False,751.59,60,1,167,672182115,train,True
672182097,751.75,59,13:18:05,False,,True,False,751.6,60,1,167,672182115,train,True
672182098,751.78,59,13:18:06,False,,True,False,751.6,60,1,167,672182115,train,True
672182099,751.75,59,13:18:07,False,,True,False,751.6,60,1,167,672182115,train,True
672182100,751.73,59,13:18:08,False,,True,False,751.6,60,1,167,672182115,train,True
672182101,751.79,59,13:18:09,False,,True,False,751.6,60,1,167,672182115,train,True
672182102,751.75,59,13:18:10,False,,True,False,751.6,60,1,167,672182115,train,True
672182103,751.77,59,13:18:11,False,,True,False,751.6,60,1,167,672182115,train,True
672182104,751.71,59,13:18:12,False,,True,False,751.6,60,1,167,672182115,train,True
672182105,751.75,59,13:18:13,False,,True,True,751.6,60,1,167,672182115,train,True
672182106,751.68,59,13:18:14,False,,True,True,751.6,60,1,167,672182115,train,True
672182107,751.7,59,13:18:15,False,,True,True,751.61,60,1,167,672182115,train,True
672182108,751.65,59,13:18:16,False,,True,True,751.61,60,1,167,672182115,train,True
672182109,751.64,59,13:18:17,False,,True,True,751.61,60,1,167,672182115,train,True
672182110,751.57,59,13:18:18,False,,True,True,751.61,60,1,167,672182115,train,True
672182111,751.52,59,13:18:19,False,,True,True,751.61,60,1,167,672182115,train,True
672182112,751.43,59,13:18:20,False,,True,True,751.61,60,1,167,672182115,train,True
672183454,752.12,59,13:40:06,False,,False,True,752.19,8,1,168,672183596,train,True
672183455,752.16,59,13:40:07,False,,False,True,752.19,7,1,168,672183596,train,True
672183456,752.0,59,13:40:08,False,,False,True,752.19,6,1,168,672183596,train,True
672183457,752.09,59,13:40:09,False,,False,True,752.19,5,1,168,672183596,train,True
672183458,752.07,59,13:40:10,False,,False,True,752.19,4,1,168,672183596,train,True
672183459,752.11,59,13:40:11,False,,False,True,752.19,3,1,168,672183596,train,True
672183460,752.09,59,13:40:12,False,,False,True,752.19,2,1,168,672183596,train,True
672183461,752.13,59,13:40:13,False,,False,True,752.18,2,1,168,672183596,train,True
672183462,752.09,59,13:40:14,False,,False,True,752.18,2,1,168,672183596,train,True
672183463,752.11,59,13:40:15,False,,False,True,752.18,2,1,168,672183596,train,True
672183464,752.04,59,13:40:16,False,,False,True,752.18,2,1,168,672183596,train,True
672183465,752.06,59,13:40:17,False,,False,True,752.18,2,1,168,672183596,train,True
672183466,752.08,59,13:40:18,False,,False,True,752.18,2,1,168,672183596,train,True
672183467,752.1,59,13:40:19,False,,False,True,752.18,2,1,168,672183596,train,True
672183468,752.06,59,13:40:20,False,,False,True,752.18,2,1,168,672183596,train,True
672183469,752.09,59,13:40:21,False,,False,True,752.18,2,1,168,672183596,train,True
672183470,752.12,59,13:40:22,False,,False,True,752.18,2,1,168,672183596,train,True
672183471,752.17,59,13:40:23,False,,False,True,752.18,2,1,168,672183596,train,True
672183472,752.15,59,13:40:24,False,,False,True,752.18,2,1,168,672183596,train,True
672183473,752.12,59,13:40:25,False,,False,True,752.18,2,1,168,672183596,train,True
672183474,752.17,59,13:40:26,False,,False,True,752.18,2,1,168,672183596,train,True
672183475,752.12,59,13:40:27,False,,False,True,752.18,2,1,168,672183596,train,True
672183476,752.17,59,13:40:28,False,,False,True,752.18,1,1,168,672183596,train,True
672183477,752.12,59,13:40:29,False,,False,True,752.18,1,1,168,672183596,train,True
672183478,752.08,59,13:40:30,False,,False,True,752.18,1,1,168,672183596,train,True
672183479,752.1,59,13:40:31,False,,False,True,752.18,1,1,168,672183596,train,True
672183480,752.12,59,13:40:32,False,,False,True,752.18,1,1,168,672183596,train,True
672183481,752.1,59,13:40:33,False,,False,True,752.18,1,1,168,672183596,train,True
672183482,752.16,59,13:40:34,False,,False,True,752.18,1,1,168,672183596,train,True
672183483,752.23,59,13:40:35,False,,True,True,752.18,1,1,168,672183596,train,True
672183484,752.16,59,13:40:36,False,,True,True,752.18,1,1,168,672183596,train,True
672183514,752.12,59,13:41:05,False,,True,True,752.16,1,1,168,672183596,train,True
672183515,752.08,59,13:41:06,False,,True,True,752.16,2,1,168,672183596,train,True
672183516,752.08,59,13:41:07,False,,True,True,752.16,2,1,168,672183596,train,True
672183517,752.05,59,13:41:08,False,,True,True,752.16,2,1,168,672183596,train,True
672183518,752.1,59,13:41:09,False,,True,True,752.16,2,1,168,672183596,train,True
672183519,752.14,59,13:41:10,False,,True,True,752.16,2,1,168,672183596,train,True
672183520,752.07,59,13:41:11,False,,True,True,752.16,2,1,168,672183596,train,True
672183521,752.16,59,13:41:12,False,,True,True,752.16,2,1,168,672183596,train,True
672183522,752.12,59,13:41:13,False,,True,True,752.16,2,1,168,672183596,train,True
672183523,752.1,59,13:41:14,False,,True,True,752.16,2,1,168,672183596,train,True
672183524,752.12,59,13:41:15,False,,True,True,752.16,2,1,168,672183596,train,True
672183525,752.16,59,13:41:16,False,,True,True,752.15,2,1,168,672183596,train,True
672183526,752.11,59,13:41:17,False,,True,True,752.15,2,1,168,672183596,train,True
672183527,752.13,59,13:41:17,False,,True,True,752.15,2,1,168,672183596,train,True
672183528,752.11,59,13:41:18,False,,True,True,752.15,2,1,168,672183596,train,True
672183529,752.09,59,13:41:19,False,,True,True,752.15,3,1,168,672183596,train,True
672183530,752.11,59,13:41:20,False,,True,True,752.15,4,1,168,672183596,train,True
672183531,752.04,59,13:41:21,False,,True,True,752.15,5,1,168,672183596,train,True
672183532,752.07,59,13:41:22,False,,True,True,752.15,6,1,168,672183596,train,True
672183533,752.08,59,13:41:23,False,,True,True,752.15,7,1,168,672183596,train,True
672183534,752.06,59,13:41:24,False,,True,True,752.15,8,1,168,672183596,train,True
672183535,752.08,59,13:41:25,False,,True,True,752.15,9,1,168,672183596,train,True
672183536,752.08,59,13:41:26,False,,True,True,752.15,10,1,168,672183596,train,True
672183537,752.04,59,13:41:27,False,,True,True,752.15,11,1,168,672183596,train,True
672183538,752.06,59,13:41:28,False,,True,True,752.15,12,1,168,672183596,train,True
672183539,752.06,59,13:41:29,False,,True,True,752.15,13,1,168,672183596,train,True
672183540,752.12,59,13:41:30,False,,True,True,752.14,14,1,168,672183596,train,True
672183541,752.08,59,13:41:31,False,,True,True,752.14,15,1,168,672183596,train,True
672183542,752.06,59,13:41:32,False,,True,True,752.14,16,1,168,672183596,train,True
672185107,751.25,59,14:06:56,False,,True,False,751.47,21,1,169,672185170,train,True
672185108,751.23,59,14:06:57,False,,True,False,751.47,22,1,169,672185170,train,True
672185109,751.21,59,14:06:58,False,,True,False,751.47,22,1,169,672185170,train,True
672185110,751.27,59,14:06:59,False,,True,False,751.47,22,1,169,672185170,train,True
672185111,751.27,59,14:07:00,False,,True,False,751.47,22,1,169,672185170,train,True
672185112,751.23,59,14:07:00,False,,True,False,751.47,22,1,169,672185170,train,True
672185113,751.27,59,14:07:01,False,,True,False,751.46,22,1,169,672185170,train,True
672185114,751.29,59,14:07:02,False,,True,False,751.46,22,1,169,672185170,train,True
672185115,751.32,59,14:07:03,False,,True,False,751.46,22,1,169,672185170,train,True
672185116,751.27,59,14:07:04,False,,True,False,751.46,22,1,169,672185170,train,True
672185117,751.25,59,14:07:05,False,,True,False,751.46,22,1,169,672185170,train,True
672185118,751.23,59,14:07:06,False,,True,False,751.46,22,1,169,672185170,train,True
672185119,751.38,59,14:07:07,False,,True,False,751.46,22,1,169,672185170,train,True
672185120,751.31,59,14:07:08,False,,True,False,751.46,22,1,169,672185170,train,True
672185121,751.27,59,14:07:09,False,,True,False,751.46,22,1,169,672185170,train,True
672185122,751.29,59,14:07:10,False,,True,False,751.46,22,1,169,672185170,train,True
672185123,751.29,59,14:07:11,False,,True,False,751.46,22,1,169,672185170,train,True
672185124,751.33,59,14:07:12,False,,True,False,751.46,23,1,169,672185170,train,True
672185125,751.31,59,14:07:13,False,,True,False,751.46,24,1,169,672185170,train,True
672185126,751.29,59,14:07:14,False,,True,False,751.46,25,1,169,672185170,train,True
672185127,751.31,59,14:07:15,False,,True,False,751.46,26,1,169,672185170,train,True
672185128,751.33,59,14:07:16,False,,True,False,751.46,27,1,169,672185170,train,True
672185129,751.33,59,14:07:17,False,,True,False,751.46,28,1,169,672185170,train,True
672185130,751.31,59,14:07:18,False,,True,False,751.46,29,1,169,672185170,train,True
672185131,751.35,59,14:07:19,False,,True,False,751.46,30,1,169,672185170,train,True
672185132,751.31,59,14:07:20,False,,True,False,751.46,31,1,169,672185170,train,True
672185133,751.29,59,14:07:21,False,,True,False,751.45,32,1,169,672185170,train,True
672185134,751.35,59,14:07:22,False,,True,False,751.45,33,1,169,672185170,train,True
672185135,751.35,59,14:07:23,False,,True,False,751.45,34,1,169,672185170,train,True
672185136,751.39,59,14:07:24,False,,True,False,751.45,35,1,169,672185170,train,True
672185137,751.35,59,14:07:25,False,,True,False,751.45,36,1,169,672185170,train,True
672185138,751.35,59,14:07:26,False,,True,False,751.45,37,1,169,672185170,train,True
672185139,751.37,59,14:07:27,False,,True,False,751.45,38,1,169,672185170,train,True
672185140,751.39,59,14:07:28,False,,True,False,751.45,39,1,169,672185170,train,True
672185141,751.33,59,14:07:29,False,,True,False,751.45,40,1,169,672185170,train,True
672185142,751.37,59,14:07:30,False,,True,False,751.45,41,1,169,672185170,train,True
672185143,751.42,59,14:07:31,False,,True,False,751.45,42,1,169,672185170,train,True
672185144,751.28,59,14:07:32,False,,True,False,751.45,42,1,169,672185170,train,True
672185145,751.34,59,14:07:33,False,,True,False,751.45,42,1,169,672185170,train,True
672185146,751.33,59,14:07:34,False,,True,False,751.45,43,1,169,672185170,train,True
672185147,751.28,59,14:07:35,False,,True,False,751.45,44,1,169,672185170,train,True
672185148,751.28,59,14:07:36,False,,True,False,751.45,45,1,169,672185170,train,True
672185149,751.26,59,14:07:37,False,,True,False,751.45,46,1,169,672185170,train,True
672185150,751.27,59,14:07:37,False,,True,False,751.45,47,1,169,672185170,train,True
672185151,751.23,59,14:07:38,False,,True,False,751.44,48,1,169,672185170,train,True
672185152,751.23,59,14:07:39,False,,True,False,751.44,49,1,169,672185170,train,True
672185153,751.21,59,14:07:40,False,,True,False,751.44,50,1,169,672185170,train,True
672185154,751.2,59,14:07:41,False,,True,False,751.44,51,1,169,672185170,train,True
672185155,751.25,59,14:07:42,False,,True,False,751.44,52,1,169,672185170,train,True
672185156,751.2,59,14:07:43,False,,True,False,751.44,53,1,169,672185170,train,True
672185157,751.18,59,14:07:44,False,,True,False,751.44,54,1,169,672185170,train,True
672185158,751.22,59,14:07:45,False,,True,True,751.44,55,1,169,672185170,train,True
672185159,751.2,59,14:07:46,False,,True,True,751.44,56,1,169,672185170,train,True
672185160,751.2,59,14:07:47,False,,True,True,751.44,57,1,169,672185170,train,True
672185161,751.27,59,14:07:48,False,,True,True,751.44,58,1,169,672185170,train,True
672185162,751.22,59,14:07:49,False,,True,True,751.44,59,1,169,672185170,train,True
672185163,751.22,59,14:07:50,False,,True,True,751.44,59,1,169,672185170,train,True
672185164,751.13,59,14:07:51,False,,True,True,751.43,60,1,169,672185170,train,True
672185165,751.0,59,14:07:52,False,,True,True,751.43,60,1,169,672185170,train,True
672185166,750.88,59,14:07:53,False,,True,True,751.43,60,1,169,672185170,train,True
672190558,745.48,59,15:35:22,False,,True,True,745.64,46,1,170,672190662,train,True
672190559,745.46,59,15:35:23,False,,True,True,745.63,47,1,170,672190662,train,True
672190560,745.44,59,15:35:24,False,,True,True,745.63,48,1,170,672190662,train,True
672190561,745.5,59,15:35:25,False,,True,True,745.63,49,1,170,672190662,train,True
672190562,745.42,59,15:35:26,False,,True,True,745.63,50,1,170,672190662,train,True
672190563,745.48,59,15:35:27,False,,True,True,745.63,51,1,170,672190662,train,True
672190564,745.5,59,15:35:28,False,,True,True,745.63,52,1,170,672190662,train,True
672190565,745.46,59,15:35:29,False,,True,True,745.63,53,1,170,672190662,train,True
672190566,745.41,59,15:35:30,False,,True,True,745.63,54,1,170,672190662,train,True
672190567,745.46,59,15:35:31,False,,True,True,745.63,55,1,170,672190662,train,True
672190568,745.48,59,15:35:32,False,,True,True,745.63,56,1,170,672190662,train,True
672190569,745.46,59,15:35:33,False,,True,True,745.63,57,1,170,672190662,train,True
672190570,745.48,59,15:35:34,False,,True,True,745.63,58,1,170,672190662,train,True
672190571,745.39,59,15:35:35,False,,True,True,745.63,59,1,170,672190662,train,True
672190572,745.37,59,15:35:36,False,,True,True,745.63,60,1,170,672190662,train,True
672190573,745.39,59,15:35:37,False,,True,True,745.62,60,1,170,672190662,train,True
672190574,745.34,59,15:35:38,False,,True,True,745.62,60,1,170,672190662,train,True
672190575,745.37,59,15:35:39,False,,True,True,745.62,60,1,170,672190662,train,True
672190576,745.34,59,15:35:40,False,,True,True,745.62,60,1,170,672190662,train,True
672190577,745.39,59,15:35:41,False,,True,True,745.62,60,1,170,672190662,train,True
672190578,745.43,59,15:35:42,False,,True,True,745.62,60,1,170,672190662,train,True
672190579,745.39,59,15:35:43,False,,True,True,745.62,60,1,170,672190662,train,True
672190580,745.37,59,15:35:44,False,,True,True,745.62,60,1,170,672190662,train,True
672190581,745.39,59,15:35:45,False,,True,True,745.62,60,1,170,672190662,train,True
672190582,745.39,59,15:35:46,False,,True,True,745.62,60,1,170,672190662,train,True
672190583,745.39,59,15:35:46,False,,True,True,745.62,60,1,170,672190662,train,True
672190584,745.41,59,15:35:47,False,,True,True,745.61,60,1,170,672190662,train,True
672190585,745.37,59,15:35:48,False,,True,True,745.61,60,1,170,672190662,train,True
672190586,745.37,59,15:35:49,False,,True,True,745.61,60,1,170,672190662,train,True
672190587,745.37,59,15:35:50,False,,True,True,745.61,60,1,170,672190662,train,True
672190588,745.41,59,15:35:51,False,,True,True,745.61,60,1,170,672190662,train,True
672190589,745.41,59,15:35:52,False,,True,True,745.61,60,1,170,672190662,train,True
672190590,745.39,59,15:35:53,False,,True,True,745.61,60,1,170,672190662,train,True
672190591,745.37,59,15:35:54,False,,True,True,745.61,60,1,170,672190662,train,True
672190592,745.37,59,15:35:55,False,,True,True,745.61,60,1,170,672190662,train,True
672190593,745.34,59,15:35:56,False,,True,True,745.61,60,1,170,672190662,train,True
672190594,745.39,59,15:35:57,False,,True,True,745.61,60,1,170,672190662,train,True
672190595,745.32,59,15:35:58,False,,True,True,745.61,60,1,170,672190662,train,True
672190596,745.34,59,15:35:59,False,,True,True,745.6,60,1,170,672190662,train,True
672190597,745.28,59,15:36:00,False,,True,True,745.6,60,1,170,672190662,train,True
672190598,745.25,59,15:36:01,False,,True,True,745.6,60,1,170,672190662,train,True
672190599,745.23,59,15:36:02,False,,True,True,745.6,60,1,170,672190662,train,True
672190600,745.25,59,15:36:03,False,,True,True,745.6,60,1,170,672190662,train,True
672190601,745.32,59,15:36:04,False,,True,True,745.6,60,1,170,672190662,train,True
672190602,745.27,59,15:36:05,False,,True,True,745.6,60,1,170,672190662,train,True
672190603,745.21,59,15:36:06,False,,True,True,745.6,60,1,170,672190662,train,True
672190604,745.21,59,15:36:07,False,,True,True,745.6,60,1,170,672190662,train,True
672190605,745.25,59,15:36:08,False,,True,True,745.6,60,1,170,672190662,train,True
672190606,745.23,59,15:36:09,False,,True,True,745.59,60,1,170,672190662,train,True
672190607,745.21,59,15:36:10,False,,True,True,745.59,60,1,170,672190662,train,True
672190608,745.27,59,15:36:11,False,,True,True,745.59,60,1,170,672190662,train,True
672190609,745.14,59,15:36:12,False,,True,True,745.59,60,1,170,672190662,train,True
672190610,745.18,59,15:36:13,False,,True,True,745.59,60,1,170,672190662,train,True
672190611,745.19,59,15:36:14,False,,True,True,745.59,60,1,170,672190662,train,True
672190612,745.12,59,15:36:15,False,,True,True,745.59,60,1,170,672190662,train,True
672190613,745.18,59,15:36:16,False,,True,True,745.59,60,1,170,672190662,train,True
672190614,745.21,59,15:36:17,False,,True,True,745.59,60,1,170,672190662,train,True
672190615,745.18,59,15:36:18,False,,True,True,745.58,60,1,170,672190662,train,True
672190616,745.16,59,15:36:19,False,,True,True,745.58,60,1,170,672190662,train,True
672190617,745.16,59,15:36:20,False,,True,True,745.58,60,1,170,672190662,train,True
672267176,749.56,60,12:18:29,False,,True,False,749.3,25,1,171,672267244,train,True
672267177,749.48,60,12:18:30,False,,True,False,749.3,26,1,171,672267244,train,True
672267178,749.54,60,12:18:31,False,,True,False,749.3,27,1,171,672267244,train,True
672267179,749.56,60,12:18:32,False,,True,False,749.3,28,1,171,672267244,train,True
672267180,749.56,60,12:18:33,False,,True,False,749.3,29,1,171,672267244,train,True
672267181,749.51,60,12:18:34,False,,True,False,749.31,30,1,171,672267244,train,True
672267182,749.56,60,12:18:35,False,,True,False,749.31,31,1,171,672267244,train,True
672267183,749.47,60,12:18:36,False,,True,False,749.31,32,1,171,672267244,train,True
672267184,749.49,60,12:18:37,False,,True,False,749.31,33,1,171,672267244,train,True
672267185,749.51,60,12:18:38,False,,True,False,749.31,34,1,171,672267244,train,True
672267186,749.49,60,12:18:39,False,,True,False,749.31,35,1,171,672267244,train,True
672267187,749.51,60,12:18:40,False,,True,False,749.31,36,1,171,672267244,train,True
672267188,749.51,60,12:18:41,False,,True,False,749.31,37,1,171,672267244,train,True
672267189,749.53,60,12:18:42,False,,True,False,749.31,38,1,171,672267244,train,True
672267190,749.51,60,12:18:43,False,,True,False,749.31,39,1,171,672267244,train,True
672267191,749.51,60,12:18:44,False,,True,False,749.31,40,1,171,672267244,train,True
672267192,749.49,60,12:18:45,False,,True,False,749.31,41,1,171,672267244,train,True
672267193,749.55,60,12:18:46,False,,True,False,749.31,42,1,171,672267244,train,True
672267194,749.5,60,12:18:47,False,,True,False,749.31,43,1,171,672267244,train,True
672267195,749.51,60,12:18:48,False,,True,False,749.32,44,1,171,672267244,train,True
672267196,749.46,60,12:18:49,False,,True,False,749.32,45,1,171,672267244,train,True
672267197,749.53,60,12:18:50,False,,True,False,749.32,46,1,171,672267244,train,True
672267198,749.44,60,12:18:51,False,,True,False,749.32,47,1,171,672267244,train,True
672267199,749.51,60,12:18:52,False,,True,False,749.32,48,1,171,672267244,train,True
672267200,749.52,60,12:18:53,False,,True,False,749.32,49,1,171,672267244,train,True
672267201,749.5,60,12:18:54,False,,True,False,749.32,50,1,171,672267244,train,True
672267202,749.51,60,12:18:55,False,,True,False,749.32,51,1,171,672267244,train,True
672267203,749.57,60,12:18:56,False,,True,False,749.32,52,1,171,672267244,train,True
672267204,749.5,60,12:18:57,False,,True,False,749.32,53,1,171,672267244,train,True
672267205,749.5,60,12:18:58,False,,True,False,749.32,54,1,171,672267244,train,True
672267206,749.54,60,12:18:59,False,,True,False,749.32,55,1,171,672267244,train,True
672267207,749.43,60,12:19:00,False,,True,False,749.32,56,1,171,672267244,train,True
672267208,749.36,60,12:19:01,False,,True,False,749.33,57,1,171,672267244,train,True
672267209,749.37,60,12:19:02,False,,True,False,749.33,58,1,171,672267244,train,True
672267210,749.36,60,12:19:02,False,,True,True,749.33,58,1,171,672267244,train,True
672267211,749.35,60,12:19:03,False,,True,True,749.33,59,1,171,672267244,train,True
672267212,749.27,60,12:19:04,False,,True,True,749.33,60,1,171,672267244,train,True
672267213,749.38,60,12:19:05,False,,True,True,749.33,60,1,171,672267244,train,True
672267214,749.27,60,12:19:06,False,,True,True,749.33,60,1,171,672267244,train,True
672267215,749.27,60,12:19:07,False,,True,True,749.33,60,1,171,672267244,train,True
672267216,749.29,60,12:19:08,False,,True,True,749.33,60,1,171,672267244,train,True
672267217,749.25,60,12:19:09,False,,True,True,749.33,60,1,171,672267244,train,True
672267218,749.27,60,12:19:10,False,,True,True,749.33,60,1,171,672267244,train,True
672267219,749.29,60,12:19:11,False,,True,True,749.33,60,1,171,672267244,train,True
672267220,749.34,60,12:19:12,False,,True,True,749.33,60,1,171,672267244,train,True
672267221,749.38,60,12:19:13,False,,True,True,749.33,60,1,171,672267244,train,True
672267222,749.34,60,12:19:14,False,,True,True,749.33,60,1,171,672267244,train,True
672267223,749.34,60,12:19:15,False,,True,True,749.33,60,1,171,672267244,train,True
672267224,749.4,60,12:19:16,False,,True,True,749.33,60,1,171,672267244,train,True
672267225,749.38,60,12:19:17,False,,True,True,749.33,60,1,171,672267244,train,True
672267226,749.4,60,12:19:18,False,,True,True,749.33,60,1,171,672267244,train,True
672267227,749.4,60,12:19:19,False,,True,True,749.33,60,1,171,672267244,train,True
672267228,749.33,60,12:19:20,False,,True,True,749.33,60,1,171,672267244,train,True
672267229,749.35,60,12:19:21,False,,True,True,749.33,60,1,171,672267244,train,True
672267230,749.38,60,12:19:22,False,,True,True,749.33,60,1,171,672267244,train,True
672267231,749.33,60,12:19:23,False,,True,True,749.33,60,1,171,672267244,train,True
672267232,749.4,60,12:19:24,False,,True,True,749.34,60,1,171,672267244,train,True
672267233,749.38,60,12:19:25,False,,True,True,749.34,60,1,171,672267244,train,True
672267234,749.33,60,12:19:26,False,,True,True,749.34,60,1,171,672267244,train,True
672267235,749.39,60,12:19:27,False,,True,True,749.34,60,1,171,672267244,train,True
672269203,750.71,60,12:51:23,False,,True,True,750.65,38,1,172,672269283,train,True
672269204,750.71,60,12:51:24,False,,True,True,750.65,39,1,172,672269283,train,True
672269205,750.77,60,12:51:25,False,,True,True,750.65,40,1,172,672269283,train,True
672269206,750.76,60,12:51:26,False,,True,True,750.65,41,1,172,672269283,train,True
672269207,750.75,60,12:51:27,False,,True,True,750.65,42,1,172,672269283,train,True
672269208,750.75,60,12:51:28,False,,True,True,750.65,43,1,172,672269283,train,True
672269209,750.77,60,12:51:29,False,,True,True,750.65,44,1,172,672269283,train,True
672269210,750.77,60,12:51:29,False,,True,True,750.65,45,1,172,672269283,train,True
672269211,750.77,60,12:51:30,False,,True,True,750.65,46,1,172,672269283,train,True
672269212,750.77,60,12:51:31,False,,True,True,750.65,47,1,172,672269283,train,True
672269213,750.73,60,12:51:32,False,,True,True,750.65,48,1,172,672269283,train,True
672269214,750.75,60,12:51:33,False,,True,True,750.65,49,1,172,672269283,train,True
672269215,750.77,60,12:51:34,False,,True,True,750.65,50,1,172,672269283,train,True
672269216,750.74,60,12:51:35,False,,True,True,750.65,51,1,172,672269283,train,True
672269217,750.7,60,12:51:36,False,,True,True,750.65,52,1,172,672269283,train,True
672269218,750.72,60,12:51:37,False,,True,True,750.65,53,1,172,672269283,train,True
672269219,750.67,60,12:51:38,False,,True,True,750.65,54,1,172,672269283,train,True
672269220,750.63,60,12:51:39,False,,True,True,750.65,55,1,172,672269283,train,True
672269221,750.54,60,12:51:40,False,,True,True,750.65,56,1,172,672269283,train,True
672269222,750.51,60,12:51:41,False,,True,True,750.65,57,1,172,672269283,train,True
672269223,750.43,60,12:51:42,False,,True,True,750.65,58,1,172,672269283,train,True
672269224,750.46,60,12:51:43,False,,True,True,750.65,58,1,172,672269283,train,True
672269225,750.51,60,12:51:44,False,,True,True,750.65,58,1,172,672269283,train,True
672269226,750.56,60,12:51:45,False,,True,True,750.65,58,1,172,672269283,train,True
672269227,750.64,60,12:51:46,False,,True,True,750.65,59,1,172,672269283,train,True
672269228,750.6,60,12:51:47,False,,True,True,750.64,60,1,172,672269283,train,True
672269229,750.62,60,12:51:48,False,,True,True,750.64,60,1,172,672269283,train,True
672269230,750.65,60,12:51:49,False,,True,True,750.64,60,1,172,672269283,train,True
672269231,750.73,60,12:51:50,False,,True,True,750.64,60,1,172,672269283,train,True
672269232,750.71,60,12:51:51,False,,True,True,750.64,60,1,172,672269283,train,True
672269233,750.75,60,12:51:52,False,,True,True,750.64,60,1,172,672269283,train,True
672269234,750.61,60,12:51:53,False,,True,True,750.64,60,1,172,672269283,train,True
672269235,750.55,60,12:51:54,False,,True,True,750.64,60,1,172,672269283,train,True
672269236,750.64,60,12:51:55,False,,True,True,750.64,60,1,172,672269283,train,True
672269237,750.73,60,12:51:56,False,,True,True,750.64,60,1,172,672269283,train,True
672269238,750.73,60,12:51:57,False,,True,True,750.64,60,1,172,672269283,train,True
672269239,750.64,60,12:51:58,False,,True,True,750.64,60,1,172,672269283,train,True
672269240,750.7,60,12:51:59,False,,True,True,750.64,60,1,172,672269283,train,True
672269241,750.61,60,12:52:00,False,,True,True,750.64,60,1,172,672269283,train,True
672269242,750.67,60,12:52:01,False,,True,True,750.64,60,1,172,672269283,train,True
672269243,750.57,60,12:52:02,False,,True,True,750.64,60,1,172,672269283,train,True
672269244,750.58,60,12:52:03,False,,True,True,750.64,60,1,172,672269283,train,True
672269245,750.6,60,12:52:04,False,,True,True,750.64,60,1,172,672269283,train,True
672269246,750.61,60,12:52:05,False,,True,True,750.64,60,1,172,672269283,train,True
672269247,750.56,60,12:52:05,False,,True,True,750.64,60,1,172,672269283,train,True
672269248,750.6,60,12:52:06,False,,True,True,750.64,60,1,172,672269283,train,True
672269249,750.54,60,12:52:07,False,,True,True,750.64,60,1,172,672269283,train,True
672269250,750.56,60,12:52:08,False,,True,True,750.64,60,1,172,672269283,train,True
672269251,750.54,60,12:52:09,False,,True,True,750.64,60,1,172,672269283,train,True
672269252,750.54,60,12:52:10,False,,True,True,750.64,60,1,172,672269283,train,True
672269253,750.54,60,12:52:11,False,,True,True,750.64,60,1,172,672269283,train,True
672269254,750.55,60,12:52:12,False,,True,True,750.64,60,1,172,672269283,train,True
672269255,750.53,60,12:52:13,False,,True,True,750.64,60,1,172,672269283,train,True
672269256,750.49,60,12:52:14,False,,True,True,750.63,60,1,172,672269283,train,True
672269257,750.53,60,12:52:15,False,,True,True,750.63,60,1,172,672269283,train,True
672269258,750.62,60,12:52:16,False,,True,True,750.63,60,1,172,672269283,train,True
672269259,750.57,60,12:52:17,False,,True,True,750.63,60,1,172,672269283,train,True
672269260,750.53,60,12:52:18,False,,True,True,750.63,60,1,172,672269283,train,True
672269261,750.52,60,12:52:19,False,,True,True,750.63,60,1,172,672269283,train,True
672269262,750.53,60,12:52:20,False,,True,True,750.63,60,1,172,672269283,train,True
672269731,750.83,60,12:59:57,False,,True,False,750.75,32,1,173,672269792,train,True
672269732,750.78,60,12:59:58,False,,True,False,750.75,33,1,173,672269792,train,True
672269733,750.83,60,12:59:59,False,,True,False,750.75,34,1,173,672269792,train,True
672269734,750.83,60,13:00:00,False,,True,False,750.75,35,1,173,672269792,train,True
672269735,750.85,60,13:00:01,False,,True,False,750.75,36,1,173,672269792,train,True
672269736,750.76,60,13:00:02,False,,True,False,750.75,37,1,173,672269792,train,True
672269737,750.76,60,13:00:03,False,,True,False,750.75,38,1,173,672269792,train,True
672269738,750.8,60,13:00:03,False,,True,False,750.75,39,1,173,672269792,train,True
672269739,750.76,60,13:00:04,False,,True,False,750.75,40,1,173,672269792,train,True
672269740,750.76,60,13:00:05,False,,True,False,750.75,41,1,173,672269792,train,True
672269741,750.75,60,13:00:06,False,,True,False,750.75,42,1,173,672269792,train,True
672269742,750.76,60,13:00:07,False,,True,False,750.75,43,1,173,672269792,train,True
672269743,750.73,60,13:00:08,False,,True,False,750.75,44,1,173,672269792,train,True
672269744,750.73,60,13:00:09,False,,True,False,750.75,45,1,173,672269792,train,True
672269745,750.64,60,13:00:10,False,,True,False,750.75,46,1,173,672269792,train,True
672269746,750.68,60,13:00:11,False,,True,False,750.75,47,1,173,672269792,train,True
672269747,750.68,60,13:00:12,False,,True,False,750.75,47,1,173,672269792,train,True
672269748,750.7,60,13:00:13,False,,True,False,750.75,48,1,173,672269792,train,True
672269749,750.7,60,13:00:14,False,,True,False,750.75,48,1,173,672269792,train,True
672269750,750.75,60,13:00:15,False,,True,False,750.75,49,1,173,672269792,train,True
672269751,750.68,60,13:00:16,False,,True,False,750.75,50,1,173,672269792,train,True
672269752,750.75,60,13:00:17,False,,True,False,750.75,51,1,173,672269792,train,True
672269753,750.75,60,13:00:18,False,,True,False,750.75,51,1,173,672269792,train,True
672269754,750.7,60,13:00:19,False,,True,False,750.75,52,1,173,672269792,train,True
672269755,750.72,60,13:00:20,False,,True,False,750.75,52,1,173,672269792,train,True
672269756,750.76,60,13:00:21,False,,True,False,750.75,52,1,173,672269792,train,True
672269757,750.79,60,13:00:22,False,,True,False,750.75,52,1,173,672269792,train,True
672269758,750.79,60,13:00:23,False,,True,False,750.76,53,1,173,672269792,train,True
672269759,750.81,60,13:00:24,False,,True,False,750.76,54,1,173,672269792,train,True
672269760,750.81,60,13:00:25,False,,True,False,750.76,55,1,173,672269792,train,True
672269761,750.83,60,13:00:26,False,,True,False,750.76,56,1,173,672269792,train,True
672269762,750.9,60,13:00:27,False,,True,False,750.76,57,1,173,672269792,train,True
672269763,750.85,60,13:00:28,False,,True,False,750.76,58,1,173,672269792,train,True
672269764,750.83,60,13:00:29,False,,True,False,750.76,58,1,173,672269792,train,True
672269765,750.85,60,13:00:30,False,,True,False,750.76,59,1,173,672269792,train,True
672269766,750.85,60,13:00:31,False,,True,False,750.76,60,1,173,672269792,train,True
672269767,750.87,60,13:00:32,False,,True,False,750.76,60,1,173,672269792,train,True
672269768,750.85,60,13:00:33,False,,True,False,750.76,60,1,173,672269792,train,True
672269769,750.89,60,13:00:34,False,,True,False,750.76,60,1,173,672269792,train,True
672269770,750.89,60,13:00:35,False,,True,False,750.76,60,1,173,672269792,train,True
672269771,750.89,60,13:00:36,False,,True,False,750.76,60,1,173,672269792,train,True
672269772,750.89,60,13:00:37,False,,True,False,750.76,60,1,173,672269792,train,True
672269773,750.89,60,13:00:38,False,,True,False,750.76,60,1,173,672269792,train,True
672269774,750.89,60,13:00:39,False,,True,False,750.77,60,1,173,672269792,train,True
672269775,750.87,60,13:00:40,False,,True,False,750.77,60,1,173,672269792,train,True
672269776,750.82,60,13:00:40,False,,True,False,750.77,60,1,173,672269792,train,True
672269777,750.82,60,13:00:41,False,,True,False,750.77,60,1,173,672269792,train,True
672269778,750.86,60,13:00:42,False,,True,False,750.77,60,1,173,672269792,train,True
672269779,750.86,60,13:00:43,False,,True,False,750.77,60,1,173,672269792,train,True
672269780,750.8,60,13:00:44,False,,True,False,750.77,60,1,173,672269792,train,True
672269781,750.82,60,13:00:45,False,,True,False,750.77,60,1,173,672269792,train,True
672269782,750.82,60,13:00:46,False,,True,False,750.77,60,1,173,672269792,train,True
672269783,750.84,60,13:00:47,False,,True,False,750.77,60,1,173,672269792,train,True
672269784,750.79,60,13:00:48,False,,True,False,750.77,60,1,173,672269792,train,True
672269785,750.81,60,13:00:49,False,,True,False,750.77,60,1,173,672269792,train,True
672269786,750.81,60,13:00:50,False,,True,False,750.77,60,1,173,672269792,train,True
672269787,750.77,60,13:00:51,False,,True,False,750.78,60,1,173,672269792,train,True
672269788,750.74,60,13:00:52,False,,True,True,750.78,60,1,173,672269792,train,True
672269789,750.65,60,13:00:53,False,,True,True,750.78,60,1,173,672269792,train,True
672269790,750.43,60,13:00:54,False,,True,True,750.78,60,1,173,672269792,train,True
672350585,746.43,61,10:51:48,False,,True,False,746.61,44,1,174,672350659,train,True
672350586,746.36,61,10:51:49,False,,True,False,746.61,43,1,174,672350659,train,True
672350587,746.4,61,10:51:50,False,,True,False,746.61,42,1,174,672350659,train,True
672350588,746.4,61,10:51:51,False,,True,False,746.61,41,1,174,672350659,train,True
672350589,746.4,61,10:51:51,False,,True,False,746.61,40,1,174,672350659,train,True
672350590,746.42,61,10:51:52,False,,True,False,746.61,39,1,174,672350659,train,True
672350591,746.37,61,10:51:53,False,,True,False,746.61,38,1,174,672350659,train,True
672350592,746.34,61,10:51:54,False,,True,False,746.6,37,1,174,672350659,train,True
672350593,746.36,61,10:51:55,False,,True,False,746.6,37,1,174,672350659,train,True
672350594,746.29,61,10:51:56,False,,True,False,746.6,38,1,174,672350659,train,True
672350595,746.27,61,10:51:57,False,,True,False,746.6,38,1,174,672350659,train,True
672350596,746.29,61,10:51:58,False,,True,False,746.6,38,1,174,672350659,train,True
672350597,746.27,61,10:51:59,False,,True,False,746.6,38,1,174,672350659,train,True
672350598,746.28,61,10:52:00,False,,True,False,746.6,38,1,174,672350659,train,True
672350599,746.28,61,10:52:01,False,,True,False,746.6,38,1,174,672350659,train,True
672350600,746.3,61,10:52:02,False,,True,False,746.6,38,1,174,672350659,train,True
672350601,746.32,61,10:52:03,False,,True,False,746.6,38,1,174,672350659,train,True
672350602,746.34,61,10:52:04,False,,True,False,746.6,38,1,174,672350659,train,True
672350603,746.3,61,10:52:05,False,,True,True,746.6,38,1,174,672350659,train,True
672350604,746.29,61,10:52:06,False,,True,True,746.6,38,1,174,672350659,train,True
672350605,746.29,61,10:52:07,False,,True,True,746.6,38,1,174,672350659,train,True
672350606,746.29,61,10:52:08,False,,True,True,746.59,38,1,174,672350659,train,True
672350607,746.29,61,10:52:09,False,,True,True,746.59,38,1,174,672350659,train,True
672350608,746.39,61,10:52:10,False,,True,True,746.59,38,1,174,672350659,train,True
672350609,746.35,61,10:52:11,False,,True,True,746.59,38,1,174,672350659,train,True
672350610,746.34,61,10:52:12,False,,True,True,746.59,38,1,174,672350659,train,True
672350611,746.32,61,10:52:13,False,,True,True,746.59,38,1,174,672350659,train,True
672350612,746.32,61,10:52:14,False,,True,True,746.59,38,1,174,672350659,train,True
672350613,746.27,61,10:52:15,False,,True,True,746.59,38,1,174,672350659,train,True
672350614,746.31,61,10:52:16,False,,True,True,746.59,38,1,174,672350659,train,True
672350615,746.31,61,10:52:17,False,,True,True,746.59,38,1,174,672350659,train,True
672350616,746.33,61,10:52:18,False,,True,True,746.59,38,1,174,672350659,train,True
672350617,746.31,61,10:52:19,False,,True,True,746.59,38,1,174,672350659,train,True
672350618,746.24,61,10:52:20,False,,True,True,746.59,38,1,174,672350659,train,True
672350619,746.36,61,10:52:21,False,,True,True,746.59,38,1,174,672350659,train,True
672350620,746.25,61,10:52:22,False,,True,True,746.59,38,1,174,672350659,train,True
672350621,746.29,61,10:52:23,False,,True,True,746.59,38,1,174,672350659,train,True
672350622,746.29,61,10:52:24,False,,True,True,746.59,38,1,174,672350659,train,True
672350623,746.31,61,10:52:25,False,,True,True,746.58,38,1,174,672350659,train,True
672350624,746.26,61,10:52:26,False,,True,True,746.58,38,1,174,672350659,train,True
672350625,746.35,61,10:52:27,False,,True,True,746.58,38,1,174,672350659,train,True
672350626,746.28,61,10:52:28,False,,True,True,746.58,38,1,174,672350659,train,True
672350627,746.32,61,10:52:28,False,,True,True,746.58,38,1,174,672350659,train,True
672350628,746.32,61,10:52:29,False,,True,True,746.58,38,1,174,672350659,train,True
672350629,746.32,61,10:52:30,False,,True,True,746.58,39,1,174,672350659,train,True
672350630,746.32,61,10:52:31,False,,True,True,746.58,40,1,174,672350659,train,True
672350631,746.27,61,10:52:32,False,,True,True,746.58,41,1,174,672350659,train,True
672350632,746.31,61,10:52:33,False,,True,True,746.58,42,1,174,672350659,train,True
672350633,746.29,61,10:52:34,False,,True,True,746.58,43,1,174,672350659,train,True
672350634,746.24,61,10:52:35,False,,True,True,746.58,44,1,174,672350659,train,True
672350635,746.26,61,10:52:36,False,,True,True,746.58,45,1,174,672350659,train,True
672350636,746.28,61,10:52:37,False,,True,True,746.58,46,1,174,672350659,train,True
672350637,746.19,61,10:52:38,False,,True,True,746.58,47,1,174,672350659,train,True
672350638,746.23,61,10:52:39,False,,True,True,746.58,48,1,174,672350659,train,True
672350639,746.16,61,10:52:40,False,,True,True,746.57,49,1,174,672350659,train,True
672350640,746.2,61,10:52:41,False,,True,True,746.57,50,1,174,672350659,train,True
672350641,746.2,61,10:52:42,False,,True,True,746.57,50,1,174,672350659,train,True
672350642,746.22,61,10:52:43,False,,True,True,746.57,50,1,174,672350659,train,True
672350643,746.22,61,10:52:44,False,,True,True,746.57,50,1,174,672350659,train,True
672350644,746.21,61,10:52:45,False,,True,True,746.57,51,1,174,672350659,train,True
672351898,746.47,61,11:13:06,False,,False,True,746.41,1,0,175,672352068,train,True
672351899,746.51,61,11:13:07,False,,False,True,746.41,1,0,175,672352068,train,True
672351900,746.46,61,11:13:08,False,,False,True,746.41,1,0,175,672352068,train,True
672351901,746.49,61,11:13:09,False,,False,True,746.42,1,0,175,672352068,train,True
672351902,746.42,61,11:13:10,False,,False,True,746.41,1,0,175,672352068,train,True
672351903,746.48,61,11:13:11,False,,False,True,746.42,1,0,175,672352068,train,True
672351904,746.39,61,11:13:12,False,,False,True,746.42,1,0,175,672352068,train,True
672351905,746.41,61,11:13:13,False,,False,True,746.42,1,0,175,672352068,train,True
672351906,746.37,61,11:13:14,False,,False,True,746.41,1,0,175,672352068,train,True
672351907,746.41,61,11:13:15,False,,False,True,746.41,1,0,175,672352068,train,True
672351908,746.41,61,11:13:16,False,,False,True,746.41,1,0,175,672352068,train,True
672351909,746.43,61,11:13:17,False,,False,True,746.41,1,0,175,672352068,train,True
672351910,746.45,61,11:13:17,False,,False,True,746.42,1,0,175,672352068,train,True
672351911,746.43,61,11:13:18,False,,False,True,746.42,1,0,175,672352068,train,True
672351912,746.45,61,11:13:19,False,,False,True,746.42,1,0,175,672352068,train,True
672351913,746.47,61,11:13:20,False,,False,True,746.42,1,0,175,672352068,train,True
672351914,746.45,61,11:13:21,False,,False,True,746.42,1,0,175,672352068,train,True
672351915,746.38,61,11:13:22,False,,False,True,746.42,1,0,175,672352068,train,True
672351916,746.42,61,11:13:23,False,,False,True,746.42,1,0,175,672352068,train,True
672351917,746.38,61,11:13:24,False,,False,True,746.42,1,0,175,672352068,train,True
672351918,746.42,61,11:13:25,False,,False,True,746.42,1,0,175,672352068,train,True
672351919,746.46,61,11:13:26,False,,False,True,746.42,1,0,175,672352068,train,True
672351920,746.46,61,11:13:27,False,,False,True,746.42,1,0,175,672352068,train,True
672351921,746.46,61,11:13:28,False,,False,True,746.42,1,0,175,672352068,train,True
672351922,746.41,61,11:13:29,False,,False,True,746.42,1,0,175,672352068,train,True
672351923,746.44,61,11:13:30,False,,False,True,746.42,1,0,175,672352068,train,True
672351924,746.48,61,11:13:31,False,,False,True,746.42,1,0,175,672352068,train,True
672351925,746.46,61,11:13:32,False,,False,True,746.42,1,0,175,672352068,train,True
672351926,746.46,61,11:13:33,False,,False,True,746.42,1,0,175,672352068,train,True
672351927,746.39,61,11:13:34,False,,False,True,746.42,1,0,175,672352068,train,True
672351928,746.41,61,11:13:35,False,,False,True,746.42,1,0,175,672352068,train,True
672351929,746.52,61,11:13:36,False,,False,True,746.42,1,0,175,672352068,train,True
672351930,746.38,61,11:13:37,False,,False,True,746.42,1,0,175,672352068,train,True
672351966,746.36,61,11:14:12,False,,True,True,746.42,1,1,175,672352068,train,True
672351967,746.43,61,11:14:13,False,,True,True,746.42,1,1,175,672352068,train,True
672351968,746.44,61,11:14:14,False,,True,True,746.42,1,1,175,672352068,train,True
672351969,746.42,61,11:14:15,False,,True,True,746.42,1,1,175,672352068,train,True
672351970,746.42,61,11:14:16,False,,True,True,746.42,1,1,175,672352068,train,True
672351971,746.4,61,11:14:17,False,,True,True,746.42,2,1,175,672352068,train,True
672351972,746.44,61,11:14:18,False,,True,True,746.42,3,1,175,672352068,train,True
672351973,746.46,61,11:14:19,False,,True,True,746.42,3,1,175,672352068,train,True
672351974,746.44,61,11:14:20,False,,True,True,746.42,3,1,175,672352068,train,True
672351975,746.35,61,11:14:21,False,,True,True,746.42,3,1,175,672352068,train,True
672351976,746.35,61,11:14:22,False,,True,True,746.42,3,1,175,672352068,train,True
672351977,746.37,61,11:14:23,False,,True,True,746.42,4,1,175,672352068,train,True
672351978,746.39,61,11:14:24,False,,True,True,746.42,5,1,175,672352068,train,True
672351979,746.41,61,11:14:25,False,,True,True,746.42,6,1,175,672352068,train,True
672351980,746.39,61,11:14:26,False,,True,True,746.42,7,1,175,672352068,train,True
672351981,746.34,61,11:14:27,False,,True,True,746.42,8,1,175,672352068,train,True
672351982,746.41,61,11:14:28,False,,True,True,746.42,9,1,175,672352068,train,True
672351983,746.34,61,11:14:29,False,,True,True,746.42,10,1,175,672352068,train,True
672351984,746.38,61,11:14:30,False,,True,True,746.42,11,1,175,672352068,train,True
672351985,746.34,61,11:14:30,False,,True,True,746.41,12,1,175,672352068,train,True
672351986,746.38,61,11:14:31,False,,True,True,746.41,13,1,175,672352068,train,True
672351987,746.36,61,11:14:32,False,,True,True,746.41,14,1,175,672352068,train,True
672351988,746.38,61,11:14:33,False,,True,True,746.41,15,1,175,672352068,train,True
672351989,746.42,61,11:14:34,False,,True,True,746.41,16,1,175,672352068,train,True
672351990,746.37,61,11:14:35,False,,True,True,746.41,17,1,175,672352068,train,True
672351991,746.42,61,11:14:36,False,,True,True,746.41,18,1,175,672352068,train,True
672351992,746.37,61,11:14:37,False,,True,True,746.41,19,1,175,672352068,train,True
